Sample_Index,Time_Relative_Trigger_s,Voltage_V
0,0.00000000e+00,59.375000
1,1.00000000e+00,59.375000
2,2.00000000e+00,57.541667
3,3.00000000e+00,57.541667
4,4.00000000e+00,55.750000
5,5.00000000e+00,55.750000
6,6.00000000e+00,53.875000
7,7.00000000e+00,53.875000
8,8.00000000e+00,52.125000
9,9.00000000e+00,52.125000
10,1.00000000e+01,50.291667
11,1.10000000e+01,50.291667
12,1.20000000e+01,48.375000
13,1.30000000e+01,48.375000
14,1.40000000e+01,46.625000
15,1.50000000e+01,46.625000
16,1.60000000e+01,44.791667
17,1.70000000e+01,44.791667
18,1.80000000e+01,42.750000
19,1.90000000e+01,42.750000
20,2.00000000e+01,40.875000
21,2.10000000e+01,40.875000
22,2.20000000e+01,38.958333
23,2.30000000e+01,38.958333
24,2.40000000e+01,36.958333
25,2.50000000e+01,36.958333
26,2.60000000e+01,35.041667
27,2.70000000e+01,35.041667
28,2.80000000e+01,33.083333
29,2.90000000e+01,33.083333
30,3.00000000e+01,31.083333
31,3.10000000e+01,31.083333
32,3.20000000e+01,28.916667
33,3.30000000e+01,28.916667
34,3.40000000e+01,27.041667
35,3.50000000e+01,27.041667
36,3.60000000e+01,24.875000
37,3.70000000e+01,24.875000
38,3.80000000e+01,22.875000
39,3.90000000e+01,22.875000
40,4.00000000e+01,20.791667
41,4.10000000e+01,20.791667
42,4.20000000e+01,18.750000
43,4.30000000e+01,18.750000
44,4.40000000e+01,16.541667
45,4.50000000e+01,16.541667
46,4.60000000e+01,14.541667
47,4.70000000e+01,14.541667
48,4.80000000e+01,12.416667
49,4.90000000e+01,12.416667
50,5.00000000e+01,10.291667
51,5.10000000e+01,10.291667
52,5.20000000e+01,8.208333
53,5.30000000e+01,8.208333
54,5.40000000e+01,5.958333
55,5.50000000e+01,5.958333
56,5.60000000e+01,3.833333
57,5.70000000e+01,3.833333
58,5.80000000e+01,1.583333
59,5.90000000e+01,1.583333
60,6.00000000e+01,-0.541667
61,6.10000000e+01,-0.541667
62,6.20000000e+01,-2.708333
63,6.30000000e+01,-2.708333
64,6.40000000e+01,-4.750000
65,6.50000000e+01,-4.750000
66,6.60000000e+01,-7.000000
67,6.70000000e+01,-7.000000
68,6.80000000e+01,-9.125000
69,6.90000000e+01,-9.125000
70,7.00000000e+01,-11.291667
71,7.10000000e+01,-11.291667
72,7.20000000e+01,-13.416667
73,7.30000000e+01,-13.416667
74,7.40000000e+01,-15.458333
75,7.50000000e+01,-15.458333
76,7.60000000e+01,-17.500000
77,7.70000000e+01,-17.500000
78,7.80000000e+01,-19.750000
79,7.90000000e+01,-19.750000
80,8.00000000e+01,-21.833333
81,8.10000000e+01,-21.833333
82,8.20000000e+01,-23.916667
83,8.30000000e+01,-23.916667
84,8.40000000e+01,-26.083333
85,8.50000000e+01,-26.083333
86,8.60000000e+01,-28.125000
87,8.70000000e+01,-28.125000
88,8.80000000e+01,-30.250000
89,8.90000000e+01,-30.250000
90,9.00000000e+01,-32.083333
91,9.10000000e+01,-32.083333
92,9.20000000e+01,-34.125000
93,9.30000000e+01,-34.125000
94,9.40000000e+01,-36.250000
95,9.50000000e+01,-36.250000
96,9.60000000e+01,-38.166667
97,9.70000000e+01,-38.166667
98,9.80000000e+01,-40.208333
99,9.90000000e+01,-40.208333
100,1.00000000e+02,-42.125000
101,1.01000000e+02,-42.125000
102,1.02000000e+02,-44.125000
103,1.03000000e+02,-44.125000
104,1.04000000e+02,-46.000000
105,1.05000000e+02,-46.000000
106,1.06000000e+02,-47.708333
107,1.07000000e+02,-47.708333
108,1.08000000e+02,-49.708333
109,1.09000000e+02,-49.708333
110,1.10000000e+02,-51.583333
111,1.11000000e+02,-51.583333
112,1.12000000e+02,-53.500000
113,1.13000000e+02,-53.500000
114,1.14000000e+02,-55.291667
115,1.15000000e+02,-55.291667
116,1.16000000e+02,-57.125000
117,1.17000000e+02,-57.125000
118,1.18000000e+02,-59.041667
119,1.19000000e+02,-59.041667
120,1.20000000e+02,-60.583333
121,1.21000000e+02,-60.583333
122,1.22000000e+02,-62.458333
123,1.23000000e+02,-62.458333
124,1.24000000e+02,-64.208333
125,1.25000000e+02,-64.208333
126,1.26000000e+02,-66.083333
127,1.27000000e+02,-66.083333
128,1.28000000e+02,-67.750000
129,1.29000000e+02,-67.750000
130,1.30000000e+02,-69.500000
131,1.31000000e+02,-69.500000
132,1.32000000e+02,-71.291667
133,1.33000000e+02,-71.291667
134,1.34000000e+02,-73.083333
135,1.35000000e+02,-73.083333
136,1.36000000e+02,-74.750000
137,1.37000000e+02,-74.750000
138,1.38000000e+02,-76.458333
139,1.39000000e+02,-76.458333
140,1.40000000e+02,-78.250000
141,1.41000000e+02,-78.250000
142,1.42000000e+02,-80.083333
143,1.43000000e+02,-80.083333
144,1.44000000e+02,-81.750000
145,1.45000000e+02,-81.750000
146,1.46000000e+02,-83.500000
147,1.47000000e+02,-83.500000
148,1.48000000e+02,-85.333333
149,1.49000000e+02,-85.333333
150,1.50000000e+02,-87.125000
151,1.51000000e+02,-87.125000
152,1.52000000e+02,-88.916667
153,1.53000000e+02,-88.916667
154,1.54000000e+02,-90.583333
155,1.55000000e+02,-90.583333
156,1.56000000e+02,-92.458333
157,1.57000000e+02,-92.458333
158,1.58000000e+02,-94.166667
159,1.59000000e+02,-94.166667
160,1.60000000e+02,-95.958333
161,1.61000000e+02,-95.958333
162,1.62000000e+02,-98.000000
163,1.63000000e+02,-98.000000
164,1.64000000e+02,-99.625000
165,1.65000000e+02,-99.625000
166,1.66000000e+02,-101.416667
167,1.67000000e+02,-101.416667
168,1.68000000e+02,-103.208333
169,1.69000000e+02,-103.208333
170,1.70000000e+02,-104.916667
171,1.71000000e+02,-104.916667
172,1.72000000e+02,-106.708333
173,1.73000000e+02,-106.708333
174,1.74000000e+02,-108.625000
175,1.75000000e+02,-108.625000
176,1.76000000e+02,-110.375000
177,1.77000000e+02,-110.375000
178,1.78000000e+02,-112.250000
179,1.79000000e+02,-112.250000
180,1.80000000e+02,-114.041667
181,1.81000000e+02,-114.041667
182,1.82000000e+02,-115.791667
183,1.83000000e+02,-115.791667
184,1.84000000e+02,-117.541667
185,1.85000000e+02,-117.541667
186,1.86000000e+02,-119.416667
187,1.87000000e+02,-119.416667
188,1.88000000e+02,-121.208333
189,1.89000000e+02,-121.208333
190,1.90000000e+02,-123.000000
191,1.91000000e+02,-123.000000
192,1.92000000e+02,-124.750000
193,1.93000000e+02,-124.750000
194,1.94000000e+02,-126.625000
195,1.95000000e+02,-126.625000
196,1.96000000e+02,-128.250000
197,1.97000000e+02,-128.250000
198,1.98000000e+02,-129.958333
199,1.99000000e+02,-129.958333
200,2.00000000e+02,-131.625000
201,2.01000000e+02,-131.625000
202,2.02000000e+02,-133.333333
203,2.03000000e+02,-133.333333
204,2.04000000e+02,-135.041667
205,2.05000000e+02,-135.041667
206,2.06000000e+02,-136.958333
207,2.07000000e+02,-136.958333
208,2.08000000e+02,-138.375000
209,2.09000000e+02,-138.375000
210,2.10000000e+02,-140.083333
211,2.11000000e+02,-140.083333
212,2.12000000e+02,-141.583333
213,2.13000000e+02,-141.583333
214,2.14000000e+02,-143.125000
215,2.15000000e+02,-143.125000
216,2.16000000e+02,-144.750000
217,2.17000000e+02,-144.750000
218,2.18000000e+02,-146.125000
219,2.19000000e+02,-146.125000
220,2.20000000e+02,-147.791667
221,2.21000000e+02,-147.791667
222,2.22000000e+02,-149.250000
223,2.23000000e+02,-149.250000
224,2.24000000e+02,-150.833333
225,2.25000000e+02,-150.833333
226,2.26000000e+02,-152.125000
227,2.27000000e+02,-152.125000
228,2.28000000e+02,-153.416667
229,2.29000000e+02,-153.416667
230,2.30000000e+02,-154.875000
231,2.31000000e+02,-154.875000
232,2.32000000e+02,-156.291667
233,2.33000000e+02,-156.291667
234,2.34000000e+02,-157.583333
235,2.35000000e+02,-157.583333
236,2.36000000e+02,-158.833333
237,2.37000000e+02,-158.833333
238,2.38000000e+02,-160.000000
239,2.39000000e+02,-160.000000
240,2.40000000e+02,-161.375000
241,2.41000000e+02,-161.375000
242,2.42000000e+02,-162.583333
243,2.43000000e+02,-162.583333
244,2.44000000e+02,-163.916667
245,2.45000000e+02,-163.916667
246,2.46000000e+02,-165.083333
247,2.47000000e+02,-165.083333
248,2.48000000e+02,-166.083333
249,2.49000000e+02,-166.083333
250,2.50000000e+02,-167.333333
251,2.51000000e+02,-167.333333
252,2.52000000e+02,-168.375000
253,2.53000000e+02,-168.375000
254,2.54000000e+02,-169.541667
255,2.55000000e+02,-169.541667
256,2.56000000e+02,-170.583333
257,2.57000000e+02,-170.583333
258,2.58000000e+02,-171.625000
259,2.59000000e+02,-171.625000
260,2.60000000e+02,-172.666667
261,2.61000000e+02,-172.666667
262,2.62000000e+02,-173.666667
263,2.63000000e+02,-173.666667
264,2.64000000e+02,-174.750000
265,2.65000000e+02,-174.750000
266,2.66000000e+02,-175.625000
267,2.67000000e+02,-175.625000
268,2.68000000e+02,-176.833333
269,2.69000000e+02,-176.833333
270,2.70000000e+02,-177.833333
271,2.71000000e+02,-177.833333
272,2.72000000e+02,-178.791667
273,2.73000000e+02,-178.791667
274,2.74000000e+02,-179.875000
275,2.75000000e+02,-179.875000
276,2.76000000e+02,-180.708333
277,2.77000000e+02,-180.708333
278,2.78000000e+02,-181.791667
279,2.79000000e+02,-181.791667
280,2.80000000e+02,-182.791667
281,2.81000000e+02,-182.791667
282,2.82000000e+02,-183.708333
283,2.83000000e+02,-183.708333
284,2.84000000e+02,-184.833333
285,2.85000000e+02,-184.833333
286,2.86000000e+02,-185.666667
287,2.87000000e+02,-185.666667
288,2.88000000e+02,-186.750000
289,2.89000000e+02,-186.750000
290,2.90000000e+02,-187.625000
291,2.91000000e+02,-187.625000
292,2.92000000e+02,-188.833333
293,2.93000000e+02,-188.833333
294,2.94000000e+02,-189.666667
295,2.95000000e+02,-189.666667
296,2.96000000e+02,-190.708333
297,2.97000000e+02,-190.708333
298,2.98000000e+02,-191.666667
299,2.99000000e+02,-191.666667
300,3.00000000e+02,-192.791667
301,3.01000000e+02,-192.791667
302,3.02000000e+02,-193.833333
303,3.03000000e+02,-193.833333
304,3.04000000e+02,-194.875000
305,3.05000000e+02,-194.875000
306,3.06000000e+02,-195.875000
307,3.07000000e+02,-195.875000
308,3.08000000e+02,-197.000000
309,3.09000000e+02,-197.000000
310,3.10000000e+02,-198.041667
311,3.11000000e+02,-198.041667
312,3.12000000e+02,-199.041667
313,3.13000000e+02,-199.041667
314,3.14000000e+02,-200.083333
315,3.15000000e+02,-200.083333
316,3.16000000e+02,-201.166667
317,3.17000000e+02,-201.166667
318,3.18000000e+02,-202.333333
319,3.19000000e+02,-202.333333
320,3.20000000e+02,-203.375000
321,3.21000000e+02,-203.375000
322,3.22000000e+02,-204.458333
323,3.23000000e+02,-204.458333
324,3.24000000e+02,-205.541667
325,3.25000000e+02,-205.541667
326,3.26000000e+02,-206.583333
327,3.27000000e+02,-206.583333
328,3.28000000e+02,-207.750000
329,3.29000000e+02,-207.750000
330,3.30000000e+02,-208.791667
331,3.31000000e+02,-208.791667
332,3.32000000e+02,-209.791667
333,3.33000000e+02,-209.791667
334,3.34000000e+02,-210.791667
335,3.35000000e+02,-210.791667
336,3.36000000e+02,-211.916667
337,3.37000000e+02,-211.916667
338,3.38000000e+02,-212.916667
339,3.39000000e+02,-212.916667
340,3.40000000e+02,-213.958333
341,3.41000000e+02,-213.958333
342,3.42000000e+02,-215.000000
343,3.43000000e+02,-215.000000
344,3.44000000e+02,-216.000000
345,3.45000000e+02,-216.000000
346,3.46000000e+02,-216.916667
347,3.47000000e+02,-216.916667
348,3.48000000e+02,-217.916667
349,3.49000000e+02,-217.916667
350,3.50000000e+02,-218.791667
351,3.51000000e+02,-218.791667
352,3.52000000e+02,-219.625000
353,3.53000000e+02,-219.625000
354,3.54000000e+02,-220.625000
355,3.55000000e+02,-220.625000
356,3.56000000e+02,-221.541667
357,3.57000000e+02,-221.541667
358,3.58000000e+02,-222.375000
359,3.59000000e+02,-222.375000
360,3.60000000e+02,-223.166667
361,3.61000000e+02,-223.166667
362,3.62000000e+02,-223.833333
363,3.63000000e+02,-223.833333
364,3.64000000e+02,-224.666667
365,3.65000000e+02,-224.666667
366,3.66000000e+02,-225.375000
367,3.67000000e+02,-225.375000
368,3.68000000e+02,-226.083333
369,3.69000000e+02,-226.083333
370,3.70000000e+02,-226.791667
371,3.71000000e+02,-226.791667
372,3.72000000e+02,-227.375000
373,3.73000000e+02,-227.375000
374,3.74000000e+02,-228.041667
375,3.75000000e+02,-228.041667
376,3.76000000e+02,-228.583333
377,3.77000000e+02,-228.583333
378,3.78000000e+02,-229.166667
379,3.79000000e+02,-229.166667
380,3.80000000e+02,-229.625000
381,3.81000000e+02,-229.625000
382,3.82000000e+02,-230.083333
383,3.83000000e+02,-230.083333
384,3.84000000e+02,-230.708333
385,3.85000000e+02,-230.708333
386,3.86000000e+02,-231.041667
387,3.87000000e+02,-231.041667
388,3.88000000e+02,-231.458333
389,3.89000000e+02,-231.458333
390,3.90000000e+02,-231.875000
391,3.91000000e+02,-231.875000
392,3.92000000e+02,-232.250000
393,3.93000000e+02,-232.250000
394,3.94000000e+02,-232.416667
395,3.95000000e+02,-232.416667
396,3.96000000e+02,-232.916667
397,3.97000000e+02,-232.916667
398,3.98000000e+02,-233.125000
399,3.99000000e+02,-233.125000
400,4.00000000e+02,-233.458333
401,4.01000000e+02,-233.458333
402,4.02000000e+02,-233.666667
403,4.03000000e+02,-233.666667
404,4.04000000e+02,-233.958333
405,4.05000000e+02,-233.958333
406,4.06000000e+02,-234.041667
407,4.07000000e+02,-234.041667
408,4.08000000e+02,-234.291667
409,4.09000000e+02,-234.291667
410,4.10000000e+02,-234.291667
411,4.11000000e+02,-234.291667
412,4.12000000e+02,-234.541667
413,4.13000000e+02,-234.541667
414,4.14000000e+02,-234.708333
415,4.15000000e+02,-234.708333
416,4.16000000e+02,-234.791667
417,4.17000000e+02,-234.791667
418,4.18000000e+02,-234.791667
419,4.19000000e+02,-234.791667
420,4.20000000e+02,-235.041667
421,4.21000000e+02,-235.041667
422,4.22000000e+02,-235.041667
423,4.23000000e+02,-235.041667
424,4.24000000e+02,-235.041667
425,4.25000000e+02,-235.041667
426,4.26000000e+02,-235.041667
427,4.27000000e+02,-235.041667
428,4.28000000e+02,-235.125000
429,4.29000000e+02,-235.125000
430,4.30000000e+02,-235.041667
431,4.31000000e+02,-235.041667
432,4.32000000e+02,-235.041667
433,4.33000000e+02,-235.041667
434,4.34000000e+02,-235.125000
435,4.35000000e+02,-235.125000
436,4.36000000e+02,-234.916667
437,4.37000000e+02,-234.916667
438,4.38000000e+02,-234.833333
439,4.39000000e+02,-234.833333
440,4.40000000e+02,-234.875000
441,4.41000000e+02,-234.875000
442,4.42000000e+02,-234.875000
443,4.43000000e+02,-234.875000
444,4.44000000e+02,-234.791667
445,4.45000000e+02,-234.791667
446,4.46000000e+02,-234.541667
447,4.47000000e+02,-234.541667
448,4.48000000e+02,-234.458333
449,4.49000000e+02,-234.458333
450,4.50000000e+02,-234.291667
451,4.51000000e+02,-234.291667
452,4.52000000e+02,-234.208333
453,4.53000000e+02,-234.208333
454,4.54000000e+02,-234.000000
455,4.55000000e+02,-234.000000
456,4.56000000e+02,-233.875000
457,4.57000000e+02,-233.875000
458,4.58000000e+02,-233.791667
459,4.59000000e+02,-233.791667
460,4.60000000e+02,-233.458333
461,4.61000000e+02,-233.458333
462,4.62000000e+02,-233.208333
463,4.63000000e+02,-233.208333
464,4.64000000e+02,-232.958333
465,4.65000000e+02,-232.958333
466,4.66000000e+02,-232.666667
467,4.67000000e+02,-232.666667
468,4.68000000e+02,-232.458333
469,4.69000000e+02,-232.458333
470,4.70000000e+02,-232.041667
471,4.71000000e+02,-232.041667
472,4.72000000e+02,-231.958333
473,4.73000000e+02,-231.958333
474,4.74000000e+02,-231.666667
475,4.75000000e+02,-231.666667
476,4.76000000e+02,-231.166667
477,4.77000000e+02,-231.166667
478,4.78000000e+02,-230.708333
479,4.79000000e+02,-230.708333
480,4.80000000e+02,-230.500000
481,4.81000000e+02,-230.500000
482,4.82000000e+02,-230.083333
483,4.83000000e+02,-230.083333
484,4.84000000e+02,-229.666667
485,4.85000000e+02,-229.666667
486,4.86000000e+02,-229.166667
487,4.87000000e+02,-229.166667
488,4.88000000e+02,-228.750000
489,4.89000000e+02,-228.750000
490,4.90000000e+02,-228.208333
491,4.91000000e+02,-228.208333
492,4.92000000e+02,-227.625000
493,4.93000000e+02,-227.625000
494,4.94000000e+02,-227.000000
495,4.95000000e+02,-227.000000
496,4.96000000e+02,-226.458333
497,4.97000000e+02,-226.458333
498,4.98000000e+02,-225.750000
499,4.99000000e+02,-225.750000
500,5.00000000e+02,-225.250000
501,5.01000000e+02,-225.250000
502,5.02000000e+02,-224.375000
503,5.03000000e+02,-224.375000
504,5.04000000e+02,-223.791667
505,5.05000000e+02,-223.791667
506,5.06000000e+02,-222.958333
507,5.07000000e+02,-222.958333
508,5.08000000e+02,-222.083333
509,5.09000000e+02,-222.083333
510,5.10000000e+02,-221.416667
511,5.11000000e+02,-221.416667
512,5.12000000e+02,-220.583333
513,5.13000000e+02,-220.583333
514,5.14000000e+02,-219.625000
515,5.15000000e+02,-219.625000
516,5.16000000e+02,-218.833333
517,5.17000000e+02,-218.833333
518,5.18000000e+02,-217.958333
519,5.19000000e+02,-217.958333
520,5.20000000e+02,-217.000000
521,5.21000000e+02,-217.000000
522,5.22000000e+02,-216.041667
523,5.23000000e+02,-216.041667
524,5.24000000e+02,-215.208333
525,5.25000000e+02,-215.208333
526,5.26000000e+02,-214.041667
527,5.27000000e+02,-214.041667
528,5.28000000e+02,-213.250000
529,5.29000000e+02,-213.250000
530,5.30000000e+02,-212.000000
531,5.31000000e+02,-212.000000
532,5.32000000e+02,-210.958333
533,5.33000000e+02,-210.958333
534,5.34000000e+02,-209.875000
535,5.35000000e+02,-209.875000
536,5.36000000e+02,-208.958333
537,5.37000000e+02,-208.958333
538,5.38000000e+02,-207.875000
539,5.39000000e+02,-207.875000
540,5.40000000e+02,-206.666667
541,5.41000000e+02,-206.666667
542,5.42000000e+02,-205.583333
543,5.43000000e+02,-205.583333
544,5.44000000e+02,-204.500000
545,5.45000000e+02,-204.500000
546,5.46000000e+02,-203.416667
547,5.47000000e+02,-203.416667
548,5.48000000e+02,-202.291667
549,5.49000000e+02,-202.291667
550,5.50000000e+02,-201.041667
551,5.51000000e+02,-201.041667
552,5.52000000e+02,-200.208333
553,5.53000000e+02,-200.208333
554,5.54000000e+02,-198.958333
555,5.55000000e+02,-198.958333
556,5.56000000e+02,-197.791667
557,5.57000000e+02,-197.791667
558,5.58000000e+02,-196.791667
559,5.59000000e+02,-196.791667
560,5.60000000e+02,-195.666667
561,5.61000000e+02,-195.666667
562,5.62000000e+02,-194.666667
563,5.63000000e+02,-194.666667
564,5.64000000e+02,-193.375000
565,5.65000000e+02,-193.375000
566,5.66000000e+02,-192.333333
567,5.67000000e+02,-192.333333
568,5.68000000e+02,-191.375000
569,5.69000000e+02,-191.375000
570,5.70000000e+02,-190.250000
571,5.71000000e+02,-190.250000
572,5.72000000e+02,-189.208333
573,5.73000000e+02,-189.208333
574,5.74000000e+02,-188.083333
575,5.75000000e+02,-188.083333
576,5.76000000e+02,-187.000000
577,5.77000000e+02,-187.000000
578,5.78000000e+02,-186.083333
579,5.79000000e+02,-186.083333
580,5.80000000e+02,-184.958333
581,5.81000000e+02,-184.958333
582,5.82000000e+02,-184.041667
583,5.83000000e+02,-184.041667
584,5.84000000e+02,-183.083333
585,5.85000000e+02,-183.083333
586,5.86000000e+02,-181.958333
587,5.87000000e+02,-181.958333
588,5.88000000e+02,-180.833333
589,5.89000000e+02,-180.833333
590,5.90000000e+02,-179.916667
591,5.91000000e+02,-179.916667
592,5.92000000e+02,-178.791667
593,5.93000000e+02,-178.791667
594,5.94000000e+02,-177.916667
595,5.95000000e+02,-177.916667
596,5.96000000e+02,-176.750000
597,5.97000000e+02,-176.750000
598,5.98000000e+02,-175.958333
599,5.99000000e+02,-175.958333
600,6.00000000e+02,-174.958333
601,6.01000000e+02,-174.958333
602,6.02000000e+02,-173.875000
603,6.03000000e+02,-173.875000
604,6.04000000e+02,-172.958333
605,6.05000000e+02,-172.958333
606,6.06000000e+02,-171.958333
607,6.07000000e+02,-171.958333
608,6.08000000e+02,-170.958333
609,6.09000000e+02,-170.958333
610,6.10000000e+02,-169.750000
611,6.11000000e+02,-169.750000
612,6.12000000e+02,-168.833333
613,6.13000000e+02,-168.833333
614,6.14000000e+02,-167.708333
615,6.15000000e+02,-167.708333
616,6.16000000e+02,-166.583333
617,6.17000000e+02,-166.583333
618,6.18000000e+02,-165.458333
619,6.19000000e+02,-165.458333
620,6.20000000e+02,-164.333333
621,6.21000000e+02,-164.333333
622,6.22000000e+02,-163.125000
623,6.23000000e+02,-163.125000
624,6.24000000e+02,-162.000000
625,6.25000000e+02,-162.000000
626,6.26000000e+02,-160.958333
627,6.27000000e+02,-160.958333
628,6.28000000e+02,-159.625000
629,6.29000000e+02,-159.625000
630,6.30000000e+02,-158.333333
631,6.31000000e+02,-158.333333
632,6.32000000e+02,-157.041667
633,6.33000000e+02,-157.041667
634,6.34000000e+02,-155.750000
635,6.35000000e+02,-155.750000
636,6.36000000e+02,-154.458333
637,6.37000000e+02,-154.458333
638,6.38000000e+02,-153.083333
639,6.39000000e+02,-153.083333
640,6.40000000e+02,-151.750000
641,6.41000000e+02,-151.750000
642,6.42000000e+02,-150.375000
643,6.43000000e+02,-150.375000
644,6.44000000e+02,-148.833333
645,6.45000000e+02,-148.833333
646,6.46000000e+02,-147.458333
647,6.47000000e+02,-147.458333
648,6.48000000e+02,-146.041667
649,6.49000000e+02,-146.041667
650,6.50000000e+02,-144.416667
651,6.51000000e+02,-144.416667
652,6.52000000e+02,-142.958333
653,6.53000000e+02,-142.958333
654,6.54000000e+02,-141.333333
655,6.55000000e+02,-141.333333
656,6.56000000e+02,-139.916667
657,6.57000000e+02,-139.916667
658,6.58000000e+02,-138.208333
659,6.59000000e+02,-138.208333
660,6.60000000e+02,-136.541667
661,6.61000000e+02,-136.541667
662,6.62000000e+02,-135.041667
663,6.63000000e+02,-135.041667
664,6.64000000e+02,-133.208333
665,6.65000000e+02,-133.208333
666,6.66000000e+02,-131.458333
667,6.67000000e+02,-131.458333
668,6.68000000e+02,-129.833333
669,6.69000000e+02,-129.833333
670,6.70000000e+02,-128.041667
671,6.71000000e+02,-128.041667
672,6.72000000e+02,-126.250000
673,6.73000000e+02,-126.250000
674,6.74000000e+02,-124.541667
675,6.75000000e+02,-124.541667
676,6.76000000e+02,-122.708333
677,6.77000000e+02,-122.708333
678,6.78000000e+02,-120.875000
679,6.79000000e+02,-120.875000
680,6.80000000e+02,-119.083333
681,6.81000000e+02,-119.083333
682,6.82000000e+02,-117.375000
683,6.83000000e+02,-117.375000
684,6.84000000e+02,-115.458333
685,6.85000000e+02,-115.458333
686,6.86000000e+02,-113.708333
687,6.87000000e+02,-113.708333
688,6.88000000e+02,-111.916667
689,6.89000000e+02,-111.916667
690,6.90000000e+02,-110.083333
691,6.91000000e+02,-110.083333
692,6.92000000e+02,-108.166667
693,6.93000000e+02,-108.166667
694,6.94000000e+02,-106.208333
695,6.95000000e+02,-106.208333
696,6.96000000e+02,-104.541667
697,6.97000000e+02,-104.541667
698,6.98000000e+02,-102.541667
699,6.99000000e+02,-102.541667
700,7.00000000e+02,-100.833333
701,7.01000000e+02,-100.833333
702,7.02000000e+02,-99.000000
703,7.03000000e+02,-99.000000
704,7.04000000e+02,-97.083333
705,7.05000000e+02,-97.083333
706,7.06000000e+02,-95.375000
707,7.07000000e+02,-95.375000
708,7.08000000e+02,-93.583333
709,7.09000000e+02,-93.583333
710,7.10000000e+02,-91.791667
711,7.11000000e+02,-91.791667
712,7.12000000e+02,-89.916667
713,7.13000000e+02,-89.916667
714,7.14000000e+02,-88.125000
715,7.15000000e+02,-88.125000
716,7.16000000e+02,-86.333333
717,7.17000000e+02,-86.333333
718,7.18000000e+02,-84.625000
719,7.19000000e+02,-84.625000
720,7.20000000e+02,-82.916667
721,7.21000000e+02,-82.916667
722,7.22000000e+02,-81.041667
723,7.23000000e+02,-81.041667
724,7.24000000e+02,-79.250000
725,7.25000000e+02,-79.250000
726,7.26000000e+02,-77.583333
727,7.27000000e+02,-77.583333
728,7.28000000e+02,-75.750000
729,7.29000000e+02,-75.750000
730,7.30000000e+02,-74.000000
731,7.31000000e+02,-74.000000
732,7.32000000e+02,-72.333333
733,7.33000000e+02,-72.333333
734,7.34000000e+02,-70.500000
735,7.35000000e+02,-70.500000
736,7.36000000e+02,-68.708333
737,7.37000000e+02,-68.708333
738,7.38000000e+02,-66.958333
739,7.39000000e+02,-66.958333
740,7.40000000e+02,-65.291667
741,7.41000000e+02,-65.291667
742,7.42000000e+02,-63.416667
743,7.43000000e+02,-63.416667
744,7.44000000e+02,-61.666667
745,7.45000000e+02,-61.666667
746,7.46000000e+02,-59.833333
747,7.47000000e+02,-59.833333
748,7.48000000e+02,-58.166667
749,7.49000000e+02,-58.166667
750,7.50000000e+02,-56.416667
751,7.51000000e+02,-56.416667
752,7.52000000e+02,-54.541667
753,7.53000000e+02,-54.541667
754,7.54000000e+02,-52.750000
755,7.55000000e+02,-52.750000
756,7.56000000e+02,-50.833333
757,7.57000000e+02,-50.833333
758,7.58000000e+02,-49.041667
759,7.59000000e+02,-49.041667
760,7.60000000e+02,-47.291667
761,7.61000000e+02,-47.291667
762,7.62000000e+02,-45.375000
763,7.63000000e+02,-45.375000
764,7.64000000e+02,-43.541667
765,7.65000000e+02,-43.541667
766,7.66000000e+02,-41.583333
767,7.67000000e+02,-41.583333
768,7.68000000e+02,-39.708333
769,7.69000000e+02,-39.708333
770,7.70000000e+02,-37.750000
771,7.71000000e+02,-37.750000
772,7.72000000e+02,-35.791667
773,7.73000000e+02,-35.791667
774,7.74000000e+02,-33.708333
775,7.75000000e+02,-33.708333
776,7.76000000e+02,-31.750000
777,7.77000000e+02,-31.750000
778,7.78000000e+02,-29.750000
779,7.79000000e+02,-29.750000
780,7.80000000e+02,-27.791667
781,7.81000000e+02,-27.791667
782,7.82000000e+02,-25.833333
783,7.83000000e+02,-25.833333
784,7.84000000e+02,-23.666667
785,7.85000000e+02,-23.666667
786,7.86000000e+02,-21.458333
787,7.87000000e+02,-21.458333
788,7.88000000e+02,-19.416667
789,7.89000000e+02,-19.416667
790,7.90000000e+02,-17.416667
791,7.91000000e+02,-17.416667
792,7.92000000e+02,-15.416667
793,7.93000000e+02,-15.416667
794,7.94000000e+02,-13.250000
795,7.95000000e+02,-13.250000
796,7.96000000e+02,-11.000000
797,7.97000000e+02,-11.000000
798,7.98000000e+02,-8.875000
799,7.99000000e+02,-8.875000
800,8.00000000e+02,-6.791667
801,8.01000000e+02,-6.791667
802,8.02000000e+02,-4.750000
803,8.03000000e+02,-4.750000
804,8.04000000e+02,-2.541667
805,8.05000000e+02,-2.541667
806,8.06000000e+02,-0.458333
807,8.07000000e+02,-0.458333
808,8.08000000e+02,1.750000
809,8.09000000e+02,1.750000
810,8.10000000e+02,3.958333
811,8.11000000e+02,3.958333
812,8.12000000e+02,6.083333
813,8.13000000e+02,6.083333
814,8.14000000e+02,8.208333
815,8.15000000e+02,8.208333
816,8.16000000e+02,10.208333
817,8.17000000e+02,10.208333
818,8.18000000e+02,12.416667
819,8.19000000e+02,12.416667
820,8.20000000e+02,14.583333
821,8.21000000e+02,14.583333
822,8.22000000e+02,16.708333
823,8.23000000e+02,16.708333
824,8.24000000e+02,18.916667
825,8.25000000e+02,18.916667
826,8.26000000e+02,20.958333
827,8.27000000e+02,20.958333
828,8.28000000e+02,23.000000
829,8.29000000e+02,23.000000
830,8.30000000e+02,25.125000
831,8.31000000e+02,25.125000
832,8.32000000e+02,27.208333
833,8.33000000e+02,27.208333
834,8.34000000e+02,29.250000
835,8.35000000e+02,29.250000
836,8.36000000e+02,31.333333
837,8.37000000e+02,31.333333
838,8.38000000e+02,33.291667
839,8.39000000e+02,33.291667
840,8.40000000e+02,35.416667
841,8.41000000e+02,35.416667
842,8.42000000e+02,37.375000
843,8.43000000e+02,37.375000
844,8.44000000e+02,39.208333
845,8.45000000e+02,39.208333
846,8.46000000e+02,41.166667
847,8.47000000e+02,41.166667
848,8.48000000e+02,43.208333
849,8.49000000e+02,43.208333
850,8.50000000e+02,45.041667
851,8.51000000e+02,45.041667
852,8.52000000e+02,47.000000
853,8.53000000e+02,47.000000
854,8.54000000e+02,48.958333
855,8.55000000e+02,48.958333
856,8.56000000e+02,50.750000
857,8.57000000e+02,50.750000
858,8.58000000e+02,52.625000
859,8.59000000e+02,52.625000
860,8.60000000e+02,54.375000
861,8.61000000e+02,54.375000
862,8.62000000e+02,56.250000
863,8.63000000e+02,56.250000
864,8.64000000e+02,57.958333
865,8.65000000e+02,57.958333
866,8.66000000e+02,59.875000
867,8.67000000e+02,59.875000
868,8.68000000e+02,61.625000
869,8.69000000e+02,61.625000
870,8.70000000e+02,63.416667
871,8.71000000e+02,63.416667
872,8.72000000e+02,65.208333
873,8.73000000e+02,65.208333
874,8.74000000e+02,66.916667
875,8.75000000e+02,66.916667
876,8.76000000e+02,68.708333
877,8.77000000e+02,68.708333
878,8.78000000e+02,70.458333
879,8.79000000e+02,70.458333
880,8.80000000e+02,72.166667
881,8.81000000e+02,72.166667
882,8.82000000e+02,73.916667
883,8.83000000e+02,73.916667
884,8.84000000e+02,75.833333
885,8.85000000e+02,75.833333
886,8.86000000e+02,77.625000
887,8.87000000e+02,77.625000
888,8.88000000e+02,79.250000
889,8.89000000e+02,79.250000
890,8.90000000e+02,81.041667
891,8.91000000e+02,81.041667
892,8.92000000e+02,82.666667
893,8.93000000e+02,82.666667
894,8.94000000e+02,84.458333
895,8.95000000e+02,84.458333
896,8.96000000e+02,86.250000
897,8.97000000e+02,86.250000
898,8.98000000e+02,87.916667
899,8.99000000e+02,87.916667
900,9.00000000e+02,89.791667
901,9.01000000e+02,89.791667
902,9.02000000e+02,91.625000
903,9.03000000e+02,91.625000
904,9.04000000e+02,93.333333
905,9.05000000e+02,93.333333
906,9.06000000e+02,95.208333
907,9.07000000e+02,95.208333
908,9.08000000e+02,97.041667
909,9.09000000e+02,97.041667
910,9.10000000e+02,98.708333
911,9.11000000e+02,98.708333
912,9.12000000e+02,100.458333
913,9.13000000e+02,100.458333
914,9.14000000e+02,102.250000
915,9.15000000e+02,102.250000
916,9.16000000e+02,104.083333
917,9.17000000e+02,104.083333
918,9.18000000e+02,105.875000
919,9.19000000e+02,105.875000
920,9.20000000e+02,107.666667
921,9.21000000e+02,107.666667
922,9.22000000e+02,109.375000
923,9.23000000e+02,109.375000
924,9.24000000e+02,111.375000
925,9.25000000e+02,111.375000
926,9.26000000e+02,113.166667
927,9.27000000e+02,113.166667
928,9.28000000e+02,114.833333
929,9.29000000e+02,114.833333
930,9.30000000e+02,116.708333
931,9.31000000e+02,116.708333
932,9.32000000e+02,118.375000
933,9.33000000e+02,118.375000
934,9.34000000e+02,120.166667
935,9.35000000e+02,120.166667
936,9.36000000e+02,122.041667
937,9.37000000e+02,122.041667
938,9.38000000e+02,123.875000
939,9.39000000e+02,123.875000
940,9.40000000e+02,125.541667
941,9.41000000e+02,125.541667
942,9.42000000e+02,127.375000
943,9.43000000e+02,127.375000
944,9.44000000e+02,129.125000
945,9.45000000e+02,129.125000
946,9.46000000e+02,130.833333
947,9.47000000e+02,130.833333
948,9.48000000e+02,132.625000
949,9.49000000e+02,132.625000
950,9.50000000e+02,134.083333
951,9.51000000e+02,134.083333
952,9.52000000e+02,135.875000
953,9.53000000e+02,135.875000
954,9.54000000e+02,137.583333
955,9.55000000e+02,137.583333
956,9.56000000e+02,139.125000
957,9.57000000e+02,139.125000
958,9.58000000e+02,140.708333
959,9.59000000e+02,140.708333
960,9.60000000e+02,142.333333
961,9.61000000e+02,142.333333
962,9.62000000e+02,143.875000
963,9.63000000e+02,143.875000
964,9.64000000e+02,145.416667
965,9.65000000e+02,145.416667
966,9.66000000e+02,147.041667
967,9.67000000e+02,147.041667
968,9.68000000e+02,148.541667
969,9.69000000e+02,148.541667
970,9.70000000e+02,149.958333
971,9.71000000e+02,149.958333
972,9.72000000e+02,151.291667
973,9.73000000e+02,151.291667
974,9.74000000e+02,152.791667
975,9.75000000e+02,152.791667
976,9.76000000e+02,154.250000
977,9.77000000e+02,154.250000
978,9.78000000e+02,155.500000
979,9.79000000e+02,155.500000
980,9.80000000e+02,156.791667
981,9.81000000e+02,156.791667
982,9.82000000e+02,158.166667
983,9.83000000e+02,158.166667
984,9.84000000e+02,159.458333
985,9.85000000e+02,159.458333
986,9.86000000e+02,160.625000
987,9.87000000e+02,160.625000
988,9.88000000e+02,161.958333
989,9.89000000e+02,161.958333
990,9.90000000e+02,163.083333
991,9.91000000e+02,163.083333
992,9.92000000e+02,164.291667
993,9.93000000e+02,164.291667
994,9.94000000e+02,165.625000
995,9.95000000e+02,165.625000
996,9.96000000e+02,166.500000
997,9.97000000e+02,166.500000
998,9.98000000e+02,167.708333
999,9.99000000e+02,167.708333
1000,1.00000000e+03,168.875000
1001,1.00100000e+03,168.875000
1002,1.00200000e+03,169.958333
1003,1.00300000e+03,169.958333
1004,1.00400000e+03,170.958333
1005,1.00500000e+03,170.958333
1006,1.00600000e+03,172.000000
1007,1.00700000e+03,172.000000
1008,1.00800000e+03,173.041667
1009,1.00900000e+03,173.041667
1010,1.01000000e+03,174.333333
1011,1.01100000e+03,174.333333
1012,1.01200000e+03,175.125000
1013,1.01300000e+03,175.125000
1014,1.01400000e+03,176.125000
1015,1.01500000e+03,176.125000
1016,1.01600000e+03,177.041667
1017,1.01700000e+03,177.041667
1018,1.01800000e+03,178.166667
1019,1.01900000e+03,178.166667
1020,1.02000000e+03,179.166667
1021,1.02100000e+03,179.166667
1022,1.02200000e+03,180.166667
1023,1.02300000e+03,180.166667
1024,1.02400000e+03,181.125000
1025,1.02500000e+03,181.125000
1026,1.02600000e+03,182.125000
1027,1.02700000e+03,182.125000
1028,1.02800000e+03,183.083333
1029,1.02900000e+03,183.083333
1030,1.03000000e+03,184.125000
1031,1.03100000e+03,184.125000
1032,1.03200000e+03,185.041667
1033,1.03300000e+03,185.041667
1034,1.03400000e+03,186.083333
1035,1.03500000e+03,186.083333
1036,1.03600000e+03,187.125000
1037,1.03700000e+03,187.125000
1038,1.03800000e+03,188.083333
1039,1.03900000e+03,188.083333
1040,1.04000000e+03,189.083333
1041,1.04100000e+03,189.083333
1042,1.04200000e+03,190.166667
1043,1.04300000e+03,190.166667
1044,1.04400000e+03,191.125000
1045,1.04500000e+03,191.125000
1046,1.04600000e+03,192.125000
1047,1.04700000e+03,192.125000
1048,1.04800000e+03,193.125000
1049,1.04900000e+03,193.125000
1050,1.05000000e+03,194.166667
1051,1.05100000e+03,194.166667
1052,1.05200000e+03,195.333333
1053,1.05300000e+03,195.333333
1054,1.05400000e+03,196.250000
1055,1.05500000e+03,196.250000
1056,1.05600000e+03,197.250000
1057,1.05700000e+03,197.250000
1058,1.05800000e+03,198.375000
1059,1.05900000e+03,198.375000
1060,1.06000000e+03,199.333333
1061,1.06100000e+03,199.333333
1062,1.06200000e+03,200.500000
1063,1.06300000e+03,200.500000
1064,1.06400000e+03,201.500000
1065,1.06500000e+03,201.500000
1066,1.06600000e+03,202.750000
1067,1.06700000e+03,202.750000
1068,1.06800000e+03,203.791667
1069,1.06900000e+03,203.791667
1070,1.07000000e+03,204.625000
1071,1.07100000e+03,204.625000
1072,1.07200000e+03,205.833333
1073,1.07300000e+03,205.833333
1074,1.07400000e+03,207.083333
1075,1.07500000e+03,207.083333
1076,1.07600000e+03,208.041667
1077,1.07700000e+03,208.041667
1078,1.07800000e+03,208.958333
1079,1.07900000e+03,208.958333
1080,1.08000000e+03,210.166667
1081,1.08100000e+03,210.166667
1082,1.08200000e+03,211.125000
1083,1.08300000e+03,211.125000
1084,1.08400000e+03,212.333333
1085,1.08500000e+03,212.333333
1086,1.08600000e+03,213.208333
1087,1.08700000e+03,213.208333
1088,1.08800000e+03,214.375000
1089,1.08900000e+03,214.375000
1090,1.09000000e+03,215.291667
1091,1.09100000e+03,215.291667
1092,1.09200000e+03,216.458333
1093,1.09300000e+03,216.458333
1094,1.09400000e+03,217.166667
1095,1.09500000e+03,217.166667
1096,1.09600000e+03,218.125000
1097,1.09700000e+03,218.125000
1098,1.09800000e+03,219.125000
1099,1.09900000e+03,219.125000
1100,1.10000000e+03,219.958333
1101,1.10100000e+03,219.958333
1102,1.10200000e+03,220.916667
1103,1.10300000e+03,220.916667
1104,1.10400000e+03,221.750000
1105,1.10500000e+03,221.750000
1106,1.10600000e+03,222.541667
1107,1.10700000e+03,222.541667
1108,1.10800000e+03,223.291667
1109,1.10900000e+03,223.291667
1110,1.11000000e+03,224.000000
1111,1.11100000e+03,224.000000
1112,1.11200000e+03,224.916667
1113,1.11300000e+03,224.916667
1114,1.11400000e+03,225.500000
1115,1.11500000e+03,225.500000
1116,1.11600000e+03,226.250000
1117,1.11700000e+03,226.250000
1118,1.11800000e+03,226.750000
1119,1.11900000e+03,226.750000
1120,1.12000000e+03,227.375000
1121,1.12100000e+03,227.375000
1122,1.12200000e+03,228.208333
1123,1.12300000e+03,228.208333
1124,1.12400000e+03,228.583333
1125,1.12500000e+03,228.583333
1126,1.12600000e+03,229.208333
1127,1.12700000e+03,229.208333
1128,1.12800000e+03,229.666667
1129,1.12900000e+03,229.666667
1130,1.13000000e+03,230.083333
1131,1.13100000e+03,230.083333
1132,1.13200000e+03,230.583333
1133,1.13300000e+03,230.583333
1134,1.13400000e+03,231.041667
1135,1.13500000e+03,231.041667
1136,1.13600000e+03,231.541667
1137,1.13700000e+03,231.541667
1138,1.13800000e+03,231.791667
1139,1.13900000e+03,231.791667
1140,1.14000000e+03,232.083333
1141,1.14100000e+03,232.083333
1142,1.14200000e+03,232.500000
1143,1.14300000e+03,232.500000
1144,1.14400000e+03,232.833333
1145,1.14500000e+03,232.833333
1146,1.14600000e+03,233.041667
1147,1.14700000e+03,233.041667
1148,1.14800000e+03,233.333333
1149,1.14900000e+03,233.333333
1150,1.15000000e+03,233.500000
1151,1.15100000e+03,233.500000
1152,1.15200000e+03,233.750000
1153,1.15300000e+03,233.750000
1154,1.15400000e+03,234.041667
1155,1.15500000e+03,234.041667
1156,1.15600000e+03,234.083333
1157,1.15700000e+03,234.083333
1158,1.15800000e+03,234.333333
1159,1.15900000e+03,234.333333
1160,1.16000000e+03,234.291667
1161,1.16100000e+03,234.291667
1162,1.16200000e+03,234.458333
1163,1.16300000e+03,234.458333
1164,1.16400000e+03,234.583333
1165,1.16500000e+03,234.583333
1166,1.16600000e+03,234.625000
1167,1.16700000e+03,234.625000
1168,1.16800000e+03,234.750000
1169,1.16900000e+03,234.750000
1170,1.17000000e+03,234.750000
1171,1.17100000e+03,234.750000
1172,1.17200000e+03,234.791667
1173,1.17300000e+03,234.791667
1174,1.17400000e+03,234.666667
1175,1.17500000e+03,234.666667
1176,1.17600000e+03,234.791667
1177,1.17700000e+03,234.791667
1178,1.17800000e+03,234.791667
1179,1.17900000e+03,234.791667
1180,1.18000000e+03,234.708333
1181,1.18100000e+03,234.708333
1182,1.18200000e+03,234.791667
1183,1.18300000e+03,234.791667
1184,1.18400000e+03,234.583333
1185,1.18500000e+03,234.583333
1186,1.18600000e+03,234.625000
1187,1.18700000e+03,234.625000
1188,1.18800000e+03,234.625000
1189,1.18900000e+03,234.625000
1190,1.19000000e+03,234.500000
1191,1.19100000e+03,234.500000
1192,1.19200000e+03,234.416667
1193,1.19300000e+03,234.416667
1194,1.19400000e+03,234.250000
1195,1.19500000e+03,234.250000
1196,1.19600000e+03,234.208333
1197,1.19700000e+03,234.208333
1198,1.19800000e+03,234.083333
1199,1.19900000e+03,234.083333
1200,1.20000000e+03,233.875000
1201,1.20100000e+03,233.875000
1202,1.20200000e+03,233.708333
1203,1.20300000e+03,233.708333
1204,1.20400000e+03,233.708333
1205,1.20500000e+03,233.708333
1206,1.20600000e+03,233.416667
1207,1.20700000e+03,233.416667
1208,1.20800000e+03,233.041667
1209,1.20900000e+03,233.041667
1210,1.21000000e+03,233.000000
1211,1.21100000e+03,233.000000
1212,1.21200000e+03,232.708333
1213,1.21300000e+03,232.708333
1214,1.21400000e+03,232.458333
1215,1.21500000e+03,232.458333
1216,1.21600000e+03,232.083333
1217,1.21700000e+03,232.083333
1218,1.21800000e+03,231.916667
1219,1.21900000e+03,231.916667
1220,1.22000000e+03,231.541667
1221,1.22100000e+03,231.541667
1222,1.22200000e+03,231.208333
1223,1.22300000e+03,231.208333
1224,1.22400000e+03,230.833333
1225,1.22500000e+03,230.833333
1226,1.22600000e+03,230.458333
1227,1.22700000e+03,230.458333
1228,1.22800000e+03,230.041667
1229,1.22900000e+03,230.041667
1230,1.23000000e+03,229.666667
1231,1.23100000e+03,229.666667
1232,1.23200000e+03,229.250000
1233,1.23300000e+03,229.250000
1234,1.23400000e+03,228.625000
1235,1.23500000e+03,228.625000
1236,1.23600000e+03,228.250000
1237,1.23700000e+03,228.250000
1238,1.23800000e+03,227.708333
1239,1.23900000e+03,227.708333
1240,1.24000000e+03,227.208333
1241,1.24100000e+03,227.208333
1242,1.24200000e+03,226.458333
1243,1.24300000e+03,226.458333
1244,1.24400000e+03,226.000000
1245,1.24500000e+03,226.000000
1246,1.24600000e+03,225.375000
1247,1.24700000e+03,225.375000
1248,1.24800000e+03,224.625000
1249,1.24900000e+03,224.625000
1250,1.25000000e+03,223.791667
1251,1.25100000e+03,223.791667
1252,1.25200000e+03,223.208333
1253,1.25300000e+03,223.208333
1254,1.25400000e+03,222.458333
1255,1.25500000e+03,222.458333
1256,1.25600000e+03,221.708333
1257,1.25700000e+03,221.708333
1258,1.25800000e+03,220.750000
1259,1.25900000e+03,220.750000
1260,1.26000000e+03,219.916667
1261,1.26100000e+03,219.916667
1262,1.26200000e+03,219.125000
1263,1.26300000e+03,219.125000
1264,1.26400000e+03,218.166667
1265,1.26500000e+03,218.166667
1266,1.26600000e+03,217.333333
1267,1.26700000e+03,217.333333
1268,1.26800000e+03,216.333333
1269,1.26900000e+03,216.333333
1270,1.27000000e+03,215.500000
1271,1.27100000e+03,215.500000
1272,1.27200000e+03,214.375000
1273,1.27300000e+03,214.375000
1274,1.27400000e+03,213.333333
1275,1.27500000e+03,213.333333
1276,1.27600000e+03,212.458333
1277,1.27700000e+03,212.458333
1278,1.27800000e+03,211.416667
1279,1.27900000e+03,211.416667
1280,1.28000000e+03,210.333333
1281,1.28100000e+03,210.333333
1282,1.28200000e+03,209.250000
1283,1.28300000e+03,209.250000
1284,1.28400000e+03,208.208333
1285,1.28500000e+03,208.208333
1286,1.28600000e+03,207.125000
1287,1.28700000e+03,207.125000
1288,1.28800000e+03,206.000000
1289,1.28900000e+03,206.000000
1290,1.29000000e+03,204.833333
1291,1.29100000e+03,204.833333
1292,1.29200000e+03,203.750000
1293,1.29300000e+03,203.750000
1294,1.29400000e+03,202.625000
1295,1.29500000e+03,202.625000
1296,1.29600000e+03,201.541667
1297,1.29700000e+03,201.541667
1298,1.29800000e+03,200.375000
1299,1.29900000e+03,200.375000
1300,1.30000000e+03,199.375000
1301,1.30100000e+03,199.375000
1302,1.30200000e+03,198.291667
1303,1.30300000e+03,198.291667
1304,1.30400000e+03,197.208333
1305,1.30500000e+03,197.208333
1306,1.30600000e+03,196.041667
1307,1.30700000e+03,196.041667
1308,1.30800000e+03,195.000000
1309,1.30900000e+03,195.000000
1310,1.31000000e+03,193.958333
1311,1.31100000e+03,193.958333
1312,1.31200000e+03,192.833333
1313,1.31300000e+03,192.833333
1314,1.31400000e+03,191.666667
1315,1.31500000e+03,191.666667
1316,1.31600000e+03,190.708333
1317,1.31700000e+03,190.708333
1318,1.31800000e+03,189.750000
1319,1.31900000e+03,189.750000
1320,1.32000000e+03,188.666667
1321,1.32100000e+03,188.666667
1322,1.32200000e+03,187.541667
1323,1.32300000e+03,187.541667
1324,1.32400000e+03,186.458333
1325,1.32500000e+03,186.458333
1326,1.32600000e+03,185.500000
1327,1.32700000e+03,185.500000
1328,1.32800000e+03,184.375000
1329,1.32900000e+03,184.375000
1330,1.33000000e+03,183.375000
1331,1.33100000e+03,183.375000
1332,1.33200000e+03,182.416667
1333,1.33300000e+03,182.416667
1334,1.33400000e+03,181.375000
1335,1.33500000e+03,181.375000
1336,1.33600000e+03,180.375000
1337,1.33700000e+03,180.375000
1338,1.33800000e+03,179.375000
1339,1.33900000e+03,179.375000
1340,1.34000000e+03,178.250000
1341,1.34100000e+03,178.250000
1342,1.34200000e+03,177.333333
1343,1.34300000e+03,177.333333
1344,1.34400000e+03,176.291667
1345,1.34500000e+03,176.291667
1346,1.34600000e+03,175.333333
1347,1.34700000e+03,175.333333
1348,1.34800000e+03,174.416667
1349,1.34900000e+03,174.416667
1350,1.35000000e+03,173.208333
1351,1.35100000e+03,173.208333
1352,1.35200000e+03,172.291667
1353,1.35300000e+03,172.291667
1354,1.35400000e+03,171.250000
1355,1.35500000e+03,171.250000
1356,1.35600000e+03,170.166667
1357,1.35700000e+03,170.166667
1358,1.35800000e+03,169.250000
1359,1.35900000e+03,169.250000
1360,1.36000000e+03,168.000000
1361,1.36100000e+03,168.000000
1362,1.36200000e+03,167.083333
1363,1.36300000e+03,167.083333
1364,1.36400000e+03,165.916667
1365,1.36500000e+03,165.916667
1366,1.36600000e+03,164.708333
1367,1.36700000e+03,164.708333
1368,1.36800000e+03,163.708333
1369,1.36900000e+03,163.708333
1370,1.37000000e+03,162.416667
1371,1.37100000e+03,162.416667
1372,1.37200000e+03,161.375000
1373,1.37300000e+03,161.375000
1374,1.37400000e+03,160.250000
1375,1.37500000e+03,160.250000
1376,1.37600000e+03,158.958333
1377,1.37700000e+03,158.958333
1378,1.37800000e+03,157.625000
1379,1.37900000e+03,157.625000
1380,1.38000000e+03,156.416667
1381,1.38100000e+03,156.416667
1382,1.38200000e+03,154.916667
1383,1.38300000e+03,154.916667
1384,1.38400000e+03,153.750000
1385,1.38500000e+03,153.750000
1386,1.38600000e+03,152.333333
1387,1.38700000e+03,152.333333
1388,1.38800000e+03,151.041667
1389,1.38900000e+03,151.041667
1390,1.39000000e+03,149.500000
1391,1.39100000e+03,149.500000
1392,1.39200000e+03,148.166667
1393,1.39300000e+03,148.166667
1394,1.39400000e+03,146.708333
1395,1.39500000e+03,146.708333
1396,1.39600000e+03,145.166667
1397,1.39700000e+03,145.166667
1398,1.39800000e+03,143.791667
1399,1.39900000e+03,143.791667
1400,1.40000000e+03,142.083333
1401,1.40100000e+03,142.083333
1402,1.40200000e+03,140.583333
1403,1.40300000e+03,140.583333
1404,1.40400000e+03,138.958333
1405,1.40500000e+03,138.958333
1406,1.40600000e+03,137.166667
1407,1.40700000e+03,137.166667
1408,1.40800000e+03,135.625000
1409,1.40900000e+03,135.625000
1410,1.41000000e+03,133.916667
1411,1.41100000e+03,133.916667
1412,1.41200000e+03,132.375000
1413,1.41300000e+03,132.375000
1414,1.41400000e+03,130.583333
1415,1.41500000e+03,130.583333
1416,1.41600000e+03,128.875000
1417,1.41700000e+03,128.875000
1418,1.41800000e+03,127.166667
1419,1.41900000e+03,127.166667
1420,1.42000000e+03,125.291667
1421,1.42100000e+03,125.291667
1422,1.42200000e+03,123.458333
1423,1.42300000e+03,123.458333
1424,1.42400000e+03,121.750000
1425,1.42500000e+03,121.750000
1426,1.42600000e+03,119.958333
1427,1.42700000e+03,119.958333
1428,1.42800000e+03,118.083333
1429,1.42900000e+03,118.083333
1430,1.43000000e+03,116.416667
1431,1.43100000e+03,116.416667
1432,1.43200000e+03,114.500000
1433,1.43300000e+03,114.500000
1434,1.43400000e+03,112.708333
1435,1.43500000e+03,112.708333
1436,1.43600000e+03,110.958333
1437,1.43700000e+03,110.958333
1438,1.43800000e+03,109.083333
1439,1.43900000e+03,109.083333
1440,1.44000000e+03,107.291667
1441,1.44100000e+03,107.291667
1442,1.44200000e+03,105.416667
1443,1.44300000e+03,105.416667
1444,1.44400000e+03,103.583333
1445,1.44500000e+03,103.583333
1446,1.44600000e+03,101.791667
1447,1.44700000e+03,101.791667
1448,1.44800000e+03,99.875000
1449,1.44900000e+03,99.875000
1450,1.45000000e+03,98.125000
1451,1.45100000e+03,98.125000
1452,1.45200000e+03,96.291667
1453,1.45300000e+03,96.291667
1454,1.45400000e+03,94.458333
1455,1.45500000e+03,94.458333
1456,1.45600000e+03,92.666667
1457,1.45700000e+03,92.666667
1458,1.45800000e+03,90.833333
1459,1.45900000e+03,90.833333
1460,1.46000000e+03,89.083333
1461,1.46100000e+03,89.083333
1462,1.46200000e+03,87.166667
1463,1.46300000e+03,87.166667
1464,1.46400000e+03,85.625000
1465,1.46500000e+03,85.625000
1466,1.46600000e+03,83.666667
1467,1.46700000e+03,83.666667
1468,1.46800000e+03,82.000000
1469,1.46900000e+03,82.000000
1470,1.47000000e+03,80.208333
1471,1.47100000e+03,80.208333
1472,1.47200000e+03,78.416667
1473,1.47300000e+03,78.416667
1474,1.47400000e+03,76.625000
1475,1.47500000e+03,76.625000
1476,1.47600000e+03,74.875000
1477,1.47700000e+03,74.875000
1478,1.47800000e+03,73.208333
1479,1.47900000e+03,73.208333
1480,1.48000000e+03,71.291667
1481,1.48100000e+03,71.291667
1482,1.48200000e+03,69.625000
1483,1.48300000e+03,69.625000
1484,1.48400000e+03,67.916667
1485,1.48500000e+03,67.916667
1486,1.48600000e+03,66.125000
1487,1.48700000e+03,66.125000
1488,1.48800000e+03,64.333333
1489,1.48900000e+03,64.333333
1490,1.49000000e+03,62.583333
1491,1.49100000e+03,62.583333
1492,1.49200000e+03,60.916667
1493,1.49300000e+03,60.916667
1494,1.49400000e+03,59.208333
1495,1.49500000e+03,59.208333
1496,1.49600000e+03,57.291667
1497,1.49700000e+03,57.291667
1498,1.49800000e+03,55.625000
1499,1.49900000e+03,55.625000
1500,1.50000000e+03,53.625000
1501,1.50100000e+03,53.625000
1502,1.50200000e+03,52.000000
1503,1.50300000e+03,52.000000
1504,1.50400000e+03,50.125000
1505,1.50500000e+03,50.125000
1506,1.50600000e+03,48.208333
1507,1.50700000e+03,48.208333
1508,1.50800000e+03,46.416667
1509,1.50900000e+03,46.416667
1510,1.51000000e+03,44.458333
1511,1.51100000e+03,44.458333
1512,1.51200000e+03,42.583333
1513,1.51300000e+03,42.583333
1514,1.51400000e+03,40.625000
1515,1.51500000e+03,40.625000
1516,1.51600000e+03,38.875000
1517,1.51700000e+03,38.875000
1518,1.51800000e+03,36.791667
1519,1.51900000e+03,36.791667
1520,1.52000000e+03,34.875000
1521,1.52100000e+03,34.875000
1522,1.52200000e+03,32.833333
1523,1.52300000e+03,32.833333
1524,1.52400000e+03,30.916667
1525,1.52500000e+03,30.916667
1526,1.52600000e+03,28.875000
1527,1.52700000e+03,28.875000
1528,1.52800000e+03,26.833333
1529,1.52900000e+03,26.833333
1530,1.53000000e+03,24.708333
1531,1.53100000e+03,24.708333
1532,1.53200000e+03,22.791667
1533,1.53300000e+03,22.791667
1534,1.53400000e+03,20.583333
1535,1.53500000e+03,20.583333
1536,1.53600000e+03,18.458333
1537,1.53700000e+03,18.458333
1538,1.53800000e+03,16.500000
1539,1.53900000e+03,16.500000
1540,1.54000000e+03,14.375000
1541,1.54100000e+03,14.375000
1542,1.54200000e+03,12.250000
1543,1.54300000e+03,12.250000
1544,1.54400000e+03,10.166667
1545,1.54500000e+03,10.166667
1546,1.54600000e+03,8.208333
1547,1.54700000e+03,8.208333
1548,1.54800000e+03,5.833333
1549,1.54900000e+03,5.833333
1550,1.55000000e+03,3.708333
1551,1.55100000e+03,3.708333
1552,1.55200000e+03,1.625000
1553,1.55300000e+03,1.625000
1554,1.55400000e+03,-0.416667
1555,1.55500000e+03,-0.416667
1556,1.55600000e+03,-2.666667
1557,1.55700000e+03,-2.666667
1558,1.55800000e+03,-4.833333
1559,1.55900000e+03,-4.833333
1560,1.56000000e+03,-6.833333
1561,1.56100000e+03,-6.833333
1562,1.56200000e+03,-9.166667
1563,1.56300000e+03,-9.166667
1564,1.56400000e+03,-11.166667
1565,1.56500000e+03,-11.166667
1566,1.56600000e+03,-13.291667
1567,1.56700000e+03,-13.291667
1568,1.56800000e+03,-15.458333
1569,1.56900000e+03,-15.458333
1570,1.57000000e+03,-17.625000
1571,1.57100000e+03,-17.625000
1572,1.57200000e+03,-19.791667
1573,1.57300000e+03,-19.791667
1574,1.57400000e+03,-21.916667
1575,1.57500000e+03,-21.916667
1576,1.57600000e+03,-23.875000
1577,1.57700000e+03,-23.875000
1578,1.57800000e+03,-26.125000
1579,1.57900000e+03,-26.125000
1580,1.58000000e+03,-27.958333
1581,1.58100000e+03,-27.958333
1582,1.58200000e+03,-30.125000
1583,1.58300000e+03,-30.125000
1584,1.58400000e+03,-32.083333
1585,1.58500000e+03,-32.083333
1586,1.58600000e+03,-34.125000
1587,1.58700000e+03,-34.125000
1588,1.58800000e+03,-36.083333
1589,1.58900000e+03,-36.083333
1590,1.59000000e+03,-38.208333
1591,1.59100000e+03,-38.208333
1592,1.59200000e+03,-40.041667
1593,1.59300000e+03,-40.041667
1594,1.59400000e+03,-42.125000
1595,1.59500000e+03,-42.125000
1596,1.59600000e+03,-43.958333
1597,1.59700000e+03,-43.958333
1598,1.59800000e+03,-46.000000
1599,1.59900000e+03,-46.000000
1600,1.60000000e+03,-47.791667
1601,1.60100000e+03,-47.791667
1602,1.60200000e+03,-49.750000
1603,1.60300000e+03,-49.750000
1604,1.60400000e+03,-51.458333
1605,1.60500000e+03,-51.458333
1606,1.60600000e+03,-53.333333
1607,1.60700000e+03,-53.333333
1608,1.60800000e+03,-55.125000
1609,1.60900000e+03,-55.125000
1610,1.61000000e+03,-56.958333
1611,1.61100000e+03,-56.958333
1612,1.61200000e+03,-58.750000
1613,1.61300000e+03,-58.750000
1614,1.61400000e+03,-60.541667
1615,1.61500000e+03,-60.541667
1616,1.61600000e+03,-62.333333
1617,1.61700000e+03,-62.333333
1618,1.61800000e+03,-64.125000
1619,1.61900000e+03,-64.125000
1620,1.62000000e+03,-66.041667
1621,1.62100000e+03,-66.041667
1622,1.62200000e+03,-67.625000
1623,1.62300000e+03,-67.625000
1624,1.62400000e+03,-69.333333
1625,1.62500000e+03,-69.333333
1626,1.62600000e+03,-71.000000
1627,1.62700000e+03,-71.000000
1628,1.62800000e+03,-72.916667
1629,1.62900000e+03,-72.916667
1630,1.63000000e+03,-74.458333
1631,1.63100000e+03,-74.458333
1632,1.63200000e+03,-76.416667
1633,1.63300000e+03,-76.416667
1634,1.63400000e+03,-78.166667
1635,1.63500000e+03,-78.166667
1636,1.63600000e+03,-79.916667
1637,1.63700000e+03,-79.916667
1638,1.63800000e+03,-81.583333
1639,1.63900000e+03,-81.583333
1640,1.64000000e+03,-83.291667
1641,1.64100000e+03,-83.291667
1642,1.64200000e+03,-85.125000
1643,1.64300000e+03,-85.125000
1644,1.64400000e+03,-86.875000
1645,1.64500000e+03,-86.875000
1646,1.64600000e+03,-88.666667
1647,1.64700000e+03,-88.666667
1648,1.64800000e+03,-90.500000
1649,1.64900000e+03,-90.500000
1650,1.65000000e+03,-92.333333
1651,1.65100000e+03,-92.333333
1652,1.65200000e+03,-93.958333
1653,1.65300000e+03,-93.958333
1654,1.65400000e+03,-95.750000
1655,1.65500000e+03,-95.750000
1656,1.65600000e+03,-97.666667
1657,1.65700000e+03,-97.666667
1658,1.65800000e+03,-99.333333
1659,1.65900000e+03,-99.333333
1660,1.66000000e+03,-101.125000
1661,1.66100000e+03,-101.125000
1662,1.66200000e+03,-102.916667
1663,1.66300000e+03,-102.916667
1664,1.66400000e+03,-104.833333
1665,1.66500000e+03,-104.833333
1666,1.66600000e+03,-106.458333
1667,1.66700000e+03,-106.458333
1668,1.66800000e+03,-108.416667
1669,1.66900000e+03,-108.416667
1670,1.67000000e+03,-110.125000
1671,1.67100000e+03,-110.125000
1672,1.67200000e+03,-111.875000
1673,1.67300000e+03,-111.875000
1674,1.67400000e+03,-113.750000
1675,1.67500000e+03,-113.750000
1676,1.67600000e+03,-115.583333
1677,1.67700000e+03,-115.583333
1678,1.67800000e+03,-117.250000
1679,1.67900000e+03,-117.250000
1680,1.68000000e+03,-119.083333
1681,1.68100000e+03,-119.083333
1682,1.68200000e+03,-120.958333
1683,1.68300000e+03,-120.958333
1684,1.68400000e+03,-122.708333
1685,1.68500000e+03,-122.708333
1686,1.68600000e+03,-124.500000
1687,1.68700000e+03,-124.500000
1688,1.68800000e+03,-126.166667
1689,1.68900000e+03,-126.166667
1690,1.69000000e+03,-127.875000
1691,1.69100000e+03,-127.875000
1692,1.69200000e+03,-129.625000
1693,1.69300000e+03,-129.625000
1694,1.69400000e+03,-131.416667
1695,1.69500000e+03,-131.416667
1696,1.69600000e+03,-133.041667
1697,1.69700000e+03,-133.041667
1698,1.69800000e+03,-134.791667
1699,1.69900000e+03,-134.791667
1700,1.70000000e+03,-136.458333
1701,1.70100000e+03,-136.458333
1702,1.70200000e+03,-138.041667
1703,1.70300000e+03,-138.041667
1704,1.70400000e+03,-139.791667
1705,1.70500000e+03,-139.791667
1706,1.70600000e+03,-141.333333
1707,1.70700000e+03,-141.333333
1708,1.70800000e+03,-142.833333
1709,1.70900000e+03,-142.833333
1710,1.71000000e+03,-144.458333
1711,1.71100000e+03,-144.458333
1712,1.71200000e+03,-145.958333
1713,1.71300000e+03,-145.958333
1714,1.71400000e+03,-147.416667
1715,1.71500000e+03,-147.416667
1716,1.71600000e+03,-148.916667
1717,1.71700000e+03,-148.916667
1718,1.71800000e+03,-150.375000
1719,1.71900000e+03,-150.375000
1720,1.72000000e+03,-151.791667
1721,1.72100000e+03,-151.791667
1722,1.72200000e+03,-153.125000
1723,1.72300000e+03,-153.125000
1724,1.72400000e+03,-154.375000
1725,1.72500000e+03,-154.375000
1726,1.72600000e+03,-155.708333
1727,1.72700000e+03,-155.708333
1728,1.72800000e+03,-157.208333
1729,1.72900000e+03,-157.208333
1730,1.73000000e+03,-158.375000
1731,1.73100000e+03,-158.375000
1732,1.73200000e+03,-159.875000
1733,1.73300000e+03,-159.875000
1734,1.73400000e+03,-160.875000
1735,1.73500000e+03,-160.875000
1736,1.73600000e+03,-162.208333
1737,1.73700000e+03,-162.208333
1738,1.73800000e+03,-163.416667
1739,1.73900000e+03,-163.416667
1740,1.74000000e+03,-164.583333
1741,1.74100000e+03,-164.583333
1742,1.74200000e+03,-165.791667
1743,1.74300000e+03,-165.791667
1744,1.74400000e+03,-166.791667
1745,1.74500000e+03,-166.791667
1746,1.74600000e+03,-168.000000
1747,1.74700000e+03,-168.000000
1748,1.74800000e+03,-168.958333
1749,1.74900000e+03,-168.958333
1750,1.75000000e+03,-170.166667
1751,1.75100000e+03,-170.166667
1752,1.75200000e+03,-171.250000
1753,1.75300000e+03,-171.250000
1754,1.75400000e+03,-172.250000
1755,1.75500000e+03,-172.250000
1756,1.75600000e+03,-173.291667
1757,1.75700000e+03,-173.291667
1758,1.75800000e+03,-174.333333
1759,1.75900000e+03,-174.333333
1760,1.76000000e+03,-175.208333
1761,1.76100000e+03,-175.208333
1762,1.76200000e+03,-176.416667
1763,1.76300000e+03,-176.416667
1764,1.76400000e+03,-177.291667
1765,1.76500000e+03,-177.291667
1766,1.76600000e+03,-178.375000
1767,1.76700000e+03,-178.375000
1768,1.76800000e+03,-179.291667
1769,1.76900000e+03,-179.291667
1770,1.77000000e+03,-180.291667
1771,1.77100000e+03,-180.291667
1772,1.77200000e+03,-181.291667
1773,1.77300000e+03,-181.291667
1774,1.77400000e+03,-182.291667
1775,1.77500000e+03,-182.291667
1776,1.77600000e+03,-183.333333
1777,1.77700000e+03,-183.333333
1778,1.77800000e+03,-184.250000
1779,1.77900000e+03,-184.250000
1780,1.78000000e+03,-185.208333
1781,1.78100000e+03,-185.208333
1782,1.78200000e+03,-186.125000
1783,1.78300000e+03,-186.125000
1784,1.78400000e+03,-187.208333
1785,1.78500000e+03,-187.208333
1786,1.78600000e+03,-188.208333
1787,1.78700000e+03,-188.208333
1788,1.78800000e+03,-189.125000
1789,1.78900000e+03,-189.125000
1790,1.79000000e+03,-190.333333
1791,1.79100000e+03,-190.333333
1792,1.79200000e+03,-191.291667
1793,1.79300000e+03,-191.291667
1794,1.79400000e+03,-192.291667
1795,1.79500000e+03,-192.291667
1796,1.79600000e+03,-193.333333
1797,1.79700000e+03,-193.333333
1798,1.79800000e+03,-194.416667
1799,1.79900000e+03,-194.416667
1800,1.80000000e+03,-195.333333
1801,1.80100000e+03,-195.333333
1802,1.80200000e+03,-196.500000
1803,1.80300000e+03,-196.500000
1804,1.80400000e+03,-197.416667
1805,1.80500000e+03,-197.416667
1806,1.80600000e+03,-198.583333
1807,1.80700000e+03,-198.583333
1808,1.80800000e+03,-199.666667
1809,1.80900000e+03,-199.666667
1810,1.81000000e+03,-200.666667
1811,1.81100000e+03,-200.666667
1812,1.81200000e+03,-201.708333
1813,1.81300000e+03,-201.708333
1814,1.81400000e+03,-202.791667
1815,1.81500000e+03,-202.791667
1816,1.81600000e+03,-203.958333
1817,1.81700000e+03,-203.958333
1818,1.81800000e+03,-204.958333
1819,1.81900000e+03,-204.958333
1820,1.82000000e+03,-206.083333
1821,1.82100000e+03,-206.083333
1822,1.82200000e+03,-207.125000
1823,1.82300000e+03,-207.125000
1824,1.82400000e+03,-208.208333
1825,1.82500000e+03,-208.208333
1826,1.82600000e+03,-209.333333
1827,1.82700000e+03,-209.333333
1828,1.82800000e+03,-210.250000
1829,1.82900000e+03,-210.250000
1830,1.83000000e+03,-211.375000
1831,1.83100000e+03,-211.375000
1832,1.83200000e+03,-212.250000
1833,1.83300000e+03,-212.250000
1834,1.83400000e+03,-213.583333
1835,1.83500000e+03,-213.583333
1836,1.83600000e+03,-214.416667
1837,1.83700000e+03,-214.416667
1838,1.83800000e+03,-215.416667
1839,1.83900000e+03,-215.416667
1840,1.84000000e+03,-216.500000
1841,1.84100000e+03,-216.500000
1842,1.84200000e+03,-217.291667
1843,1.84300000e+03,-217.291667
1844,1.84400000e+03,-218.250000
1845,1.84500000e+03,-218.250000
1846,1.84600000e+03,-219.166667
1847,1.84700000e+03,-219.166667
1848,1.84800000e+03,-220.125000
1849,1.84900000e+03,-220.125000
1850,1.85000000e+03,-220.958333
1851,1.85100000e+03,-220.958333
1852,1.85200000e+03,-221.750000
1853,1.85300000e+03,-221.750000
1854,1.85400000e+03,-222.625000
1855,1.85500000e+03,-222.625000
1856,1.85600000e+03,-223.375000
1857,1.85700000e+03,-223.375000
1858,1.85800000e+03,-224.208333
1859,1.85900000e+03,-224.208333
1860,1.86000000e+03,-224.791667
1861,1.86100000e+03,-224.791667
1862,1.86200000e+03,-225.500000
1863,1.86300000e+03,-225.500000
1864,1.86400000e+03,-226.250000
1865,1.86500000e+03,-226.250000
1866,1.86600000e+03,-226.750000
1867,1.86700000e+03,-226.750000
1868,1.86800000e+03,-227.416667
1869,1.86900000e+03,-227.416667
1870,1.87000000e+03,-228.041667
1871,1.87100000e+03,-228.041667
1872,1.87200000e+03,-228.583333
1873,1.87300000e+03,-228.583333
1874,1.87400000e+03,-229.041667
1875,1.87500000e+03,-229.041667
1876,1.87600000e+03,-229.541667
1877,1.87700000e+03,-229.541667
1878,1.87800000e+03,-230.000000
1879,1.87900000e+03,-230.000000
1880,1.88000000e+03,-230.583333
1881,1.88100000e+03,-230.583333
1882,1.88200000e+03,-230.875000
1883,1.88300000e+03,-230.875000
1884,1.88400000e+03,-231.333333
1885,1.88500000e+03,-231.333333
1886,1.88600000e+03,-231.708333
1887,1.88700000e+03,-231.708333
1888,1.88800000e+03,-231.875000
1889,1.88900000e+03,-231.875000
1890,1.89000000e+03,-232.291667
1891,1.89100000e+03,-232.291667
1892,1.89200000e+03,-232.500000
1893,1.89300000e+03,-232.500000
1894,1.89400000e+03,-232.958333
1895,1.89500000e+03,-232.958333
1896,1.89600000e+03,-233.208333
1897,1.89700000e+03,-233.208333
1898,1.89800000e+03,-233.375000
1899,1.89900000e+03,-233.375000
1900,1.90000000e+03,-233.666667
1901,1.90100000e+03,-233.666667
1902,1.90200000e+03,-233.708333
1903,1.90300000e+03,-233.708333
1904,1.90400000e+03,-233.875000
1905,1.90500000e+03,-233.875000
1906,1.90600000e+03,-234.125000
1907,1.90700000e+03,-234.125000
1908,1.90800000e+03,-234.083333
1909,1.90900000e+03,-234.083333
1910,1.91000000e+03,-234.291667
1911,1.91100000e+03,-234.291667
1912,1.91200000e+03,-234.250000
1913,1.91300000e+03,-234.250000
1914,1.91400000e+03,-234.416667
1915,1.91500000e+03,-234.416667
1916,1.91600000e+03,-234.625000
1917,1.91700000e+03,-234.625000
1918,1.91800000e+03,-234.541667
1919,1.91900000e+03,-234.541667
1920,1.92000000e+03,-234.458333
1921,1.92100000e+03,-234.458333
1922,1.92200000e+03,-234.500000
1923,1.92300000e+03,-234.500000
1924,1.92400000e+03,-234.708333
1925,1.92500000e+03,-234.708333
1926,1.92600000e+03,-234.583333
1927,1.92700000e+03,-234.583333
1928,1.92800000e+03,-234.416667
1929,1.92900000e+03,-234.416667
1930,1.93000000e+03,-234.416667
1931,1.93100000e+03,-234.416667
1932,1.93200000e+03,-234.458333
1933,1.93300000e+03,-234.458333
1934,1.93400000e+03,-234.416667
1935,1.93500000e+03,-234.416667
1936,1.93600000e+03,-234.250000
1937,1.93700000e+03,-234.250000
1938,1.93800000e+03,-234.208333
1939,1.93900000e+03,-234.208333
1940,1.94000000e+03,-234.125000
1941,1.94100000e+03,-234.125000
1942,1.94200000e+03,-233.791667
1943,1.94300000e+03,-233.791667
1944,1.94400000e+03,-233.958333
1945,1.94500000e+03,-233.958333
1946,1.94600000e+03,-233.750000
1947,1.94700000e+03,-233.750000
1948,1.94800000e+03,-233.708333
1949,1.94900000e+03,-233.708333
1950,1.95000000e+03,-233.458333
1951,1.95100000e+03,-233.458333
1952,1.95200000e+03,-233.333333
1953,1.95300000e+03,-233.333333
1954,1.95400000e+03,-233.000000
1955,1.95500000e+03,-233.000000
1956,1.95600000e+03,-232.666667
1957,1.95700000e+03,-232.666667
1958,1.95800000e+03,-232.583333
1959,1.95900000e+03,-232.583333
1960,1.96000000e+03,-232.333333
1961,1.96100000e+03,-232.333333
1962,1.96200000e+03,-231.958333
1963,1.96300000e+03,-231.958333
1964,1.96400000e+03,-231.708333
1965,1.96500000e+03,-231.708333
1966,1.96600000e+03,-231.458333
1967,1.96700000e+03,-231.458333
1968,1.96800000e+03,-231.291667
1969,1.96900000e+03,-231.291667
1970,1.97000000e+03,-230.958333
1971,1.97100000e+03,-230.958333
1972,1.97200000e+03,-230.500000
1973,1.97300000e+03,-230.500000
1974,1.97400000e+03,-230.083333
1975,1.97500000e+03,-230.083333
1976,1.97600000e+03,-229.708333
1977,1.97700000e+03,-229.708333
1978,1.97800000e+03,-229.333333
1979,1.97900000e+03,-229.333333
1980,1.98000000e+03,-228.708333
1981,1.98100000e+03,-228.708333
1982,1.98200000e+03,-228.208333
1983,1.98300000e+03,-228.208333
1984,1.98400000e+03,-227.750000
1985,1.98500000e+03,-227.750000
1986,1.98600000e+03,-227.250000
1987,1.98700000e+03,-227.250000
1988,1.98800000e+03,-226.708333
1989,1.98900000e+03,-226.708333
1990,1.99000000e+03,-225.875000
1991,1.99100000e+03,-225.875000
1992,1.99200000e+03,-225.375000
1993,1.99300000e+03,-225.375000
1994,1.99400000e+03,-224.666667
1995,1.99500000e+03,-224.666667
1996,1.99600000e+03,-224.041667
1997,1.99700000e+03,-224.041667
1998,1.99800000e+03,-223.291667
1999,1.99900000e+03,-223.291667
2000,2.00000000e+03,-222.625000
2001,2.00100000e+03,-222.625000
2002,2.00200000e+03,-221.791667
2003,2.00300000e+03,-221.791667
2004,2.00400000e+03,-221.000000
2005,2.00500000e+03,-221.000000
2006,2.00600000e+03,-220.208333
2007,2.00700000e+03,-220.208333
2008,2.00800000e+03,-219.333333
2009,2.00900000e+03,-219.333333
2010,2.01000000e+03,-218.416667
2011,2.01100000e+03,-218.416667
2012,2.01200000e+03,-217.500000
2013,2.01300000e+03,-217.500000
2014,2.01400000e+03,-216.708333
2015,2.01500000e+03,-216.708333
2016,2.01600000e+03,-215.666667
2017,2.01700000e+03,-215.666667
2018,2.01800000e+03,-214.791667
2019,2.01900000e+03,-214.791667
2020,2.02000000e+03,-213.750000
2021,2.02100000e+03,-213.750000
2022,2.02200000e+03,-212.875000
2023,2.02300000e+03,-212.875000
2024,2.02400000e+03,-211.750000
2025,2.02500000e+03,-211.750000
2026,2.02600000e+03,-210.708333
2027,2.02700000e+03,-210.708333
2028,2.02800000e+03,-209.666667
2029,2.02900000e+03,-209.666667
2030,2.03000000e+03,-208.500000
2031,2.03100000e+03,-208.500000
2032,2.03200000e+03,-207.625000
2033,2.03300000e+03,-207.625000
2034,2.03400000e+03,-206.416667
2035,2.03500000e+03,-206.416667
2036,2.03600000e+03,-205.333333
2037,2.03700000e+03,-205.333333
2038,2.03800000e+03,-204.166667
2039,2.03900000e+03,-204.166667
2040,2.04000000e+03,-203.083333
2041,2.04100000e+03,-203.083333
2042,2.04200000e+03,-201.916667
2043,2.04300000e+03,-201.916667
2044,2.04400000e+03,-200.833333
2045,2.04500000e+03,-200.833333
2046,2.04600000e+03,-199.750000
2047,2.04700000e+03,-199.750000
2048,2.04800000e+03,-198.541667
2049,2.04900000e+03,-198.541667
2050,2.05000000e+03,-197.541667
2051,2.05100000e+03,-197.541667
2052,2.05200000e+03,-196.625000
2053,2.05300000e+03,-196.625000
2054,2.05400000e+03,-195.333333
2055,2.05500000e+03,-195.333333
2056,2.05600000e+03,-194.250000
2057,2.05700000e+03,-194.250000
2058,2.05800000e+03,-193.250000
2059,2.05900000e+03,-193.250000
2060,2.06000000e+03,-192.083333
2061,2.06100000e+03,-192.083333
2062,2.06200000e+03,-190.958333
2063,2.06300000e+03,-190.958333
2064,2.06400000e+03,-189.958333
2065,2.06500000e+03,-189.958333
2066,2.06600000e+03,-188.833333
2067,2.06700000e+03,-188.833333
2068,2.06800000e+03,-187.791667
2069,2.06900000e+03,-187.791667
2070,2.07000000e+03,-186.833333
2071,2.07100000e+03,-186.833333
2072,2.07200000e+03,-185.750000
2073,2.07300000e+03,-185.750000
2074,2.07400000e+03,-184.750000
2075,2.07500000e+03,-184.750000
2076,2.07600000e+03,-183.833333
2077,2.07700000e+03,-183.833333
2078,2.07800000e+03,-182.666667
2079,2.07900000e+03,-182.666667
2080,2.08000000e+03,-181.708333
2081,2.08100000e+03,-181.708333
2082,2.08200000e+03,-180.791667
2083,2.08300000e+03,-180.791667
2084,2.08400000e+03,-179.625000
2085,2.08500000e+03,-179.625000
2086,2.08600000e+03,-178.708333
2087,2.08700000e+03,-178.708333
2088,2.08800000e+03,-177.708333
2089,2.08900000e+03,-177.708333
2090,2.09000000e+03,-176.666667
2091,2.09100000e+03,-176.666667
2092,2.09200000e+03,-175.666667
2093,2.09300000e+03,-175.666667
2094,2.09400000e+03,-174.708333
2095,2.09500000e+03,-174.708333
2096,2.09600000e+03,-173.708333
2097,2.09700000e+03,-173.708333
2098,2.09800000e+03,-172.708333
2099,2.09900000e+03,-172.708333
2100,2.10000000e+03,-171.625000
2101,2.10100000e+03,-171.625000
2102,2.10200000e+03,-170.625000
2103,2.10300000e+03,-170.625000
2104,2.10400000e+03,-169.625000
2105,2.10500000e+03,-169.625000
2106,2.10600000e+03,-168.458333
2107,2.10700000e+03,-168.458333
2108,2.10800000e+03,-167.375000
2109,2.10900000e+03,-167.375000
2110,2.11000000e+03,-166.333333
2111,2.11100000e+03,-166.333333
2112,2.11200000e+03,-165.208333
2113,2.11300000e+03,-165.208333
2114,2.11400000e+03,-164.083333
2115,2.11500000e+03,-164.083333
2116,2.11600000e+03,-162.833333
2117,2.11700000e+03,-162.833333
2118,2.11800000e+03,-161.875000
2119,2.11900000e+03,-161.875000
2120,2.12000000e+03,-160.541667
2121,2.12100000e+03,-160.541667
2122,2.12200000e+03,-159.375000
2123,2.12300000e+03,-159.375000
2124,2.12400000e+03,-158.125000
2125,2.12500000e+03,-158.125000
2126,2.12600000e+03,-156.875000
2127,2.12700000e+03,-156.875000
2128,2.12800000e+03,-155.583333
2129,2.12900000e+03,-155.583333
2130,2.13000000e+03,-154.208333
2131,2.13100000e+03,-154.208333
2132,2.13200000e+03,-153.125000
2133,2.13300000e+03,-153.125000
2134,2.13400000e+03,-151.625000
2135,2.13500000e+03,-151.625000
2136,2.13600000e+03,-150.250000
2137,2.13700000e+03,-150.250000
2138,2.13800000e+03,-148.583333
2139,2.13900000e+03,-148.583333
2140,2.14000000e+03,-147.208333
2141,2.14100000e+03,-147.208333
2142,2.14200000e+03,-145.791667
2143,2.14300000e+03,-145.791667
2144,2.14400000e+03,-144.166667
2145,2.14500000e+03,-144.166667
2146,2.14600000e+03,-142.833333
2147,2.14700000e+03,-142.833333
2148,2.14800000e+03,-141.291667
2149,2.14900000e+03,-141.291667
2150,2.15000000e+03,-139.583333
2151,2.15100000e+03,-139.583333
2152,2.15200000e+03,-137.916667
2153,2.15300000e+03,-137.916667
2154,2.15400000e+03,-136.500000
2155,2.15500000e+03,-136.500000
2156,2.15600000e+03,-134.833333
2157,2.15700000e+03,-134.833333
2158,2.15800000e+03,-133.041667
2159,2.15900000e+03,-133.041667
2160,2.16000000e+03,-131.250000
2161,2.16100000e+03,-131.250000
2162,2.16200000e+03,-129.625000
2163,2.16300000e+03,-129.625000
2164,2.16400000e+03,-127.875000
2165,2.16500000e+03,-127.875000
2166,2.16600000e+03,-126.250000
2167,2.16700000e+03,-126.250000
2168,2.16800000e+03,-124.333333
2169,2.16900000e+03,-124.333333
2170,2.17000000e+03,-122.583333
2171,2.17100000e+03,-122.583333
2172,2.17200000e+03,-120.750000
2173,2.17300000e+03,-120.750000
2174,2.17400000e+03,-118.916667
2175,2.17500000e+03,-118.916667
2176,2.17600000e+03,-117.125000
2177,2.17700000e+03,-117.125000
2178,2.17800000e+03,-115.333333
2179,2.17900000e+03,-115.333333
2180,2.18000000e+03,-113.500000
2181,2.18100000e+03,-113.500000
2182,2.18200000e+03,-111.750000
2183,2.18300000e+03,-111.750000
2184,2.18400000e+03,-110.000000
2185,2.18500000e+03,-110.000000
2186,2.18600000e+03,-108.083333
2187,2.18700000e+03,-108.083333
2188,2.18800000e+03,-106.291667
2189,2.18900000e+03,-106.291667
2190,2.19000000e+03,-104.416667
2191,2.19100000e+03,-104.416667
2192,2.19200000e+03,-102.541667
2193,2.19300000e+03,-102.541667
2194,2.19400000e+03,-100.750000
2195,2.19500000e+03,-100.750000
2196,2.19600000e+03,-98.958333
2197,2.19700000e+03,-98.958333
2198,2.19800000e+03,-97.083333
2199,2.19900000e+03,-97.083333
2200,2.20000000e+03,-95.291667
2201,2.20100000e+03,-95.291667
2202,2.20200000e+03,-93.458333
2203,2.20300000e+03,-93.458333
2204,2.20400000e+03,-91.708333
2205,2.20500000e+03,-91.708333
2206,2.20600000e+03,-89.916667
2207,2.20700000e+03,-89.916667
2208,2.20800000e+03,-88.166667
2209,2.20900000e+03,-88.166667
2210,2.21000000e+03,-86.416667
2211,2.21100000e+03,-86.416667
2212,2.21200000e+03,-84.541667
2213,2.21300000e+03,-84.541667
2214,2.21400000e+03,-82.958333
2215,2.21500000e+03,-82.958333
2216,2.21600000e+03,-81.041667
2217,2.21700000e+03,-81.041667
2218,2.21800000e+03,-79.416667
2219,2.21900000e+03,-79.416667
2220,2.22000000e+03,-77.541667
2221,2.22100000e+03,-77.541667
2222,2.22200000e+03,-75.833333
2223,2.22300000e+03,-75.833333
2224,2.22400000e+03,-74.041667
2225,2.22500000e+03,-74.041667
2226,2.22600000e+03,-72.250000
2227,2.22700000e+03,-72.250000
2228,2.22800000e+03,-70.500000
2229,2.22900000e+03,-70.500000
2230,2.23000000e+03,-68.791667
2231,2.23100000e+03,-68.791667
2232,2.23200000e+03,-67.000000
2233,2.23300000e+03,-67.000000
2234,2.23400000e+03,-65.250000
2235,2.23500000e+03,-65.250000
2236,2.23600000e+03,-63.375000
2237,2.23700000e+03,-63.375000
2238,2.23800000e+03,-61.791667
2239,2.23900000e+03,-61.791667
2240,2.24000000e+03,-60.083333
2241,2.24100000e+03,-60.083333
2242,2.24200000e+03,-58.208333
2243,2.24300000e+03,-58.208333
2244,2.24400000e+03,-56.416667
2245,2.24500000e+03,-56.416667
2246,2.24600000e+03,-54.625000
2247,2.24700000e+03,-54.625000
2248,2.24800000e+03,-52.750000
2249,2.24900000e+03,-52.750000
2250,2.25000000e+03,-51.041667
2251,2.25100000e+03,-51.041667
2252,2.25200000e+03,-49.125000
2253,2.25300000e+03,-49.125000
2254,2.25400000e+03,-47.333333
2255,2.25500000e+03,-47.333333
2256,2.25600000e+03,-45.375000
2257,2.25700000e+03,-45.375000
2258,2.25800000e+03,-43.583333
2259,2.25900000e+03,-43.583333
2260,2.26000000e+03,-41.625000
2261,2.26100000e+03,-41.625000
2262,2.26200000e+03,-39.666667
2263,2.26300000e+03,-39.666667
2264,2.26400000e+03,-37.791667
2265,2.26500000e+03,-37.791667
2266,2.26600000e+03,-35.916667
2267,2.26700000e+03,-35.916667
2268,2.26800000e+03,-33.916667
2269,2.26900000e+03,-33.916667
2270,2.27000000e+03,-31.875000
2271,2.27100000e+03,-31.875000
2272,2.27200000e+03,-29.791667
2273,2.27300000e+03,-29.791667
2274,2.27400000e+03,-27.833333
2275,2.27500000e+03,-27.833333
2276,2.27600000e+03,-25.875000
2277,2.27700000e+03,-25.875000
2278,2.27800000e+03,-23.833333
2279,2.27900000e+03,-23.833333
2280,2.28000000e+03,-21.791667
2281,2.28100000e+03,-21.791667
2282,2.28200000e+03,-19.666667
2283,2.28300000e+03,-19.666667
2284,2.28400000e+03,-17.458333
2285,2.28500000e+03,-17.458333
2286,2.28600000e+03,-15.458333
2287,2.28700000e+03,-15.458333
2288,2.28800000e+03,-13.333333
2289,2.28900000e+03,-13.333333
2290,2.29000000e+03,-11.291667
2291,2.29100000e+03,-11.291667
2292,2.29200000e+03,-9.041667
2293,2.29300000e+03,-9.041667
2294,2.29400000e+03,-7.041667
2295,2.29500000e+03,-7.041667
2296,2.29600000e+03,-4.791667
2297,2.29700000e+03,-4.791667
2298,2.29800000e+03,-2.750000
2299,2.29900000e+03,-2.750000
2300,2.30000000e+03,-0.500000
2301,2.30100000e+03,-0.500000
2302,2.30200000e+03,1.541667
2303,2.30300000e+03,1.541667
2304,2.30400000e+03,3.625000
2305,2.30500000e+03,3.625000
2306,2.30600000e+03,5.750000
2307,2.30700000e+03,5.750000
2308,2.30800000e+03,7.958333
2309,2.30900000e+03,7.958333
2310,2.31000000e+03,10.125000
2311,2.31100000e+03,10.125000
2312,2.31200000e+03,12.250000
2313,2.31300000e+03,12.250000
2314,2.31400000e+03,14.375000
2315,2.31500000e+03,14.375000
2316,2.31600000e+03,16.500000
2317,2.31700000e+03,16.500000
2318,2.31800000e+03,18.625000
2319,2.31900000e+03,18.625000
2320,2.32000000e+03,20.708333
2321,2.32100000e+03,20.708333
2322,2.32200000e+03,22.875000
2323,2.32300000e+03,22.875000
2324,2.32400000e+03,24.958333
2325,2.32500000e+03,24.958333
2326,2.32600000e+03,27.083333
2327,2.32700000e+03,27.083333
2328,2.32800000e+03,29.125000
2329,2.32900000e+03,29.125000
2330,2.33000000e+03,30.958333
2331,2.33100000e+03,30.958333
2332,2.33200000e+03,33.166667
2333,2.33300000e+03,33.166667
2334,2.33400000e+03,35.000000
2335,2.33500000e+03,35.000000
2336,2.33600000e+03,37.000000
2337,2.33700000e+03,37.000000
2338,2.33800000e+03,39.125000
2339,2.33900000e+03,39.125000
2340,2.34000000e+03,41.000000
2341,2.34100000e+03,41.000000
2342,2.34200000e+03,42.958333
2343,2.34300000e+03,42.958333
2344,2.34400000e+03,44.875000
2345,2.34500000e+03,44.875000
2346,2.34600000e+03,46.791667
2347,2.34700000e+03,46.791667
2348,2.34800000e+03,48.666667
2349,2.34900000e+03,48.666667
2350,2.35000000e+03,50.541667
2351,2.35100000e+03,50.541667
2352,2.35200000e+03,52.375000
2353,2.35300000e+03,52.375000
2354,2.35400000e+03,54.291667
2355,2.35500000e+03,54.291667
2356,2.35600000e+03,56.000000
2357,2.35700000e+03,56.000000
2358,2.35800000e+03,57.833333
2359,2.35900000e+03,57.833333
2360,2.36000000e+03,59.666667
2361,2.36100000e+03,59.666667
2362,2.36200000e+03,61.416667
2363,2.36300000e+03,61.416667
2364,2.36400000e+03,63.125000
2365,2.36500000e+03,63.125000
2366,2.36600000e+03,64.875000
2367,2.36700000e+03,64.875000
2368,2.36800000e+03,66.750000
2369,2.36900000e+03,66.750000
2370,2.37000000e+03,68.375000
2371,2.37100000e+03,68.375000
2372,2.37200000e+03,70.125000
2373,2.37300000e+03,70.125000
2374,2.37400000e+03,71.916667
2375,2.37500000e+03,71.916667
2376,2.37600000e+03,73.708333
2377,2.37700000e+03,73.708333
2378,2.37800000e+03,75.541667
2379,2.37900000e+03,75.541667
2380,2.38000000e+03,77.125000
2381,2.38100000e+03,77.125000
2382,2.38200000e+03,78.875000
2383,2.38300000e+03,78.875000
2384,2.38400000e+03,80.583333
2385,2.38500000e+03,80.583333
2386,2.38600000e+03,82.375000
2387,2.38700000e+03,82.375000
2388,2.38800000e+03,84.166667
2389,2.38900000e+03,84.166667
2390,2.39000000e+03,85.916667
2391,2.39100000e+03,85.916667
2392,2.39200000e+03,87.666667
2393,2.39300000e+03,87.666667
2394,2.39400000e+03,89.291667
2395,2.39500000e+03,89.291667
2396,2.39600000e+03,91.166667
2397,2.39700000e+03,91.166667
2398,2.39800000e+03,93.000000
2399,2.39900000e+03,93.000000
2400,2.40000000e+03,94.750000
2401,2.40100000e+03,94.750000
2402,2.40200000e+03,96.458333
2403,2.40300000e+03,96.458333
2404,2.40400000e+03,98.458333
2405,2.40500000e+03,98.458333
2406,2.40600000e+03,100.125000
2407,2.40700000e+03,100.125000
2408,2.40800000e+03,101.875000
2409,2.40900000e+03,101.875000
2410,2.41000000e+03,103.666667
2411,2.41100000e+03,103.666667
2412,2.41200000e+03,105.500000
2413,2.41300000e+03,105.500000
2414,2.41400000e+03,107.291667
2415,2.41500000e+03,107.291667
2416,2.41600000e+03,109.083333
2417,2.41700000e+03,109.083333
2418,2.41800000e+03,110.791667
2419,2.41900000e+03,110.791667
2420,2.42000000e+03,112.625000
2421,2.42100000e+03,112.625000
2422,2.42200000e+03,114.458333
2423,2.42300000e+03,114.458333
2424,2.42400000e+03,116.291667
2425,2.42500000e+03,116.291667
2426,2.42600000e+03,118.000000
2427,2.42700000e+03,118.000000
2428,2.42800000e+03,119.875000
2429,2.42900000e+03,119.875000
2430,2.43000000e+03,121.625000
2431,2.43100000e+03,121.625000
2432,2.43200000e+03,123.458333
2433,2.43300000e+03,123.458333
2434,2.43400000e+03,125.041667
2435,2.43500000e+03,125.041667
2436,2.43600000e+03,126.958333
2437,2.43700000e+03,126.958333
2438,2.43800000e+03,128.541667
2439,2.43900000e+03,128.541667
2440,2.44000000e+03,130.333333
2441,2.44100000e+03,130.333333
2442,2.44200000e+03,131.958333
2443,2.44300000e+03,131.958333
2444,2.44400000e+03,133.708333
2445,2.44500000e+03,133.708333
2446,2.44600000e+03,135.458333
2447,2.44700000e+03,135.458333
2448,2.44800000e+03,137.083333
2449,2.44900000e+03,137.083333
2450,2.45000000e+03,138.708333
2451,2.45100000e+03,138.708333
2452,2.45200000e+03,140.291667
2453,2.45300000e+03,140.291667
2454,2.45400000e+03,141.750000
2455,2.45500000e+03,141.750000
2456,2.45600000e+03,143.333333
2457,2.45700000e+03,143.333333
2458,2.45800000e+03,144.875000
2459,2.45900000e+03,144.875000
2460,2.46000000e+03,146.416667
2461,2.46100000e+03,146.416667
2462,2.46200000e+03,148.000000
2463,2.46300000e+03,148.000000
2464,2.46400000e+03,149.458333
2465,2.46500000e+03,149.458333
2466,2.46600000e+03,150.750000
2467,2.46700000e+03,150.750000
2468,2.46800000e+03,152.125000
2469,2.46900000e+03,152.125000
2470,2.47000000e+03,153.625000
2471,2.47100000e+03,153.625000
2472,2.47200000e+03,155.000000
2473,2.47300000e+03,155.000000
2474,2.47400000e+03,156.333333
2475,2.47500000e+03,156.333333
2476,2.47600000e+03,157.541667
2477,2.47700000e+03,157.541667
2478,2.47800000e+03,158.875000
2479,2.47900000e+03,158.875000
2480,2.48000000e+03,160.041667
2481,2.48100000e+03,160.041667
2482,2.48200000e+03,161.458333
2483,2.48300000e+03,161.458333
2484,2.48400000e+03,162.583333
2485,2.48500000e+03,162.583333
2486,2.48600000e+03,163.750000
2487,2.48700000e+03,163.750000
2488,2.48800000e+03,164.958333
2489,2.48900000e+03,164.958333
2490,2.49000000e+03,165.958333
2491,2.49100000e+03,165.958333
2492,2.49200000e+03,167.166667
2493,2.49300000e+03,167.166667
2494,2.49400000e+03,168.291667
2495,2.49500000e+03,168.291667
2496,2.49600000e+03,169.291667
2497,2.49700000e+03,169.291667
2498,2.49800000e+03,170.583333
2499,2.49900000e+03,170.583333
2500,2.50000000e+03,171.500000
2501,2.50100000e+03,171.500000
2502,2.50200000e+03,172.458333
2503,2.50300000e+03,172.458333
2504,2.50400000e+03,173.541667
2505,2.50500000e+03,173.541667
2506,2.50600000e+03,174.708333
2507,2.50700000e+03,174.708333
2508,2.50800000e+03,175.583333
2509,2.50900000e+03,175.583333
2510,2.51000000e+03,176.708333
2511,2.51100000e+03,176.708333
2512,2.51200000e+03,177.541667
2513,2.51300000e+03,177.541667
2514,2.51400000e+03,178.583333
2515,2.51500000e+03,178.583333
2516,2.51600000e+03,179.625000
2517,2.51700000e+03,179.625000
2518,2.51800000e+03,180.500000
2519,2.51900000e+03,180.500000
2520,2.52000000e+03,181.416667
2521,2.52100000e+03,181.416667
2522,2.52200000e+03,182.541667
2523,2.52300000e+03,182.541667
2524,2.52400000e+03,183.541667
2525,2.52500000e+03,183.541667
2526,2.52600000e+03,184.625000
2527,2.52700000e+03,184.625000
2528,2.52800000e+03,185.500000
2529,2.52900000e+03,185.500000
2530,2.53000000e+03,186.500000
2531,2.53100000e+03,186.500000
2532,2.53200000e+03,187.500000
2533,2.53300000e+03,187.500000
2534,2.53400000e+03,188.416667
2535,2.53500000e+03,188.416667
2536,2.53600000e+03,189.583333
2537,2.53700000e+03,189.583333
2538,2.53800000e+03,190.583333
2539,2.53900000e+03,190.583333
2540,2.54000000e+03,191.500000
2541,2.54100000e+03,191.500000
2542,2.54200000e+03,192.541667
2543,2.54300000e+03,192.541667
2544,2.54400000e+03,193.541667
2545,2.54500000e+03,193.541667
2546,2.54600000e+03,194.541667
2547,2.54700000e+03,194.541667
2548,2.54800000e+03,195.666667
2549,2.54900000e+03,195.666667
2550,2.55000000e+03,196.666667
2551,2.55100000e+03,196.666667
2552,2.55200000e+03,197.791667
2553,2.55300000e+03,197.791667
2554,2.55400000e+03,198.833333
2555,2.55500000e+03,198.833333
2556,2.55600000e+03,199.958333
2557,2.55700000e+03,199.958333
2558,2.55800000e+03,201.000000
2559,2.55900000e+03,201.000000
2560,2.56000000e+03,202.000000
2561,2.56100000e+03,202.000000
2562,2.56200000e+03,203.000000
2563,2.56300000e+03,203.000000
2564,2.56400000e+03,204.250000
2565,2.56500000e+03,204.250000
2566,2.56600000e+03,205.166667
2567,2.56700000e+03,205.166667
2568,2.56800000e+03,206.333333
2569,2.56900000e+03,206.333333
2570,2.57000000e+03,207.375000
2571,2.57100000e+03,207.375000
2572,2.57200000e+03,208.416667
2573,2.57300000e+03,208.416667
2574,2.57400000e+03,209.500000
2575,2.57500000e+03,209.500000
2576,2.57600000e+03,210.666667
2577,2.57700000e+03,210.666667
2578,2.57800000e+03,211.583333
2579,2.57900000e+03,211.583333
2580,2.58000000e+03,212.625000
2581,2.58100000e+03,212.625000
2582,2.58200000e+03,213.666667
2583,2.58300000e+03,213.666667
2584,2.58400000e+03,214.583333
2585,2.58500000e+03,214.583333
2586,2.58600000e+03,215.625000
2587,2.58700000e+03,215.625000
2588,2.58800000e+03,216.666667
2589,2.58900000e+03,216.666667
2590,2.59000000e+03,217.583333
2591,2.59100000e+03,217.583333
2592,2.59200000e+03,218.416667
2593,2.59300000e+03,218.416667
2594,2.59400000e+03,219.375000
2595,2.59500000e+03,219.375000
2596,2.59600000e+03,220.375000
2597,2.59700000e+03,220.375000
2598,2.59800000e+03,221.083333
2599,2.59900000e+03,221.083333
2600,2.60000000e+03,221.875000
2601,2.60100000e+03,221.875000
2602,2.60200000e+03,222.666667
2603,2.60300000e+03,222.666667
2604,2.60400000e+03,223.416667
2605,2.60500000e+03,223.416667
2606,2.60600000e+03,224.208333
2607,2.60700000e+03,224.208333
2608,2.60800000e+03,224.833333
2609,2.60900000e+03,224.833333
2610,2.61000000e+03,225.541667
2611,2.61100000e+03,225.541667
2612,2.61200000e+03,226.250000
2613,2.61300000e+03,226.250000
2614,2.61400000e+03,226.916667
2615,2.61500000e+03,226.916667
2616,2.61600000e+03,227.458333
2617,2.61700000e+03,227.458333
2618,2.61800000e+03,227.958333
2619,2.61900000e+03,227.958333
2620,2.62000000e+03,228.541667
2621,2.62100000e+03,228.541667
2622,2.62200000e+03,229.083333
2623,2.62300000e+03,229.083333
2624,2.62400000e+03,229.583333
2625,2.62500000e+03,229.583333
2626,2.62600000e+03,230.083333
2627,2.62700000e+03,230.083333
2628,2.62800000e+03,230.500000
2629,2.62900000e+03,230.500000
2630,2.63000000e+03,230.916667
2631,2.63100000e+03,230.916667
2632,2.63200000e+03,231.333333
2633,2.63300000e+03,231.333333
2634,2.63400000e+03,231.708333
2635,2.63500000e+03,231.708333
2636,2.63600000e+03,232.000000
2637,2.63700000e+03,232.000000
2638,2.63800000e+03,232.250000
2639,2.63900000e+03,232.250000
2640,2.64000000e+03,232.583333
2641,2.64100000e+03,232.583333
2642,2.64200000e+03,232.916667
2643,2.64300000e+03,232.916667
2644,2.64400000e+03,233.000000
2645,2.64500000e+03,233.000000
2646,2.64600000e+03,233.291667
2647,2.64700000e+03,233.291667
2648,2.64800000e+03,233.458333
2649,2.64900000e+03,233.458333
2650,2.65000000e+03,233.583333
2651,2.65100000e+03,233.583333
2652,2.65200000e+03,233.791667
2653,2.65300000e+03,233.791667
2654,2.65400000e+03,233.916667
2655,2.65500000e+03,233.916667
2656,2.65600000e+03,234.041667
2657,2.65700000e+03,234.041667
2658,2.65800000e+03,234.083333
2659,2.65900000e+03,234.083333
2660,2.66000000e+03,234.083333
2661,2.66100000e+03,234.083333
2662,2.66200000e+03,234.250000
2663,2.66300000e+03,234.250000
2664,2.66400000e+03,234.208333
2665,2.66500000e+03,234.208333
2666,2.66600000e+03,234.333333
2667,2.66700000e+03,234.333333
2668,2.66800000e+03,234.208333
2669,2.66900000e+03,234.208333
2670,2.67000000e+03,234.333333
2671,2.67100000e+03,234.333333
2672,2.67200000e+03,234.375000
2673,2.67300000e+03,234.375000
2674,2.67400000e+03,234.291667
2675,2.67500000e+03,234.291667
2676,2.67600000e+03,234.291667
2677,2.67700000e+03,234.291667
2678,2.67800000e+03,234.291667
2679,2.67900000e+03,234.291667
2680,2.68000000e+03,234.125000
2681,2.68100000e+03,234.125000
2682,2.68200000e+03,234.125000
2683,2.68300000e+03,234.125000
2684,2.68400000e+03,234.083333
2685,2.68500000e+03,234.083333
2686,2.68600000e+03,234.041667
2687,2.68700000e+03,234.041667
2688,2.68800000e+03,233.750000
2689,2.68900000e+03,233.750000
2690,2.69000000e+03,233.625000
2691,2.69100000e+03,233.625000
2692,2.69200000e+03,233.708333
2693,2.69300000e+03,233.708333
2694,2.69400000e+03,233.458333
2695,2.69500000e+03,233.458333
2696,2.69600000e+03,233.291667
2697,2.69700000e+03,233.291667
2698,2.69800000e+03,233.083333
2699,2.69900000e+03,233.083333
2700,2.70000000e+03,232.958333
2701,2.70100000e+03,232.958333
2702,2.70200000e+03,232.833333
2703,2.70300000e+03,232.833333
2704,2.70400000e+03,232.500000
2705,2.70500000e+03,232.500000
2706,2.70600000e+03,232.291667
2707,2.70700000e+03,232.291667
2708,2.70800000e+03,231.958333
2709,2.70900000e+03,231.958333
2710,2.71000000e+03,231.833333
2711,2.71100000e+03,231.833333
2712,2.71200000e+03,231.541667
2713,2.71300000e+03,231.541667
2714,2.71400000e+03,231.250000
2715,2.71500000e+03,231.250000
2716,2.71600000e+03,230.958333
2717,2.71700000e+03,230.958333
2718,2.71800000e+03,230.416667
2719,2.71900000e+03,230.416667
2720,2.72000000e+03,230.125000
2721,2.72100000e+03,230.125000
2722,2.72200000e+03,229.833333
2723,2.72300000e+03,229.833333
2724,2.72400000e+03,229.333333
2725,2.72500000e+03,229.333333
2726,2.72600000e+03,228.833333
2727,2.72700000e+03,228.833333
2728,2.72800000e+03,228.500000
2729,2.72900000e+03,228.500000
2730,2.73000000e+03,227.958333
2731,2.73100000e+03,227.958333
2732,2.73200000e+03,227.333333
2733,2.73300000e+03,227.333333
2734,2.73400000e+03,226.750000
2735,2.73500000e+03,226.750000
2736,2.73600000e+03,226.291667
2737,2.73700000e+03,226.291667
2738,2.73800000e+03,225.666667
2739,2.73900000e+03,225.666667
2740,2.74000000e+03,224.958333
2741,2.74100000e+03,224.958333
2742,2.74200000e+03,224.416667
2743,2.74300000e+03,224.416667
2744,2.74400000e+03,223.625000
2745,2.74500000e+03,223.625000
2746,2.74600000e+03,222.833333
2747,2.74700000e+03,222.833333
2748,2.74800000e+03,222.291667
2749,2.74900000e+03,222.291667
2750,2.75000000e+03,221.291667
2751,2.75100000e+03,221.291667
2752,2.75200000e+03,220.541667
2753,2.75300000e+03,220.541667
2754,2.75400000e+03,219.750000
2755,2.75500000e+03,219.750000
2756,2.75600000e+03,218.916667
2757,2.75700000e+03,218.916667
2758,2.75800000e+03,218.000000
2759,2.75900000e+03,218.000000
2760,2.76000000e+03,217.166667
2761,2.76100000e+03,217.166667
2762,2.76200000e+03,216.125000
2763,2.76300000e+03,216.125000
2764,2.76400000e+03,215.208333
2765,2.76500000e+03,215.208333
2766,2.76600000e+03,214.166667
2767,2.76700000e+03,214.166667
2768,2.76800000e+03,213.208333
2769,2.76900000e+03,213.208333
2770,2.77000000e+03,212.125000
2771,2.77100000e+03,212.125000
2772,2.77200000e+03,211.125000
2773,2.77300000e+03,211.125000
2774,2.77400000e+03,210.041667
2775,2.77500000e+03,210.041667
2776,2.77600000e+03,209.000000
2777,2.77700000e+03,209.000000
2778,2.77800000e+03,208.000000
2779,2.77900000e+03,208.000000
2780,2.78000000e+03,206.916667
2781,2.78100000e+03,206.916667
2782,2.78200000e+03,205.875000
2783,2.78300000e+03,205.875000
2784,2.78400000e+03,204.625000
2785,2.78500000e+03,204.625000
2786,2.78600000e+03,203.625000
2787,2.78700000e+03,203.625000
2788,2.78800000e+03,202.500000
2789,2.78900000e+03,202.500000
2790,2.79000000e+03,201.541667
2791,2.79100000e+03,201.541667
2792,2.79200000e+03,200.291667
2793,2.79300000e+03,200.291667
2794,2.79400000e+03,199.375000
2795,2.79500000e+03,199.375000
2796,2.79600000e+03,198.083333
2797,2.79700000e+03,198.083333
2798,2.79800000e+03,197.041667
2799,2.79900000e+03,197.041667
2800,2.80000000e+03,196.000000
2801,2.80100000e+03,196.000000
2802,2.80200000e+03,194.958333
2803,2.80300000e+03,194.958333
2804,2.80400000e+03,193.625000
2805,2.80500000e+03,193.625000
2806,2.80600000e+03,192.583333
2807,2.80700000e+03,192.583333
2808,2.80800000e+03,191.583333
2809,2.80900000e+03,191.583333
2810,2.81000000e+03,190.583333
2811,2.81100000e+03,190.583333
2812,2.81200000e+03,189.458333
2813,2.81300000e+03,189.458333
2814,2.81400000e+03,188.416667
2815,2.81500000e+03,188.416667
2816,2.81600000e+03,187.375000
2817,2.81700000e+03,187.375000
2818,2.81800000e+03,186.375000
2819,2.81900000e+03,186.375000
2820,2.82000000e+03,185.250000
2821,2.82100000e+03,185.250000
2822,2.82200000e+03,184.291667
2823,2.82300000e+03,184.291667
2824,2.82400000e+03,183.083333
2825,2.82500000e+03,183.083333
2826,2.82600000e+03,182.166667
2827,2.82700000e+03,182.166667
2828,2.82800000e+03,181.125000
2829,2.82900000e+03,181.125000
2830,2.83000000e+03,180.125000
2831,2.83100000e+03,180.125000
2832,2.83200000e+03,179.125000
2833,2.83300000e+03,179.125000
2834,2.83400000e+03,178.083333
2835,2.83500000e+03,178.083333
2836,2.83600000e+03,177.041667
2837,2.83700000e+03,177.041667
2838,2.83800000e+03,176.250000
2839,2.83900000e+03,176.250000
2840,2.84000000e+03,175.166667
2841,2.84100000e+03,175.166667
2842,2.84200000e+03,174.250000
2843,2.84300000e+03,174.250000
2844,2.84400000e+03,173.125000
2845,2.84500000e+03,173.125000
2846,2.84600000e+03,172.166667
2847,2.84700000e+03,172.166667
2848,2.84800000e+03,171.041667
2849,2.84900000e+03,171.041667
2850,2.85000000e+03,170.083333
2851,2.85100000e+03,170.083333
2852,2.85200000e+03,169.041667
2853,2.85300000e+03,169.041667
2854,2.85400000e+03,167.833333
2855,2.85500000e+03,167.833333
2856,2.85600000e+03,166.875000
2857,2.85700000e+03,166.875000
2858,2.85800000e+03,165.708333
2859,2.85900000e+03,165.708333
2860,2.86000000e+03,164.625000
2861,2.86100000e+03,164.625000
2862,2.86200000e+03,163.500000
2863,2.86300000e+03,163.500000
2864,2.86400000e+03,162.375000
2865,2.86500000e+03,162.375000
2866,2.86600000e+03,161.333333
2867,2.86700000e+03,161.333333
2868,2.86800000e+03,160.000000
2869,2.86900000e+03,160.000000
2870,2.87000000e+03,158.708333
2871,2.87100000e+03,158.708333
2872,2.87200000e+03,157.458333
2873,2.87300000e+03,157.458333
2874,2.87400000e+03,156.333333
2875,2.87500000e+03,156.333333
2876,2.87600000e+03,154.916667
2877,2.87700000e+03,154.916667
2878,2.87800000e+03,153.541667
2879,2.87900000e+03,153.541667
2880,2.88000000e+03,152.333333
2881,2.88100000e+03,152.333333
2882,2.88200000e+03,150.958333
2883,2.88300000e+03,150.958333
2884,2.88400000e+03,149.458333
2885,2.88500000e+03,149.458333
2886,2.88600000e+03,148.041667
2887,2.88700000e+03,148.041667
2888,2.88800000e+03,146.625000
2889,2.88900000e+03,146.625000
2890,2.89000000e+03,145.125000
2891,2.89100000e+03,145.125000
2892,2.89200000e+03,143.625000
2893,2.89300000e+03,143.625000
2894,2.89400000e+03,142.083333
2895,2.89500000e+03,142.083333
2896,2.89600000e+03,140.333333
2897,2.89700000e+03,140.333333
2898,2.89800000e+03,138.875000
2899,2.89900000e+03,138.875000
2900,2.90000000e+03,137.208333
2901,2.90100000e+03,137.208333
2902,2.90200000e+03,135.583333
2903,2.90300000e+03,135.583333
2904,2.90400000e+03,134.083333
2905,2.90500000e+03,134.083333
2906,2.90600000e+03,132.375000
2907,2.90700000e+03,132.375000
2908,2.90800000e+03,130.500000
2909,2.90900000e+03,130.500000
2910,2.91000000e+03,128.875000
2911,2.91100000e+03,128.875000
2912,2.91200000e+03,127.166667
2913,2.91300000e+03,127.166667
2914,2.91400000e+03,125.333333
2915,2.91500000e+03,125.333333
2916,2.91600000e+03,123.625000
2917,2.91700000e+03,123.625000
2918,2.91800000e+03,121.791667
2919,2.91900000e+03,121.791667
2920,2.92000000e+03,119.958333
2921,2.92100000e+03,119.958333
2922,2.92200000e+03,118.250000
2923,2.92300000e+03,118.250000
2924,2.92400000e+03,116.458333
2925,2.92500000e+03,116.458333
2926,2.92600000e+03,114.541667
2927,2.92700000e+03,114.541667
2928,2.92800000e+03,112.791667
2929,2.92900000e+03,112.791667
2930,2.93000000e+03,110.958333
2931,2.93100000e+03,110.958333
2932,2.93200000e+03,109.125000
2933,2.93300000e+03,109.125000
2934,2.93400000e+03,107.291667
2935,2.93500000e+03,107.291667
2936,2.93600000e+03,105.416667
2937,2.93700000e+03,105.416667
2938,2.93800000e+03,103.666667
2939,2.93900000e+03,103.666667
2940,2.94000000e+03,101.791667
2941,2.94100000e+03,101.791667
2942,2.94200000e+03,99.958333
2943,2.94300000e+03,99.958333
2944,2.94400000e+03,98.125000
2945,2.94500000e+03,98.125000
2946,2.94600000e+03,96.458333
2947,2.94700000e+03,96.458333
2948,2.94800000e+03,94.458333
2949,2.94900000e+03,94.458333
2950,2.95000000e+03,92.625000
2951,2.95100000e+03,92.625000
2952,2.95200000e+03,90.958333
2953,2.95300000e+03,90.958333
2954,2.95400000e+03,89.041667
2955,2.95500000e+03,89.041667
2956,2.95600000e+03,87.416667
2957,2.95700000e+03,87.416667
2958,2.95800000e+03,85.625000
2959,2.95900000e+03,85.625000
2960,2.96000000e+03,83.833333
2961,2.96100000e+03,83.833333
2962,2.96200000e+03,82.000000
2963,2.96300000e+03,82.000000
2964,2.96400000e+03,80.333333
2965,2.96500000e+03,80.333333
2966,2.96600000e+03,78.583333
2967,2.96700000e+03,78.583333
2968,2.96800000e+03,76.833333
2969,2.96900000e+03,76.833333
2970,2.97000000e+03,75.083333
2971,2.97100000e+03,75.083333
2972,2.97200000e+03,73.250000
2973,2.97300000e+03,73.250000
2974,2.97400000e+03,71.541667
2975,2.97500000e+03,71.541667
2976,2.97600000e+03,69.791667
2977,2.97700000e+03,69.791667
2978,2.97800000e+03,68.041667
2979,2.97900000e+03,68.041667
2980,2.98000000e+03,66.416667
2981,2.98100000e+03,66.416667
2982,2.98200000e+03,64.500000
2983,2.98300000e+03,64.500000
2984,2.98400000e+03,62.791667
2985,2.98500000e+03,62.791667
2986,2.98600000e+03,61.041667
2987,2.98700000e+03,61.041667
2988,2.98800000e+03,59.375000
2989,2.98900000e+03,59.375000
2990,2.99000000e+03,57.583333
2991,2.99100000e+03,57.583333
2992,2.99200000e+03,55.791667
2993,2.99300000e+03,55.791667
2994,2.99400000e+03,53.916667
2995,2.99500000e+03,53.916667
2996,2.99600000e+03,52.125000
2997,2.99700000e+03,52.125000
2998,2.99800000e+03,50.333333
2999,2.99900000e+03,50.333333
3000,3.00000000e+03,48.458333
3001,3.00100000e+03,48.458333
3002,3.00200000e+03,46.708333
3003,3.00300000e+03,46.708333
3004,3.00400000e+03,44.916667
3005,3.00500000e+03,44.916667
3006,3.00600000e+03,42.833333
3007,3.00700000e+03,42.833333
3008,3.00800000e+03,40.875000
3009,3.00900000e+03,40.875000
3010,3.01000000e+03,39.083333
3011,3.01100000e+03,39.083333
3012,3.01200000e+03,37.041667
3013,3.01300000e+03,37.041667
3014,3.01400000e+03,35.125000
3015,3.01500000e+03,35.125000
3016,3.01600000e+03,33.291667
3017,3.01700000e+03,33.291667
3018,3.01800000e+03,31.166667
3019,3.01900000e+03,31.166667
3020,3.02000000e+03,29.166667
3021,3.02100000e+03,29.166667
3022,3.02200000e+03,27.083333
3023,3.02300000e+03,27.083333
3024,3.02400000e+03,25.125000
3025,3.02500000e+03,25.125000
3026,3.02600000e+03,23.166667
3027,3.02700000e+03,23.166667
3028,3.02800000e+03,21.083333
3029,3.02900000e+03,21.083333
3030,3.03000000e+03,18.958333
3031,3.03100000e+03,18.958333
3032,3.03200000e+03,16.750000
3033,3.03300000e+03,16.750000
3034,3.03400000e+03,14.791667
3035,3.03500000e+03,14.791667
3036,3.03600000e+03,12.666667
3037,3.03700000e+03,12.666667
3038,3.03800000e+03,10.500000
3039,3.03900000e+03,10.500000
3040,3.04000000e+03,8.291667
3041,3.04100000e+03,8.291667
3042,3.04200000e+03,6.250000
3043,3.04300000e+03,6.250000
3044,3.04400000e+03,4.083333
3045,3.04500000e+03,4.083333
3046,3.04600000e+03,1.875000
3047,3.04700000e+03,1.875000
3048,3.04800000e+03,-0.083333
3049,3.04900000e+03,-0.083333
3050,3.05000000e+03,-2.208333
3051,3.05100000e+03,-2.208333
3052,3.05200000e+03,-4.500000
3053,3.05300000e+03,-4.500000
3054,3.05400000e+03,-6.583333
3055,3.05500000e+03,-6.583333
3056,3.05600000e+03,-8.625000
3057,3.05700000e+03,-8.625000
3058,3.05800000e+03,-10.833333
3059,3.05900000e+03,-10.833333
3060,3.06000000e+03,-12.875000
3061,3.06100000e+03,-12.875000
3062,3.06200000e+03,-15.083333
3063,3.06300000e+03,-15.083333
3064,3.06400000e+03,-17.250000
3065,3.06500000e+03,-17.250000
3066,3.06600000e+03,-19.250000
3067,3.06700000e+03,-19.250000
3068,3.06800000e+03,-21.458333
3069,3.06900000e+03,-21.458333
3070,3.07000000e+03,-23.541667
3071,3.07100000e+03,-23.541667
3072,3.07200000e+03,-25.583333
3073,3.07300000e+03,-25.583333
3074,3.07400000e+03,-27.750000
3075,3.07500000e+03,-27.750000
3076,3.07600000e+03,-29.750000
3077,3.07700000e+03,-29.750000
3078,3.07800000e+03,-31.791667
3079,3.07900000e+03,-31.791667
3080,3.08000000e+03,-33.708333
3081,3.08100000e+03,-33.708333
3082,3.08200000e+03,-35.833333
3083,3.08300000e+03,-35.833333
3084,3.08400000e+03,-37.750000
3085,3.08500000e+03,-37.750000
3086,3.08600000e+03,-39.625000
3087,3.08700000e+03,-39.625000
3088,3.08800000e+03,-41.791667
3089,3.08900000e+03,-41.791667
3090,3.09000000e+03,-43.625000
3091,3.09100000e+03,-43.625000
3092,3.09200000e+03,-45.541667
3093,3.09300000e+03,-45.541667
3094,3.09400000e+03,-47.416667
3095,3.09500000e+03,-47.416667
3096,3.09600000e+03,-49.333333
3097,3.09700000e+03,-49.333333
3098,3.09800000e+03,-51.083333
3099,3.09900000e+03,-51.083333
3100,3.10000000e+03,-52.875000
3101,3.10100000e+03,-52.875000
3102,3.10200000e+03,-54.708333
3103,3.10300000e+03,-54.708333
3104,3.10400000e+03,-56.625000
3105,3.10500000e+03,-56.625000
3106,3.10600000e+03,-58.416667
3107,3.10700000e+03,-58.416667
3108,3.10800000e+03,-60.083333
3109,3.10900000e+03,-60.083333
3110,3.11000000e+03,-61.833333
3111,3.11100000e+03,-61.833333
3112,3.11200000e+03,-63.750000
3113,3.11300000e+03,-63.750000
3114,3.11400000e+03,-65.375000
3115,3.11500000e+03,-65.375000
3116,3.11600000e+03,-67.208333
3117,3.11700000e+03,-67.208333
3118,3.11800000e+03,-68.875000
3119,3.11900000e+03,-68.875000
3120,3.12000000e+03,-70.666667
3121,3.12100000e+03,-70.666667
3122,3.12200000e+03,-72.416667
3123,3.12300000e+03,-72.416667
3124,3.12400000e+03,-74.208333
3125,3.12500000e+03,-74.208333
3126,3.12600000e+03,-75.875000
3127,3.12700000e+03,-75.875000
3128,3.12800000e+03,-77.833333
3129,3.12900000e+03,-77.833333
3130,3.13000000e+03,-79.458333
3131,3.13100000e+03,-79.458333
3132,3.13200000e+03,-81.166667
3133,3.13300000e+03,-81.166667
3134,3.13400000e+03,-82.958333
3135,3.13500000e+03,-82.958333
3136,3.13600000e+03,-84.625000
3137,3.13700000e+03,-84.625000
3138,3.13800000e+03,-86.416667
3139,3.13900000e+03,-86.416667
3140,3.14000000e+03,-88.125000
3141,3.14100000e+03,-88.125000
3142,3.14200000e+03,-89.916667
3143,3.14300000e+03,-89.916667
3144,3.14400000e+03,-91.750000
3145,3.14500000e+03,-91.750000
3146,3.14600000e+03,-93.416667
3147,3.14700000e+03,-93.416667
3148,3.14800000e+03,-95.208333
3149,3.14900000e+03,-95.208333
3150,3.15000000e+03,-96.958333
3151,3.15100000e+03,-96.958333
3152,3.15200000e+03,-98.875000
3153,3.15300000e+03,-98.875000
3154,3.15400000e+03,-100.583333
3155,3.15500000e+03,-100.583333
3156,3.15600000e+03,-102.291667
3157,3.15700000e+03,-102.291667
3158,3.15800000e+03,-104.208333
3159,3.15900000e+03,-104.208333
3160,3.16000000e+03,-105.958333
3161,3.16100000e+03,-105.958333
3162,3.16200000e+03,-107.625000
3163,3.16300000e+03,-107.625000
3164,3.16400000e+03,-109.583333
3165,3.16500000e+03,-109.583333
3166,3.16600000e+03,-111.416667
3167,3.16700000e+03,-111.416667
3168,3.16800000e+03,-113.166667
3169,3.16900000e+03,-113.166667
3170,3.17000000e+03,-114.916667
3171,3.17100000e+03,-114.916667
3172,3.17200000e+03,-116.750000
3173,3.17300000e+03,-116.750000
3174,3.17400000e+03,-118.666667
3175,3.17500000e+03,-118.666667
3176,3.17600000e+03,-120.291667
3177,3.17700000e+03,-120.291667
3178,3.17800000e+03,-122.000000
3179,3.17900000e+03,-122.000000
3180,3.18000000e+03,-123.875000
3181,3.18100000e+03,-123.875000
3182,3.18200000e+03,-125.625000
3183,3.18300000e+03,-125.625000
3184,3.18400000e+03,-127.416667
3185,3.18500000e+03,-127.416667
3186,3.18600000e+03,-129.125000
3187,3.18700000e+03,-129.125000
3188,3.18800000e+03,-130.833333
3189,3.18900000e+03,-130.833333
3190,3.19000000e+03,-132.500000
3191,3.19100000e+03,-132.500000
3192,3.19200000e+03,-134.208333
3193,3.19300000e+03,-134.208333
3194,3.19400000e+03,-135.875000
3195,3.19500000e+03,-135.875000
3196,3.19600000e+03,-137.500000
3197,3.19700000e+03,-137.500000
3198,3.19800000e+03,-139.083333
3199,3.19900000e+03,-139.083333
3200,3.20000000e+03,-140.708333
3201,3.20100000e+03,-140.708333
3202,3.20200000e+03,-142.250000
3203,3.20300000e+03,-142.250000
3204,3.20400000e+03,-143.833333
3205,3.20500000e+03,-143.833333
3206,3.20600000e+03,-145.250000
3207,3.20700000e+03,-145.250000
3208,3.20800000e+03,-146.791667
3209,3.20900000e+03,-146.791667
3210,3.21000000e+03,-148.166667
3211,3.21100000e+03,-148.166667
3212,3.21200000e+03,-149.750000
3213,3.21300000e+03,-149.750000
3214,3.21400000e+03,-151.250000
3215,3.21500000e+03,-151.250000
3216,3.21600000e+03,-152.583333
3217,3.21700000e+03,-152.583333
3218,3.21800000e+03,-153.958333
3219,3.21900000e+03,-153.958333
3220,3.22000000e+03,-155.250000
3221,3.22100000e+03,-155.250000
3222,3.22200000e+03,-156.666667
3223,3.22300000e+03,-156.666667
3224,3.22400000e+03,-157.958333
3225,3.22500000e+03,-157.958333
3226,3.22600000e+03,-159.208333
3227,3.22700000e+03,-159.208333
3228,3.22800000e+03,-160.458333
3229,3.22900000e+03,-160.458333
3230,3.23000000e+03,-161.666667
3231,3.23100000e+03,-161.666667
3232,3.23200000e+03,-162.833333
3233,3.23300000e+03,-162.833333
3234,3.23400000e+03,-164.083333
3235,3.23500000e+03,-164.083333
3236,3.23600000e+03,-165.208333
3237,3.23700000e+03,-165.208333
3238,3.23800000e+03,-166.291667
3239,3.23900000e+03,-166.291667
3240,3.24000000e+03,-167.458333
3241,3.24100000e+03,-167.458333
3242,3.24200000e+03,-168.416667
3243,3.24300000e+03,-168.416667
3244,3.24400000e+03,-169.541667
3245,3.24500000e+03,-169.541667
3246,3.24600000e+03,-170.583333
3247,3.24700000e+03,-170.583333
3248,3.24800000e+03,-171.625000
3249,3.24900000e+03,-171.625000
3250,3.25000000e+03,-172.708333
3251,3.25100000e+03,-172.708333
3252,3.25200000e+03,-173.708333
3253,3.25300000e+03,-173.708333
3254,3.25400000e+03,-174.791667
3255,3.25500000e+03,-174.791667
3256,3.25600000e+03,-175.750000
3257,3.25700000e+03,-175.750000
3258,3.25800000e+03,-176.875000
3259,3.25900000e+03,-176.875000
3260,3.26000000e+03,-177.833333
3261,3.26100000e+03,-177.833333
3262,3.26200000e+03,-178.833333
3263,3.26300000e+03,-178.833333
3264,3.26400000e+03,-179.708333
3265,3.26500000e+03,-179.708333
3266,3.26600000e+03,-180.666667
3267,3.26700000e+03,-180.666667
3268,3.26800000e+03,-181.833333
3269,3.26900000e+03,-181.833333
3270,3.27000000e+03,-182.750000
3271,3.27100000e+03,-182.750000
3272,3.27200000e+03,-183.625000
3273,3.27300000e+03,-183.625000
3274,3.27400000e+03,-184.666667
3275,3.27500000e+03,-184.666667
3276,3.27600000e+03,-185.625000
3277,3.27700000e+03,-185.625000
3278,3.27800000e+03,-186.708333
3279,3.27900000e+03,-186.708333
3280,3.28000000e+03,-187.750000
3281,3.28100000e+03,-187.750000
3282,3.28200000e+03,-188.750000
3283,3.28300000e+03,-188.750000
3284,3.28400000e+03,-189.625000
3285,3.28500000e+03,-189.625000
3286,3.28600000e+03,-190.791667
3287,3.28700000e+03,-190.791667
3288,3.28800000e+03,-191.750000
3289,3.28900000e+03,-191.750000
3290,3.29000000e+03,-192.791667
3291,3.29100000e+03,-192.791667
3292,3.29200000e+03,-193.875000
3293,3.29300000e+03,-193.875000
3294,3.29400000e+03,-194.708333
3295,3.29500000e+03,-194.708333
3296,3.29600000e+03,-195.875000
3297,3.29700000e+03,-195.875000
3298,3.29800000e+03,-197.125000
3299,3.29900000e+03,-197.125000
3300,3.30000000e+03,-197.958333
3301,3.30100000e+03,-197.958333
3302,3.30200000e+03,-199.041667
3303,3.30300000e+03,-199.041667
3304,3.30400000e+03,-200.000000
3305,3.30500000e+03,-200.000000
3306,3.30600000e+03,-201.125000
3307,3.30700000e+03,-201.125000
3308,3.30800000e+03,-202.208333
3309,3.30900000e+03,-202.208333
3310,3.31000000e+03,-203.250000
3311,3.31100000e+03,-203.250000
3312,3.31200000e+03,-204.375000
3313,3.31300000e+03,-204.375000
3314,3.31400000e+03,-205.416667
3315,3.31500000e+03,-205.416667
3316,3.31600000e+03,-206.458333
3317,3.31700000e+03,-206.458333
3318,3.31800000e+03,-207.625000
3319,3.31900000e+03,-207.625000
3320,3.32000000e+03,-208.791667
3321,3.32100000e+03,-208.791667
3322,3.32200000e+03,-209.708333
3323,3.32300000e+03,-209.708333
3324,3.32400000e+03,-210.791667
3325,3.32500000e+03,-210.791667
3326,3.32600000e+03,-211.791667
3327,3.32700000e+03,-211.791667
3328,3.32800000e+03,-212.791667
3329,3.32900000e+03,-212.791667
3330,3.33000000e+03,-213.833333
3331,3.33100000e+03,-213.833333
3332,3.33200000e+03,-214.833333
3333,3.33300000e+03,-214.833333
3334,3.33400000e+03,-215.708333
3335,3.33500000e+03,-215.708333
3336,3.33600000e+03,-216.541667
3337,3.33700000e+03,-216.541667
3338,3.33800000e+03,-217.750000
3339,3.33900000e+03,-217.750000
3340,3.34000000e+03,-218.458333
3341,3.34100000e+03,-218.458333
3342,3.34200000e+03,-219.333333
3343,3.34300000e+03,-219.333333
3344,3.34400000e+03,-220.375000
3345,3.34500000e+03,-220.375000
3346,3.34600000e+03,-221.083333
3347,3.34700000e+03,-221.083333
3348,3.34800000e+03,-221.916667
3349,3.34900000e+03,-221.916667
3350,3.35000000e+03,-222.708333
3351,3.35100000e+03,-222.708333
3352,3.35200000e+03,-223.500000
3353,3.35300000e+03,-223.500000
3354,3.35400000e+03,-224.208333
3355,3.35500000e+03,-224.208333
3356,3.35600000e+03,-224.833333
3357,3.35700000e+03,-224.833333
3358,3.35800000e+03,-225.583333
3359,3.35900000e+03,-225.583333
3360,3.36000000e+03,-226.166667
3361,3.36100000e+03,-226.166667
3362,3.36200000e+03,-226.791667
3363,3.36300000e+03,-226.791667
3364,3.36400000e+03,-227.333333
3365,3.36500000e+03,-227.333333
3366,3.36600000e+03,-227.916667
3367,3.36700000e+03,-227.916667
3368,3.36800000e+03,-228.500000
3369,3.36900000e+03,-228.500000
3370,3.37000000e+03,-228.958333
3371,3.37100000e+03,-228.958333
3372,3.37200000e+03,-229.375000
3373,3.37300000e+03,-229.375000
3374,3.37400000e+03,-229.958333
3375,3.37500000e+03,-229.958333
3376,3.37600000e+03,-230.333333
3377,3.37700000e+03,-230.333333
3378,3.37800000e+03,-230.625000
3379,3.37900000e+03,-230.625000
3380,3.38000000e+03,-230.958333
3381,3.38100000e+03,-230.958333
3382,3.38200000e+03,-231.333333
3383,3.38300000e+03,-231.333333
3384,3.38400000e+03,-231.708333
3385,3.38500000e+03,-231.708333
3386,3.38600000e+03,-231.958333
3387,3.38700000e+03,-231.958333
3388,3.38800000e+03,-232.250000
3389,3.38900000e+03,-232.250000
3390,3.39000000e+03,-232.583333
3391,3.39100000e+03,-232.583333
3392,3.39200000e+03,-232.750000
3393,3.39300000e+03,-232.750000
3394,3.39400000e+03,-233.000000
3395,3.39500000e+03,-233.000000
3396,3.39600000e+03,-233.000000
3397,3.39700000e+03,-233.000000
3398,3.39800000e+03,-233.291667
3399,3.39900000e+03,-233.291667
3400,3.40000000e+03,-233.541667
3401,3.40100000e+03,-233.541667
3402,3.40200000e+03,-233.708333
3403,3.40300000e+03,-233.708333
3404,3.40400000e+03,-233.666667
3405,3.40500000e+03,-233.666667
3406,3.40600000e+03,-233.666667
3407,3.40700000e+03,-233.666667
3408,3.40800000e+03,-233.791667
3409,3.40900000e+03,-233.791667
3410,3.41000000e+03,-233.916667
3411,3.41100000e+03,-233.916667
3412,3.41200000e+03,-233.958333
3413,3.41300000e+03,-233.958333
3414,3.41400000e+03,-233.875000
3415,3.41500000e+03,-233.875000
3416,3.41600000e+03,-234.083333
3417,3.41700000e+03,-234.083333
3418,3.41800000e+03,-233.916667
3419,3.41900000e+03,-233.916667
3420,3.42000000e+03,-233.958333
3421,3.42100000e+03,-233.958333
3422,3.42200000e+03,-233.958333
3423,3.42300000e+03,-233.958333
3424,3.42400000e+03,-233.875000
3425,3.42500000e+03,-233.875000
3426,3.42600000e+03,-233.875000
3427,3.42700000e+03,-233.875000
3428,3.42800000e+03,-233.791667
3429,3.42900000e+03,-233.791667
3430,3.43000000e+03,-233.666667
3431,3.43100000e+03,-233.666667
3432,3.43200000e+03,-233.708333
3433,3.43300000e+03,-233.708333
3434,3.43400000e+03,-233.541667
3435,3.43500000e+03,-233.541667
3436,3.43600000e+03,-233.500000
3437,3.43700000e+03,-233.500000
3438,3.43800000e+03,-233.416667
3439,3.43900000e+03,-233.416667
3440,3.44000000e+03,-233.166667
3441,3.44100000e+03,-233.166667
3442,3.44200000e+03,-232.916667
3443,3.44300000e+03,-232.916667
3444,3.44400000e+03,-232.666667
3445,3.44500000e+03,-232.666667
3446,3.44600000e+03,-232.666667
3447,3.44700000e+03,-232.666667
3448,3.44800000e+03,-232.500000
3449,3.44900000e+03,-232.500000
3450,3.45000000e+03,-232.291667
3451,3.45100000e+03,-232.291667
3452,3.45200000e+03,-232.083333
3453,3.45300000e+03,-232.083333
3454,3.45400000e+03,-231.916667
3455,3.45500000e+03,-231.916667
3456,3.45600000e+03,-231.500000
3457,3.45700000e+03,-231.500000
3458,3.45800000e+03,-231.375000
3459,3.45900000e+03,-231.375000
3460,3.46000000e+03,-231.000000
3461,3.46100000e+03,-231.000000
3462,3.46200000e+03,-230.583333
3463,3.46300000e+03,-230.583333
3464,3.46400000e+03,-230.208333
3465,3.46500000e+03,-230.208333
3466,3.46600000e+03,-230.083333
3467,3.46700000e+03,-230.083333
3468,3.46800000e+03,-229.583333
3469,3.46900000e+03,-229.583333
3470,3.47000000e+03,-229.125000
3471,3.47100000e+03,-229.125000
3472,3.47200000e+03,-228.666667
3473,3.47300000e+03,-228.666667
3474,3.47400000e+03,-228.333333
3475,3.47500000e+03,-228.333333
3476,3.47600000e+03,-227.833333
3477,3.47700000e+03,-227.833333
3478,3.47800000e+03,-227.333333
3479,3.47900000e+03,-227.333333
3480,3.48000000e+03,-226.708333
3481,3.48100000e+03,-226.708333
3482,3.48200000e+03,-226.208333
3483,3.48300000e+03,-226.208333
3484,3.48400000e+03,-225.583333
3485,3.48500000e+03,-225.583333
3486,3.48600000e+03,-224.958333
3487,3.48700000e+03,-224.958333
3488,3.48800000e+03,-224.375000
3489,3.48900000e+03,-224.375000
3490,3.49000000e+03,-223.583333
3491,3.49100000e+03,-223.583333
3492,3.49200000e+03,-223.000000
3493,3.49300000e+03,-223.000000
3494,3.49400000e+03,-222.125000
3495,3.49500000e+03,-222.125000
3496,3.49600000e+03,-221.416667
3497,3.49700000e+03,-221.416667
3498,3.49800000e+03,-220.583333
3499,3.49900000e+03,-220.583333
3500,3.50000000e+03,-219.916667
3501,3.50100000e+03,-219.916667
3502,3.50200000e+03,-219.041667
3503,3.50300000e+03,-219.041667
3504,3.50400000e+03,-218.166667
3505,3.50500000e+03,-218.166667
3506,3.50600000e+03,-217.291667
3507,3.50700000e+03,-217.291667
3508,3.50800000e+03,-216.291667
3509,3.50900000e+03,-216.291667
3510,3.51000000e+03,-215.416667
3511,3.51100000e+03,-215.416667
3512,3.51200000e+03,-214.416667
3513,3.51300000e+03,-214.416667
3514,3.51400000e+03,-213.416667
3515,3.51500000e+03,-213.416667
3516,3.51600000e+03,-212.375000
3517,3.51700000e+03,-212.375000
3518,3.51800000e+03,-211.583333
3519,3.51900000e+03,-211.583333
3520,3.52000000e+03,-210.416667
3521,3.52100000e+03,-210.416667
3522,3.52200000e+03,-209.375000
3523,3.52300000e+03,-209.375000
3524,3.52400000e+03,-208.416667
3525,3.52500000e+03,-208.416667
3526,3.52600000e+03,-207.208333
3527,3.52700000e+03,-207.208333
3528,3.52800000e+03,-206.166667
3529,3.52900000e+03,-206.166667
3530,3.53000000e+03,-205.041667
3531,3.53100000e+03,-205.041667
3532,3.53200000e+03,-203.875000
3533,3.53300000e+03,-203.875000
3534,3.53400000e+03,-202.791667
3535,3.53500000e+03,-202.791667
3536,3.53600000e+03,-201.666667
3537,3.53700000e+03,-201.666667
3538,3.53800000e+03,-200.791667
3539,3.53900000e+03,-200.791667
3540,3.54000000e+03,-199.541667
3541,3.54100000e+03,-199.541667
3542,3.54200000e+03,-198.416667
3543,3.54300000e+03,-198.416667
3544,3.54400000e+03,-197.333333
3545,3.54500000e+03,-197.333333
3546,3.54600000e+03,-196.125000
3547,3.54700000e+03,-196.125000
3548,3.54800000e+03,-195.083333
3549,3.54900000e+03,-195.083333
3550,3.55000000e+03,-194.041667
3551,3.55100000e+03,-194.041667
3552,3.55200000e+03,-193.041667
3553,3.55300000e+03,-193.041667
3554,3.55400000e+03,-191.916667
3555,3.55500000e+03,-191.916667
3556,3.55600000e+03,-190.875000
3557,3.55700000e+03,-190.875000
3558,3.55800000e+03,-189.833333
3559,3.55900000e+03,-189.833333
3560,3.56000000e+03,-188.666667
3561,3.56100000e+03,-188.666667
3562,3.56200000e+03,-187.708333
3563,3.56300000e+03,-187.708333
3564,3.56400000e+03,-186.583333
3565,3.56500000e+03,-186.583333
3566,3.56600000e+03,-185.625000
3567,3.56700000e+03,-185.625000
3568,3.56800000e+03,-184.583333
3569,3.56900000e+03,-184.583333
3570,3.57000000e+03,-183.583333
3571,3.57100000e+03,-183.583333
3572,3.57200000e+03,-182.625000
3573,3.57300000e+03,-182.625000
3574,3.57400000e+03,-181.583333
3575,3.57500000e+03,-181.583333
3576,3.57600000e+03,-180.500000
3577,3.57700000e+03,-180.500000
3578,3.57800000e+03,-179.541667
3579,3.57900000e+03,-179.541667
3580,3.58000000e+03,-178.458333
3581,3.58100000e+03,-178.458333
3582,3.58200000e+03,-177.500000
3583,3.58300000e+03,-177.500000
3584,3.58400000e+03,-176.500000
3585,3.58500000e+03,-176.500000
3586,3.58600000e+03,-175.583333
3587,3.58700000e+03,-175.583333
3588,3.58800000e+03,-174.416667
3589,3.58900000e+03,-174.416667
3590,3.59000000e+03,-173.541667
3591,3.59100000e+03,-173.541667
3592,3.59200000e+03,-172.458333
3593,3.59300000e+03,-172.458333
3594,3.59400000e+03,-171.458333
3595,3.59500000e+03,-171.458333
3596,3.59600000e+03,-170.416667
3597,3.59700000e+03,-170.416667
3598,3.59800000e+03,-169.291667
3599,3.59900000e+03,-169.291667
3600,3.60000000e+03,-168.333333
3601,3.60100000e+03,-168.333333
3602,3.60200000e+03,-167.291667
3603,3.60300000e+03,-167.291667
3604,3.60400000e+03,-166.083333
3605,3.60500000e+03,-166.083333
3606,3.60600000e+03,-165.000000
3607,3.60700000e+03,-165.000000
3608,3.60800000e+03,-163.833333
3609,3.60900000e+03,-163.833333
3610,3.61000000e+03,-162.875000
3611,3.61100000e+03,-162.875000
3612,3.61200000e+03,-161.541667
3613,3.61300000e+03,-161.541667
3614,3.61400000e+03,-160.458333
3615,3.61500000e+03,-160.458333
3616,3.61600000e+03,-159.250000
3617,3.61700000e+03,-159.250000
3618,3.61800000e+03,-158.000000
3619,3.61900000e+03,-158.000000
3620,3.62000000e+03,-156.750000
3621,3.62100000e+03,-156.750000
3622,3.62200000e+03,-155.500000
3623,3.62300000e+03,-155.500000
3624,3.62400000e+03,-154.250000
3625,3.62500000e+03,-154.250000
3626,3.62600000e+03,-152.833333
3627,3.62700000e+03,-152.833333
3628,3.62800000e+03,-151.500000
3629,3.62900000e+03,-151.500000
3630,3.63000000e+03,-150.125000
3631,3.63100000e+03,-150.125000
3632,3.63200000e+03,-148.541667
3633,3.63300000e+03,-148.541667
3634,3.63400000e+03,-147.291667
3635,3.63500000e+03,-147.291667
3636,3.63600000e+03,-145.791667
3637,3.63700000e+03,-145.791667
3638,3.63800000e+03,-144.166667
3639,3.63900000e+03,-144.166667
3640,3.64000000e+03,-142.708333
3641,3.64100000e+03,-142.708333
3642,3.64200000e+03,-141.250000
3643,3.64300000e+03,-141.250000
3644,3.64400000e+03,-139.625000
3645,3.64500000e+03,-139.625000
3646,3.64600000e+03,-137.916667
3647,3.64700000e+03,-137.916667
3648,3.64800000e+03,-136.333333
3649,3.64900000e+03,-136.333333
3650,3.65000000e+03,-134.750000
3651,3.65100000e+03,-134.750000
3652,3.65200000e+03,-133.125000
3653,3.65300000e+03,-133.125000
3654,3.65400000e+03,-131.291667
3655,3.65500000e+03,-131.291667
3656,3.65600000e+03,-129.583333
3657,3.65700000e+03,-129.583333
3658,3.65800000e+03,-127.833333
3659,3.65900000e+03,-127.833333
3660,3.66000000e+03,-126.083333
3661,3.66100000e+03,-126.083333
3662,3.66200000e+03,-124.375000
3663,3.66300000e+03,-124.375000
3664,3.66400000e+03,-122.583333
3665,3.66500000e+03,-122.583333
3666,3.66600000e+03,-120.875000
3667,3.66700000e+03,-120.875000
3668,3.66800000e+03,-119.166667
3669,3.66900000e+03,-119.166667
3670,3.67000000e+03,-117.083333
3671,3.67100000e+03,-117.083333
3672,3.67200000e+03,-115.500000
3673,3.67300000e+03,-115.500000
3674,3.67400000e+03,-113.708333
3675,3.67500000e+03,-113.708333
3676,3.67600000e+03,-111.750000
3677,3.67700000e+03,-111.750000
3678,3.67800000e+03,-110.000000
3679,3.67900000e+03,-110.000000
3680,3.68000000e+03,-108.208333
3681,3.68100000e+03,-108.208333
3682,3.68200000e+03,-106.333333
3683,3.68300000e+03,-106.333333
3684,3.68400000e+03,-104.541667
3685,3.68500000e+03,-104.541667
3686,3.68600000e+03,-102.708333
3687,3.68700000e+03,-102.708333
3688,3.68800000e+03,-100.833333
3689,3.68900000e+03,-100.833333
3690,3.69000000e+03,-99.208333
3691,3.69100000e+03,-99.208333
3692,3.69200000e+03,-97.291667
3693,3.69300000e+03,-97.291667
3694,3.69400000e+03,-95.458333
3695,3.69500000e+03,-95.458333
3696,3.69600000e+03,-93.666667
3697,3.69700000e+03,-93.666667
3698,3.69800000e+03,-91.833333
3699,3.69900000e+03,-91.833333
3700,3.70000000e+03,-90.000000
3701,3.70100000e+03,-90.000000
3702,3.70200000e+03,-88.208333
3703,3.70300000e+03,-88.208333
3704,3.70400000e+03,-86.500000
3705,3.70500000e+03,-86.500000
3706,3.70600000e+03,-84.833333
3707,3.70700000e+03,-84.833333
3708,3.70800000e+03,-82.958333
3709,3.70900000e+03,-82.958333
3710,3.71000000e+03,-81.250000
3711,3.71100000e+03,-81.250000
3712,3.71200000e+03,-79.375000
3713,3.71300000e+03,-79.375000
3714,3.71400000e+03,-77.666667
3715,3.71500000e+03,-77.666667
3716,3.71600000e+03,-75.958333
3717,3.71700000e+03,-75.958333
3718,3.71800000e+03,-74.166667
3719,3.71900000e+03,-74.166667
3720,3.72000000e+03,-72.416667
3721,3.72100000e+03,-72.416667
3722,3.72200000e+03,-70.666667
3723,3.72300000e+03,-70.666667
3724,3.72400000e+03,-68.958333
3725,3.72500000e+03,-68.958333
3726,3.72600000e+03,-67.333333
3727,3.72700000e+03,-67.333333
3728,3.72800000e+03,-65.375000
3729,3.72900000e+03,-65.375000
3730,3.73000000e+03,-63.666667
3731,3.73100000e+03,-63.666667
3732,3.73200000e+03,-61.875000
3733,3.73300000e+03,-61.875000
3734,3.73400000e+03,-60.208333
3735,3.73500000e+03,-60.208333
3736,3.73600000e+03,-58.458333
3737,3.73700000e+03,-58.458333
3738,3.73800000e+03,-56.666667
3739,3.73900000e+03,-56.666667
3740,3.74000000e+03,-54.833333
3741,3.74100000e+03,-54.833333
3742,3.74200000e+03,-53.125000
3743,3.74300000e+03,-53.125000
3744,3.74400000e+03,-51.166667
3745,3.74500000e+03,-51.166667
3746,3.74600000e+03,-49.333333
3747,3.74700000e+03,-49.333333
3748,3.74800000e+03,-47.750000
3749,3.74900000e+03,-47.750000
3750,3.75000000e+03,-45.791667
3751,3.75100000e+03,-45.791667
3752,3.75200000e+03,-43.750000
3753,3.75300000e+03,-43.750000
3754,3.75400000e+03,-41.833333
3755,3.75500000e+03,-41.833333
3756,3.75600000e+03,-39.958333
3757,3.75700000e+03,-39.958333
3758,3.75800000e+03,-38.166667
3759,3.75900000e+03,-38.166667
3760,3.76000000e+03,-36.250000
3761,3.76100000e+03,-36.250000
3762,3.76200000e+03,-34.166667
3763,3.76300000e+03,-34.166667
3764,3.76400000e+03,-32.250000
3765,3.76500000e+03,-32.250000
3766,3.76600000e+03,-30.250000
3767,3.76700000e+03,-30.250000
3768,3.76800000e+03,-28.333333
3769,3.76900000e+03,-28.333333
3770,3.77000000e+03,-26.250000
3771,3.77100000e+03,-26.250000
3772,3.77200000e+03,-24.166667
3773,3.77300000e+03,-24.166667
3774,3.77400000e+03,-22.041667
3775,3.77500000e+03,-22.041667
3776,3.77600000e+03,-20.041667
3777,3.77700000e+03,-20.041667
3778,3.77800000e+03,-17.833333
3779,3.77900000e+03,-17.833333
3780,3.78000000e+03,-15.833333
3781,3.78100000e+03,-15.833333
3782,3.78200000e+03,-13.750000
3783,3.78300000e+03,-13.750000
3784,3.78400000e+03,-11.666667
3785,3.78500000e+03,-11.666667
3786,3.78600000e+03,-9.500000
3787,3.78700000e+03,-9.500000
3788,3.78800000e+03,-7.416667
3789,3.78900000e+03,-7.416667
3790,3.79000000e+03,-5.291667
3791,3.79100000e+03,-5.291667
3792,3.79200000e+03,-3.125000
3793,3.79300000e+03,-3.125000
3794,3.79400000e+03,-0.916667
3795,3.79500000e+03,-0.916667
3796,3.79600000e+03,1.125000
3797,3.79700000e+03,1.125000
3798,3.79800000e+03,3.333333
3799,3.79900000e+03,3.333333
3800,3.80000000e+03,5.416667
3801,3.80100000e+03,5.416667
3802,3.80200000e+03,7.625000
3803,3.80300000e+03,7.625000
3804,3.80400000e+03,9.666667
3805,3.80500000e+03,9.666667
3806,3.80600000e+03,11.791667
3807,3.80700000e+03,11.791667
3808,3.80800000e+03,13.916667
3809,3.80900000e+03,13.916667
3810,3.81000000e+03,16.041667
3811,3.81100000e+03,16.041667
3812,3.81200000e+03,18.041667
3813,3.81300000e+03,18.041667
3814,3.81400000e+03,20.291667
3815,3.81500000e+03,20.291667
3816,3.81600000e+03,22.375000
3817,3.81700000e+03,22.375000
3818,3.81800000e+03,24.500000
3819,3.81900000e+03,24.500000
3820,3.82000000e+03,26.625000
3821,3.82100000e+03,26.625000
3822,3.82200000e+03,28.583333
3823,3.82300000e+03,28.583333
3824,3.82400000e+03,30.708333
3825,3.82500000e+03,30.708333
3826,3.82600000e+03,32.708333
3827,3.82700000e+03,32.708333
3828,3.82800000e+03,34.583333
3829,3.82900000e+03,34.583333
3830,3.83000000e+03,36.666667
3831,3.83100000e+03,36.666667
3832,3.83200000e+03,38.666667
3833,3.83300000e+03,38.666667
3834,3.83400000e+03,40.666667
3835,3.83500000e+03,40.666667
3836,3.83600000e+03,42.500000
3837,3.83700000e+03,42.500000
3838,3.83800000e+03,44.541667
3839,3.83900000e+03,44.541667
3840,3.84000000e+03,46.375000
3841,3.84100000e+03,46.375000
3842,3.84200000e+03,48.291667
3843,3.84300000e+03,48.291667
3844,3.84400000e+03,50.083333
3845,3.84500000e+03,50.083333
3846,3.84600000e+03,51.916667
3847,3.84700000e+03,51.916667
3848,3.84800000e+03,53.708333
3849,3.84900000e+03,53.708333
3850,3.85000000e+03,55.625000
3851,3.85100000e+03,55.625000
3852,3.85200000e+03,57.291667
3853,3.85300000e+03,57.291667
3854,3.85400000e+03,59.166667
3855,3.85500000e+03,59.166667
3856,3.85600000e+03,61.000000
3857,3.85700000e+03,61.000000
3858,3.85800000e+03,62.708333
3859,3.85900000e+03,62.708333
3860,3.86000000e+03,64.583333
3861,3.86100000e+03,64.583333
3862,3.86200000e+03,66.250000
3863,3.86300000e+03,66.250000
3864,3.86400000e+03,68.000000
3865,3.86500000e+03,68.000000
3866,3.86600000e+03,69.625000
3867,3.86700000e+03,69.625000
3868,3.86800000e+03,71.458333
3869,3.86900000e+03,71.458333
3870,3.87000000e+03,73.208333
3871,3.87100000e+03,73.208333
3872,3.87200000e+03,74.791667
3873,3.87300000e+03,74.791667
3874,3.87400000e+03,76.666667
3875,3.87500000e+03,76.666667
3876,3.87600000e+03,78.416667
3877,3.87700000e+03,78.416667
3878,3.87800000e+03,80.041667
3879,3.87900000e+03,80.041667
3880,3.88000000e+03,81.875000
3881,3.88100000e+03,81.875000
3882,3.88200000e+03,83.625000
3883,3.88300000e+03,83.625000
3884,3.88400000e+03,85.416667
3885,3.88500000e+03,85.416667
3886,3.88600000e+03,87.125000
3887,3.88700000e+03,87.125000
3888,3.88800000e+03,88.916667
3889,3.88900000e+03,88.916667
3890,3.89000000e+03,90.750000
3891,3.89100000e+03,90.750000
3892,3.89200000e+03,92.458333
3893,3.89300000e+03,92.458333
3894,3.89400000e+03,94.458333
3895,3.89500000e+03,94.458333
3896,3.89600000e+03,96.083333
3897,3.89700000e+03,96.083333
3898,3.89800000e+03,97.833333
3899,3.89900000e+03,97.833333
3900,3.90000000e+03,99.541667
3901,3.90100000e+03,99.541667
3902,3.90200000e+03,101.416667
3903,3.90300000e+03,101.416667
3904,3.90400000e+03,103.250000
3905,3.90500000e+03,103.250000
3906,3.90600000e+03,105.125000
3907,3.90700000e+03,105.125000
3908,3.90800000e+03,106.833333
3909,3.90900000e+03,106.833333
3910,3.91000000e+03,108.458333
3911,3.91100000e+03,108.458333
3912,3.91200000e+03,110.416667
3913,3.91300000e+03,110.416667
3914,3.91400000e+03,112.041667
3915,3.91500000e+03,112.041667
3916,3.91600000e+03,113.791667
3917,3.91700000e+03,113.791667
3918,3.91800000e+03,115.750000
3919,3.91900000e+03,115.750000
3920,3.92000000e+03,117.541667
3921,3.92100000e+03,117.541667
3922,3.92200000e+03,119.416667
3923,3.92300000e+03,119.416667
3924,3.92400000e+03,121.041667
3925,3.92500000e+03,121.041667
3926,3.92600000e+03,122.916667
3927,3.92700000e+03,122.916667
3928,3.92800000e+03,124.583333
3929,3.92900000e+03,124.583333
3930,3.93000000e+03,126.375000
3931,3.93100000e+03,126.375000
3932,3.93200000e+03,128.000000
3933,3.93300000e+03,128.000000
3934,3.93400000e+03,129.791667
3935,3.93500000e+03,129.791667
3936,3.93600000e+03,131.458333
3937,3.93700000e+03,131.458333
3938,3.93800000e+03,133.000000
3939,3.93900000e+03,133.000000
3940,3.94000000e+03,134.958333
3941,3.94100000e+03,134.958333
3942,3.94200000e+03,136.541667
3943,3.94300000e+03,136.541667
3944,3.94400000e+03,138.125000
3945,3.94500000e+03,138.125000
3946,3.94600000e+03,139.625000
3947,3.94700000e+03,139.625000
3948,3.94800000e+03,141.250000
3949,3.94900000e+03,141.250000
3950,3.95000000e+03,142.958333
3951,3.95100000e+03,142.958333
3952,3.95200000e+03,144.291667
3953,3.95300000e+03,144.291667
3954,3.95400000e+03,145.916667
3955,3.95500000e+03,145.916667
3956,3.95600000e+03,147.250000
3957,3.95700000e+03,147.250000
3958,3.95800000e+03,149.000000
3959,3.95900000e+03,149.000000
3960,3.96000000e+03,150.375000
3961,3.96100000e+03,150.375000
3962,3.96200000e+03,151.708333
3963,3.96300000e+03,151.708333
3964,3.96400000e+03,153.208333
3965,3.96500000e+03,153.208333
3966,3.96600000e+03,154.375000
3967,3.96700000e+03,154.375000
3968,3.96800000e+03,155.708333
3969,3.96900000e+03,155.708333
3970,3.97000000e+03,157.125000
3971,3.97100000e+03,157.125000
3972,3.97200000e+03,158.291667
3973,3.97300000e+03,158.291667
3974,3.97400000e+03,159.583333
3975,3.97500000e+03,159.583333
3976,3.97600000e+03,160.833333
3977,3.97700000e+03,160.833333
3978,3.97800000e+03,162.125000
3979,3.97900000e+03,162.125000
3980,3.98000000e+03,163.416667
3981,3.98100000e+03,163.416667
3982,3.98200000e+03,164.458333
3983,3.98300000e+03,164.458333
3984,3.98400000e+03,165.666667
3985,3.98500000e+03,165.666667
3986,3.98600000e+03,166.750000
3987,3.98700000e+03,166.750000
3988,3.98800000e+03,167.916667
3989,3.98900000e+03,167.916667
3990,3.99000000e+03,168.875000
3991,3.99100000e+03,168.875000
3992,3.99200000e+03,169.916667
3993,3.99300000e+03,169.916667
3994,3.99400000e+03,171.083333
3995,3.99500000e+03,171.083333
3996,3.99600000e+03,172.125000
3997,3.99700000e+03,172.125000
3998,3.99800000e+03,173.125000
3999,3.99900000e+03,173.125000
4000,4.00000000e+03,174.166667
4001,4.00100000e+03,174.166667
4002,4.00200000e+03,175.083333
4003,4.00300000e+03,175.083333
4004,4.00400000e+03,176.291667
4005,4.00500000e+03,176.291667
4006,4.00600000e+03,177.166667
4007,4.00700000e+03,177.166667
4008,4.00800000e+03,178.208333
4009,4.00900000e+03,178.208333
4010,4.01000000e+03,179.083333
4011,4.01100000e+03,179.083333
4012,4.01200000e+03,180.166667
4013,4.01300000e+03,180.166667
4014,4.01400000e+03,181.125000
4015,4.01500000e+03,181.125000
4016,4.01600000e+03,182.125000
4017,4.01700000e+03,182.125000
4018,4.01800000e+03,183.083333
4019,4.01900000e+03,183.083333
4020,4.02000000e+03,184.041667
4021,4.02100000e+03,184.041667
4022,4.02200000e+03,185.083333
4023,4.02300000e+03,185.083333
4024,4.02400000e+03,186.041667
4025,4.02500000e+03,186.041667
4026,4.02600000e+03,187.125000
4027,4.02700000e+03,187.125000
4028,4.02800000e+03,187.958333
4029,4.02900000e+03,187.958333
4030,4.03000000e+03,188.916667
4031,4.03100000e+03,188.916667
4032,4.03200000e+03,190.083333
4033,4.03300000e+03,190.083333
4034,4.03400000e+03,191.041667
4035,4.03500000e+03,191.041667
4036,4.03600000e+03,192.083333
4037,4.03700000e+03,192.083333
4038,4.03800000e+03,193.208333
4039,4.03900000e+03,193.208333
4040,4.04000000e+03,194.083333
4041,4.04100000e+03,194.083333
4042,4.04200000e+03,195.208333
4043,4.04300000e+03,195.208333
4044,4.04400000e+03,196.333333
4045,4.04500000e+03,196.333333
4046,4.04600000e+03,197.333333
4047,4.04700000e+03,197.333333
4048,4.04800000e+03,198.375000
4049,4.04900000e+03,198.375000
4050,4.05000000e+03,199.416667
4051,4.05100000e+03,199.416667
4052,4.05200000e+03,200.500000
4053,4.05300000e+03,200.500000
4054,4.05400000e+03,201.666667
4055,4.05500000e+03,201.666667
4056,4.05600000e+03,202.625000
4057,4.05700000e+03,202.625000
4058,4.05800000e+03,203.666667
4059,4.05900000e+03,203.666667
4060,4.06000000e+03,204.958333
4061,4.06100000e+03,204.958333
4062,4.06200000e+03,205.833333
4063,4.06300000e+03,205.833333
4064,4.06400000e+03,206.916667
4065,4.06500000e+03,206.916667
4066,4.06600000e+03,208.000000
4067,4.06700000e+03,208.000000
4068,4.06800000e+03,209.166667
4069,4.06900000e+03,209.166667
4070,4.07000000e+03,209.958333
4071,4.07100000e+03,209.958333
4072,4.07200000e+03,211.166667
4073,4.07300000e+03,211.166667
4074,4.07400000e+03,212.166667
4075,4.07500000e+03,212.166667
4076,4.07600000e+03,213.291667
4077,4.07700000e+03,213.291667
4078,4.07800000e+03,214.000000
4079,4.07900000e+03,214.000000
4080,4.08000000e+03,215.250000
4081,4.08100000e+03,215.250000
4082,4.08200000e+03,215.958333
4083,4.08300000e+03,215.958333
4084,4.08400000e+03,217.000000
4085,4.08500000e+03,217.000000
4086,4.08600000e+03,217.958333
4087,4.08700000e+03,217.958333
4088,4.08800000e+03,218.833333
4089,4.08900000e+03,218.833333
4090,4.09000000e+03,219.708333
4091,4.09100000e+03,219.708333
4092,4.09200000e+03,220.458333
4093,4.09300000e+03,220.458333
4094,4.09400000e+03,221.250000
4095,4.09500000e+03,221.250000
4096,4.09600000e+03,222.083333
4097,4.09700000e+03,222.083333
4098,4.09800000e+03,222.833333
4099,4.09900000e+03,222.833333
4100,4.10000000e+03,223.541667
4101,4.10100000e+03,223.541667
4102,4.10200000e+03,224.416667
4103,4.10300000e+03,224.416667
4104,4.10400000e+03,225.083333
4105,4.10500000e+03,225.083333
4106,4.10600000e+03,225.750000
4107,4.10700000e+03,225.750000
4108,4.10800000e+03,226.416667
4109,4.10900000e+03,226.416667
4110,4.11000000e+03,226.916667
4111,4.11100000e+03,226.916667
4112,4.11200000e+03,227.416667
4113,4.11300000e+03,227.416667
4114,4.11400000e+03,228.125000
4115,4.11500000e+03,228.125000
4116,4.11600000e+03,228.500000
4117,4.11700000e+03,228.500000
4118,4.11800000e+03,229.041667
4119,4.11900000e+03,229.041667
4120,4.12000000e+03,229.541667
4121,4.12100000e+03,229.541667
4122,4.12200000e+03,229.958333
4123,4.12300000e+03,229.958333
4124,4.12400000e+03,230.291667
4125,4.12500000e+03,230.291667
4126,4.12600000e+03,230.666667
4127,4.12700000e+03,230.666667
4128,4.12800000e+03,230.958333
4129,4.12900000e+03,230.958333
4130,4.13000000e+03,231.458333
4131,4.13100000e+03,231.458333
4132,4.13200000e+03,231.875000
4133,4.13300000e+03,231.875000
4134,4.13400000e+03,231.958333
4135,4.13500000e+03,231.958333
4136,4.13600000e+03,232.291667
4137,4.13700000e+03,232.291667
4138,4.13800000e+03,232.458333
4139,4.13900000e+03,232.458333
4140,4.14000000e+03,232.666667
4141,4.14100000e+03,232.666667
4142,4.14200000e+03,232.916667
4143,4.14300000e+03,232.916667
4144,4.14400000e+03,233.041667
4145,4.14500000e+03,233.041667
4146,4.14600000e+03,233.208333
4147,4.14700000e+03,233.208333
4148,4.14800000e+03,233.375000
4149,4.14900000e+03,233.375000
4150,4.15000000e+03,233.583333
4151,4.15100000e+03,233.583333
4152,4.15200000e+03,233.625000
4153,4.15300000e+03,233.625000
4154,4.15400000e+03,233.666667
4155,4.15500000e+03,233.666667
4156,4.15600000e+03,233.750000
4157,4.15700000e+03,233.750000
4158,4.15800000e+03,233.750000
4159,4.15900000e+03,233.750000
4160,4.16000000e+03,233.708333
4161,4.16100000e+03,233.708333
4162,4.16200000e+03,233.791667
4163,4.16300000e+03,233.791667
4164,4.16400000e+03,233.791667
4165,4.16500000e+03,233.791667
4166,4.16600000e+03,233.916667
4167,4.16700000e+03,233.916667
4168,4.16800000e+03,233.791667
4169,4.16900000e+03,233.791667
4170,4.17000000e+03,233.875000
4171,4.17100000e+03,233.875000
4172,4.17200000e+03,233.791667
4173,4.17300000e+03,233.791667
4174,4.17400000e+03,233.750000
4175,4.17500000e+03,233.750000
4176,4.17600000e+03,233.750000
4177,4.17700000e+03,233.750000
4178,4.17800000e+03,233.750000
4179,4.17900000e+03,233.750000
4180,4.18000000e+03,233.541667
4181,4.18100000e+03,233.541667
4182,4.18200000e+03,233.375000
4183,4.18300000e+03,233.375000
4184,4.18400000e+03,233.291667
4185,4.18500000e+03,233.291667
4186,4.18600000e+03,233.166667
4187,4.18700000e+03,233.166667
4188,4.18800000e+03,233.166667
4189,4.18900000e+03,233.166667
4190,4.19000000e+03,232.916667
4191,4.19100000e+03,232.916667
4192,4.19200000e+03,232.666667
4193,4.19300000e+03,232.666667
4194,4.19400000e+03,232.541667
4195,4.19500000e+03,232.541667
4196,4.19600000e+03,232.291667
4197,4.19700000e+03,232.291667
4198,4.19800000e+03,232.166667
4199,4.19900000e+03,232.166667
4200,4.20000000e+03,231.791667
4201,4.20100000e+03,231.791667
4202,4.20200000e+03,231.708333
4203,4.20300000e+03,231.708333
4204,4.20400000e+03,231.291667
4205,4.20500000e+03,231.291667
4206,4.20600000e+03,231.041667
4207,4.20700000e+03,231.041667
4208,4.20800000e+03,230.916667
4209,4.20900000e+03,230.916667
4210,4.21000000e+03,230.375000
4211,4.21100000e+03,230.375000
4212,4.21200000e+03,230.041667
4213,4.21300000e+03,230.041667
4214,4.21400000e+03,229.583333
4215,4.21500000e+03,229.583333
4216,4.21600000e+03,229.250000
4217,4.21700000e+03,229.250000
4218,4.21800000e+03,229.000000
4219,4.21900000e+03,229.000000
4220,4.22000000e+03,228.458333
4221,4.22100000e+03,228.458333
4222,4.22200000e+03,228.125000
4223,4.22300000e+03,228.125000
4224,4.22400000e+03,227.416667
4225,4.22500000e+03,227.416667
4226,4.22600000e+03,226.833333
4227,4.22700000e+03,226.833333
4228,4.22800000e+03,226.458333
4229,4.22900000e+03,226.458333
4230,4.23000000e+03,225.875000
4231,4.23100000e+03,225.875000
4232,4.23200000e+03,225.166667
4233,4.23300000e+03,225.166667
4234,4.23400000e+03,224.583333
4235,4.23500000e+03,224.583333
4236,4.23600000e+03,223.875000
4237,4.23700000e+03,223.875000
4238,4.23800000e+03,223.208333
4239,4.23900000e+03,223.208333
4240,4.24000000e+03,222.583333
4241,4.24100000e+03,222.583333
4242,4.24200000e+03,221.750000
4243,4.24300000e+03,221.750000
4244,4.24400000e+03,221.000000
4245,4.24500000e+03,221.000000
4246,4.24600000e+03,220.125000
4247,4.24700000e+03,220.125000
4248,4.24800000e+03,219.375000
4249,4.24900000e+03,219.375000
4250,4.25000000e+03,218.541667
4251,4.25100000e+03,218.541667
4252,4.25200000e+03,217.541667
4253,4.25300000e+03,217.541667
4254,4.25400000e+03,216.791667
4255,4.25500000e+03,216.791667
4256,4.25600000e+03,215.875000
4257,4.25700000e+03,215.875000
4258,4.25800000e+03,214.875000
4259,4.25900000e+03,214.875000
4260,4.26000000e+03,214.000000
4261,4.26100000e+03,214.000000
4262,4.26200000e+03,212.958333
4263,4.26300000e+03,212.958333
4264,4.26400000e+03,211.958333
4265,4.26500000e+03,211.958333
4266,4.26600000e+03,210.916667
4267,4.26700000e+03,210.916667
4268,4.26800000e+03,209.708333
4269,4.26900000e+03,209.708333
4270,4.27000000e+03,208.958333
4271,4.27100000e+03,208.958333
4272,4.27200000e+03,207.750000
4273,4.27300000e+03,207.750000
4274,4.27400000e+03,206.666667
4275,4.27500000e+03,206.666667
4276,4.27600000e+03,205.583333
4277,4.27700000e+03,205.583333
4278,4.27800000e+03,204.458333
4279,4.27900000e+03,204.458333
4280,4.28000000e+03,203.375000
4281,4.28100000e+03,203.375000
4282,4.28200000e+03,202.250000
4283,4.28300000e+03,202.250000
4284,4.28400000e+03,201.208333
4285,4.28500000e+03,201.208333
4286,4.28600000e+03,200.166667
4287,4.28700000e+03,200.166667
4288,4.28800000e+03,199.000000
4289,4.28900000e+03,199.000000
4290,4.29000000e+03,197.916667
4291,4.29100000e+03,197.916667
4292,4.29200000e+03,196.958333
4293,4.29300000e+03,196.958333
4294,4.29400000e+03,195.750000
4295,4.29500000e+03,195.750000
4296,4.29600000e+03,194.666667
4297,4.29700000e+03,194.666667
4298,4.29800000e+03,193.500000
4299,4.29900000e+03,193.500000
4300,4.30000000e+03,192.375000
4301,4.30100000e+03,192.375000
4302,4.30200000e+03,191.458333
4303,4.30300000e+03,191.458333
4304,4.30400000e+03,190.291667
4305,4.30500000e+03,190.291667
4306,4.30600000e+03,189.250000
4307,4.30700000e+03,189.250000
4308,4.30800000e+03,188.166667
4309,4.30900000e+03,188.166667
4310,4.31000000e+03,187.125000
4311,4.31100000e+03,187.125000
4312,4.31200000e+03,186.041667
4313,4.31300000e+03,186.041667
4314,4.31400000e+03,185.166667
4315,4.31500000e+03,185.166667
4316,4.31600000e+03,184.041667
4317,4.31700000e+03,184.041667
4318,4.31800000e+03,183.041667
4319,4.31900000e+03,183.041667
4320,4.32000000e+03,182.083333
4321,4.32100000e+03,182.083333
4322,4.32200000e+03,180.958333
4323,4.32300000e+03,180.958333
4324,4.32400000e+03,180.000000
4325,4.32500000e+03,180.000000
4326,4.32600000e+03,178.916667
4327,4.32700000e+03,178.916667
4328,4.32800000e+03,177.916667
4329,4.32900000e+03,177.916667
4330,4.33000000e+03,176.958333
4331,4.33100000e+03,176.958333
4332,4.33200000e+03,176.041667
4333,4.33300000e+03,176.041667
4334,4.33400000e+03,175.000000
4335,4.33500000e+03,175.000000
4336,4.33600000e+03,174.083333
4337,4.33700000e+03,174.083333
4338,4.33800000e+03,172.875000
4339,4.33900000e+03,172.875000
4340,4.34000000e+03,171.875000
4341,4.34100000e+03,171.875000
4342,4.34200000e+03,171.000000
4343,4.34300000e+03,171.000000
4344,4.34400000e+03,169.833333
4345,4.34500000e+03,169.833333
4346,4.34600000e+03,168.916667
4347,4.34700000e+03,168.916667
4348,4.34800000e+03,167.875000
4349,4.34900000e+03,167.875000
4350,4.35000000e+03,166.708333
4351,4.35100000e+03,166.708333
4352,4.35200000e+03,165.625000
4353,4.35300000e+03,165.625000
4354,4.35400000e+03,164.541667
4355,4.35500000e+03,164.541667
4356,4.35600000e+03,163.291667
4357,4.35700000e+03,163.291667
4358,4.35800000e+03,162.250000
4359,4.35900000e+03,162.250000
4360,4.36000000e+03,161.041667
4361,4.36100000e+03,161.041667
4362,4.36200000e+03,159.875000
4363,4.36300000e+03,159.875000
4364,4.36400000e+03,158.666667
4365,4.36500000e+03,158.666667
4366,4.36600000e+03,157.333333
4367,4.36700000e+03,157.333333
4368,4.36800000e+03,156.125000
4369,4.36900000e+03,156.125000
4370,4.37000000e+03,154.833333
4371,4.37100000e+03,154.833333
4372,4.37200000e+03,153.500000
4373,4.37300000e+03,153.500000
4374,4.37400000e+03,152.125000
4375,4.37500000e+03,152.125000
4376,4.37600000e+03,150.833333
4377,4.37700000e+03,150.833333
4378,4.37800000e+03,149.416667
4379,4.37900000e+03,149.416667
4380,4.38000000e+03,148.041667
4381,4.38100000e+03,148.041667
4382,4.38200000e+03,146.625000
4383,4.38300000e+03,146.625000
4384,4.38400000e+03,144.958333
4385,4.38500000e+03,144.958333
4386,4.38600000e+03,143.625000
4387,4.38700000e+03,143.625000
4388,4.38800000e+03,141.958333
4389,4.38900000e+03,141.958333
4390,4.39000000e+03,140.333333
4391,4.39100000e+03,140.333333
4392,4.39200000e+03,138.791667
4393,4.39300000e+03,138.791667
4394,4.39400000e+03,137.125000
4395,4.39500000e+03,137.125000
4396,4.39600000e+03,135.500000
4397,4.39700000e+03,135.500000
4398,4.39800000e+03,133.875000
4399,4.39900000e+03,133.875000
4400,4.40000000e+03,132.375000
4401,4.40100000e+03,132.375000
4402,4.40200000e+03,130.583333
4403,4.40300000e+03,130.583333
4404,4.40400000e+03,128.875000
4405,4.40500000e+03,128.875000
4406,4.40600000e+03,127.166667
4407,4.40700000e+03,127.166667
4408,4.40800000e+03,125.333333
4409,4.40900000e+03,125.333333
4410,4.41000000e+03,123.541667
4411,4.41100000e+03,123.541667
4412,4.41200000e+03,121.791667
4413,4.41300000e+03,121.791667
4414,4.41400000e+03,120.000000
4415,4.41500000e+03,120.000000
4416,4.41600000e+03,118.208333
4417,4.41700000e+03,118.208333
4418,4.41800000e+03,116.375000
4419,4.41900000e+03,116.375000
4420,4.42000000e+03,114.625000
4421,4.42100000e+03,114.625000
4422,4.42200000e+03,112.791667
4423,4.42300000e+03,112.791667
4424,4.42400000e+03,110.958333
4425,4.42500000e+03,110.958333
4426,4.42600000e+03,109.250000
4427,4.42700000e+03,109.250000
4428,4.42800000e+03,107.333333
4429,4.42900000e+03,107.333333
4430,4.43000000e+03,105.708333
4431,4.43100000e+03,105.708333
4432,4.43200000e+03,103.791667
4433,4.43300000e+03,103.791667
4434,4.43400000e+03,101.875000
4435,4.43500000e+03,101.875000
4436,4.43600000e+03,99.958333
4437,4.43700000e+03,99.958333
4438,4.43800000e+03,98.208333
4439,4.43900000e+03,98.208333
4440,4.44000000e+03,96.541667
4441,4.44100000e+03,96.541667
4442,4.44200000e+03,94.583333
4443,4.44300000e+03,94.583333
4444,4.44400000e+03,92.750000
4445,4.44500000e+03,92.750000
4446,4.44600000e+03,90.916667
4447,4.44700000e+03,90.916667
4448,4.44800000e+03,89.250000
4449,4.44900000e+03,89.250000
4450,4.45000000e+03,87.458333
4451,4.45100000e+03,87.458333
4452,4.45200000e+03,85.666667
4453,4.45300000e+03,85.666667
4454,4.45400000e+03,84.000000
4455,4.45500000e+03,84.000000
4456,4.45600000e+03,82.208333
4457,4.45700000e+03,82.208333
4458,4.45800000e+03,80.375000
4459,4.45900000e+03,80.375000
4460,4.46000000e+03,78.666667
4461,4.46100000e+03,78.666667
4462,4.46200000e+03,76.958333
4463,4.46300000e+03,76.958333
4464,4.46400000e+03,75.208333
4465,4.46500000e+03,75.208333
4466,4.46600000e+03,73.375000
4467,4.46700000e+03,73.375000
4468,4.46800000e+03,71.625000
4469,4.46900000e+03,71.625000
4470,4.47000000e+03,69.958333
4471,4.47100000e+03,69.958333
4472,4.47200000e+03,68.250000
4473,4.47300000e+03,68.250000
4474,4.47400000e+03,66.541667
4475,4.47500000e+03,66.541667
4476,4.47600000e+03,64.625000
4477,4.47700000e+03,64.625000
4478,4.47800000e+03,62.958333
4479,4.47900000e+03,62.958333
4480,4.48000000e+03,61.333333
4481,4.48100000e+03,61.333333
4482,4.48200000e+03,59.375000
4483,4.48300000e+03,59.375000
4484,4.48400000e+03,57.750000
4485,4.48500000e+03,57.750000
4486,4.48600000e+03,55.958333
4487,4.48700000e+03,55.958333
4488,4.48800000e+03,54.125000
4489,4.48900000e+03,54.125000
4490,4.49000000e+03,52.250000
4491,4.49100000e+03,52.250000
4492,4.49200000e+03,50.416667
4493,4.49300000e+03,50.416667
4494,4.49400000e+03,48.583333
4495,4.49500000e+03,48.583333
4496,4.49600000e+03,46.791667
4497,4.49700000e+03,46.791667
4498,4.49800000e+03,45.041667
4499,4.49900000e+03,45.041667
4500,4.50000000e+03,43.125000
4501,4.50100000e+03,43.125000
4502,4.50200000e+03,41.208333
4503,4.50300000e+03,41.208333
4504,4.50400000e+03,39.166667
4505,4.50500000e+03,39.166667
4506,4.50600000e+03,37.375000
4507,4.50700000e+03,37.375000
4508,4.50800000e+03,35.333333
4509,4.50900000e+03,35.333333
4510,4.51000000e+03,33.416667
4511,4.51100000e+03,33.416667
4512,4.51200000e+03,31.333333
4513,4.51300000e+03,31.333333
4514,4.51400000e+03,29.333333
4515,4.51500000e+03,29.333333
4516,4.51600000e+03,27.500000
4517,4.51700000e+03,27.500000
4518,4.51800000e+03,25.291667
4519,4.51900000e+03,25.291667
4520,4.52000000e+03,23.166667
4521,4.52100000e+03,23.166667
4522,4.52200000e+03,21.250000
4523,4.52300000e+03,21.250000
4524,4.52400000e+03,19.083333
4525,4.52500000e+03,19.083333
4526,4.52600000e+03,17.041667
4527,4.52700000e+03,17.041667
4528,4.52800000e+03,15.041667
4529,4.52900000e+03,15.041667
4530,4.53000000e+03,12.958333
4531,4.53100000e+03,12.958333
4532,4.53200000e+03,10.875000
4533,4.53300000e+03,10.875000
4534,4.53400000e+03,8.666667
4535,4.53500000e+03,8.666667
4536,4.53600000e+03,6.500000
4537,4.53700000e+03,6.500000
4538,4.53800000e+03,4.291667
4539,4.53900000e+03,4.291667
4540,4.54000000e+03,2.333333
4541,4.54100000e+03,2.333333
4542,4.54200000e+03,0.125000
4543,4.54300000e+03,0.125000
4544,4.54400000e+03,-2.000000
4545,4.54500000e+03,-2.000000
4546,4.54600000e+03,-4.250000
4547,4.54700000e+03,-4.250000
4548,4.54800000e+03,-6.333333
4549,4.54900000e+03,-6.333333
4550,4.55000000e+03,-8.500000
4551,4.55100000e+03,-8.500000
4552,4.55200000e+03,-10.708333
4553,4.55300000e+03,-10.708333
4554,4.55400000e+03,-12.666667
4555,4.55500000e+03,-12.666667
4556,4.55600000e+03,-14.916667
4557,4.55700000e+03,-14.916667
4558,4.55800000e+03,-16.916667
4559,4.55900000e+03,-16.916667
4560,4.56000000e+03,-19.000000
4561,4.56100000e+03,-19.000000
4562,4.56200000e+03,-21.125000
4563,4.56300000e+03,-21.125000
4564,4.56400000e+03,-23.166667
4565,4.56500000e+03,-23.166667
4566,4.56600000e+03,-25.375000
4567,4.56700000e+03,-25.375000
4568,4.56800000e+03,-27.333333
4569,4.56900000e+03,-27.333333
4570,4.57000000e+03,-29.458333
4571,4.57100000e+03,-29.458333
4572,4.57200000e+03,-31.500000
4573,4.57300000e+03,-31.500000
4574,4.57400000e+03,-33.416667
4575,4.57500000e+03,-33.416667
4576,4.57600000e+03,-35.458333
4577,4.57700000e+03,-35.458333
4578,4.57800000e+03,-37.458333
4579,4.57900000e+03,-37.458333
4580,4.58000000e+03,-39.416667
4581,4.58100000e+03,-39.416667
4582,4.58200000e+03,-41.333333
4583,4.58300000e+03,-41.333333
4584,4.58400000e+03,-43.291667
4585,4.58500000e+03,-43.291667
4586,4.58600000e+03,-45.125000
4587,4.58700000e+03,-45.125000
4588,4.58800000e+03,-47.125000
4589,4.58900000e+03,-47.125000
4590,4.59000000e+03,-48.833333
4591,4.59100000e+03,-48.833333
4592,4.59200000e+03,-50.666667
4593,4.59300000e+03,-50.666667
4594,4.59400000e+03,-52.541667
4595,4.59500000e+03,-52.541667
4596,4.59600000e+03,-54.375000
4597,4.59700000e+03,-54.375000
4598,4.59800000e+03,-56.333333
4599,4.59900000e+03,-56.333333
4600,4.60000000e+03,-57.958333
4601,4.60100000e+03,-57.958333
4602,4.60200000e+03,-59.750000
4603,4.60300000e+03,-59.750000
4604,4.60400000e+03,-61.541667
4605,4.60500000e+03,-61.541667
4606,4.60600000e+03,-63.291667
4607,4.60700000e+03,-63.291667
4608,4.60800000e+03,-65.083333
4609,4.60900000e+03,-65.083333
4610,4.61000000e+03,-66.875000
4611,4.61100000e+03,-66.875000
4612,4.61200000e+03,-68.583333
4613,4.61300000e+03,-68.583333
4614,4.61400000e+03,-70.416667
4615,4.61500000e+03,-70.416667
4616,4.61600000e+03,-72.166667
4617,4.61700000e+03,-72.166667
4618,4.61800000e+03,-73.833333
4619,4.61900000e+03,-73.833333
4620,4.62000000e+03,-75.541667
4621,4.62100000e+03,-75.541667
4622,4.62200000e+03,-77.458333
4623,4.62300000e+03,-77.458333
4624,4.62400000e+03,-79.041667
4625,4.62500000e+03,-79.041667
4626,4.62600000e+03,-80.625000
4627,4.62700000e+03,-80.625000
4628,4.62800000e+03,-82.458333
4629,4.62900000e+03,-82.458333
4630,4.63000000e+03,-84.250000
4631,4.63100000e+03,-84.250000
4632,4.63200000e+03,-86.000000
4633,4.63300000e+03,-86.000000
4634,4.63400000e+03,-87.750000
4635,4.63500000e+03,-87.750000
4636,4.63600000e+03,-89.541667
4637,4.63700000e+03,-89.541667
4638,4.63800000e+03,-91.375000
4639,4.63900000e+03,-91.375000
4640,4.64000000e+03,-93.041667
4641,4.64100000e+03,-93.041667
4642,4.64200000e+03,-94.791667
4643,4.64300000e+03,-94.791667
4644,4.64400000e+03,-96.708333
4645,4.64500000e+03,-96.708333
4646,4.64600000e+03,-98.416667
4647,4.64700000e+03,-98.416667
4648,4.64800000e+03,-100.166667
4649,4.64900000e+03,-100.166667
4650,4.65000000e+03,-101.875000
4651,4.65100000e+03,-101.875000
4652,4.65200000e+03,-103.791667
4653,4.65300000e+03,-103.791667
4654,4.65400000e+03,-105.541667
4655,4.65500000e+03,-105.541667
4656,4.65600000e+03,-107.333333
4657,4.65700000e+03,-107.333333
4658,4.65800000e+03,-109.125000
4659,4.65900000e+03,-109.125000
4660,4.66000000e+03,-111.041667
4661,4.66100000e+03,-111.041667
4662,4.66200000e+03,-112.750000
4663,4.66300000e+03,-112.750000
4664,4.66400000e+03,-114.500000
4665,4.66500000e+03,-114.500000
4666,4.66600000e+03,-116.416667
4667,4.66700000e+03,-116.416667
4668,4.66800000e+03,-118.125000
4669,4.66900000e+03,-118.125000
4670,4.67000000e+03,-119.875000
4671,4.67100000e+03,-119.875000
4672,4.67200000e+03,-121.708333
4673,4.67300000e+03,-121.708333
4674,4.67400000e+03,-123.333333
4675,4.67500000e+03,-123.333333
4676,4.67600000e+03,-125.291667
4677,4.67700000e+03,-125.291667
4678,4.67800000e+03,-126.916667
4679,4.67900000e+03,-126.916667
4680,4.68000000e+03,-128.666667
4681,4.68100000e+03,-128.666667
4682,4.68200000e+03,-130.416667
4683,4.68300000e+03,-130.416667
4684,4.68400000e+03,-132.250000
4685,4.68500000e+03,-132.250000
4686,4.68600000e+03,-133.791667
4687,4.68700000e+03,-133.791667
4688,4.68800000e+03,-135.375000
4689,4.68900000e+03,-135.375000
4690,4.69000000e+03,-136.958333
4691,4.69100000e+03,-136.958333
4692,4.69200000e+03,-138.541667
4693,4.69300000e+03,-138.541667
4694,4.69400000e+03,-140.208333
4695,4.69500000e+03,-140.208333
4696,4.69600000e+03,-141.833333
4697,4.69700000e+03,-141.833333
4698,4.69800000e+03,-143.375000
4699,4.69900000e+03,-143.375000
4700,4.70000000e+03,-144.833333
4701,4.70100000e+03,-144.833333
4702,4.70200000e+03,-146.333333
4703,4.70300000e+03,-146.333333
4704,4.70400000e+03,-147.916667
4705,4.70500000e+03,-147.916667
4706,4.70600000e+03,-149.416667
4707,4.70700000e+03,-149.416667
4708,4.70800000e+03,-150.625000
4709,4.70900000e+03,-150.625000
4710,4.71000000e+03,-152.250000
4711,4.71100000e+03,-152.250000
4712,4.71200000e+03,-153.625000
4713,4.71300000e+03,-153.625000
4714,4.71400000e+03,-154.833333
4715,4.71500000e+03,-154.833333
4716,4.71600000e+03,-156.083333
4717,4.71700000e+03,-156.083333
4718,4.71800000e+03,-157.416667
4719,4.71900000e+03,-157.416667
4720,4.72000000e+03,-158.791667
4721,4.72100000e+03,-158.791667
4722,4.72200000e+03,-160.000000
4723,4.72300000e+03,-160.000000
4724,4.72400000e+03,-161.291667
4725,4.72500000e+03,-161.291667
4726,4.72600000e+03,-162.500000
4727,4.72700000e+03,-162.500000
4728,4.72800000e+03,-163.666667
4729,4.72900000e+03,-163.666667
4730,4.73000000e+03,-164.791667
4731,4.73100000e+03,-164.791667
4732,4.73200000e+03,-165.958333
4733,4.73300000e+03,-165.958333
4734,4.73400000e+03,-167.125000
4735,4.73500000e+03,-167.125000
4736,4.73600000e+03,-168.166667
4737,4.73700000e+03,-168.166667
4738,4.73800000e+03,-169.208333
4739,4.73900000e+03,-169.208333
4740,4.74000000e+03,-170.250000
4741,4.74100000e+03,-170.250000
4742,4.74200000e+03,-171.416667
4743,4.74300000e+03,-171.416667
4744,4.74400000e+03,-172.416667
4745,4.74500000e+03,-172.416667
4746,4.74600000e+03,-173.333333
4747,4.74700000e+03,-173.333333
4748,4.74800000e+03,-174.500000
4749,4.74900000e+03,-174.500000
4750,4.75000000e+03,-175.291667
4751,4.75100000e+03,-175.291667
4752,4.75200000e+03,-176.416667
4753,4.75300000e+03,-176.416667
4754,4.75400000e+03,-177.375000
4755,4.75500000e+03,-177.375000
4756,4.75600000e+03,-178.416667
4757,4.75700000e+03,-178.416667
4758,4.75800000e+03,-179.333333
4759,4.75900000e+03,-179.333333
4760,4.76000000e+03,-180.333333
4761,4.76100000e+03,-180.333333
4762,4.76200000e+03,-181.500000
4763,4.76300000e+03,-181.500000
4764,4.76400000e+03,-182.458333
4765,4.76500000e+03,-182.458333
4766,4.76600000e+03,-183.375000
4767,4.76700000e+03,-183.375000
4768,4.76800000e+03,-184.333333
4769,4.76900000e+03,-184.333333
4770,4.77000000e+03,-185.333333
4771,4.77100000e+03,-185.333333
4772,4.77200000e+03,-186.208333
4773,4.77300000e+03,-186.208333
4774,4.77400000e+03,-187.375000
4775,4.77500000e+03,-187.375000
4776,4.77600000e+03,-188.333333
4777,4.77700000e+03,-188.333333
4778,4.77800000e+03,-189.291667
4779,4.77900000e+03,-189.291667
4780,4.78000000e+03,-190.250000
4781,4.78100000e+03,-190.250000
4782,4.78200000e+03,-191.375000
4783,4.78300000e+03,-191.375000
4784,4.78400000e+03,-192.416667
4785,4.78500000e+03,-192.416667
4786,4.78600000e+03,-193.458333
4787,4.78700000e+03,-193.458333
4788,4.78800000e+03,-194.541667
4789,4.78900000e+03,-194.541667
4790,4.79000000e+03,-195.458333
4791,4.79100000e+03,-195.458333
4792,4.79200000e+03,-196.416667
4793,4.79300000e+03,-196.416667
4794,4.79400000e+03,-197.541667
4795,4.79500000e+03,-197.541667
4796,4.79600000e+03,-198.708333
4797,4.79700000e+03,-198.708333
4798,4.79800000e+03,-199.666667
4799,4.79900000e+03,-199.666667
4800,4.80000000e+03,-200.791667
4801,4.80100000e+03,-200.791667
4802,4.80200000e+03,-201.791667
4803,4.80300000e+03,-201.791667
4804,4.80400000e+03,-202.916667
4805,4.80500000e+03,-202.916667
4806,4.80600000e+03,-204.000000
4807,4.80700000e+03,-204.000000
4808,4.80800000e+03,-204.958333
4809,4.80900000e+03,-204.958333
4810,4.81000000e+03,-206.125000
4811,4.81100000e+03,-206.125000
4812,4.81200000e+03,-207.250000
4813,4.81300000e+03,-207.250000
4814,4.81400000e+03,-208.208333
4815,4.81500000e+03,-208.208333
4816,4.81600000e+03,-209.208333
4817,4.81700000e+03,-209.208333
4818,4.81800000e+03,-210.333333
4819,4.81900000e+03,-210.333333
4820,4.82000000e+03,-211.291667
4821,4.82100000e+03,-211.291667
4822,4.82200000e+03,-212.333333
4823,4.82300000e+03,-212.333333
4824,4.82400000e+03,-213.458333
4825,4.82500000e+03,-213.458333
4826,4.82600000e+03,-214.416667
4827,4.82700000e+03,-214.416667
4828,4.82800000e+03,-215.291667
4829,4.82900000e+03,-215.291667
4830,4.83000000e+03,-216.208333
4831,4.83100000e+03,-216.208333
4832,4.83200000e+03,-217.000000
4833,4.83300000e+03,-217.000000
4834,4.83400000e+03,-218.083333
4835,4.83500000e+03,-218.083333
4836,4.83600000e+03,-219.000000
4837,4.83700000e+03,-219.000000
4838,4.83800000e+03,-219.916667
4839,4.83900000e+03,-219.916667
4840,4.84000000e+03,-220.708333
4841,4.84100000e+03,-220.708333
4842,4.84200000e+03,-221.333333
4843,4.84300000e+03,-221.333333
4844,4.84400000e+03,-222.250000
4845,4.84500000e+03,-222.250000
4846,4.84600000e+03,-223.000000
4847,4.84700000e+03,-223.000000
4848,4.84800000e+03,-223.750000
4849,4.84900000e+03,-223.750000
4850,4.85000000e+03,-224.541667
4851,4.85100000e+03,-224.541667
4852,4.85200000e+03,-225.041667
4853,4.85300000e+03,-225.041667
4854,4.85400000e+03,-225.708333
4855,4.85500000e+03,-225.708333
4856,4.85600000e+03,-226.416667
4857,4.85700000e+03,-226.416667
4858,4.85800000e+03,-226.916667
4859,4.85900000e+03,-226.916667
4860,4.86000000e+03,-227.375000
4861,4.86100000e+03,-227.375000
4862,4.86200000e+03,-228.000000
4863,4.86300000e+03,-228.000000
4864,4.86400000e+03,-228.583333
4865,4.86500000e+03,-228.583333
4866,4.86600000e+03,-228.958333
4867,4.86700000e+03,-228.958333
4868,4.86800000e+03,-229.375000
4869,4.86900000e+03,-229.375000
4870,4.87000000e+03,-229.916667
4871,4.87100000e+03,-229.916667
4872,4.87200000e+03,-230.291667
4873,4.87300000e+03,-230.291667
4874,4.87400000e+03,-230.625000
4875,4.87500000e+03,-230.625000
4876,4.87600000e+03,-231.000000
4877,4.87700000e+03,-231.000000
4878,4.87800000e+03,-231.208333
4879,4.87900000e+03,-231.208333
4880,4.88000000e+03,-231.625000
4881,4.88100000e+03,-231.625000
4882,4.88200000e+03,-231.833333
4883,4.88300000e+03,-231.833333
4884,4.88400000e+03,-232.000000
4885,4.88500000e+03,-232.000000
4886,4.88600000e+03,-232.375000
4887,4.88700000e+03,-232.375000
4888,4.88800000e+03,-232.541667
4889,4.88900000e+03,-232.541667
4890,4.89000000e+03,-232.666667
4891,4.89100000e+03,-232.666667
4892,4.89200000e+03,-232.958333
4893,4.89300000e+03,-232.958333
4894,4.89400000e+03,-233.125000
4895,4.89500000e+03,-233.125000
4896,4.89600000e+03,-233.375000
4897,4.89700000e+03,-233.375000
4898,4.89800000e+03,-233.416667
4899,4.89900000e+03,-233.416667
4900,4.90000000e+03,-233.375000
4901,4.90100000e+03,-233.375000
4902,4.90200000e+03,-233.583333
4903,4.90300000e+03,-233.583333
4904,4.90400000e+03,-233.541667
4905,4.90500000e+03,-233.541667
4906,4.90600000e+03,-233.583333
4907,4.90700000e+03,-233.583333
4908,4.90800000e+03,-233.666667
4909,4.90900000e+03,-233.666667
4910,4.91000000e+03,-233.583333
4911,4.91100000e+03,-233.583333
4912,4.91200000e+03,-233.791667
4913,4.91300000e+03,-233.791667
4914,4.91400000e+03,-233.708333
4915,4.91500000e+03,-233.708333
4916,4.91600000e+03,-233.625000
4917,4.91700000e+03,-233.625000
4918,4.91800000e+03,-233.708333
4919,4.91900000e+03,-233.708333
4920,4.92000000e+03,-233.625000
4921,4.92100000e+03,-233.625000
4922,4.92200000e+03,-233.583333
4923,4.92300000e+03,-233.583333
4924,4.92400000e+03,-233.416667
4925,4.92500000e+03,-233.416667
4926,4.92600000e+03,-233.250000
4927,4.92700000e+03,-233.250000
4928,4.92800000e+03,-233.375000
4929,4.92900000e+03,-233.375000
4930,4.93000000e+03,-233.125000
4931,4.93100000e+03,-233.125000
4932,4.93200000e+03,-233.125000
4933,4.93300000e+03,-233.125000
4934,4.93400000e+03,-232.916667
4935,4.93500000e+03,-232.916667
4936,4.93600000e+03,-232.875000
4937,4.93700000e+03,-232.875000
4938,4.93800000e+03,-232.500000
4939,4.93900000e+03,-232.500000
4940,4.94000000e+03,-232.291667
4941,4.94100000e+03,-232.291667
4942,4.94200000e+03,-232.250000
4943,4.94300000e+03,-232.250000
4944,4.94400000e+03,-232.041667
4945,4.94500000e+03,-232.041667
4946,4.94600000e+03,-231.875000
4947,4.94700000e+03,-231.875000
4948,4.94800000e+03,-231.625000
4949,4.94900000e+03,-231.625000
4950,4.95000000e+03,-231.416667
4951,4.95100000e+03,-231.416667
4952,4.95200000e+03,-231.083333
4953,4.95300000e+03,-231.083333
4954,4.95400000e+03,-230.666667
4955,4.95500000e+03,-230.666667
4956,4.95600000e+03,-230.375000
4957,4.95700000e+03,-230.375000
4958,4.95800000e+03,-230.083333
4959,4.95900000e+03,-230.083333
4960,4.96000000e+03,-229.750000
4961,4.96100000e+03,-229.750000
4962,4.96200000e+03,-229.416667
4963,4.96300000e+03,-229.416667
4964,4.96400000e+03,-228.958333
4965,4.96500000e+03,-228.958333
4966,4.96600000e+03,-228.416667
4967,4.96700000e+03,-228.416667
4968,4.96800000e+03,-228.083333
4969,4.96900000e+03,-228.083333
4970,4.97000000e+03,-227.458333
4971,4.97100000e+03,-227.458333
4972,4.97200000e+03,-226.958333
4973,4.97300000e+03,-226.958333
4974,4.97400000e+03,-226.541667
4975,4.97500000e+03,-226.541667
4976,4.97600000e+03,-225.958333
4977,4.97700000e+03,-225.958333
4978,4.97800000e+03,-225.416667
4979,4.97900000e+03,-225.416667
4980,4.98000000e+03,-224.833333
4981,4.98100000e+03,-224.833333
4982,4.98200000e+03,-224.166667
4983,4.98300000e+03,-224.166667
4984,4.98400000e+03,-223.500000
4985,4.98500000e+03,-223.500000
4986,4.98600000e+03,-222.750000
4987,4.98700000e+03,-222.750000
4988,4.98800000e+03,-222.083333
4989,4.98900000e+03,-222.083333
4990,4.99000000e+03,-221.250000
4991,4.99100000e+03,-221.250000
4992,4.99200000e+03,-220.500000
4993,4.99300000e+03,-220.500000
4994,4.99400000e+03,-219.625000
4995,4.99500000e+03,-219.625000
4996,4.99600000e+03,-219.000000
4997,4.99700000e+03,-219.000000
4998,4.99800000e+03,-218.000000
4999,4.99900000e+03,-218.000000
5000,5.00000000e+03,-217.250000
5001,5.00100000e+03,-217.250000
5002,5.00200000e+03,-216.208333
5003,5.00300000e+03,-216.208333
5004,5.00400000e+03,-215.250000
5005,5.00500000e+03,-215.250000
5006,5.00600000e+03,-214.375000
5007,5.00700000e+03,-214.375000
5008,5.00800000e+03,-213.375000
5009,5.00900000e+03,-213.375000
5010,5.01000000e+03,-212.375000
5011,5.01100000e+03,-212.375000
5012,5.01200000e+03,-211.291667
5013,5.01300000e+03,-211.291667
5014,5.01400000e+03,-210.291667
5015,5.01500000e+03,-210.291667
5016,5.01600000e+03,-209.333333
5017,5.01700000e+03,-209.333333
5018,5.01800000e+03,-208.125000
5019,5.01900000e+03,-208.125000
5020,5.02000000e+03,-207.208333
5021,5.02100000e+03,-207.208333
5022,5.02200000e+03,-206.041667
5023,5.02300000e+03,-206.041667
5024,5.02400000e+03,-204.958333
5025,5.02500000e+03,-204.958333
5026,5.02600000e+03,-203.875000
5027,5.02700000e+03,-203.875000
5028,5.02800000e+03,-202.791667
5029,5.02900000e+03,-202.791667
5030,5.03000000e+03,-201.625000
5031,5.03100000e+03,-201.625000
5032,5.03200000e+03,-200.583333
5033,5.03300000e+03,-200.583333
5034,5.03400000e+03,-199.500000
5035,5.03500000e+03,-199.500000
5036,5.03600000e+03,-198.375000
5037,5.03700000e+03,-198.375000
5038,5.03800000e+03,-197.291667
5039,5.03900000e+03,-197.291667
5040,5.04000000e+03,-196.333333
5041,5.04100000e+03,-196.333333
5042,5.04200000e+03,-195.208333
5043,5.04300000e+03,-195.208333
5044,5.04400000e+03,-194.125000
5045,5.04500000e+03,-194.125000
5046,5.04600000e+03,-192.958333
5047,5.04700000e+03,-192.958333
5048,5.04800000e+03,-191.833333
5049,5.04900000e+03,-191.833333
5050,5.05000000e+03,-190.875000
5051,5.05100000e+03,-190.875000
5052,5.05200000e+03,-189.791667
5053,5.05300000e+03,-189.791667
5054,5.05400000e+03,-188.833333
5055,5.05500000e+03,-188.833333
5056,5.05600000e+03,-187.625000
5057,5.05700000e+03,-187.625000
5058,5.05800000e+03,-186.500000
5059,5.05900000e+03,-186.500000
5060,5.06000000e+03,-185.625000
5061,5.06100000e+03,-185.625000
5062,5.06200000e+03,-184.416667
5063,5.06300000e+03,-184.416667
5064,5.06400000e+03,-183.541667
5065,5.06500000e+03,-183.541667
5066,5.06600000e+03,-182.500000
5067,5.06700000e+03,-182.500000
5068,5.06800000e+03,-181.458333
5069,5.06900000e+03,-181.458333
5070,5.07000000e+03,-180.500000
5071,5.07100000e+03,-180.500000
5072,5.07200000e+03,-179.541667
5073,5.07300000e+03,-179.541667
5074,5.07400000e+03,-178.541667
5075,5.07500000e+03,-178.541667
5076,5.07600000e+03,-177.500000
5077,5.07700000e+03,-177.500000
5078,5.07800000e+03,-176.583333
5079,5.07900000e+03,-176.583333
5080,5.08000000e+03,-175.583333
5081,5.08100000e+03,-175.583333
5082,5.08200000e+03,-174.500000
5083,5.08300000e+03,-174.500000
5084,5.08400000e+03,-173.458333
5085,5.08500000e+03,-173.458333
5086,5.08600000e+03,-172.458333
5087,5.08700000e+03,-172.458333
5088,5.08800000e+03,-171.416667
5089,5.08900000e+03,-171.416667
5090,5.09000000e+03,-170.416667
5091,5.09100000e+03,-170.416667
5092,5.09200000e+03,-169.416667
5093,5.09300000e+03,-169.416667
5094,5.09400000e+03,-168.291667
5095,5.09500000e+03,-168.291667
5096,5.09600000e+03,-167.208333
5097,5.09700000e+03,-167.208333
5098,5.09800000e+03,-166.041667
5099,5.09900000e+03,-166.041667
5100,5.10000000e+03,-165.000000
5101,5.10100000e+03,-165.000000
5102,5.10200000e+03,-164.041667
5103,5.10300000e+03,-164.041667
5104,5.10400000e+03,-162.833333
5105,5.10500000e+03,-162.833333
5106,5.10600000e+03,-161.500000
5107,5.10700000e+03,-161.500000
5108,5.10800000e+03,-160.375000
5109,5.10900000e+03,-160.375000
5110,5.11000000e+03,-159.291667
5111,5.11100000e+03,-159.291667
5112,5.11200000e+03,-157.958333
5113,5.11300000e+03,-157.958333
5114,5.11400000e+03,-156.750000
5115,5.11500000e+03,-156.750000
5116,5.11600000e+03,-155.500000
5117,5.11700000e+03,-155.500000
5118,5.11800000e+03,-154.208333
5119,5.11900000e+03,-154.208333
5120,5.12000000e+03,-152.875000
5121,5.12100000e+03,-152.875000
5122,5.12200000e+03,-151.416667
5123,5.12300000e+03,-151.416667
5124,5.12400000e+03,-150.125000
5125,5.12500000e+03,-150.125000
5126,5.12600000e+03,-148.708333
5127,5.12700000e+03,-148.708333
5128,5.12800000e+03,-147.291667
5129,5.12900000e+03,-147.291667
5130,5.13000000e+03,-145.791667
5131,5.13100000e+03,-145.791667
5132,5.13200000e+03,-144.250000
5133,5.13300000e+03,-144.250000
5134,5.13400000e+03,-142.708333
5135,5.13500000e+03,-142.708333
5136,5.13600000e+03,-141.208333
5137,5.13700000e+03,-141.208333
5138,5.13800000e+03,-139.708333
5139,5.13900000e+03,-139.708333
5140,5.14000000e+03,-138.000000
5141,5.14100000e+03,-138.000000
5142,5.14200000e+03,-136.375000
5143,5.14300000e+03,-136.375000
5144,5.14400000e+03,-134.750000
5145,5.14500000e+03,-134.750000
5146,5.14600000e+03,-133.125000
5147,5.14700000e+03,-133.125000
5148,5.14800000e+03,-131.416667
5149,5.14900000e+03,-131.416667
5150,5.15000000e+03,-129.625000
5151,5.15100000e+03,-129.625000
5152,5.15200000e+03,-128.000000
5153,5.15300000e+03,-128.000000
5154,5.15400000e+03,-126.208333
5155,5.15500000e+03,-126.208333
5156,5.15600000e+03,-124.541667
5157,5.15700000e+03,-124.541667
5158,5.15800000e+03,-122.625000
5159,5.15900000e+03,-122.625000
5160,5.16000000e+03,-120.916667
5161,5.16100000e+03,-120.916667
5162,5.16200000e+03,-119.041667
5163,5.16300000e+03,-119.041667
5164,5.16400000e+03,-117.333333
5165,5.16500000e+03,-117.333333
5166,5.16600000e+03,-115.458333
5167,5.16700000e+03,-115.458333
5168,5.16800000e+03,-113.791667
5169,5.16900000e+03,-113.791667
5170,5.17000000e+03,-111.875000
5171,5.17100000e+03,-111.875000
5172,5.17200000e+03,-110.041667
5173,5.17300000e+03,-110.041667
5174,5.17400000e+03,-108.208333
5175,5.17500000e+03,-108.208333
5176,5.17600000e+03,-106.458333
5177,5.17700000e+03,-106.458333
5178,5.17800000e+03,-104.583333
5179,5.17900000e+03,-104.583333
5180,5.18000000e+03,-102.708333
5181,5.18100000e+03,-102.708333
5182,5.18200000e+03,-100.833333
5183,5.18300000e+03,-100.833333
5184,5.18400000e+03,-98.958333
5185,5.18500000e+03,-98.958333
5186,5.18600000e+03,-97.333333
5187,5.18700000e+03,-97.333333
5188,5.18800000e+03,-95.375000
5189,5.18900000e+03,-95.375000
5190,5.19000000e+03,-93.625000
5191,5.19100000e+03,-93.625000
5192,5.19200000e+03,-91.875000
5193,5.19300000e+03,-91.875000
5194,5.19400000e+03,-89.875000
5195,5.19500000e+03,-89.875000
5196,5.19600000e+03,-88.291667
5197,5.19700000e+03,-88.291667
5198,5.19800000e+03,-86.541667
5199,5.19900000e+03,-86.541667
5200,5.20000000e+03,-84.750000
5201,5.20100000e+03,-84.750000
5202,5.20200000e+03,-83.083333
5203,5.20300000e+03,-83.083333
5204,5.20400000e+03,-81.291667
5205,5.20500000e+03,-81.291667
5206,5.20600000e+03,-79.625000
5207,5.20700000e+03,-79.625000
5208,5.20800000e+03,-77.791667
5209,5.20900000e+03,-77.791667
5210,5.21000000e+03,-76.041667
5211,5.21100000e+03,-76.041667
5212,5.21200000e+03,-74.250000
5213,5.21300000e+03,-74.250000
5214,5.21400000e+03,-72.541667
5215,5.21500000e+03,-72.541667
5216,5.21600000e+03,-70.750000
5217,5.21700000e+03,-70.750000
5218,5.21800000e+03,-69.041667
5219,5.21900000e+03,-69.041667
5220,5.22000000e+03,-67.291667
5221,5.22100000e+03,-67.291667
5222,5.22200000e+03,-65.416667
5223,5.22300000e+03,-65.416667
5224,5.22400000e+03,-63.750000
5225,5.22500000e+03,-63.750000
5226,5.22600000e+03,-62.000000
5227,5.22700000e+03,-62.000000
5228,5.22800000e+03,-60.208333
5229,5.22900000e+03,-60.208333
5230,5.23000000e+03,-58.458333
5231,5.23100000e+03,-58.458333
5232,5.23200000e+03,-56.666667
5233,5.23300000e+03,-56.666667
5234,5.23400000e+03,-54.875000
5235,5.23500000e+03,-54.875000
5236,5.23600000e+03,-53.166667
5237,5.23700000e+03,-53.166667
5238,5.23800000e+03,-51.291667
5239,5.23900000e+03,-51.291667
5240,5.24000000e+03,-49.583333
5241,5.24100000e+03,-49.583333
5242,5.24200000e+03,-47.541667
5243,5.24300000e+03,-47.541667
5244,5.24400000e+03,-45.833333
5245,5.24500000e+03,-45.833333
5246,5.24600000e+03,-43.958333
5247,5.24700000e+03,-43.958333
5248,5.24800000e+03,-42.125000
5249,5.24900000e+03,-42.125000
5250,5.25000000e+03,-40.166667
5251,5.25100000e+03,-40.166667
5252,5.25200000e+03,-38.208333
5253,5.25300000e+03,-38.208333
5254,5.25400000e+03,-36.208333
5255,5.25500000e+03,-36.208333
5256,5.25600000e+03,-34.208333
5257,5.25700000e+03,-34.208333
5258,5.25800000e+03,-32.250000
5259,5.25900000e+03,-32.250000
5260,5.26000000e+03,-30.333333
5261,5.26100000e+03,-30.333333
5262,5.26200000e+03,-28.333333
5263,5.26300000e+03,-28.333333
5264,5.26400000e+03,-26.375000
5265,5.26500000e+03,-26.375000
5266,5.26600000e+03,-24.291667
5267,5.26700000e+03,-24.291667
5268,5.26800000e+03,-22.166667
5269,5.26900000e+03,-22.166667
5270,5.27000000e+03,-20.166667
5271,5.27100000e+03,-20.166667
5272,5.27200000e+03,-18.125000
5273,5.27300000e+03,-18.125000
5274,5.27400000e+03,-16.041667
5275,5.27500000e+03,-16.041667
5276,5.27600000e+03,-13.916667
5277,5.27700000e+03,-13.916667
5278,5.27800000e+03,-11.750000
5279,5.27900000e+03,-11.750000
5280,5.28000000e+03,-9.583333
5281,5.28100000e+03,-9.583333
5282,5.28200000e+03,-7.458333
5283,5.28300000e+03,-7.458333
5284,5.28400000e+03,-5.416667
5285,5.28500000e+03,-5.416667
5286,5.28600000e+03,-3.208333
5287,5.28700000e+03,-3.208333
5288,5.28800000e+03,-1.125000
5289,5.28900000e+03,-1.125000
5290,5.29000000e+03,1.041667
5291,5.29100000e+03,1.041667
5292,5.29200000e+03,3.125000
5293,5.29300000e+03,3.125000
5294,5.29400000e+03,5.125000
5295,5.29500000e+03,5.125000
5296,5.29600000e+03,7.291667
5297,5.29700000e+03,7.291667
5298,5.29800000e+03,9.583333
5299,5.29900000e+03,9.583333
5300,5.30000000e+03,11.708333
5301,5.30100000e+03,11.708333
5302,5.30200000e+03,13.875000
5303,5.30300000e+03,13.875000
5304,5.30400000e+03,15.916667
5305,5.30500000e+03,15.916667
5306,5.30600000e+03,18.000000
5307,5.30700000e+03,18.000000
5308,5.30800000e+03,20.083333
5309,5.30900000e+03,20.083333
5310,5.31000000e+03,22.166667
5311,5.31100000e+03,22.166667
5312,5.31200000e+03,24.250000
5313,5.31300000e+03,24.250000
5314,5.31400000e+03,26.541667
5315,5.31500000e+03,26.541667
5316,5.31600000e+03,28.375000
5317,5.31700000e+03,28.375000
5318,5.31800000e+03,30.500000
5319,5.31900000e+03,30.500000
5320,5.32000000e+03,32.416667
5321,5.32100000e+03,32.416667
5322,5.32200000e+03,34.500000
5323,5.32300000e+03,34.500000
5324,5.32400000e+03,36.375000
5325,5.32500000e+03,36.375000
5326,5.32600000e+03,38.375000
5327,5.32700000e+03,38.375000
5328,5.32800000e+03,40.375000
5329,5.32900000e+03,40.375000
5330,5.33000000e+03,42.250000
5331,5.33100000e+03,42.250000
5332,5.33200000e+03,44.208333
5333,5.33300000e+03,44.208333
5334,5.33400000e+03,46.125000
5335,5.33500000e+03,46.125000
5336,5.33600000e+03,48.041667
5337,5.33700000e+03,48.041667
5338,5.33800000e+03,49.958333
5339,5.33900000e+03,49.958333
5340,5.34000000e+03,51.708333
5341,5.34100000e+03,51.708333
5342,5.34200000e+03,53.458333
5343,5.34300000e+03,53.458333
5344,5.34400000e+03,55.458333
5345,5.34500000e+03,55.458333
5346,5.34600000e+03,57.125000
5347,5.34700000e+03,57.125000
5348,5.34800000e+03,58.875000
5349,5.34900000e+03,58.875000
5350,5.35000000e+03,60.708333
5351,5.35100000e+03,60.708333
5352,5.35200000e+03,62.583333
5353,5.35300000e+03,62.583333
5354,5.35400000e+03,64.250000
5355,5.35500000e+03,64.250000
5356,5.35600000e+03,65.916667
5357,5.35700000e+03,65.916667
5358,5.35800000e+03,67.666667
5359,5.35900000e+03,67.666667
5360,5.36000000e+03,69.500000
5361,5.36100000e+03,69.500000
5362,5.36200000e+03,71.250000
5363,5.36300000e+03,71.250000
5364,5.36400000e+03,73.083333
5365,5.36500000e+03,73.083333
5366,5.36600000e+03,74.750000
5367,5.36700000e+03,74.750000
5368,5.36800000e+03,76.458333
5369,5.36900000e+03,76.458333
5370,5.37000000e+03,78.041667
5371,5.37100000e+03,78.041667
5372,5.37200000e+03,79.875000
5373,5.37300000e+03,79.875000
5374,5.37400000e+03,81.875000
5375,5.37500000e+03,81.875000
5376,5.37600000e+03,83.416667
5377,5.37700000e+03,83.416667
5378,5.37800000e+03,85.250000
5379,5.37900000e+03,85.250000
5380,5.38000000e+03,86.958333
5381,5.38100000e+03,86.958333
5382,5.38200000e+03,88.791667
5383,5.38300000e+03,88.791667
5384,5.38400000e+03,90.416667
5385,5.38500000e+03,90.416667
5386,5.38600000e+03,92.291667
5387,5.38700000e+03,92.291667
5388,5.38800000e+03,94.083333
5389,5.38900000e+03,94.083333
5390,5.39000000e+03,95.750000
5391,5.39100000e+03,95.750000
5392,5.39200000e+03,97.625000
5393,5.39300000e+03,97.625000
5394,5.39400000e+03,99.333333
5395,5.39500000e+03,99.333333
5396,5.39600000e+03,101.250000
5397,5.39700000e+03,101.250000
5398,5.39800000e+03,102.791667
5399,5.39900000e+03,102.791667
5400,5.40000000e+03,104.750000
5401,5.40100000e+03,104.750000
5402,5.40200000e+03,106.500000
5403,5.40300000e+03,106.500000
5404,5.40400000e+03,108.250000
5405,5.40500000e+03,108.250000
5406,5.40600000e+03,109.958333
5407,5.40700000e+03,109.958333
5408,5.40800000e+03,111.875000
5409,5.40900000e+03,111.875000
5410,5.41000000e+03,113.666667
5411,5.41100000e+03,113.666667
5412,5.41200000e+03,115.458333
5413,5.41300000e+03,115.458333
5414,5.41400000e+03,117.250000
5415,5.41500000e+03,117.250000
5416,5.41600000e+03,118.833333
5417,5.41700000e+03,118.833333
5418,5.41800000e+03,120.750000
5419,5.41900000e+03,120.750000
5420,5.42000000e+03,122.500000
5421,5.42100000e+03,122.500000
5422,5.42200000e+03,124.250000
5423,5.42300000e+03,124.250000
5424,5.42400000e+03,125.916667
5425,5.42500000e+03,125.916667
5426,5.42600000e+03,127.750000
5427,5.42700000e+03,127.750000
5428,5.42800000e+03,129.375000
5429,5.42900000e+03,129.375000
5430,5.43000000e+03,131.125000
5431,5.43100000e+03,131.125000
5432,5.43200000e+03,132.875000
5433,5.43300000e+03,132.875000
5434,5.43400000e+03,134.541667
5435,5.43500000e+03,134.541667
5436,5.43600000e+03,136.083333
5437,5.43700000e+03,136.083333
5438,5.43800000e+03,137.875000
5439,5.43900000e+03,137.875000
5440,5.44000000e+03,139.500000
5441,5.44100000e+03,139.500000
5442,5.44200000e+03,141.083333
5443,5.44300000e+03,141.083333
5444,5.44400000e+03,142.541667
5445,5.44500000e+03,142.541667
5446,5.44600000e+03,144.125000
5447,5.44700000e+03,144.125000
5448,5.44800000e+03,145.625000
5449,5.44900000e+03,145.625000
5450,5.45000000e+03,147.083333
5451,5.45100000e+03,147.083333
5452,5.45200000e+03,148.625000
5453,5.45300000e+03,148.625000
5454,5.45400000e+03,149.958333
5455,5.45500000e+03,149.958333
5456,5.45600000e+03,151.458333
5457,5.45700000e+03,151.458333
5458,5.45800000e+03,152.833333
5459,5.45900000e+03,152.833333
5460,5.46000000e+03,154.250000
5461,5.46100000e+03,154.250000
5462,5.46200000e+03,155.500000
5463,5.46300000e+03,155.500000
5464,5.46400000e+03,156.875000
5465,5.46500000e+03,156.875000
5466,5.46600000e+03,158.125000
5467,5.46700000e+03,158.125000
5468,5.46800000e+03,159.416667
5469,5.46900000e+03,159.416667
5470,5.47000000e+03,160.583333
5471,5.47100000e+03,160.583333
5472,5.47200000e+03,161.875000
5473,5.47300000e+03,161.875000
5474,5.47400000e+03,163.041667
5475,5.47500000e+03,163.041667
5476,5.47600000e+03,164.291667
5477,5.47700000e+03,164.291667
5478,5.47800000e+03,165.375000
5479,5.47900000e+03,165.375000
5480,5.48000000e+03,166.375000
5481,5.48100000e+03,166.375000
5482,5.48200000e+03,167.541667
5483,5.48300000e+03,167.541667
5484,5.48400000e+03,168.583333
5485,5.48500000e+03,168.583333
5486,5.48600000e+03,169.666667
5487,5.48700000e+03,169.666667
5488,5.48800000e+03,170.708333
5489,5.48900000e+03,170.708333
5490,5.49000000e+03,171.958333
5491,5.49100000e+03,171.958333
5492,5.49200000e+03,172.791667
5493,5.49300000e+03,172.791667
5494,5.49400000e+03,173.916667
5495,5.49500000e+03,173.916667
5496,5.49600000e+03,174.916667
5497,5.49700000e+03,174.916667
5498,5.49800000e+03,176.041667
5499,5.49900000e+03,176.041667
5500,5.50000000e+03,176.958333
5501,5.50100000e+03,176.958333
5502,5.50200000e+03,177.916667
5503,5.50300000e+03,177.916667
5504,5.50400000e+03,178.916667
5505,5.50500000e+03,178.916667
5506,5.50600000e+03,179.958333
5507,5.50700000e+03,179.958333
5508,5.50800000e+03,180.791667
5509,5.50900000e+03,180.791667
5510,5.51000000e+03,181.916667
5511,5.51100000e+03,181.916667
5512,5.51200000e+03,182.875000
5513,5.51300000e+03,182.875000
5514,5.51400000e+03,183.916667
5515,5.51500000e+03,183.916667
5516,5.51600000e+03,184.833333
5517,5.51700000e+03,184.833333
5518,5.51800000e+03,185.916667
5519,5.51900000e+03,185.916667
5520,5.52000000e+03,186.791667
5521,5.52100000e+03,186.791667
5522,5.52200000e+03,187.750000
5523,5.52300000e+03,187.750000
5524,5.52400000e+03,188.791667
5525,5.52500000e+03,188.791667
5526,5.52600000e+03,189.750000
5527,5.52700000e+03,189.750000
5528,5.52800000e+03,190.791667
5529,5.52900000e+03,190.791667
5530,5.53000000e+03,191.875000
5531,5.53100000e+03,191.875000
5532,5.53200000e+03,192.916667
5533,5.53300000e+03,192.916667
5534,5.53400000e+03,193.916667
5535,5.53500000e+03,193.916667
5536,5.53600000e+03,194.958333
5537,5.53700000e+03,194.958333
5538,5.53800000e+03,196.000000
5539,5.53900000e+03,196.000000
5540,5.54000000e+03,197.083333
5541,5.54100000e+03,197.083333
5542,5.54200000e+03,198.125000
5543,5.54300000e+03,198.125000
5544,5.54400000e+03,199.041667
5545,5.54500000e+03,199.041667
5546,5.54600000e+03,200.166667
5547,5.54700000e+03,200.166667
5548,5.54800000e+03,201.291667
5549,5.54900000e+03,201.291667
5550,5.55000000e+03,202.333333
5551,5.55100000e+03,202.333333
5552,5.55200000e+03,203.500000
5553,5.55300000e+03,203.500000
5554,5.55400000e+03,204.375000
5555,5.55500000e+03,204.375000
5556,5.55600000e+03,205.625000
5557,5.55700000e+03,205.625000
5558,5.55800000e+03,206.666667
5559,5.55900000e+03,206.666667
5560,5.56000000e+03,207.708333
5561,5.56100000e+03,207.708333
5562,5.56200000e+03,208.791667
5563,5.56300000e+03,208.791667
5564,5.56400000e+03,209.750000
5565,5.56500000e+03,209.750000
5566,5.56600000e+03,210.791667
5567,5.56700000e+03,210.791667
5568,5.56800000e+03,211.791667
5569,5.56900000e+03,211.791667
5570,5.57000000e+03,212.833333
5571,5.57100000e+03,212.833333
5572,5.57200000e+03,213.708333
5573,5.57300000e+03,213.708333
5574,5.57400000e+03,214.875000
5575,5.57500000e+03,214.875000
5576,5.57600000e+03,215.625000
5577,5.57700000e+03,215.625000
5578,5.57800000e+03,216.666667
5579,5.57900000e+03,216.666667
5580,5.58000000e+03,217.541667
5581,5.58100000e+03,217.541667
5582,5.58200000e+03,218.541667
5583,5.58300000e+03,218.541667
5584,5.58400000e+03,219.333333
5585,5.58500000e+03,219.333333
5586,5.58600000e+03,220.250000
5587,5.58700000e+03,220.250000
5588,5.58800000e+03,221.041667
5589,5.58900000e+03,221.041667
5590,5.59000000e+03,221.875000
5591,5.59100000e+03,221.875000
5592,5.59200000e+03,222.583333
5593,5.59300000e+03,222.583333
5594,5.59400000e+03,223.375000
5595,5.59500000e+03,223.375000
5596,5.59600000e+03,224.000000
5597,5.59700000e+03,224.000000
5598,5.59800000e+03,224.666667
5599,5.59900000e+03,224.666667
5600,5.60000000e+03,225.333333
5601,5.60100000e+03,225.333333
5602,5.60200000e+03,226.041667
5603,5.60300000e+03,226.041667
5604,5.60400000e+03,226.458333
5605,5.60500000e+03,226.458333
5606,5.60600000e+03,227.083333
5607,5.60700000e+03,227.083333
5608,5.60800000e+03,227.791667
5609,5.60900000e+03,227.791667
5610,5.61000000e+03,228.208333
5611,5.61100000e+03,228.208333
5612,5.61200000e+03,228.541667
5613,5.61300000e+03,228.541667
5614,5.61400000e+03,229.208333
5615,5.61500000e+03,229.208333
5616,5.61600000e+03,229.666667
5617,5.61700000e+03,229.666667
5618,5.61800000e+03,230.083333
5619,5.61900000e+03,230.083333
5620,5.62000000e+03,230.416667
5621,5.62100000e+03,230.416667
5622,5.62200000e+03,230.791667
5623,5.62300000e+03,230.791667
5624,5.62400000e+03,231.166667
5625,5.62500000e+03,231.166667
5626,5.62600000e+03,231.500000
5627,5.62700000e+03,231.500000
5628,5.62800000e+03,231.833333
5629,5.62900000e+03,231.833333
5630,5.63000000e+03,231.958333
5631,5.63100000e+03,231.958333
5632,5.63200000e+03,232.291667
5633,5.63300000e+03,232.291667
5634,5.63400000e+03,232.416667
5635,5.63500000e+03,232.416667
5636,5.63600000e+03,232.666667
5637,5.63700000e+03,232.666667
5638,5.63800000e+03,232.833333
5639,5.63900000e+03,232.833333
5640,5.64000000e+03,233.083333
5641,5.64100000e+03,233.083333
5642,5.64200000e+03,233.166667
5643,5.64300000e+03,233.166667
5644,5.64400000e+03,233.250000
5645,5.64500000e+03,233.250000
5646,5.64600000e+03,233.458333
5647,5.64700000e+03,233.458333
5648,5.64800000e+03,233.541667
5649,5.64900000e+03,233.541667
5650,5.65000000e+03,233.416667
5651,5.65100000e+03,233.416667
5652,5.65200000e+03,233.625000
5653,5.65300000e+03,233.625000
5654,5.65400000e+03,233.625000
5655,5.65500000e+03,233.625000
5656,5.65600000e+03,233.750000
5657,5.65700000e+03,233.750000
5658,5.65800000e+03,233.625000
5659,5.65900000e+03,233.625000
5660,5.66000000e+03,233.666667
5661,5.66100000e+03,233.666667
5662,5.66200000e+03,233.625000
5663,5.66300000e+03,233.625000
5664,5.66400000e+03,233.666667
5665,5.66500000e+03,233.666667
5666,5.66600000e+03,233.666667
5667,5.66700000e+03,233.666667
5668,5.66800000e+03,233.625000
5669,5.66900000e+03,233.625000
5670,5.67000000e+03,233.458333
5671,5.67100000e+03,233.458333
5672,5.67200000e+03,233.458333
5673,5.67300000e+03,233.458333
5674,5.67400000e+03,233.291667
5675,5.67500000e+03,233.291667
5676,5.67600000e+03,233.291667
5677,5.67700000e+03,233.291667
5678,5.67800000e+03,233.083333
5679,5.67900000e+03,233.083333
5680,5.68000000e+03,232.958333
5681,5.68100000e+03,232.958333
5682,5.68200000e+03,232.750000
5683,5.68300000e+03,232.750000
5684,5.68400000e+03,232.666667
5685,5.68500000e+03,232.666667
5686,5.68600000e+03,232.500000
5687,5.68700000e+03,232.500000
5688,5.68800000e+03,232.416667
5689,5.68900000e+03,232.416667
5690,5.69000000e+03,232.083333
5691,5.69100000e+03,232.083333
5692,5.69200000e+03,231.958333
5693,5.69300000e+03,231.958333
5694,5.69400000e+03,231.666667
5695,5.69500000e+03,231.666667
5696,5.69600000e+03,231.541667
5697,5.69700000e+03,231.541667
5698,5.69800000e+03,231.208333
5699,5.69900000e+03,231.208333
5700,5.70000000e+03,230.958333
5701,5.70100000e+03,230.958333
5702,5.70200000e+03,230.541667
5703,5.70300000e+03,230.541667
5704,5.70400000e+03,230.291667
5705,5.70500000e+03,230.291667
5706,5.70600000e+03,229.958333
5707,5.70700000e+03,229.958333
5708,5.70800000e+03,229.750000
5709,5.70900000e+03,229.750000
5710,5.71000000e+03,229.208333
5711,5.71100000e+03,229.208333
5712,5.71200000e+03,228.833333
5713,5.71300000e+03,228.833333
5714,5.71400000e+03,228.375000
5715,5.71500000e+03,228.375000
5716,5.71600000e+03,227.958333
5717,5.71700000e+03,227.958333
5718,5.71800000e+03,227.375000
5719,5.71900000e+03,227.375000
5720,5.72000000e+03,226.791667
5721,5.72100000e+03,226.791667
5722,5.72200000e+03,226.333333
5723,5.72300000e+03,226.333333
5724,5.72400000e+03,225.791667
5725,5.72500000e+03,225.791667
5726,5.72600000e+03,225.125000
5727,5.72700000e+03,225.125000
5728,5.72800000e+03,224.458333
5729,5.72900000e+03,224.458333
5730,5.73000000e+03,223.833333
5731,5.73100000e+03,223.833333
5732,5.73200000e+03,223.166667
5733,5.73300000e+03,223.166667
5734,5.73400000e+03,222.416667
5735,5.73500000e+03,222.416667
5736,5.73600000e+03,221.750000
5737,5.73700000e+03,221.750000
5738,5.73800000e+03,220.916667
5739,5.73900000e+03,220.916667
5740,5.74000000e+03,220.166667
5741,5.74100000e+03,220.166667
5742,5.74200000e+03,219.375000
5743,5.74300000e+03,219.375000
5744,5.74400000e+03,218.541667
5745,5.74500000e+03,218.541667
5746,5.74600000e+03,217.500000
5747,5.74700000e+03,217.500000
5748,5.74800000e+03,216.916667
5749,5.74900000e+03,216.916667
5750,5.75000000e+03,215.791667
5751,5.75100000e+03,215.791667
5752,5.75200000e+03,214.916667
5753,5.75300000e+03,214.916667
5754,5.75400000e+03,213.958333
5755,5.75500000e+03,213.958333
5756,5.75600000e+03,212.958333
5757,5.75700000e+03,212.958333
5758,5.75800000e+03,211.958333
5759,5.75900000e+03,211.958333
5760,5.76000000e+03,210.916667
5761,5.76100000e+03,210.916667
5762,5.76200000e+03,210.000000
5763,5.76300000e+03,210.000000
5764,5.76400000e+03,208.791667
5765,5.76500000e+03,208.791667
5766,5.76600000e+03,208.000000
5767,5.76700000e+03,208.000000
5768,5.76800000e+03,206.583333
5769,5.76900000e+03,206.583333
5770,5.77000000e+03,205.625000
5771,5.77100000e+03,205.625000
5772,5.77200000e+03,204.458333
5773,5.77300000e+03,204.458333
5774,5.77400000e+03,203.416667
5775,5.77500000e+03,203.416667
5776,5.77600000e+03,202.333333
5777,5.77700000e+03,202.333333
5778,5.77800000e+03,201.208333
5779,5.77900000e+03,201.208333
5780,5.78000000e+03,200.208333
5781,5.78100000e+03,200.208333
5782,5.78200000e+03,199.041667
5783,5.78300000e+03,199.041667
5784,5.78400000e+03,198.041667
5785,5.78500000e+03,198.041667
5786,5.78600000e+03,196.875000
5787,5.78700000e+03,196.875000
5788,5.78800000e+03,195.791667
5789,5.78900000e+03,195.791667
5790,5.79000000e+03,194.708333
5791,5.79100000e+03,194.708333
5792,5.79200000e+03,193.708333
5793,5.79300000e+03,193.708333
5794,5.79400000e+03,192.500000
5795,5.79500000e+03,192.500000
5796,5.79600000e+03,191.625000
5797,5.79700000e+03,191.625000
5798,5.79800000e+03,190.416667
5799,5.79900000e+03,190.416667
5800,5.80000000e+03,189.250000
5801,5.80100000e+03,189.250000
5802,5.80200000e+03,188.208333
5803,5.80300000e+03,188.208333
5804,5.80400000e+03,187.208333
5805,5.80500000e+03,187.208333
5806,5.80600000e+03,186.291667
5807,5.80700000e+03,186.291667
5808,5.80800000e+03,185.250000
5809,5.80900000e+03,185.250000
5810,5.81000000e+03,184.166667
5811,5.81100000e+03,184.166667
5812,5.81200000e+03,183.125000
5813,5.81300000e+03,183.125000
5814,5.81400000e+03,182.125000
5815,5.81500000e+03,182.125000
5816,5.81600000e+03,181.083333
5817,5.81700000e+03,181.083333
5818,5.81800000e+03,180.166667
5819,5.81900000e+03,180.166667
5820,5.82000000e+03,179.083333
5821,5.82100000e+03,179.083333
5822,5.82200000e+03,178.250000
5823,5.82300000e+03,178.250000
5824,5.82400000e+03,177.125000
5825,5.82500000e+03,177.125000
5826,5.82600000e+03,176.083333
5827,5.82700000e+03,176.083333
5828,5.82800000e+03,175.125000
5829,5.82900000e+03,175.125000
5830,5.83000000e+03,174.166667
5831,5.83100000e+03,174.166667
5832,5.83200000e+03,173.125000
5833,5.83300000e+03,173.125000
5834,5.83400000e+03,172.208333
5835,5.83500000e+03,172.208333
5836,5.83600000e+03,171.041667
5837,5.83700000e+03,171.041667
5838,5.83800000e+03,170.000000
5839,5.83900000e+03,170.000000
5840,5.84000000e+03,169.000000
5841,5.84100000e+03,169.000000
5842,5.84200000e+03,167.791667
5843,5.84300000e+03,167.791667
5844,5.84400000e+03,166.750000
5845,5.84500000e+03,166.750000
5846,5.84600000e+03,165.875000
5847,5.84700000e+03,165.875000
5848,5.84800000e+03,164.500000
5849,5.84900000e+03,164.500000
5850,5.85000000e+03,163.500000
5851,5.85100000e+03,163.500000
5852,5.85200000e+03,162.291667
5853,5.85300000e+03,162.291667
5854,5.85400000e+03,161.083333
5855,5.85500000e+03,161.083333
5856,5.85600000e+03,160.041667
5857,5.85700000e+03,160.041667
5858,5.85800000e+03,158.708333
5859,5.85900000e+03,158.708333
5860,5.86000000e+03,157.416667
5861,5.86100000e+03,157.416667
5862,5.86200000e+03,156.125000
5863,5.86300000e+03,156.125000
5864,5.86400000e+03,154.958333
5865,5.86500000e+03,154.958333
5866,5.86600000e+03,153.541667
5867,5.86700000e+03,153.541667
5868,5.86800000e+03,152.291667
5869,5.86900000e+03,152.291667
5870,5.87000000e+03,151.000000
5871,5.87100000e+03,151.000000
5872,5.87200000e+03,149.416667
5873,5.87300000e+03,149.416667
5874,5.87400000e+03,148.083333
5875,5.87500000e+03,148.083333
5876,5.87600000e+03,146.666667
5877,5.87700000e+03,146.666667
5878,5.87800000e+03,144.958333
5879,5.87900000e+03,144.958333
5880,5.88000000e+03,143.541667
5881,5.88100000e+03,143.541667
5882,5.88200000e+03,142.041667
5883,5.88300000e+03,142.041667
5884,5.88400000e+03,140.416667
5885,5.88500000e+03,140.416667
5886,5.88600000e+03,138.958333
5887,5.88700000e+03,138.958333
5888,5.88800000e+03,137.250000
5889,5.88900000e+03,137.250000
5890,5.89000000e+03,135.708333
5891,5.89100000e+03,135.708333
5892,5.89200000e+03,133.958333
5893,5.89300000e+03,133.958333
5894,5.89400000e+03,132.375000
5895,5.89500000e+03,132.375000
5896,5.89600000e+03,130.583333
5897,5.89700000e+03,130.583333
5898,5.89800000e+03,129.041667
5899,5.89900000e+03,129.041667
5900,5.90000000e+03,127.208333
5901,5.90100000e+03,127.208333
5902,5.90200000e+03,125.458333
5903,5.90300000e+03,125.458333
5904,5.90400000e+03,123.583333
5905,5.90500000e+03,123.583333
5906,5.90600000e+03,121.958333
5907,5.90700000e+03,121.958333
5908,5.90800000e+03,120.125000
5909,5.90900000e+03,120.125000
5910,5.91000000e+03,118.291667
5911,5.91100000e+03,118.291667
5912,5.91200000e+03,116.458333
5913,5.91300000e+03,116.458333
5914,5.91400000e+03,114.625000
5915,5.91500000e+03,114.625000
5916,5.91600000e+03,112.875000
5917,5.91700000e+03,112.875000
5918,5.91800000e+03,111.000000
5919,5.91900000e+03,111.000000
5920,5.92000000e+03,109.250000
5921,5.92100000e+03,109.250000
5922,5.92200000e+03,107.333333
5923,5.92300000e+03,107.333333
5924,5.92400000e+03,105.500000
5925,5.92500000e+03,105.500000
5926,5.92600000e+03,103.833333
5927,5.92700000e+03,103.833333
5928,5.92800000e+03,101.875000
5929,5.92900000e+03,101.875000
5930,5.93000000e+03,100.000000
5931,5.93100000e+03,100.000000
5932,5.93200000e+03,98.166667
5933,5.93300000e+03,98.166667
5934,5.93400000e+03,96.416667
5935,5.93500000e+03,96.416667
5936,5.93600000e+03,94.708333
5937,5.93700000e+03,94.708333
5938,5.93800000e+03,92.833333
5939,5.93900000e+03,92.833333
5940,5.94000000e+03,91.041667
5941,5.94100000e+03,91.041667
5942,5.94200000e+03,89.250000
5943,5.94300000e+03,89.250000
5944,5.94400000e+03,87.541667
5945,5.94500000e+03,87.541667
5946,5.94600000e+03,85.750000
5947,5.94700000e+03,85.750000
5948,5.94800000e+03,83.875000
5949,5.94900000e+03,83.875000
5950,5.95000000e+03,82.291667
5951,5.95100000e+03,82.291667
5952,5.95200000e+03,80.375000
5953,5.95300000e+03,80.375000
5954,5.95400000e+03,78.791667
5955,5.95500000e+03,78.791667
5956,5.95600000e+03,76.875000
5957,5.95700000e+03,76.875000
5958,5.95800000e+03,75.208333
5959,5.95900000e+03,75.208333
5960,5.96000000e+03,73.458333
5961,5.96100000e+03,73.458333
5962,5.96200000e+03,71.666667
5963,5.96300000e+03,71.666667
5964,5.96400000e+03,69.958333
5965,5.96500000e+03,69.958333
5966,5.96600000e+03,68.166667
5967,5.96700000e+03,68.166667
5968,5.96800000e+03,66.541667
5969,5.96900000e+03,66.541667
5970,5.97000000e+03,64.791667
5971,5.97100000e+03,64.791667
5972,5.97200000e+03,63.041667
5973,5.97300000e+03,63.041667
5974,5.97400000e+03,61.166667
5975,5.97500000e+03,61.166667
5976,5.97600000e+03,59.583333
5977,5.97700000e+03,59.583333
5978,5.97800000e+03,57.750000
5979,5.97900000e+03,57.750000
5980,5.98000000e+03,55.916667
5981,5.98100000e+03,55.916667
5982,5.98200000e+03,54.166667
5983,5.98300000e+03,54.166667
5984,5.98400000e+03,52.333333
5985,5.98500000e+03,52.333333
5986,5.98600000e+03,50.500000
5987,5.98700000e+03,50.500000
5988,5.98800000e+03,48.583333
5989,5.98900000e+03,48.583333
5990,5.99000000e+03,46.791667
5991,5.99100000e+03,46.791667
5992,5.99200000e+03,44.833333
5993,5.99300000e+03,44.833333
5994,5.99400000e+03,43.083333
5995,5.99500000e+03,43.083333
5996,5.99600000e+03,41.166667
5997,5.99700000e+03,41.166667
5998,5.99800000e+03,39.250000
5999,5.99900000e+03,39.250000
6000,6.00000000e+03,37.291667
6001,6.00100000e+03,37.291667
6002,6.00200000e+03,35.333333
6003,6.00300000e+03,35.333333
6004,6.00400000e+03,33.416667
6005,6.00500000e+03,33.416667
6006,6.00600000e+03,31.375000
6007,6.00700000e+03,31.375000
6008,6.00800000e+03,29.500000
6009,6.00900000e+03,29.500000
6010,6.01000000e+03,27.500000
6011,6.01100000e+03,27.500000
6012,6.01200000e+03,25.333333
6013,6.01300000e+03,25.333333
6014,6.01400000e+03,23.416667
6015,6.01500000e+03,23.416667
6016,6.01600000e+03,21.208333
6017,6.01700000e+03,21.208333
6018,6.01800000e+03,19.125000
6019,6.01900000e+03,19.125000
6020,6.02000000e+03,17.166667
6021,6.02100000e+03,17.166667
6022,6.02200000e+03,14.916667
6023,6.02300000e+03,14.916667
6024,6.02400000e+03,12.916667
6025,6.02500000e+03,12.916667
6026,6.02600000e+03,10.666667
6027,6.02700000e+03,10.666667
6028,6.02800000e+03,8.666667
6029,6.02900000e+03,8.666667
6030,6.03000000e+03,6.416667
6031,6.03100000e+03,6.416667
6032,6.03200000e+03,4.333333
6033,6.03300000e+03,4.333333
6034,6.03400000e+03,2.208333
6035,6.03500000e+03,2.208333
6036,6.03600000e+03,0.208333
6037,6.03700000e+03,0.208333
6038,6.03800000e+03,-1.916667
6039,6.03900000e+03,-1.916667
6040,6.04000000e+03,-4.250000
6041,6.04100000e+03,-4.250000
6042,6.04200000e+03,-6.333333
6043,6.04300000e+03,-6.333333
6044,6.04400000e+03,-8.416667
6045,6.04500000e+03,-8.416667
6046,6.04600000e+03,-10.583333
6047,6.04700000e+03,-10.583333
6048,6.04800000e+03,-12.625000
6049,6.04900000e+03,-12.625000
6050,6.05000000e+03,-14.875000
6051,6.05100000e+03,-14.875000
6052,6.05200000e+03,-17.041667
6053,6.05300000e+03,-17.041667
6054,6.05400000e+03,-19.125000
6055,6.05500000e+03,-19.125000
6056,6.05600000e+03,-21.250000
6057,6.05700000e+03,-21.250000
6058,6.05800000e+03,-23.166667
6059,6.05900000e+03,-23.166667
6060,6.06000000e+03,-25.416667
6061,6.06100000e+03,-25.416667
6062,6.06200000e+03,-27.375000
6063,6.06300000e+03,-27.375000
6064,6.06400000e+03,-29.416667
6065,6.06500000e+03,-29.416667
6066,6.06600000e+03,-31.541667
6067,6.06700000e+03,-31.541667
6068,6.06800000e+03,-33.333333
6069,6.06900000e+03,-33.333333
6070,6.07000000e+03,-35.541667
6071,6.07100000e+03,-35.541667
6072,6.07200000e+03,-37.375000
6073,6.07300000e+03,-37.375000
6074,6.07400000e+03,-39.458333
6075,6.07500000e+03,-39.458333
6076,6.07600000e+03,-41.458333
6077,6.07700000e+03,-41.458333
6078,6.07800000e+03,-43.208333
6079,6.07900000e+03,-43.208333
6080,6.08000000e+03,-45.250000
6081,6.08100000e+03,-45.250000
6082,6.08200000e+03,-47.083333
6083,6.08300000e+03,-47.083333
6084,6.08400000e+03,-48.958333
6085,6.08500000e+03,-48.958333
6086,6.08600000e+03,-50.791667
6087,6.08700000e+03,-50.791667
6088,6.08800000e+03,-52.583333
6089,6.08900000e+03,-52.583333
6090,6.09000000e+03,-54.458333
6091,6.09100000e+03,-54.458333
6092,6.09200000e+03,-56.375000
6093,6.09300000e+03,-56.375000
6094,6.09400000e+03,-58.083333
6095,6.09500000e+03,-58.083333
6096,6.09600000e+03,-59.833333
6097,6.09700000e+03,-59.833333
6098,6.09800000e+03,-61.541667
6099,6.09900000e+03,-61.541667
6100,6.10000000e+03,-63.416667
6101,6.10100000e+03,-63.416667
6102,6.10200000e+03,-65.083333
6103,6.10300000e+03,-65.083333
6104,6.10400000e+03,-66.916667
6105,6.10500000e+03,-66.916667
6106,6.10600000e+03,-68.625000
6107,6.10700000e+03,-68.625000
6108,6.10800000e+03,-70.291667
6109,6.10900000e+03,-70.291667
6110,6.11000000e+03,-72.041667
6111,6.11100000e+03,-72.041667
6112,6.11200000e+03,-73.958333
6113,6.11300000e+03,-73.958333
6114,6.11400000e+03,-75.500000
6115,6.11500000e+03,-75.500000
6116,6.11600000e+03,-77.333333
6117,6.11700000e+03,-77.333333
6118,6.11800000e+03,-79.125000
6119,6.11900000e+03,-79.125000
6120,6.12000000e+03,-80.916667
6121,6.12100000e+03,-80.916667
6122,6.12200000e+03,-82.541667
6123,6.12300000e+03,-82.541667
6124,6.12400000e+03,-84.333333
6125,6.12500000e+03,-84.333333
6126,6.12600000e+03,-86.000000
6127,6.12700000e+03,-86.000000
6128,6.12800000e+03,-87.750000
6129,6.12900000e+03,-87.750000
6130,6.13000000e+03,-89.541667
6131,6.13100000e+03,-89.541667
6132,6.13200000e+03,-91.333333
6133,6.13300000e+03,-91.333333
6134,6.13400000e+03,-93.000000
6135,6.13500000e+03,-93.000000
6136,6.13600000e+03,-94.958333
6137,6.13700000e+03,-94.958333
6138,6.13800000e+03,-96.625000
6139,6.13900000e+03,-96.625000
6140,6.14000000e+03,-98.416667
6141,6.14100000e+03,-98.416667
6142,6.14200000e+03,-100.083333
6143,6.14300000e+03,-100.083333
6144,6.14400000e+03,-102.041667
6145,6.14500000e+03,-102.041667
6146,6.14600000e+03,-103.583333
6147,6.14700000e+03,-103.583333
6148,6.14800000e+03,-105.541667
6149,6.14900000e+03,-105.541667
6150,6.15000000e+03,-107.291667
6151,6.15100000e+03,-107.291667
6152,6.15200000e+03,-109.125000
6153,6.15300000e+03,-109.125000
6154,6.15400000e+03,-110.958333
6155,6.15500000e+03,-110.958333
6156,6.15600000e+03,-112.666667
6157,6.15700000e+03,-112.666667
6158,6.15800000e+03,-114.541667
6159,6.15900000e+03,-114.541667
6160,6.16000000e+03,-116.250000
6161,6.16100000e+03,-116.250000
6162,6.16200000e+03,-118.125000
6163,6.16300000e+03,-118.125000
6164,6.16400000e+03,-119.833333
6165,6.16500000e+03,-119.833333
6166,6.16600000e+03,-121.583333
6167,6.16700000e+03,-121.583333
6168,6.16800000e+03,-123.333333
6169,6.16900000e+03,-123.333333
6170,6.17000000e+03,-125.125000
6171,6.17100000e+03,-125.125000
6172,6.17200000e+03,-126.833333
6173,6.17300000e+03,-126.833333
6174,6.17400000e+03,-128.500000
6175,6.17500000e+03,-128.500000
6176,6.17600000e+03,-130.375000
6177,6.17700000e+03,-130.375000
6178,6.17800000e+03,-132.083333
6179,6.17900000e+03,-132.083333
6180,6.18000000e+03,-133.708333
6181,6.18100000e+03,-133.708333
6182,6.18200000e+03,-135.291667
6183,6.18300000e+03,-135.291667
6184,6.18400000e+03,-136.875000
6185,6.18500000e+03,-136.875000
6186,6.18600000e+03,-138.625000
6187,6.18700000e+03,-138.625000
6188,6.18800000e+03,-140.291667
6189,6.18900000e+03,-140.291667
6190,6.19000000e+03,-141.875000
6191,6.19100000e+03,-141.875000
6192,6.19200000e+03,-143.333333
6193,6.19300000e+03,-143.333333
6194,6.19400000e+03,-144.916667
6195,6.19500000e+03,-144.916667
6196,6.19600000e+03,-146.291667
6197,6.19700000e+03,-146.291667
6198,6.19800000e+03,-147.750000
6199,6.19900000e+03,-147.750000
6200,6.20000000e+03,-149.250000
6201,6.20100000e+03,-149.250000
6202,6.20200000e+03,-150.750000
6203,6.20300000e+03,-150.750000
6204,6.20400000e+03,-152.125000
6205,6.20500000e+03,-152.125000
6206,6.20600000e+03,-153.375000
6207,6.20700000e+03,-153.375000
6208,6.20800000e+03,-154.958333
6209,6.20900000e+03,-154.958333
6210,6.21000000e+03,-156.250000
6211,6.21100000e+03,-156.250000
6212,6.21200000e+03,-157.500000
6213,6.21300000e+03,-157.500000
6214,6.21400000e+03,-158.833333
6215,6.21500000e+03,-158.833333
6216,6.21600000e+03,-160.125000
6217,6.21700000e+03,-160.125000
6218,6.21800000e+03,-161.291667
6219,6.21900000e+03,-161.291667
6220,6.22000000e+03,-162.375000
6221,6.22100000e+03,-162.375000
6222,6.22200000e+03,-163.583333
6223,6.22300000e+03,-163.583333
6224,6.22400000e+03,-164.750000
6225,6.22500000e+03,-164.750000
6226,6.22600000e+03,-165.875000
6227,6.22700000e+03,-165.875000
6228,6.22800000e+03,-167.125000
6229,6.22900000e+03,-167.125000
6230,6.23000000e+03,-168.125000
6231,6.23100000e+03,-168.125000
6232,6.23200000e+03,-169.250000
6233,6.23300000e+03,-169.250000
6234,6.23400000e+03,-170.375000
6235,6.23500000e+03,-170.375000
6236,6.23600000e+03,-171.333333
6237,6.23700000e+03,-171.333333
6238,6.23800000e+03,-172.416667
6239,6.23900000e+03,-172.416667
6240,6.24000000e+03,-173.375000
6241,6.24100000e+03,-173.375000
6242,6.24200000e+03,-174.416667
6243,6.24300000e+03,-174.416667
6244,6.24400000e+03,-175.500000
6245,6.24500000e+03,-175.500000
6246,6.24600000e+03,-176.458333
6247,6.24700000e+03,-176.458333
6248,6.24800000e+03,-177.541667
6249,6.24900000e+03,-177.541667
6250,6.25000000e+03,-178.375000
6251,6.25100000e+03,-178.375000
6252,6.25200000e+03,-179.458333
6253,6.25300000e+03,-179.458333
6254,6.25400000e+03,-180.458333
6255,6.25500000e+03,-180.458333
6256,6.25600000e+03,-181.416667
6257,6.25700000e+03,-181.416667
6258,6.25800000e+03,-182.458333
6259,6.25900000e+03,-182.458333
6260,6.26000000e+03,-183.291667
6261,6.26100000e+03,-183.291667
6262,6.26200000e+03,-184.291667
6263,6.26300000e+03,-184.291667
6264,6.26400000e+03,-185.291667
6265,6.26500000e+03,-185.291667
6266,6.26600000e+03,-186.291667
6267,6.26700000e+03,-186.291667
6268,6.26800000e+03,-187.375000
6269,6.26900000e+03,-187.375000
6270,6.27000000e+03,-188.291667
6271,6.27100000e+03,-188.291667
6272,6.27200000e+03,-189.333333
6273,6.27300000e+03,-189.333333
6274,6.27400000e+03,-190.375000
6275,6.27500000e+03,-190.375000
6276,6.27600000e+03,-191.375000
6277,6.27700000e+03,-191.375000
6278,6.27800000e+03,-192.458333
6279,6.27900000e+03,-192.458333
6280,6.28000000e+03,-193.416667
6281,6.28100000e+03,-193.416667
6282,6.28200000e+03,-194.500000
6283,6.28300000e+03,-194.500000
6284,6.28400000e+03,-195.458333
6285,6.28500000e+03,-195.458333
6286,6.28600000e+03,-196.583333
6287,6.28700000e+03,-196.583333
6288,6.28800000e+03,-197.625000
6289,6.28900000e+03,-197.625000
6290,6.29000000e+03,-198.708333
6291,6.29100000e+03,-198.708333
6292,6.29200000e+03,-199.750000
6293,6.29300000e+03,-199.750000
6294,6.29400000e+03,-200.750000
6295,6.29500000e+03,-200.750000
6296,6.29600000e+03,-201.916667
6297,6.29700000e+03,-201.916667
6298,6.29800000e+03,-202.875000
6299,6.29900000e+03,-202.875000
6300,6.30000000e+03,-204.000000
6301,6.30100000e+03,-204.000000
6302,6.30200000e+03,-205.041667
6303,6.30300000e+03,-205.041667
6304,6.30400000e+03,-206.041667
6305,6.30500000e+03,-206.041667
6306,6.30600000e+03,-207.291667
6307,6.30700000e+03,-207.291667
6308,6.30800000e+03,-208.333333
6309,6.30900000e+03,-208.333333
6310,6.31000000e+03,-209.291667
6311,6.31100000e+03,-209.291667
6312,6.31200000e+03,-210.291667
6313,6.31300000e+03,-210.291667
6314,6.31400000e+03,-211.375000
6315,6.31500000e+03,-211.375000
6316,6.31600000e+03,-212.416667
6317,6.31700000e+03,-212.416667
6318,6.31800000e+03,-213.458333
6319,6.31900000e+03,-213.458333
6320,6.32000000e+03,-214.416667
6321,6.32100000e+03,-214.416667
6322,6.32200000e+03,-215.416667
6323,6.32300000e+03,-215.416667
6324,6.32400000e+03,-216.250000
6325,6.32500000e+03,-216.250000
6326,6.32600000e+03,-217.208333
6327,6.32700000e+03,-217.208333
6328,6.32800000e+03,-218.125000
6329,6.32900000e+03,-218.125000
6330,6.33000000e+03,-218.875000
6331,6.33100000e+03,-218.875000
6332,6.33200000e+03,-219.750000
6333,6.33300000e+03,-219.750000
6334,6.33400000e+03,-220.750000
6335,6.33500000e+03,-220.750000
6336,6.33600000e+03,-221.416667
6337,6.33700000e+03,-221.416667
6338,6.33800000e+03,-222.250000
6339,6.33900000e+03,-222.250000
6340,6.34000000e+03,-223.166667
6341,6.34100000e+03,-223.166667
6342,6.34200000e+03,-223.708333
6343,6.34300000e+03,-223.708333
6344,6.34400000e+03,-224.458333
6345,6.34500000e+03,-224.458333
6346,6.34600000e+03,-225.083333
6347,6.34700000e+03,-225.083333
6348,6.34800000e+03,-225.833333
6349,6.34900000e+03,-225.833333
6350,6.35000000e+03,-226.375000
6351,6.35100000e+03,-226.375000
6352,6.35200000e+03,-226.916667
6353,6.35300000e+03,-226.916667
6354,6.35400000e+03,-227.458333
6355,6.35500000e+03,-227.458333
6356,6.35600000e+03,-228.041667
6357,6.35700000e+03,-228.041667
6358,6.35800000e+03,-228.583333
6359,6.35900000e+03,-228.583333
6360,6.36000000e+03,-229.000000
6361,6.36100000e+03,-229.000000
6362,6.36200000e+03,-229.458333
6363,6.36300000e+03,-229.458333
6364,6.36400000e+03,-229.833333
6365,6.36500000e+03,-229.833333
6366,6.36600000e+03,-230.333333
6367,6.36700000e+03,-230.333333
6368,6.36800000e+03,-230.708333
6369,6.36900000e+03,-230.708333
6370,6.37000000e+03,-231.083333
6371,6.37100000e+03,-231.083333
6372,6.37200000e+03,-231.500000
6373,6.37300000e+03,-231.500000
6374,6.37400000e+03,-231.541667
6375,6.37500000e+03,-231.541667
6376,6.37600000e+03,-231.875000
6377,6.37700000e+03,-231.875000
6378,6.37800000e+03,-232.208333
6379,6.37900000e+03,-232.208333
6380,6.38000000e+03,-232.416667
6381,6.38100000e+03,-232.416667
6382,6.38200000e+03,-232.666667
6383,6.38300000e+03,-232.666667
6384,6.38400000e+03,-232.750000
6385,6.38500000e+03,-232.750000
6386,6.38600000e+03,-232.916667
6387,6.38700000e+03,-232.916667
6388,6.38800000e+03,-233.000000
6389,6.38900000e+03,-233.000000
6390,6.39000000e+03,-233.208333
6391,6.39100000e+03,-233.208333
6392,6.39200000e+03,-233.291667
6393,6.39300000e+03,-233.291667
6394,6.39400000e+03,-233.666667
6395,6.39500000e+03,-233.666667
6396,6.39600000e+03,-233.500000
6397,6.39700000e+03,-233.500000
6398,6.39800000e+03,-233.583333
6399,6.39900000e+03,-233.583333
6400,6.40000000e+03,-233.625000
6401,6.40100000e+03,-233.625000
6402,6.40200000e+03,-233.750000
6403,6.40300000e+03,-233.750000
6404,6.40400000e+03,-233.708333
6405,6.40500000e+03,-233.708333
6406,6.40600000e+03,-233.791667
6407,6.40700000e+03,-233.791667
6408,6.40800000e+03,-233.666667
6409,6.40900000e+03,-233.666667
6410,6.41000000e+03,-233.750000
6411,6.41100000e+03,-233.750000
6412,6.41200000e+03,-233.791667
6413,6.41300000e+03,-233.791667
6414,6.41400000e+03,-233.583333
6415,6.41500000e+03,-233.583333
6416,6.41600000e+03,-233.583333
6417,6.41700000e+03,-233.583333
6418,6.41800000e+03,-233.583333
6419,6.41900000e+03,-233.583333
6420,6.42000000e+03,-233.541667
6421,6.42100000e+03,-233.541667
6422,6.42200000e+03,-233.416667
6423,6.42300000e+03,-233.416667
6424,6.42400000e+03,-233.250000
6425,6.42500000e+03,-233.250000
6426,6.42600000e+03,-233.166667
6427,6.42700000e+03,-233.166667
6428,6.42800000e+03,-232.916667
6429,6.42900000e+03,-232.916667
6430,6.43000000e+03,-232.916667
6431,6.43100000e+03,-232.916667
6432,6.43200000e+03,-232.791667
6433,6.43300000e+03,-232.791667
6434,6.43400000e+03,-232.458333
6435,6.43500000e+03,-232.458333
6436,6.43600000e+03,-232.375000
6437,6.43700000e+03,-232.375000
6438,6.43800000e+03,-232.083333
6439,6.43900000e+03,-232.083333
6440,6.44000000e+03,-231.833333
6441,6.44100000e+03,-231.833333
6442,6.44200000e+03,-231.625000
6443,6.44300000e+03,-231.625000
6444,6.44400000e+03,-231.416667
6445,6.44500000e+03,-231.416667
6446,6.44600000e+03,-231.125000
6447,6.44700000e+03,-231.125000
6448,6.44800000e+03,-230.791667
6449,6.44900000e+03,-230.791667
6450,6.45000000e+03,-230.500000
6451,6.45100000e+03,-230.500000
6452,6.45200000e+03,-230.125000
6453,6.45300000e+03,-230.125000
6454,6.45400000e+03,-229.750000
6455,6.45500000e+03,-229.750000
6456,6.45600000e+03,-229.375000
6457,6.45700000e+03,-229.375000
6458,6.45800000e+03,-229.041667
6459,6.45900000e+03,-229.041667
6460,6.46000000e+03,-228.500000
6461,6.46100000e+03,-228.500000
6462,6.46200000e+03,-228.250000
6463,6.46300000e+03,-228.250000
6464,6.46400000e+03,-227.625000
6465,6.46500000e+03,-227.625000
6466,6.46600000e+03,-227.208333
6467,6.46700000e+03,-227.208333
6468,6.46800000e+03,-226.583333
6469,6.46900000e+03,-226.583333
6470,6.47000000e+03,-226.083333
6471,6.47100000e+03,-226.083333
6472,6.47200000e+03,-225.500000
6473,6.47300000e+03,-225.500000
6474,6.47400000e+03,-224.833333
6475,6.47500000e+03,-224.833333
6476,6.47600000e+03,-224.291667
6477,6.47700000e+03,-224.291667
6478,6.47800000e+03,-223.541667
6479,6.47900000e+03,-223.541667
6480,6.48000000e+03,-222.750000
6481,6.48100000e+03,-222.750000
6482,6.48200000e+03,-222.041667
6483,6.48300000e+03,-222.041667
6484,6.48400000e+03,-221.250000
6485,6.48500000e+03,-221.250000
6486,6.48600000e+03,-220.583333
6487,6.48700000e+03,-220.583333
6488,6.48800000e+03,-219.750000
6489,6.48900000e+03,-219.750000
6490,6.49000000e+03,-218.958333
6491,6.49100000e+03,-218.958333
6492,6.49200000e+03,-218.000000
6493,6.49300000e+03,-218.000000
6494,6.49400000e+03,-217.208333
6495,6.49500000e+03,-217.208333
6496,6.49600000e+03,-216.333333
6497,6.49700000e+03,-216.333333
6498,6.49800000e+03,-215.375000
6499,6.49900000e+03,-215.375000
6500,6.50000000e+03,-214.416667
6501,6.50100000e+03,-214.416667
6502,6.50200000e+03,-213.375000
6503,6.50300000e+03,-213.375000
6504,6.50400000e+03,-212.416667
6505,6.50500000e+03,-212.416667
6506,6.50600000e+03,-211.375000
6507,6.50700000e+03,-211.375000
6508,6.50800000e+03,-210.416667
6509,6.50900000e+03,-210.416667
6510,6.51000000e+03,-209.458333
6511,6.51100000e+03,-209.458333
6512,6.51200000e+03,-208.208333
6513,6.51300000e+03,-208.208333
6514,6.51400000e+03,-207.208333
6515,6.51500000e+03,-207.208333
6516,6.51600000e+03,-206.166667
6517,6.51700000e+03,-206.166667
6518,6.51800000e+03,-205.083333
6519,6.51900000e+03,-205.083333
6520,6.52000000e+03,-204.125000
6521,6.52100000e+03,-204.125000
6522,6.52200000e+03,-202.958333
6523,6.52300000e+03,-202.958333
6524,6.52400000e+03,-201.791667
6525,6.52500000e+03,-201.791667
6526,6.52600000e+03,-200.666667
6527,6.52700000e+03,-200.666667
6528,6.52800000e+03,-199.666667
6529,6.52900000e+03,-199.666667
6530,6.53000000e+03,-198.583333
6531,6.53100000e+03,-198.583333
6532,6.53200000e+03,-197.416667
6533,6.53300000e+03,-197.416667
6534,6.53400000e+03,-196.291667
6535,6.53500000e+03,-196.291667
6536,6.53600000e+03,-195.375000
6537,6.53700000e+03,-195.375000
6538,6.53800000e+03,-194.166667
6539,6.53900000e+03,-194.166667
6540,6.54000000e+03,-193.083333
6541,6.54100000e+03,-193.083333
6542,6.54200000e+03,-191.958333
6543,6.54300000e+03,-191.958333
6544,6.54400000e+03,-190.875000
6545,6.54500000e+03,-190.875000
6546,6.54600000e+03,-189.875000
6547,6.54700000e+03,-189.875000
6548,6.54800000e+03,-188.750000
6549,6.54900000e+03,-188.750000
6550,6.55000000e+03,-187.958333
6551,6.55100000e+03,-187.958333
6552,6.55200000e+03,-186.583333
6553,6.55300000e+03,-186.583333
6554,6.55400000e+03,-185.541667
6555,6.55500000e+03,-185.541667
6556,6.55600000e+03,-184.666667
6557,6.55700000e+03,-184.666667
6558,6.55800000e+03,-183.708333
6559,6.55900000e+03,-183.708333
6560,6.56000000e+03,-182.625000
6561,6.56100000e+03,-182.625000
6562,6.56200000e+03,-181.666667
6563,6.56300000e+03,-181.666667
6564,6.56400000e+03,-180.625000
6565,6.56500000e+03,-180.625000
6566,6.56600000e+03,-179.666667
6567,6.56700000e+03,-179.666667
6568,6.56800000e+03,-178.708333
6569,6.56900000e+03,-178.708333
6570,6.57000000e+03,-177.625000
6571,6.57100000e+03,-177.625000
6572,6.57200000e+03,-176.583333
6573,6.57300000e+03,-176.583333
6574,6.57400000e+03,-175.666667
6575,6.57500000e+03,-175.666667
6576,6.57600000e+03,-174.583333
6577,6.57700000e+03,-174.583333
6578,6.57800000e+03,-173.583333
6579,6.57900000e+03,-173.583333
6580,6.58000000e+03,-172.625000
6581,6.58100000e+03,-172.625000
6582,6.58200000e+03,-171.583333
6583,6.58300000e+03,-171.583333
6584,6.58400000e+03,-170.416667
6585,6.58500000e+03,-170.416667
6586,6.58600000e+03,-169.541667
6587,6.58700000e+03,-169.541667
6588,6.58800000e+03,-168.375000
6589,6.58900000e+03,-168.375000
6590,6.59000000e+03,-167.291667
6591,6.59100000e+03,-167.291667
6592,6.59200000e+03,-166.333333
6593,6.59300000e+03,-166.333333
6594,6.59400000e+03,-165.208333
6595,6.59500000e+03,-165.208333
6596,6.59600000e+03,-164.083333
6597,6.59700000e+03,-164.083333
6598,6.59800000e+03,-162.958333
6599,6.59900000e+03,-162.958333
6600,6.60000000e+03,-161.833333
6601,6.60100000e+03,-161.833333
6602,6.60200000e+03,-160.625000
6603,6.60300000e+03,-160.625000
6604,6.60400000e+03,-159.375000
6605,6.60500000e+03,-159.375000
6606,6.60600000e+03,-157.958333
6607,6.60700000e+03,-157.958333
6608,6.60800000e+03,-156.833333
6609,6.60900000e+03,-156.833333
6610,6.61000000e+03,-155.666667
6611,6.61100000e+03,-155.666667
6612,6.61200000e+03,-154.166667
6613,6.61300000e+03,-154.166667
6614,6.61400000e+03,-153.125000
6615,6.61500000e+03,-153.125000
6616,6.61600000e+03,-151.625000
6617,6.61700000e+03,-151.625000
6618,6.61800000e+03,-150.125000
6619,6.61900000e+03,-150.125000
6620,6.62000000e+03,-148.791667
6621,6.62100000e+03,-148.791667
6622,6.62200000e+03,-147.291667
6623,6.62300000e+03,-147.291667
6624,6.62400000e+03,-145.875000
6625,6.62500000e+03,-145.875000
6626,6.62600000e+03,-144.333333
6627,6.62700000e+03,-144.333333
6628,6.62800000e+03,-142.791667
6629,6.62900000e+03,-142.791667
6630,6.63000000e+03,-141.250000
6631,6.63100000e+03,-141.250000
6632,6.63200000e+03,-139.708333
6633,6.63300000e+03,-139.708333
6634,6.63400000e+03,-138.000000
6635,6.63500000e+03,-138.000000
6636,6.63600000e+03,-136.375000
6637,6.63700000e+03,-136.375000
6638,6.63800000e+03,-134.750000
6639,6.63900000e+03,-134.750000
6640,6.64000000e+03,-133.041667
6641,6.64100000e+03,-133.041667
6642,6.64200000e+03,-131.375000
6643,6.64300000e+03,-131.375000
6644,6.64400000e+03,-129.625000
6645,6.64500000e+03,-129.625000
6646,6.64600000e+03,-127.958333
6647,6.64700000e+03,-127.958333
6648,6.64800000e+03,-126.333333
6649,6.64900000e+03,-126.333333
6650,6.65000000e+03,-124.541667
6651,6.65100000e+03,-124.541667
6652,6.65200000e+03,-122.666667
6653,6.65300000e+03,-122.666667
6654,6.65400000e+03,-120.833333
6655,6.65500000e+03,-120.833333
6656,6.65600000e+03,-119.083333
6657,6.65700000e+03,-119.083333
6658,6.65800000e+03,-117.250000
6659,6.65900000e+03,-117.250000
6660,6.66000000e+03,-115.458333
6661,6.66100000e+03,-115.458333
6662,6.66200000e+03,-113.708333
6663,6.66300000e+03,-113.708333
6664,6.66400000e+03,-111.750000
6665,6.66500000e+03,-111.750000
6666,6.66600000e+03,-110.041667
6667,6.66700000e+03,-110.041667
6668,6.66800000e+03,-108.208333
6669,6.66900000e+03,-108.208333
6670,6.67000000e+03,-106.291667
6671,6.67100000e+03,-106.291667
6672,6.67200000e+03,-104.416667
6673,6.67300000e+03,-104.416667
6674,6.67400000e+03,-102.666667
6675,6.67500000e+03,-102.666667
6676,6.67600000e+03,-100.833333
6677,6.67700000e+03,-100.833333
6678,6.67800000e+03,-99.125000
6679,6.67900000e+03,-99.125000
6680,6.68000000e+03,-97.333333
6681,6.68100000e+03,-97.333333
6682,6.68200000e+03,-95.416667
6683,6.68300000e+03,-95.416667
6684,6.68400000e+03,-93.500000
6685,6.68500000e+03,-93.500000
6686,6.68600000e+03,-91.750000
6687,6.68700000e+03,-91.750000
6688,6.68800000e+03,-90.041667
6689,6.68900000e+03,-90.041667
6690,6.69000000e+03,-88.250000
6691,6.69100000e+03,-88.250000
6692,6.69200000e+03,-86.458333
6693,6.69300000e+03,-86.458333
6694,6.69400000e+03,-84.708333
6695,6.69500000e+03,-84.708333
6696,6.69600000e+03,-83.000000
6697,6.69700000e+03,-83.000000
6698,6.69800000e+03,-81.166667
6699,6.69900000e+03,-81.166667
6700,6.70000000e+03,-79.500000
6701,6.70100000e+03,-79.500000
6702,6.70200000e+03,-77.791667
6703,6.70300000e+03,-77.791667
6704,6.70400000e+03,-76.000000
6705,6.70500000e+03,-76.000000
6706,6.70600000e+03,-74.208333
6707,6.70700000e+03,-74.208333
6708,6.70800000e+03,-72.416667
6709,6.70900000e+03,-72.416667
6710,6.71000000e+03,-70.583333
6711,6.71100000e+03,-70.583333
6712,6.71200000e+03,-68.916667
6713,6.71300000e+03,-68.916667
6714,6.71400000e+03,-67.208333
6715,6.71500000e+03,-67.208333
6716,6.71600000e+03,-65.458333
6717,6.71700000e+03,-65.458333
6718,6.71800000e+03,-63.666667
6719,6.71900000e+03,-63.666667
6720,6.72000000e+03,-61.958333
6721,6.72100000e+03,-61.958333
6722,6.72200000e+03,-60.125000
6723,6.72300000e+03,-60.125000
6724,6.72400000e+03,-58.416667
6725,6.72500000e+03,-58.416667
6726,6.72600000e+03,-56.750000
6727,6.72700000e+03,-56.750000
6728,6.72800000e+03,-54.916667
6729,6.72900000e+03,-54.916667
6730,6.73000000e+03,-53.125000
6731,6.73100000e+03,-53.125000
6732,6.73200000e+03,-51.291667
6733,6.73300000e+03,-51.291667
6734,6.73400000e+03,-49.541667
6735,6.73500000e+03,-49.541667
6736,6.73600000e+03,-47.541667
6737,6.73700000e+03,-47.541667
6738,6.73800000e+03,-45.833333
6739,6.73900000e+03,-45.833333
6740,6.74000000e+03,-43.958333
6741,6.74100000e+03,-43.958333
6742,6.74200000e+03,-42.041667
6743,6.74300000e+03,-42.041667
6744,6.74400000e+03,-40.041667
6745,6.74500000e+03,-40.041667
6746,6.74600000e+03,-38.208333
6747,6.74700000e+03,-38.208333
6748,6.74800000e+03,-36.250000
6749,6.74900000e+03,-36.250000
6750,6.75000000e+03,-34.416667
6751,6.75100000e+03,-34.416667
6752,6.75200000e+03,-32.375000
6753,6.75300000e+03,-32.375000
6754,6.75400000e+03,-30.291667
6755,6.75500000e+03,-30.291667
6756,6.75600000e+03,-28.333333
6757,6.75700000e+03,-28.333333
6758,6.75800000e+03,-26.333333
6759,6.75900000e+03,-26.333333
6760,6.76000000e+03,-24.208333
6761,6.76100000e+03,-24.208333
6762,6.76200000e+03,-22.125000
6763,6.76300000e+03,-22.125000
6764,6.76400000e+03,-20.125000
6765,6.76500000e+03,-20.125000
6766,6.76600000e+03,-18.166667
6767,6.76700000e+03,-18.166667
6768,6.76800000e+03,-15.916667
6769,6.76900000e+03,-15.916667
6770,6.77000000e+03,-13.875000
6771,6.77100000e+03,-13.875000
6772,6.77200000e+03,-11.708333
6773,6.77300000e+03,-11.708333
6774,6.77400000e+03,-9.541667
6775,6.77500000e+03,-9.541667
6776,6.77600000e+03,-7.458333
6777,6.77700000e+03,-7.458333
6778,6.77800000e+03,-5.416667
6779,6.77900000e+03,-5.416667
6780,6.78000000e+03,-3.125000
6781,6.78100000e+03,-3.125000
6782,6.78200000e+03,-1.041667
6783,6.78300000e+03,-1.041667
6784,6.78400000e+03,1.041667
6785,6.78500000e+03,1.041667
6786,6.78600000e+03,3.208333
6787,6.78700000e+03,3.208333
6788,6.78800000e+03,5.250000
6789,6.78900000e+03,5.250000
6790,6.79000000e+03,7.541667
6791,6.79100000e+03,7.541667
6792,6.79200000e+03,9.708333
6793,6.79300000e+03,9.708333
6794,6.79400000e+03,11.833333
6795,6.79500000e+03,11.833333
6796,6.79600000e+03,13.958333
6797,6.79700000e+03,13.958333
6798,6.79800000e+03,16.041667
6799,6.79900000e+03,16.041667
6800,6.80000000e+03,18.250000
6801,6.80100000e+03,18.250000
6802,6.80200000e+03,20.333333
6803,6.80300000e+03,20.333333
6804,6.80400000e+03,22.291667
6805,6.80500000e+03,22.291667
6806,6.80600000e+03,24.416667
6807,6.80700000e+03,24.416667
6808,6.80800000e+03,26.541667
6809,6.80900000e+03,26.541667
6810,6.81000000e+03,28.708333
6811,6.81100000e+03,28.708333
6812,6.81200000e+03,30.666667
6813,6.81300000e+03,30.666667
6814,6.81400000e+03,32.666667
6815,6.81500000e+03,32.666667
6816,6.81600000e+03,34.666667
6817,6.81700000e+03,34.666667
6818,6.81800000e+03,36.583333
6819,6.81900000e+03,36.583333
6820,6.82000000e+03,38.708333
6821,6.82100000e+03,38.708333
6822,6.82200000e+03,40.583333
6823,6.82300000e+03,40.583333
6824,6.82400000e+03,42.500000
6825,6.82500000e+03,42.500000
6826,6.82600000e+03,44.416667
6827,6.82700000e+03,44.416667
6828,6.82800000e+03,46.458333
6829,6.82900000e+03,46.458333
6830,6.83000000e+03,48.125000
6831,6.83100000e+03,48.125000
6832,6.83200000e+03,50.041667
6833,6.83300000e+03,50.041667
6834,6.83400000e+03,51.958333
6835,6.83500000e+03,51.958333
6836,6.83600000e+03,53.666667
6837,6.83700000e+03,53.666667
6838,6.83800000e+03,55.625000
6839,6.83900000e+03,55.625000
6840,6.84000000e+03,57.333333
6841,6.84100000e+03,57.333333
6842,6.84200000e+03,59.250000
6843,6.84300000e+03,59.250000
6844,6.84400000e+03,60.916667
6845,6.84500000e+03,60.916667
6846,6.84600000e+03,62.666667
6847,6.84700000e+03,62.666667
6848,6.84800000e+03,64.333333
6849,6.84900000e+03,64.333333
6850,6.85000000e+03,66.291667
6851,6.85100000e+03,66.291667
6852,6.85200000e+03,67.916667
6853,6.85300000e+03,67.916667
6854,6.85400000e+03,69.625000
6855,6.85500000e+03,69.625000
6856,6.85600000e+03,71.375000
6857,6.85700000e+03,71.375000
6858,6.85800000e+03,73.208333
6859,6.85900000e+03,73.208333
6860,6.86000000e+03,74.875000
6861,6.86100000e+03,74.875000
6862,6.86200000e+03,76.666667
6863,6.86300000e+03,76.666667
6864,6.86400000e+03,78.250000
6865,6.86500000e+03,78.250000
6866,6.86600000e+03,80.083333
6867,6.86700000e+03,80.083333
6868,6.86800000e+03,81.708333
6869,6.86900000e+03,81.708333
6870,6.87000000e+03,83.500000
6871,6.87100000e+03,83.500000
6872,6.87200000e+03,85.333333
6873,6.87300000e+03,85.333333
6874,6.87400000e+03,87.125000
6875,6.87500000e+03,87.125000
6876,6.87600000e+03,88.875000
6877,6.87700000e+03,88.875000
6878,6.87800000e+03,90.708333
6879,6.87900000e+03,90.708333
6880,6.88000000e+03,92.416667
6881,6.88100000e+03,92.416667
6882,6.88200000e+03,94.250000
6883,6.88300000e+03,94.250000
6884,6.88400000e+03,96.000000
6885,6.88500000e+03,96.000000
6886,6.88600000e+03,97.833333
6887,6.88700000e+03,97.833333
6888,6.88800000e+03,99.458333
6889,6.88900000e+03,99.458333
6890,6.89000000e+03,101.291667
6891,6.89100000e+03,101.291667
6892,6.89200000e+03,102.958333
6893,6.89300000e+03,102.958333
6894,6.89400000e+03,105.041667
6895,6.89500000e+03,105.041667
6896,6.89600000e+03,106.708333
6897,6.89700000e+03,106.708333
6898,6.89800000e+03,108.416667
6899,6.89900000e+03,108.416667
6900,6.90000000e+03,110.166667
6901,6.90100000e+03,110.166667
6902,6.90200000e+03,112.083333
6903,6.90300000e+03,112.083333
6904,6.90400000e+03,113.875000
6905,6.90500000e+03,113.875000
6906,6.90600000e+03,115.625000
6907,6.90700000e+03,115.625000
6908,6.90800000e+03,117.458333
6909,6.90900000e+03,117.458333
6910,6.91000000e+03,119.333333
6911,6.91100000e+03,119.333333
6912,6.91200000e+03,120.875000
6913,6.91300000e+03,120.875000
6914,6.91400000e+03,122.791667
6915,6.91500000e+03,122.791667
6916,6.91600000e+03,124.583333
6917,6.91700000e+03,124.583333
6918,6.91800000e+03,126.250000
6919,6.91900000e+03,126.250000
6920,6.92000000e+03,128.125000
6921,6.92100000e+03,128.125000
6922,6.92200000e+03,129.750000
6923,6.92300000e+03,129.750000
6924,6.92400000e+03,131.416667
6925,6.92500000e+03,131.416667
6926,6.92600000e+03,133.166667
6927,6.92700000e+03,133.166667
6928,6.92800000e+03,134.791667
6929,6.92900000e+03,134.791667
6930,6.93000000e+03,136.291667
6931,6.93100000e+03,136.291667
6932,6.93200000e+03,138.041667
6933,6.93300000e+03,138.041667
6934,6.93400000e+03,139.666667
6935,6.93500000e+03,139.666667
6936,6.93600000e+03,141.125000
6937,6.93700000e+03,141.125000
6938,6.93800000e+03,142.791667
6939,6.93900000e+03,142.791667
6940,6.94000000e+03,144.375000
6941,6.94100000e+03,144.375000
6942,6.94200000e+03,145.833333
6943,6.94300000e+03,145.833333
6944,6.94400000e+03,147.458333
6945,6.94500000e+03,147.458333
6946,6.94600000e+03,148.875000
6947,6.94700000e+03,148.875000
6948,6.94800000e+03,150.375000
6949,6.94900000e+03,150.375000
6950,6.95000000e+03,151.583333
6951,6.95100000e+03,151.583333
6952,6.95200000e+03,153.208333
6953,6.95300000e+03,153.208333
6954,6.95400000e+03,154.625000
6955,6.95500000e+03,154.625000
6956,6.95600000e+03,155.875000
6957,6.95700000e+03,155.875000
6958,6.95800000e+03,157.125000
6959,6.95900000e+03,157.125000
6960,6.96000000e+03,158.500000
6961,6.96100000e+03,158.500000
6962,6.96200000e+03,159.625000
6963,6.96300000e+03,159.625000
6964,6.96400000e+03,160.916667
6965,6.96500000e+03,160.916667
6966,6.96600000e+03,162.208333
6967,6.96700000e+03,162.208333
6968,6.96800000e+03,163.458333
6969,6.96900000e+03,163.458333
6970,6.97000000e+03,164.500000
6971,6.97100000e+03,164.500000
6972,6.97200000e+03,165.708333
6973,6.97300000e+03,165.708333
6974,6.97400000e+03,166.750000
6975,6.97500000e+03,166.750000
6976,6.97600000e+03,167.916667
6977,6.97700000e+03,167.916667
6978,6.97800000e+03,168.958333
6979,6.97900000e+03,168.958333
6980,6.98000000e+03,170.208333
6981,6.98100000e+03,170.208333
6982,6.98200000e+03,171.083333
6983,6.98300000e+03,171.083333
6984,6.98400000e+03,172.125000
6985,6.98500000e+03,172.125000
6986,6.98600000e+03,173.291667
6987,6.98700000e+03,173.291667
6988,6.98800000e+03,174.333333
6989,6.98900000e+03,174.333333
6990,6.99000000e+03,175.291667
6991,6.99100000e+03,175.291667
6992,6.99200000e+03,176.208333
6993,6.99300000e+03,176.208333
6994,6.99400000e+03,177.333333
6995,6.99500000e+03,177.333333
6996,6.99600000e+03,178.416667
6997,6.99700000e+03,178.416667
6998,6.99800000e+03,179.083333
6999,6.99900000e+03,179.083333
7000,7.00000000e+03,180.291667
7001,7.00100000e+03,180.291667
7002,7.00200000e+03,181.250000
7003,7.00300000e+03,181.250000
7004,7.00400000e+03,182.250000
7005,7.00500000e+03,182.250000
7006,7.00600000e+03,183.208333
7007,7.00700000e+03,183.208333
7008,7.00800000e+03,184.291667
7009,7.00900000e+03,184.291667
7010,7.01000000e+03,185.208333
7011,7.01100000e+03,185.208333
7012,7.01200000e+03,186.125000
7013,7.01300000e+03,186.125000
7014,7.01400000e+03,187.166667
7015,7.01500000e+03,187.166667
7016,7.01600000e+03,188.166667
7017,7.01700000e+03,188.166667
7018,7.01800000e+03,189.125000
7019,7.01900000e+03,189.125000
7020,7.02000000e+03,190.166667
7021,7.02100000e+03,190.166667
7022,7.02200000e+03,191.250000
7023,7.02300000e+03,191.250000
7024,7.02400000e+03,192.041667
7025,7.02500000e+03,192.041667
7026,7.02600000e+03,193.208333
7027,7.02700000e+03,193.208333
7028,7.02800000e+03,194.166667
7029,7.02900000e+03,194.166667
7030,7.03000000e+03,195.291667
7031,7.03100000e+03,195.291667
7032,7.03200000e+03,196.458333
7033,7.03300000e+03,196.458333
7034,7.03400000e+03,197.333333
7035,7.03500000e+03,197.333333
7036,7.03600000e+03,198.541667
7037,7.03700000e+03,198.541667
7038,7.03800000e+03,199.541667
7039,7.03900000e+03,199.541667
7040,7.04000000e+03,200.583333
7041,7.04100000e+03,200.583333
7042,7.04200000e+03,201.625000
7043,7.04300000e+03,201.625000
7044,7.04400000e+03,202.625000
7045,7.04500000e+03,202.625000
7046,7.04600000e+03,203.666667
7047,7.04700000e+03,203.666667
7048,7.04800000e+03,204.833333
7049,7.04900000e+03,204.833333
7050,7.05000000e+03,205.875000
7051,7.05100000e+03,205.875000
7052,7.05200000e+03,207.041667
7053,7.05300000e+03,207.041667
7054,7.05400000e+03,208.041667
7055,7.05500000e+03,208.041667
7056,7.05600000e+03,209.000000
7057,7.05700000e+03,209.000000
7058,7.05800000e+03,210.125000
7059,7.05900000e+03,210.125000
7060,7.06000000e+03,211.250000
7061,7.06100000e+03,211.250000
7062,7.06200000e+03,212.166667
7063,7.06300000e+03,212.166667
7064,7.06400000e+03,213.250000
7065,7.06500000e+03,213.250000
7066,7.06600000e+03,214.166667
7067,7.06700000e+03,214.166667
7068,7.06800000e+03,215.208333
7069,7.06900000e+03,215.208333
7070,7.07000000e+03,216.083333
7071,7.07100000e+03,216.083333
7072,7.07200000e+03,217.208333
7073,7.07300000e+03,217.208333
7074,7.07400000e+03,217.958333
7075,7.07500000e+03,217.958333
7076,7.07600000e+03,218.958333
7077,7.07700000e+03,218.958333
7078,7.07800000e+03,219.708333
7079,7.07900000e+03,219.708333
7080,7.08000000e+03,220.625000
7081,7.08100000e+03,220.625000
7082,7.08200000e+03,221.416667
7083,7.08300000e+03,221.416667
7084,7.08400000e+03,222.083333
7085,7.08500000e+03,222.083333
7086,7.08600000e+03,222.791667
7087,7.08700000e+03,222.791667
7088,7.08800000e+03,223.708333
7089,7.08900000e+03,223.708333
7090,7.09000000e+03,224.375000
7091,7.09100000e+03,224.375000
7092,7.09200000e+03,225.208333
7093,7.09300000e+03,225.208333
7094,7.09400000e+03,225.750000
7095,7.09500000e+03,225.750000
7096,7.09600000e+03,226.458333
7097,7.09700000e+03,226.458333
7098,7.09800000e+03,226.958333
7099,7.09900000e+03,226.958333
7100,7.10000000e+03,227.541667
7101,7.10100000e+03,227.541667
7102,7.10200000e+03,228.125000
7103,7.10300000e+03,228.125000
7104,7.10400000e+03,228.833333
7105,7.10500000e+03,228.833333
7106,7.10600000e+03,229.208333
7107,7.10700000e+03,229.208333
7108,7.10800000e+03,229.583333
7109,7.10900000e+03,229.583333
7110,7.11000000e+03,229.916667
7111,7.11100000e+03,229.916667
7112,7.11200000e+03,230.500000
7113,7.11300000e+03,230.500000
7114,7.11400000e+03,230.791667
7115,7.11500000e+03,230.791667
7116,7.11600000e+03,231.208333
7117,7.11700000e+03,231.208333
7118,7.11800000e+03,231.625000
7119,7.11900000e+03,231.625000
7120,7.12000000e+03,231.833333
7121,7.12100000e+03,231.833333
7122,7.12200000e+03,232.250000
7123,7.12300000e+03,232.250000
7124,7.12400000e+03,232.291667
7125,7.12500000e+03,232.291667
7126,7.12600000e+03,232.541667
7127,7.12700000e+03,232.541667
7128,7.12800000e+03,232.833333
7129,7.12900000e+03,232.833333
7130,7.13000000e+03,233.125000
7131,7.13100000e+03,233.125000
7132,7.13200000e+03,233.125000
7133,7.13300000e+03,233.125000
7134,7.13400000e+03,233.458333
7135,7.13500000e+03,233.458333
7136,7.13600000e+03,233.458333
7137,7.13700000e+03,233.458333
7138,7.13800000e+03,233.625000
7139,7.13900000e+03,233.625000
7140,7.14000000e+03,233.666667
7141,7.14100000e+03,233.666667
7142,7.14200000e+03,233.791667
7143,7.14300000e+03,233.791667
7144,7.14400000e+03,233.791667
7145,7.14500000e+03,233.791667
7146,7.14600000e+03,233.875000
7147,7.14700000e+03,233.875000
7148,7.14800000e+03,234.041667
7149,7.14900000e+03,234.041667
7150,7.15000000e+03,233.833333
7151,7.15100000e+03,233.833333
7152,7.15200000e+03,234.041667
7153,7.15300000e+03,234.041667
7154,7.15400000e+03,234.125000
7155,7.15500000e+03,234.125000
7156,7.15600000e+03,233.916667
7157,7.15700000e+03,233.916667
7158,7.15800000e+03,233.916667
7159,7.15900000e+03,233.916667
7160,7.16000000e+03,234.041667
7161,7.16100000e+03,234.041667
7162,7.16200000e+03,233.916667
7163,7.16300000e+03,233.916667
7164,7.16400000e+03,233.833333
7165,7.16500000e+03,233.833333
7166,7.16600000e+03,233.750000
7167,7.16700000e+03,233.750000
7168,7.16800000e+03,233.666667
7169,7.16900000e+03,233.666667
7170,7.17000000e+03,233.500000
7171,7.17100000e+03,233.500000
7172,7.17200000e+03,233.416667
7173,7.17300000e+03,233.416667
7174,7.17400000e+03,233.333333
7175,7.17500000e+03,233.333333
7176,7.17600000e+03,233.166667
7177,7.17700000e+03,233.166667
7178,7.17800000e+03,233.041667
7179,7.17900000e+03,233.041667
7180,7.18000000e+03,232.833333
7181,7.18100000e+03,232.833333
7182,7.18200000e+03,232.625000
7183,7.18300000e+03,232.625000
7184,7.18400000e+03,232.583333
7185,7.18500000e+03,232.583333
7186,7.18600000e+03,232.416667
7187,7.18700000e+03,232.416667
7188,7.18800000e+03,232.083333
7189,7.18900000e+03,232.083333
7190,7.19000000e+03,231.666667
7191,7.19100000e+03,231.666667
7192,7.19200000e+03,231.583333
7193,7.19300000e+03,231.583333
7194,7.19400000e+03,231.291667
7195,7.19500000e+03,231.291667
7196,7.19600000e+03,230.916667
7197,7.19700000e+03,230.916667
7198,7.19800000e+03,230.541667
7199,7.19900000e+03,230.541667
7200,7.20000000e+03,230.291667
7201,7.20100000e+03,230.291667
7202,7.20200000e+03,229.916667
7203,7.20300000e+03,229.916667
7204,7.20400000e+03,229.500000
7205,7.20500000e+03,229.500000
7206,7.20600000e+03,229.250000
7207,7.20700000e+03,229.250000
7208,7.20800000e+03,228.583333
7209,7.20900000e+03,228.583333
7210,7.21000000e+03,228.166667
7211,7.21100000e+03,228.166667
7212,7.21200000e+03,227.625000
7213,7.21300000e+03,227.625000
7214,7.21400000e+03,227.083333
7215,7.21500000e+03,227.083333
7216,7.21600000e+03,226.666667
7217,7.21700000e+03,226.666667
7218,7.21800000e+03,226.083333
7219,7.21900000e+03,226.083333
7220,7.22000000e+03,225.458333
7221,7.22100000e+03,225.458333
7222,7.22200000e+03,224.750000
7223,7.22300000e+03,224.750000
7224,7.22400000e+03,224.083333
7225,7.22500000e+03,224.083333
7226,7.22600000e+03,223.375000
7227,7.22700000e+03,223.375000
7228,7.22800000e+03,222.791667
7229,7.22900000e+03,222.791667
7230,7.23000000e+03,222.000000
7231,7.23100000e+03,222.000000
7232,7.23200000e+03,221.250000
7233,7.23300000e+03,221.250000
7234,7.23400000e+03,220.458333
7235,7.23500000e+03,220.458333
7236,7.23600000e+03,219.583333
7237,7.23700000e+03,219.583333
7238,7.23800000e+03,218.791667
7239,7.23900000e+03,218.791667
7240,7.24000000e+03,217.916667
7241,7.24100000e+03,217.916667
7242,7.24200000e+03,216.916667
7243,7.24300000e+03,216.916667
7244,7.24400000e+03,216.125000
7245,7.24500000e+03,216.125000
7246,7.24600000e+03,215.125000
7247,7.24700000e+03,215.125000
7248,7.24800000e+03,214.166667
7249,7.24900000e+03,214.166667
7250,7.25000000e+03,213.208333
7251,7.25100000e+03,213.208333
7252,7.25200000e+03,212.208333
7253,7.25300000e+03,212.208333
7254,7.25400000e+03,211.166667
7255,7.25500000e+03,211.166667
7256,7.25600000e+03,210.208333
7257,7.25700000e+03,210.208333
7258,7.25800000e+03,208.833333
7259,7.25900000e+03,208.833333
7260,7.26000000e+03,208.000000
7261,7.26100000e+03,208.000000
7262,7.26200000e+03,206.875000
7263,7.26300000e+03,206.875000
7264,7.26400000e+03,205.875000
7265,7.26500000e+03,205.875000
7266,7.26600000e+03,204.583333
7267,7.26700000e+03,204.583333
7268,7.26800000e+03,203.625000
7269,7.26900000e+03,203.625000
7270,7.27000000e+03,202.541667
7271,7.27100000e+03,202.541667
7272,7.27200000e+03,201.375000
7273,7.27300000e+03,201.375000
7274,7.27400000e+03,200.333333
7275,7.27500000e+03,200.333333
7276,7.27600000e+03,199.375000
7277,7.27700000e+03,199.375000
7278,7.27800000e+03,198.166667
7279,7.27900000e+03,198.166667
7280,7.28000000e+03,197.041667
7281,7.28100000e+03,197.041667
7282,7.28200000e+03,196.000000
7283,7.28300000e+03,196.000000
7284,7.28400000e+03,194.958333
7285,7.28500000e+03,194.958333
7286,7.28600000e+03,193.833333
7287,7.28700000e+03,193.833333
7288,7.28800000e+03,192.583333
7289,7.28900000e+03,192.583333
7290,7.29000000e+03,191.500000
7291,7.29100000e+03,191.500000
7292,7.29200000e+03,190.583333
7293,7.29300000e+03,190.583333
7294,7.29400000e+03,189.625000
7295,7.29500000e+03,189.625000
7296,7.29600000e+03,188.583333
7297,7.29700000e+03,188.583333
7298,7.29800000e+03,187.541667
7299,7.29900000e+03,187.541667
7300,7.30000000e+03,186.333333
7301,7.30100000e+03,186.333333
7302,7.30200000e+03,185.333333
7303,7.30300000e+03,185.333333
7304,7.30400000e+03,184.291667
7305,7.30500000e+03,184.291667
7306,7.30600000e+03,183.250000
7307,7.30700000e+03,183.250000
7308,7.30800000e+03,182.250000
7309,7.30900000e+03,182.250000
7310,7.31000000e+03,181.291667
7311,7.31100000e+03,181.291667
7312,7.31200000e+03,180.333333
7313,7.31300000e+03,180.333333
7314,7.31400000e+03,179.375000
7315,7.31500000e+03,179.375000
7316,7.31600000e+03,178.291667
7317,7.31700000e+03,178.291667
7318,7.31800000e+03,177.291667
7319,7.31900000e+03,177.291667
7320,7.32000000e+03,176.333333
7321,7.32100000e+03,176.333333
7322,7.32200000e+03,175.291667
7323,7.32300000e+03,175.291667
7324,7.32400000e+03,174.375000
7325,7.32500000e+03,174.375000
7326,7.32600000e+03,173.250000
7327,7.32700000e+03,173.250000
7328,7.32800000e+03,172.208333
7329,7.32900000e+03,172.208333
7330,7.33000000e+03,171.333333
7331,7.33100000e+03,171.333333
7332,7.33200000e+03,170.333333
7333,7.33300000e+03,170.333333
7334,7.33400000e+03,169.083333
7335,7.33500000e+03,169.083333
7336,7.33600000e+03,168.041667
7337,7.33700000e+03,168.041667
7338,7.33800000e+03,167.083333
7339,7.33900000e+03,167.083333
7340,7.34000000e+03,165.958333
7341,7.34100000e+03,165.958333
7342,7.34200000e+03,164.666667
7343,7.34300000e+03,164.666667
7344,7.34400000e+03,163.666667
7345,7.34500000e+03,163.666667
7346,7.34600000e+03,162.500000
7347,7.34700000e+03,162.500000
7348,7.34800000e+03,161.291667
7349,7.34900000e+03,161.291667
7350,7.35000000e+03,160.166667
7351,7.35100000e+03,160.166667
7352,7.35200000e+03,158.875000
7353,7.35300000e+03,158.875000
7354,7.35400000e+03,157.666667
7355,7.35500000e+03,157.666667
7356,7.35600000e+03,156.416667
7357,7.35700000e+03,156.416667
7358,7.35800000e+03,155.000000
7359,7.35900000e+03,155.000000
7360,7.36000000e+03,153.791667
7361,7.36100000e+03,153.791667
7362,7.36200000e+03,152.416667
7363,7.36300000e+03,152.416667
7364,7.36400000e+03,151.166667
7365,7.36500000e+03,151.166667
7366,7.36600000e+03,149.708333
7367,7.36700000e+03,149.708333
7368,7.36800000e+03,148.166667
7369,7.36900000e+03,148.166667
7370,7.37000000e+03,146.791667
7371,7.37100000e+03,146.791667
7372,7.37200000e+03,145.250000
7373,7.37300000e+03,145.250000
7374,7.37400000e+03,143.833333
7375,7.37500000e+03,143.833333
7376,7.37600000e+03,142.125000
7377,7.37700000e+03,142.125000
7378,7.37800000e+03,140.583333
7379,7.37900000e+03,140.583333
7380,7.38000000e+03,139.083333
7381,7.38100000e+03,139.083333
7382,7.38200000e+03,137.458333
7383,7.38300000e+03,137.458333
7384,7.38400000e+03,135.875000
7385,7.38500000e+03,135.875000
7386,7.38600000e+03,134.041667
7387,7.38700000e+03,134.041667
7388,7.38800000e+03,132.583333
7389,7.38900000e+03,132.583333
7390,7.39000000e+03,130.750000
7391,7.39100000e+03,130.750000
7392,7.39200000e+03,129.000000
7393,7.39300000e+03,129.000000
7394,7.39400000e+03,127.291667
7395,7.39500000e+03,127.291667
7396,7.39600000e+03,125.458333
7397,7.39700000e+03,125.458333
7398,7.39800000e+03,123.625000
7399,7.39900000e+03,123.625000
7400,7.40000000e+03,122.000000
7401,7.40100000e+03,122.000000
7402,7.40200000e+03,120.250000
7403,7.40300000e+03,120.250000
7404,7.40400000e+03,118.250000
7405,7.40500000e+03,118.250000
7406,7.40600000e+03,116.500000
7407,7.40700000e+03,116.500000
7408,7.40800000e+03,114.666667
7409,7.40900000e+03,114.666667
7410,7.41000000e+03,112.958333
7411,7.41100000e+03,112.958333
7412,7.41200000e+03,111.000000
7413,7.41300000e+03,111.000000
7414,7.41400000e+03,109.291667
7415,7.41500000e+03,109.291667
7416,7.41600000e+03,107.291667
7417,7.41700000e+03,107.291667
7418,7.41800000e+03,105.500000
7419,7.41900000e+03,105.500000
7420,7.42000000e+03,103.708333
7421,7.42100000e+03,103.708333
7422,7.42200000e+03,102.041667
7423,7.42300000e+03,102.041667
7424,7.42400000e+03,100.083333
7425,7.42500000e+03,100.083333
7426,7.42600000e+03,98.250000
7427,7.42700000e+03,98.250000
7428,7.42800000e+03,96.458333
7429,7.42900000e+03,96.458333
7430,7.43000000e+03,94.750000
7431,7.43100000e+03,94.750000
7432,7.43200000e+03,92.833333
7433,7.43300000e+03,92.833333
7434,7.43400000e+03,91.041667
7435,7.43500000e+03,91.041667
7436,7.43600000e+03,89.250000
7437,7.43700000e+03,89.250000
7438,7.43800000e+03,87.541667
7439,7.43900000e+03,87.541667
7440,7.44000000e+03,85.708333
7441,7.44100000e+03,85.708333
7442,7.44200000e+03,83.958333
7443,7.44300000e+03,83.958333
7444,7.44400000e+03,82.166667
7445,7.44500000e+03,82.166667
7446,7.44600000e+03,80.541667
7447,7.44700000e+03,80.541667
7448,7.44800000e+03,78.625000
7449,7.44900000e+03,78.625000
7450,7.45000000e+03,76.875000
7451,7.45100000e+03,76.875000
7452,7.45200000e+03,75.208333
7453,7.45300000e+03,75.208333
7454,7.45400000e+03,73.458333
7455,7.45500000e+03,73.458333
7456,7.45600000e+03,71.625000
7457,7.45700000e+03,71.625000
7458,7.45800000e+03,70.000000
7459,7.45900000e+03,70.000000
7460,7.46000000e+03,68.166667
7461,7.46100000e+03,68.166667
7462,7.46200000e+03,66.541667
7463,7.46300000e+03,66.541667
7464,7.46400000e+03,64.750000
7465,7.46500000e+03,64.750000
7466,7.46600000e+03,62.958333
7467,7.46700000e+03,62.958333
7468,7.46800000e+03,61.333333
7469,7.46900000e+03,61.333333
7470,7.47000000e+03,59.541667
7471,7.47100000e+03,59.541667
7472,7.47200000e+03,57.750000
7473,7.47300000e+03,57.750000
7474,7.47400000e+03,56.000000
7475,7.47500000e+03,56.000000
7476,7.47600000e+03,54.125000
7477,7.47700000e+03,54.125000
7478,7.47800000e+03,52.250000
7479,7.47900000e+03,52.250000
7480,7.48000000e+03,50.458333
7481,7.48100000e+03,50.458333
7482,7.48200000e+03,48.666667
7483,7.48300000e+03,48.666667
7484,7.48400000e+03,46.833333
7485,7.48500000e+03,46.833333
7486,7.48600000e+03,44.916667
7487,7.48700000e+03,44.916667
7488,7.48800000e+03,43.000000
7489,7.48900000e+03,43.000000
7490,7.49000000e+03,41.208333
7491,7.49100000e+03,41.208333
7492,7.49200000e+03,39.250000
7493,7.49300000e+03,39.250000
7494,7.49400000e+03,37.333333
7495,7.49500000e+03,37.333333
7496,7.49600000e+03,35.333333
7497,7.49700000e+03,35.333333
7498,7.49800000e+03,33.458333
7499,7.49900000e+03,33.458333
7500,7.50000000e+03,31.291667
7501,7.50100000e+03,31.291667
7502,7.50200000e+03,29.416667
7503,7.50300000e+03,29.416667
7504,7.50400000e+03,27.333333
7505,7.50500000e+03,27.333333
7506,7.50600000e+03,25.291667
7507,7.50700000e+03,25.291667
7508,7.50800000e+03,23.083333
7509,7.50900000e+03,23.083333
7510,7.51000000e+03,21.208333
7511,7.51100000e+03,21.208333
7512,7.51200000e+03,19.041667
7513,7.51300000e+03,19.041667
7514,7.51400000e+03,17.041667
7515,7.51500000e+03,17.041667
7516,7.51600000e+03,14.916667
7517,7.51700000e+03,14.916667
7518,7.51800000e+03,12.833333
7519,7.51900000e+03,12.833333
7520,7.52000000e+03,10.625000
7521,7.52100000e+03,10.625000
7522,7.52200000e+03,8.375000
7523,7.52300000e+03,8.375000
7524,7.52400000e+03,6.416667
7525,7.52500000e+03,6.416667
7526,7.52600000e+03,4.166667
7527,7.52700000e+03,4.166667
7528,7.52800000e+03,2.250000
7529,7.52900000e+03,2.250000
7530,7.53000000e+03,0.125000
7531,7.53100000e+03,0.125000
7532,7.53200000e+03,-2.083333
7533,7.53300000e+03,-2.083333
7534,7.53400000e+03,-4.250000
7535,7.53500000e+03,-4.250000
7536,7.53600000e+03,-6.375000
7537,7.53700000e+03,-6.375000
7538,7.53800000e+03,-8.416667
7539,7.53900000e+03,-8.416667
7540,7.54000000e+03,-10.750000
7541,7.54100000e+03,-10.750000
7542,7.54200000e+03,-12.916667
7543,7.54300000e+03,-12.916667
7544,7.54400000e+03,-15.000000
7545,7.54500000e+03,-15.000000
7546,7.54600000e+03,-17.000000
7547,7.54700000e+03,-17.000000
7548,7.54800000e+03,-19.166667
7549,7.54900000e+03,-19.166667
7550,7.55000000e+03,-21.250000
7551,7.55100000e+03,-21.250000
7552,7.55200000e+03,-23.333333
7553,7.55300000e+03,-23.333333
7554,7.55400000e+03,-25.458333
7555,7.55500000e+03,-25.458333
7556,7.55600000e+03,-27.583333
7557,7.55700000e+03,-27.583333
7558,7.55800000e+03,-29.500000
7559,7.55900000e+03,-29.500000
7560,7.56000000e+03,-31.541667
7561,7.56100000e+03,-31.541667
7562,7.56200000e+03,-33.666667
7563,7.56300000e+03,-33.666667
7564,7.56400000e+03,-35.666667
7565,7.56500000e+03,-35.666667
7566,7.56600000e+03,-37.583333
7567,7.56700000e+03,-37.583333
7568,7.56800000e+03,-39.583333
7569,7.56900000e+03,-39.583333
7570,7.57000000e+03,-41.458333
7571,7.57100000e+03,-41.458333
7572,7.57200000e+03,-43.333333
7573,7.57300000e+03,-43.333333
7574,7.57400000e+03,-45.458333
7575,7.57500000e+03,-45.458333
7576,7.57600000e+03,-47.125000
7577,7.57700000e+03,-47.125000
7578,7.57800000e+03,-49.166667
7579,7.57900000e+03,-49.166667
7580,7.58000000e+03,-50.916667
7581,7.58100000e+03,-50.916667
7582,7.58200000e+03,-52.666667
7583,7.58300000e+03,-52.666667
7584,7.58400000e+03,-54.500000
7585,7.58500000e+03,-54.500000
7586,7.58600000e+03,-56.375000
7587,7.58700000e+03,-56.375000
7588,7.58800000e+03,-58.208333
7589,7.58900000e+03,-58.208333
7590,7.59000000e+03,-60.000000
7591,7.59100000e+03,-60.000000
7592,7.59200000e+03,-61.875000
7593,7.59300000e+03,-61.875000
7594,7.59400000e+03,-63.500000
7595,7.59500000e+03,-63.500000
7596,7.59600000e+03,-65.208333
7597,7.59700000e+03,-65.208333
7598,7.59800000e+03,-67.125000
7599,7.59900000e+03,-67.125000
7600,7.60000000e+03,-68.791667
7601,7.60100000e+03,-68.791667
7602,7.60200000e+03,-70.500000
7603,7.60300000e+03,-70.500000
7604,7.60400000e+03,-72.166667
7605,7.60500000e+03,-72.166667
7606,7.60600000e+03,-74.083333
7607,7.60700000e+03,-74.083333
7608,7.60800000e+03,-75.750000
7609,7.60900000e+03,-75.750000
7610,7.61000000e+03,-77.541667
7611,7.61100000e+03,-77.541667
7612,7.61200000e+03,-79.250000
7613,7.61300000e+03,-79.250000
7614,7.61400000e+03,-81.083333
7615,7.61500000e+03,-81.083333
7616,7.61600000e+03,-82.666667
7617,7.61700000e+03,-82.666667
7618,7.61800000e+03,-84.458333
7619,7.61900000e+03,-84.458333
7620,7.62000000e+03,-86.208333
7621,7.62100000e+03,-86.208333
7622,7.62200000e+03,-88.000000
7623,7.62300000e+03,-88.000000
7624,7.62400000e+03,-89.666667
7625,7.62500000e+03,-89.666667
7626,7.62600000e+03,-91.500000
7627,7.62700000e+03,-91.500000
7628,7.62800000e+03,-93.416667
7629,7.62900000e+03,-93.416667
7630,7.63000000e+03,-95.041667
7631,7.63100000e+03,-95.041667
7632,7.63200000e+03,-96.833333
7633,7.63300000e+03,-96.833333
7634,7.63400000e+03,-98.583333
7635,7.63500000e+03,-98.583333
7636,7.63600000e+03,-100.416667
7637,7.63700000e+03,-100.416667
7638,7.63800000e+03,-102.208333
7639,7.63900000e+03,-102.208333
7640,7.64000000e+03,-104.041667
7641,7.64100000e+03,-104.041667
7642,7.64200000e+03,-105.958333
7643,7.64300000e+03,-105.958333
7644,7.64400000e+03,-107.625000
7645,7.64500000e+03,-107.625000
7646,7.64600000e+03,-109.500000
7647,7.64700000e+03,-109.500000
7648,7.64800000e+03,-111.208333
7649,7.64900000e+03,-111.208333
7650,7.65000000e+03,-112.833333
7651,7.65100000e+03,-112.833333
7652,7.65200000e+03,-114.750000
7653,7.65300000e+03,-114.750000
7654,7.65400000e+03,-116.458333
7655,7.65500000e+03,-116.458333
7656,7.65600000e+03,-118.333333
7657,7.65700000e+03,-118.333333
7658,7.65800000e+03,-120.166667
7659,7.65900000e+03,-120.166667
7660,7.66000000e+03,-121.791667
7661,7.66100000e+03,-121.791667
7662,7.66200000e+03,-123.625000
7663,7.66300000e+03,-123.625000
7664,7.66400000e+03,-125.375000
7665,7.66500000e+03,-125.375000
7666,7.66600000e+03,-127.333333
7667,7.66700000e+03,-127.333333
7668,7.66800000e+03,-128.875000
7669,7.66900000e+03,-128.875000
7670,7.67000000e+03,-130.666667
7671,7.67100000e+03,-130.666667
7672,7.67200000e+03,-132.291667
7673,7.67300000e+03,-132.291667
7674,7.67400000e+03,-133.958333
7675,7.67500000e+03,-133.958333
7676,7.67600000e+03,-135.583333
7677,7.67700000e+03,-135.583333
7678,7.67800000e+03,-137.333333
7679,7.67900000e+03,-137.333333
7680,7.68000000e+03,-138.958333
7681,7.68100000e+03,-138.958333
7682,7.68200000e+03,-140.583333
7683,7.68300000e+03,-140.583333
7684,7.68400000e+03,-142.083333
7685,7.68500000e+03,-142.083333
7686,7.68600000e+03,-143.750000
7687,7.68700000e+03,-143.750000
7688,7.68800000e+03,-145.166667
7689,7.68900000e+03,-145.166667
7690,7.69000000e+03,-146.750000
7691,7.69100000e+03,-146.750000
7692,7.69200000e+03,-148.125000
7693,7.69300000e+03,-148.125000
7694,7.69400000e+03,-149.666667
7695,7.69500000e+03,-149.666667
7696,7.69600000e+03,-151.125000
7697,7.69700000e+03,-151.125000
7698,7.69800000e+03,-152.583333
7699,7.69900000e+03,-152.583333
7700,7.70000000e+03,-153.833333
7701,7.70100000e+03,-153.833333
7702,7.70200000e+03,-155.291667
7703,7.70300000e+03,-155.291667
7704,7.70400000e+03,-156.625000
7705,7.70500000e+03,-156.625000
7706,7.70600000e+03,-157.875000
7707,7.70700000e+03,-157.875000
7708,7.70800000e+03,-159.125000
7709,7.70900000e+03,-159.125000
7710,7.71000000e+03,-160.458333
7711,7.71100000e+03,-160.458333
7712,7.71200000e+03,-161.750000
7713,7.71300000e+03,-161.750000
7714,7.71400000e+03,-162.833333
7715,7.71500000e+03,-162.833333
7716,7.71600000e+03,-164.041667
7717,7.71700000e+03,-164.041667
7718,7.71800000e+03,-165.083333
7719,7.71900000e+03,-165.083333
7720,7.72000000e+03,-166.208333
7721,7.72100000e+03,-166.208333
7722,7.72200000e+03,-167.333333
7723,7.72300000e+03,-167.333333
7724,7.72400000e+03,-168.416667
7725,7.72500000e+03,-168.416667
7726,7.72600000e+03,-169.625000
7727,7.72700000e+03,-169.625000
7728,7.72800000e+03,-170.666667
7729,7.72900000e+03,-170.666667
7730,7.73000000e+03,-171.666667
7731,7.73100000e+03,-171.666667
7732,7.73200000e+03,-172.833333
7733,7.73300000e+03,-172.833333
7734,7.73400000e+03,-173.791667
7735,7.73500000e+03,-173.791667
7736,7.73600000e+03,-174.875000
7737,7.73700000e+03,-174.875000
7738,7.73800000e+03,-175.791667
7739,7.73900000e+03,-175.791667
7740,7.74000000e+03,-176.916667
7741,7.74100000e+03,-176.916667
7742,7.74200000e+03,-177.791667
7743,7.74300000e+03,-177.791667
7744,7.74400000e+03,-178.833333
7745,7.74500000e+03,-178.833333
7746,7.74600000e+03,-179.791667
7747,7.74700000e+03,-179.791667
7748,7.74800000e+03,-180.708333
7749,7.74900000e+03,-180.708333
7750,7.75000000e+03,-181.833333
7751,7.75100000e+03,-181.833333
7752,7.75200000e+03,-182.833333
7753,7.75300000e+03,-182.833333
7754,7.75400000e+03,-183.875000
7755,7.75500000e+03,-183.875000
7756,7.75600000e+03,-184.666667
7757,7.75700000e+03,-184.666667
7758,7.75800000e+03,-185.875000
7759,7.75900000e+03,-185.875000
7760,7.76000000e+03,-186.666667
7761,7.76100000e+03,-186.666667
7762,7.76200000e+03,-187.791667
7763,7.76300000e+03,-187.791667
7764,7.76400000e+03,-188.833333
7765,7.76500000e+03,-188.833333
7766,7.76600000e+03,-189.708333
7767,7.76700000e+03,-189.708333
7768,7.76800000e+03,-190.791667
7769,7.76900000e+03,-190.791667
7770,7.77000000e+03,-191.833333
7771,7.77100000e+03,-191.833333
7772,7.77200000e+03,-192.791667
7773,7.77300000e+03,-192.791667
7774,7.77400000e+03,-193.791667
7775,7.77500000e+03,-193.791667
7776,7.77600000e+03,-194.875000
7777,7.77700000e+03,-194.875000
7778,7.77800000e+03,-195.875000
7779,7.77900000e+03,-195.875000
7780,7.78000000e+03,-197.000000
7781,7.78100000e+03,-197.000000
7782,7.78200000e+03,-198.041667
7783,7.78300000e+03,-198.041667
7784,7.78400000e+03,-199.083333
7785,7.78500000e+03,-199.083333
7786,7.78600000e+03,-200.166667
7787,7.78700000e+03,-200.166667
7788,7.78800000e+03,-201.208333
7789,7.78900000e+03,-201.208333
7790,7.79000000e+03,-202.208333
7791,7.79100000e+03,-202.208333
7792,7.79200000e+03,-203.375000
7793,7.79300000e+03,-203.375000
7794,7.79400000e+03,-204.541667
7795,7.79500000e+03,-204.541667
7796,7.79600000e+03,-205.458333
7797,7.79700000e+03,-205.458333
7798,7.79800000e+03,-206.583333
7799,7.79900000e+03,-206.583333
7800,7.80000000e+03,-207.625000
7801,7.80100000e+03,-207.625000
7802,7.80200000e+03,-208.541667
7803,7.80300000e+03,-208.541667
7804,7.80400000e+03,-209.791667
7805,7.80500000e+03,-209.791667
7806,7.80600000e+03,-210.791667
7807,7.80700000e+03,-210.791667
7808,7.80800000e+03,-211.791667
7809,7.80900000e+03,-211.791667
7810,7.81000000e+03,-212.708333
7811,7.81100000e+03,-212.708333
7812,7.81200000e+03,-213.833333
7813,7.81300000e+03,-213.833333
7814,7.81400000e+03,-214.791667
7815,7.81500000e+03,-214.791667
7816,7.81600000e+03,-215.791667
7817,7.81700000e+03,-215.791667
7818,7.81800000e+03,-216.791667
7819,7.81900000e+03,-216.791667
7820,7.82000000e+03,-217.625000
7821,7.82100000e+03,-217.625000
7822,7.82200000e+03,-218.583333
7823,7.82300000e+03,-218.583333
7824,7.82400000e+03,-219.458333
7825,7.82500000e+03,-219.458333
7826,7.82600000e+03,-220.250000
7827,7.82700000e+03,-220.250000
7828,7.82800000e+03,-221.125000
7829,7.82900000e+03,-221.125000
7830,7.83000000e+03,-221.875000
7831,7.83100000e+03,-221.875000
7832,7.83200000e+03,-222.666667
7833,7.83300000e+03,-222.666667
7834,7.83400000e+03,-223.458333
7835,7.83500000e+03,-223.458333
7836,7.83600000e+03,-224.166667
7837,7.83700000e+03,-224.166667
7838,7.83800000e+03,-224.833333
7839,7.83900000e+03,-224.833333
7840,7.84000000e+03,-225.500000
7841,7.84100000e+03,-225.500000
7842,7.84200000e+03,-226.208333
7843,7.84300000e+03,-226.208333
7844,7.84400000e+03,-226.875000
7845,7.84500000e+03,-226.875000
7846,7.84600000e+03,-227.416667
7847,7.84700000e+03,-227.416667
7848,7.84800000e+03,-228.000000
7849,7.84900000e+03,-228.000000
7850,7.85000000e+03,-228.541667
7851,7.85100000e+03,-228.541667
7852,7.85200000e+03,-228.958333
7853,7.85300000e+03,-228.958333
7854,7.85400000e+03,-229.375000
7855,7.85500000e+03,-229.375000
7856,7.85600000e+03,-230.000000
7857,7.85700000e+03,-230.000000
7858,7.85800000e+03,-230.375000
7859,7.85900000e+03,-230.375000
7860,7.86000000e+03,-230.708333
7861,7.86100000e+03,-230.708333
7862,7.86200000e+03,-231.041667
7863,7.86300000e+03,-231.041667
7864,7.86400000e+03,-231.291667
7865,7.86500000e+03,-231.291667
7866,7.86600000e+03,-231.875000
7867,7.86700000e+03,-231.875000
7868,7.86800000e+03,-232.083333
7869,7.86900000e+03,-232.083333
7870,7.87000000e+03,-232.333333
7871,7.87100000e+03,-232.333333
7872,7.87200000e+03,-232.583333
7873,7.87300000e+03,-232.583333
7874,7.87400000e+03,-232.875000
7875,7.87500000e+03,-232.875000
7876,7.87600000e+03,-233.083333
7877,7.87700000e+03,-233.083333
7878,7.87800000e+03,-233.250000
7879,7.87900000e+03,-233.250000
7880,7.88000000e+03,-233.458333
7881,7.88100000e+03,-233.458333
7882,7.88200000e+03,-233.500000
7883,7.88300000e+03,-233.500000
7884,7.88400000e+03,-233.750000
7885,7.88500000e+03,-233.750000
7886,7.88600000e+03,-233.750000
7887,7.88700000e+03,-233.750000
7888,7.88800000e+03,-233.916667
7889,7.88900000e+03,-233.916667
7890,7.89000000e+03,-234.083333
7891,7.89100000e+03,-234.083333
7892,7.89200000e+03,-234.000000
7893,7.89300000e+03,-234.000000
7894,7.89400000e+03,-234.125000
7895,7.89500000e+03,-234.125000
7896,7.89600000e+03,-234.083333
7897,7.89700000e+03,-234.083333
7898,7.89800000e+03,-234.250000
7899,7.89900000e+03,-234.250000
7900,7.90000000e+03,-234.166667
7901,7.90100000e+03,-234.166667
7902,7.90200000e+03,-234.083333
7903,7.90300000e+03,-234.083333
7904,7.90400000e+03,-234.166667
7905,7.90500000e+03,-234.166667
7906,7.90600000e+03,-233.958333
7907,7.90700000e+03,-233.958333
7908,7.90800000e+03,-234.000000
7909,7.90900000e+03,-234.000000
7910,7.91000000e+03,-233.875000
7911,7.91100000e+03,-233.875000
7912,7.91200000e+03,-234.041667
7913,7.91300000e+03,-234.041667
7914,7.91400000e+03,-233.791667
7915,7.91500000e+03,-233.791667
7916,7.91600000e+03,-233.750000
7917,7.91700000e+03,-233.750000
7918,7.91800000e+03,-233.750000
7919,7.91900000e+03,-233.750000
7920,7.92000000e+03,-233.583333
7921,7.92100000e+03,-233.583333
7922,7.92200000e+03,-233.291667
7923,7.92300000e+03,-233.291667
7924,7.92400000e+03,-233.125000
7925,7.92500000e+03,-233.125000
7926,7.92600000e+03,-232.958333
7927,7.92700000e+03,-232.958333
7928,7.92800000e+03,-232.791667
7929,7.92900000e+03,-232.791667
7930,7.93000000e+03,-232.583333
7931,7.93100000e+03,-232.583333
7932,7.93200000e+03,-232.291667
7933,7.93300000e+03,-232.291667
7934,7.93400000e+03,-232.208333
7935,7.93500000e+03,-232.208333
7936,7.93600000e+03,-231.958333
7937,7.93700000e+03,-231.958333
7938,7.93800000e+03,-231.833333
7939,7.93900000e+03,-231.833333
7940,7.94000000e+03,-231.541667
7941,7.94100000e+03,-231.541667
7942,7.94200000e+03,-231.125000
7943,7.94300000e+03,-231.125000
7944,7.94400000e+03,-230.750000
7945,7.94500000e+03,-230.750000
7946,7.94600000e+03,-230.458333
7947,7.94700000e+03,-230.458333
7948,7.94800000e+03,-230.083333
7949,7.94900000e+03,-230.083333
7950,7.95000000e+03,-229.791667
7951,7.95100000e+03,-229.791667
7952,7.95200000e+03,-229.333333
7953,7.95300000e+03,-229.333333
7954,7.95400000e+03,-228.875000
7955,7.95500000e+03,-228.875000
7956,7.95600000e+03,-228.291667
7957,7.95700000e+03,-228.291667
7958,7.95800000e+03,-228.000000
7959,7.95900000e+03,-228.000000
7960,7.96000000e+03,-227.375000
7961,7.96100000e+03,-227.375000
7962,7.96200000e+03,-226.875000
7963,7.96300000e+03,-226.875000
7964,7.96400000e+03,-226.291667
7965,7.96500000e+03,-226.291667
7966,7.96600000e+03,-225.791667
7967,7.96700000e+03,-225.791667
7968,7.96800000e+03,-225.083333
7969,7.96900000e+03,-225.083333
7970,7.97000000e+03,-224.458333
7971,7.97100000e+03,-224.458333
7972,7.97200000e+03,-223.791667
7973,7.97300000e+03,-223.791667
7974,7.97400000e+03,-223.208333
7975,7.97500000e+03,-223.208333
7976,7.97600000e+03,-222.458333
7977,7.97700000e+03,-222.458333
7978,7.97800000e+03,-221.666667
7979,7.97900000e+03,-221.666667
7980,7.98000000e+03,-220.958333
7981,7.98100000e+03,-220.958333
7982,7.98200000e+03,-220.125000
7983,7.98300000e+03,-220.125000
7984,7.98400000e+03,-219.125000
7985,7.98500000e+03,-219.125000
7986,7.98600000e+03,-218.416667
7987,7.98700000e+03,-218.416667
7988,7.98800000e+03,-217.541667
7989,7.98900000e+03,-217.541667
7990,7.99000000e+03,-216.500000
7991,7.99100000e+03,-216.500000
7992,7.99200000e+03,-215.625000
7993,7.99300000e+03,-215.625000
7994,7.99400000e+03,-214.708333
7995,7.99500000e+03,-214.708333
7996,7.99600000e+03,-213.583333
7997,7.99700000e+03,-213.583333
7998,7.99800000e+03,-212.750000
7999,7.99900000e+03,-212.750000
8000,8.00000000e+03,-211.666667
8001,8.00100000e+03,-211.666667
8002,8.00200000e+03,-210.750000
8003,8.00300000e+03,-210.750000
8004,8.00400000e+03,-209.625000
8005,8.00500000e+03,-209.625000
8006,8.00600000e+03,-208.625000
8007,8.00700000e+03,-208.625000
8008,8.00800000e+03,-207.416667
8009,8.00900000e+03,-207.416667
8010,8.01000000e+03,-206.375000
8011,8.01100000e+03,-206.375000
8012,8.01200000e+03,-205.208333
8013,8.01300000e+03,-205.208333
8014,8.01400000e+03,-204.166667
8015,8.01500000e+03,-204.166667
8016,8.01600000e+03,-203.125000
8017,8.01700000e+03,-203.125000
8018,8.01800000e+03,-201.875000
8019,8.01900000e+03,-201.875000
8020,8.02000000e+03,-200.958333
8021,8.02100000e+03,-200.958333
8022,8.02200000e+03,-199.791667
8023,8.02300000e+03,-199.791667
8024,8.02400000e+03,-198.625000
8025,8.02500000e+03,-198.625000
8026,8.02600000e+03,-197.583333
8027,8.02700000e+03,-197.583333
8028,8.02800000e+03,-196.625000
8029,8.02900000e+03,-196.625000
8030,8.03000000e+03,-195.541667
8031,8.03100000e+03,-195.541667
8032,8.03200000e+03,-194.375000
8033,8.03300000e+03,-194.375000
8034,8.03400000e+03,-193.291667
8035,8.03500000e+03,-193.291667
8036,8.03600000e+03,-192.166667
8037,8.03700000e+03,-192.166667
8038,8.03800000e+03,-191.083333
8039,8.03900000e+03,-191.083333
8040,8.04000000e+03,-190.083333
8041,8.04100000e+03,-190.083333
8042,8.04200000e+03,-188.916667
8043,8.04300000e+03,-188.916667
8044,8.04400000e+03,-187.958333
8045,8.04500000e+03,-187.958333
8046,8.04600000e+03,-186.958333
8047,8.04700000e+03,-186.958333
8048,8.04800000e+03,-185.916667
8049,8.04900000e+03,-185.916667
8050,8.05000000e+03,-184.875000
8051,8.05100000e+03,-184.875000
8052,8.05200000e+03,-183.958333
8053,8.05300000e+03,-183.958333
8054,8.05400000e+03,-182.958333
8055,8.05500000e+03,-182.958333
8056,8.05600000e+03,-181.833333
8057,8.05700000e+03,-181.833333
8058,8.05800000e+03,-180.750000
8059,8.05900000e+03,-180.750000
8060,8.06000000e+03,-179.833333
8061,8.06100000e+03,-179.833333
8062,8.06200000e+03,-178.833333
8063,8.06300000e+03,-178.833333
8064,8.06400000e+03,-177.916667
8065,8.06500000e+03,-177.916667
8066,8.06600000e+03,-176.833333
8067,8.06700000e+03,-176.833333
8068,8.06800000e+03,-175.791667
8069,8.06900000e+03,-175.791667
8070,8.07000000e+03,-174.791667
8071,8.07100000e+03,-174.791667
8072,8.07200000e+03,-173.791667
8073,8.07300000e+03,-173.791667
8074,8.07400000e+03,-172.833333
8075,8.07500000e+03,-172.833333
8076,8.07600000e+03,-171.791667
8077,8.07700000e+03,-171.791667
8078,8.07800000e+03,-170.833333
8079,8.07900000e+03,-170.833333
8080,8.08000000e+03,-169.750000
8081,8.08100000e+03,-169.750000
8082,8.08200000e+03,-168.625000
8083,8.08300000e+03,-168.625000
8084,8.08400000e+03,-167.708333
8085,8.08500000e+03,-167.708333
8086,8.08600000e+03,-166.500000
8087,8.08700000e+03,-166.500000
8088,8.08800000e+03,-165.416667
8089,8.08900000e+03,-165.416667
8090,8.09000000e+03,-164.208333
8091,8.09100000e+03,-164.208333
8092,8.09200000e+03,-163.041667
8093,8.09300000e+03,-163.041667
8094,8.09400000e+03,-161.958333
8095,8.09500000e+03,-161.958333
8096,8.09600000e+03,-160.791667
8097,8.09700000e+03,-160.791667
8098,8.09800000e+03,-159.625000
8099,8.09900000e+03,-159.625000
8100,8.10000000e+03,-158.416667
8101,8.10100000e+03,-158.416667
8102,8.10200000e+03,-157.041667
8103,8.10300000e+03,-157.041667
8104,8.10400000e+03,-155.916667
8105,8.10500000e+03,-155.916667
8106,8.10600000e+03,-154.583333
8107,8.10700000e+03,-154.583333
8108,8.10800000e+03,-153.083333
8109,8.10900000e+03,-153.083333
8110,8.11000000e+03,-151.833333
8111,8.11100000e+03,-151.833333
8112,8.11200000e+03,-150.375000
8113,8.11300000e+03,-150.375000
8114,8.11400000e+03,-149.041667
8115,8.11500000e+03,-149.041667
8116,8.11600000e+03,-147.500000
8117,8.11700000e+03,-147.500000
8118,8.11800000e+03,-146.041667
8119,8.11900000e+03,-146.041667
8120,8.12000000e+03,-144.500000
8121,8.12100000e+03,-144.500000
8122,8.12200000e+03,-143.041667
8123,8.12300000e+03,-143.041667
8124,8.12400000e+03,-141.416667
8125,8.12500000e+03,-141.416667
8126,8.12600000e+03,-139.958333
8127,8.12700000e+03,-139.958333
8128,8.12800000e+03,-138.333333
8129,8.12900000e+03,-138.333333
8130,8.13000000e+03,-136.708333
8131,8.13100000e+03,-136.708333
8132,8.13200000e+03,-135.000000
8133,8.13300000e+03,-135.000000
8134,8.13400000e+03,-133.291667
8135,8.13500000e+03,-133.291667
8136,8.13600000e+03,-131.666667
8137,8.13700000e+03,-131.666667
8138,8.13800000e+03,-129.791667
8139,8.13900000e+03,-129.791667
8140,8.14000000e+03,-128.125000
8141,8.14100000e+03,-128.125000
8142,8.14200000e+03,-126.541667
8143,8.14300000e+03,-126.541667
8144,8.14400000e+03,-124.583333
8145,8.14500000e+03,-124.583333
8146,8.14600000e+03,-123.000000
8147,8.14700000e+03,-123.000000
8148,8.14800000e+03,-121.083333
8149,8.14900000e+03,-121.083333
8150,8.15000000e+03,-119.333333
8151,8.15100000e+03,-119.333333
8152,8.15200000e+03,-117.416667
8153,8.15300000e+03,-117.416667
8154,8.15400000e+03,-115.625000
8155,8.15500000e+03,-115.625000
8156,8.15600000e+03,-113.875000
8157,8.15700000e+03,-113.875000
8158,8.15800000e+03,-112.041667
8159,8.15900000e+03,-112.041667
8160,8.16000000e+03,-110.208333
8161,8.16100000e+03,-110.208333
8162,8.16200000e+03,-108.375000
8163,8.16300000e+03,-108.375000
8164,8.16400000e+03,-106.541667
8165,8.16500000e+03,-106.541667
8166,8.16600000e+03,-104.666667
8167,8.16700000e+03,-104.666667
8168,8.16800000e+03,-102.916667
8169,8.16900000e+03,-102.916667
8170,8.17000000e+03,-100.916667
8171,8.17100000e+03,-100.916667
8172,8.17200000e+03,-99.333333
8173,8.17300000e+03,-99.333333
8174,8.17400000e+03,-97.416667
8175,8.17500000e+03,-97.416667
8176,8.17600000e+03,-95.708333
8177,8.17700000e+03,-95.708333
8178,8.17800000e+03,-93.750000
8179,8.17900000e+03,-93.750000
8180,8.18000000e+03,-91.875000
8181,8.18100000e+03,-91.875000
8182,8.18200000e+03,-90.166667
8183,8.18300000e+03,-90.166667
8184,8.18400000e+03,-88.416667
8185,8.18500000e+03,-88.416667
8186,8.18600000e+03,-86.666667
8187,8.18700000e+03,-86.666667
8188,8.18800000e+03,-84.916667
8189,8.18900000e+03,-84.916667
8190,8.19000000e+03,-83.208333
8191,8.19100000e+03,-83.208333
8192,8.19200000e+03,-81.458333
8193,8.19300000e+03,-81.458333
8194,8.19400000e+03,-79.666667
8195,8.19500000e+03,-79.666667
8196,8.19600000e+03,-77.916667
8197,8.19700000e+03,-77.916667
8198,8.19800000e+03,-76.125000
8199,8.19900000e+03,-76.125000
8200,8.20000000e+03,-74.458333
8201,8.20100000e+03,-74.458333
8202,8.20200000e+03,-72.500000
8203,8.20300000e+03,-72.500000
8204,8.20400000e+03,-70.916667
8205,8.20500000e+03,-70.916667
8206,8.20600000e+03,-69.208333
8207,8.20700000e+03,-69.208333
8208,8.20800000e+03,-67.333333
8209,8.20900000e+03,-67.333333
8210,8.21000000e+03,-65.708333
8211,8.21100000e+03,-65.708333
8212,8.21200000e+03,-63.958333
8213,8.21300000e+03,-63.958333
8214,8.21400000e+03,-62.125000
8215,8.21500000e+03,-62.125000
8216,8.21600000e+03,-60.583333
8217,8.21700000e+03,-60.583333
8218,8.21800000e+03,-58.666667
8219,8.21900000e+03,-58.666667
8220,8.22000000e+03,-56.791667
8221,8.22100000e+03,-56.791667
8222,8.22200000e+03,-55.041667
8223,8.22300000e+03,-55.041667
8224,8.22400000e+03,-53.333333
8225,8.22500000e+03,-53.333333
8226,8.22600000e+03,-51.500000
8227,8.22700000e+03,-51.500000
8228,8.22800000e+03,-49.791667
8229,8.22900000e+03,-49.791667
8230,8.23000000e+03,-47.833333
8231,8.23100000e+03,-47.833333
8232,8.23200000e+03,-46.041667
8233,8.23300000e+03,-46.041667
8234,8.23400000e+03,-44.041667
8235,8.23500000e+03,-44.041667
8236,8.23600000e+03,-42.250000
8237,8.23700000e+03,-42.250000
8238,8.23800000e+03,-40.208333
8239,8.23900000e+03,-40.208333
8240,8.24000000e+03,-38.333333
8241,8.24100000e+03,-38.333333
8242,8.24200000e+03,-36.416667
8243,8.24300000e+03,-36.416667
8244,8.24400000e+03,-34.416667
8245,8.24500000e+03,-34.416667
8246,8.24600000e+03,-32.333333
8247,8.24700000e+03,-32.333333
8248,8.24800000e+03,-30.500000
8249,8.24900000e+03,-30.500000
8250,8.25000000e+03,-28.416667
8251,8.25100000e+03,-28.416667
8252,8.25200000e+03,-26.416667
8253,8.25300000e+03,-26.416667
8254,8.25400000e+03,-24.416667
8255,8.25500000e+03,-24.416667
8256,8.25600000e+03,-22.333333
8257,8.25700000e+03,-22.333333
8258,8.25800000e+03,-20.250000
8259,8.25900000e+03,-20.250000
8260,8.26000000e+03,-18.125000
8261,8.26100000e+03,-18.125000
8262,8.26200000e+03,-16.083333
8263,8.26300000e+03,-16.083333
8264,8.26400000e+03,-13.958333
8265,8.26500000e+03,-13.958333
8266,8.26600000e+03,-11.833333
8267,8.26700000e+03,-11.833333
8268,8.26800000e+03,-9.708333
8269,8.26900000e+03,-9.708333
8270,8.27000000e+03,-7.583333
8271,8.27100000e+03,-7.583333
8272,8.27200000e+03,-5.541667
8273,8.27300000e+03,-5.541667
8274,8.27400000e+03,-3.208333
8275,8.27500000e+03,-3.208333
8276,8.27600000e+03,-1.041667
8277,8.27700000e+03,-1.041667
8278,8.27800000e+03,1.000000
8279,8.27900000e+03,1.000000
8280,8.28000000e+03,3.125000
8281,8.28100000e+03,3.125000
8282,8.28200000e+03,5.291667
8283,8.28300000e+03,5.291667
8284,8.28400000e+03,7.458333
8285,8.28500000e+03,7.458333
8286,8.28600000e+03,9.583333
8287,8.28700000e+03,9.583333
8288,8.28800000e+03,11.708333
8289,8.28900000e+03,11.708333
8290,8.29000000e+03,13.750000
8291,8.29100000e+03,13.750000
8292,8.29200000e+03,15.875000
8293,8.29300000e+03,15.875000
8294,8.29400000e+03,18.083333
8295,8.29500000e+03,18.083333
8296,8.29600000e+03,20.250000
8297,8.29700000e+03,20.250000
8298,8.29800000e+03,22.375000
8299,8.29900000e+03,22.375000
8300,8.30000000e+03,24.416667
8301,8.30100000e+03,24.416667
8302,8.30200000e+03,26.541667
8303,8.30300000e+03,26.541667
8304,8.30400000e+03,28.416667
8305,8.30500000e+03,28.416667
8306,8.30600000e+03,30.458333
8307,8.30700000e+03,30.458333
8308,8.30800000e+03,32.458333
8309,8.30900000e+03,32.458333
8310,8.31000000e+03,34.583333
8311,8.31100000e+03,34.583333
8312,8.31200000e+03,36.625000
8313,8.31300000e+03,36.625000
8314,8.31400000e+03,38.666667
8315,8.31500000e+03,38.666667
8316,8.31600000e+03,40.583333
8317,8.31700000e+03,40.583333
8318,8.31800000e+03,42.416667
8319,8.31900000e+03,42.416667
8320,8.32000000e+03,44.416667
8321,8.32100000e+03,44.416667
8322,8.32200000e+03,46.333333
8323,8.32300000e+03,46.333333
8324,8.32400000e+03,48.291667
8325,8.32500000e+03,48.291667
8326,8.32600000e+03,50.208333
8327,8.32700000e+03,50.208333
8328,8.32800000e+03,51.916667
8329,8.32900000e+03,51.916667
8330,8.33000000e+03,53.708333
8331,8.33100000e+03,53.708333
8332,8.33200000e+03,55.625000
8333,8.33300000e+03,55.625000
8334,8.33400000e+03,57.333333
8335,8.33500000e+03,57.333333
8336,8.33600000e+03,59.208333
8337,8.33700000e+03,59.208333
8338,8.33800000e+03,60.916667
8339,8.33900000e+03,60.916667
8340,8.34000000e+03,62.791667
8341,8.34100000e+03,62.791667
8342,8.34200000e+03,64.583333
8343,8.34300000e+03,64.583333
8344,8.34400000e+03,66.291667
8345,8.34500000e+03,66.291667
8346,8.34600000e+03,68.000000
8347,8.34700000e+03,68.000000
8348,8.34800000e+03,69.875000
8349,8.34900000e+03,69.875000
8350,8.35000000e+03,71.500000
8351,8.35100000e+03,71.500000
8352,8.35200000e+03,73.125000
8353,8.35300000e+03,73.125000
8354,8.35400000e+03,74.875000
8355,8.35500000e+03,74.875000
8356,8.35600000e+03,76.666667
8357,8.35700000e+03,76.666667
8358,8.35800000e+03,78.333333
8359,8.35900000e+03,78.333333
8360,8.36000000e+03,80.208333
8361,8.36100000e+03,80.208333
8362,8.36200000e+03,81.958333
8363,8.36300000e+03,81.958333
8364,8.36400000e+03,83.666667
8365,8.36500000e+03,83.666667
8366,8.36600000e+03,85.541667
8367,8.36700000e+03,85.541667
8368,8.36800000e+03,87.125000
8369,8.36900000e+03,87.125000
8370,8.37000000e+03,88.875000
8371,8.37100000e+03,88.875000
8372,8.37200000e+03,90.750000
8373,8.37300000e+03,90.750000
8374,8.37400000e+03,92.541667
8375,8.37500000e+03,92.541667
8376,8.37600000e+03,94.291667
8377,8.37700000e+03,94.291667
8378,8.37800000e+03,95.958333
8379,8.37900000e+03,95.958333
8380,8.38000000e+03,97.833333
8381,8.38100000e+03,97.833333
8382,8.38200000e+03,99.541667
8383,8.38300000e+03,99.541667
8384,8.38400000e+03,101.500000
8385,8.38500000e+03,101.500000
8386,8.38600000e+03,103.250000
8387,8.38700000e+03,103.250000
8388,8.38800000e+03,104.916667
8389,8.38900000e+03,104.916667
8390,8.39000000e+03,106.833333
8391,8.39100000e+03,106.833333
8392,8.39200000e+03,108.416667
8393,8.39300000e+03,108.416667
8394,8.39400000e+03,110.416667
8395,8.39500000e+03,110.416667
8396,8.39600000e+03,112.166667
8397,8.39700000e+03,112.166667
8398,8.39800000e+03,113.916667
8399,8.39900000e+03,113.916667
8400,8.40000000e+03,115.791667
8401,8.40100000e+03,115.791667
8402,8.40200000e+03,117.583333
8403,8.40300000e+03,117.583333
8404,8.40400000e+03,119.125000
8405,8.40500000e+03,119.125000
8406,8.40600000e+03,121.083333
8407,8.40700000e+03,121.083333
8408,8.40800000e+03,122.916667
8409,8.40900000e+03,122.916667
8410,8.41000000e+03,124.583333
8411,8.41100000e+03,124.583333
8412,8.41200000e+03,126.375000
8413,8.41300000e+03,126.375000
8414,8.41400000e+03,128.166667
8415,8.41500000e+03,128.166667
8416,8.41600000e+03,129.833333
8417,8.41700000e+03,129.833333
8418,8.41800000e+03,131.541667
8419,8.41900000e+03,131.541667
8420,8.42000000e+03,133.333333
8421,8.42100000e+03,133.333333
8422,8.42200000e+03,134.958333
8423,8.42300000e+03,134.958333
8424,8.42400000e+03,136.666667
8425,8.42500000e+03,136.666667
8426,8.42600000e+03,138.291667
8427,8.42700000e+03,138.291667
8428,8.42800000e+03,140.041667
8429,8.42900000e+03,140.041667
8430,8.43000000e+03,141.375000
8431,8.43100000e+03,141.375000
8432,8.43200000e+03,142.958333
8433,8.43300000e+03,142.958333
8434,8.43400000e+03,144.583333
8435,8.43500000e+03,144.583333
8436,8.43600000e+03,146.000000
8437,8.43700000e+03,146.000000
8438,8.43800000e+03,147.666667
8439,8.43900000e+03,147.666667
8440,8.44000000e+03,149.083333
8441,8.44100000e+03,149.083333
8442,8.44200000e+03,150.625000
8443,8.44300000e+03,150.625000
8444,8.44400000e+03,151.875000
8445,8.44500000e+03,151.875000
8446,8.44600000e+03,153.250000
8447,8.44700000e+03,153.250000
8448,8.44800000e+03,154.708333
8449,8.44900000e+03,154.708333
8450,8.45000000e+03,156.250000
8451,8.45100000e+03,156.250000
8452,8.45200000e+03,157.416667
8453,8.45300000e+03,157.416667
8454,8.45400000e+03,158.625000
8455,8.45500000e+03,158.625000
8456,8.45600000e+03,159.916667
8457,8.45700000e+03,159.916667
8458,8.45800000e+03,161.125000
8459,8.45900000e+03,161.125000
8460,8.46000000e+03,162.291667
8461,8.46100000e+03,162.291667
8462,8.46200000e+03,163.541667
8463,8.46300000e+03,163.541667
8464,8.46400000e+03,164.833333
8465,8.46500000e+03,164.833333
8466,8.46600000e+03,165.958333
8467,8.46700000e+03,165.958333
8468,8.46800000e+03,167.083333
8469,8.46900000e+03,167.083333
8470,8.47000000e+03,167.958333
8471,8.47100000e+03,167.958333
8472,8.47200000e+03,169.333333
8473,8.47300000e+03,169.333333
8474,8.47400000e+03,170.333333
8475,8.47500000e+03,170.333333
8476,8.47600000e+03,171.291667
8477,8.47700000e+03,171.291667
8478,8.47800000e+03,172.375000
8479,8.47900000e+03,172.375000
8480,8.48000000e+03,173.500000
8481,8.48100000e+03,173.500000
8482,8.48200000e+03,174.333333
8483,8.48300000e+03,174.333333
8484,8.48400000e+03,175.500000
8485,8.48500000e+03,175.500000
8486,8.48600000e+03,176.583333
8487,8.48700000e+03,176.583333
8488,8.48800000e+03,177.500000
8489,8.48900000e+03,177.500000
8490,8.49000000e+03,178.541667
8491,8.49100000e+03,178.541667
8492,8.49200000e+03,179.333333
8493,8.49300000e+03,179.333333
8494,8.49400000e+03,180.583333
8495,8.49500000e+03,180.583333
8496,8.49600000e+03,181.375000
8497,8.49700000e+03,181.375000
8498,8.49800000e+03,182.458333
8499,8.49900000e+03,182.458333
8500,8.50000000e+03,183.416667
8501,8.50100000e+03,183.416667
8502,8.50200000e+03,184.375000
8503,8.50300000e+03,184.375000
8504,8.50400000e+03,185.541667
8505,8.50500000e+03,185.541667
8506,8.50600000e+03,186.375000
8507,8.50700000e+03,186.375000
8508,8.50800000e+03,187.416667
8509,8.50900000e+03,187.416667
8510,8.51000000e+03,188.291667
8511,8.51100000e+03,188.291667
8512,8.51200000e+03,189.458333
8513,8.51300000e+03,189.458333
8514,8.51400000e+03,190.541667
8515,8.51500000e+03,190.541667
8516,8.51600000e+03,191.458333
8517,8.51700000e+03,191.458333
8518,8.51800000e+03,192.458333
8519,8.51900000e+03,192.458333
8520,8.52000000e+03,193.458333
8521,8.52100000e+03,193.458333
8522,8.52200000e+03,194.625000
8523,8.52300000e+03,194.625000
8524,8.52400000e+03,195.625000
8525,8.52500000e+03,195.625000
8526,8.52600000e+03,196.666667
8527,8.52700000e+03,196.666667
8528,8.52800000e+03,197.625000
8529,8.52900000e+03,197.625000
8530,8.53000000e+03,198.625000
8531,8.53100000e+03,198.625000
8532,8.53200000e+03,199.791667
8533,8.53300000e+03,199.791667
8534,8.53400000e+03,200.791667
8535,8.53500000e+03,200.791667
8536,8.53600000e+03,201.916667
8537,8.53700000e+03,201.916667
8538,8.53800000e+03,202.916667
8539,8.53900000e+03,202.916667
8540,8.54000000e+03,204.000000
8541,8.54100000e+03,204.000000
8542,8.54200000e+03,205.125000
8543,8.54300000e+03,205.125000
8544,8.54400000e+03,206.208333
8545,8.54500000e+03,206.208333
8546,8.54600000e+03,207.250000
8547,8.54700000e+03,207.250000
8548,8.54800000e+03,208.250000
8549,8.54900000e+03,208.250000
8550,8.55000000e+03,209.333333
8551,8.55100000e+03,209.333333
8552,8.55200000e+03,210.583333
8553,8.55300000e+03,210.583333
8554,8.55400000e+03,211.500000
8555,8.55500000e+03,211.500000
8556,8.55600000e+03,212.583333
8557,8.55700000e+03,212.583333
8558,8.55800000e+03,213.500000
8559,8.55900000e+03,213.500000
8560,8.56000000e+03,214.583333
8561,8.56100000e+03,214.583333
8562,8.56200000e+03,215.500000
8563,8.56300000e+03,215.500000
8564,8.56400000e+03,216.333333
8565,8.56500000e+03,216.333333
8566,8.56600000e+03,217.375000
8567,8.56700000e+03,217.375000
8568,8.56800000e+03,218.291667
8569,8.56900000e+03,218.291667
8570,8.57000000e+03,219.291667
8571,8.57100000e+03,219.291667
8572,8.57200000e+03,220.125000
8573,8.57300000e+03,220.125000
8574,8.57400000e+03,221.000000
8575,8.57500000e+03,221.000000
8576,8.57600000e+03,221.750000
8577,8.57700000e+03,221.750000
8578,8.57800000e+03,222.583333
8579,8.57900000e+03,222.583333
8580,8.58000000e+03,223.333333
8581,8.58100000e+03,223.333333
8582,8.58200000e+03,224.000000
8583,8.58300000e+03,224.000000
8584,8.58400000e+03,224.666667
8585,8.58500000e+03,224.666667
8586,8.58600000e+03,225.333333
8587,8.58700000e+03,225.333333
8588,8.58800000e+03,226.250000
8589,8.58900000e+03,226.250000
8590,8.59000000e+03,226.708333
8591,8.59100000e+03,226.708333
8592,8.59200000e+03,227.291667
8593,8.59300000e+03,227.291667
8594,8.59400000e+03,227.916667
8595,8.59500000e+03,227.916667
8596,8.59600000e+03,228.541667
8597,8.59700000e+03,228.541667
8598,8.59800000e+03,229.000000
8599,8.59900000e+03,229.000000
8600,8.60000000e+03,229.375000
8601,8.60100000e+03,229.375000
8602,8.60200000e+03,229.916667
8603,8.60300000e+03,229.916667
8604,8.60400000e+03,230.291667
8605,8.60500000e+03,230.291667
8606,8.60600000e+03,230.875000
8607,8.60700000e+03,230.875000
8608,8.60800000e+03,231.166667
8609,8.60900000e+03,231.166667
8610,8.61000000e+03,231.500000
8611,8.61100000e+03,231.500000
8612,8.61200000e+03,231.875000
8613,8.61300000e+03,231.875000
8614,8.61400000e+03,232.250000
8615,8.61500000e+03,232.250000
8616,8.61600000e+03,232.500000
8617,8.61700000e+03,232.500000
8618,8.61800000e+03,232.666667
8619,8.61900000e+03,232.666667
8620,8.62000000e+03,232.916667
8621,8.62100000e+03,232.916667
8622,8.62200000e+03,233.166667
8623,8.62300000e+03,233.166667
8624,8.62400000e+03,233.375000
8625,8.62500000e+03,233.375000
8626,8.62600000e+03,233.500000
8627,8.62700000e+03,233.500000
8628,8.62800000e+03,233.875000
8629,8.62900000e+03,233.875000
8630,8.63000000e+03,233.916667
8631,8.63100000e+03,233.916667
8632,8.63200000e+03,233.916667
8633,8.63300000e+03,233.916667
8634,8.63400000e+03,234.125000
8635,8.63500000e+03,234.125000
8636,8.63600000e+03,234.166667
8637,8.63700000e+03,234.166667
8638,8.63800000e+03,234.250000
8639,8.63900000e+03,234.250000
8640,8.64000000e+03,234.250000
8641,8.64100000e+03,234.250000
8642,8.64200000e+03,234.333333
8643,8.64300000e+03,234.333333
8644,8.64400000e+03,234.208333
8645,8.64500000e+03,234.208333
8646,8.64600000e+03,234.291667
8647,8.64700000e+03,234.291667
8648,8.64800000e+03,234.375000
8649,8.64900000e+03,234.375000
8650,8.65000000e+03,234.250000
8651,8.65100000e+03,234.250000
8652,8.65200000e+03,234.291667
8653,8.65300000e+03,234.291667
8654,8.65400000e+03,234.125000
8655,8.65500000e+03,234.125000
8656,8.65600000e+03,234.125000
8657,8.65700000e+03,234.125000
8658,8.65800000e+03,234.208333
8659,8.65900000e+03,234.208333
8660,8.66000000e+03,234.125000
8661,8.66100000e+03,234.125000
8662,8.66200000e+03,233.958333
8663,8.66300000e+03,233.958333
8664,8.66400000e+03,233.791667
8665,8.66500000e+03,233.791667
8666,8.66600000e+03,233.666667
8667,8.66700000e+03,233.666667
8668,8.66800000e+03,233.625000
8669,8.66900000e+03,233.625000
8670,8.67000000e+03,233.458333
8671,8.67100000e+03,233.458333
8672,8.67200000e+03,233.416667
8673,8.67300000e+03,233.416667
8674,8.67400000e+03,233.166667
8675,8.67500000e+03,233.166667
8676,8.67600000e+03,232.916667
8677,8.67700000e+03,232.916667
8678,8.67800000e+03,232.750000
8679,8.67900000e+03,232.750000
8680,8.68000000e+03,232.541667
8681,8.68100000e+03,232.541667
8682,8.68200000e+03,232.333333
8683,8.68300000e+03,232.333333
8684,8.68400000e+03,232.166667
8685,8.68500000e+03,232.166667
8686,8.68600000e+03,231.916667
8687,8.68700000e+03,231.916667
8688,8.68800000e+03,231.583333
8689,8.68900000e+03,231.583333
8690,8.69000000e+03,231.208333
8691,8.69100000e+03,231.208333
8692,8.69200000e+03,230.958333
8693,8.69300000e+03,230.958333
8694,8.69400000e+03,230.541667
8695,8.69500000e+03,230.541667
8696,8.69600000e+03,230.166667
8697,8.69700000e+03,230.166667
8698,8.69800000e+03,229.875000
8699,8.69900000e+03,229.875000
8700,8.70000000e+03,229.333333
8701,8.70100000e+03,229.333333
8702,8.70200000e+03,228.916667
8703,8.70300000e+03,228.916667
8704,8.70400000e+03,228.458333
8705,8.70500000e+03,228.458333
8706,8.70600000e+03,228.083333
8707,8.70700000e+03,228.083333
8708,8.70800000e+03,227.416667
8709,8.70900000e+03,227.416667
8710,8.71000000e+03,227.083333
8711,8.71100000e+03,227.083333
8712,8.71200000e+03,226.458333
8713,8.71300000e+03,226.458333
8714,8.71400000e+03,225.791667
8715,8.71500000e+03,225.791667
8716,8.71600000e+03,225.125000
8717,8.71700000e+03,225.125000
8718,8.71800000e+03,224.375000
8719,8.71900000e+03,224.375000
8720,8.72000000e+03,223.708333
8721,8.72100000e+03,223.708333
8722,8.72200000e+03,223.000000
8723,8.72300000e+03,223.000000
8724,8.72400000e+03,222.500000
8725,8.72500000e+03,222.500000
8726,8.72600000e+03,221.458333
8727,8.72700000e+03,221.458333
8728,8.72800000e+03,220.750000
8729,8.72900000e+03,220.750000
8730,8.73000000e+03,219.916667
8731,8.73100000e+03,219.916667
8732,8.73200000e+03,219.208333
8733,8.73300000e+03,219.208333
8734,8.73400000e+03,218.208333
8735,8.73500000e+03,218.208333
8736,8.73600000e+03,217.375000
8737,8.73700000e+03,217.375000
8738,8.73800000e+03,216.458333
8739,8.73900000e+03,216.458333
8740,8.74000000e+03,215.541667
8741,8.74100000e+03,215.541667
8742,8.74200000e+03,214.583333
8743,8.74300000e+03,214.583333
8744,8.74400000e+03,213.458333
8745,8.74500000e+03,213.458333
8746,8.74600000e+03,212.583333
8747,8.74700000e+03,212.583333
8748,8.74800000e+03,211.500000
8749,8.74900000e+03,211.500000
8750,8.75000000e+03,210.458333
8751,8.75100000e+03,210.458333
8752,8.75200000e+03,209.291667
8753,8.75300000e+03,209.291667
8754,8.75400000e+03,208.291667
8755,8.75500000e+03,208.291667
8756,8.75600000e+03,207.208333
8757,8.75700000e+03,207.208333
8758,8.75800000e+03,206.166667
8759,8.75900000e+03,206.166667
8760,8.76000000e+03,205.083333
8761,8.76100000e+03,205.083333
8762,8.76200000e+03,204.000000
8763,8.76300000e+03,204.000000
8764,8.76400000e+03,202.916667
8765,8.76500000e+03,202.916667
8766,8.76600000e+03,201.708333
8767,8.76700000e+03,201.708333
8768,8.76800000e+03,200.583333
8769,8.76900000e+03,200.583333
8770,8.77000000e+03,199.541667
8771,8.77100000e+03,199.541667
8772,8.77200000e+03,198.541667
8773,8.77300000e+03,198.541667
8774,8.77400000e+03,197.458333
8775,8.77500000e+03,197.458333
8776,8.77600000e+03,196.291667
8777,8.77700000e+03,196.291667
8778,8.77800000e+03,195.291667
8779,8.77900000e+03,195.291667
8780,8.78000000e+03,194.125000
8781,8.78100000e+03,194.125000
8782,8.78200000e+03,193.125000
8783,8.78300000e+03,193.125000
8784,8.78400000e+03,191.916667
8785,8.78500000e+03,191.916667
8786,8.78600000e+03,190.791667
8787,8.78700000e+03,190.791667
8788,8.78800000e+03,189.791667
8789,8.78900000e+03,189.791667
8790,8.79000000e+03,188.833333
8791,8.79100000e+03,188.833333
8792,8.79200000e+03,187.791667
8793,8.79300000e+03,187.791667
8794,8.79400000e+03,186.791667
8795,8.79500000e+03,186.791667
8796,8.79600000e+03,185.750000
8797,8.79700000e+03,185.750000
8798,8.79800000e+03,184.791667
8799,8.79900000e+03,184.791667
8800,8.80000000e+03,183.625000
8801,8.80100000e+03,183.625000
8802,8.80200000e+03,182.708333
8803,8.80300000e+03,182.708333
8804,8.80400000e+03,181.583333
8805,8.80500000e+03,181.583333
8806,8.80600000e+03,180.625000
8807,8.80700000e+03,180.625000
8808,8.80800000e+03,179.666667
8809,8.80900000e+03,179.666667
8810,8.81000000e+03,178.666667
8811,8.81100000e+03,178.666667
8812,8.81200000e+03,177.750000
8813,8.81300000e+03,177.750000
8814,8.81400000e+03,176.708333
8815,8.81500000e+03,176.708333
8816,8.81600000e+03,175.750000
8817,8.81700000e+03,175.750000
8818,8.81800000e+03,174.625000
8819,8.81900000e+03,174.625000
8820,8.82000000e+03,173.708333
8821,8.82100000e+03,173.708333
8822,8.82200000e+03,172.541667
8823,8.82300000e+03,172.541667
8824,8.82400000e+03,171.625000
8825,8.82500000e+03,171.625000
8826,8.82600000e+03,170.541667
8827,8.82700000e+03,170.541667
8828,8.82800000e+03,169.500000
8829,8.82900000e+03,169.500000
8830,8.83000000e+03,168.416667
8831,8.83100000e+03,168.416667
8832,8.83200000e+03,167.291667
8833,8.83300000e+03,167.291667
8834,8.83400000e+03,166.250000
8835,8.83500000e+03,166.250000
8836,8.83600000e+03,165.166667
8837,8.83700000e+03,165.166667
8838,8.83800000e+03,164.125000
8839,8.83900000e+03,164.125000
8840,8.84000000e+03,162.791667
8841,8.84100000e+03,162.791667
8842,8.84200000e+03,161.666667
8843,8.84300000e+03,161.666667
8844,8.84400000e+03,160.583333
8845,8.84500000e+03,160.583333
8846,8.84600000e+03,159.291667
8847,8.84700000e+03,159.291667
8848,8.84800000e+03,158.208333
8849,8.84900000e+03,158.208333
8850,8.85000000e+03,156.958333
8851,8.85100000e+03,156.958333
8852,8.85200000e+03,155.416667
8853,8.85300000e+03,155.416667
8854,8.85400000e+03,154.291667
8855,8.85500000e+03,154.291667
8856,8.85600000e+03,152.958333
8857,8.85700000e+03,152.958333
8858,8.85800000e+03,151.458333
8859,8.85900000e+03,151.458333
8860,8.86000000e+03,150.083333
8861,8.86100000e+03,150.083333
8862,8.86200000e+03,148.625000
8863,8.86300000e+03,148.625000
8864,8.86400000e+03,147.166667
8865,8.86500000e+03,147.166667
8866,8.86600000e+03,145.625000
8867,8.86700000e+03,145.625000
8868,8.86800000e+03,144.208333
8869,8.86900000e+03,144.208333
8870,8.87000000e+03,142.625000
8871,8.87100000e+03,142.625000
8872,8.87200000e+03,141.000000
8873,8.87300000e+03,141.000000
8874,8.87400000e+03,139.458333
8875,8.87500000e+03,139.458333
8876,8.87600000e+03,137.916667
8877,8.87700000e+03,137.916667
8878,8.87800000e+03,136.208333
8879,8.87900000e+03,136.208333
8880,8.88000000e+03,134.500000
8881,8.88100000e+03,134.500000
8882,8.88200000e+03,132.916667
8883,8.88300000e+03,132.916667
8884,8.88400000e+03,131.125000
8885,8.88500000e+03,131.125000
8886,8.88600000e+03,129.500000
8887,8.88700000e+03,129.500000
8888,8.88800000e+03,127.541667
8889,8.88900000e+03,127.541667
8890,8.89000000e+03,125.916667
8891,8.89100000e+03,125.916667
8892,8.89200000e+03,124.125000
8893,8.89300000e+03,124.125000
8894,8.89400000e+03,122.291667
8895,8.89500000e+03,122.291667
8896,8.89600000e+03,120.583333
8897,8.89700000e+03,120.583333
8898,8.89800000e+03,118.708333
8899,8.89900000e+03,118.708333
8900,8.90000000e+03,116.875000
8901,8.90100000e+03,116.875000
8902,8.90200000e+03,115.291667
8903,8.90300000e+03,115.291667
8904,8.90400000e+03,113.208333
8905,8.90500000e+03,113.208333
8906,8.90600000e+03,111.583333
8907,8.90700000e+03,111.583333
8908,8.90800000e+03,109.708333
8909,8.90900000e+03,109.708333
8910,8.91000000e+03,107.958333
8911,8.91100000e+03,107.958333
8912,8.91200000e+03,105.875000
8913,8.91300000e+03,105.875000
8914,8.91400000e+03,104.166667
8915,8.91500000e+03,104.166667
8916,8.91600000e+03,102.458333
8917,8.91700000e+03,102.458333
8918,8.91800000e+03,100.625000
8919,8.91900000e+03,100.625000
8920,8.92000000e+03,98.625000
8921,8.92100000e+03,98.625000
8922,8.92200000e+03,96.916667
8923,8.92300000e+03,96.916667
8924,8.92400000e+03,95.083333
8925,8.92500000e+03,95.083333
8926,8.92600000e+03,93.291667
8927,8.92700000e+03,93.291667
8928,8.92800000e+03,91.416667
8929,8.92900000e+03,91.416667
8930,8.93000000e+03,89.750000
8931,8.93100000e+03,89.750000
8932,8.93200000e+03,87.791667
8933,8.93300000e+03,87.791667
8934,8.93400000e+03,86.041667
8935,8.93500000e+03,86.041667
8936,8.93600000e+03,84.458333
8937,8.93700000e+03,84.458333
8938,8.93800000e+03,82.458333
8939,8.93900000e+03,82.458333
8940,8.94000000e+03,80.750000
8941,8.94100000e+03,80.750000
8942,8.94200000e+03,79.083333
8943,8.94300000e+03,79.083333
8944,8.94400000e+03,77.333333
8945,8.94500000e+03,77.333333
8946,8.94600000e+03,75.583333
8947,8.94700000e+03,75.583333
8948,8.94800000e+03,73.791667
8949,8.94900000e+03,73.791667
8950,8.95000000e+03,72.125000
8951,8.95100000e+03,72.125000
8952,8.95200000e+03,70.291667
8953,8.95300000e+03,70.291667
8954,8.95400000e+03,68.500000
8955,8.95500000e+03,68.500000
8956,8.95600000e+03,66.916667
8957,8.95700000e+03,66.916667
8958,8.95800000e+03,65.041667
8959,8.95900000e+03,65.041667
8960,8.96000000e+03,63.333333
8961,8.96100000e+03,63.333333
8962,8.96200000e+03,61.416667
8963,8.96300000e+03,61.416667
8964,8.96400000e+03,59.708333
8965,8.96500000e+03,59.708333
8966,8.96600000e+03,57.958333
8967,8.96700000e+03,57.958333
8968,8.96800000e+03,56.291667
8969,8.96900000e+03,56.291667
8970,8.97000000e+03,54.458333
8971,8.97100000e+03,54.458333
8972,8.97200000e+03,52.583333
8973,8.97300000e+03,52.583333
8974,8.97400000e+03,50.791667
8975,8.97500000e+03,50.791667
8976,8.97600000e+03,49.166667
8977,8.97700000e+03,49.166667
8978,8.97800000e+03,47.083333
8979,8.97900000e+03,47.083333
8980,8.98000000e+03,45.250000
8981,8.98100000e+03,45.250000
8982,8.98200000e+03,43.458333
8983,8.98300000e+03,43.458333
8984,8.98400000e+03,41.500000
8985,8.98500000e+03,41.500000
8986,8.98600000e+03,39.541667
8987,8.98700000e+03,39.541667
8988,8.98800000e+03,37.666667
8989,8.98900000e+03,37.666667
8990,8.99000000e+03,35.625000
8991,8.99100000e+03,35.625000
8992,8.99200000e+03,33.750000
8993,8.99300000e+03,33.750000
8994,8.99400000e+03,31.666667
8995,8.99500000e+03,31.666667
8996,8.99600000e+03,29.750000
8997,8.99700000e+03,29.750000
8998,8.99800000e+03,27.666667
8999,8.99900000e+03,27.666667
9000,9.00000000e+03,25.666667
9001,9.00100000e+03,25.666667
9002,9.00200000e+03,23.583333
9003,9.00300000e+03,23.583333
9004,9.00400000e+03,21.625000
9005,9.00500000e+03,21.625000
9006,9.00600000e+03,19.416667
9007,9.00700000e+03,19.416667
9008,9.00800000e+03,17.375000
9009,9.00900000e+03,17.375000
9010,9.01000000e+03,15.291667
9011,9.01100000e+03,15.291667
9012,9.01200000e+03,13.125000
9013,9.01300000e+03,13.125000
9014,9.01400000e+03,11.000000
9015,9.01500000e+03,11.000000
9016,9.01600000e+03,8.916667
9017,9.01700000e+03,8.916667
9018,9.01800000e+03,6.833333
9019,9.01900000e+03,6.833333
9020,9.02000000e+03,4.583333
9021,9.02100000e+03,4.583333
9022,9.02200000e+03,2.583333
9023,9.02300000e+03,2.583333
9024,9.02400000e+03,0.375000
9025,9.02500000e+03,0.375000
9026,9.02600000e+03,-1.750000
9027,9.02700000e+03,-1.750000
9028,9.02800000e+03,-3.958333
9029,9.02900000e+03,-3.958333
9030,9.03000000e+03,-6.083333
9031,9.03100000e+03,-6.083333
9032,9.03200000e+03,-8.208333
9033,9.03300000e+03,-8.208333
9034,9.03400000e+03,-10.333333
9035,9.03500000e+03,-10.333333
9036,9.03600000e+03,-12.583333
9037,9.03700000e+03,-12.583333
9038,9.03800000e+03,-14.750000
9039,9.03900000e+03,-14.750000
9040,9.04000000e+03,-16.833333
9041,9.04100000e+03,-16.833333
9042,9.04200000e+03,-18.833333
9043,9.04300000e+03,-18.833333
9044,9.04400000e+03,-21.083333
9045,9.04500000e+03,-21.083333
9046,9.04600000e+03,-23.000000
9047,9.04700000e+03,-23.000000
9048,9.04800000e+03,-25.291667
9049,9.04900000e+03,-25.291667
9050,9.05000000e+03,-27.250000
9051,9.05100000e+03,-27.250000
9052,9.05200000e+03,-29.125000
9053,9.05300000e+03,-29.125000
9054,9.05400000e+03,-31.333333
9055,9.05500000e+03,-31.333333
9056,9.05600000e+03,-33.458333
9057,9.05700000e+03,-33.458333
9058,9.05800000e+03,-35.416667
9059,9.05900000e+03,-35.416667
9060,9.06000000e+03,-37.291667
9061,9.06100000e+03,-37.291667
9062,9.06200000e+03,-39.333333
9063,9.06300000e+03,-39.333333
9064,9.06400000e+03,-41.208333
9065,9.06500000e+03,-41.208333
9066,9.06600000e+03,-43.250000
9067,9.06700000e+03,-43.250000
9068,9.06800000e+03,-45.041667
9069,9.06900000e+03,-45.041667
9070,9.07000000e+03,-47.125000
9071,9.07100000e+03,-47.125000
9072,9.07200000e+03,-48.958333
9073,9.07300000e+03,-48.958333
9074,9.07400000e+03,-50.625000
9075,9.07500000e+03,-50.625000
9076,9.07600000e+03,-52.583333
9077,9.07700000e+03,-52.583333
9078,9.07800000e+03,-54.458333
9079,9.07900000e+03,-54.458333
9080,9.08000000e+03,-56.250000
9081,9.08100000e+03,-56.250000
9082,9.08200000e+03,-58.208333
9083,9.08300000e+03,-58.208333
9084,9.08400000e+03,-59.791667
9085,9.08500000e+03,-59.791667
9086,9.08600000e+03,-61.625000
9087,9.08700000e+03,-61.625000
9088,9.08800000e+03,-63.458333
9089,9.08900000e+03,-63.458333
9090,9.09000000e+03,-65.083333
9091,9.09100000e+03,-65.083333
9092,9.09200000e+03,-66.916667
9093,9.09300000e+03,-66.916667
9094,9.09400000e+03,-68.625000
9095,9.09500000e+03,-68.625000
9096,9.09600000e+03,-70.416667
9097,9.09700000e+03,-70.416667
9098,9.09800000e+03,-72.000000
9099,9.09900000e+03,-72.000000
9100,9.10000000e+03,-73.833333
9101,9.10100000e+03,-73.833333
9102,9.10200000e+03,-75.666667
9103,9.10300000e+03,-75.666667
9104,9.10400000e+03,-77.333333
9105,9.10500000e+03,-77.333333
9106,9.10600000e+03,-79.041667
9107,9.10700000e+03,-79.041667
9108,9.10800000e+03,-80.791667
9109,9.10900000e+03,-80.791667
9110,9.11000000e+03,-82.583333
9111,9.11100000e+03,-82.583333
9112,9.11200000e+03,-84.291667
9113,9.11300000e+03,-84.291667
9114,9.11400000e+03,-86.000000
9115,9.11500000e+03,-86.000000
9116,9.11600000e+03,-87.791667
9117,9.11700000e+03,-87.791667
9118,9.11800000e+03,-89.541667
9119,9.11900000e+03,-89.541667
9120,9.12000000e+03,-91.375000
9121,9.12100000e+03,-91.375000
9122,9.12200000e+03,-93.125000
9123,9.12300000e+03,-93.125000
9124,9.12400000e+03,-95.041667
9125,9.12500000e+03,-95.041667
9126,9.12600000e+03,-96.583333
9127,9.12700000e+03,-96.583333
9128,9.12800000e+03,-98.375000
9129,9.12900000e+03,-98.375000
9130,9.13000000e+03,-100.250000
9131,9.13100000e+03,-100.250000
9132,9.13200000e+03,-102.125000
9133,9.13300000e+03,-102.125000
9134,9.13400000e+03,-103.791667
9135,9.13500000e+03,-103.791667
9136,9.13600000e+03,-105.750000
9137,9.13700000e+03,-105.750000
9138,9.13800000e+03,-107.416667
9139,9.13900000e+03,-107.416667
9140,9.14000000e+03,-109.208333
9141,9.14100000e+03,-109.208333
9142,9.14200000e+03,-111.041667
9143,9.14300000e+03,-111.041667
9144,9.14400000e+03,-112.833333
9145,9.14500000e+03,-112.833333
9146,9.14600000e+03,-114.708333
9147,9.14700000e+03,-114.708333
9148,9.14800000e+03,-116.291667
9149,9.14900000e+03,-116.291667
9150,9.15000000e+03,-118.250000
9151,9.15100000e+03,-118.250000
9152,9.15200000e+03,-120.083333
9153,9.15300000e+03,-120.083333
9154,9.15400000e+03,-121.750000
9155,9.15500000e+03,-121.750000
9156,9.15600000e+03,-123.625000
9157,9.15700000e+03,-123.625000
9158,9.15800000e+03,-125.375000
9159,9.15900000e+03,-125.375000
9160,9.16000000e+03,-127.166667
9161,9.16100000e+03,-127.166667
9162,9.16200000e+03,-128.833333
9163,9.16300000e+03,-128.833333
9164,9.16400000e+03,-130.583333
9165,9.16500000e+03,-130.583333
9166,9.16600000e+03,-132.375000
9167,9.16700000e+03,-132.375000
9168,9.16800000e+03,-133.916667
9169,9.16900000e+03,-133.916667
9170,9.17000000e+03,-135.708333
9171,9.17100000e+03,-135.708333
9172,9.17200000e+03,-137.125000
9173,9.17300000e+03,-137.125000
9174,9.17400000e+03,-138.791667
9175,9.17500000e+03,-138.791667
9176,9.17600000e+03,-140.500000
9177,9.17700000e+03,-140.500000
9178,9.17800000e+03,-142.041667
9179,9.17900000e+03,-142.041667
9180,9.18000000e+03,-143.666667
9181,9.18100000e+03,-143.666667
9182,9.18200000e+03,-145.125000
9183,9.18300000e+03,-145.125000
9184,9.18400000e+03,-146.583333
9185,9.18500000e+03,-146.583333
9186,9.18600000e+03,-148.125000
9187,9.18700000e+03,-148.125000
9188,9.18800000e+03,-149.541667
9189,9.18900000e+03,-149.541667
9190,9.19000000e+03,-151.125000
9191,9.19100000e+03,-151.125000
9192,9.19200000e+03,-152.500000
9193,9.19300000e+03,-152.500000
9194,9.19400000e+03,-153.916667
9195,9.19500000e+03,-153.916667
9196,9.19600000e+03,-155.166667
9197,9.19700000e+03,-155.166667
9198,9.19800000e+03,-156.625000
9199,9.19900000e+03,-156.625000
9200,9.20000000e+03,-157.875000
9201,9.20100000e+03,-157.875000
9202,9.20200000e+03,-159.125000
9203,9.20300000e+03,-159.125000
9204,9.20400000e+03,-160.416667
9205,9.20500000e+03,-160.416667
9206,9.20600000e+03,-161.791667
9207,9.20700000e+03,-161.791667
9208,9.20800000e+03,-162.791667
9209,9.20900000e+03,-162.791667
9210,9.21000000e+03,-164.000000
9211,9.21100000e+03,-164.000000
9212,9.21200000e+03,-165.250000
9213,9.21300000e+03,-165.250000
9214,9.21400000e+03,-166.416667
9215,9.21500000e+03,-166.416667
9216,9.21600000e+03,-167.500000
9217,9.21700000e+03,-167.500000
9218,9.21800000e+03,-168.625000
9219,9.21900000e+03,-168.625000
9220,9.22000000e+03,-169.708333
9221,9.22100000e+03,-169.708333
9222,9.22200000e+03,-170.708333
9223,9.22300000e+03,-170.708333
9224,9.22400000e+03,-171.833333
9225,9.22500000e+03,-171.833333
9226,9.22600000e+03,-172.958333
9227,9.22700000e+03,-172.958333
9228,9.22800000e+03,-173.833333
9229,9.22900000e+03,-173.833333
9230,9.23000000e+03,-175.083333
9231,9.23100000e+03,-175.083333
9232,9.23200000e+03,-175.958333
9233,9.23300000e+03,-175.958333
9234,9.23400000e+03,-176.916667
9235,9.23500000e+03,-176.916667
9236,9.23600000e+03,-177.875000
9237,9.23700000e+03,-177.875000
9238,9.23800000e+03,-178.916667
9239,9.23900000e+03,-178.916667
9240,9.24000000e+03,-179.958333
9241,9.24100000e+03,-179.958333
9242,9.24200000e+03,-180.833333
9243,9.24300000e+03,-180.833333
9244,9.24400000e+03,-181.916667
9245,9.24500000e+03,-181.916667
9246,9.24600000e+03,-182.750000
9247,9.24700000e+03,-182.750000
9248,9.24800000e+03,-183.875000
9249,9.24900000e+03,-183.875000
9250,9.25000000e+03,-184.916667
9251,9.25100000e+03,-184.916667
9252,9.25200000e+03,-185.875000
9253,9.25300000e+03,-185.875000
9254,9.25400000e+03,-186.833333
9255,9.25500000e+03,-186.833333
9256,9.25600000e+03,-187.833333
9257,9.25700000e+03,-187.833333
9258,9.25800000e+03,-188.791667
9259,9.25900000e+03,-188.791667
9260,9.26000000e+03,-189.791667
9261,9.26100000e+03,-189.791667
9262,9.26200000e+03,-190.833333
9263,9.26300000e+03,-190.833333
9264,9.26400000e+03,-191.875000
9265,9.26500000e+03,-191.875000
9266,9.26600000e+03,-192.916667
9267,9.26700000e+03,-192.916667
9268,9.26800000e+03,-194.000000
9269,9.26900000e+03,-194.000000
9270,9.27000000e+03,-194.958333
9271,9.27100000e+03,-194.958333
9272,9.27200000e+03,-196.125000
9273,9.27300000e+03,-196.125000
9274,9.27400000e+03,-197.208333
9275,9.27500000e+03,-197.208333
9276,9.27600000e+03,-198.041667
9277,9.27700000e+03,-198.041667
9278,9.27800000e+03,-199.166667
9279,9.27900000e+03,-199.166667
9280,9.28000000e+03,-200.166667
9281,9.28100000e+03,-200.166667
9282,9.28200000e+03,-201.333333
9283,9.28300000e+03,-201.333333
9284,9.28400000e+03,-202.375000
9285,9.28500000e+03,-202.375000
9286,9.28600000e+03,-203.500000
9287,9.28700000e+03,-203.500000
9288,9.28800000e+03,-204.541667
9289,9.28900000e+03,-204.541667
9290,9.29000000e+03,-205.541667
9291,9.29100000e+03,-205.541667
9292,9.29200000e+03,-206.583333
9293,9.29300000e+03,-206.583333
9294,9.29400000e+03,-207.750000
9295,9.29500000e+03,-207.750000
9296,9.29600000e+03,-208.791667
9297,9.29700000e+03,-208.791667
9298,9.29800000e+03,-209.833333
9299,9.29900000e+03,-209.833333
9300,9.30000000e+03,-210.958333
9301,9.30100000e+03,-210.958333
9302,9.30200000e+03,-211.916667
9303,9.30300000e+03,-211.916667
9304,9.30400000e+03,-213.041667
9305,9.30500000e+03,-213.041667
9306,9.30600000e+03,-214.125000
9307,9.30700000e+03,-214.125000
9308,9.30800000e+03,-215.083333
9309,9.30900000e+03,-215.083333
9310,9.31000000e+03,-215.833333
9311,9.31100000e+03,-215.833333
9312,9.31200000e+03,-216.958333
9313,9.31300000e+03,-216.958333
9314,9.31400000e+03,-217.750000
9315,9.31500000e+03,-217.750000
9316,9.31600000e+03,-218.750000
9317,9.31700000e+03,-218.750000
9318,9.31800000e+03,-219.625000
9319,9.31900000e+03,-219.625000
9320,9.32000000e+03,-220.458333
9321,9.32100000e+03,-220.458333
9322,9.32200000e+03,-221.375000
9323,9.32300000e+03,-221.375000
9324,9.32400000e+03,-222.125000
9325,9.32500000e+03,-222.125000
9326,9.32600000e+03,-222.958333
9327,9.32700000e+03,-222.958333
9328,9.32800000e+03,-223.666667
9329,9.32900000e+03,-223.666667
9330,9.33000000e+03,-224.416667
9331,9.33100000e+03,-224.416667
9332,9.33200000e+03,-225.291667
9333,9.33300000e+03,-225.291667
9334,9.33400000e+03,-225.833333
9335,9.33500000e+03,-225.833333
9336,9.33600000e+03,-226.458333
9337,9.33700000e+03,-226.458333
9338,9.33800000e+03,-227.166667
9339,9.33900000e+03,-227.166667
9340,9.34000000e+03,-227.666667
9341,9.34100000e+03,-227.666667
9342,9.34200000e+03,-228.291667
9343,9.34300000e+03,-228.291667
9344,9.34400000e+03,-228.875000
9345,9.34500000e+03,-228.875000
9346,9.34600000e+03,-229.250000
9347,9.34700000e+03,-229.250000
9348,9.34800000e+03,-229.833333
9349,9.34900000e+03,-229.833333
9350,9.35000000e+03,-230.208333
9351,9.35100000e+03,-230.208333
9352,9.35200000e+03,-230.833333
9353,9.35300000e+03,-230.833333
9354,9.35400000e+03,-231.083333
9355,9.35500000e+03,-231.083333
9356,9.35600000e+03,-231.500000
9357,9.35700000e+03,-231.500000
9358,9.35800000e+03,-231.708333
9359,9.35900000e+03,-231.708333
9360,9.36000000e+03,-232.125000
9361,9.36100000e+03,-232.125000
9362,9.36200000e+03,-232.458333
9363,9.36300000e+03,-232.458333
9364,9.36400000e+03,-232.791667
9365,9.36500000e+03,-232.791667
9366,9.36600000e+03,-233.083333
9367,9.36700000e+03,-233.083333
9368,9.36800000e+03,-233.166667
9369,9.36900000e+03,-233.166667
9370,9.37000000e+03,-233.416667
9371,9.37100000e+03,-233.416667
9372,9.37200000e+03,-233.750000
9373,9.37300000e+03,-233.750000
9374,9.37400000e+03,-233.791667
9375,9.37500000e+03,-233.791667
9376,9.37600000e+03,-233.958333
9377,9.37700000e+03,-233.958333
9378,9.37800000e+03,-233.958333
9379,9.37900000e+03,-233.958333
9380,9.38000000e+03,-234.083333
9381,9.38100000e+03,-234.083333
9382,9.38200000e+03,-234.333333
9383,9.38300000e+03,-234.333333
9384,9.38400000e+03,-234.250000
9385,9.38500000e+03,-234.250000
9386,9.38600000e+03,-234.541667
9387,9.38700000e+03,-234.541667
9388,9.38800000e+03,-234.416667
9389,9.38900000e+03,-234.416667
9390,9.39000000e+03,-234.541667
9391,9.39100000e+03,-234.541667
9392,9.39200000e+03,-234.625000
9393,9.39300000e+03,-234.625000
9394,9.39400000e+03,-234.666667
9395,9.39500000e+03,-234.666667
9396,9.39600000e+03,-234.583333
9397,9.39700000e+03,-234.583333
9398,9.39800000e+03,-234.541667
9399,9.39900000e+03,-234.541667
9400,9.40000000e+03,-234.500000
9401,9.40100000e+03,-234.500000
9402,9.40200000e+03,-234.458333
9403,9.40300000e+03,-234.458333
9404,9.40400000e+03,-234.458333
9405,9.40500000e+03,-234.458333
9406,9.40600000e+03,-234.458333
9407,9.40700000e+03,-234.458333
9408,9.40800000e+03,-234.208333
9409,9.40900000e+03,-234.208333
9410,9.41000000e+03,-234.125000
9411,9.41100000e+03,-234.125000
9412,9.41200000e+03,-234.041667
9413,9.41300000e+03,-234.041667
9414,9.41400000e+03,-233.875000
9415,9.41500000e+03,-233.875000
9416,9.41600000e+03,-233.625000
9417,9.41700000e+03,-233.625000
9418,9.41800000e+03,-233.666667
9419,9.41900000e+03,-233.666667
9420,9.42000000e+03,-233.583333
9421,9.42100000e+03,-233.583333
9422,9.42200000e+03,-233.291667
9423,9.42300000e+03,-233.291667
9424,9.42400000e+03,-233.166667
9425,9.42500000e+03,-233.166667
9426,9.42600000e+03,-232.875000
9427,9.42700000e+03,-232.875000
9428,9.42800000e+03,-232.666667
9429,9.42900000e+03,-232.666667
9430,9.43000000e+03,-232.541667
9431,9.43100000e+03,-232.541667
9432,9.43200000e+03,-232.125000
9433,9.43300000e+03,-232.125000
9434,9.43400000e+03,-231.958333
9435,9.43500000e+03,-231.958333
9436,9.43600000e+03,-231.541667
9437,9.43700000e+03,-231.541667
9438,9.43800000e+03,-231.291667
9439,9.43900000e+03,-231.291667
9440,9.44000000e+03,-231.041667
9441,9.44100000e+03,-231.041667
9442,9.44200000e+03,-230.625000
9443,9.44300000e+03,-230.625000
9444,9.44400000e+03,-230.333333
9445,9.44500000e+03,-230.333333
9446,9.44600000e+03,-229.875000
9447,9.44700000e+03,-229.875000
9448,9.44800000e+03,-229.458333
9449,9.44900000e+03,-229.458333
9450,9.45000000e+03,-229.000000
9451,9.45100000e+03,-229.000000
9452,9.45200000e+03,-228.541667
9453,9.45300000e+03,-228.541667
9454,9.45400000e+03,-228.000000
9455,9.45500000e+03,-228.000000
9456,9.45600000e+03,-227.458333
9457,9.45700000e+03,-227.458333
9458,9.45800000e+03,-226.958333
9459,9.45900000e+03,-226.958333
9460,9.46000000e+03,-226.416667
9461,9.46100000e+03,-226.416667
9462,9.46200000e+03,-225.666667
9463,9.46300000e+03,-225.666667
9464,9.46400000e+03,-225.083333
9465,9.46500000e+03,-225.083333
9466,9.46600000e+03,-224.500000
9467,9.46700000e+03,-224.500000
9468,9.46800000e+03,-223.750000
9469,9.46900000e+03,-223.750000
9470,9.47000000e+03,-223.041667
9471,9.47100000e+03,-223.041667
9472,9.47200000e+03,-222.208333
9473,9.47300000e+03,-222.208333
9474,9.47400000e+03,-221.541667
9475,9.47500000e+03,-221.541667
9476,9.47600000e+03,-220.750000
9477,9.47700000e+03,-220.750000
9478,9.47800000e+03,-219.833333
9479,9.47900000e+03,-219.833333
9480,9.48000000e+03,-219.000000
9481,9.48100000e+03,-219.000000
9482,9.48200000e+03,-218.083333
9483,9.48300000e+03,-218.083333
9484,9.48400000e+03,-217.166667
9485,9.48500000e+03,-217.166667
9486,9.48600000e+03,-216.291667
9487,9.48700000e+03,-216.291667
9488,9.48800000e+03,-215.333333
9489,9.48900000e+03,-215.333333
9490,9.49000000e+03,-214.375000
9491,9.49100000e+03,-214.375000
9492,9.49200000e+03,-213.375000
9493,9.49300000e+03,-213.375000
9494,9.49400000e+03,-212.375000
9495,9.49500000e+03,-212.375000
9496,9.49600000e+03,-211.375000
9497,9.49700000e+03,-211.375000
9498,9.49800000e+03,-210.166667
9499,9.49900000e+03,-210.166667
9500,9.50000000e+03,-209.208333
9501,9.50100000e+03,-209.208333
9502,9.50200000e+03,-208.083333
9503,9.50300000e+03,-208.083333
9504,9.50400000e+03,-207.083333
9505,9.50500000e+03,-207.083333
9506,9.50600000e+03,-205.875000
9507,9.50700000e+03,-205.875000
9508,9.50800000e+03,-204.708333
9509,9.50900000e+03,-204.708333
9510,9.51000000e+03,-203.833333
9511,9.51100000e+03,-203.833333
9512,9.51200000e+03,-202.625000
9513,9.51300000e+03,-202.625000
9514,9.51400000e+03,-201.541667
9515,9.51500000e+03,-201.541667
9516,9.51600000e+03,-200.541667
9517,9.51700000e+03,-200.541667
9518,9.51800000e+03,-199.416667
9519,9.51900000e+03,-199.416667
9520,9.52000000e+03,-198.250000
9521,9.52100000e+03,-198.250000
9522,9.52200000e+03,-197.166667
9523,9.52300000e+03,-197.166667
9524,9.52400000e+03,-196.041667
9525,9.52500000e+03,-196.041667
9526,9.52600000e+03,-194.958333
9527,9.52700000e+03,-194.958333
9528,9.52800000e+03,-193.875000
9529,9.52900000e+03,-193.875000
9530,9.53000000e+03,-192.833333
9531,9.53100000e+03,-192.833333
9532,9.53200000e+03,-191.708333
9533,9.53300000e+03,-191.708333
9534,9.53400000e+03,-190.666667
9535,9.53500000e+03,-190.666667
9536,9.53600000e+03,-189.666667
9537,9.53700000e+03,-189.666667
9538,9.53800000e+03,-188.625000
9539,9.53900000e+03,-188.625000
9540,9.54000000e+03,-187.625000
9541,9.54100000e+03,-187.625000
9542,9.54200000e+03,-186.375000
9543,9.54300000e+03,-186.375000
9544,9.54400000e+03,-185.500000
9545,9.54500000e+03,-185.500000
9546,9.54600000e+03,-184.416667
9547,9.54700000e+03,-184.416667
9548,9.54800000e+03,-183.458333
9549,9.54900000e+03,-183.458333
9550,9.55000000e+03,-182.416667
9551,9.55100000e+03,-182.416667
9552,9.55200000e+03,-181.416667
9553,9.55300000e+03,-181.416667
9554,9.55400000e+03,-180.416667
9555,9.55500000e+03,-180.416667
9556,9.55600000e+03,-179.375000
9557,9.55700000e+03,-179.375000
9558,9.55800000e+03,-178.375000
9559,9.55900000e+03,-178.375000
9560,9.56000000e+03,-177.333333
9561,9.56100000e+03,-177.333333
9562,9.56200000e+03,-176.291667
9563,9.56300000e+03,-176.291667
9564,9.56400000e+03,-175.416667
9565,9.56500000e+03,-175.416667
9566,9.56600000e+03,-174.333333
9567,9.56700000e+03,-174.333333
9568,9.56800000e+03,-173.416667
9569,9.56900000e+03,-173.416667
9570,9.57000000e+03,-172.333333
9571,9.57100000e+03,-172.333333
9572,9.57200000e+03,-171.416667
9573,9.57300000e+03,-171.416667
9574,9.57400000e+03,-170.291667
9575,9.57500000e+03,-170.291667
9576,9.57600000e+03,-169.291667
9577,9.57700000e+03,-169.291667
9578,9.57800000e+03,-168.083333
9579,9.57900000e+03,-168.083333
9580,9.58000000e+03,-167.125000
9581,9.58100000e+03,-167.125000
9582,9.58200000e+03,-166.000000
9583,9.58300000e+03,-166.000000
9584,9.58400000e+03,-164.875000
9585,9.58500000e+03,-164.875000
9586,9.58600000e+03,-163.708333
9587,9.58700000e+03,-163.708333
9588,9.58800000e+03,-162.541667
9589,9.58900000e+03,-162.541667
9590,9.59000000e+03,-161.416667
9591,9.59100000e+03,-161.416667
9592,9.59200000e+03,-160.125000
9593,9.59300000e+03,-160.125000
9594,9.59400000e+03,-159.083333
9595,9.59500000e+03,-159.083333
9596,9.59600000e+03,-157.666667
9597,9.59700000e+03,-157.666667
9598,9.59800000e+03,-156.500000
9599,9.59900000e+03,-156.500000
9600,9.60000000e+03,-155.166667
9601,9.60100000e+03,-155.166667
9602,9.60200000e+03,-153.750000
9603,9.60300000e+03,-153.750000
9604,9.60400000e+03,-152.500000
9605,9.60500000e+03,-152.500000
9606,9.60600000e+03,-151.166667
9607,9.60700000e+03,-151.166667
9608,9.60800000e+03,-149.666667
9609,9.60900000e+03,-149.666667
9610,9.61000000e+03,-148.166667
9611,9.61100000e+03,-148.166667
9612,9.61200000e+03,-146.916667
9613,9.61300000e+03,-146.916667
9614,9.61400000e+03,-145.333333
9615,9.61500000e+03,-145.333333
9616,9.61600000e+03,-143.791667
9617,9.61700000e+03,-143.791667
9618,9.61800000e+03,-142.208333
9619,9.61900000e+03,-142.208333
9620,9.62000000e+03,-140.625000
9621,9.62100000e+03,-140.625000
9622,9.62200000e+03,-139.041667
9623,9.62300000e+03,-139.041667
9624,9.62400000e+03,-137.458333
9625,9.62500000e+03,-137.458333
9626,9.62600000e+03,-135.833333
9627,9.62700000e+03,-135.833333
9628,9.62800000e+03,-134.083333
9629,9.62900000e+03,-134.083333
9630,9.63000000e+03,-132.541667
9631,9.63100000e+03,-132.541667
9632,9.63200000e+03,-130.708333
9633,9.63300000e+03,-130.708333
9634,9.63400000e+03,-129.041667
9635,9.63500000e+03,-129.041667
9636,9.63600000e+03,-127.208333
9637,9.63700000e+03,-127.208333
9638,9.63800000e+03,-125.541667
9639,9.63900000e+03,-125.541667
9640,9.64000000e+03,-123.666667
9641,9.64100000e+03,-123.666667
9642,9.64200000e+03,-121.958333
9643,9.64300000e+03,-121.958333
9644,9.64400000e+03,-120.125000
9645,9.64500000e+03,-120.125000
9646,9.64600000e+03,-118.208333
9647,9.64700000e+03,-118.208333
9648,9.64800000e+03,-116.416667
9649,9.64900000e+03,-116.416667
9650,9.65000000e+03,-114.625000
9651,9.65100000e+03,-114.625000
9652,9.65200000e+03,-112.791667
9653,9.65300000e+03,-112.791667
9654,9.65400000e+03,-110.958333
9655,9.65500000e+03,-110.958333
9656,9.65600000e+03,-109.125000
9657,9.65700000e+03,-109.125000
9658,9.65800000e+03,-107.333333
9659,9.65900000e+03,-107.333333
9660,9.66000000e+03,-105.458333
9661,9.66100000e+03,-105.458333
9662,9.66200000e+03,-103.583333
9663,9.66300000e+03,-103.583333
9664,9.66400000e+03,-101.750000
9665,9.66500000e+03,-101.750000
9666,9.66600000e+03,-100.000000
9667,9.66700000e+03,-100.000000
9668,9.66800000e+03,-98.208333
9669,9.66900000e+03,-98.208333
9670,9.67000000e+03,-96.250000
9671,9.67100000e+03,-96.250000
9672,9.67200000e+03,-94.458333
9673,9.67300000e+03,-94.458333
9674,9.67400000e+03,-92.625000
9675,9.67500000e+03,-92.625000
9676,9.67600000e+03,-90.875000
9677,9.67700000e+03,-90.875000
9678,9.67800000e+03,-89.250000
9679,9.67900000e+03,-89.250000
9680,9.68000000e+03,-87.416667
9681,9.68100000e+03,-87.416667
9682,9.68200000e+03,-85.458333
9683,9.68300000e+03,-85.458333
9684,9.68400000e+03,-83.833333
9685,9.68500000e+03,-83.833333
9686,9.68600000e+03,-81.916667
9687,9.68700000e+03,-81.916667
9688,9.68800000e+03,-80.208333
9689,9.68900000e+03,-80.208333
9690,9.69000000e+03,-78.583333
9691,9.69100000e+03,-78.583333
9692,9.69200000e+03,-76.833333
9693,9.69300000e+03,-76.833333
9694,9.69400000e+03,-75.041667
9695,9.69500000e+03,-75.041667
9696,9.69600000e+03,-73.250000
9697,9.69700000e+03,-73.250000
9698,9.69800000e+03,-71.500000
9699,9.69900000e+03,-71.500000
9700,9.70000000e+03,-69.666667
9701,9.70100000e+03,-69.666667
9702,9.70200000e+03,-67.916667
9703,9.70300000e+03,-67.916667
9704,9.70400000e+03,-66.416667
9705,9.70500000e+03,-66.416667
9706,9.70600000e+03,-64.666667
9707,9.70700000e+03,-64.666667
9708,9.70800000e+03,-62.791667
9709,9.70900000e+03,-62.791667
9710,9.71000000e+03,-61.083333
9711,9.71100000e+03,-61.083333
9712,9.71200000e+03,-59.166667
9713,9.71300000e+03,-59.166667
9714,9.71400000e+03,-57.500000
9715,9.71500000e+03,-57.500000
9716,9.71600000e+03,-55.750000
9717,9.71700000e+03,-55.750000
9718,9.71800000e+03,-54.000000
9719,9.71900000e+03,-54.000000
9720,9.72000000e+03,-52.166667
9721,9.72100000e+03,-52.166667
9722,9.72200000e+03,-50.291667
9723,9.72300000e+03,-50.291667
9724,9.72400000e+03,-48.458333
9725,9.72500000e+03,-48.458333
9726,9.72600000e+03,-46.541667
9727,9.72700000e+03,-46.541667
9728,9.72800000e+03,-44.708333
9729,9.72900000e+03,-44.708333
9730,9.73000000e+03,-42.791667
9731,9.73100000e+03,-42.791667
9732,9.73200000e+03,-40.958333
9733,9.73300000e+03,-40.958333
9734,9.73400000e+03,-38.916667
9735,9.73500000e+03,-38.916667
9736,9.73600000e+03,-37.041667
9737,9.73700000e+03,-37.041667
9738,9.73800000e+03,-35.041667
9739,9.73900000e+03,-35.041667
9740,9.74000000e+03,-33.041667
9741,9.74100000e+03,-33.041667
9742,9.74200000e+03,-31.083333
9743,9.74300000e+03,-31.083333
9744,9.74400000e+03,-29.041667
9745,9.74500000e+03,-29.041667
9746,9.74600000e+03,-27.000000
9747,9.74700000e+03,-27.000000
9748,9.74800000e+03,-24.916667
9749,9.74900000e+03,-24.916667
9750,9.75000000e+03,-22.958333
9751,9.75100000e+03,-22.958333
9752,9.75200000e+03,-20.833333
9753,9.75300000e+03,-20.833333
9754,9.75400000e+03,-18.875000
9755,9.75500000e+03,-18.875000
9756,9.75600000e+03,-16.708333
9757,9.75700000e+03,-16.708333
9758,9.75800000e+03,-14.750000
9759,9.75900000e+03,-14.750000
9760,9.76000000e+03,-12.458333
9761,9.76100000e+03,-12.458333
9762,9.76200000e+03,-10.291667
9763,9.76300000e+03,-10.291667
9764,9.76400000e+03,-8.208333
9765,9.76500000e+03,-8.208333
9766,9.76600000e+03,-6.041667
9767,9.76700000e+03,-6.041667
9768,9.76800000e+03,-3.916667
9769,9.76900000e+03,-3.916667
9770,9.77000000e+03,-1.791667
9771,9.77100000e+03,-1.791667
9772,9.77200000e+03,0.416667
9773,9.77300000e+03,0.416667
9774,9.77400000e+03,2.375000
9775,9.77500000e+03,2.375000
9776,9.77600000e+03,4.625000
9777,9.77700000e+03,4.625000
9778,9.77800000e+03,6.791667
9779,9.77900000e+03,6.791667
9780,9.78000000e+03,9.000000
9781,9.78100000e+03,9.000000
9782,9.78200000e+03,11.041667
9783,9.78300000e+03,11.041667
9784,9.78400000e+03,13.166667
9785,9.78500000e+03,13.166667
9786,9.78600000e+03,15.291667
9787,9.78700000e+03,15.291667
9788,9.78800000e+03,17.416667
9789,9.78900000e+03,17.416667
9790,9.79000000e+03,19.416667
9791,9.79100000e+03,19.416667
9792,9.79200000e+03,21.541667
9793,9.79300000e+03,21.541667
9794,9.79400000e+03,23.708333
9795,9.79500000e+03,23.708333
9796,9.79600000e+03,25.833333
9797,9.79700000e+03,25.833333
9798,9.79800000e+03,27.916667
9799,9.79900000e+03,27.916667
9800,9.80000000e+03,29.916667
9801,9.80100000e+03,29.916667
9802,9.80200000e+03,31.916667
9803,9.80300000e+03,31.916667
9804,9.80400000e+03,33.916667
9805,9.80500000e+03,33.916667
9806,9.80600000e+03,35.916667
9807,9.80700000e+03,35.916667
9808,9.80800000e+03,38.166667
9809,9.80900000e+03,38.166667
9810,9.81000000e+03,39.916667
9811,9.81100000e+03,39.916667
9812,9.81200000e+03,41.916667
9813,9.81300000e+03,41.916667
9814,9.81400000e+03,43.916667
9815,9.81500000e+03,43.916667
9816,9.81600000e+03,45.750000
9817,9.81700000e+03,45.750000
9818,9.81800000e+03,47.666667
9819,9.81900000e+03,47.666667
9820,9.82000000e+03,49.583333
9821,9.82100000e+03,49.583333
9822,9.82200000e+03,51.375000
9823,9.82300000e+03,51.375000
9824,9.82400000e+03,53.166667
9825,9.82500000e+03,53.166667
9826,9.82600000e+03,55.000000
9827,9.82700000e+03,55.000000
9828,9.82800000e+03,56.916667
9829,9.82900000e+03,56.916667
9830,9.83000000e+03,58.625000
9831,9.83100000e+03,58.625000
9832,9.83200000e+03,60.416667
9833,9.83300000e+03,60.416667
9834,9.83400000e+03,62.166667
9835,9.83500000e+03,62.166667
9836,9.83600000e+03,63.916667
9837,9.83700000e+03,63.916667
9838,9.83800000e+03,65.666667
9839,9.83900000e+03,65.666667
9840,9.84000000e+03,67.375000
9841,9.84100000e+03,67.375000
9842,9.84200000e+03,69.166667
9843,9.84300000e+03,69.166667
9844,9.84400000e+03,70.958333
9845,9.84500000e+03,70.958333
9846,9.84600000e+03,72.583333
9847,9.84700000e+03,72.583333
9848,9.84800000e+03,74.541667
9849,9.84900000e+03,74.541667
9850,9.85000000e+03,76.166667
9851,9.85100000e+03,76.166667
9852,9.85200000e+03,77.875000
9853,9.85300000e+03,77.875000
9854,9.85400000e+03,79.666667
9855,9.85500000e+03,79.666667
9856,9.85600000e+03,81.458333
9857,9.85700000e+03,81.458333
9858,9.85800000e+03,83.083333
9859,9.85900000e+03,83.083333
9860,9.86000000e+03,84.958333
9861,9.86100000e+03,84.958333
9862,9.86200000e+03,86.625000
9863,9.86300000e+03,86.625000
9864,9.86400000e+03,88.375000
9865,9.86500000e+03,88.375000
9866,9.86600000e+03,90.208333
9867,9.86700000e+03,90.208333
9868,9.86800000e+03,91.958333
9869,9.86900000e+03,91.958333
9870,9.87000000e+03,93.791667
9871,9.87100000e+03,93.791667
9872,9.87200000e+03,95.666667
9873,9.87300000e+03,95.666667
9874,9.87400000e+03,97.166667
9875,9.87500000e+03,97.166667
9876,9.87600000e+03,99.083333
9877,9.87700000e+03,99.083333
9878,9.87800000e+03,101.083333
9879,9.87900000e+03,101.083333
9880,9.88000000e+03,102.791667
9881,9.88100000e+03,102.791667
9882,9.88200000e+03,104.458333
9883,9.88300000e+03,104.458333
9884,9.88400000e+03,106.291667
9885,9.88500000e+03,106.291667
9886,9.88600000e+03,108.125000
9887,9.88700000e+03,108.125000
9888,9.88800000e+03,109.958333
9889,9.88900000e+03,109.958333
9890,9.89000000e+03,111.750000
9891,9.89100000e+03,111.750000
9892,9.89200000e+03,113.500000
9893,9.89300000e+03,113.500000
9894,9.89400000e+03,115.166667
9895,9.89500000e+03,115.166667
9896,9.89600000e+03,117.125000
9897,9.89700000e+03,117.125000
9898,9.89800000e+03,118.875000
9899,9.89900000e+03,118.875000
9900,9.90000000e+03,120.541667
9901,9.90100000e+03,120.541667
9902,9.90200000e+03,122.333333
9903,9.90300000e+03,122.333333
9904,9.90400000e+03,124.125000
9905,9.90500000e+03,124.125000
9906,9.90600000e+03,126.000000
9907,9.90700000e+03,126.000000
9908,9.90800000e+03,127.583333
9909,9.90900000e+03,127.583333
9910,9.91000000e+03,129.416667
9911,9.91100000e+03,129.416667
9912,9.91200000e+03,131.000000
9913,9.91300000e+03,131.000000
9914,9.91400000e+03,132.791667
9915,9.91500000e+03,132.791667
9916,9.91600000e+03,134.416667
9917,9.91700000e+03,134.416667
9918,9.91800000e+03,136.083333
9919,9.91900000e+03,136.083333
9920,9.92000000e+03,137.791667
9921,9.92100000e+03,137.791667
9922,9.92200000e+03,139.416667
9923,9.92300000e+03,139.416667
9924,9.92400000e+03,141.083333
9925,9.92500000e+03,141.083333
9926,9.92600000e+03,142.583333
9927,9.92700000e+03,142.583333
9928,9.92800000e+03,144.250000
9929,9.92900000e+03,144.250000
9930,9.93000000e+03,145.791667
9931,9.93100000e+03,145.791667
9932,9.93200000e+03,147.375000
9933,9.93300000e+03,147.375000
9934,9.93400000e+03,148.833333
9935,9.93500000e+03,148.833333
9936,9.93600000e+03,150.166667
9937,9.93700000e+03,150.166667
9938,9.93800000e+03,151.583333
9939,9.93900000e+03,151.583333
9940,9.94000000e+03,153.000000
9941,9.94100000e+03,153.000000
9942,9.94200000e+03,154.458333
9943,9.94300000e+03,154.458333
9944,9.94400000e+03,155.833333
9945,9.94500000e+03,155.833333
9946,9.94600000e+03,156.958333
9947,9.94700000e+03,156.958333
9948,9.94800000e+03,158.500000
9949,9.94900000e+03,158.500000
9950,9.95000000e+03,159.625000
9951,9.95100000e+03,159.625000
9952,9.95200000e+03,160.791667
9953,9.95300000e+03,160.791667
9954,9.95400000e+03,162.166667
9955,9.95500000e+03,162.166667
9956,9.95600000e+03,163.375000
9957,9.95700000e+03,163.375000
9958,9.95800000e+03,164.625000
9959,9.95900000e+03,164.625000
9960,9.96000000e+03,165.625000
9961,9.96100000e+03,165.625000
9962,9.96200000e+03,166.875000
9963,9.96300000e+03,166.875000
9964,9.96400000e+03,167.958333
9965,9.96500000e+03,167.958333
9966,9.96600000e+03,168.875000
9967,9.96700000e+03,168.875000
9968,9.96800000e+03,170.000000
9969,9.96900000e+03,170.000000
9970,9.97000000e+03,171.166667
9971,9.97100000e+03,171.166667
9972,9.97200000e+03,172.291667
9973,9.97300000e+03,172.291667
9974,9.97400000e+03,173.041667
9975,9.97500000e+03,173.041667
9976,9.97600000e+03,174.291667
9977,9.97700000e+03,174.291667
9978,9.97800000e+03,175.250000
9979,9.97900000e+03,175.250000
9980,9.98000000e+03,176.416667
9981,9.98100000e+03,176.416667
9982,9.98200000e+03,177.333333
9983,9.98300000e+03,177.333333
9984,9.98400000e+03,178.208333
9985,9.98500000e+03,178.208333
9986,9.98600000e+03,179.375000
9987,9.98700000e+03,179.375000
9988,9.98800000e+03,180.291667
9989,9.98900000e+03,180.291667
9990,9.99000000e+03,181.333333
9991,9.99100000e+03,181.333333
9992,9.99200000e+03,182.375000
9993,9.99300000e+03,182.375000
9994,9.99400000e+03,183.208333
9995,9.99500000e+03,183.208333
9996,9.99600000e+03,184.250000
9997,9.99700000e+03,184.250000
9998,9.99800000e+03,185.333333
9999,9.99900000e+03,185.333333
10000,1.00000000e+04,186.208333
10001,1.00010000e+04,186.208333
10002,1.00020000e+04,187.291667
10003,1.00030000e+04,187.291667
10004,1.00040000e+04,188.208333
10005,1.00050000e+04,188.208333
10006,1.00060000e+04,189.166667
10007,1.00070000e+04,189.166667
10008,1.00080000e+04,190.208333
10009,1.00090000e+04,190.208333
10010,1.00100000e+04,191.208333
10011,1.00110000e+04,191.208333
10012,1.00120000e+04,192.208333
10013,1.00130000e+04,192.208333
10014,1.00140000e+04,193.208333
10015,1.00150000e+04,193.208333
10016,1.00160000e+04,194.333333
10017,1.00170000e+04,194.333333
10018,1.00180000e+04,195.333333
10019,1.00190000e+04,195.333333
10020,1.00200000e+04,196.416667
10021,1.00210000e+04,196.416667
10022,1.00220000e+04,197.375000
10023,1.00230000e+04,197.375000
10024,1.00240000e+04,198.458333
10025,1.00250000e+04,198.458333
10026,1.00260000e+04,199.625000
10027,1.00270000e+04,199.625000
10028,1.00280000e+04,200.708333
10029,1.00290000e+04,200.708333
10030,1.00300000e+04,201.625000
10031,1.00310000e+04,201.625000
10032,1.00320000e+04,202.625000
10033,1.00330000e+04,202.625000
10034,1.00340000e+04,203.833333
10035,1.00350000e+04,203.833333
10036,1.00360000e+04,204.875000
10037,1.00370000e+04,204.875000
10038,1.00380000e+04,206.000000
10039,1.00390000e+04,206.000000
10040,1.00400000e+04,206.916667
10041,1.00410000e+04,206.916667
10042,1.00420000e+04,208.000000
10043,1.00430000e+04,208.000000
10044,1.00440000e+04,209.041667
10045,1.00450000e+04,209.041667
10046,1.00460000e+04,210.333333
10047,1.00470000e+04,210.333333
10048,1.00480000e+04,211.416667
10049,1.00490000e+04,211.416667
10050,1.00500000e+04,212.291667
10051,1.00510000e+04,212.291667
10052,1.00520000e+04,213.416667
10053,1.00530000e+04,213.416667
10054,1.00540000e+04,214.416667
10055,1.00550000e+04,214.416667
10056,1.00560000e+04,215.291667
10057,1.00570000e+04,215.291667
10058,1.00580000e+04,216.416667
10059,1.00590000e+04,216.416667
10060,1.00600000e+04,217.291667
10061,1.00610000e+04,217.291667
10062,1.00620000e+04,218.291667
10063,1.00630000e+04,218.291667
10064,1.00640000e+04,219.125000
10065,1.00650000e+04,219.125000
10066,1.00660000e+04,220.041667
10067,1.00670000e+04,220.041667
10068,1.00680000e+04,221.000000
10069,1.00690000e+04,221.000000
10070,1.00700000e+04,221.750000
10071,1.00710000e+04,221.750000
10072,1.00720000e+04,222.583333
10073,1.00730000e+04,222.583333
10074,1.00740000e+04,223.208333
10075,1.00750000e+04,223.208333
10076,1.00760000e+04,224.083333
10077,1.00770000e+04,224.083333
10078,1.00780000e+04,224.750000
10079,1.00790000e+04,224.750000
10080,1.00800000e+04,225.458333
10081,1.00810000e+04,225.458333
10082,1.00820000e+04,226.250000
10083,1.00830000e+04,226.250000
10084,1.00840000e+04,226.875000
10085,1.00850000e+04,226.875000
10086,1.00860000e+04,227.541667
10087,1.00870000e+04,227.541667
10088,1.00880000e+04,228.083333
10089,1.00890000e+04,228.083333
10090,1.00900000e+04,228.625000
10091,1.00910000e+04,228.625000
10092,1.00920000e+04,229.250000
10093,1.00930000e+04,229.250000
10094,1.00940000e+04,229.583333
10095,1.00950000e+04,229.583333
10096,1.00960000e+04,230.208333
10097,1.00970000e+04,230.208333
10098,1.00980000e+04,230.541667
10099,1.00990000e+04,230.541667
10100,1.01000000e+04,230.958333
10101,1.01010000e+04,230.958333
10102,1.01020000e+04,231.458333
10103,1.01030000e+04,231.458333
10104,1.01040000e+04,231.666667
10105,1.01050000e+04,231.666667
10106,1.01060000e+04,232.083333
10107,1.01070000e+04,232.083333
10108,1.01080000e+04,232.416667
10109,1.01090000e+04,232.416667
10110,1.01100000e+04,232.791667
10111,1.01110000e+04,232.791667
10112,1.01120000e+04,233.166667
10113,1.01130000e+04,233.166667
10114,1.01140000e+04,233.291667
10115,1.01150000e+04,233.291667
10116,1.01160000e+04,233.500000
10117,1.01170000e+04,233.500000
10118,1.01180000e+04,233.750000
10119,1.01190000e+04,233.750000
10120,1.01200000e+04,233.958333
10121,1.01210000e+04,233.958333
10122,1.01220000e+04,234.041667
10123,1.01230000e+04,234.041667
10124,1.01240000e+04,234.208333
10125,1.01250000e+04,234.208333
10126,1.01260000e+04,234.375000
10127,1.01270000e+04,234.375000
10128,1.01280000e+04,234.375000
10129,1.01290000e+04,234.375000
10130,1.01300000e+04,234.666667
10131,1.01310000e+04,234.666667
10132,1.01320000e+04,234.541667
10133,1.01330000e+04,234.541667
10134,1.01340000e+04,234.583333
10135,1.01350000e+04,234.583333
10136,1.01360000e+04,234.666667
10137,1.01370000e+04,234.666667
10138,1.01380000e+04,234.666667
10139,1.01390000e+04,234.666667
10140,1.01400000e+04,234.708333
10141,1.01410000e+04,234.708333
10142,1.01420000e+04,234.666667
10143,1.01430000e+04,234.666667
10144,1.01440000e+04,234.708333
10145,1.01450000e+04,234.708333
10146,1.01460000e+04,234.625000
10147,1.01470000e+04,234.625000
10148,1.01480000e+04,234.625000
10149,1.01490000e+04,234.625000
10150,1.01500000e+04,234.708333
10151,1.01510000e+04,234.708333
10152,1.01520000e+04,234.541667
10153,1.01530000e+04,234.541667
10154,1.01540000e+04,234.500000
10155,1.01550000e+04,234.500000
10156,1.01560000e+04,234.416667
10157,1.01570000e+04,234.416667
10158,1.01580000e+04,234.250000
10159,1.01590000e+04,234.250000
10160,1.01600000e+04,234.166667
10161,1.01610000e+04,234.166667
10162,1.01620000e+04,234.125000
10163,1.01630000e+04,234.125000
10164,1.01640000e+04,233.916667
10165,1.01650000e+04,233.916667
10166,1.01660000e+04,233.791667
10167,1.01670000e+04,233.791667
10168,1.01680000e+04,233.583333
10169,1.01690000e+04,233.583333
10170,1.01700000e+04,233.500000
10171,1.01710000e+04,233.500000
10172,1.01720000e+04,233.291667
10173,1.01730000e+04,233.291667
10174,1.01740000e+04,233.166667
10175,1.01750000e+04,233.166667
10176,1.01760000e+04,232.916667
10177,1.01770000e+04,232.916667
10178,1.01780000e+04,232.625000
10179,1.01790000e+04,232.625000
10180,1.01800000e+04,232.583333
10181,1.01810000e+04,232.583333
10182,1.01820000e+04,232.083333
10183,1.01830000e+04,232.083333
10184,1.01840000e+04,231.875000
10185,1.01850000e+04,231.875000
10186,1.01860000e+04,231.541667
10187,1.01870000e+04,231.541667
10188,1.01880000e+04,231.041667
10189,1.01890000e+04,231.041667
10190,1.01900000e+04,230.833333
10191,1.01910000e+04,230.833333
10192,1.01920000e+04,230.458333
10193,1.01930000e+04,230.458333
10194,1.01940000e+04,230.000000
10195,1.01950000e+04,230.000000
10196,1.01960000e+04,229.583333
10197,1.01970000e+04,229.583333
10198,1.01980000e+04,229.041667
10199,1.01990000e+04,229.041667
10200,1.02000000e+04,228.625000
10201,1.02010000e+04,228.625000
10202,1.02020000e+04,228.208333
10203,1.02030000e+04,228.208333
10204,1.02040000e+04,227.666667
10205,1.02050000e+04,227.666667
10206,1.02060000e+04,227.083333
10207,1.02070000e+04,227.083333
10208,1.02080000e+04,226.541667
10209,1.02090000e+04,226.541667
10210,1.02100000e+04,225.958333
10211,1.02110000e+04,225.958333
10212,1.02120000e+04,225.166667
10213,1.02130000e+04,225.166667
10214,1.02140000e+04,224.625000
10215,1.02150000e+04,224.625000
10216,1.02160000e+04,223.791667
10217,1.02170000e+04,223.791667
10218,1.02180000e+04,223.000000
10219,1.02190000e+04,223.000000
10220,1.02200000e+04,222.208333
10221,1.02210000e+04,222.208333
10222,1.02220000e+04,221.583333
10223,1.02230000e+04,221.583333
10224,1.02240000e+04,220.708333
10225,1.02250000e+04,220.708333
10226,1.02260000e+04,219.791667
10227,1.02270000e+04,219.791667
10228,1.02280000e+04,219.125000
10229,1.02290000e+04,219.125000
10230,1.02300000e+04,218.125000
10231,1.02310000e+04,218.125000
10232,1.02320000e+04,217.166667
10233,1.02330000e+04,217.166667
10234,1.02340000e+04,216.208333
10235,1.02350000e+04,216.208333
10236,1.02360000e+04,215.333333
10237,1.02370000e+04,215.333333
10238,1.02380000e+04,214.291667
10239,1.02390000e+04,214.291667
10240,1.02400000e+04,213.375000
10241,1.02410000e+04,213.375000
10242,1.02420000e+04,212.291667
10243,1.02430000e+04,212.291667
10244,1.02440000e+04,211.333333
10245,1.02450000e+04,211.333333
10246,1.02460000e+04,210.125000
10247,1.02470000e+04,210.125000
10248,1.02480000e+04,209.083333
10249,1.02490000e+04,209.083333
10250,1.02500000e+04,208.041667
10251,1.02510000e+04,208.041667
10252,1.02520000e+04,207.041667
10253,1.02530000e+04,207.041667
10254,1.02540000e+04,206.000000
10255,1.02550000e+04,206.000000
10256,1.02560000e+04,204.791667
10257,1.02570000e+04,204.791667
10258,1.02580000e+04,203.750000
10259,1.02590000e+04,203.750000
10260,1.02600000e+04,202.583333
10261,1.02610000e+04,202.583333
10262,1.02620000e+04,201.500000
10263,1.02630000e+04,201.500000
10264,1.02640000e+04,200.458333
10265,1.02650000e+04,200.458333
10266,1.02660000e+04,199.375000
10267,1.02670000e+04,199.375000
10268,1.02680000e+04,198.291667
10269,1.02690000e+04,198.291667
10270,1.02700000e+04,197.083333
10271,1.02710000e+04,197.083333
10272,1.02720000e+04,195.916667
10273,1.02730000e+04,195.916667
10274,1.02740000e+04,194.958333
10275,1.02750000e+04,194.958333
10276,1.02760000e+04,193.791667
10277,1.02770000e+04,193.791667
10278,1.02780000e+04,192.708333
10279,1.02790000e+04,192.708333
10280,1.02800000e+04,191.666667
10281,1.02810000e+04,191.666667
10282,1.02820000e+04,190.583333
10283,1.02830000e+04,190.583333
10284,1.02840000e+04,189.500000
10285,1.02850000e+04,189.500000
10286,1.02860000e+04,188.500000
10287,1.02870000e+04,188.500000
10288,1.02880000e+04,187.458333
10289,1.02890000e+04,187.458333
10290,1.02900000e+04,186.375000
10291,1.02910000e+04,186.375000
10292,1.02920000e+04,185.333333
10293,1.02930000e+04,185.333333
10294,1.02940000e+04,184.375000
10295,1.02950000e+04,184.375000
10296,1.02960000e+04,183.333333
10297,1.02970000e+04,183.333333
10298,1.02980000e+04,182.375000
10299,1.02990000e+04,182.375000
10300,1.03000000e+04,181.333333
10301,1.03010000e+04,181.333333
10302,1.03020000e+04,180.333333
10303,1.03030000e+04,180.333333
10304,1.03040000e+04,179.375000
10305,1.03050000e+04,179.375000
10306,1.03060000e+04,178.416667
10307,1.03070000e+04,178.416667
10308,1.03080000e+04,177.416667
10309,1.03090000e+04,177.416667
10310,1.03100000e+04,176.458333
10311,1.03110000e+04,176.458333
10312,1.03120000e+04,175.375000
10313,1.03130000e+04,175.375000
10314,1.03140000e+04,174.416667
10315,1.03150000e+04,174.416667
10316,1.03160000e+04,173.333333
10317,1.03170000e+04,173.333333
10318,1.03180000e+04,172.333333
10319,1.03190000e+04,172.333333
10320,1.03200000e+04,171.333333
10321,1.03210000e+04,171.333333
10322,1.03220000e+04,170.333333
10323,1.03230000e+04,170.333333
10324,1.03240000e+04,169.291667
10325,1.03250000e+04,169.291667
10326,1.03260000e+04,168.083333
10327,1.03270000e+04,168.083333
10328,1.03280000e+04,167.083333
10329,1.03290000e+04,167.083333
10330,1.03300000e+04,165.958333
10331,1.03310000e+04,165.958333
10332,1.03320000e+04,165.000000
10333,1.03330000e+04,165.000000
10334,1.03340000e+04,163.750000
10335,1.03350000e+04,163.750000
10336,1.03360000e+04,162.500000
10337,1.03370000e+04,162.500000
10338,1.03380000e+04,161.416667
10339,1.03390000e+04,161.416667
10340,1.03400000e+04,160.291667
10341,1.03410000e+04,160.291667
10342,1.03420000e+04,158.833333
10343,1.03430000e+04,158.833333
10344,1.03440000e+04,157.666667
10345,1.03450000e+04,157.666667
10346,1.03460000e+04,156.500000
10347,1.03470000e+04,156.500000
10348,1.03480000e+04,155.041667
10349,1.03490000e+04,155.041667
10350,1.03500000e+04,153.625000
10351,1.03510000e+04,153.625000
10352,1.03520000e+04,152.333333
10353,1.03530000e+04,152.333333
10354,1.03540000e+04,151.000000
10355,1.03550000e+04,151.000000
10356,1.03560000e+04,149.541667
10357,1.03570000e+04,149.541667
10358,1.03580000e+04,148.083333
10359,1.03590000e+04,148.083333
10360,1.03600000e+04,146.625000
10361,1.03610000e+04,146.625000
10362,1.03620000e+04,145.125000
10363,1.03630000e+04,145.125000
10364,1.03640000e+04,143.666667
10365,1.03650000e+04,143.666667
10366,1.03660000e+04,142.166667
10367,1.03670000e+04,142.166667
10368,1.03680000e+04,140.583333
10369,1.03690000e+04,140.583333
10370,1.03700000e+04,138.958333
10371,1.03710000e+04,138.958333
10372,1.03720000e+04,137.333333
10373,1.03730000e+04,137.333333
10374,1.03740000e+04,135.666667
10375,1.03750000e+04,135.666667
10376,1.03760000e+04,133.916667
10377,1.03770000e+04,133.916667
10378,1.03780000e+04,132.333333
10379,1.03790000e+04,132.333333
10380,1.03800000e+04,130.500000
10381,1.03810000e+04,130.500000
10382,1.03820000e+04,128.791667
10383,1.03830000e+04,128.791667
10384,1.03840000e+04,126.958333
10385,1.03850000e+04,126.958333
10386,1.03860000e+04,125.250000
10387,1.03870000e+04,125.250000
10388,1.03880000e+04,123.458333
10389,1.03890000e+04,123.458333
10390,1.03900000e+04,121.583333
10391,1.03910000e+04,121.583333
10392,1.03920000e+04,119.916667
10393,1.03930000e+04,119.916667
10394,1.03940000e+04,118.166667
10395,1.03950000e+04,118.166667
10396,1.03960000e+04,116.250000
10397,1.03970000e+04,116.250000
10398,1.03980000e+04,114.416667
10399,1.03990000e+04,114.416667
10400,1.04000000e+04,112.625000
10401,1.04010000e+04,112.625000
10402,1.04020000e+04,110.750000
10403,1.04030000e+04,110.750000
10404,1.04040000e+04,108.916667
10405,1.04050000e+04,108.916667
10406,1.04060000e+04,107.208333
10407,1.04070000e+04,107.208333
10408,1.04080000e+04,105.333333
10409,1.04090000e+04,105.333333
10410,1.04100000e+04,103.500000
10411,1.04110000e+04,103.500000
10412,1.04120000e+04,101.708333
10413,1.04130000e+04,101.708333
10414,1.04140000e+04,99.833333
10415,1.04150000e+04,99.833333
10416,1.04160000e+04,98.000000
10417,1.04170000e+04,98.000000
10418,1.04180000e+04,96.250000
10419,1.04190000e+04,96.250000
10420,1.04200000e+04,94.333333
10421,1.04210000e+04,94.333333
10422,1.04220000e+04,92.625000
10423,1.04230000e+04,92.625000
10424,1.04240000e+04,90.750000
10425,1.04250000e+04,90.750000
10426,1.04260000e+04,89.000000
10427,1.04270000e+04,89.000000
10428,1.04280000e+04,87.208333
10429,1.04290000e+04,87.208333
10430,1.04300000e+04,85.291667
10431,1.04310000e+04,85.291667
10432,1.04320000e+04,83.625000
10433,1.04330000e+04,83.625000
10434,1.04340000e+04,81.833333
10435,1.04350000e+04,81.833333
10436,1.04360000e+04,80.000000
10437,1.04370000e+04,80.000000
10438,1.04380000e+04,78.333333
10439,1.04390000e+04,78.333333
10440,1.04400000e+04,76.541667
10441,1.04410000e+04,76.541667
10442,1.04420000e+04,75.000000
10443,1.04430000e+04,75.000000
10444,1.04440000e+04,73.083333
10445,1.04450000e+04,73.083333
10446,1.04460000e+04,71.375000
10447,1.04470000e+04,71.375000
10448,1.04480000e+04,69.541667
10449,1.04490000e+04,69.541667
10450,1.04500000e+04,67.916667
10451,1.04510000e+04,67.916667
10452,1.04520000e+04,66.083333
10453,1.04530000e+04,66.083333
10454,1.04540000e+04,64.500000
10455,1.04550000e+04,64.500000
10456,1.04560000e+04,62.625000
10457,1.04570000e+04,62.625000
10458,1.04580000e+04,60.833333
10459,1.04590000e+04,60.833333
10460,1.04600000e+04,59.041667
10461,1.04610000e+04,59.041667
10462,1.04620000e+04,57.333333
10463,1.04630000e+04,57.333333
10464,1.04640000e+04,55.500000
10465,1.04650000e+04,55.500000
10466,1.04660000e+04,53.583333
10467,1.04670000e+04,53.583333
10468,1.04680000e+04,51.916667
10469,1.04690000e+04,51.916667
10470,1.04700000e+04,50.125000
10471,1.04710000e+04,50.125000
10472,1.04720000e+04,48.375000
10473,1.04730000e+04,48.375000
10474,1.04740000e+04,46.416667
10475,1.04750000e+04,46.416667
10476,1.04760000e+04,44.500000
10477,1.04770000e+04,44.500000
10478,1.04780000e+04,42.625000
10479,1.04790000e+04,42.625000
10480,1.04800000e+04,40.625000
10481,1.04810000e+04,40.625000
10482,1.04820000e+04,38.791667
10483,1.04830000e+04,38.791667
10484,1.04840000e+04,36.750000
10485,1.04850000e+04,36.750000
10486,1.04860000e+04,34.916667
10487,1.04870000e+04,34.916667
10488,1.04880000e+04,32.833333
10489,1.04890000e+04,32.833333
10490,1.04900000e+04,30.750000
10491,1.04910000e+04,30.750000
10492,1.04920000e+04,28.875000
10493,1.04930000e+04,28.875000
10494,1.04940000e+04,26.833333
10495,1.04950000e+04,26.833333
10496,1.04960000e+04,24.708333
10497,1.04970000e+04,24.708333
10498,1.04980000e+04,22.875000
10499,1.04990000e+04,22.875000
10500,1.05000000e+04,20.625000
10501,1.05010000e+04,20.625000
10502,1.05020000e+04,18.666667
10503,1.05030000e+04,18.666667
10504,1.05040000e+04,16.416667
10505,1.05050000e+04,16.416667
10506,1.05060000e+04,14.375000
10507,1.05070000e+04,14.375000
10508,1.05080000e+04,12.166667
10509,1.05090000e+04,12.166667
10510,1.05100000e+04,10.083333
10511,1.05110000e+04,10.083333
10512,1.05120000e+04,8.083333
10513,1.05130000e+04,8.083333
10514,1.05140000e+04,5.916667
10515,1.05150000e+04,5.916667
10516,1.05160000e+04,3.708333
10517,1.05170000e+04,3.708333
10518,1.05180000e+04,1.583333
10519,1.05190000e+04,1.583333
10520,1.05200000e+04,-0.583333
10521,1.05210000e+04,-0.583333
10522,1.05220000e+04,-2.666667
10523,1.05230000e+04,-2.666667
10524,1.05240000e+04,-4.750000
10525,1.05250000e+04,-4.750000
10526,1.05260000e+04,-6.916667
10527,1.05270000e+04,-6.916667
10528,1.05280000e+04,-9.083333
10529,1.05290000e+04,-9.083333
10530,1.05300000e+04,-11.333333
10531,1.05310000e+04,-11.333333
10532,1.05320000e+04,-13.375000
10533,1.05330000e+04,-13.375000
10534,1.05340000e+04,-15.583333
10535,1.05350000e+04,-15.583333
10536,1.05360000e+04,-17.541667
10537,1.05370000e+04,-17.541667
10538,1.05380000e+04,-19.750000
10539,1.05390000e+04,-19.750000
10540,1.05400000e+04,-21.833333
10541,1.05410000e+04,-21.833333
10542,1.05420000e+04,-24.000000
10543,1.05430000e+04,-24.000000
10544,1.05440000e+04,-26.125000
10545,1.05450000e+04,-26.125000
10546,1.05460000e+04,-28.125000
10547,1.05470000e+04,-28.125000
10548,1.05480000e+04,-30.250000
10549,1.05490000e+04,-30.250000
10550,1.05500000e+04,-32.125000
10551,1.05510000e+04,-32.125000
10552,1.05520000e+04,-34.125000
10553,1.05530000e+04,-34.125000
10554,1.05540000e+04,-36.250000
10555,1.05550000e+04,-36.250000
10556,1.05560000e+04,-38.208333
10557,1.05570000e+04,-38.208333
10558,1.05580000e+04,-40.166667
10559,1.05590000e+04,-40.166667
10560,1.05600000e+04,-42.250000
10561,1.05610000e+04,-42.250000
10562,1.05620000e+04,-44.083333
10563,1.05630000e+04,-44.083333
10564,1.05640000e+04,-46.000000
10565,1.05650000e+04,-46.000000
10566,1.05660000e+04,-47.958333
10567,1.05670000e+04,-47.958333
10568,1.05680000e+04,-49.791667
10569,1.05690000e+04,-49.791667
10570,1.05700000e+04,-51.500000
10571,1.05710000e+04,-51.500000
10572,1.05720000e+04,-53.541667
10573,1.05730000e+04,-53.541667
10574,1.05740000e+04,-55.208333
10575,1.05750000e+04,-55.208333
10576,1.05760000e+04,-57.000000
10577,1.05770000e+04,-57.000000
10578,1.05780000e+04,-58.875000
10579,1.05790000e+04,-58.875000
10580,1.05800000e+04,-60.583333
10581,1.05810000e+04,-60.583333
10582,1.05820000e+04,-62.375000
10583,1.05830000e+04,-62.375000
10584,1.05840000e+04,-64.083333
10585,1.05850000e+04,-64.083333
10586,1.05860000e+04,-65.791667
10587,1.05870000e+04,-65.791667
10588,1.05880000e+04,-67.666667
10589,1.05890000e+04,-67.666667
10590,1.05900000e+04,-69.416667
10591,1.05910000e+04,-69.416667
10592,1.05920000e+04,-71.291667
10593,1.05930000e+04,-71.291667
10594,1.05940000e+04,-72.750000
10595,1.05950000e+04,-72.750000
10596,1.05960000e+04,-74.583333
10597,1.05970000e+04,-74.583333
10598,1.05980000e+04,-76.500000
10599,1.05990000e+04,-76.500000
10600,1.06000000e+04,-78.166667
10601,1.06010000e+04,-78.166667
10602,1.06020000e+04,-79.875000
10603,1.06030000e+04,-79.875000
10604,1.06040000e+04,-81.583333
10605,1.06050000e+04,-81.583333
10606,1.06060000e+04,-83.416667
10607,1.06070000e+04,-83.416667
10608,1.06080000e+04,-85.041667
10609,1.06090000e+04,-85.041667
10610,1.06100000e+04,-86.958333
10611,1.06110000e+04,-86.958333
10612,1.06120000e+04,-88.583333
10613,1.06130000e+04,-88.583333
10614,1.06140000e+04,-90.416667
10615,1.06150000e+04,-90.416667
10616,1.06160000e+04,-92.125000
10617,1.06170000e+04,-92.125000
10618,1.06180000e+04,-94.000000
10619,1.06190000e+04,-94.000000
10620,1.06200000e+04,-95.750000
10621,1.06210000e+04,-95.750000
10622,1.06220000e+04,-97.500000
10623,1.06230000e+04,-97.500000
10624,1.06240000e+04,-99.375000
10625,1.06250000e+04,-99.375000
10626,1.06260000e+04,-101.083333
10627,1.06270000e+04,-101.083333
10628,1.06280000e+04,-102.958333
10629,1.06290000e+04,-102.958333
10630,1.06300000e+04,-104.708333
10631,1.06310000e+04,-104.708333
10632,1.06320000e+04,-106.541667
10633,1.06330000e+04,-106.541667
10634,1.06340000e+04,-108.250000
10635,1.06350000e+04,-108.250000
10636,1.06360000e+04,-110.125000
10637,1.06370000e+04,-110.125000
10638,1.06380000e+04,-111.875000
10639,1.06390000e+04,-111.875000
10640,1.06400000e+04,-113.750000
10641,1.06410000e+04,-113.750000
10642,1.06420000e+04,-115.500000
10643,1.06430000e+04,-115.500000
10644,1.06440000e+04,-117.208333
10645,1.06450000e+04,-117.208333
10646,1.06460000e+04,-119.041667
10647,1.06470000e+04,-119.041667
10648,1.06480000e+04,-120.958333
10649,1.06490000e+04,-120.958333
10650,1.06500000e+04,-122.541667
10651,1.06510000e+04,-122.541667
10652,1.06520000e+04,-124.375000
10653,1.06530000e+04,-124.375000
10654,1.06540000e+04,-126.166667
10655,1.06550000e+04,-126.166667
10656,1.06560000e+04,-127.916667
10657,1.06570000e+04,-127.916667
10658,1.06580000e+04,-129.666667
10659,1.06590000e+04,-129.666667
10660,1.06600000e+04,-131.416667
10661,1.06610000e+04,-131.416667
10662,1.06620000e+04,-133.125000
10663,1.06630000e+04,-133.125000
10664,1.06640000e+04,-134.708333
10665,1.06650000e+04,-134.708333
10666,1.06660000e+04,-136.208333
10667,1.06670000e+04,-136.208333
10668,1.06680000e+04,-138.000000
10669,1.06690000e+04,-138.000000
10670,1.06700000e+04,-139.625000
10671,1.06710000e+04,-139.625000
10672,1.06720000e+04,-141.291667
10673,1.06730000e+04,-141.291667
10674,1.06740000e+04,-142.875000
10675,1.06750000e+04,-142.875000
10676,1.06760000e+04,-144.291667
10677,1.06770000e+04,-144.291667
10678,1.06780000e+04,-145.916667
10679,1.06790000e+04,-145.916667
10680,1.06800000e+04,-147.458333
10681,1.06810000e+04,-147.458333
10682,1.06820000e+04,-149.000000
10683,1.06830000e+04,-149.000000
10684,1.06840000e+04,-150.458333
10685,1.06850000e+04,-150.458333
10686,1.06860000e+04,-151.750000
10687,1.06870000e+04,-151.750000
10688,1.06880000e+04,-153.125000
10689,1.06890000e+04,-153.125000
10690,1.06900000e+04,-154.458333
10691,1.06910000e+04,-154.458333
10692,1.06920000e+04,-155.916667
10693,1.06930000e+04,-155.916667
10694,1.06940000e+04,-157.291667
10695,1.06950000e+04,-157.291667
10696,1.06960000e+04,-158.375000
10697,1.06970000e+04,-158.375000
10698,1.06980000e+04,-159.833333
10699,1.06990000e+04,-159.833333
10700,1.07000000e+04,-161.041667
10701,1.07010000e+04,-161.041667
10702,1.07020000e+04,-162.291667
10703,1.07030000e+04,-162.291667
10704,1.07040000e+04,-163.666667
10705,1.07050000e+04,-163.666667
10706,1.07060000e+04,-164.708333
10707,1.07070000e+04,-164.708333
10708,1.07080000e+04,-165.916667
10709,1.07090000e+04,-165.916667
10710,1.07100000e+04,-167.125000
10711,1.07110000e+04,-167.125000
10712,1.07120000e+04,-168.041667
10713,1.07130000e+04,-168.041667
10714,1.07140000e+04,-169.250000
10715,1.07150000e+04,-169.250000
10716,1.07160000e+04,-170.208333
10717,1.07170000e+04,-170.208333
10718,1.07180000e+04,-171.291667
10719,1.07190000e+04,-171.291667
10720,1.07200000e+04,-172.291667
10721,1.07210000e+04,-172.291667
10722,1.07220000e+04,-173.416667
10723,1.07230000e+04,-173.416667
10724,1.07240000e+04,-174.333333
10725,1.07250000e+04,-174.333333
10726,1.07260000e+04,-175.416667
10727,1.07270000e+04,-175.416667
10728,1.07280000e+04,-176.416667
10729,1.07290000e+04,-176.416667
10730,1.07300000e+04,-177.500000
10731,1.07310000e+04,-177.500000
10732,1.07320000e+04,-178.541667
10733,1.07330000e+04,-178.541667
10734,1.07340000e+04,-179.333333
10735,1.07350000e+04,-179.333333
10736,1.07360000e+04,-180.416667
10737,1.07370000e+04,-180.416667
10738,1.07380000e+04,-181.458333
10739,1.07390000e+04,-181.458333
10740,1.07400000e+04,-182.500000
10741,1.07410000e+04,-182.500000
10742,1.07420000e+04,-183.416667
10743,1.07430000e+04,-183.416667
10744,1.07440000e+04,-184.333333
10745,1.07450000e+04,-184.333333
10746,1.07460000e+04,-185.375000
10747,1.07470000e+04,-185.375000
10748,1.07480000e+04,-186.250000
10749,1.07490000e+04,-186.250000
10750,1.07500000e+04,-187.375000
10751,1.07510000e+04,-187.375000
10752,1.07520000e+04,-188.333333
10753,1.07530000e+04,-188.333333
10754,1.07540000e+04,-189.291667
10755,1.07550000e+04,-189.291667
10756,1.07560000e+04,-190.208333
10757,1.07570000e+04,-190.208333
10758,1.07580000e+04,-191.291667
10759,1.07590000e+04,-191.291667
10760,1.07600000e+04,-192.375000
10761,1.07610000e+04,-192.375000
10762,1.07620000e+04,-193.416667
10763,1.07630000e+04,-193.416667
10764,1.07640000e+04,-194.500000
10765,1.07650000e+04,-194.500000
10766,1.07660000e+04,-195.458333
10767,1.07670000e+04,-195.458333
10768,1.07680000e+04,-196.500000
10769,1.07690000e+04,-196.500000
10770,1.07700000e+04,-197.541667
10771,1.07710000e+04,-197.541667
10772,1.07720000e+04,-198.708333
10773,1.07730000e+04,-198.708333
10774,1.07740000e+04,-199.666667
10775,1.07750000e+04,-199.666667
10776,1.07760000e+04,-200.791667
10777,1.07770000e+04,-200.791667
10778,1.07780000e+04,-201.833333
10779,1.07790000e+04,-201.833333
10780,1.07800000e+04,-202.791667
10781,1.07810000e+04,-202.791667
10782,1.07820000e+04,-204.000000
10783,1.07830000e+04,-204.000000
10784,1.07840000e+04,-204.958333
10785,1.07850000e+04,-204.958333
10786,1.07860000e+04,-206.166667
10787,1.07870000e+04,-206.166667
10788,1.07880000e+04,-207.458333
10789,1.07890000e+04,-207.458333
10790,1.07900000e+04,-208.416667
10791,1.07910000e+04,-208.416667
10792,1.07920000e+04,-209.416667
10793,1.07930000e+04,-209.416667
10794,1.07940000e+04,-210.458333
10795,1.07950000e+04,-210.458333
10796,1.07960000e+04,-211.500000
10797,1.07970000e+04,-211.500000
10798,1.07980000e+04,-212.541667
10799,1.07990000e+04,-212.541667
10800,1.08000000e+04,-213.583333
10801,1.08010000e+04,-213.583333
10802,1.08020000e+04,-214.666667
10803,1.08030000e+04,-214.666667
10804,1.08040000e+04,-215.500000
10805,1.08050000e+04,-215.500000
10806,1.08060000e+04,-216.500000
10807,1.08070000e+04,-216.500000
10808,1.08080000e+04,-217.416667
10809,1.08090000e+04,-217.416667
10810,1.08100000e+04,-218.458333
10811,1.08110000e+04,-218.458333
10812,1.08120000e+04,-219.208333
10813,1.08130000e+04,-219.208333
10814,1.08140000e+04,-220.291667
10815,1.08150000e+04,-220.291667
10816,1.08160000e+04,-221.000000
10817,1.08170000e+04,-221.000000
10818,1.08180000e+04,-221.958333
10819,1.08190000e+04,-221.958333
10820,1.08200000e+04,-222.750000
10821,1.08210000e+04,-222.750000
10822,1.08220000e+04,-223.375000
10823,1.08230000e+04,-223.375000
10824,1.08240000e+04,-224.291667
10825,1.08250000e+04,-224.291667
10826,1.08260000e+04,-224.958333
10827,1.08270000e+04,-224.958333
10828,1.08280000e+04,-225.666667
10829,1.08290000e+04,-225.666667
10830,1.08300000e+04,-226.291667
10831,1.08310000e+04,-226.291667
10832,1.08320000e+04,-226.916667
10833,1.08330000e+04,-226.916667
10834,1.08340000e+04,-227.625000
10835,1.08350000e+04,-227.625000
10836,1.08360000e+04,-228.250000
10837,1.08370000e+04,-228.250000
10838,1.08380000e+04,-228.833333
10839,1.08390000e+04,-228.833333
10840,1.08400000e+04,-229.333333
10841,1.08410000e+04,-229.333333
10842,1.08420000e+04,-229.708333
10843,1.08430000e+04,-229.708333
10844,1.08440000e+04,-230.166667
10845,1.08450000e+04,-230.166667
10846,1.08460000e+04,-230.708333
10847,1.08470000e+04,-230.708333
10848,1.08480000e+04,-231.083333
10849,1.08490000e+04,-231.083333
10850,1.08500000e+04,-231.541667
10851,1.08510000e+04,-231.541667
10852,1.08520000e+04,-231.708333
10853,1.08530000e+04,-231.708333
10854,1.08540000e+04,-232.125000
10855,1.08550000e+04,-232.125000
10856,1.08560000e+04,-232.458333
10857,1.08570000e+04,-232.458333
10858,1.08580000e+04,-232.750000
10859,1.08590000e+04,-232.750000
10860,1.08600000e+04,-233.125000
10861,1.08610000e+04,-233.125000
10862,1.08620000e+04,-233.291667
10863,1.08630000e+04,-233.291667
10864,1.08640000e+04,-233.666667
10865,1.08650000e+04,-233.666667
10866,1.08660000e+04,-233.916667
10867,1.08670000e+04,-233.916667
10868,1.08680000e+04,-234.000000
10869,1.08690000e+04,-234.000000
10870,1.08700000e+04,-234.125000
10871,1.08710000e+04,-234.125000
10872,1.08720000e+04,-234.291667
10873,1.08730000e+04,-234.291667
10874,1.08740000e+04,-234.291667
10875,1.08750000e+04,-234.291667
10876,1.08760000e+04,-234.458333
10877,1.08770000e+04,-234.458333
10878,1.08780000e+04,-234.541667
10879,1.08790000e+04,-234.541667
10880,1.08800000e+04,-234.625000
10881,1.08810000e+04,-234.625000
10882,1.08820000e+04,-234.583333
10883,1.08830000e+04,-234.583333
10884,1.08840000e+04,-234.708333
10885,1.08850000e+04,-234.708333
10886,1.08860000e+04,-234.833333
10887,1.08870000e+04,-234.833333
10888,1.08880000e+04,-234.750000
10889,1.08890000e+04,-234.750000
10890,1.08900000e+04,-234.750000
10891,1.08910000e+04,-234.750000
10892,1.08920000e+04,-234.750000
10893,1.08930000e+04,-234.750000
10894,1.08940000e+04,-234.750000
10895,1.08950000e+04,-234.750000
10896,1.08960000e+04,-234.708333
10897,1.08970000e+04,-234.708333
10898,1.08980000e+04,-234.625000
10899,1.08990000e+04,-234.625000
10900,1.09000000e+04,-234.625000
10901,1.09010000e+04,-234.625000
10902,1.09020000e+04,-234.500000
10903,1.09030000e+04,-234.500000
10904,1.09040000e+04,-234.291667
10905,1.09050000e+04,-234.291667
10906,1.09060000e+04,-234.291667
10907,1.09070000e+04,-234.291667
10908,1.09080000e+04,-234.250000
10909,1.09090000e+04,-234.250000
10910,1.09100000e+04,-234.041667
10911,1.09110000e+04,-234.041667
10912,1.09120000e+04,-233.916667
10913,1.09130000e+04,-233.916667
10914,1.09140000e+04,-233.916667
10915,1.09150000e+04,-233.916667
10916,1.09160000e+04,-233.625000
10917,1.09170000e+04,-233.625000
10918,1.09180000e+04,-233.500000
10919,1.09190000e+04,-233.500000
10920,1.09200000e+04,-233.250000
10921,1.09210000e+04,-233.250000
10922,1.09220000e+04,-232.916667
10923,1.09230000e+04,-232.916667
10924,1.09240000e+04,-232.750000
10925,1.09250000e+04,-232.750000
10926,1.09260000e+04,-232.458333
10927,1.09270000e+04,-232.458333
10928,1.09280000e+04,-232.250000
10929,1.09290000e+04,-232.250000
10930,1.09300000e+04,-232.041667
10931,1.09310000e+04,-232.041667
10932,1.09320000e+04,-231.708333
10933,1.09330000e+04,-231.708333
10934,1.09340000e+04,-231.333333
10935,1.09350000e+04,-231.333333
10936,1.09360000e+04,-231.125000
10937,1.09370000e+04,-231.125000
10938,1.09380000e+04,-230.708333
10939,1.09390000e+04,-230.708333
10940,1.09400000e+04,-230.375000
10941,1.09410000e+04,-230.375000
10942,1.09420000e+04,-229.875000
10943,1.09430000e+04,-229.875000
10944,1.09440000e+04,-229.583333
10945,1.09450000e+04,-229.583333
10946,1.09460000e+04,-229.000000
10947,1.09470000e+04,-229.000000
10948,1.09480000e+04,-228.583333
10949,1.09490000e+04,-228.583333
10950,1.09500000e+04,-228.000000
10951,1.09510000e+04,-228.000000
10952,1.09520000e+04,-227.333333
10953,1.09530000e+04,-227.333333
10954,1.09540000e+04,-227.000000
10955,1.09550000e+04,-227.000000
10956,1.09560000e+04,-226.375000
10957,1.09570000e+04,-226.375000
10958,1.09580000e+04,-225.625000
10959,1.09590000e+04,-225.625000
10960,1.09600000e+04,-225.000000
10961,1.09610000e+04,-225.000000
10962,1.09620000e+04,-224.458333
10963,1.09630000e+04,-224.458333
10964,1.09640000e+04,-223.666667
10965,1.09650000e+04,-223.666667
10966,1.09660000e+04,-223.041667
10967,1.09670000e+04,-223.041667
10968,1.09680000e+04,-222.166667
10969,1.09690000e+04,-222.166667
10970,1.09700000e+04,-221.416667
10971,1.09710000e+04,-221.416667
10972,1.09720000e+04,-220.500000
10973,1.09730000e+04,-220.500000
10974,1.09740000e+04,-219.750000
10975,1.09750000e+04,-219.750000
10976,1.09760000e+04,-218.916667
10977,1.09770000e+04,-218.916667
10978,1.09780000e+04,-218.000000
10979,1.09790000e+04,-218.000000
10980,1.09800000e+04,-216.958333
10981,1.09810000e+04,-216.958333
10982,1.09820000e+04,-216.166667
10983,1.09830000e+04,-216.166667
10984,1.09840000e+04,-215.125000
10985,1.09850000e+04,-215.125000
10986,1.09860000e+04,-214.291667
10987,1.09870000e+04,-214.291667
10988,1.09880000e+04,-213.083333
10989,1.09890000e+04,-213.083333
10990,1.09900000e+04,-212.083333
10991,1.09910000e+04,-212.083333
10992,1.09920000e+04,-211.041667
10993,1.09930000e+04,-211.041667
10994,1.09940000e+04,-210.000000
10995,1.09950000e+04,-210.000000
10996,1.09960000e+04,-209.041667
10997,1.09970000e+04,-209.041667
10998,1.09980000e+04,-207.916667
10999,1.09990000e+04,-207.916667
11000,1.10000000e+04,-206.750000
11001,1.10010000e+04,-206.750000
11002,1.10020000e+04,-205.583333
11003,1.10030000e+04,-205.583333
11004,1.10040000e+04,-204.625000
11005,1.10050000e+04,-204.625000
11006,1.10060000e+04,-203.458333
11007,1.10070000e+04,-203.458333
11008,1.10080000e+04,-202.458333
11009,1.10090000e+04,-202.458333
11010,1.10100000e+04,-201.291667
11011,1.10110000e+04,-201.291667
11012,1.10120000e+04,-200.208333
11013,1.10130000e+04,-200.208333
11014,1.10140000e+04,-199.041667
11015,1.10150000e+04,-199.041667
11016,1.10160000e+04,-197.916667
11017,1.10170000e+04,-197.916667
11018,1.10180000e+04,-196.916667
11019,1.10190000e+04,-196.916667
11020,1.10200000e+04,-195.666667
11021,1.10210000e+04,-195.666667
11022,1.10220000e+04,-194.625000
11023,1.10230000e+04,-194.625000
11024,1.10240000e+04,-193.541667
11025,1.10250000e+04,-193.541667
11026,1.10260000e+04,-192.583333
11027,1.10270000e+04,-192.583333
11028,1.10280000e+04,-191.458333
11029,1.10290000e+04,-191.458333
11030,1.10300000e+04,-190.416667
11031,1.10310000e+04,-190.416667
11032,1.10320000e+04,-189.208333
11033,1.10330000e+04,-189.208333
11034,1.10340000e+04,-188.166667
11035,1.10350000e+04,-188.166667
11036,1.10360000e+04,-187.291667
11037,1.10370000e+04,-187.291667
11038,1.10380000e+04,-186.166667
11039,1.10390000e+04,-186.166667
11040,1.10400000e+04,-185.208333
11041,1.10410000e+04,-185.208333
11042,1.10420000e+04,-184.166667
11043,1.10430000e+04,-184.166667
11044,1.10440000e+04,-183.125000
11045,1.10450000e+04,-183.125000
11046,1.10460000e+04,-182.166667
11047,1.10470000e+04,-182.166667
11048,1.10480000e+04,-181.083333
11049,1.10490000e+04,-181.083333
11050,1.10500000e+04,-180.083333
11051,1.10510000e+04,-180.083333
11052,1.10520000e+04,-179.166667
11053,1.10530000e+04,-179.166667
11054,1.10540000e+04,-178.250000
11055,1.10550000e+04,-178.250000
11056,1.10560000e+04,-177.083333
11057,1.10570000e+04,-177.083333
11058,1.10580000e+04,-176.166667
11059,1.10590000e+04,-176.166667
11060,1.10600000e+04,-175.083333
11061,1.10610000e+04,-175.083333
11062,1.10620000e+04,-174.083333
11063,1.10630000e+04,-174.083333
11064,1.10640000e+04,-173.166667
11065,1.10650000e+04,-173.166667
11066,1.10660000e+04,-171.958333
11067,1.10670000e+04,-171.958333
11068,1.10680000e+04,-171.041667
11069,1.10690000e+04,-171.041667
11070,1.10700000e+04,-170.000000
11071,1.10710000e+04,-170.000000
11072,1.10720000e+04,-168.958333
11073,1.10730000e+04,-168.958333
11074,1.10740000e+04,-167.875000
11075,1.10750000e+04,-167.875000
11076,1.10760000e+04,-166.833333
11077,1.10770000e+04,-166.833333
11078,1.10780000e+04,-165.666667
11079,1.10790000e+04,-165.666667
11080,1.10800000e+04,-164.500000
11081,1.10810000e+04,-164.500000
11082,1.10820000e+04,-163.375000
11083,1.10830000e+04,-163.375000
11084,1.10840000e+04,-162.416667
11085,1.10850000e+04,-162.416667
11086,1.10860000e+04,-161.083333
11087,1.10870000e+04,-161.083333
11088,1.10880000e+04,-160.041667
11089,1.10890000e+04,-160.041667
11090,1.10900000e+04,-158.666667
11091,1.10910000e+04,-158.666667
11092,1.10920000e+04,-157.500000
11093,1.10930000e+04,-157.500000
11094,1.10940000e+04,-156.083333
11095,1.10950000e+04,-156.083333
11096,1.10960000e+04,-154.791667
11097,1.10970000e+04,-154.791667
11098,1.10980000e+04,-153.458333
11099,1.10990000e+04,-153.458333
11100,1.11000000e+04,-152.166667
11101,1.11010000e+04,-152.166667
11102,1.11020000e+04,-150.750000
11103,1.11030000e+04,-150.750000
11104,1.11040000e+04,-149.375000
11105,1.11050000e+04,-149.375000
11106,1.11060000e+04,-148.000000
11107,1.11070000e+04,-148.000000
11108,1.11080000e+04,-146.416667
11109,1.11090000e+04,-146.416667
11110,1.11100000e+04,-144.916667
11111,1.11110000e+04,-144.916667
11112,1.11120000e+04,-143.458333
11113,1.11130000e+04,-143.458333
11114,1.11140000e+04,-141.750000
11115,1.11150000e+04,-141.750000
11116,1.11160000e+04,-140.250000
11117,1.11170000e+04,-140.250000
11118,1.11180000e+04,-138.583333
11119,1.11190000e+04,-138.583333
11120,1.11200000e+04,-136.916667
11121,1.11210000e+04,-136.916667
11122,1.11220000e+04,-135.458333
11123,1.11230000e+04,-135.458333
11124,1.11240000e+04,-133.708333
11125,1.11250000e+04,-133.708333
11126,1.11260000e+04,-131.916667
11127,1.11270000e+04,-131.916667
11128,1.11280000e+04,-130.416667
11129,1.11290000e+04,-130.416667
11130,1.11300000e+04,-128.583333
11131,1.11310000e+04,-128.583333
11132,1.11320000e+04,-126.833333
11133,1.11330000e+04,-126.833333
11134,1.11340000e+04,-125.041667
11135,1.11350000e+04,-125.041667
11136,1.11360000e+04,-123.333333
11137,1.11370000e+04,-123.333333
11138,1.11380000e+04,-121.416667
11139,1.11390000e+04,-121.416667
11140,1.11400000e+04,-119.750000
11141,1.11410000e+04,-119.750000
11142,1.11420000e+04,-117.750000
11143,1.11430000e+04,-117.750000
11144,1.11440000e+04,-116.000000
11145,1.11450000e+04,-116.000000
11146,1.11460000e+04,-114.166667
11147,1.11470000e+04,-114.166667
11148,1.11480000e+04,-112.333333
11149,1.11490000e+04,-112.333333
11150,1.11500000e+04,-110.666667
11151,1.11510000e+04,-110.666667
11152,1.11520000e+04,-108.750000
11153,1.11530000e+04,-108.750000
11154,1.11540000e+04,-106.916667
11155,1.11550000e+04,-106.916667
11156,1.11560000e+04,-105.083333
11157,1.11570000e+04,-105.083333
11158,1.11580000e+04,-103.208333
11159,1.11590000e+04,-103.208333
11160,1.11600000e+04,-101.333333
11161,1.11610000e+04,-101.333333
11162,1.11620000e+04,-99.541667
11163,1.11630000e+04,-99.541667
11164,1.11640000e+04,-97.833333
11165,1.11650000e+04,-97.833333
11166,1.11660000e+04,-96.000000
11167,1.11670000e+04,-96.000000
11168,1.11680000e+04,-94.041667
11169,1.11690000e+04,-94.041667
11170,1.11700000e+04,-92.291667
11171,1.11710000e+04,-92.291667
11172,1.11720000e+04,-90.583333
11173,1.11730000e+04,-90.583333
11174,1.11740000e+04,-88.708333
11175,1.11750000e+04,-88.708333
11176,1.11760000e+04,-86.958333
11177,1.11770000e+04,-86.958333
11178,1.11780000e+04,-85.250000
11179,1.11790000e+04,-85.250000
11180,1.11800000e+04,-83.416667
11181,1.11810000e+04,-83.416667
11182,1.11820000e+04,-81.583333
11183,1.11830000e+04,-81.583333
11184,1.11840000e+04,-80.041667
11185,1.11850000e+04,-80.041667
11186,1.11860000e+04,-78.166667
11187,1.11870000e+04,-78.166667
11188,1.11880000e+04,-76.375000
11189,1.11890000e+04,-76.375000
11190,1.11900000e+04,-74.625000
11191,1.11910000e+04,-74.625000
11192,1.11920000e+04,-72.875000
11193,1.11930000e+04,-72.875000
11194,1.11940000e+04,-71.000000
11195,1.11950000e+04,-71.000000
11196,1.11960000e+04,-69.416667
11197,1.11970000e+04,-69.416667
11198,1.11980000e+04,-67.708333
11199,1.11990000e+04,-67.708333
11200,1.12000000e+04,-65.958333
11201,1.12010000e+04,-65.958333
11202,1.12020000e+04,-64.166667
11203,1.12030000e+04,-64.166667
11204,1.12040000e+04,-62.458333
11205,1.12050000e+04,-62.458333
11206,1.12060000e+04,-60.583333
11207,1.12070000e+04,-60.583333
11208,1.12080000e+04,-58.875000
11209,1.12090000e+04,-58.875000
11210,1.12100000e+04,-57.291667
11211,1.12110000e+04,-57.291667
11212,1.12120000e+04,-55.375000
11213,1.12130000e+04,-55.375000
11214,1.12140000e+04,-53.583333
11215,1.12150000e+04,-53.583333
11216,1.12160000e+04,-51.750000
11217,1.12170000e+04,-51.750000
11218,1.12180000e+04,-49.916667
11219,1.12190000e+04,-49.916667
11220,1.12200000e+04,-48.125000
11221,1.12210000e+04,-48.125000
11222,1.12220000e+04,-46.375000
11223,1.12230000e+04,-46.375000
11224,1.12240000e+04,-44.250000
11225,1.12250000e+04,-44.250000
11226,1.12260000e+04,-42.500000
11227,1.12270000e+04,-42.500000
11228,1.12280000e+04,-40.541667
11229,1.12290000e+04,-40.541667
11230,1.12300000e+04,-38.583333
11231,1.12310000e+04,-38.583333
11232,1.12320000e+04,-36.666667
11233,1.12330000e+04,-36.666667
11234,1.12340000e+04,-34.625000
11235,1.12350000e+04,-34.625000
11236,1.12360000e+04,-32.833333
11237,1.12370000e+04,-32.833333
11238,1.12380000e+04,-30.791667
11239,1.12390000e+04,-30.791667
11240,1.12400000e+04,-28.666667
11241,1.12410000e+04,-28.666667
11242,1.12420000e+04,-26.500000
11243,1.12430000e+04,-26.500000
11244,1.12440000e+04,-24.541667
11245,1.12450000e+04,-24.541667
11246,1.12460000e+04,-22.583333
11247,1.12470000e+04,-22.583333
11248,1.12480000e+04,-20.500000
11249,1.12490000e+04,-20.500000
11250,1.12500000e+04,-18.458333
11251,1.12510000e+04,-18.458333
11252,1.12520000e+04,-16.416667
11253,1.12530000e+04,-16.416667
11254,1.12540000e+04,-14.166667
11255,1.12550000e+04,-14.166667
11256,1.12560000e+04,-12.166667
11257,1.12570000e+04,-12.166667
11258,1.12580000e+04,-10.000000
11259,1.12590000e+04,-10.000000
11260,1.12600000e+04,-7.791667
11261,1.12610000e+04,-7.791667
11262,1.12620000e+04,-5.750000
11263,1.12630000e+04,-5.750000
11264,1.12640000e+04,-3.625000
11265,1.12650000e+04,-3.625000
11266,1.12660000e+04,-1.416667
11267,1.12670000e+04,-1.416667
11268,1.12680000e+04,0.625000
11269,1.12690000e+04,0.625000
11270,1.12700000e+04,2.958333
11271,1.12710000e+04,2.958333
11272,1.12720000e+04,4.833333
11273,1.12730000e+04,4.833333
11274,1.12740000e+04,7.208333
11275,1.12750000e+04,7.208333
11276,1.12760000e+04,9.250000
11277,1.12770000e+04,9.250000
11278,1.12780000e+04,11.375000
11279,1.12790000e+04,11.375000
11280,1.12800000e+04,13.625000
11281,1.12810000e+04,13.625000
11282,1.12820000e+04,15.583333
11283,1.12830000e+04,15.583333
11284,1.12840000e+04,17.875000
11285,1.12850000e+04,17.875000
11286,1.12860000e+04,19.958333
11287,1.12870000e+04,19.958333
11288,1.12880000e+04,22.083333
11289,1.12890000e+04,22.083333
11290,1.12900000e+04,24.250000
11291,1.12910000e+04,24.250000
11292,1.12920000e+04,26.208333
11293,1.12930000e+04,26.208333
11294,1.12940000e+04,28.208333
11295,1.12950000e+04,28.208333
11296,1.12960000e+04,30.375000
11297,1.12970000e+04,30.375000
11298,1.12980000e+04,32.333333
11299,1.12990000e+04,32.333333
11300,1.13000000e+04,34.333333
11301,1.13010000e+04,34.333333
11302,1.13020000e+04,36.166667
11303,1.13030000e+04,36.166667
11304,1.13040000e+04,38.375000
11305,1.13050000e+04,38.375000
11306,1.13060000e+04,40.208333
11307,1.13070000e+04,40.208333
11308,1.13080000e+04,42.166667
11309,1.13090000e+04,42.166667
11310,1.13100000e+04,44.250000
11311,1.13110000e+04,44.250000
11312,1.13120000e+04,46.041667
11313,1.13130000e+04,46.041667
11314,1.13140000e+04,48.125000
11315,1.13150000e+04,48.125000
11316,1.13160000e+04,49.916667
11317,1.13170000e+04,49.916667
11318,1.13180000e+04,51.625000
11319,1.13190000e+04,51.625000
11320,1.13200000e+04,53.375000
11321,1.13210000e+04,53.375000
11322,1.13220000e+04,55.291667
11323,1.13230000e+04,55.291667
11324,1.13240000e+04,57.166667
11325,1.13250000e+04,57.166667
11326,1.13260000e+04,58.916667
11327,1.13270000e+04,58.916667
11328,1.13280000e+04,60.833333
11329,1.13290000e+04,60.833333
11330,1.13300000e+04,62.625000
11331,1.13310000e+04,62.625000
11332,1.13320000e+04,64.208333
11333,1.13330000e+04,64.208333
11334,1.13340000e+04,65.916667
11335,1.13350000e+04,65.916667
11336,1.13360000e+04,67.708333
11337,1.13370000e+04,67.708333
11338,1.13380000e+04,69.541667
11339,1.13390000e+04,69.541667
11340,1.13400000e+04,71.250000
11341,1.13410000e+04,71.250000
11342,1.13420000e+04,72.958333
11343,1.13430000e+04,72.958333
11344,1.13440000e+04,74.750000
11345,1.13450000e+04,74.750000
11346,1.13460000e+04,76.458333
11347,1.13470000e+04,76.458333
11348,1.13480000e+04,78.250000
11349,1.13490000e+04,78.250000
11350,1.13500000e+04,80.041667
11351,1.13510000e+04,80.041667
11352,1.13520000e+04,81.708333
11353,1.13530000e+04,81.708333
11354,1.13540000e+04,83.458333
11355,1.13550000e+04,83.458333
11356,1.13560000e+04,85.250000
11357,1.13570000e+04,85.250000
11358,1.13580000e+04,87.125000
11359,1.13590000e+04,87.125000
11360,1.13600000e+04,88.750000
11361,1.13610000e+04,88.750000
11362,1.13620000e+04,90.666667
11363,1.13630000e+04,90.666667
11364,1.13640000e+04,92.250000
11365,1.13650000e+04,92.250000
11366,1.13660000e+04,94.166667
11367,1.13670000e+04,94.166667
11368,1.13680000e+04,95.958333
11369,1.13690000e+04,95.958333
11370,1.13700000e+04,97.625000
11371,1.13710000e+04,97.625000
11372,1.13720000e+04,99.458333
11373,1.13730000e+04,99.458333
11374,1.13740000e+04,101.250000
11375,1.13750000e+04,101.250000
11376,1.13760000e+04,103.041667
11377,1.13770000e+04,103.041667
11378,1.13780000e+04,104.833333
11379,1.13790000e+04,104.833333
11380,1.13800000e+04,106.583333
11381,1.13810000e+04,106.583333
11382,1.13820000e+04,108.458333
11383,1.13830000e+04,108.458333
11384,1.13840000e+04,110.250000
11385,1.13850000e+04,110.250000
11386,1.13860000e+04,112.041667
11387,1.13870000e+04,112.041667
11388,1.13880000e+04,113.833333
11389,1.13890000e+04,113.833333
11390,1.13900000e+04,115.583333
11391,1.13910000e+04,115.583333
11392,1.13920000e+04,117.416667
11393,1.13930000e+04,117.416667
11394,1.13940000e+04,119.208333
11395,1.13950000e+04,119.208333
11396,1.13960000e+04,121.041667
11397,1.13970000e+04,121.041667
11398,1.13980000e+04,122.750000
11399,1.13990000e+04,122.750000
11400,1.14000000e+04,124.583333
11401,1.14010000e+04,124.583333
11402,1.14020000e+04,126.250000
11403,1.14030000e+04,126.250000
11404,1.14040000e+04,128.041667
11405,1.14050000e+04,128.041667
11406,1.14060000e+04,129.791667
11407,1.14070000e+04,129.791667
11408,1.14080000e+04,131.500000
11409,1.14090000e+04,131.500000
11410,1.14100000e+04,133.208333
11411,1.14110000e+04,133.208333
11412,1.14120000e+04,134.791667
11413,1.14130000e+04,134.791667
11414,1.14140000e+04,136.458333
11415,1.14150000e+04,136.458333
11416,1.14160000e+04,138.166667
11417,1.14170000e+04,138.166667
11418,1.14180000e+04,139.833333
11419,1.14190000e+04,139.833333
11420,1.14200000e+04,141.250000
11421,1.14210000e+04,141.250000
11422,1.14220000e+04,143.000000
11423,1.14230000e+04,143.000000
11424,1.14240000e+04,144.583333
11425,1.14250000e+04,144.583333
11426,1.14260000e+04,145.916667
11427,1.14270000e+04,145.916667
11428,1.14280000e+04,147.583333
11429,1.14290000e+04,147.583333
11430,1.14300000e+04,149.083333
11431,1.14310000e+04,149.083333
11432,1.14320000e+04,150.416667
11433,1.14330000e+04,150.416667
11434,1.14340000e+04,151.833333
11435,1.14350000e+04,151.833333
11436,1.14360000e+04,153.291667
11437,1.14370000e+04,153.291667
11438,1.14380000e+04,154.791667
11439,1.14390000e+04,154.791667
11440,1.14400000e+04,156.125000
11441,1.14410000e+04,156.125000
11442,1.14420000e+04,157.333333
11443,1.14430000e+04,157.333333
11444,1.14440000e+04,158.666667
11445,1.14450000e+04,158.666667
11446,1.14460000e+04,159.958333
11447,1.14470000e+04,159.958333
11448,1.14480000e+04,161.083333
11449,1.14490000e+04,161.083333
11450,1.14500000e+04,162.291667
11451,1.14510000e+04,162.291667
11452,1.14520000e+04,163.541667
11453,1.14530000e+04,163.541667
11454,1.14540000e+04,164.708333
11455,1.14550000e+04,164.708333
11456,1.14560000e+04,165.916667
11457,1.14570000e+04,165.916667
11458,1.14580000e+04,166.958333
11459,1.14590000e+04,166.958333
11460,1.14600000e+04,168.000000
11461,1.14610000e+04,168.000000
11462,1.14620000e+04,169.250000
11463,1.14630000e+04,169.250000
11464,1.14640000e+04,170.375000
11465,1.14650000e+04,170.375000
11466,1.14660000e+04,171.333333
11467,1.14670000e+04,171.333333
11468,1.14680000e+04,172.333333
11469,1.14690000e+04,172.333333
11470,1.14700000e+04,173.500000
11471,1.14710000e+04,173.500000
11472,1.14720000e+04,174.583333
11473,1.14730000e+04,174.583333
11474,1.14740000e+04,175.500000
11475,1.14750000e+04,175.500000
11476,1.14760000e+04,176.708333
11477,1.14770000e+04,176.708333
11478,1.14780000e+04,177.583333
11479,1.14790000e+04,177.583333
11480,1.14800000e+04,178.583333
11481,1.14810000e+04,178.583333
11482,1.14820000e+04,179.541667
11483,1.14830000e+04,179.541667
11484,1.14840000e+04,180.500000
11485,1.14850000e+04,180.500000
11486,1.14860000e+04,181.500000
11487,1.14870000e+04,181.500000
11488,1.14880000e+04,182.375000
11489,1.14890000e+04,182.375000
11490,1.14900000e+04,183.416667
11491,1.14910000e+04,183.416667
11492,1.14920000e+04,184.541667
11493,1.14930000e+04,184.541667
11494,1.14940000e+04,185.500000
11495,1.14950000e+04,185.500000
11496,1.14960000e+04,186.500000
11497,1.14970000e+04,186.500000
11498,1.14980000e+04,187.416667
11499,1.14990000e+04,187.416667
11500,1.15000000e+04,188.416667
11501,1.15010000e+04,188.416667
11502,1.15020000e+04,189.500000
11503,1.15030000e+04,189.500000
11504,1.15040000e+04,190.458333
11505,1.15050000e+04,190.458333
11506,1.15060000e+04,191.416667
11507,1.15070000e+04,191.416667
11508,1.15080000e+04,192.500000
11509,1.15090000e+04,192.500000
11510,1.15100000e+04,193.458333
11511,1.15110000e+04,193.458333
11512,1.15120000e+04,194.583333
11513,1.15130000e+04,194.583333
11514,1.15140000e+04,195.625000
11515,1.15150000e+04,195.625000
11516,1.15160000e+04,196.666667
11517,1.15170000e+04,196.666667
11518,1.15180000e+04,197.666667
11519,1.15190000e+04,197.666667
11520,1.15200000e+04,198.708333
11521,1.15210000e+04,198.708333
11522,1.15220000e+04,199.833333
11523,1.15230000e+04,199.833333
11524,1.15240000e+04,200.791667
11525,1.15250000e+04,200.791667
11526,1.15260000e+04,201.875000
11527,1.15270000e+04,201.875000
11528,1.15280000e+04,203.000000
11529,1.15290000e+04,203.000000
11530,1.15300000e+04,204.083333
11531,1.15310000e+04,204.083333
11532,1.15320000e+04,205.208333
11533,1.15330000e+04,205.208333
11534,1.15340000e+04,206.208333
11535,1.15350000e+04,206.208333
11536,1.15360000e+04,207.416667
11537,1.15370000e+04,207.416667
11538,1.15380000e+04,208.416667
11539,1.15390000e+04,208.416667
11540,1.15400000e+04,209.375000
11541,1.15410000e+04,209.375000
11542,1.15420000e+04,210.583333
11543,1.15430000e+04,210.583333
11544,1.15440000e+04,211.625000
11545,1.15450000e+04,211.625000
11546,1.15460000e+04,212.625000
11547,1.15470000e+04,212.625000
11548,1.15480000e+04,213.708333
11549,1.15490000e+04,213.708333
11550,1.15500000e+04,214.583333
11551,1.15510000e+04,214.583333
11552,1.15520000e+04,215.625000
11553,1.15530000e+04,215.625000
11554,1.15540000e+04,216.791667
11555,1.15550000e+04,216.791667
11556,1.15560000e+04,217.541667
11557,1.15570000e+04,217.541667
11558,1.15580000e+04,218.458333
11559,1.15590000e+04,218.458333
11560,1.15600000e+04,219.416667
11561,1.15610000e+04,219.416667
11562,1.15620000e+04,220.250000
11563,1.15630000e+04,220.250000
11564,1.15640000e+04,221.083333
11565,1.15650000e+04,221.083333
11566,1.15660000e+04,222.000000
11567,1.15670000e+04,222.000000
11568,1.15680000e+04,222.875000
11569,1.15690000e+04,222.875000
11570,1.15700000e+04,223.666667
11571,1.15710000e+04,223.666667
11572,1.15720000e+04,224.333333
11573,1.15730000e+04,224.333333
11574,1.15740000e+04,225.041667
11575,1.15750000e+04,225.041667
11576,1.15760000e+04,225.791667
11577,1.15770000e+04,225.791667
11578,1.15780000e+04,226.500000
11579,1.15790000e+04,226.500000
11580,1.15800000e+04,227.083333
11581,1.15810000e+04,227.083333
11582,1.15820000e+04,227.750000
11583,1.15830000e+04,227.750000
11584,1.15840000e+04,228.333333
11585,1.15850000e+04,228.333333
11586,1.15860000e+04,228.833333
11587,1.15870000e+04,228.833333
11588,1.15880000e+04,229.333333
11589,1.15890000e+04,229.333333
11590,1.15900000e+04,229.875000
11591,1.15910000e+04,229.875000
11592,1.15920000e+04,230.208333
11593,1.15930000e+04,230.208333
11594,1.15940000e+04,230.791667
11595,1.15950000e+04,230.791667
11596,1.15960000e+04,231.250000
11597,1.15970000e+04,231.250000
11598,1.15980000e+04,231.583333
11599,1.15990000e+04,231.583333
11600,1.16000000e+04,231.958333
11601,1.16010000e+04,231.958333
11602,1.16020000e+04,232.250000
11603,1.16030000e+04,232.250000
11604,1.16040000e+04,232.583333
11605,1.16050000e+04,232.583333
11606,1.16060000e+04,232.958333
11607,1.16070000e+04,232.958333
11608,1.16080000e+04,233.166667
11609,1.16090000e+04,233.166667
11610,1.16100000e+04,233.458333
11611,1.16110000e+04,233.458333
11612,1.16120000e+04,233.625000
11613,1.16130000e+04,233.625000
11614,1.16140000e+04,233.791667
11615,1.16150000e+04,233.791667
11616,1.16160000e+04,234.041667
11617,1.16170000e+04,234.041667
11618,1.16180000e+04,234.125000
11619,1.16190000e+04,234.125000
11620,1.16200000e+04,234.208333
11621,1.16210000e+04,234.208333
11622,1.16220000e+04,234.375000
11623,1.16230000e+04,234.375000
11624,1.16240000e+04,234.583333
11625,1.16250000e+04,234.583333
11626,1.16260000e+04,234.541667
11627,1.16270000e+04,234.541667
11628,1.16280000e+04,234.791667
11629,1.16290000e+04,234.791667
11630,1.16300000e+04,234.708333
11631,1.16310000e+04,234.708333
11632,1.16320000e+04,234.875000
11633,1.16330000e+04,234.875000
11634,1.16340000e+04,234.916667
11635,1.16350000e+04,234.916667
11636,1.16360000e+04,234.791667
11637,1.16370000e+04,234.791667
11638,1.16380000e+04,234.791667
11639,1.16390000e+04,234.791667
11640,1.16400000e+04,234.875000
11641,1.16410000e+04,234.875000
11642,1.16420000e+04,234.666667
11643,1.16430000e+04,234.666667
11644,1.16440000e+04,234.750000
11645,1.16450000e+04,234.750000
11646,1.16460000e+04,234.541667
11647,1.16470000e+04,234.541667
11648,1.16480000e+04,234.625000
11649,1.16490000e+04,234.625000
11650,1.16500000e+04,234.416667
11651,1.16510000e+04,234.416667
11652,1.16520000e+04,234.541667
11653,1.16530000e+04,234.541667
11654,1.16540000e+04,234.375000
11655,1.16550000e+04,234.375000
11656,1.16560000e+04,234.208333
11657,1.16570000e+04,234.208333
11658,1.16580000e+04,234.125000
11659,1.16590000e+04,234.125000
11660,1.16600000e+04,234.041667
11661,1.16610000e+04,234.041667
11662,1.16620000e+04,233.791667
11663,1.16630000e+04,233.791667
11664,1.16640000e+04,233.666667
11665,1.16650000e+04,233.666667
11666,1.16660000e+04,233.500000
11667,1.16670000e+04,233.500000
11668,1.16680000e+04,233.166667
11669,1.16690000e+04,233.166667
11670,1.16700000e+04,233.208333
11671,1.16710000e+04,233.208333
11672,1.16720000e+04,232.833333
11673,1.16730000e+04,232.833333
11674,1.16740000e+04,232.583333
11675,1.16750000e+04,232.583333
11676,1.16760000e+04,232.333333
11677,1.16770000e+04,232.333333
11678,1.16780000e+04,232.083333
11679,1.16790000e+04,232.083333
11680,1.16800000e+04,231.875000
11681,1.16810000e+04,231.875000
11682,1.16820000e+04,231.500000
11683,1.16830000e+04,231.500000
11684,1.16840000e+04,231.166667
11685,1.16850000e+04,231.166667
11686,1.16860000e+04,230.791667
11687,1.16870000e+04,230.791667
11688,1.16880000e+04,230.500000
11689,1.16890000e+04,230.500000
11690,1.16900000e+04,230.083333
11691,1.16910000e+04,230.083333
11692,1.16920000e+04,229.625000
11693,1.16930000e+04,229.625000
11694,1.16940000e+04,229.083333
11695,1.16950000e+04,229.083333
11696,1.16960000e+04,228.583333
11697,1.16970000e+04,228.583333
11698,1.16980000e+04,228.083333
11699,1.16990000e+04,228.083333
11700,1.17000000e+04,227.708333
11701,1.17010000e+04,227.708333
11702,1.17020000e+04,227.000000
11703,1.17030000e+04,227.000000
11704,1.17040000e+04,226.458333
11705,1.17050000e+04,226.458333
11706,1.17060000e+04,225.750000
11707,1.17070000e+04,225.750000
11708,1.17080000e+04,225.083333
11709,1.17090000e+04,225.083333
11710,1.17100000e+04,224.500000
11711,1.17110000e+04,224.500000
11712,1.17120000e+04,223.833333
11713,1.17130000e+04,223.833333
11714,1.17140000e+04,223.083333
11715,1.17150000e+04,223.083333
11716,1.17160000e+04,222.208333
11717,1.17170000e+04,222.208333
11718,1.17180000e+04,221.416667
11719,1.17190000e+04,221.416667
11720,1.17200000e+04,220.625000
11721,1.17210000e+04,220.625000
11722,1.17220000e+04,219.791667
11723,1.17230000e+04,219.791667
11724,1.17240000e+04,218.875000
11725,1.17250000e+04,218.875000
11726,1.17260000e+04,218.000000
11727,1.17270000e+04,218.000000
11728,1.17280000e+04,217.166667
11729,1.17290000e+04,217.166667
11730,1.17300000e+04,216.125000
11731,1.17310000e+04,216.125000
11732,1.17320000e+04,215.291667
11733,1.17330000e+04,215.291667
11734,1.17340000e+04,214.166667
11735,1.17350000e+04,214.166667
11736,1.17360000e+04,213.291667
11737,1.17370000e+04,213.291667
11738,1.17380000e+04,212.166667
11739,1.17390000e+04,212.166667
11740,1.17400000e+04,211.166667
11741,1.17410000e+04,211.166667
11742,1.17420000e+04,209.875000
11743,1.17430000e+04,209.875000
11744,1.17440000e+04,209.000000
11745,1.17450000e+04,209.000000
11746,1.17460000e+04,208.000000
11747,1.17470000e+04,208.000000
11748,1.17480000e+04,206.833333
11749,1.17490000e+04,206.833333
11750,1.17500000e+04,205.666667
11751,1.17510000e+04,205.666667
11752,1.17520000e+04,204.625000
11753,1.17530000e+04,204.625000
11754,1.17540000e+04,203.458333
11755,1.17550000e+04,203.458333
11756,1.17560000e+04,202.583333
11757,1.17570000e+04,202.583333
11758,1.17580000e+04,201.333333
11759,1.17590000e+04,201.333333
11760,1.17600000e+04,200.250000
11761,1.17610000e+04,200.250000
11762,1.17620000e+04,199.083333
11763,1.17630000e+04,199.083333
11764,1.17640000e+04,197.958333
11765,1.17650000e+04,197.958333
11766,1.17660000e+04,196.916667
11767,1.17670000e+04,196.916667
11768,1.17680000e+04,195.791667
11769,1.17690000e+04,195.791667
11770,1.17700000e+04,194.750000
11771,1.17710000e+04,194.750000
11772,1.17720000e+04,193.541667
11773,1.17730000e+04,193.541667
11774,1.17740000e+04,192.583333
11775,1.17750000e+04,192.583333
11776,1.17760000e+04,191.458333
11777,1.17770000e+04,191.458333
11778,1.17780000e+04,190.458333
11779,1.17790000e+04,190.458333
11780,1.17800000e+04,189.333333
11781,1.17810000e+04,189.333333
11782,1.17820000e+04,188.416667
11783,1.17830000e+04,188.416667
11784,1.17840000e+04,187.416667
11785,1.17850000e+04,187.416667
11786,1.17860000e+04,186.416667
11787,1.17870000e+04,186.416667
11788,1.17880000e+04,185.333333
11789,1.17890000e+04,185.333333
11790,1.17900000e+04,184.291667
11791,1.17910000e+04,184.291667
11792,1.17920000e+04,183.208333
11793,1.17930000e+04,183.208333
11794,1.17940000e+04,182.333333
11795,1.17950000e+04,182.333333
11796,1.17960000e+04,181.125000
11797,1.17970000e+04,181.125000
11798,1.17980000e+04,180.208333
11799,1.17990000e+04,180.208333
11800,1.18000000e+04,179.125000
11801,1.18010000e+04,179.125000
11802,1.18020000e+04,178.166667
11803,1.18030000e+04,178.166667
11804,1.18040000e+04,177.083333
11805,1.18050000e+04,177.083333
11806,1.18060000e+04,176.166667
11807,1.18070000e+04,176.166667
11808,1.18080000e+04,175.166667
11809,1.18090000e+04,175.166667
11810,1.18100000e+04,174.250000
11811,1.18110000e+04,174.250000
11812,1.18120000e+04,173.166667
11813,1.18130000e+04,173.166667
11814,1.18140000e+04,172.125000
11815,1.18150000e+04,172.125000
11816,1.18160000e+04,171.041667
11817,1.18170000e+04,171.041667
11818,1.18180000e+04,170.083333
11819,1.18190000e+04,170.083333
11820,1.18200000e+04,169.083333
11821,1.18210000e+04,169.083333
11822,1.18220000e+04,168.083333
11823,1.18230000e+04,168.083333
11824,1.18240000e+04,166.791667
11825,1.18250000e+04,166.791667
11826,1.18260000e+04,165.708333
11827,1.18270000e+04,165.708333
11828,1.18280000e+04,164.750000
11829,1.18290000e+04,164.750000
11830,1.18300000e+04,163.666667
11831,1.18310000e+04,163.666667
11832,1.18320000e+04,162.458333
11833,1.18330000e+04,162.458333
11834,1.18340000e+04,161.125000
11835,1.18350000e+04,161.125000
11836,1.18360000e+04,160.041667
11837,1.18370000e+04,160.041667
11838,1.18380000e+04,158.791667
11839,1.18390000e+04,158.791667
11840,1.18400000e+04,157.500000
11841,1.18410000e+04,157.500000
11842,1.18420000e+04,156.250000
11843,1.18430000e+04,156.250000
11844,1.18440000e+04,155.000000
11845,1.18450000e+04,155.000000
11846,1.18460000e+04,153.583333
11847,1.18470000e+04,153.583333
11848,1.18480000e+04,152.250000
11849,1.18490000e+04,152.250000
11850,1.18500000e+04,150.833333
11851,1.18510000e+04,150.833333
11852,1.18520000e+04,149.458333
11853,1.18530000e+04,149.458333
11854,1.18540000e+04,148.000000
11855,1.18550000e+04,148.000000
11856,1.18560000e+04,146.458333
11857,1.18570000e+04,146.458333
11858,1.18580000e+04,145.083333
11859,1.18590000e+04,145.083333
11860,1.18600000e+04,143.625000
11861,1.18610000e+04,143.625000
11862,1.18620000e+04,142.000000
11863,1.18630000e+04,142.000000
11864,1.18640000e+04,140.416667
11865,1.18650000e+04,140.416667
11866,1.18660000e+04,138.791667
11867,1.18670000e+04,138.791667
11868,1.18680000e+04,137.250000
11869,1.18690000e+04,137.250000
11870,1.18700000e+04,135.583333
11871,1.18710000e+04,135.583333
11872,1.18720000e+04,133.875000
11873,1.18730000e+04,133.875000
11874,1.18740000e+04,132.208333
11875,1.18750000e+04,132.208333
11876,1.18760000e+04,130.500000
11877,1.18770000e+04,130.500000
11878,1.18780000e+04,128.875000
11879,1.18790000e+04,128.875000
11880,1.18800000e+04,126.958333
11881,1.18810000e+04,126.958333
11882,1.18820000e+04,125.208333
11883,1.18830000e+04,125.208333
11884,1.18840000e+04,123.416667
11885,1.18850000e+04,123.416667
11886,1.18860000e+04,121.541667
11887,1.18870000e+04,121.541667
11888,1.18880000e+04,119.791667
11889,1.18890000e+04,119.791667
11890,1.18900000e+04,118.125000
11891,1.18910000e+04,118.125000
11892,1.18920000e+04,116.208333
11893,1.18930000e+04,116.208333
11894,1.18940000e+04,114.458333
11895,1.18950000e+04,114.458333
11896,1.18960000e+04,112.708333
11897,1.18970000e+04,112.708333
11898,1.18980000e+04,110.750000
11899,1.18990000e+04,110.750000
11900,1.19000000e+04,108.916667
11901,1.19010000e+04,108.916667
11902,1.19020000e+04,107.166667
11903,1.19030000e+04,107.166667
11904,1.19040000e+04,105.333333
11905,1.19050000e+04,105.333333
11906,1.19060000e+04,103.375000
11907,1.19070000e+04,103.375000
11908,1.19080000e+04,101.625000
11909,1.19090000e+04,101.625000
11910,1.19100000e+04,99.833333
11911,1.19110000e+04,99.833333
11912,1.19120000e+04,97.958333
11913,1.19130000e+04,97.958333
11914,1.19140000e+04,96.291667
11915,1.19150000e+04,96.291667
11916,1.19160000e+04,94.333333
11917,1.19170000e+04,94.333333
11918,1.19180000e+04,92.625000
11919,1.19190000e+04,92.625000
11920,1.19200000e+04,90.791667
11921,1.19210000e+04,90.791667
11922,1.19220000e+04,89.000000
11923,1.19230000e+04,89.000000
11924,1.19240000e+04,87.125000
11925,1.19250000e+04,87.125000
11926,1.19260000e+04,85.416667
11927,1.19270000e+04,85.416667
11928,1.19280000e+04,83.666667
11929,1.19290000e+04,83.666667
11930,1.19300000e+04,81.916667
11931,1.19310000e+04,81.916667
11932,1.19320000e+04,80.208333
11933,1.19330000e+04,80.208333
11934,1.19340000e+04,78.416667
11935,1.19350000e+04,78.416667
11936,1.19360000e+04,76.750000
11937,1.19370000e+04,76.750000
11938,1.19380000e+04,74.875000
11939,1.19390000e+04,74.875000
11940,1.19400000e+04,73.125000
11941,1.19410000e+04,73.125000
11942,1.19420000e+04,71.375000
11943,1.19430000e+04,71.375000
11944,1.19440000e+04,69.666667
11945,1.19450000e+04,69.666667
11946,1.19460000e+04,67.791667
11947,1.19470000e+04,67.791667
11948,1.19480000e+04,66.208333
11949,1.19490000e+04,66.208333
11950,1.19500000e+04,64.458333
11951,1.19510000e+04,64.458333
11952,1.19520000e+04,62.625000
11953,1.19530000e+04,62.625000
11954,1.19540000e+04,60.875000
11955,1.19550000e+04,60.875000
11956,1.19560000e+04,59.041667
11957,1.19570000e+04,59.041667
11958,1.19580000e+04,57.583333
11959,1.19590000e+04,57.583333
11960,1.19600000e+04,55.666667
11961,1.19610000e+04,55.666667
11962,1.19620000e+04,53.791667
11963,1.19630000e+04,53.791667
11964,1.19640000e+04,51.958333
11965,1.19650000e+04,51.958333
11966,1.19660000e+04,50.083333
11967,1.19670000e+04,50.083333
11968,1.19680000e+04,48.333333
11969,1.19690000e+04,48.333333
11970,1.19700000e+04,46.458333
11971,1.19710000e+04,46.458333
11972,1.19720000e+04,44.583333
11973,1.19730000e+04,44.583333
11974,1.19740000e+04,42.666667
11975,1.19750000e+04,42.666667
11976,1.19760000e+04,40.708333
11977,1.19770000e+04,40.708333
11978,1.19780000e+04,38.833333
11979,1.19790000e+04,38.833333
11980,1.19800000e+04,36.875000
11981,1.19810000e+04,36.875000
11982,1.19820000e+04,34.958333
11983,1.19830000e+04,34.958333
11984,1.19840000e+04,33.000000
11985,1.19850000e+04,33.000000
11986,1.19860000e+04,31.000000
11987,1.19870000e+04,31.000000
11988,1.19880000e+04,28.916667
11989,1.19890000e+04,28.916667
11990,1.19900000e+04,26.958333
11991,1.19910000e+04,26.958333
11992,1.19920000e+04,24.833333
11993,1.19930000e+04,24.833333
11994,1.19940000e+04,22.916667
11995,1.19950000e+04,22.916667
11996,1.19960000e+04,20.833333
11997,1.19970000e+04,20.833333
11998,1.19980000e+04,18.750000
11999,1.19990000e+04,18.750000
12000,1.20000000e+04,16.708333
12001,1.20010000e+04,16.708333
12002,1.20020000e+04,14.375000
12003,1.20030000e+04,14.375000
12004,1.20040000e+04,12.416667
12005,1.20050000e+04,12.416667
12006,1.20060000e+04,10.208333
12007,1.20070000e+04,10.208333
12008,1.20080000e+04,8.208333
12009,1.20090000e+04,8.208333
12010,1.20100000e+04,6.083333
12011,1.20110000e+04,6.083333
12012,1.20120000e+04,3.875000
12013,1.20130000e+04,3.875000
12014,1.20140000e+04,1.750000
12015,1.20150000e+04,1.750000
12016,1.20160000e+04,-0.541667
12017,1.20170000e+04,-0.541667
12018,1.20180000e+04,-2.500000
12019,1.20190000e+04,-2.500000
12020,1.20200000e+04,-4.625000
12021,1.20210000e+04,-4.625000
12022,1.20220000e+04,-6.750000
12023,1.20230000e+04,-6.750000
12024,1.20240000e+04,-9.041667
12025,1.20250000e+04,-9.041667
12026,1.20260000e+04,-11.250000
12027,1.20270000e+04,-11.250000
12028,1.20280000e+04,-13.333333
12029,1.20290000e+04,-13.333333
12030,1.20300000e+04,-15.416667
12031,1.20310000e+04,-15.416667
12032,1.20320000e+04,-17.416667
12033,1.20330000e+04,-17.416667
12034,1.20340000e+04,-19.625000
12035,1.20350000e+04,-19.625000
12036,1.20360000e+04,-21.708333
12037,1.20370000e+04,-21.708333
12038,1.20380000e+04,-23.833333
12039,1.20390000e+04,-23.833333
12040,1.20400000e+04,-25.833333
12041,1.20410000e+04,-25.833333
12042,1.20420000e+04,-28.000000
12043,1.20430000e+04,-28.000000
12044,1.20440000e+04,-29.958333
12045,1.20450000e+04,-29.958333
12046,1.20460000e+04,-31.916667
12047,1.20470000e+04,-31.916667
12048,1.20480000e+04,-33.916667
12049,1.20490000e+04,-33.916667
12050,1.20500000e+04,-36.125000
12051,1.20510000e+04,-36.125000
12052,1.20520000e+04,-38.000000
12053,1.20530000e+04,-38.000000
12054,1.20540000e+04,-39.958333
12055,1.20550000e+04,-39.958333
12056,1.20560000e+04,-41.875000
12057,1.20570000e+04,-41.875000
12058,1.20580000e+04,-43.916667
12059,1.20590000e+04,-43.916667
12060,1.20600000e+04,-45.833333
12061,1.20610000e+04,-45.833333
12062,1.20620000e+04,-47.625000
12063,1.20630000e+04,-47.625000
12064,1.20640000e+04,-49.458333
12065,1.20650000e+04,-49.458333
12066,1.20660000e+04,-51.416667
12067,1.20670000e+04,-51.416667
12068,1.20680000e+04,-53.208333
12069,1.20690000e+04,-53.208333
12070,1.20700000e+04,-55.083333
12071,1.20710000e+04,-55.083333
12072,1.20720000e+04,-56.791667
12073,1.20730000e+04,-56.791667
12074,1.20740000e+04,-58.583333
12075,1.20750000e+04,-58.583333
12076,1.20760000e+04,-60.541667
12077,1.20770000e+04,-60.541667
12078,1.20780000e+04,-62.333333
12079,1.20790000e+04,-62.333333
12080,1.20800000e+04,-64.083333
12081,1.20810000e+04,-64.083333
12082,1.20820000e+04,-65.666667
12083,1.20830000e+04,-65.666667
12084,1.20840000e+04,-67.375000
12085,1.20850000e+04,-67.375000
12086,1.20860000e+04,-69.208333
12087,1.20870000e+04,-69.208333
12088,1.20880000e+04,-70.916667
12089,1.20890000e+04,-70.916667
12090,1.20900000e+04,-72.750000
12091,1.20910000e+04,-72.750000
12092,1.20920000e+04,-74.458333
12093,1.20930000e+04,-74.458333
12094,1.20940000e+04,-76.125000
12095,1.20950000e+04,-76.125000
12096,1.20960000e+04,-77.833333
12097,1.20970000e+04,-77.833333
12098,1.20980000e+04,-79.666667
12099,1.20990000e+04,-79.666667
12100,1.21000000e+04,-81.458333
12101,1.21010000e+04,-81.458333
12102,1.21020000e+04,-83.250000
12103,1.21030000e+04,-83.250000
12104,1.21040000e+04,-84.958333
12105,1.21050000e+04,-84.958333
12106,1.21060000e+04,-86.666667
12107,1.21070000e+04,-86.666667
12108,1.21080000e+04,-88.541667
12109,1.21090000e+04,-88.541667
12110,1.21100000e+04,-90.250000
12111,1.21110000e+04,-90.250000
12112,1.21120000e+04,-92.041667
12113,1.21130000e+04,-92.041667
12114,1.21140000e+04,-93.666667
12115,1.21150000e+04,-93.666667
12116,1.21160000e+04,-95.416667
12117,1.21170000e+04,-95.416667
12118,1.21180000e+04,-97.375000
12119,1.21190000e+04,-97.375000
12120,1.21200000e+04,-99.208333
12121,1.21210000e+04,-99.208333
12122,1.21220000e+04,-100.916667
12123,1.21230000e+04,-100.916667
12124,1.21240000e+04,-102.708333
12125,1.21250000e+04,-102.708333
12126,1.21260000e+04,-104.625000
12127,1.21270000e+04,-104.625000
12128,1.21280000e+04,-106.333333
12129,1.21290000e+04,-106.333333
12130,1.21300000e+04,-108.208333
12131,1.21310000e+04,-108.208333
12132,1.21320000e+04,-109.958333
12133,1.21330000e+04,-109.958333
12134,1.21340000e+04,-111.750000
12135,1.21350000e+04,-111.750000
12136,1.21360000e+04,-113.500000
12137,1.21370000e+04,-113.500000
12138,1.21380000e+04,-115.291667
12139,1.21390000e+04,-115.291667
12140,1.21400000e+04,-117.041667
12141,1.21410000e+04,-117.041667
12142,1.21420000e+04,-119.000000
12143,1.21430000e+04,-119.000000
12144,1.21440000e+04,-120.708333
12145,1.21450000e+04,-120.708333
12146,1.21460000e+04,-122.291667
12147,1.21470000e+04,-122.291667
12148,1.21480000e+04,-124.166667
12149,1.21490000e+04,-124.166667
12150,1.21500000e+04,-125.916667
12151,1.21510000e+04,-125.916667
12152,1.21520000e+04,-127.625000
12153,1.21530000e+04,-127.625000
12154,1.21540000e+04,-129.333333
12155,1.21550000e+04,-129.333333
12156,1.21560000e+04,-131.208333
12157,1.21570000e+04,-131.208333
12158,1.21580000e+04,-132.791667
12159,1.21590000e+04,-132.791667
12160,1.21600000e+04,-134.541667
12161,1.21610000e+04,-134.541667
12162,1.21620000e+04,-136.333333
12163,1.21630000e+04,-136.333333
12164,1.21640000e+04,-137.833333
12165,1.21650000e+04,-137.833333
12166,1.21660000e+04,-139.500000
12167,1.21670000e+04,-139.500000
12168,1.21680000e+04,-141.000000
12169,1.21690000e+04,-141.000000
12170,1.21700000e+04,-142.666667
12171,1.21710000e+04,-142.666667
12172,1.21720000e+04,-144.125000
12173,1.21730000e+04,-144.125000
12174,1.21740000e+04,-145.750000
12175,1.21750000e+04,-145.750000
12176,1.21760000e+04,-147.333333
12177,1.21770000e+04,-147.333333
12178,1.21780000e+04,-148.625000
12179,1.21790000e+04,-148.625000
12180,1.21800000e+04,-150.125000
12181,1.21810000e+04,-150.125000
12182,1.21820000e+04,-151.583333
12183,1.21830000e+04,-151.583333
12184,1.21840000e+04,-153.083333
12185,1.21850000e+04,-153.083333
12186,1.21860000e+04,-154.291667
12187,1.21870000e+04,-154.291667
12188,1.21880000e+04,-155.666667
12189,1.21890000e+04,-155.666667
12190,1.21900000e+04,-156.958333
12191,1.21910000e+04,-156.958333
12192,1.21920000e+04,-158.375000
12193,1.21930000e+04,-158.375000
12194,1.21940000e+04,-159.625000
12195,1.21950000e+04,-159.625000
12196,1.21960000e+04,-160.791667
12197,1.21970000e+04,-160.791667
12198,1.21980000e+04,-162.166667
12199,1.21990000e+04,-162.166667
12200,1.22000000e+04,-163.166667
12201,1.22010000e+04,-163.166667
12202,1.22020000e+04,-164.416667
12203,1.22030000e+04,-164.416667
12204,1.22040000e+04,-165.541667
12205,1.22050000e+04,-165.541667
12206,1.22060000e+04,-166.666667
12207,1.22070000e+04,-166.666667
12208,1.22080000e+04,-167.916667
12209,1.22090000e+04,-167.916667
12210,1.22100000e+04,-168.833333
12211,1.22110000e+04,-168.833333
12212,1.22120000e+04,-169.916667
12213,1.22130000e+04,-169.916667
12214,1.22140000e+04,-171.125000
12215,1.22150000e+04,-171.125000
12216,1.22160000e+04,-172.166667
12217,1.22170000e+04,-172.166667
12218,1.22180000e+04,-173.166667
12219,1.22190000e+04,-173.166667
12220,1.22200000e+04,-174.250000
12221,1.22210000e+04,-174.250000
12222,1.22220000e+04,-175.208333
12223,1.22230000e+04,-175.208333
12224,1.22240000e+04,-176.041667
12225,1.22250000e+04,-176.041667
12226,1.22260000e+04,-177.166667
12227,1.22270000e+04,-177.166667
12228,1.22280000e+04,-178.166667
12229,1.22290000e+04,-178.166667
12230,1.22300000e+04,-179.250000
12231,1.22310000e+04,-179.250000
12232,1.22320000e+04,-180.125000
12233,1.22330000e+04,-180.125000
12234,1.22340000e+04,-181.250000
12235,1.22350000e+04,-181.250000
12236,1.22360000e+04,-182.166667
12237,1.22370000e+04,-182.166667
12238,1.22380000e+04,-183.083333
12239,1.22390000e+04,-183.083333
12240,1.22400000e+04,-184.041667
12241,1.22410000e+04,-184.041667
12242,1.22420000e+04,-185.041667
12243,1.22430000e+04,-185.041667
12244,1.22440000e+04,-186.083333
12245,1.22450000e+04,-186.083333
12246,1.22460000e+04,-187.041667
12247,1.22470000e+04,-187.041667
12248,1.22480000e+04,-188.000000
12249,1.22490000e+04,-188.000000
12250,1.22500000e+04,-189.083333
12251,1.22510000e+04,-189.083333
12252,1.22520000e+04,-190.125000
12253,1.22530000e+04,-190.125000
12254,1.22540000e+04,-190.958333
12255,1.22550000e+04,-190.958333
12256,1.22560000e+04,-192.166667
12257,1.22570000e+04,-192.166667
12258,1.22580000e+04,-193.208333
12259,1.22590000e+04,-193.208333
12260,1.22600000e+04,-194.166667
12261,1.22610000e+04,-194.166667
12262,1.22620000e+04,-195.208333
12263,1.22630000e+04,-195.208333
12264,1.22640000e+04,-196.291667
12265,1.22650000e+04,-196.291667
12266,1.22660000e+04,-197.291667
12267,1.22670000e+04,-197.291667
12268,1.22680000e+04,-198.375000
12269,1.22690000e+04,-198.375000
12270,1.22700000e+04,-199.416667
12271,1.22710000e+04,-199.416667
12272,1.22720000e+04,-200.333333
12273,1.22730000e+04,-200.333333
12274,1.22740000e+04,-201.583333
12275,1.22750000e+04,-201.583333
12276,1.22760000e+04,-202.625000
12277,1.22770000e+04,-202.625000
12278,1.22780000e+04,-203.791667
12279,1.22790000e+04,-203.791667
12280,1.22800000e+04,-204.750000
12281,1.22810000e+04,-204.750000
12282,1.22820000e+04,-205.750000
12283,1.22830000e+04,-205.750000
12284,1.22840000e+04,-206.916667
12285,1.22850000e+04,-206.916667
12286,1.22860000e+04,-208.083333
12287,1.22870000e+04,-208.083333
12288,1.22880000e+04,-209.041667
12289,1.22890000e+04,-209.041667
12290,1.22900000e+04,-210.083333
12291,1.22910000e+04,-210.083333
12292,1.22920000e+04,-211.125000
12293,1.22930000e+04,-211.125000
12294,1.22940000e+04,-212.291667
12295,1.22950000e+04,-212.291667
12296,1.22960000e+04,-213.333333
12297,1.22970000e+04,-213.333333
12298,1.22980000e+04,-214.250000
12299,1.22990000e+04,-214.250000
12300,1.23000000e+04,-215.208333
12301,1.23010000e+04,-215.208333
12302,1.23020000e+04,-216.166667
12303,1.23030000e+04,-216.166667
12304,1.23040000e+04,-217.166667
12305,1.23050000e+04,-217.166667
12306,1.23060000e+04,-218.083333
12307,1.23070000e+04,-218.083333
12308,1.23080000e+04,-218.916667
12309,1.23090000e+04,-218.916667
12310,1.23100000e+04,-219.833333
12311,1.23110000e+04,-219.833333
12312,1.23120000e+04,-220.750000
12313,1.23130000e+04,-220.750000
12314,1.23140000e+04,-221.625000
12315,1.23150000e+04,-221.625000
12316,1.23160000e+04,-222.375000
12317,1.23170000e+04,-222.375000
12318,1.23180000e+04,-223.125000
12319,1.23190000e+04,-223.125000
12320,1.23200000e+04,-224.000000
12321,1.23210000e+04,-224.000000
12322,1.23220000e+04,-224.625000
12323,1.23230000e+04,-224.625000
12324,1.23240000e+04,-225.333333
12325,1.23250000e+04,-225.333333
12326,1.23260000e+04,-226.125000
12327,1.23270000e+04,-226.125000
12328,1.23280000e+04,-226.708333
12329,1.23290000e+04,-226.708333
12330,1.23300000e+04,-227.291667
12331,1.23310000e+04,-227.291667
12332,1.23320000e+04,-228.041667
12333,1.23330000e+04,-228.041667
12334,1.23340000e+04,-228.541667
12335,1.23350000e+04,-228.541667
12336,1.23360000e+04,-229.000000
12337,1.23370000e+04,-229.000000
12338,1.23380000e+04,-229.458333
12339,1.23390000e+04,-229.458333
12340,1.23400000e+04,-230.041667
12341,1.23410000e+04,-230.041667
12342,1.23420000e+04,-230.541667
12343,1.23430000e+04,-230.541667
12344,1.23440000e+04,-230.958333
12345,1.23450000e+04,-230.958333
12346,1.23460000e+04,-231.208333
12347,1.23470000e+04,-231.208333
12348,1.23480000e+04,-231.625000
12349,1.23490000e+04,-231.625000
12350,1.23500000e+04,-231.958333
12351,1.23510000e+04,-231.958333
12352,1.23520000e+04,-232.208333
12353,1.23530000e+04,-232.208333
12354,1.23540000e+04,-232.458333
12355,1.23550000e+04,-232.458333
12356,1.23560000e+04,-232.833333
12357,1.23570000e+04,-232.833333
12358,1.23580000e+04,-233.083333
12359,1.23590000e+04,-233.083333
12360,1.23600000e+04,-233.166667
12361,1.23610000e+04,-233.166667
12362,1.23620000e+04,-233.416667
12363,1.23630000e+04,-233.416667
12364,1.23640000e+04,-233.750000
12365,1.23650000e+04,-233.750000
12366,1.23660000e+04,-233.875000
12367,1.23670000e+04,-233.875000
12368,1.23680000e+04,-233.958333
12369,1.23690000e+04,-233.958333
12370,1.23700000e+04,-234.041667
12371,1.23710000e+04,-234.041667
12372,1.23720000e+04,-234.208333
12373,1.23730000e+04,-234.208333
12374,1.23740000e+04,-234.416667
12375,1.23750000e+04,-234.416667
12376,1.23760000e+04,-234.416667
12377,1.23770000e+04,-234.416667
12378,1.23780000e+04,-234.500000
12379,1.23790000e+04,-234.500000
12380,1.23800000e+04,-234.458333
12381,1.23810000e+04,-234.458333
12382,1.23820000e+04,-234.458333
12383,1.23830000e+04,-234.458333
12384,1.23840000e+04,-234.750000
12385,1.23850000e+04,-234.750000
12386,1.23860000e+04,-234.458333
12387,1.23870000e+04,-234.458333
12388,1.23880000e+04,-234.500000
12389,1.23890000e+04,-234.500000
12390,1.23900000e+04,-234.625000
12391,1.23910000e+04,-234.625000
12392,1.23920000e+04,-234.458333
12393,1.23930000e+04,-234.458333
12394,1.23940000e+04,-234.458333
12395,1.23950000e+04,-234.458333
12396,1.23960000e+04,-234.250000
12397,1.23970000e+04,-234.250000
12398,1.23980000e+04,-234.208333
12399,1.23990000e+04,-234.208333
12400,1.24000000e+04,-234.208333
12401,1.24010000e+04,-234.208333
12402,1.24020000e+04,-234.041667
12403,1.24030000e+04,-234.041667
12404,1.24040000e+04,-233.916667
12405,1.24050000e+04,-233.916667
12406,1.24060000e+04,-233.916667
12407,1.24070000e+04,-233.916667
12408,1.24080000e+04,-233.875000
12409,1.24090000e+04,-233.875000
12410,1.24100000e+04,-233.625000
12411,1.24110000e+04,-233.625000
12412,1.24120000e+04,-233.583333
12413,1.24130000e+04,-233.583333
12414,1.24140000e+04,-233.250000
12415,1.24150000e+04,-233.250000
12416,1.24160000e+04,-233.000000
12417,1.24170000e+04,-233.000000
12418,1.24180000e+04,-232.958333
12419,1.24190000e+04,-232.958333
12420,1.24200000e+04,-232.750000
12421,1.24210000e+04,-232.750000
12422,1.24220000e+04,-232.458333
12423,1.24230000e+04,-232.458333
12424,1.24240000e+04,-232.166667
12425,1.24250000e+04,-232.166667
12426,1.24260000e+04,-231.833333
12427,1.24270000e+04,-231.833333
12428,1.24280000e+04,-231.583333
12429,1.24290000e+04,-231.583333
12430,1.24300000e+04,-231.291667
12431,1.24310000e+04,-231.291667
12432,1.24320000e+04,-230.916667
12433,1.24330000e+04,-230.916667
12434,1.24340000e+04,-230.541667
12435,1.24350000e+04,-230.541667
12436,1.24360000e+04,-230.208333
12437,1.24370000e+04,-230.208333
12438,1.24380000e+04,-229.833333
12439,1.24390000e+04,-229.833333
12440,1.24400000e+04,-229.375000
12441,1.24410000e+04,-229.375000
12442,1.24420000e+04,-228.958333
12443,1.24430000e+04,-228.958333
12444,1.24440000e+04,-228.333333
12445,1.24450000e+04,-228.333333
12446,1.24460000e+04,-228.000000
12447,1.24470000e+04,-228.000000
12448,1.24480000e+04,-227.375000
12449,1.24490000e+04,-227.375000
12450,1.24500000e+04,-226.708333
12451,1.24510000e+04,-226.708333
12452,1.24520000e+04,-226.250000
12453,1.24530000e+04,-226.250000
12454,1.24540000e+04,-225.583333
12455,1.24550000e+04,-225.583333
12456,1.24560000e+04,-224.916667
12457,1.24570000e+04,-224.916667
12458,1.24580000e+04,-224.416667
12459,1.24590000e+04,-224.416667
12460,1.24600000e+04,-223.583333
12461,1.24610000e+04,-223.583333
12462,1.24620000e+04,-222.791667
12463,1.24630000e+04,-222.791667
12464,1.24640000e+04,-222.125000
12465,1.24650000e+04,-222.125000
12466,1.24660000e+04,-221.250000
12467,1.24670000e+04,-221.250000
12468,1.24680000e+04,-220.416667
12469,1.24690000e+04,-220.416667
12470,1.24700000e+04,-219.625000
12471,1.24710000e+04,-219.625000
12472,1.24720000e+04,-218.791667
12473,1.24730000e+04,-218.791667
12474,1.24740000e+04,-218.041667
12475,1.24750000e+04,-218.041667
12476,1.24760000e+04,-217.041667
12477,1.24770000e+04,-217.041667
12478,1.24780000e+04,-216.166667
12479,1.24790000e+04,-216.166667
12480,1.24800000e+04,-215.166667
12481,1.24810000e+04,-215.166667
12482,1.24820000e+04,-214.083333
12483,1.24830000e+04,-214.083333
12484,1.24840000e+04,-213.125000
12485,1.24850000e+04,-213.125000
12486,1.24860000e+04,-212.125000
12487,1.24870000e+04,-212.125000
12488,1.24880000e+04,-211.041667
12489,1.24890000e+04,-211.041667
12490,1.24900000e+04,-209.958333
12491,1.24910000e+04,-209.958333
12492,1.24920000e+04,-208.916667
12493,1.24930000e+04,-208.916667
12494,1.24940000e+04,-207.916667
12495,1.24950000e+04,-207.916667
12496,1.24960000e+04,-206.750000
12497,1.24970000e+04,-206.750000
12498,1.24980000e+04,-205.750000
12499,1.24990000e+04,-205.750000
12500,1.25000000e+04,-204.583333
12501,1.25010000e+04,-204.583333
12502,1.25020000e+04,-203.541667
12503,1.25030000e+04,-203.541667
12504,1.25040000e+04,-202.541667
12505,1.25050000e+04,-202.541667
12506,1.25060000e+04,-201.250000
12507,1.25070000e+04,-201.250000
12508,1.25080000e+04,-200.208333
12509,1.25090000e+04,-200.208333
12510,1.25100000e+04,-199.041667
12511,1.25110000e+04,-199.041667
12512,1.25120000e+04,-198.041667
12513,1.25130000e+04,-198.041667
12514,1.25140000e+04,-196.916667
12515,1.25150000e+04,-196.916667
12516,1.25160000e+04,-195.708333
12517,1.25170000e+04,-195.708333
12518,1.25180000e+04,-194.666667
12519,1.25190000e+04,-194.666667
12520,1.25200000e+04,-193.625000
12521,1.25210000e+04,-193.625000
12522,1.25220000e+04,-192.500000
12523,1.25230000e+04,-192.500000
12524,1.25240000e+04,-191.416667
12525,1.25250000e+04,-191.416667
12526,1.25260000e+04,-190.416667
12527,1.25270000e+04,-190.416667
12528,1.25280000e+04,-189.208333
12529,1.25290000e+04,-189.208333
12530,1.25300000e+04,-188.333333
12531,1.25310000e+04,-188.333333
12532,1.25320000e+04,-187.291667
12533,1.25330000e+04,-187.291667
12534,1.25340000e+04,-186.125000
12535,1.25350000e+04,-186.125000
12536,1.25360000e+04,-185.250000
12537,1.25370000e+04,-185.250000
12538,1.25380000e+04,-184.208333
12539,1.25390000e+04,-184.208333
12540,1.25400000e+04,-183.083333
12541,1.25410000e+04,-183.083333
12542,1.25420000e+04,-182.166667
12543,1.25430000e+04,-182.166667
12544,1.25440000e+04,-181.333333
12545,1.25450000e+04,-181.333333
12546,1.25460000e+04,-180.125000
12547,1.25470000e+04,-180.125000
12548,1.25480000e+04,-179.166667
12549,1.25490000e+04,-179.166667
12550,1.25500000e+04,-178.250000
12551,1.25510000e+04,-178.250000
12552,1.25520000e+04,-177.083333
12553,1.25530000e+04,-177.083333
12554,1.25540000e+04,-176.125000
12555,1.25550000e+04,-176.125000
12556,1.25560000e+04,-175.125000
12557,1.25570000e+04,-175.125000
12558,1.25580000e+04,-174.125000
12559,1.25590000e+04,-174.125000
12560,1.25600000e+04,-173.208333
12561,1.25610000e+04,-173.208333
12562,1.25620000e+04,-172.083333
12563,1.25630000e+04,-172.083333
12564,1.25640000e+04,-171.125000
12565,1.25650000e+04,-171.125000
12566,1.25660000e+04,-170.083333
12567,1.25670000e+04,-170.083333
12568,1.25680000e+04,-169.041667
12569,1.25690000e+04,-169.041667
12570,1.25700000e+04,-167.958333
12571,1.25710000e+04,-167.958333
12572,1.25720000e+04,-166.875000
12573,1.25730000e+04,-166.875000
12574,1.25740000e+04,-165.791667
12575,1.25750000e+04,-165.791667
12576,1.25760000e+04,-164.708333
12577,1.25770000e+04,-164.708333
12578,1.25780000e+04,-163.541667
12579,1.25790000e+04,-163.541667
12580,1.25800000e+04,-162.375000
12581,1.25810000e+04,-162.375000
12582,1.25820000e+04,-161.291667
12583,1.25830000e+04,-161.291667
12584,1.25840000e+04,-160.083333
12585,1.25850000e+04,-160.083333
12586,1.25860000e+04,-158.791667
12587,1.25870000e+04,-158.791667
12588,1.25880000e+04,-157.541667
12589,1.25890000e+04,-157.541667
12590,1.25900000e+04,-156.333333
12591,1.25910000e+04,-156.333333
12592,1.25920000e+04,-155.041667
12593,1.25930000e+04,-155.041667
12594,1.25940000e+04,-153.708333
12595,1.25950000e+04,-153.708333
12596,1.25960000e+04,-152.375000
12597,1.25970000e+04,-152.375000
12598,1.25980000e+04,-151.166667
12599,1.25990000e+04,-151.166667
12600,1.26000000e+04,-149.625000
12601,1.26010000e+04,-149.625000
12602,1.26020000e+04,-148.166667
12603,1.26030000e+04,-148.166667
12604,1.26040000e+04,-146.583333
12605,1.26050000e+04,-146.583333
12606,1.26060000e+04,-145.166667
12607,1.26070000e+04,-145.166667
12608,1.26080000e+04,-143.666667
12609,1.26090000e+04,-143.666667
12610,1.26100000e+04,-142.125000
12611,1.26110000e+04,-142.125000
12612,1.26120000e+04,-140.500000
12613,1.26130000e+04,-140.500000
12614,1.26140000e+04,-138.791667
12615,1.26150000e+04,-138.791667
12616,1.26160000e+04,-137.291667
12617,1.26170000e+04,-137.291667
12618,1.26180000e+04,-135.791667
12619,1.26190000e+04,-135.791667
12620,1.26200000e+04,-134.041667
12621,1.26210000e+04,-134.041667
12622,1.26220000e+04,-132.291667
12623,1.26230000e+04,-132.291667
12624,1.26240000e+04,-130.875000
12625,1.26250000e+04,-130.875000
12626,1.26260000e+04,-128.833333
12627,1.26270000e+04,-128.833333
12628,1.26280000e+04,-127.166667
12629,1.26290000e+04,-127.166667
12630,1.26300000e+04,-125.375000
12631,1.26310000e+04,-125.375000
12632,1.26320000e+04,-123.666667
12633,1.26330000e+04,-123.666667
12634,1.26340000e+04,-121.833333
12635,1.26350000e+04,-121.833333
12636,1.26360000e+04,-120.125000
12637,1.26370000e+04,-120.125000
12638,1.26380000e+04,-118.250000
12639,1.26390000e+04,-118.250000
12640,1.26400000e+04,-116.416667
12641,1.26410000e+04,-116.416667
12642,1.26420000e+04,-114.625000
12643,1.26430000e+04,-114.625000
12644,1.26440000e+04,-112.833333
12645,1.26450000e+04,-112.833333
12646,1.26460000e+04,-110.958333
12647,1.26470000e+04,-110.958333
12648,1.26480000e+04,-109.208333
12649,1.26490000e+04,-109.208333
12650,1.26500000e+04,-107.416667
12651,1.26510000e+04,-107.416667
12652,1.26520000e+04,-105.500000
12653,1.26530000e+04,-105.500000
12654,1.26540000e+04,-103.583333
12655,1.26550000e+04,-103.583333
12656,1.26560000e+04,-102.000000
12657,1.26570000e+04,-102.000000
12658,1.26580000e+04,-100.125000
12659,1.26590000e+04,-100.125000
12660,1.26600000e+04,-98.166667
12661,1.26610000e+04,-98.166667
12662,1.26620000e+04,-96.333333
12663,1.26630000e+04,-96.333333
12664,1.26640000e+04,-94.458333
12665,1.26650000e+04,-94.458333
12666,1.26660000e+04,-92.791667
12667,1.26670000e+04,-92.791667
12668,1.26680000e+04,-91.041667
12669,1.26690000e+04,-91.041667
12670,1.26700000e+04,-89.250000
12671,1.26710000e+04,-89.250000
12672,1.26720000e+04,-87.416667
12673,1.26730000e+04,-87.416667
12674,1.26740000e+04,-85.541667
12675,1.26750000e+04,-85.541667
12676,1.26760000e+04,-83.833333
12677,1.26770000e+04,-83.833333
12678,1.26780000e+04,-82.166667
12679,1.26790000e+04,-82.166667
12680,1.26800000e+04,-80.291667
12681,1.26810000e+04,-80.291667
12682,1.26820000e+04,-78.583333
12683,1.26830000e+04,-78.583333
12684,1.26840000e+04,-76.833333
12685,1.26850000e+04,-76.833333
12686,1.26860000e+04,-75.000000
12687,1.26870000e+04,-75.000000
12688,1.26880000e+04,-73.458333
12689,1.26890000e+04,-73.458333
12690,1.26900000e+04,-71.583333
12691,1.26910000e+04,-71.583333
12692,1.26920000e+04,-69.833333
12693,1.26930000e+04,-69.833333
12694,1.26940000e+04,-68.125000
12695,1.26950000e+04,-68.125000
12696,1.26960000e+04,-66.333333
12697,1.26970000e+04,-66.333333
12698,1.26980000e+04,-64.541667
12699,1.26990000e+04,-64.541667
12700,1.27000000e+04,-62.875000
12701,1.27010000e+04,-62.875000
12702,1.27020000e+04,-61.125000
12703,1.27030000e+04,-61.125000
12704,1.27040000e+04,-59.291667
12705,1.27050000e+04,-59.291667
12706,1.27060000e+04,-57.666667
12707,1.27070000e+04,-57.666667
12708,1.27080000e+04,-55.791667
12709,1.27090000e+04,-55.791667
12710,1.27100000e+04,-54.083333
12711,1.27110000e+04,-54.083333
12712,1.27120000e+04,-52.041667
12713,1.27130000e+04,-52.041667
12714,1.27140000e+04,-50.416667
12715,1.27150000e+04,-50.416667
12716,1.27160000e+04,-48.500000
12717,1.27170000e+04,-48.500000
12718,1.27180000e+04,-46.708333
12719,1.27190000e+04,-46.708333
12720,1.27200000e+04,-44.875000
12721,1.27210000e+04,-44.875000
12722,1.27220000e+04,-43.000000
12723,1.27230000e+04,-43.000000
12724,1.27240000e+04,-41.041667
12725,1.27250000e+04,-41.041667
12726,1.27260000e+04,-39.125000
12727,1.27270000e+04,-39.125000
12728,1.27280000e+04,-37.250000
12729,1.27290000e+04,-37.250000
12730,1.27300000e+04,-35.291667
12731,1.27310000e+04,-35.291667
12732,1.27320000e+04,-33.291667
12733,1.27330000e+04,-33.291667
12734,1.27340000e+04,-31.291667
12735,1.27350000e+04,-31.291667
12736,1.27360000e+04,-29.208333
12737,1.27370000e+04,-29.208333
12738,1.27380000e+04,-27.250000
12739,1.27390000e+04,-27.250000
12740,1.27400000e+04,-25.083333
12741,1.27410000e+04,-25.083333
12742,1.27420000e+04,-23.166667
12743,1.27430000e+04,-23.166667
12744,1.27440000e+04,-21.083333
12745,1.27450000e+04,-21.083333
12746,1.27460000e+04,-19.083333
12747,1.27470000e+04,-19.083333
12748,1.27480000e+04,-16.916667
12749,1.27490000e+04,-16.916667
12750,1.27500000e+04,-14.875000
12751,1.27510000e+04,-14.875000
12752,1.27520000e+04,-12.666667
12753,1.27530000e+04,-12.666667
12754,1.27540000e+04,-10.583333
12755,1.27550000e+04,-10.583333
12756,1.27560000e+04,-8.416667
12757,1.27570000e+04,-8.416667
12758,1.27580000e+04,-6.375000
12759,1.27590000e+04,-6.375000
12760,1.27600000e+04,-4.125000
12761,1.27610000e+04,-4.125000
12762,1.27620000e+04,-2.000000
12763,1.27630000e+04,-2.000000
12764,1.27640000e+04,0.041667
12765,1.27650000e+04,0.041667
12766,1.27660000e+04,2.250000
12767,1.27670000e+04,2.250000
12768,1.27680000e+04,4.333333
12769,1.27690000e+04,4.333333
12770,1.27700000e+04,6.416667
12771,1.27710000e+04,6.416667
12772,1.27720000e+04,8.541667
12773,1.27730000e+04,8.541667
12774,1.27740000e+04,10.791667
12775,1.27750000e+04,10.791667
12776,1.27760000e+04,12.875000
12777,1.27770000e+04,12.875000
12778,1.27780000e+04,15.041667
12779,1.27790000e+04,15.041667
12780,1.27800000e+04,17.083333
12781,1.27810000e+04,17.083333
12782,1.27820000e+04,19.166667
12783,1.27830000e+04,19.166667
12784,1.27840000e+04,21.208333
12785,1.27850000e+04,21.208333
12786,1.27860000e+04,23.291667
12787,1.27870000e+04,23.291667
12788,1.27880000e+04,25.500000
12789,1.27890000e+04,25.500000
12790,1.27900000e+04,27.333333
12791,1.27910000e+04,27.333333
12792,1.27920000e+04,29.583333
12793,1.27930000e+04,29.583333
12794,1.27940000e+04,31.666667
12795,1.27950000e+04,31.666667
12796,1.27960000e+04,33.666667
12797,1.27970000e+04,33.666667
12798,1.27980000e+04,35.500000
12799,1.27990000e+04,35.500000
12800,1.28000000e+04,37.541667
12801,1.28010000e+04,37.541667
12802,1.28020000e+04,39.583333
12803,1.28030000e+04,39.583333
12804,1.28040000e+04,41.500000
12805,1.28050000e+04,41.500000
12806,1.28060000e+04,43.291667
12807,1.28070000e+04,43.291667
12808,1.28080000e+04,45.291667
12809,1.28090000e+04,45.291667
12810,1.28100000e+04,47.166667
12811,1.28110000e+04,47.166667
12812,1.28120000e+04,49.000000
12813,1.28130000e+04,49.000000
12814,1.28140000e+04,51.000000
12815,1.28150000e+04,51.000000
12816,1.28160000e+04,52.833333
12817,1.28170000e+04,52.833333
12818,1.28180000e+04,54.583333
12819,1.28190000e+04,54.583333
12820,1.28200000e+04,56.291667
12821,1.28210000e+04,56.291667
12822,1.28220000e+04,58.125000
12823,1.28230000e+04,58.125000
12824,1.28240000e+04,60.083333
12825,1.28250000e+04,60.083333
12826,1.28260000e+04,61.708333
12827,1.28270000e+04,61.708333
12828,1.28280000e+04,63.625000
12829,1.28290000e+04,63.625000
12830,1.28300000e+04,65.208333
12831,1.28310000e+04,65.208333
12832,1.28320000e+04,67.000000
12833,1.28330000e+04,67.000000
12834,1.28340000e+04,68.791667
12835,1.28350000e+04,68.791667
12836,1.28360000e+04,70.541667
12837,1.28370000e+04,70.541667
12838,1.28380000e+04,72.166667
12839,1.28390000e+04,72.166667
12840,1.28400000e+04,74.041667
12841,1.28410000e+04,74.041667
12842,1.28420000e+04,75.708333
12843,1.28430000e+04,75.708333
12844,1.28440000e+04,77.500000
12845,1.28450000e+04,77.500000
12846,1.28460000e+04,79.166667
12847,1.28470000e+04,79.166667
12848,1.28480000e+04,80.958333
12849,1.28490000e+04,80.958333
12850,1.28500000e+04,82.875000
12851,1.28510000e+04,82.875000
12852,1.28520000e+04,84.500000
12853,1.28530000e+04,84.500000
12854,1.28540000e+04,86.333333
12855,1.28550000e+04,86.333333
12856,1.28560000e+04,87.875000
12857,1.28570000e+04,87.875000
12858,1.28580000e+04,89.875000
12859,1.28590000e+04,89.875000
12860,1.28600000e+04,91.500000
12861,1.28610000e+04,91.500000
12862,1.28620000e+04,93.458333
12863,1.28630000e+04,93.458333
12864,1.28640000e+04,95.125000
12865,1.28650000e+04,95.125000
12866,1.28660000e+04,96.833333
12867,1.28670000e+04,96.833333
12868,1.28680000e+04,98.666667
12869,1.28690000e+04,98.666667
12870,1.28700000e+04,100.458333
12871,1.28710000e+04,100.458333
12872,1.28720000e+04,102.250000
12873,1.28730000e+04,102.250000
12874,1.28740000e+04,104.083333
12875,1.28750000e+04,104.083333
12876,1.28760000e+04,105.833333
12877,1.28770000e+04,105.833333
12878,1.28780000e+04,107.666667
12879,1.28790000e+04,107.666667
12880,1.28800000e+04,109.375000
12881,1.28810000e+04,109.375000
12882,1.28820000e+04,111.333333
12883,1.28830000e+04,111.333333
12884,1.28840000e+04,113.208333
12885,1.28850000e+04,113.208333
12886,1.28860000e+04,114.791667
12887,1.28870000e+04,114.791667
12888,1.28880000e+04,116.583333
12889,1.28890000e+04,116.583333
12890,1.28900000e+04,118.333333
12891,1.28910000e+04,118.333333
12892,1.28920000e+04,120.083333
12893,1.28930000e+04,120.083333
12894,1.28940000e+04,121.958333
12895,1.28950000e+04,121.958333
12896,1.28960000e+04,123.666667
12897,1.28970000e+04,123.666667
12898,1.28980000e+04,125.416667
12899,1.28990000e+04,125.416667
12900,1.29000000e+04,127.250000
12901,1.29010000e+04,127.250000
12902,1.29020000e+04,129.000000
12903,1.29030000e+04,129.000000
12904,1.29040000e+04,130.583333
12905,1.29050000e+04,130.583333
12906,1.29060000e+04,132.375000
12907,1.29070000e+04,132.375000
12908,1.29080000e+04,134.000000
12909,1.29090000e+04,134.000000
12910,1.29100000e+04,135.666667
12911,1.29110000e+04,135.666667
12912,1.29120000e+04,137.291667
12913,1.29130000e+04,137.291667
12914,1.29140000e+04,138.916667
12915,1.29150000e+04,138.916667
12916,1.29160000e+04,140.583333
12917,1.29170000e+04,140.583333
12918,1.29180000e+04,142.208333
12919,1.29190000e+04,142.208333
12920,1.29200000e+04,143.791667
12921,1.29210000e+04,143.791667
12922,1.29220000e+04,145.208333
12923,1.29230000e+04,145.208333
12924,1.29240000e+04,146.666667
12925,1.29250000e+04,146.666667
12926,1.29260000e+04,148.208333
12927,1.29270000e+04,148.208333
12928,1.29280000e+04,149.625000
12929,1.29290000e+04,149.625000
12930,1.29300000e+04,151.125000
12931,1.29310000e+04,151.125000
12932,1.29320000e+04,152.583333
12933,1.29330000e+04,152.583333
12934,1.29340000e+04,153.875000
12935,1.29350000e+04,153.875000
12936,1.29360000e+04,155.166667
12937,1.29370000e+04,155.166667
12938,1.29380000e+04,156.458333
12939,1.29390000e+04,156.458333
12940,1.29400000e+04,157.750000
12941,1.29410000e+04,157.750000
12942,1.29420000e+04,159.083333
12943,1.29430000e+04,159.083333
12944,1.29440000e+04,160.458333
12945,1.29450000e+04,160.458333
12946,1.29460000e+04,161.625000
12947,1.29470000e+04,161.625000
12948,1.29480000e+04,162.833333
12949,1.29490000e+04,162.833333
12950,1.29500000e+04,164.000000
12951,1.29510000e+04,164.000000
12952,1.29520000e+04,165.208333
12953,1.29530000e+04,165.208333
12954,1.29540000e+04,166.250000
12955,1.29550000e+04,166.250000
12956,1.29560000e+04,167.416667
12957,1.29570000e+04,167.416667
12958,1.29580000e+04,168.583333
12959,1.29590000e+04,168.583333
12960,1.29600000e+04,169.541667
12961,1.29610000e+04,169.541667
12962,1.29620000e+04,170.541667
12963,1.29630000e+04,170.541667
12964,1.29640000e+04,171.666667
12965,1.29650000e+04,171.666667
12966,1.29660000e+04,172.583333
12967,1.29670000e+04,172.583333
12968,1.29680000e+04,173.708333
12969,1.29690000e+04,173.708333
12970,1.29700000e+04,174.708333
12971,1.29710000e+04,174.708333
12972,1.29720000e+04,175.791667
12973,1.29730000e+04,175.791667
12974,1.29740000e+04,176.958333
12975,1.29750000e+04,176.958333
12976,1.29760000e+04,177.833333
12977,1.29770000e+04,177.833333
12978,1.29780000e+04,178.708333
12979,1.29790000e+04,178.708333
12980,1.29800000e+04,179.750000
12981,1.29810000e+04,179.750000
12982,1.29820000e+04,180.750000
12983,1.29830000e+04,180.750000
12984,1.29840000e+04,181.666667
12985,1.29850000e+04,181.666667
12986,1.29860000e+04,182.750000
12987,1.29870000e+04,182.750000
12988,1.29880000e+04,183.666667
12989,1.29890000e+04,183.666667
12990,1.29900000e+04,184.666667
12991,1.29910000e+04,184.666667
12992,1.29920000e+04,185.583333
12993,1.29930000e+04,185.583333
12994,1.29940000e+04,186.666667
12995,1.29950000e+04,186.666667
12996,1.29960000e+04,187.625000
12997,1.29970000e+04,187.625000
12998,1.29980000e+04,188.583333
12999,1.29990000e+04,188.583333
13000,1.30000000e+04,189.541667
13001,1.30010000e+04,189.541667
13002,1.30020000e+04,190.708333
13003,1.30030000e+04,190.708333
13004,1.30040000e+04,191.750000
13005,1.30050000e+04,191.750000
13006,1.30060000e+04,192.625000
13007,1.30070000e+04,192.625000
13008,1.30080000e+04,193.708333
13009,1.30090000e+04,193.708333
13010,1.30100000e+04,194.833333
13011,1.30110000e+04,194.833333
13012,1.30120000e+04,195.916667
13013,1.30130000e+04,195.916667
13014,1.30140000e+04,196.916667
13015,1.30150000e+04,196.916667
13016,1.30160000e+04,197.833333
13017,1.30170000e+04,197.833333
13018,1.30180000e+04,199.000000
13019,1.30190000e+04,199.000000
13020,1.30200000e+04,200.041667
13021,1.30210000e+04,200.041667
13022,1.30220000e+04,201.041667
13023,1.30230000e+04,201.041667
13024,1.30240000e+04,202.208333
13025,1.30250000e+04,202.208333
13026,1.30260000e+04,203.291667
13027,1.30270000e+04,203.291667
13028,1.30280000e+04,204.166667
13029,1.30290000e+04,204.166667
13030,1.30300000e+04,205.375000
13031,1.30310000e+04,205.375000
13032,1.30320000e+04,206.416667
13033,1.30330000e+04,206.416667
13034,1.30340000e+04,207.541667
13035,1.30350000e+04,207.541667
13036,1.30360000e+04,208.583333
13037,1.30370000e+04,208.583333
13038,1.30380000e+04,209.708333
13039,1.30390000e+04,209.708333
13040,1.30400000e+04,210.750000
13041,1.30410000e+04,210.750000
13042,1.30420000e+04,211.708333
13043,1.30430000e+04,211.708333
13044,1.30440000e+04,212.750000
13045,1.30450000e+04,212.750000
13046,1.30460000e+04,213.666667
13047,1.30470000e+04,213.666667
13048,1.30480000e+04,214.750000
13049,1.30490000e+04,214.750000
13050,1.30500000e+04,215.791667
13051,1.30510000e+04,215.791667
13052,1.30520000e+04,216.791667
13053,1.30530000e+04,216.791667
13054,1.30540000e+04,217.708333
13055,1.30550000e+04,217.708333
13056,1.30560000e+04,218.583333
13057,1.30570000e+04,218.583333
13058,1.30580000e+04,219.458333
13059,1.30590000e+04,219.458333
13060,1.30600000e+04,220.208333
13061,1.30610000e+04,220.208333
13062,1.30620000e+04,221.125000
13063,1.30630000e+04,221.125000
13064,1.30640000e+04,222.000000
13065,1.30650000e+04,222.000000
13066,1.30660000e+04,222.791667
13067,1.30670000e+04,222.791667
13068,1.30680000e+04,223.625000
13069,1.30690000e+04,223.625000
13070,1.30700000e+04,224.333333
13071,1.30710000e+04,224.333333
13072,1.30720000e+04,225.000000
13073,1.30730000e+04,225.000000
13074,1.30740000e+04,225.708333
13075,1.30750000e+04,225.708333
13076,1.30760000e+04,226.291667
13077,1.30770000e+04,226.291667
13078,1.30780000e+04,227.041667
13079,1.30790000e+04,227.041667
13080,1.30800000e+04,227.458333
13081,1.30810000e+04,227.458333
13082,1.30820000e+04,228.166667
13083,1.30830000e+04,228.166667
13084,1.30840000e+04,228.583333
13085,1.30850000e+04,228.583333
13086,1.30860000e+04,229.208333
13087,1.30870000e+04,229.208333
13088,1.30880000e+04,229.750000
13089,1.30890000e+04,229.750000
13090,1.30900000e+04,230.166667
13091,1.30910000e+04,230.166667
13092,1.30920000e+04,230.500000
13093,1.30930000e+04,230.500000
13094,1.30940000e+04,230.916667
13095,1.30950000e+04,230.916667
13096,1.30960000e+04,231.291667
13097,1.30970000e+04,231.291667
13098,1.30980000e+04,231.708333
13099,1.30990000e+04,231.708333
13100,1.31000000e+04,231.875000
13101,1.31010000e+04,231.875000
13102,1.31020000e+04,232.291667
13103,1.31030000e+04,232.291667
13104,1.31040000e+04,232.625000
13105,1.31050000e+04,232.625000
13106,1.31060000e+04,232.750000
13107,1.31070000e+04,232.750000
13108,1.31080000e+04,233.083333
13109,1.31090000e+04,233.083333
13110,1.31100000e+04,233.291667
13111,1.31110000e+04,233.291667
13112,1.31120000e+04,233.416667
13113,1.31130000e+04,233.416667
13114,1.31140000e+04,233.625000
13115,1.31150000e+04,233.625000
13116,1.31160000e+04,233.791667
13117,1.31170000e+04,233.791667
13118,1.31180000e+04,233.833333
13119,1.31190000e+04,233.833333
13120,1.31200000e+04,234.041667
13121,1.31210000e+04,234.041667
13122,1.31220000e+04,234.125000
13123,1.31230000e+04,234.125000
13124,1.31240000e+04,234.125000
13125,1.31250000e+04,234.125000
13126,1.31260000e+04,234.166667
13127,1.31270000e+04,234.166667
13128,1.31280000e+04,234.125000
13129,1.31290000e+04,234.125000
13130,1.31300000e+04,234.291667
13131,1.31310000e+04,234.291667
13132,1.31320000e+04,234.375000
13133,1.31330000e+04,234.375000
13134,1.31340000e+04,234.208333
13135,1.31350000e+04,234.208333
13136,1.31360000e+04,234.250000
13137,1.31370000e+04,234.250000
13138,1.31380000e+04,234.208333
13139,1.31390000e+04,234.208333
13140,1.31400000e+04,234.291667
13141,1.31410000e+04,234.291667
13142,1.31420000e+04,234.250000
13143,1.31430000e+04,234.250000
13144,1.31440000e+04,234.041667
13145,1.31450000e+04,234.041667
13146,1.31460000e+04,234.041667
13147,1.31470000e+04,234.041667
13148,1.31480000e+04,234.041667
13149,1.31490000e+04,234.041667
13150,1.31500000e+04,233.833333
13151,1.31510000e+04,233.833333
13152,1.31520000e+04,233.750000
13153,1.31530000e+04,233.750000
13154,1.31540000e+04,233.625000
13155,1.31550000e+04,233.625000
13156,1.31560000e+04,233.625000
13157,1.31570000e+04,233.625000
13158,1.31580000e+04,233.458333
13159,1.31590000e+04,233.458333
13160,1.31600000e+04,233.333333
13161,1.31610000e+04,233.333333
13162,1.31620000e+04,233.083333
13163,1.31630000e+04,233.083333
13164,1.31640000e+04,233.083333
13165,1.31650000e+04,233.083333
13166,1.31660000e+04,232.625000
13167,1.31670000e+04,232.625000
13168,1.31680000e+04,232.541667
13169,1.31690000e+04,232.541667
13170,1.31700000e+04,232.291667
13171,1.31710000e+04,232.291667
13172,1.31720000e+04,232.083333
13173,1.31730000e+04,232.083333
13174,1.31740000e+04,231.833333
13175,1.31750000e+04,231.833333
13176,1.31760000e+04,231.458333
13177,1.31770000e+04,231.458333
13178,1.31780000e+04,231.041667
13179,1.31790000e+04,231.041667
13180,1.31800000e+04,230.791667
13181,1.31810000e+04,230.791667
13182,1.31820000e+04,230.375000
13183,1.31830000e+04,230.375000
13184,1.31840000e+04,230.000000
13185,1.31850000e+04,230.000000
13186,1.31860000e+04,229.666667
13187,1.31870000e+04,229.666667
13188,1.31880000e+04,229.250000
13189,1.31890000e+04,229.250000
13190,1.31900000e+04,228.833333
13191,1.31910000e+04,228.833333
13192,1.31920000e+04,228.375000
13193,1.31930000e+04,228.375000
13194,1.31940000e+04,227.875000
13195,1.31950000e+04,227.875000
13196,1.31960000e+04,227.333333
13197,1.31970000e+04,227.333333
13198,1.31980000e+04,226.791667
13199,1.31990000e+04,226.791667
13200,1.32000000e+04,226.333333
13201,1.32010000e+04,226.333333
13202,1.32020000e+04,225.666667
13203,1.32030000e+04,225.666667
13204,1.32040000e+04,224.916667
13205,1.32050000e+04,224.916667
13206,1.32060000e+04,224.291667
13207,1.32070000e+04,224.291667
13208,1.32080000e+04,223.625000
13209,1.32090000e+04,223.625000
13210,1.32100000e+04,222.833333
13211,1.32110000e+04,222.833333
13212,1.32120000e+04,222.250000
13213,1.32130000e+04,222.250000
13214,1.32140000e+04,221.458333
13215,1.32150000e+04,221.458333
13216,1.32160000e+04,220.666667
13217,1.32170000e+04,220.666667
13218,1.32180000e+04,219.791667
13219,1.32190000e+04,219.791667
13220,1.32200000e+04,218.916667
13221,1.32210000e+04,218.916667
13222,1.32220000e+04,218.083333
13223,1.32230000e+04,218.083333
13224,1.32240000e+04,217.000000
13225,1.32250000e+04,217.000000
13226,1.32260000e+04,216.041667
13227,1.32270000e+04,216.041667
13228,1.32280000e+04,215.250000
13229,1.32290000e+04,215.250000
13230,1.32300000e+04,214.250000
13231,1.32310000e+04,214.250000
13232,1.32320000e+04,213.208333
13233,1.32330000e+04,213.208333
13234,1.32340000e+04,212.291667
13235,1.32350000e+04,212.291667
13236,1.32360000e+04,211.166667
13237,1.32370000e+04,211.166667
13238,1.32380000e+04,210.166667
13239,1.32390000e+04,210.166667
13240,1.32400000e+04,209.041667
13241,1.32410000e+04,209.041667
13242,1.32420000e+04,208.041667
13243,1.32430000e+04,208.041667
13244,1.32440000e+04,206.916667
13245,1.32450000e+04,206.916667
13246,1.32460000e+04,205.833333
13247,1.32470000e+04,205.833333
13248,1.32480000e+04,204.791667
13249,1.32490000e+04,204.791667
13250,1.32500000e+04,203.625000
13251,1.32510000e+04,203.625000
13252,1.32520000e+04,202.500000
13253,1.32530000e+04,202.500000
13254,1.32540000e+04,201.541667
13255,1.32550000e+04,201.541667
13256,1.32560000e+04,200.416667
13257,1.32570000e+04,200.416667
13258,1.32580000e+04,199.250000
13259,1.32590000e+04,199.250000
13260,1.32600000e+04,198.291667
13261,1.32610000e+04,198.291667
13262,1.32620000e+04,197.000000
13263,1.32630000e+04,197.000000
13264,1.32640000e+04,196.000000
13265,1.32650000e+04,196.000000
13266,1.32660000e+04,195.000000
13267,1.32670000e+04,195.000000
13268,1.32680000e+04,193.791667
13269,1.32690000e+04,193.791667
13270,1.32700000e+04,192.583333
13271,1.32710000e+04,192.583333
13272,1.32720000e+04,191.583333
13273,1.32730000e+04,191.583333
13274,1.32740000e+04,190.625000
13275,1.32750000e+04,190.625000
13276,1.32760000e+04,189.583333
13277,1.32770000e+04,189.583333
13278,1.32780000e+04,188.500000
13279,1.32790000e+04,188.500000
13280,1.32800000e+04,187.416667
13281,1.32810000e+04,187.416667
13282,1.32820000e+04,186.375000
13283,1.32830000e+04,186.375000
13284,1.32840000e+04,185.500000
13285,1.32850000e+04,185.500000
13286,1.32860000e+04,184.291667
13287,1.32870000e+04,184.291667
13288,1.32880000e+04,183.291667
13289,1.32890000e+04,183.291667
13290,1.32900000e+04,182.416667
13291,1.32910000e+04,182.416667
13292,1.32920000e+04,181.250000
13293,1.32930000e+04,181.250000
13294,1.32940000e+04,180.291667
13295,1.32950000e+04,180.291667
13296,1.32960000e+04,179.333333
13297,1.32970000e+04,179.333333
13298,1.32980000e+04,178.458333
13299,1.32990000e+04,178.458333
13300,1.33000000e+04,177.250000
13301,1.33010000e+04,177.250000
13302,1.33020000e+04,176.291667
13303,1.33030000e+04,176.291667
13304,1.33040000e+04,175.250000
13305,1.33050000e+04,175.250000
13306,1.33060000e+04,174.416667
13307,1.33070000e+04,174.416667
13308,1.33080000e+04,173.291667
13309,1.33090000e+04,173.291667
13310,1.33100000e+04,172.208333
13311,1.33110000e+04,172.208333
13312,1.33120000e+04,171.291667
13313,1.33130000e+04,171.291667
13314,1.33140000e+04,170.166667
13315,1.33150000e+04,170.166667
13316,1.33160000e+04,169.250000
13317,1.33170000e+04,169.250000
13318,1.33180000e+04,168.083333
13319,1.33190000e+04,168.083333
13320,1.33200000e+04,167.083333
13321,1.33210000e+04,167.083333
13322,1.33220000e+04,166.083333
13323,1.33230000e+04,166.083333
13324,1.33240000e+04,164.833333
13325,1.33250000e+04,164.833333
13326,1.33260000e+04,163.750000
13327,1.33270000e+04,163.750000
13328,1.33280000e+04,162.708333
13329,1.33290000e+04,162.708333
13330,1.33300000e+04,161.375000
13331,1.33310000e+04,161.375000
13332,1.33320000e+04,160.291667
13333,1.33330000e+04,160.291667
13334,1.33340000e+04,159.000000
13335,1.33350000e+04,159.000000
13336,1.33360000e+04,157.833333
13337,1.33370000e+04,157.833333
13338,1.33380000e+04,156.666667
13339,1.33390000e+04,156.666667
13340,1.33400000e+04,155.166667
13341,1.33410000e+04,155.166667
13342,1.33420000e+04,154.000000
13343,1.33430000e+04,154.000000
13344,1.33440000e+04,152.458333
13345,1.33450000e+04,152.458333
13346,1.33460000e+04,151.208333
13347,1.33470000e+04,151.208333
13348,1.33480000e+04,149.833333
13349,1.33490000e+04,149.833333
13350,1.33500000e+04,148.375000
13351,1.33510000e+04,148.375000
13352,1.33520000e+04,146.833333
13353,1.33530000e+04,146.833333
13354,1.33540000e+04,145.500000
13355,1.33550000e+04,145.500000
13356,1.33560000e+04,143.958333
13357,1.33570000e+04,143.958333
13358,1.33580000e+04,142.416667
13359,1.33590000e+04,142.416667
13360,1.33600000e+04,141.041667
13361,1.33610000e+04,141.041667
13362,1.33620000e+04,139.333333
13363,1.33630000e+04,139.333333
13364,1.33640000e+04,137.666667
13365,1.33650000e+04,137.666667
13366,1.33660000e+04,136.083333
13367,1.33670000e+04,136.083333
13368,1.33680000e+04,134.541667
13369,1.33690000e+04,134.541667
13370,1.33700000e+04,132.708333
13371,1.33710000e+04,132.708333
13372,1.33720000e+04,130.958333
13373,1.33730000e+04,130.958333
13374,1.33740000e+04,129.333333
13375,1.33750000e+04,129.333333
13376,1.33760000e+04,127.625000
13377,1.33770000e+04,127.625000
13378,1.33780000e+04,125.791667
13379,1.33790000e+04,125.791667
13380,1.33800000e+04,124.000000
13381,1.33810000e+04,124.000000
13382,1.33820000e+04,122.333333
13383,1.33830000e+04,122.333333
13384,1.33840000e+04,120.500000
13385,1.33850000e+04,120.500000
13386,1.33860000e+04,118.750000
13387,1.33870000e+04,118.750000
13388,1.33880000e+04,117.000000
13389,1.33890000e+04,117.000000
13390,1.33900000e+04,115.083333
13391,1.33910000e+04,115.083333
13392,1.33920000e+04,113.333333
13393,1.33930000e+04,113.333333
13394,1.33940000e+04,111.500000
13395,1.33950000e+04,111.500000
13396,1.33960000e+04,109.625000
13397,1.33970000e+04,109.625000
13398,1.33980000e+04,107.791667
13399,1.33990000e+04,107.791667
13400,1.34000000e+04,105.958333
13401,1.34010000e+04,105.958333
13402,1.34020000e+04,104.250000
13403,1.34030000e+04,104.250000
13404,1.34040000e+04,102.291667
13405,1.34050000e+04,102.291667
13406,1.34060000e+04,100.458333
13407,1.34070000e+04,100.458333
13408,1.34080000e+04,98.708333
13409,1.34090000e+04,98.708333
13410,1.34100000e+04,96.916667
13411,1.34110000e+04,96.916667
13412,1.34120000e+04,95.041667
13413,1.34130000e+04,95.041667
13414,1.34140000e+04,93.250000
13415,1.34150000e+04,93.250000
13416,1.34160000e+04,91.625000
13417,1.34170000e+04,91.625000
13418,1.34180000e+04,89.583333
13419,1.34190000e+04,89.583333
13420,1.34200000e+04,88.041667
13421,1.34210000e+04,88.041667
13422,1.34220000e+04,86.166667
13423,1.34230000e+04,86.166667
13424,1.34240000e+04,84.291667
13425,1.34250000e+04,84.291667
13426,1.34260000e+04,82.666667
13427,1.34270000e+04,82.666667
13428,1.34280000e+04,80.791667
13429,1.34290000e+04,80.791667
13430,1.34300000e+04,79.083333
13431,1.34310000e+04,79.083333
13432,1.34320000e+04,77.333333
13433,1.34330000e+04,77.333333
13434,1.34340000e+04,75.666667
13435,1.34350000e+04,75.666667
13436,1.34360000e+04,73.875000
13437,1.34370000e+04,73.875000
13438,1.34380000e+04,72.083333
13439,1.34390000e+04,72.083333
13440,1.34400000e+04,70.333333
13441,1.34410000e+04,70.333333
13442,1.34420000e+04,68.666667
13443,1.34430000e+04,68.666667
13444,1.34440000e+04,66.916667
13445,1.34450000e+04,66.916667
13446,1.34460000e+04,65.083333
13447,1.34470000e+04,65.083333
13448,1.34480000e+04,63.458333
13449,1.34490000e+04,63.458333
13450,1.34500000e+04,61.666667
13451,1.34510000e+04,61.666667
13452,1.34520000e+04,59.875000
13453,1.34530000e+04,59.875000
13454,1.34540000e+04,58.125000
13455,1.34550000e+04,58.125000
13456,1.34560000e+04,56.291667
13457,1.34570000e+04,56.291667
13458,1.34580000e+04,54.541667
13459,1.34590000e+04,54.541667
13460,1.34600000e+04,52.750000
13461,1.34610000e+04,52.750000
13462,1.34620000e+04,50.916667
13463,1.34630000e+04,50.916667
13464,1.34640000e+04,49.083333
13465,1.34650000e+04,49.083333
13466,1.34660000e+04,47.208333
13467,1.34670000e+04,47.208333
13468,1.34680000e+04,45.416667
13469,1.34690000e+04,45.416667
13470,1.34700000e+04,43.500000
13471,1.34710000e+04,43.500000
13472,1.34720000e+04,41.625000
13473,1.34730000e+04,41.625000
13474,1.34740000e+04,39.708333
13475,1.34750000e+04,39.708333
13476,1.34760000e+04,37.708333
13477,1.34770000e+04,37.708333
13478,1.34780000e+04,35.875000
13479,1.34790000e+04,35.875000
13480,1.34800000e+04,33.875000
13481,1.34810000e+04,33.875000
13482,1.34820000e+04,31.916667
13483,1.34830000e+04,31.916667
13484,1.34840000e+04,29.875000
13485,1.34850000e+04,29.875000
13486,1.34860000e+04,27.833333
13487,1.34870000e+04,27.833333
13488,1.34880000e+04,25.708333
13489,1.34890000e+04,25.708333
13490,1.34900000e+04,23.833333
13491,1.34910000e+04,23.833333
13492,1.34920000e+04,21.708333
13493,1.34930000e+04,21.708333
13494,1.34940000e+04,19.708333
13495,1.34950000e+04,19.708333
13496,1.34960000e+04,17.666667
13497,1.34970000e+04,17.666667
13498,1.34980000e+04,15.416667
13499,1.34990000e+04,15.416667
13500,1.35000000e+04,13.416667
13501,1.35010000e+04,13.416667
13502,1.35020000e+04,11.333333
13503,1.35030000e+04,11.333333
13504,1.35040000e+04,9.125000
13505,1.35050000e+04,9.125000
13506,1.35060000e+04,7.208333
13507,1.35070000e+04,7.208333
13508,1.35080000e+04,4.958333
13509,1.35090000e+04,4.958333
13510,1.35100000e+04,2.791667
13511,1.35110000e+04,2.791667
13512,1.35120000e+04,0.666667
13513,1.35130000e+04,0.666667
13514,1.35140000e+04,-1.500000
13515,1.35150000e+04,-1.500000
13516,1.35160000e+04,-3.500000
13517,1.35170000e+04,-3.500000
13518,1.35180000e+04,-5.791667
13519,1.35190000e+04,-5.791667
13520,1.35200000e+04,-7.916667
13521,1.35210000e+04,-7.916667
13522,1.35220000e+04,-10.083333
13523,1.35230000e+04,-10.083333
13524,1.35240000e+04,-12.041667
13525,1.35250000e+04,-12.041667
13526,1.35260000e+04,-14.333333
13527,1.35270000e+04,-14.333333
13528,1.35280000e+04,-16.333333
13529,1.35290000e+04,-16.333333
13530,1.35300000e+04,-18.375000
13531,1.35310000e+04,-18.375000
13532,1.35320000e+04,-20.416667
13533,1.35330000e+04,-20.416667
13534,1.35340000e+04,-22.666667
13535,1.35350000e+04,-22.666667
13536,1.35360000e+04,-24.666667
13537,1.35370000e+04,-24.666667
13538,1.35380000e+04,-26.833333
13539,1.35390000e+04,-26.833333
13540,1.35400000e+04,-28.750000
13541,1.35410000e+04,-28.750000
13542,1.35420000e+04,-30.791667
13543,1.35430000e+04,-30.791667
13544,1.35440000e+04,-32.833333
13545,1.35450000e+04,-32.833333
13546,1.35460000e+04,-34.833333
13547,1.35470000e+04,-34.833333
13548,1.35480000e+04,-37.000000
13549,1.35490000e+04,-37.000000
13550,1.35500000e+04,-38.916667
13551,1.35510000e+04,-38.916667
13552,1.35520000e+04,-40.791667
13553,1.35530000e+04,-40.791667
13554,1.35540000e+04,-42.708333
13555,1.35550000e+04,-42.708333
13556,1.35560000e+04,-44.625000
13557,1.35570000e+04,-44.625000
13558,1.35580000e+04,-46.708333
13559,1.35590000e+04,-46.708333
13560,1.35600000e+04,-48.375000
13561,1.35610000e+04,-48.375000
13562,1.35620000e+04,-50.416667
13563,1.35630000e+04,-50.416667
13564,1.35640000e+04,-52.041667
13565,1.35650000e+04,-52.041667
13566,1.35660000e+04,-53.916667
13567,1.35670000e+04,-53.916667
13568,1.35680000e+04,-55.708333
13569,1.35690000e+04,-55.708333
13570,1.35700000e+04,-57.541667
13571,1.35710000e+04,-57.541667
13572,1.35720000e+04,-59.375000
13573,1.35730000e+04,-59.375000
13574,1.35740000e+04,-61.125000
13575,1.35750000e+04,-61.125000
13576,1.35760000e+04,-62.833333
13577,1.35770000e+04,-62.833333
13578,1.35780000e+04,-64.625000
13579,1.35790000e+04,-64.625000
13580,1.35800000e+04,-66.375000
13581,1.35810000e+04,-66.375000
13582,1.35820000e+04,-68.208333
13583,1.35830000e+04,-68.208333
13584,1.35840000e+04,-69.791667
13585,1.35850000e+04,-69.791667
13586,1.35860000e+04,-71.583333
13587,1.35870000e+04,-71.583333
13588,1.35880000e+04,-73.416667
13589,1.35890000e+04,-73.416667
13590,1.35900000e+04,-75.041667
13591,1.35910000e+04,-75.041667
13592,1.35920000e+04,-76.791667
13593,1.35930000e+04,-76.791667
13594,1.35940000e+04,-78.541667
13595,1.35950000e+04,-78.541667
13596,1.35960000e+04,-80.333333
13597,1.35970000e+04,-80.333333
13598,1.35980000e+04,-82.041667
13599,1.35990000e+04,-82.041667
13600,1.36000000e+04,-83.875000
13601,1.36010000e+04,-83.875000
13602,1.36020000e+04,-85.666667
13603,1.36030000e+04,-85.666667
13604,1.36040000e+04,-87.208333
13605,1.36050000e+04,-87.208333
13606,1.36060000e+04,-89.041667
13607,1.36070000e+04,-89.041667
13608,1.36080000e+04,-90.791667
13609,1.36090000e+04,-90.791667
13610,1.36100000e+04,-92.625000
13611,1.36110000e+04,-92.625000
13612,1.36120000e+04,-94.416667
13613,1.36130000e+04,-94.416667
13614,1.36140000e+04,-96.291667
13615,1.36150000e+04,-96.291667
13616,1.36160000e+04,-98.083333
13617,1.36170000e+04,-98.083333
13618,1.36180000e+04,-99.833333
13619,1.36190000e+04,-99.833333
13620,1.36200000e+04,-101.583333
13621,1.36210000e+04,-101.583333
13622,1.36220000e+04,-103.416667
13623,1.36230000e+04,-103.416667
13624,1.36240000e+04,-105.041667
13625,1.36250000e+04,-105.041667
13626,1.36260000e+04,-107.000000
13627,1.36270000e+04,-107.000000
13628,1.36280000e+04,-108.666667
13629,1.36290000e+04,-108.666667
13630,1.36300000e+04,-110.583333
13631,1.36310000e+04,-110.583333
13632,1.36320000e+04,-112.416667
13633,1.36330000e+04,-112.416667
13634,1.36340000e+04,-114.000000
13635,1.36350000e+04,-114.000000
13636,1.36360000e+04,-115.875000
13637,1.36370000e+04,-115.875000
13638,1.36380000e+04,-117.708333
13639,1.36390000e+04,-117.708333
13640,1.36400000e+04,-119.458333
13641,1.36410000e+04,-119.458333
13642,1.36420000e+04,-121.208333
13643,1.36430000e+04,-121.208333
13644,1.36440000e+04,-122.916667
13645,1.36450000e+04,-122.916667
13646,1.36460000e+04,-124.791667
13647,1.36470000e+04,-124.791667
13648,1.36480000e+04,-126.541667
13649,1.36490000e+04,-126.541667
13650,1.36500000e+04,-128.250000
13651,1.36510000e+04,-128.250000
13652,1.36520000e+04,-129.958333
13653,1.36530000e+04,-129.958333
13654,1.36540000e+04,-131.583333
13655,1.36550000e+04,-131.583333
13656,1.36560000e+04,-133.166667
13657,1.36570000e+04,-133.166667
13658,1.36580000e+04,-135.000000
13659,1.36590000e+04,-135.000000
13660,1.36600000e+04,-136.625000
13661,1.36610000e+04,-136.625000
13662,1.36620000e+04,-138.250000
13663,1.36630000e+04,-138.250000
13664,1.36640000e+04,-139.916667
13665,1.36650000e+04,-139.916667
13666,1.36660000e+04,-141.375000
13667,1.36670000e+04,-141.375000
13668,1.36680000e+04,-143.041667
13669,1.36690000e+04,-143.041667
13670,1.36700000e+04,-144.666667
13671,1.36710000e+04,-144.666667
13672,1.36720000e+04,-146.083333
13673,1.36730000e+04,-146.083333
13674,1.36740000e+04,-147.500000
13675,1.36750000e+04,-147.500000
13676,1.36760000e+04,-148.958333
13677,1.36770000e+04,-148.958333
13678,1.36780000e+04,-150.375000
13679,1.36790000e+04,-150.375000
13680,1.36800000e+04,-151.833333
13681,1.36810000e+04,-151.833333
13682,1.36820000e+04,-153.166667
13683,1.36830000e+04,-153.166667
13684,1.36840000e+04,-154.625000
13685,1.36850000e+04,-154.625000
13686,1.36860000e+04,-155.875000
13687,1.36870000e+04,-155.875000
13688,1.36880000e+04,-157.166667
13689,1.36890000e+04,-157.166667
13690,1.36900000e+04,-158.583333
13691,1.36910000e+04,-158.583333
13692,1.36920000e+04,-159.666667
13693,1.36930000e+04,-159.666667
13694,1.36940000e+04,-161.083333
13695,1.36950000e+04,-161.083333
13696,1.36960000e+04,-162.208333
13697,1.36970000e+04,-162.208333
13698,1.36980000e+04,-163.416667
13699,1.36990000e+04,-163.416667
13700,1.37000000e+04,-164.458333
13701,1.37010000e+04,-164.458333
13702,1.37020000e+04,-165.916667
13703,1.37030000e+04,-165.916667
13704,1.37040000e+04,-166.875000
13705,1.37050000e+04,-166.875000
13706,1.37060000e+04,-168.000000
13707,1.37070000e+04,-168.000000
13708,1.37080000e+04,-169.041667
13709,1.37090000e+04,-169.041667
13710,1.37100000e+04,-170.083333
13711,1.37110000e+04,-170.083333
13712,1.37120000e+04,-171.208333
13713,1.37130000e+04,-171.208333
13714,1.37140000e+04,-172.166667
13715,1.37150000e+04,-172.166667
13716,1.37160000e+04,-173.041667
13717,1.37170000e+04,-173.041667
13718,1.37180000e+04,-174.166667
13719,1.37190000e+04,-174.166667
13720,1.37200000e+04,-175.208333
13721,1.37210000e+04,-175.208333
13722,1.37220000e+04,-176.166667
13723,1.37230000e+04,-176.166667
13724,1.37240000e+04,-177.250000
13725,1.37250000e+04,-177.250000
13726,1.37260000e+04,-178.208333
13727,1.37270000e+04,-178.208333
13728,1.37280000e+04,-179.125000
13729,1.37290000e+04,-179.125000
13730,1.37300000e+04,-180.125000
13731,1.37310000e+04,-180.125000
13732,1.37320000e+04,-181.000000
13733,1.37330000e+04,-181.000000
13734,1.37340000e+04,-182.250000
13735,1.37350000e+04,-182.250000
13736,1.37360000e+04,-183.041667
13737,1.37370000e+04,-183.041667
13738,1.37380000e+04,-184.083333
13739,1.37390000e+04,-184.083333
13740,1.37400000e+04,-185.166667
13741,1.37410000e+04,-185.166667
13742,1.37420000e+04,-186.125000
13743,1.37430000e+04,-186.125000
13744,1.37440000e+04,-187.041667
13745,1.37450000e+04,-187.041667
13746,1.37460000e+04,-188.083333
13747,1.37470000e+04,-188.083333
13748,1.37480000e+04,-189.041667
13749,1.37490000e+04,-189.041667
13750,1.37500000e+04,-190.125000
13751,1.37510000e+04,-190.125000
13752,1.37520000e+04,-190.958333
13753,1.37530000e+04,-190.958333
13754,1.37540000e+04,-192.166667
13755,1.37550000e+04,-192.166667
13756,1.37560000e+04,-193.250000
13757,1.37570000e+04,-193.250000
13758,1.37580000e+04,-194.083333
13759,1.37590000e+04,-194.083333
13760,1.37600000e+04,-195.125000
13761,1.37610000e+04,-195.125000
13762,1.37620000e+04,-196.291667
13763,1.37630000e+04,-196.291667
13764,1.37640000e+04,-197.291667
13765,1.37650000e+04,-197.291667
13766,1.37660000e+04,-198.291667
13767,1.37670000e+04,-198.291667
13768,1.37680000e+04,-199.416667
13769,1.37690000e+04,-199.416667
13770,1.37700000e+04,-200.416667
13771,1.37710000e+04,-200.416667
13772,1.37720000e+04,-201.541667
13773,1.37730000e+04,-201.541667
13774,1.37740000e+04,-202.666667
13775,1.37750000e+04,-202.666667
13776,1.37760000e+04,-203.458333
13777,1.37770000e+04,-203.458333
13778,1.37780000e+04,-204.750000
13779,1.37790000e+04,-204.750000
13780,1.37800000e+04,-205.875000
13781,1.37810000e+04,-205.875000
13782,1.37820000e+04,-206.791667
13783,1.37830000e+04,-206.791667
13784,1.37840000e+04,-208.083333
13785,1.37850000e+04,-208.083333
13786,1.37860000e+04,-209.041667
13787,1.37870000e+04,-209.041667
13788,1.37880000e+04,-209.958333
13789,1.37890000e+04,-209.958333
13790,1.37900000e+04,-211.333333
13791,1.37910000e+04,-211.333333
13792,1.37920000e+04,-212.041667
13793,1.37930000e+04,-212.041667
13794,1.37940000e+04,-213.250000
13795,1.37950000e+04,-213.250000
13796,1.37960000e+04,-214.333333
13797,1.37970000e+04,-214.333333
13798,1.37980000e+04,-215.208333
13799,1.37990000e+04,-215.208333
13800,1.38000000e+04,-216.041667
13801,1.38010000e+04,-216.041667
13802,1.38020000e+04,-217.041667
13803,1.38030000e+04,-217.041667
13804,1.38040000e+04,-218.000000
13805,1.38050000e+04,-218.000000
13806,1.38060000e+04,-219.000000
13807,1.38070000e+04,-219.000000
13808,1.38080000e+04,-219.833333
13809,1.38090000e+04,-219.833333
13810,1.38100000e+04,-220.750000
13811,1.38110000e+04,-220.750000
13812,1.38120000e+04,-221.208333
13813,1.38130000e+04,-221.208333
13814,1.38140000e+04,-222.166667
13815,1.38150000e+04,-222.166667
13816,1.38160000e+04,-222.916667
13817,1.38170000e+04,-222.916667
13818,1.38180000e+04,-223.791667
13819,1.38190000e+04,-223.791667
13820,1.38200000e+04,-224.416667
13821,1.38210000e+04,-224.416667
13822,1.38220000e+04,-225.000000
13823,1.38230000e+04,-225.000000
13824,1.38240000e+04,-225.791667
13825,1.38250000e+04,-225.791667
13826,1.38260000e+04,-226.458333
13827,1.38270000e+04,-226.458333
13828,1.38280000e+04,-227.041667
13829,1.38290000e+04,-227.041667
13830,1.38300000e+04,-227.541667
13831,1.38310000e+04,-227.541667
13832,1.38320000e+04,-228.208333
13833,1.38330000e+04,-228.208333
13834,1.38340000e+04,-228.750000
13835,1.38350000e+04,-228.750000
13836,1.38360000e+04,-229.250000
13837,1.38370000e+04,-229.250000
13838,1.38380000e+04,-229.625000
13839,1.38390000e+04,-229.625000
13840,1.38400000e+04,-230.125000
13841,1.38410000e+04,-230.125000
13842,1.38420000e+04,-230.500000
13843,1.38430000e+04,-230.500000
13844,1.38440000e+04,-230.833333
13845,1.38450000e+04,-230.833333
13846,1.38460000e+04,-231.125000
13847,1.38470000e+04,-231.125000
13848,1.38480000e+04,-231.458333
13849,1.38490000e+04,-231.458333
13850,1.38500000e+04,-231.791667
13851,1.38510000e+04,-231.791667
13852,1.38520000e+04,-232.125000
13853,1.38530000e+04,-232.125000
13854,1.38540000e+04,-232.541667
13855,1.38550000e+04,-232.541667
13856,1.38560000e+04,-232.625000
13857,1.38570000e+04,-232.625000
13858,1.38580000e+04,-232.791667
13859,1.38590000e+04,-232.791667
13860,1.38600000e+04,-233.166667
13861,1.38610000e+04,-233.166667
13862,1.38620000e+04,-233.250000
13863,1.38630000e+04,-233.250000
13864,1.38640000e+04,-233.458333
13865,1.38650000e+04,-233.458333
13866,1.38660000e+04,-233.583333
13867,1.38670000e+04,-233.583333
13868,1.38680000e+04,-233.708333
13869,1.38690000e+04,-233.708333
13870,1.38700000e+04,-233.791667
13871,1.38710000e+04,-233.791667
13872,1.38720000e+04,-233.791667
13873,1.38730000e+04,-233.791667
13874,1.38740000e+04,-233.875000
13875,1.38750000e+04,-233.875000
13876,1.38760000e+04,-234.041667
13877,1.38770000e+04,-234.041667
13878,1.38780000e+04,-234.166667
13879,1.38790000e+04,-234.166667
13880,1.38800000e+04,-234.000000
13881,1.38810000e+04,-234.000000
13882,1.38820000e+04,-234.083333
13883,1.38830000e+04,-234.083333
13884,1.38840000e+04,-234.083333
13885,1.38850000e+04,-234.083333
13886,1.38860000e+04,-234.000000
13887,1.38870000e+04,-234.000000
13888,1.38880000e+04,-234.125000
13889,1.38890000e+04,-234.125000
13890,1.38900000e+04,-233.958333
13891,1.38910000e+04,-233.958333
13892,1.38920000e+04,-233.958333
13893,1.38930000e+04,-233.958333
13894,1.38940000e+04,-233.916667
13895,1.38950000e+04,-233.916667
13896,1.38960000e+04,-233.791667
13897,1.38970000e+04,-233.791667
13898,1.38980000e+04,-233.708333
13899,1.38990000e+04,-233.708333
13900,1.39000000e+04,-233.625000
13901,1.39010000e+04,-233.625000
13902,1.39020000e+04,-233.500000
13903,1.39030000e+04,-233.500000
13904,1.39040000e+04,-233.500000
13905,1.39050000e+04,-233.500000
13906,1.39060000e+04,-233.500000
13907,1.39070000e+04,-233.500000
13908,1.39080000e+04,-233.000000
13909,1.39090000e+04,-233.000000
13910,1.39100000e+04,-232.833333
13911,1.39110000e+04,-232.833333
13912,1.39120000e+04,-232.666667
13913,1.39130000e+04,-232.666667
13914,1.39140000e+04,-232.416667
13915,1.39150000e+04,-232.416667
13916,1.39160000e+04,-232.250000
13917,1.39170000e+04,-232.250000
13918,1.39180000e+04,-232.000000
13919,1.39190000e+04,-232.000000
13920,1.39200000e+04,-231.875000
13921,1.39210000e+04,-231.875000
13922,1.39220000e+04,-231.625000
13923,1.39230000e+04,-231.625000
13924,1.39240000e+04,-231.333333
13925,1.39250000e+04,-231.333333
13926,1.39260000e+04,-231.083333
13927,1.39270000e+04,-231.083333
13928,1.39280000e+04,-230.708333
13929,1.39290000e+04,-230.708333
13930,1.39300000e+04,-230.291667
13931,1.39310000e+04,-230.291667
13932,1.39320000e+04,-229.916667
13933,1.39330000e+04,-229.916667
13934,1.39340000e+04,-229.541667
13935,1.39350000e+04,-229.541667
13936,1.39360000e+04,-229.166667
13937,1.39370000e+04,-229.166667
13938,1.39380000e+04,-228.708333
13939,1.39390000e+04,-228.708333
13940,1.39400000e+04,-228.291667
13941,1.39410000e+04,-228.291667
13942,1.39420000e+04,-227.750000
13943,1.39430000e+04,-227.750000
13944,1.39440000e+04,-227.333333
13945,1.39450000e+04,-227.333333
13946,1.39460000e+04,-226.625000
13947,1.39470000e+04,-226.625000
13948,1.39480000e+04,-226.250000
13949,1.39490000e+04,-226.250000
13950,1.39500000e+04,-225.500000
13951,1.39510000e+04,-225.500000
13952,1.39520000e+04,-224.833333
13953,1.39530000e+04,-224.833333
13954,1.39540000e+04,-224.416667
13955,1.39550000e+04,-224.416667
13956,1.39560000e+04,-223.666667
13957,1.39570000e+04,-223.666667
13958,1.39580000e+04,-222.958333
13959,1.39590000e+04,-222.958333
13960,1.39600000e+04,-222.166667
13961,1.39610000e+04,-222.166667
13962,1.39620000e+04,-221.500000
13963,1.39630000e+04,-221.500000
13964,1.39640000e+04,-220.625000
13965,1.39650000e+04,-220.625000
13966,1.39660000e+04,-219.791667
13967,1.39670000e+04,-219.791667
13968,1.39680000e+04,-218.875000
13969,1.39690000e+04,-218.875000
13970,1.39700000e+04,-217.916667
13971,1.39710000e+04,-217.916667
13972,1.39720000e+04,-217.250000
13973,1.39730000e+04,-217.250000
13974,1.39740000e+04,-216.208333
13975,1.39750000e+04,-216.208333
13976,1.39760000e+04,-215.291667
13977,1.39770000e+04,-215.291667
13978,1.39780000e+04,-214.375000
13979,1.39790000e+04,-214.375000
13980,1.39800000e+04,-213.458333
13981,1.39810000e+04,-213.458333
13982,1.39820000e+04,-212.500000
13983,1.39830000e+04,-212.500000
13984,1.39840000e+04,-211.458333
13985,1.39850000e+04,-211.458333
13986,1.39860000e+04,-210.291667
13987,1.39870000e+04,-210.291667
13988,1.39880000e+04,-209.208333
13989,1.39890000e+04,-209.208333
13990,1.39900000e+04,-208.333333
13991,1.39910000e+04,-208.333333
13992,1.39920000e+04,-207.125000
13993,1.39930000e+04,-207.125000
13994,1.39940000e+04,-205.958333
13995,1.39950000e+04,-205.958333
13996,1.39960000e+04,-204.958333
13997,1.39970000e+04,-204.958333
13998,1.39980000e+04,-203.750000
13999,1.39990000e+04,-203.750000
14000,1.40000000e+04,-202.708333
14001,1.40010000e+04,-202.708333
14002,1.40020000e+04,-201.583333
14003,1.40030000e+04,-201.583333
14004,1.40040000e+04,-200.416667
14005,1.40050000e+04,-200.416667
14006,1.40060000e+04,-199.541667
14007,1.40070000e+04,-199.541667
14008,1.40080000e+04,-198.208333
14009,1.40090000e+04,-198.208333
14010,1.40100000e+04,-197.250000
14011,1.40110000e+04,-197.250000
14012,1.40120000e+04,-196.166667
14013,1.40130000e+04,-196.166667
14014,1.40140000e+04,-195.041667
14015,1.40150000e+04,-195.041667
14016,1.40160000e+04,-193.875000
14017,1.40170000e+04,-193.875000
14018,1.40180000e+04,-192.875000
14019,1.40190000e+04,-192.875000
14020,1.40200000e+04,-191.833333
14021,1.40210000e+04,-191.833333
14022,1.40220000e+04,-190.583333
14023,1.40230000e+04,-190.583333
14024,1.40240000e+04,-189.583333
14025,1.40250000e+04,-189.583333
14026,1.40260000e+04,-188.666667
14027,1.40270000e+04,-188.666667
14028,1.40280000e+04,-187.625000
14029,1.40290000e+04,-187.625000
14030,1.40300000e+04,-186.458333
14031,1.40310000e+04,-186.458333
14032,1.40320000e+04,-185.583333
14033,1.40330000e+04,-185.583333
14034,1.40340000e+04,-184.416667
14035,1.40350000e+04,-184.416667
14036,1.40360000e+04,-183.333333
14037,1.40370000e+04,-183.333333
14038,1.40380000e+04,-182.375000
14039,1.40390000e+04,-182.375000
14040,1.40400000e+04,-181.375000
14041,1.40410000e+04,-181.375000
14042,1.40420000e+04,-180.416667
14043,1.40430000e+04,-180.416667
14044,1.40440000e+04,-179.458333
14045,1.40450000e+04,-179.458333
14046,1.40460000e+04,-178.416667
14047,1.40470000e+04,-178.416667
14048,1.40480000e+04,-177.333333
14049,1.40490000e+04,-177.333333
14050,1.40500000e+04,-176.416667
14051,1.40510000e+04,-176.416667
14052,1.40520000e+04,-175.291667
14053,1.40530000e+04,-175.291667
14054,1.40540000e+04,-174.458333
14055,1.40550000e+04,-174.458333
14056,1.40560000e+04,-173.375000
14057,1.40570000e+04,-173.375000
14058,1.40580000e+04,-172.500000
14059,1.40590000e+04,-172.500000
14060,1.40600000e+04,-171.416667
14061,1.40610000e+04,-171.416667
14062,1.40620000e+04,-170.416667
14063,1.40630000e+04,-170.416667
14064,1.40640000e+04,-169.375000
14065,1.40650000e+04,-169.375000
14066,1.40660000e+04,-168.250000
14067,1.40670000e+04,-168.250000
14068,1.40680000e+04,-167.166667
14069,1.40690000e+04,-167.166667
14070,1.40700000e+04,-166.125000
14071,1.40710000e+04,-166.125000
14072,1.40720000e+04,-165.000000
14073,1.40730000e+04,-165.000000
14074,1.40740000e+04,-163.916667
14075,1.40750000e+04,-163.916667
14076,1.40760000e+04,-162.750000
14077,1.40770000e+04,-162.750000
14078,1.40780000e+04,-161.541667
14079,1.40790000e+04,-161.541667
14080,1.40800000e+04,-160.375000
14081,1.40810000e+04,-160.375000
14082,1.40820000e+04,-159.250000
14083,1.40830000e+04,-159.250000
14084,1.40840000e+04,-157.875000
14085,1.40850000e+04,-157.875000
14086,1.40860000e+04,-156.708333
14087,1.40870000e+04,-156.708333
14088,1.40880000e+04,-155.333333
14089,1.40890000e+04,-155.333333
14090,1.40900000e+04,-154.125000
14091,1.40910000e+04,-154.125000
14092,1.40920000e+04,-152.916667
14093,1.40930000e+04,-152.916667
14094,1.40940000e+04,-151.416667
14095,1.40950000e+04,-151.416667
14096,1.40960000e+04,-150.125000
14097,1.40970000e+04,-150.125000
14098,1.40980000e+04,-148.666667
14099,1.40990000e+04,-148.666667
14100,1.41000000e+04,-147.291667
14101,1.41010000e+04,-147.291667
14102,1.41020000e+04,-145.750000
14103,1.41030000e+04,-145.750000
14104,1.41040000e+04,-144.250000
14105,1.41050000e+04,-144.250000
14106,1.41060000e+04,-142.750000
14107,1.41070000e+04,-142.750000
14108,1.41080000e+04,-141.208333
14109,1.41090000e+04,-141.208333
14110,1.41100000e+04,-139.666667
14111,1.41110000e+04,-139.666667
14112,1.41120000e+04,-138.000000
14113,1.41130000e+04,-138.000000
14114,1.41140000e+04,-136.375000
14115,1.41150000e+04,-136.375000
14116,1.41160000e+04,-134.708333
14117,1.41170000e+04,-134.708333
14118,1.41180000e+04,-133.000000
14119,1.41190000e+04,-133.000000
14120,1.41200000e+04,-131.416667
14121,1.41210000e+04,-131.416667
14122,1.41220000e+04,-129.625000
14123,1.41230000e+04,-129.625000
14124,1.41240000e+04,-128.041667
14125,1.41250000e+04,-128.041667
14126,1.41260000e+04,-126.208333
14127,1.41270000e+04,-126.208333
14128,1.41280000e+04,-124.500000
14129,1.41290000e+04,-124.500000
14130,1.41300000e+04,-122.625000
14131,1.41310000e+04,-122.625000
14132,1.41320000e+04,-120.875000
14133,1.41330000e+04,-120.875000
14134,1.41340000e+04,-119.125000
14135,1.41350000e+04,-119.125000
14136,1.41360000e+04,-117.166667
14137,1.41370000e+04,-117.166667
14138,1.41380000e+04,-115.333333
14139,1.41390000e+04,-115.333333
14140,1.41400000e+04,-113.666667
14141,1.41410000e+04,-113.666667
14142,1.41420000e+04,-111.875000
14143,1.41430000e+04,-111.875000
14144,1.41440000e+04,-110.000000
14145,1.41450000e+04,-110.000000
14146,1.41460000e+04,-108.250000
14147,1.41470000e+04,-108.250000
14148,1.41480000e+04,-106.333333
14149,1.41490000e+04,-106.333333
14150,1.41500000e+04,-104.500000
14151,1.41510000e+04,-104.500000
14152,1.41520000e+04,-102.625000
14153,1.41530000e+04,-102.625000
14154,1.41540000e+04,-101.083333
14155,1.41550000e+04,-101.083333
14156,1.41560000e+04,-99.166667
14157,1.41570000e+04,-99.166667
14158,1.41580000e+04,-97.208333
14159,1.41590000e+04,-97.208333
14160,1.41600000e+04,-95.541667
14161,1.41610000e+04,-95.541667
14162,1.41620000e+04,-93.833333
14163,1.41630000e+04,-93.833333
14164,1.41640000e+04,-91.875000
14165,1.41650000e+04,-91.875000
14166,1.41660000e+04,-90.166667
14167,1.41670000e+04,-90.166667
14168,1.41680000e+04,-88.250000
14169,1.41690000e+04,-88.250000
14170,1.41700000e+04,-86.541667
14171,1.41710000e+04,-86.541667
14172,1.41720000e+04,-84.750000
14173,1.41730000e+04,-84.750000
14174,1.41740000e+04,-83.041667
14175,1.41750000e+04,-83.041667
14176,1.41760000e+04,-81.333333
14177,1.41770000e+04,-81.333333
14178,1.41780000e+04,-79.458333
14179,1.41790000e+04,-79.458333
14180,1.41800000e+04,-77.791667
14181,1.41810000e+04,-77.791667
14182,1.41820000e+04,-76.041667
14183,1.41830000e+04,-76.041667
14184,1.41840000e+04,-74.250000
14185,1.41850000e+04,-74.250000
14186,1.41860000e+04,-72.500000
14187,1.41870000e+04,-72.500000
14188,1.41880000e+04,-70.750000
14189,1.41890000e+04,-70.750000
14190,1.41900000e+04,-69.083333
14191,1.41910000e+04,-69.083333
14192,1.41920000e+04,-67.208333
14193,1.41930000e+04,-67.208333
14194,1.41940000e+04,-65.500000
14195,1.41950000e+04,-65.500000
14196,1.41960000e+04,-63.750000
14197,1.41970000e+04,-63.750000
14198,1.41980000e+04,-62.083333
14199,1.41990000e+04,-62.083333
14200,1.42000000e+04,-60.375000
14201,1.42010000e+04,-60.375000
14202,1.42020000e+04,-58.583333
14203,1.42030000e+04,-58.583333
14204,1.42040000e+04,-56.791667
14205,1.42050000e+04,-56.791667
14206,1.42060000e+04,-54.875000
14207,1.42070000e+04,-54.875000
14208,1.42080000e+04,-53.250000
14209,1.42090000e+04,-53.250000
14210,1.42100000e+04,-51.375000
14211,1.42110000e+04,-51.375000
14212,1.42120000e+04,-49.583333
14213,1.42130000e+04,-49.583333
14214,1.42140000e+04,-47.666667
14215,1.42150000e+04,-47.666667
14216,1.42160000e+04,-45.833333
14217,1.42170000e+04,-45.833333
14218,1.42180000e+04,-43.958333
14219,1.42190000e+04,-43.958333
14220,1.42200000e+04,-42.125000
14221,1.42210000e+04,-42.125000
14222,1.42220000e+04,-40.250000
14223,1.42230000e+04,-40.250000
14224,1.42240000e+04,-38.208333
14225,1.42250000e+04,-38.208333
14226,1.42260000e+04,-36.333333
14227,1.42270000e+04,-36.333333
14228,1.42280000e+04,-34.375000
14229,1.42290000e+04,-34.375000
14230,1.42300000e+04,-32.333333
14231,1.42310000e+04,-32.333333
14232,1.42320000e+04,-30.416667
14233,1.42330000e+04,-30.416667
14234,1.42340000e+04,-28.333333
14235,1.42350000e+04,-28.333333
14236,1.42360000e+04,-26.541667
14237,1.42370000e+04,-26.541667
14238,1.42380000e+04,-24.291667
14239,1.42390000e+04,-24.291667
14240,1.42400000e+04,-22.250000
14241,1.42410000e+04,-22.250000
14242,1.42420000e+04,-20.166667
14243,1.42430000e+04,-20.166667
14244,1.42440000e+04,-18.125000
14245,1.42450000e+04,-18.125000
14246,1.42460000e+04,-16.041667
14247,1.42470000e+04,-16.041667
14248,1.42480000e+04,-13.916667
14249,1.42490000e+04,-13.916667
14250,1.42500000e+04,-11.875000
14251,1.42510000e+04,-11.875000
14252,1.42520000e+04,-9.750000
14253,1.42530000e+04,-9.750000
14254,1.42540000e+04,-7.708333
14255,1.42550000e+04,-7.708333
14256,1.42560000e+04,-5.416667
14257,1.42570000e+04,-5.416667
14258,1.42580000e+04,-3.333333
14259,1.42590000e+04,-3.333333
14260,1.42600000e+04,-1.250000
14261,1.42610000e+04,-1.250000
14262,1.42620000e+04,0.875000
14263,1.42630000e+04,0.875000
14264,1.42640000e+04,3.000000
14265,1.42650000e+04,3.000000
14266,1.42660000e+04,5.166667
14267,1.42670000e+04,5.166667
14268,1.42680000e+04,7.291667
14269,1.42690000e+04,7.291667
14270,1.42700000e+04,9.375000
14271,1.42710000e+04,9.375000
14272,1.42720000e+04,11.625000
14273,1.42730000e+04,11.625000
14274,1.42740000e+04,13.666667
14275,1.42750000e+04,13.666667
14276,1.42760000e+04,15.750000
14277,1.42770000e+04,15.750000
14278,1.42780000e+04,17.875000
14279,1.42790000e+04,17.875000
14280,1.42800000e+04,19.916667
14281,1.42810000e+04,19.916667
14282,1.42820000e+04,22.000000
14283,1.42830000e+04,22.000000
14284,1.42840000e+04,24.041667
14285,1.42850000e+04,24.041667
14286,1.42860000e+04,26.208333
14287,1.42870000e+04,26.208333
14288,1.42880000e+04,28.333333
14289,1.42890000e+04,28.333333
14290,1.42900000e+04,30.333333
14291,1.42910000e+04,30.333333
14292,1.42920000e+04,32.208333
14293,1.42930000e+04,32.208333
14294,1.42940000e+04,34.291667
14295,1.42950000e+04,34.291667
14296,1.42960000e+04,36.291667
14297,1.42970000e+04,36.291667
14298,1.42980000e+04,38.250000
14299,1.42990000e+04,38.250000
14300,1.43000000e+04,40.208333
14301,1.43010000e+04,40.208333
14302,1.43020000e+04,42.166667
14303,1.43030000e+04,42.166667
14304,1.43040000e+04,44.125000
14305,1.43050000e+04,44.125000
14306,1.43060000e+04,46.000000
14307,1.43070000e+04,46.000000
14308,1.43080000e+04,47.708333
14309,1.43090000e+04,47.708333
14310,1.43100000e+04,49.833333
14311,1.43110000e+04,49.833333
14312,1.43120000e+04,51.666667
14313,1.43130000e+04,51.666667
14314,1.43140000e+04,53.333333
14315,1.43150000e+04,53.333333
14316,1.43160000e+04,55.208333
14317,1.43170000e+04,55.208333
14318,1.43180000e+04,56.958333
14319,1.43190000e+04,56.958333
14320,1.43200000e+04,58.875000
14321,1.43210000e+04,58.875000
14322,1.43220000e+04,60.500000
14323,1.43230000e+04,60.500000
14324,1.43240000e+04,62.375000
14325,1.43250000e+04,62.375000
14326,1.43260000e+04,64.125000
14327,1.43270000e+04,64.125000
14328,1.43280000e+04,65.791667
14329,1.43290000e+04,65.791667
14330,1.43300000e+04,67.500000
14331,1.43310000e+04,67.500000
14332,1.43320000e+04,69.291667
14333,1.43330000e+04,69.291667
14334,1.43340000e+04,71.125000
14335,1.43350000e+04,71.125000
14336,1.43360000e+04,72.875000
14337,1.43370000e+04,72.875000
14338,1.43380000e+04,74.541667
14339,1.43390000e+04,74.541667
14340,1.43400000e+04,76.333333
14341,1.43410000e+04,76.333333
14342,1.43420000e+04,78.000000
14343,1.43430000e+04,78.000000
14344,1.43440000e+04,79.708333
14345,1.43450000e+04,79.708333
14346,1.43460000e+04,81.583333
14347,1.43470000e+04,81.583333
14348,1.43480000e+04,83.208333
14349,1.43490000e+04,83.208333
14350,1.43500000e+04,85.000000
14351,1.43510000e+04,85.000000
14352,1.43520000e+04,86.625000
14353,1.43530000e+04,86.625000
14354,1.43540000e+04,88.458333
14355,1.43550000e+04,88.458333
14356,1.43560000e+04,90.375000
14357,1.43570000e+04,90.375000
14358,1.43580000e+04,92.083333
14359,1.43590000e+04,92.083333
14360,1.43600000e+04,93.916667
14361,1.43610000e+04,93.916667
14362,1.43620000e+04,95.625000
14363,1.43630000e+04,95.625000
14364,1.43640000e+04,97.375000
14365,1.43650000e+04,97.375000
14366,1.43660000e+04,99.166667
14367,1.43670000e+04,99.166667
14368,1.43680000e+04,100.958333
14369,1.43690000e+04,100.958333
14370,1.43700000e+04,102.583333
14371,1.43710000e+04,102.583333
14372,1.43720000e+04,104.416667
14373,1.43730000e+04,104.416667
14374,1.43740000e+04,106.291667
14375,1.43750000e+04,106.291667
14376,1.43760000e+04,107.958333
14377,1.43770000e+04,107.958333
14378,1.43780000e+04,109.750000
14379,1.43790000e+04,109.750000
14380,1.43800000e+04,111.708333
14381,1.43810000e+04,111.708333
14382,1.43820000e+04,113.375000
14383,1.43830000e+04,113.375000
14384,1.43840000e+04,115.208333
14385,1.43850000e+04,115.208333
14386,1.43860000e+04,116.916667
14387,1.43870000e+04,116.916667
14388,1.43880000e+04,118.750000
14389,1.43890000e+04,118.750000
14390,1.43900000e+04,120.500000
14391,1.43910000e+04,120.500000
14392,1.43920000e+04,122.333333
14393,1.43930000e+04,122.333333
14394,1.43940000e+04,124.041667
14395,1.43950000e+04,124.041667
14396,1.43960000e+04,125.708333
14397,1.43970000e+04,125.708333
14398,1.43980000e+04,127.541667
14399,1.43990000e+04,127.541667
14400,1.44000000e+04,129.291667
14401,1.44010000e+04,129.291667
14402,1.44020000e+04,130.875000
14403,1.44030000e+04,130.875000
14404,1.44040000e+04,132.708333
14405,1.44050000e+04,132.708333
14406,1.44060000e+04,134.333333
14407,1.44070000e+04,134.333333
14408,1.44080000e+04,136.000000
14409,1.44090000e+04,136.000000
14410,1.44100000e+04,137.625000
14411,1.44110000e+04,137.625000
14412,1.44120000e+04,139.208333
14413,1.44130000e+04,139.208333
14414,1.44140000e+04,140.791667
14415,1.44150000e+04,140.791667
14416,1.44160000e+04,142.375000
14417,1.44170000e+04,142.375000
14418,1.44180000e+04,143.875000
14419,1.44190000e+04,143.875000
14420,1.44200000e+04,145.416667
14421,1.44210000e+04,145.416667
14422,1.44220000e+04,146.916667
14423,1.44230000e+04,146.916667
14424,1.44240000e+04,148.333333
14425,1.44250000e+04,148.333333
14426,1.44260000e+04,149.791667
14427,1.44270000e+04,149.791667
14428,1.44280000e+04,151.250000
14429,1.44290000e+04,151.250000
14430,1.44300000e+04,152.666667
14431,1.44310000e+04,152.666667
14432,1.44320000e+04,154.083333
14433,1.44330000e+04,154.083333
14434,1.44340000e+04,155.333333
14435,1.44350000e+04,155.333333
14436,1.44360000e+04,156.666667
14437,1.44370000e+04,156.666667
14438,1.44380000e+04,158.041667
14439,1.44390000e+04,158.041667
14440,1.44400000e+04,159.125000
14441,1.44410000e+04,159.125000
14442,1.44420000e+04,160.458333
14443,1.44430000e+04,160.458333
14444,1.44440000e+04,161.583333
14445,1.44450000e+04,161.583333
14446,1.44460000e+04,162.708333
14447,1.44470000e+04,162.708333
14448,1.44480000e+04,164.000000
14449,1.44490000e+04,164.000000
14450,1.44500000e+04,165.125000
14451,1.44510000e+04,165.125000
14452,1.44520000e+04,166.250000
14453,1.44530000e+04,166.250000
14454,1.44540000e+04,167.375000
14455,1.44550000e+04,167.375000
14456,1.44560000e+04,168.541667
14457,1.44570000e+04,168.541667
14458,1.44580000e+04,169.500000
14459,1.44590000e+04,169.500000
14460,1.44600000e+04,170.666667
14461,1.44610000e+04,170.666667
14462,1.44620000e+04,171.583333
14463,1.44630000e+04,171.583333
14464,1.44640000e+04,172.625000
14465,1.44650000e+04,172.625000
14466,1.44660000e+04,173.625000
14467,1.44670000e+04,173.625000
14468,1.44680000e+04,174.666667
14469,1.44690000e+04,174.666667
14470,1.44700000e+04,175.708333
14471,1.44710000e+04,175.708333
14472,1.44720000e+04,176.708333
14473,1.44730000e+04,176.708333
14474,1.44740000e+04,177.750000
14475,1.44750000e+04,177.750000
14476,1.44760000e+04,178.625000
14477,1.44770000e+04,178.625000
14478,1.44780000e+04,179.666667
14479,1.44790000e+04,179.666667
14480,1.44800000e+04,180.541667
14481,1.44810000e+04,180.541667
14482,1.44820000e+04,181.625000
14483,1.44830000e+04,181.625000
14484,1.44840000e+04,182.583333
14485,1.44850000e+04,182.583333
14486,1.44860000e+04,183.625000
14487,1.44870000e+04,183.625000
14488,1.44880000e+04,184.625000
14489,1.44890000e+04,184.625000
14490,1.44900000e+04,185.625000
14491,1.44910000e+04,185.625000
14492,1.44920000e+04,186.458333
14493,1.44930000e+04,186.458333
14494,1.44940000e+04,187.541667
14495,1.44950000e+04,187.541667
14496,1.44960000e+04,188.583333
14497,1.44970000e+04,188.583333
14498,1.44980000e+04,189.625000
14499,1.44990000e+04,189.625000
14500,1.45000000e+04,190.625000
14501,1.45010000e+04,190.625000
14502,1.45020000e+04,191.458333
14503,1.45030000e+04,191.458333
14504,1.45040000e+04,192.541667
14505,1.45050000e+04,192.541667
14506,1.45060000e+04,193.625000
14507,1.45070000e+04,193.625000
14508,1.45080000e+04,194.625000
14509,1.45090000e+04,194.625000
14510,1.45100000e+04,195.541667
14511,1.45110000e+04,195.541667
14512,1.45120000e+04,196.750000
14513,1.45130000e+04,196.750000
14514,1.45140000e+04,197.708333
14515,1.45150000e+04,197.708333
14516,1.45160000e+04,198.833333
14517,1.45170000e+04,198.833333
14518,1.45180000e+04,199.916667
14519,1.45190000e+04,199.916667
14520,1.45200000e+04,200.958333
14521,1.45210000e+04,200.958333
14522,1.45220000e+04,202.125000
14523,1.45230000e+04,202.125000
14524,1.45240000e+04,203.166667
14525,1.45250000e+04,203.166667
14526,1.45260000e+04,204.291667
14527,1.45270000e+04,204.291667
14528,1.45280000e+04,205.375000
14529,1.45290000e+04,205.375000
14530,1.45300000e+04,206.333333
14531,1.45310000e+04,206.333333
14532,1.45320000e+04,207.208333
14533,1.45330000e+04,207.208333
14534,1.45340000e+04,208.458333
14535,1.45350000e+04,208.458333
14536,1.45360000e+04,209.583333
14537,1.45370000e+04,209.583333
14538,1.45380000e+04,210.583333
14539,1.45390000e+04,210.583333
14540,1.45400000e+04,211.666667
14541,1.45410000e+04,211.666667
14542,1.45420000e+04,212.625000
14543,1.45430000e+04,212.625000
14544,1.45440000e+04,213.625000
14545,1.45450000e+04,213.625000
14546,1.45460000e+04,214.666667
14547,1.45470000e+04,214.666667
14548,1.45480000e+04,215.500000
14549,1.45490000e+04,215.500000
14550,1.45500000e+04,216.625000
14551,1.45510000e+04,216.625000
14552,1.45520000e+04,217.458333
14553,1.45530000e+04,217.458333
14554,1.45540000e+04,218.416667
14555,1.45550000e+04,218.416667
14556,1.45560000e+04,219.125000
14557,1.45570000e+04,219.125000
14558,1.45580000e+04,220.000000
14559,1.45590000e+04,220.000000
14560,1.45600000e+04,221.000000
14561,1.45610000e+04,221.000000
14562,1.45620000e+04,221.750000
14563,1.45630000e+04,221.750000
14564,1.45640000e+04,222.583333
14565,1.45650000e+04,222.583333
14566,1.45660000e+04,223.208333
14567,1.45670000e+04,223.208333
14568,1.45680000e+04,223.958333
14569,1.45690000e+04,223.958333
14570,1.45700000e+04,224.666667
14571,1.45710000e+04,224.666667
14572,1.45720000e+04,225.291667
14573,1.45730000e+04,225.291667
14574,1.45740000e+04,226.041667
14575,1.45750000e+04,226.041667
14576,1.45760000e+04,226.625000
14577,1.45770000e+04,226.625000
14578,1.45780000e+04,227.083333
14579,1.45790000e+04,227.083333
14580,1.45800000e+04,227.833333
14581,1.45810000e+04,227.833333
14582,1.45820000e+04,228.291667
14583,1.45830000e+04,228.291667
14584,1.45840000e+04,228.833333
14585,1.45850000e+04,228.833333
14586,1.45860000e+04,229.250000
14587,1.45870000e+04,229.250000
14588,1.45880000e+04,229.708333
14589,1.45890000e+04,229.708333
14590,1.45900000e+04,230.125000
14591,1.45910000e+04,230.125000
14592,1.45920000e+04,230.625000
14593,1.45930000e+04,230.625000
14594,1.45940000e+04,230.958333
14595,1.45950000e+04,230.958333
14596,1.45960000e+04,231.458333
14597,1.45970000e+04,231.458333
14598,1.45980000e+04,231.625000
14599,1.45990000e+04,231.625000
14600,1.46000000e+04,231.875000
14601,1.46010000e+04,231.875000
14602,1.46020000e+04,232.125000
14603,1.46030000e+04,232.125000
14604,1.46040000e+04,232.416667
14605,1.46050000e+04,232.416667
14606,1.46060000e+04,232.583333
14607,1.46070000e+04,232.583333
14608,1.46080000e+04,232.875000
14609,1.46090000e+04,232.875000
14610,1.46100000e+04,232.958333
14611,1.46110000e+04,232.958333
14612,1.46120000e+04,233.083333
14613,1.46130000e+04,233.083333
14614,1.46140000e+04,233.375000
14615,1.46150000e+04,233.375000
14616,1.46160000e+04,233.500000
14617,1.46170000e+04,233.500000
14618,1.46180000e+04,233.583333
14619,1.46190000e+04,233.583333
14620,1.46200000e+04,233.541667
14621,1.46210000e+04,233.541667
14622,1.46220000e+04,233.750000
14623,1.46230000e+04,233.750000
14624,1.46240000e+04,233.791667
14625,1.46250000e+04,233.791667
14626,1.46260000e+04,233.791667
14627,1.46270000e+04,233.791667
14628,1.46280000e+04,233.916667
14629,1.46290000e+04,233.916667
14630,1.46300000e+04,233.791667
14631,1.46310000e+04,233.791667
14632,1.46320000e+04,233.916667
14633,1.46330000e+04,233.916667
14634,1.46340000e+04,233.833333
14635,1.46350000e+04,233.833333
14636,1.46360000e+04,233.750000
14637,1.46370000e+04,233.750000
14638,1.46380000e+04,233.708333
14639,1.46390000e+04,233.708333
14640,1.46400000e+04,233.791667
14641,1.46410000e+04,233.791667
14642,1.46420000e+04,233.708333
14643,1.46430000e+04,233.708333
14644,1.46440000e+04,233.625000
14645,1.46450000e+04,233.625000
14646,1.46460000e+04,233.583333
14647,1.46470000e+04,233.583333
14648,1.46480000e+04,233.500000
14649,1.46490000e+04,233.500000
14650,1.46500000e+04,233.458333
14651,1.46510000e+04,233.458333
14652,1.46520000e+04,233.250000
14653,1.46530000e+04,233.250000
14654,1.46540000e+04,233.208333
14655,1.46550000e+04,233.208333
14656,1.46560000e+04,232.958333
14657,1.46570000e+04,232.958333
14658,1.46580000e+04,232.875000
14659,1.46590000e+04,232.875000
14660,1.46600000e+04,232.500000
14661,1.46610000e+04,232.500000
14662,1.46620000e+04,232.416667
14663,1.46630000e+04,232.416667
14664,1.46640000e+04,232.250000
14665,1.46650000e+04,232.250000
14666,1.46660000e+04,231.958333
14667,1.46670000e+04,231.958333
14668,1.46680000e+04,231.833333
14669,1.46690000e+04,231.833333
14670,1.46700000e+04,231.666667
14671,1.46710000e+04,231.666667
14672,1.46720000e+04,231.125000
14673,1.46730000e+04,231.125000
14674,1.46740000e+04,231.000000
14675,1.46750000e+04,231.000000
14676,1.46760000e+04,230.541667
14677,1.46770000e+04,230.541667
14678,1.46780000e+04,230.375000
14679,1.46790000e+04,230.375000
14680,1.46800000e+04,229.833333
14681,1.46810000e+04,229.833333
14682,1.46820000e+04,229.666667
14683,1.46830000e+04,229.666667
14684,1.46840000e+04,229.250000
14685,1.46850000e+04,229.250000
14686,1.46860000e+04,228.833333
14687,1.46870000e+04,228.833333
14688,1.46880000e+04,228.291667
14689,1.46890000e+04,228.291667
14690,1.46900000e+04,227.875000
14691,1.46910000e+04,227.875000
14692,1.46920000e+04,227.250000
14693,1.46930000e+04,227.250000
14694,1.46940000e+04,226.833333
14695,1.46950000e+04,226.833333
14696,1.46960000e+04,226.250000
14697,1.46970000e+04,226.250000
14698,1.46980000e+04,225.583333
14699,1.46990000e+04,225.583333
14700,1.47000000e+04,225.041667
14701,1.47010000e+04,225.041667
14702,1.47020000e+04,224.291667
14703,1.47030000e+04,224.291667
14704,1.47040000e+04,223.791667
14705,1.47050000e+04,223.791667
14706,1.47060000e+04,222.916667
14707,1.47070000e+04,222.916667
14708,1.47080000e+04,222.250000
14709,1.47090000e+04,222.250000
14710,1.47100000e+04,221.666667
14711,1.47110000e+04,221.666667
14712,1.47120000e+04,220.875000
14713,1.47130000e+04,220.875000
14714,1.47140000e+04,219.916667
14715,1.47150000e+04,219.916667
14716,1.47160000e+04,219.083333
14717,1.47170000e+04,219.083333
14718,1.47180000e+04,218.208333
14719,1.47190000e+04,218.208333
14720,1.47200000e+04,217.416667
14721,1.47210000e+04,217.416667
14722,1.47220000e+04,216.375000
14723,1.47230000e+04,216.375000
14724,1.47240000e+04,215.666667
14725,1.47250000e+04,215.666667
14726,1.47260000e+04,214.541667
14727,1.47270000e+04,214.541667
14728,1.47280000e+04,213.625000
14729,1.47290000e+04,213.625000
14730,1.47300000e+04,212.583333
14731,1.47310000e+04,212.583333
14732,1.47320000e+04,211.583333
14733,1.47330000e+04,211.583333
14734,1.47340000e+04,210.625000
14735,1.47350000e+04,210.625000
14736,1.47360000e+04,209.541667
14737,1.47370000e+04,209.541667
14738,1.47380000e+04,208.375000
14739,1.47390000e+04,208.375000
14740,1.47400000e+04,207.416667
14741,1.47410000e+04,207.416667
14742,1.47420000e+04,206.333333
14743,1.47430000e+04,206.333333
14744,1.47440000e+04,205.083333
14745,1.47450000e+04,205.083333
14746,1.47460000e+04,204.041667
14747,1.47470000e+04,204.041667
14748,1.47480000e+04,203.000000
14749,1.47490000e+04,203.000000
14750,1.47500000e+04,201.916667
14751,1.47510000e+04,201.916667
14752,1.47520000e+04,200.833333
14753,1.47530000e+04,200.833333
14754,1.47540000e+04,199.666667
14755,1.47550000e+04,199.666667
14756,1.47560000e+04,198.625000
14757,1.47570000e+04,198.625000
14758,1.47580000e+04,197.541667
14759,1.47590000e+04,197.541667
14760,1.47600000e+04,196.458333
14761,1.47610000e+04,196.458333
14762,1.47620000e+04,195.375000
14763,1.47630000e+04,195.375000
14764,1.47640000e+04,194.208333
14765,1.47650000e+04,194.208333
14766,1.47660000e+04,193.250000
14767,1.47670000e+04,193.250000
14768,1.47680000e+04,192.041667
14769,1.47690000e+04,192.041667
14770,1.47700000e+04,190.916667
14771,1.47710000e+04,190.916667
14772,1.47720000e+04,189.958333
14773,1.47730000e+04,189.958333
14774,1.47740000e+04,188.916667
14775,1.47750000e+04,188.916667
14776,1.47760000e+04,187.875000
14777,1.47770000e+04,187.875000
14778,1.47780000e+04,186.750000
14779,1.47790000e+04,186.750000
14780,1.47800000e+04,185.791667
14781,1.47810000e+04,185.791667
14782,1.47820000e+04,184.750000
14783,1.47830000e+04,184.750000
14784,1.47840000e+04,183.666667
14785,1.47850000e+04,183.666667
14786,1.47860000e+04,182.666667
14787,1.47870000e+04,182.666667
14788,1.47880000e+04,181.750000
14789,1.47890000e+04,181.750000
14790,1.47900000e+04,180.750000
14791,1.47910000e+04,180.750000
14792,1.47920000e+04,179.500000
14793,1.47930000e+04,179.500000
14794,1.47940000e+04,178.791667
14795,1.47950000e+04,178.791667
14796,1.47960000e+04,177.666667
14797,1.47970000e+04,177.666667
14798,1.47980000e+04,176.708333
14799,1.47990000e+04,176.708333
14800,1.48000000e+04,175.708333
14801,1.48010000e+04,175.708333
14802,1.48020000e+04,174.625000
14803,1.48030000e+04,174.625000
14804,1.48040000e+04,173.666667
14805,1.48050000e+04,173.666667
14806,1.48060000e+04,172.750000
14807,1.48070000e+04,172.750000
14808,1.48080000e+04,171.541667
14809,1.48090000e+04,171.541667
14810,1.48100000e+04,170.625000
14811,1.48110000e+04,170.625000
14812,1.48120000e+04,169.625000
14813,1.48130000e+04,169.625000
14814,1.48140000e+04,168.500000
14815,1.48150000e+04,168.500000
14816,1.48160000e+04,167.458333
14817,1.48170000e+04,167.458333
14818,1.48180000e+04,166.416667
14819,1.48190000e+04,166.416667
14820,1.48200000e+04,165.291667
14821,1.48210000e+04,165.291667
14822,1.48220000e+04,164.166667
14823,1.48230000e+04,164.166667
14824,1.48240000e+04,162.958333
14825,1.48250000e+04,162.958333
14826,1.48260000e+04,161.916667
14827,1.48270000e+04,161.916667
14828,1.48280000e+04,160.750000
14829,1.48290000e+04,160.750000
14830,1.48300000e+04,159.500000
14831,1.48310000e+04,159.500000
14832,1.48320000e+04,158.333333
14833,1.48330000e+04,158.333333
14834,1.48340000e+04,157.041667
14835,1.48350000e+04,157.041667
14836,1.48360000e+04,155.708333
14837,1.48370000e+04,155.708333
14838,1.48380000e+04,154.666667
14839,1.48390000e+04,154.666667
14840,1.48400000e+04,153.250000
14841,1.48410000e+04,153.250000
14842,1.48420000e+04,151.833333
14843,1.48430000e+04,151.833333
14844,1.48440000e+04,150.416667
14845,1.48450000e+04,150.416667
14846,1.48460000e+04,149.125000
14847,1.48470000e+04,149.125000
14848,1.48480000e+04,147.625000
14849,1.48490000e+04,147.625000
14850,1.48500000e+04,146.166667
14851,1.48510000e+04,146.166667
14852,1.48520000e+04,144.666667
14853,1.48530000e+04,144.666667
14854,1.48540000e+04,143.250000
14855,1.48550000e+04,143.250000
14856,1.48560000e+04,141.666667
14857,1.48570000e+04,141.666667
14858,1.48580000e+04,140.083333
14859,1.48590000e+04,140.083333
14860,1.48600000e+04,138.458333
14861,1.48610000e+04,138.458333
14862,1.48620000e+04,136.791667
14863,1.48630000e+04,136.791667
14864,1.48640000e+04,135.208333
14865,1.48650000e+04,135.208333
14866,1.48660000e+04,133.541667
14867,1.48670000e+04,133.541667
14868,1.48680000e+04,132.000000
14869,1.48690000e+04,132.000000
14870,1.48700000e+04,130.250000
14871,1.48710000e+04,130.250000
14872,1.48720000e+04,128.375000
14873,1.48730000e+04,128.375000
14874,1.48740000e+04,126.833333
14875,1.48750000e+04,126.833333
14876,1.48760000e+04,125.041667
14877,1.48770000e+04,125.041667
14878,1.48780000e+04,123.291667
14879,1.48790000e+04,123.291667
14880,1.48800000e+04,121.416667
14881,1.48810000e+04,121.416667
14882,1.48820000e+04,119.666667
14883,1.48830000e+04,119.666667
14884,1.48840000e+04,117.791667
14885,1.48850000e+04,117.791667
14886,1.48860000e+04,116.000000
14887,1.48870000e+04,116.000000
14888,1.48880000e+04,114.291667
14889,1.48890000e+04,114.291667
14890,1.48900000e+04,112.500000
14891,1.48910000e+04,112.500000
14892,1.48920000e+04,110.708333
14893,1.48930000e+04,110.708333
14894,1.48940000e+04,108.958333
14895,1.48950000e+04,108.958333
14896,1.48960000e+04,106.958333
14897,1.48970000e+04,106.958333
14898,1.48980000e+04,105.166667
14899,1.48990000e+04,105.166667
14900,1.49000000e+04,103.458333
14901,1.49010000e+04,103.458333
14902,1.49020000e+04,101.458333
14903,1.49030000e+04,101.458333
14904,1.49040000e+04,99.750000
14905,1.49050000e+04,99.750000
14906,1.49060000e+04,97.833333
14907,1.49070000e+04,97.833333
14908,1.49080000e+04,96.125000
14909,1.49090000e+04,96.125000
14910,1.49100000e+04,94.333333
14911,1.49110000e+04,94.333333
14912,1.49120000e+04,92.416667
14913,1.49130000e+04,92.416667
14914,1.49140000e+04,90.750000
14915,1.49150000e+04,90.750000
14916,1.49160000e+04,88.916667
14917,1.49170000e+04,88.916667
14918,1.49180000e+04,87.125000
14919,1.49190000e+04,87.125000
14920,1.49200000e+04,85.416667
14921,1.49210000e+04,85.416667
14922,1.49220000e+04,83.708333
14923,1.49230000e+04,83.708333
14924,1.49240000e+04,81.875000
14925,1.49250000e+04,81.875000
14926,1.49260000e+04,80.208333
14927,1.49270000e+04,80.208333
14928,1.49280000e+04,78.333333
14929,1.49290000e+04,78.333333
14930,1.49300000e+04,76.583333
14931,1.49310000e+04,76.583333
14932,1.49320000e+04,74.875000
14933,1.49330000e+04,74.875000
14934,1.49340000e+04,73.208333
14935,1.49350000e+04,73.208333
14936,1.49360000e+04,71.500000
14937,1.49370000e+04,71.500000
14938,1.49380000e+04,69.625000
14939,1.49390000e+04,69.625000
14940,1.49400000e+04,67.791667
14941,1.49410000e+04,67.791667
14942,1.49420000e+04,66.208333
14943,1.49430000e+04,66.208333
14944,1.49440000e+04,64.416667
14945,1.49450000e+04,64.416667
14946,1.49460000e+04,62.666667
14947,1.49470000e+04,62.666667
14948,1.49480000e+04,61.041667
14949,1.49490000e+04,61.041667
14950,1.49500000e+04,59.250000
14951,1.49510000e+04,59.250000
14952,1.49520000e+04,57.583333
14953,1.49530000e+04,57.583333
14954,1.49540000e+04,55.541667
14955,1.49550000e+04,55.541667
14956,1.49560000e+04,53.875000
14957,1.49570000e+04,53.875000
14958,1.49580000e+04,51.958333
14959,1.49590000e+04,51.958333
14960,1.49600000e+04,50.375000
14961,1.49610000e+04,50.375000
14962,1.49620000e+04,48.500000
14963,1.49630000e+04,48.500000
14964,1.49640000e+04,46.708333
14965,1.49650000e+04,46.708333
14966,1.49660000e+04,44.625000
14967,1.49670000e+04,44.625000
14968,1.49680000e+04,42.833333
14969,1.49690000e+04,42.833333
14970,1.49700000e+04,41.125000
14971,1.49710000e+04,41.125000
14972,1.49720000e+04,39.083333
14973,1.49730000e+04,39.083333
14974,1.49740000e+04,37.041667
14975,1.49750000e+04,37.041667
14976,1.49760000e+04,35.166667
14977,1.49770000e+04,35.166667
14978,1.49780000e+04,33.291667
14979,1.49790000e+04,33.291667
14980,1.49800000e+04,31.250000
14981,1.49810000e+04,31.250000
14982,1.49820000e+04,29.208333
14983,1.49830000e+04,29.208333
14984,1.49840000e+04,27.166667
14985,1.49850000e+04,27.166667
14986,1.49860000e+04,25.125000
14987,1.49870000e+04,25.125000
14988,1.49880000e+04,23.125000
14989,1.49890000e+04,23.125000
14990,1.49900000e+04,21.083333
14991,1.49910000e+04,21.083333
14992,1.49920000e+04,19.041667
14993,1.49930000e+04,19.041667
14994,1.49940000e+04,17.000000
14995,1.49950000e+04,17.000000
14996,1.49960000e+04,14.708333
14997,1.49970000e+04,14.708333
14998,1.49980000e+04,12.666667
14999,1.49990000e+04,12.666667
15000,1.50000000e+04,10.583333
15001,1.50010000e+04,10.583333
15002,1.50020000e+04,8.416667
15003,1.50030000e+04,8.416667
15004,1.50040000e+04,6.291667
15005,1.50050000e+04,6.291667
15006,1.50060000e+04,4.166667
15007,1.50070000e+04,4.166667
15008,1.50080000e+04,2.125000
15009,1.50090000e+04,2.125000
15010,1.50100000e+04,0.000000
15011,1.50110000e+04,0.000000
15012,1.50120000e+04,-2.125000
15013,1.50130000e+04,-2.125000
15014,1.50140000e+04,-4.291667
15015,1.50150000e+04,-4.291667
15016,1.50160000e+04,-6.416667
15017,1.50170000e+04,-6.416667
15018,1.50180000e+04,-8.541667
15019,1.50190000e+04,-8.541667
15020,1.50200000e+04,-10.625000
15021,1.50210000e+04,-10.625000
15022,1.50220000e+04,-12.791667
15023,1.50230000e+04,-12.791667
15024,1.50240000e+04,-14.875000
15025,1.50250000e+04,-14.875000
15026,1.50260000e+04,-17.000000
15027,1.50270000e+04,-17.000000
15028,1.50280000e+04,-19.083333
15029,1.50290000e+04,-19.083333
15030,1.50300000e+04,-21.208333
15031,1.50310000e+04,-21.208333
15032,1.50320000e+04,-23.250000
15033,1.50330000e+04,-23.250000
15034,1.50340000e+04,-25.291667
15035,1.50350000e+04,-25.291667
15036,1.50360000e+04,-27.458333
15037,1.50370000e+04,-27.458333
15038,1.50380000e+04,-29.500000
15039,1.50390000e+04,-29.500000
15040,1.50400000e+04,-31.541667
15041,1.50410000e+04,-31.541667
15042,1.50420000e+04,-33.500000
15043,1.50430000e+04,-33.500000
15044,1.50440000e+04,-35.416667
15045,1.50450000e+04,-35.416667
15046,1.50460000e+04,-37.541667
15047,1.50470000e+04,-37.541667
15048,1.50480000e+04,-39.416667
15049,1.50490000e+04,-39.416667
15050,1.50500000e+04,-41.500000
15051,1.50510000e+04,-41.500000
15052,1.50520000e+04,-43.375000
15053,1.50530000e+04,-43.375000
15054,1.50540000e+04,-45.166667
15055,1.50550000e+04,-45.166667
15056,1.50560000e+04,-47.000000
15057,1.50570000e+04,-47.000000
15058,1.50580000e+04,-48.958333
15059,1.50590000e+04,-48.958333
15060,1.50600000e+04,-50.833333
15061,1.50610000e+04,-50.833333
15062,1.50620000e+04,-52.666667
15063,1.50630000e+04,-52.666667
15064,1.50640000e+04,-54.375000
15065,1.50650000e+04,-54.375000
15066,1.50660000e+04,-56.291667
15067,1.50670000e+04,-56.291667
15068,1.50680000e+04,-57.958333
15069,1.50690000e+04,-57.958333
15070,1.50700000e+04,-59.666667
15071,1.50710000e+04,-59.666667
15072,1.50720000e+04,-61.500000
15073,1.50730000e+04,-61.500000
15074,1.50740000e+04,-63.333333
15075,1.50750000e+04,-63.333333
15076,1.50760000e+04,-65.000000
15077,1.50770000e+04,-65.000000
15078,1.50780000e+04,-66.875000
15079,1.50790000e+04,-66.875000
15080,1.50800000e+04,-68.666667
15081,1.50810000e+04,-68.666667
15082,1.50820000e+04,-70.375000
15083,1.50830000e+04,-70.375000
15084,1.50840000e+04,-72.041667
15085,1.50850000e+04,-72.041667
15086,1.50860000e+04,-73.750000
15087,1.50870000e+04,-73.750000
15088,1.50880000e+04,-75.541667
15089,1.50890000e+04,-75.541667
15090,1.50900000e+04,-77.333333
15091,1.50910000e+04,-77.333333
15092,1.50920000e+04,-78.833333
15093,1.50930000e+04,-78.833333
15094,1.50940000e+04,-80.708333
15095,1.50950000e+04,-80.708333
15096,1.50960000e+04,-82.375000
15097,1.50970000e+04,-82.375000
15098,1.50980000e+04,-84.250000
15099,1.50990000e+04,-84.250000
15100,1.51000000e+04,-86.041667
15101,1.51010000e+04,-86.041667
15102,1.51020000e+04,-87.708333
15103,1.51030000e+04,-87.708333
15104,1.51040000e+04,-89.458333
15105,1.51050000e+04,-89.458333
15106,1.51060000e+04,-91.041667
15107,1.51070000e+04,-91.041667
15108,1.51080000e+04,-92.958333
15109,1.51090000e+04,-92.958333
15110,1.51100000e+04,-94.750000
15111,1.51110000e+04,-94.750000
15112,1.51120000e+04,-96.500000
15113,1.51130000e+04,-96.500000
15114,1.51140000e+04,-98.291667
15115,1.51150000e+04,-98.291667
15116,1.51160000e+04,-100.125000
15117,1.51170000e+04,-100.125000
15118,1.51180000e+04,-101.791667
15119,1.51190000e+04,-101.791667
15120,1.51200000e+04,-103.666667
15121,1.51210000e+04,-103.666667
15122,1.51220000e+04,-105.416667
15123,1.51230000e+04,-105.416667
15124,1.51240000e+04,-107.250000
15125,1.51250000e+04,-107.250000
15126,1.51260000e+04,-109.083333
15127,1.51270000e+04,-109.083333
15128,1.51280000e+04,-110.791667
15129,1.51290000e+04,-110.791667
15130,1.51300000e+04,-112.583333
15131,1.51310000e+04,-112.583333
15132,1.51320000e+04,-114.458333
15133,1.51330000e+04,-114.458333
15134,1.51340000e+04,-116.083333
15135,1.51350000e+04,-116.083333
15136,1.51360000e+04,-117.958333
15137,1.51370000e+04,-117.958333
15138,1.51380000e+04,-119.708333
15139,1.51390000e+04,-119.708333
15140,1.51400000e+04,-121.458333
15141,1.51410000e+04,-121.458333
15142,1.51420000e+04,-123.166667
15143,1.51430000e+04,-123.166667
15144,1.51440000e+04,-125.041667
15145,1.51450000e+04,-125.041667
15146,1.51460000e+04,-126.833333
15147,1.51470000e+04,-126.833333
15148,1.51480000e+04,-128.291667
15149,1.51490000e+04,-128.291667
15150,1.51500000e+04,-130.125000
15151,1.51510000e+04,-130.125000
15152,1.51520000e+04,-131.875000
15153,1.51530000e+04,-131.875000
15154,1.51540000e+04,-133.500000
15155,1.51550000e+04,-133.500000
15156,1.51560000e+04,-135.208333
15157,1.51570000e+04,-135.208333
15158,1.51580000e+04,-136.875000
15159,1.51590000e+04,-136.875000
15160,1.51600000e+04,-138.458333
15161,1.51610000e+04,-138.458333
15162,1.51620000e+04,-140.125000
15163,1.51630000e+04,-140.125000
15164,1.51640000e+04,-141.625000
15165,1.51650000e+04,-141.625000
15166,1.51660000e+04,-143.000000
15167,1.51670000e+04,-143.000000
15168,1.51680000e+04,-144.583333
15169,1.51690000e+04,-144.583333
15170,1.51700000e+04,-146.208333
15171,1.51710000e+04,-146.208333
15172,1.51720000e+04,-147.666667
15173,1.51730000e+04,-147.666667
15174,1.51740000e+04,-149.083333
15175,1.51750000e+04,-149.083333
15176,1.51760000e+04,-150.625000
15177,1.51770000e+04,-150.625000
15178,1.51780000e+04,-152.041667
15179,1.51790000e+04,-152.041667
15180,1.51800000e+04,-153.208333
15181,1.51810000e+04,-153.208333
15182,1.51820000e+04,-154.708333
15183,1.51830000e+04,-154.708333
15184,1.51840000e+04,-156.000000
15185,1.51850000e+04,-156.000000
15186,1.51860000e+04,-157.375000
15187,1.51870000e+04,-157.375000
15188,1.51880000e+04,-158.458333
15189,1.51890000e+04,-158.458333
15190,1.51900000e+04,-159.750000
15191,1.51910000e+04,-159.750000
15192,1.51920000e+04,-161.000000
15193,1.51930000e+04,-161.000000
15194,1.51940000e+04,-162.166667
15195,1.51950000e+04,-162.166667
15196,1.51960000e+04,-163.291667
15197,1.51970000e+04,-163.291667
15198,1.51980000e+04,-164.541667
15199,1.51990000e+04,-164.541667
15200,1.52000000e+04,-165.666667
15201,1.52010000e+04,-165.666667
15202,1.52020000e+04,-166.791667
15203,1.52030000e+04,-166.791667
15204,1.52040000e+04,-167.875000
15205,1.52050000e+04,-167.875000
15206,1.52060000e+04,-169.041667
15207,1.52070000e+04,-169.041667
15208,1.52080000e+04,-169.958333
15209,1.52090000e+04,-169.958333
15210,1.52100000e+04,-171.000000
15211,1.52110000e+04,-171.000000
15212,1.52120000e+04,-172.125000
15213,1.52130000e+04,-172.125000
15214,1.52140000e+04,-173.125000
15215,1.52150000e+04,-173.125000
15216,1.52160000e+04,-174.166667
15217,1.52170000e+04,-174.166667
15218,1.52180000e+04,-175.208333
15219,1.52190000e+04,-175.208333
15220,1.52200000e+04,-176.041667
15221,1.52210000e+04,-176.041667
15222,1.52220000e+04,-177.125000
15223,1.52230000e+04,-177.125000
15224,1.52240000e+04,-178.125000
15225,1.52250000e+04,-178.125000
15226,1.52260000e+04,-179.000000
15227,1.52270000e+04,-179.000000
15228,1.52280000e+04,-180.083333
15229,1.52290000e+04,-180.083333
15230,1.52300000e+04,-181.083333
15231,1.52310000e+04,-181.083333
15232,1.52320000e+04,-182.000000
15233,1.52330000e+04,-182.000000
15234,1.52340000e+04,-183.083333
15235,1.52350000e+04,-183.083333
15236,1.52360000e+04,-184.041667
15237,1.52370000e+04,-184.041667
15238,1.52380000e+04,-185.041667
15239,1.52390000e+04,-185.041667
15240,1.52400000e+04,-186.041667
15241,1.52410000e+04,-186.041667
15242,1.52420000e+04,-187.000000
15243,1.52430000e+04,-187.000000
15244,1.52440000e+04,-188.000000
15245,1.52450000e+04,-188.000000
15246,1.52460000e+04,-188.916667
15247,1.52470000e+04,-188.916667
15248,1.52480000e+04,-190.041667
15249,1.52490000e+04,-190.041667
15250,1.52500000e+04,-191.083333
15251,1.52510000e+04,-191.083333
15252,1.52520000e+04,-192.083333
15253,1.52530000e+04,-192.083333
15254,1.52540000e+04,-193.166667
15255,1.52550000e+04,-193.166667
15256,1.52560000e+04,-194.083333
15257,1.52570000e+04,-194.083333
15258,1.52580000e+04,-195.166667
15259,1.52590000e+04,-195.166667
15260,1.52600000e+04,-196.166667
15261,1.52610000e+04,-196.166667
15262,1.52620000e+04,-197.250000
15263,1.52630000e+04,-197.250000
15264,1.52640000e+04,-198.333333
15265,1.52650000e+04,-198.333333
15266,1.52660000e+04,-199.250000
15267,1.52670000e+04,-199.250000
15268,1.52680000e+04,-200.333333
15269,1.52690000e+04,-200.333333
15270,1.52700000e+04,-201.375000
15271,1.52710000e+04,-201.375000
15272,1.52720000e+04,-202.500000
15273,1.52730000e+04,-202.500000
15274,1.52740000e+04,-203.666667
15275,1.52750000e+04,-203.666667
15276,1.52760000e+04,-204.583333
15277,1.52770000e+04,-204.583333
15278,1.52780000e+04,-205.625000
15279,1.52790000e+04,-205.625000
15280,1.52800000e+04,-206.833333
15281,1.52810000e+04,-206.833333
15282,1.52820000e+04,-207.916667
15283,1.52830000e+04,-207.916667
15284,1.52840000e+04,-208.958333
15285,1.52850000e+04,-208.958333
15286,1.52860000e+04,-210.000000
15287,1.52870000e+04,-210.000000
15288,1.52880000e+04,-210.958333
15289,1.52890000e+04,-210.958333
15290,1.52900000e+04,-211.916667
15291,1.52910000e+04,-211.916667
15292,1.52920000e+04,-213.000000
15293,1.52930000e+04,-213.000000
15294,1.52940000e+04,-214.000000
15295,1.52950000e+04,-214.000000
15296,1.52960000e+04,-214.916667
15297,1.52970000e+04,-214.916667
15298,1.52980000e+04,-215.875000
15299,1.52990000e+04,-215.875000
15300,1.53000000e+04,-216.791667
15301,1.53010000e+04,-216.791667
15302,1.53020000e+04,-217.708333
15303,1.53030000e+04,-217.708333
15304,1.53040000e+04,-218.583333
15305,1.53050000e+04,-218.583333
15306,1.53060000e+04,-219.458333
15307,1.53070000e+04,-219.458333
15308,1.53080000e+04,-220.250000
15309,1.53090000e+04,-220.250000
15310,1.53100000e+04,-221.166667
15311,1.53110000e+04,-221.166667
15312,1.53120000e+04,-222.083333
15313,1.53130000e+04,-222.083333
15314,1.53140000e+04,-222.708333
15315,1.53150000e+04,-222.708333
15316,1.53160000e+04,-223.375000
15317,1.53170000e+04,-223.375000
15318,1.53180000e+04,-224.125000
15319,1.53190000e+04,-224.125000
15320,1.53200000e+04,-224.750000
15321,1.53210000e+04,-224.750000
15322,1.53220000e+04,-225.500000
15323,1.53230000e+04,-225.500000
15324,1.53240000e+04,-226.083333
15325,1.53250000e+04,-226.083333
15326,1.53260000e+04,-226.666667
15327,1.53270000e+04,-226.666667
15328,1.53280000e+04,-227.208333
15329,1.53290000e+04,-227.208333
15330,1.53300000e+04,-227.791667
15331,1.53310000e+04,-227.791667
15332,1.53320000e+04,-228.250000
15333,1.53330000e+04,-228.250000
15334,1.53340000e+04,-228.833333
15335,1.53350000e+04,-228.833333
15336,1.53360000e+04,-229.291667
15337,1.53370000e+04,-229.291667
15338,1.53380000e+04,-229.583333
15339,1.53390000e+04,-229.583333
15340,1.53400000e+04,-230.083333
15341,1.53410000e+04,-230.083333
15342,1.53420000e+04,-230.333333
15343,1.53430000e+04,-230.333333
15344,1.53440000e+04,-230.791667
15345,1.53450000e+04,-230.791667
15346,1.53460000e+04,-231.166667
15347,1.53470000e+04,-231.166667
15348,1.53480000e+04,-231.416667
15349,1.53490000e+04,-231.416667
15350,1.53500000e+04,-231.708333
15351,1.53510000e+04,-231.708333
15352,1.53520000e+04,-231.958333
15353,1.53530000e+04,-231.958333
15354,1.53540000e+04,-232.125000
15355,1.53550000e+04,-232.125000
15356,1.53560000e+04,-232.333333
15357,1.53570000e+04,-232.333333
15358,1.53580000e+04,-232.541667
15359,1.53590000e+04,-232.541667
15360,1.53600000e+04,-232.791667
15361,1.53610000e+04,-232.791667
15362,1.53620000e+04,-232.875000
15363,1.53630000e+04,-232.875000
15364,1.53640000e+04,-233.125000
15365,1.53650000e+04,-233.125000
15366,1.53660000e+04,-233.125000
15367,1.53670000e+04,-233.125000
15368,1.53680000e+04,-233.458333
15369,1.53690000e+04,-233.458333
15370,1.53700000e+04,-233.291667
15371,1.53710000e+04,-233.291667
15372,1.53720000e+04,-233.458333
15373,1.53730000e+04,-233.458333
15374,1.53740000e+04,-233.541667
15375,1.53750000e+04,-233.541667
15376,1.53760000e+04,-233.583333
15377,1.53770000e+04,-233.583333
15378,1.53780000e+04,-233.541667
15379,1.53790000e+04,-233.541667
15380,1.53800000e+04,-233.291667
15381,1.53810000e+04,-233.291667
15382,1.53820000e+04,-233.500000
15383,1.53830000e+04,-233.500000
15384,1.53840000e+04,-233.541667
15385,1.53850000e+04,-233.541667
15386,1.53860000e+04,-233.458333
15387,1.53870000e+04,-233.458333
15388,1.53880000e+04,-233.458333
15389,1.53890000e+04,-233.458333
15390,1.53900000e+04,-233.250000
15391,1.53910000e+04,-233.250000
15392,1.53920000e+04,-233.125000
15393,1.53930000e+04,-233.125000
15394,1.53940000e+04,-233.208333
15395,1.53950000e+04,-233.208333
15396,1.53960000e+04,-233.000000
15397,1.53970000e+04,-233.000000
15398,1.53980000e+04,-233.000000
15399,1.53990000e+04,-233.000000
15400,1.54000000e+04,-232.916667
15401,1.54010000e+04,-232.916667
15402,1.54020000e+04,-232.833333
15403,1.54030000e+04,-232.833333
15404,1.54040000e+04,-232.666667
15405,1.54050000e+04,-232.666667
15406,1.54060000e+04,-232.458333
15407,1.54070000e+04,-232.458333
15408,1.54080000e+04,-232.291667
15409,1.54090000e+04,-232.291667
15410,1.54100000e+04,-232.125000
15411,1.54110000e+04,-232.125000
15412,1.54120000e+04,-231.958333
15413,1.54130000e+04,-231.958333
15414,1.54140000e+04,-231.666667
15415,1.54150000e+04,-231.666667
15416,1.54160000e+04,-231.541667
15417,1.54170000e+04,-231.541667
15418,1.54180000e+04,-231.166667
15419,1.54190000e+04,-231.166667
15420,1.54200000e+04,-230.958333
15421,1.54210000e+04,-230.958333
15422,1.54220000e+04,-230.708333
15423,1.54230000e+04,-230.708333
15424,1.54240000e+04,-230.375000
15425,1.54250000e+04,-230.375000
15426,1.54260000e+04,-230.083333
15427,1.54270000e+04,-230.083333
15428,1.54280000e+04,-229.750000
15429,1.54290000e+04,-229.750000
15430,1.54300000e+04,-229.333333
15431,1.54310000e+04,-229.333333
15432,1.54320000e+04,-228.958333
15433,1.54330000e+04,-228.958333
15434,1.54340000e+04,-228.583333
15435,1.54350000e+04,-228.583333
15436,1.54360000e+04,-228.083333
15437,1.54370000e+04,-228.083333
15438,1.54380000e+04,-227.666667
15439,1.54390000e+04,-227.666667
15440,1.54400000e+04,-227.083333
15441,1.54410000e+04,-227.083333
15442,1.54420000e+04,-226.458333
15443,1.54430000e+04,-226.458333
15444,1.54440000e+04,-225.958333
15445,1.54450000e+04,-225.958333
15446,1.54460000e+04,-225.458333
15447,1.54470000e+04,-225.458333
15448,1.54480000e+04,-224.791667
15449,1.54490000e+04,-224.791667
15450,1.54500000e+04,-224.291667
15451,1.54510000e+04,-224.291667
15452,1.54520000e+04,-223.500000
15453,1.54530000e+04,-223.500000
15454,1.54540000e+04,-222.791667
15455,1.54550000e+04,-222.791667
15456,1.54560000e+04,-222.208333
15457,1.54570000e+04,-222.208333
15458,1.54580000e+04,-221.250000
15459,1.54590000e+04,-221.250000
15460,1.54600000e+04,-220.541667
15461,1.54610000e+04,-220.541667
15462,1.54620000e+04,-219.875000
15463,1.54630000e+04,-219.875000
15464,1.54640000e+04,-219.000000
15465,1.54650000e+04,-219.000000
15466,1.54660000e+04,-218.125000
15467,1.54670000e+04,-218.125000
15468,1.54680000e+04,-217.333333
15469,1.54690000e+04,-217.333333
15470,1.54700000e+04,-216.541667
15471,1.54710000e+04,-216.541667
15472,1.54720000e+04,-215.541667
15473,1.54730000e+04,-215.541667
15474,1.54740000e+04,-214.583333
15475,1.54750000e+04,-214.583333
15476,1.54760000e+04,-213.666667
15477,1.54770000e+04,-213.666667
15478,1.54780000e+04,-212.583333
15479,1.54790000e+04,-212.583333
15480,1.54800000e+04,-211.625000
15481,1.54810000e+04,-211.625000
15482,1.54820000e+04,-210.500000
15483,1.54830000e+04,-210.500000
15484,1.54840000e+04,-209.666667
15485,1.54850000e+04,-209.666667
15486,1.54860000e+04,-208.541667
15487,1.54870000e+04,-208.541667
15488,1.54880000e+04,-207.375000
15489,1.54890000e+04,-207.375000
15490,1.54900000e+04,-206.291667
15491,1.54910000e+04,-206.291667
15492,1.54920000e+04,-205.208333
15493,1.54930000e+04,-205.208333
15494,1.54940000e+04,-204.208333
15495,1.54950000e+04,-204.208333
15496,1.54960000e+04,-202.958333
15497,1.54970000e+04,-202.958333
15498,1.54980000e+04,-201.916667
15499,1.54990000e+04,-201.916667
15500,1.55000000e+04,-200.875000
15501,1.55010000e+04,-200.875000
15502,1.55020000e+04,-199.625000
15503,1.55030000e+04,-199.625000
15504,1.55040000e+04,-198.625000
15505,1.55050000e+04,-198.625000
15506,1.55060000e+04,-197.583333
15507,1.55070000e+04,-197.583333
15508,1.55080000e+04,-196.583333
15509,1.55090000e+04,-196.583333
15510,1.55100000e+04,-195.291667
15511,1.55110000e+04,-195.291667
15512,1.55120000e+04,-194.333333
15513,1.55130000e+04,-194.333333
15514,1.55140000e+04,-193.291667
15515,1.55150000e+04,-193.291667
15516,1.55160000e+04,-192.083333
15517,1.55170000e+04,-192.083333
15518,1.55180000e+04,-190.958333
15519,1.55190000e+04,-190.958333
15520,1.55200000e+04,-189.916667
15521,1.55210000e+04,-189.916667
15522,1.55220000e+04,-188.916667
15523,1.55230000e+04,-188.916667
15524,1.55240000e+04,-187.916667
15525,1.55250000e+04,-187.916667
15526,1.55260000e+04,-186.791667
15527,1.55270000e+04,-186.791667
15528,1.55280000e+04,-185.875000
15529,1.55290000e+04,-185.875000
15530,1.55300000e+04,-184.666667
15531,1.55310000e+04,-184.666667
15532,1.55320000e+04,-183.833333
15533,1.55330000e+04,-183.833333
15534,1.55340000e+04,-182.708333
15535,1.55350000e+04,-182.708333
15536,1.55360000e+04,-181.833333
15537,1.55370000e+04,-181.833333
15538,1.55380000e+04,-180.666667
15539,1.55390000e+04,-180.666667
15540,1.55400000e+04,-179.666667
15541,1.55410000e+04,-179.666667
15542,1.55420000e+04,-178.750000
15543,1.55430000e+04,-178.750000
15544,1.55440000e+04,-177.708333
15545,1.55450000e+04,-177.708333
15546,1.55460000e+04,-176.833333
15547,1.55470000e+04,-176.833333
15548,1.55480000e+04,-175.833333
15549,1.55490000e+04,-175.833333
15550,1.55500000e+04,-174.833333
15551,1.55510000e+04,-174.833333
15552,1.55520000e+04,-173.833333
15553,1.55530000e+04,-173.833333
15554,1.55540000e+04,-172.708333
15555,1.55550000e+04,-172.708333
15556,1.55560000e+04,-171.708333
15557,1.55570000e+04,-171.708333
15558,1.55580000e+04,-170.666667
15559,1.55590000e+04,-170.666667
15560,1.55600000e+04,-169.750000
15561,1.55610000e+04,-169.750000
15562,1.55620000e+04,-168.500000
15563,1.55630000e+04,-168.500000
15564,1.55640000e+04,-167.500000
15565,1.55650000e+04,-167.500000
15566,1.55660000e+04,-166.458333
15567,1.55670000e+04,-166.458333
15568,1.55680000e+04,-165.500000
15569,1.55690000e+04,-165.500000
15570,1.55700000e+04,-164.166667
15571,1.55710000e+04,-164.166667
15572,1.55720000e+04,-163.125000
15573,1.55730000e+04,-163.125000
15574,1.55740000e+04,-162.125000
15575,1.55750000e+04,-162.125000
15576,1.55760000e+04,-161.041667
15577,1.55770000e+04,-161.041667
15578,1.55780000e+04,-159.750000
15579,1.55790000e+04,-159.750000
15580,1.55800000e+04,-158.458333
15581,1.55810000e+04,-158.458333
15582,1.55820000e+04,-157.166667
15583,1.55830000e+04,-157.166667
15584,1.55840000e+04,-156.000000
15585,1.55850000e+04,-156.000000
15586,1.55860000e+04,-154.666667
15587,1.55870000e+04,-154.666667
15588,1.55880000e+04,-153.500000
15589,1.55890000e+04,-153.500000
15590,1.55900000e+04,-152.166667
15591,1.55910000e+04,-152.166667
15592,1.55920000e+04,-150.833333
15593,1.55930000e+04,-150.833333
15594,1.55940000e+04,-149.250000
15595,1.55950000e+04,-149.250000
15596,1.55960000e+04,-147.833333
15597,1.55970000e+04,-147.833333
15598,1.55980000e+04,-146.500000
15599,1.55990000e+04,-146.500000
15600,1.56000000e+04,-145.041667
15601,1.56010000e+04,-145.041667
15602,1.56020000e+04,-143.458333
15603,1.56030000e+04,-143.458333
15604,1.56040000e+04,-141.958333
15605,1.56050000e+04,-141.958333
15606,1.56060000e+04,-140.416667
15607,1.56070000e+04,-140.416667
15608,1.56080000e+04,-138.791667
15609,1.56090000e+04,-138.791667
15610,1.56100000e+04,-137.208333
15611,1.56110000e+04,-137.208333
15612,1.56120000e+04,-135.625000
15613,1.56130000e+04,-135.625000
15614,1.56140000e+04,-133.916667
15615,1.56150000e+04,-133.916667
15616,1.56160000e+04,-132.166667
15617,1.56170000e+04,-132.166667
15618,1.56180000e+04,-130.666667
15619,1.56190000e+04,-130.666667
15620,1.56200000e+04,-129.000000
15621,1.56210000e+04,-129.000000
15622,1.56220000e+04,-127.083333
15623,1.56230000e+04,-127.083333
15624,1.56240000e+04,-125.541667
15625,1.56250000e+04,-125.541667
15626,1.56260000e+04,-123.708333
15627,1.56270000e+04,-123.708333
15628,1.56280000e+04,-121.916667
15629,1.56290000e+04,-121.916667
15630,1.56300000e+04,-120.083333
15631,1.56310000e+04,-120.083333
15632,1.56320000e+04,-118.291667
15633,1.56330000e+04,-118.291667
15634,1.56340000e+04,-116.375000
15635,1.56350000e+04,-116.375000
15636,1.56360000e+04,-114.666667
15637,1.56370000e+04,-114.666667
15638,1.56380000e+04,-112.833333
15639,1.56390000e+04,-112.833333
15640,1.56400000e+04,-111.083333
15641,1.56410000e+04,-111.083333
15642,1.56420000e+04,-109.291667
15643,1.56430000e+04,-109.291667
15644,1.56440000e+04,-107.375000
15645,1.56450000e+04,-107.375000
15646,1.56460000e+04,-105.541667
15647,1.56470000e+04,-105.541667
15648,1.56480000e+04,-103.750000
15649,1.56490000e+04,-103.750000
15650,1.56500000e+04,-101.875000
15651,1.56510000e+04,-101.875000
15652,1.56520000e+04,-100.166667
15653,1.56530000e+04,-100.166667
15654,1.56540000e+04,-98.416667
15655,1.56550000e+04,-98.416667
15656,1.56560000e+04,-96.583333
15657,1.56570000e+04,-96.583333
15658,1.56580000e+04,-94.791667
15659,1.56590000e+04,-94.791667
15660,1.56600000e+04,-92.833333
15661,1.56610000e+04,-92.833333
15662,1.56620000e+04,-91.166667
15663,1.56630000e+04,-91.166667
15664,1.56640000e+04,-89.333333
15665,1.56650000e+04,-89.333333
15666,1.56660000e+04,-87.625000
15667,1.56670000e+04,-87.625000
15668,1.56680000e+04,-85.833333
15669,1.56690000e+04,-85.833333
15670,1.56700000e+04,-84.000000
15671,1.56710000e+04,-84.000000
15672,1.56720000e+04,-82.375000
15673,1.56730000e+04,-82.375000
15674,1.56740000e+04,-80.583333
15675,1.56750000e+04,-80.583333
15676,1.56760000e+04,-78.833333
15677,1.56770000e+04,-78.833333
15678,1.56780000e+04,-77.125000
15679,1.56790000e+04,-77.125000
15680,1.56800000e+04,-75.250000
15681,1.56810000e+04,-75.250000
15682,1.56820000e+04,-73.625000
15683,1.56830000e+04,-73.625000
15684,1.56840000e+04,-71.916667
15685,1.56850000e+04,-71.916667
15686,1.56860000e+04,-70.166667
15687,1.56870000e+04,-70.166667
15688,1.56880000e+04,-68.500000
15689,1.56890000e+04,-68.500000
15690,1.56900000e+04,-66.708333
15691,1.56910000e+04,-66.708333
15692,1.56920000e+04,-64.958333
15693,1.56930000e+04,-64.958333
15694,1.56940000e+04,-63.083333
15695,1.56950000e+04,-63.083333
15696,1.56960000e+04,-61.458333
15697,1.56970000e+04,-61.458333
15698,1.56980000e+04,-59.583333
15699,1.56990000e+04,-59.583333
15700,1.57000000e+04,-57.875000
15701,1.57010000e+04,-57.875000
15702,1.57020000e+04,-56.208333
15703,1.57030000e+04,-56.208333
15704,1.57040000e+04,-54.333333
15705,1.57050000e+04,-54.333333
15706,1.57060000e+04,-52.541667
15707,1.57070000e+04,-52.541667
15708,1.57080000e+04,-50.666667
15709,1.57090000e+04,-50.666667
15710,1.57100000e+04,-48.916667
15711,1.57110000e+04,-48.916667
15712,1.57120000e+04,-47.083333
15713,1.57130000e+04,-47.083333
15714,1.57140000e+04,-45.250000
15715,1.57150000e+04,-45.250000
15716,1.57160000e+04,-43.416667
15717,1.57170000e+04,-43.416667
15718,1.57180000e+04,-41.500000
15719,1.57190000e+04,-41.500000
15720,1.57200000e+04,-39.625000
15721,1.57210000e+04,-39.625000
15722,1.57220000e+04,-37.750000
15723,1.57230000e+04,-37.750000
15724,1.57240000e+04,-35.666667
15725,1.57250000e+04,-35.666667
15726,1.57260000e+04,-33.708333
15727,1.57270000e+04,-33.708333
15728,1.57280000e+04,-31.791667
15729,1.57290000e+04,-31.791667
15730,1.57300000e+04,-29.875000
15731,1.57310000e+04,-29.875000
15732,1.57320000e+04,-27.791667
15733,1.57330000e+04,-27.791667
15734,1.57340000e+04,-25.791667
15735,1.57350000e+04,-25.791667
15736,1.57360000e+04,-23.666667
15737,1.57370000e+04,-23.666667
15738,1.57380000e+04,-21.750000
15739,1.57390000e+04,-21.750000
15740,1.57400000e+04,-19.708333
15741,1.57410000e+04,-19.708333
15742,1.57420000e+04,-17.583333
15743,1.57430000e+04,-17.583333
15744,1.57440000e+04,-15.541667
15745,1.57450000e+04,-15.541667
15746,1.57460000e+04,-13.416667
15747,1.57470000e+04,-13.416667
15748,1.57480000e+04,-11.291667
15749,1.57490000e+04,-11.291667
15750,1.57500000e+04,-9.291667
15751,1.57510000e+04,-9.291667
15752,1.57520000e+04,-7.041667
15753,1.57530000e+04,-7.041667
15754,1.57540000e+04,-4.833333
15755,1.57550000e+04,-4.833333
15756,1.57560000e+04,-2.791667
15757,1.57570000e+04,-2.791667
15758,1.57580000e+04,-0.625000
15759,1.57590000e+04,-0.625000
15760,1.57600000e+04,1.458333
15761,1.57610000e+04,1.458333
15762,1.57620000e+04,3.583333
15763,1.57630000e+04,3.583333
15764,1.57640000e+04,5.791667
15765,1.57650000e+04,5.791667
15766,1.57660000e+04,7.791667
15767,1.57670000e+04,7.791667
15768,1.57680000e+04,9.916667
15769,1.57690000e+04,9.916667
15770,1.57700000e+04,12.083333
15771,1.57710000e+04,12.083333
15772,1.57720000e+04,14.375000
15773,1.57730000e+04,14.375000
15774,1.57740000e+04,16.208333
15775,1.57750000e+04,16.208333
15776,1.57760000e+04,18.458333
15777,1.57770000e+04,18.458333
15778,1.57780000e+04,20.666667
15779,1.57790000e+04,20.666667
15780,1.57800000e+04,22.875000
15781,1.57810000e+04,22.875000
15782,1.57820000e+04,24.708333
15783,1.57830000e+04,24.708333
15784,1.57840000e+04,26.666667
15785,1.57850000e+04,26.666667
15786,1.57860000e+04,28.791667
15787,1.57870000e+04,28.791667
15788,1.57880000e+04,30.916667
15789,1.57890000e+04,30.916667
15790,1.57900000e+04,32.875000
15791,1.57910000e+04,32.875000
15792,1.57920000e+04,34.916667
15793,1.57930000e+04,34.916667
15794,1.57940000e+04,36.791667
15795,1.57950000e+04,36.791667
15796,1.57960000e+04,38.750000
15797,1.57970000e+04,38.750000
15798,1.57980000e+04,40.708333
15799,1.57990000e+04,40.708333
15800,1.58000000e+04,42.708333
15801,1.58010000e+04,42.708333
15802,1.58020000e+04,44.500000
15803,1.58030000e+04,44.500000
15804,1.58040000e+04,46.458333
15805,1.58050000e+04,46.458333
15806,1.58060000e+04,48.375000
15807,1.58070000e+04,48.375000
15808,1.58080000e+04,50.333333
15809,1.58090000e+04,50.333333
15810,1.58100000e+04,52.041667
15811,1.58110000e+04,52.041667
15812,1.58120000e+04,53.916667
15813,1.58130000e+04,53.916667
15814,1.58140000e+04,55.833333
15815,1.58150000e+04,55.833333
15816,1.58160000e+04,57.458333
15817,1.58170000e+04,57.458333
15818,1.58180000e+04,59.208333
15819,1.58190000e+04,59.208333
15820,1.58200000e+04,61.000000
15821,1.58210000e+04,61.000000
15822,1.58220000e+04,62.833333
15823,1.58230000e+04,62.833333
15824,1.58240000e+04,64.583333
15825,1.58250000e+04,64.583333
15826,1.58260000e+04,66.250000
15827,1.58270000e+04,66.250000
15828,1.58280000e+04,68.041667
15829,1.58290000e+04,68.041667
15830,1.58300000e+04,69.791667
15831,1.58310000e+04,69.791667
15832,1.58320000e+04,71.416667
15833,1.58330000e+04,71.416667
15834,1.58340000e+04,73.250000
15835,1.58350000e+04,73.250000
15836,1.58360000e+04,75.000000
15837,1.58370000e+04,75.000000
15838,1.58380000e+04,76.541667
15839,1.58390000e+04,76.541667
15840,1.58400000e+04,78.416667
15841,1.58410000e+04,78.416667
15842,1.58420000e+04,80.083333
15843,1.58430000e+04,80.083333
15844,1.58440000e+04,81.916667
15845,1.58450000e+04,81.916667
15846,1.58460000e+04,83.666667
15847,1.58470000e+04,83.666667
15848,1.58480000e+04,85.208333
15849,1.58490000e+04,85.208333
15850,1.58500000e+04,87.125000
15851,1.58510000e+04,87.125000
15852,1.58520000e+04,88.833333
15853,1.58530000e+04,88.833333
15854,1.58540000e+04,90.666667
15855,1.58550000e+04,90.666667
15856,1.58560000e+04,92.375000
15857,1.58570000e+04,92.375000
15858,1.58580000e+04,94.166667
15859,1.58590000e+04,94.166667
15860,1.58600000e+04,95.916667
15861,1.58610000e+04,95.916667
15862,1.58620000e+04,97.666667
15863,1.58630000e+04,97.666667
15864,1.58640000e+04,99.458333
15865,1.58650000e+04,99.458333
15866,1.58660000e+04,101.416667
15867,1.58670000e+04,101.416667
15868,1.58680000e+04,103.083333
15869,1.58690000e+04,103.083333
15870,1.58700000e+04,104.750000
15871,1.58710000e+04,104.750000
15872,1.58720000e+04,106.583333
15873,1.58730000e+04,106.583333
15874,1.58740000e+04,108.416667
15875,1.58750000e+04,108.416667
15876,1.58760000e+04,110.125000
15877,1.58770000e+04,110.125000
15878,1.58780000e+04,112.041667
15879,1.58790000e+04,112.041667
15880,1.58800000e+04,113.708333
15881,1.58810000e+04,113.708333
15882,1.58820000e+04,115.583333
15883,1.58830000e+04,115.583333
15884,1.58840000e+04,117.333333
15885,1.58850000e+04,117.333333
15886,1.58860000e+04,119.083333
15887,1.58870000e+04,119.083333
15888,1.58880000e+04,120.750000
15889,1.58890000e+04,120.750000
15890,1.58900000e+04,122.666667
15891,1.58910000e+04,122.666667
15892,1.58920000e+04,124.291667
15893,1.58930000e+04,124.291667
15894,1.58940000e+04,126.000000
15895,1.58950000e+04,126.000000
15896,1.58960000e+04,127.791667
15897,1.58970000e+04,127.791667
15898,1.58980000e+04,129.541667
15899,1.58990000e+04,129.541667
15900,1.59000000e+04,131.208333
15901,1.59010000e+04,131.208333
15902,1.59020000e+04,132.916667
15903,1.59030000e+04,132.916667
15904,1.59040000e+04,134.500000
15905,1.59050000e+04,134.500000
15906,1.59060000e+04,136.208333
15907,1.59070000e+04,136.208333
15908,1.59080000e+04,138.000000
15909,1.59090000e+04,138.000000
15910,1.59100000e+04,139.416667
15911,1.59110000e+04,139.416667
15912,1.59120000e+04,141.000000
15913,1.59130000e+04,141.000000
15914,1.59140000e+04,142.583333
15915,1.59150000e+04,142.583333
15916,1.59160000e+04,144.208333
15917,1.59170000e+04,144.208333
15918,1.59180000e+04,145.625000
15919,1.59190000e+04,145.625000
15920,1.59200000e+04,147.125000
15921,1.59210000e+04,147.125000
15922,1.59220000e+04,148.541667
15923,1.59230000e+04,148.541667
15924,1.59240000e+04,150.083333
15925,1.59250000e+04,150.083333
15926,1.59260000e+04,151.333333
15927,1.59270000e+04,151.333333
15928,1.59280000e+04,152.833333
15929,1.59290000e+04,152.833333
15930,1.59300000e+04,154.208333
15931,1.59310000e+04,154.208333
15932,1.59320000e+04,155.500000
15933,1.59330000e+04,155.500000
15934,1.59340000e+04,156.833333
15935,1.59350000e+04,156.833333
15936,1.59360000e+04,158.000000
15937,1.59370000e+04,158.000000
15938,1.59380000e+04,159.250000
15939,1.59390000e+04,159.250000
15940,1.59400000e+04,160.500000
15941,1.59410000e+04,160.500000
15942,1.59420000e+04,161.708333
15943,1.59430000e+04,161.708333
15944,1.59440000e+04,162.916667
15945,1.59450000e+04,162.916667
15946,1.59460000e+04,164.083333
15947,1.59470000e+04,164.083333
15948,1.59480000e+04,165.125000
15949,1.59490000e+04,165.125000
15950,1.59500000e+04,166.333333
15951,1.59510000e+04,166.333333
15952,1.59520000e+04,167.500000
15953,1.59530000e+04,167.500000
15954,1.59540000e+04,168.458333
15955,1.59550000e+04,168.458333
15956,1.59560000e+04,169.708333
15957,1.59570000e+04,169.708333
15958,1.59580000e+04,170.666667
15959,1.59590000e+04,170.666667
15960,1.59600000e+04,171.625000
15961,1.59610000e+04,171.625000
15962,1.59620000e+04,172.875000
15963,1.59630000e+04,172.875000
15964,1.59640000e+04,173.833333
15965,1.59650000e+04,173.833333
15966,1.59660000e+04,174.916667
15967,1.59670000e+04,174.916667
15968,1.59680000e+04,175.708333
15969,1.59690000e+04,175.708333
15970,1.59700000e+04,176.833333
15971,1.59710000e+04,176.833333
15972,1.59720000e+04,177.791667
15973,1.59730000e+04,177.791667
15974,1.59740000e+04,178.791667
15975,1.59750000e+04,178.791667
15976,1.59760000e+04,179.583333
15977,1.59770000e+04,179.583333
15978,1.59780000e+04,180.666667
15979,1.59790000e+04,180.666667
15980,1.59800000e+04,181.666667
15981,1.59810000e+04,181.666667
15982,1.59820000e+04,182.708333
15983,1.59830000e+04,182.708333
15984,1.59840000e+04,183.625000
15985,1.59850000e+04,183.625000
15986,1.59860000e+04,184.666667
15987,1.59870000e+04,184.666667
15988,1.59880000e+04,185.541667
15989,1.59890000e+04,185.541667
15990,1.59900000e+04,186.666667
15991,1.59910000e+04,186.666667
15992,1.59920000e+04,187.583333
15993,1.59930000e+04,187.583333
15994,1.59940000e+04,188.625000
15995,1.59950000e+04,188.625000
15996,1.59960000e+04,189.583333
15997,1.59970000e+04,189.583333
15998,1.59980000e+04,190.708333
15999,1.59990000e+04,190.708333
16000,1.60000000e+04,191.541667
16001,1.60010000e+04,191.541667
16002,1.60020000e+04,192.625000
16003,1.60030000e+04,192.625000
16004,1.60040000e+04,193.708333
16005,1.60050000e+04,193.708333
16006,1.60060000e+04,194.708333
16007,1.60070000e+04,194.708333
16008,1.60080000e+04,195.750000
16009,1.60090000e+04,195.750000
16010,1.60100000e+04,196.916667
16011,1.60110000e+04,196.916667
16012,1.60120000e+04,197.916667
16013,1.60130000e+04,197.916667
16014,1.60140000e+04,198.958333
16015,1.60150000e+04,198.958333
16016,1.60160000e+04,199.958333
16017,1.60170000e+04,199.958333
16018,1.60180000e+04,200.958333
16019,1.60190000e+04,200.958333
16020,1.60200000e+04,202.125000
16021,1.60210000e+04,202.125000
16022,1.60220000e+04,203.125000
16023,1.60230000e+04,203.125000
16024,1.60240000e+04,204.250000
16025,1.60250000e+04,204.250000
16026,1.60260000e+04,205.416667
16027,1.60270000e+04,205.416667
16028,1.60280000e+04,206.416667
16029,1.60290000e+04,206.416667
16030,1.60300000e+04,207.500000
16031,1.60310000e+04,207.500000
16032,1.60320000e+04,208.291667
16033,1.60330000e+04,208.291667
16034,1.60340000e+04,209.375000
16035,1.60350000e+04,209.375000
16036,1.60360000e+04,210.458333
16037,1.60370000e+04,210.458333
16038,1.60380000e+04,211.666667
16039,1.60390000e+04,211.666667
16040,1.60400000e+04,212.583333
16041,1.60410000e+04,212.583333
16042,1.60420000e+04,213.541667
16043,1.60430000e+04,213.541667
16044,1.60440000e+04,214.375000
16045,1.60450000e+04,214.375000
16046,1.60460000e+04,215.625000
16047,1.60470000e+04,215.625000
16048,1.60480000e+04,216.416667
16049,1.60490000e+04,216.416667
16050,1.60500000e+04,217.416667
16051,1.60510000e+04,217.416667
16052,1.60520000e+04,218.166667
16053,1.60530000e+04,218.166667
16054,1.60540000e+04,219.125000
16055,1.60550000e+04,219.125000
16056,1.60560000e+04,219.958333
16057,1.60570000e+04,219.958333
16058,1.60580000e+04,220.666667
16059,1.60590000e+04,220.666667
16060,1.60600000e+04,221.583333
16061,1.60610000e+04,221.583333
16062,1.60620000e+04,222.333333
16063,1.60630000e+04,222.333333
16064,1.60640000e+04,223.000000
16065,1.60650000e+04,223.000000
16066,1.60660000e+04,223.875000
16067,1.60670000e+04,223.875000
16068,1.60680000e+04,224.375000
16069,1.60690000e+04,224.375000
16070,1.60700000e+04,225.083333
16071,1.60710000e+04,225.083333
16072,1.60720000e+04,225.791667
16073,1.60730000e+04,225.791667
16074,1.60740000e+04,226.416667
16075,1.60750000e+04,226.416667
16076,1.60760000e+04,226.958333
16077,1.60770000e+04,226.958333
16078,1.60780000e+04,227.458333
16079,1.60790000e+04,227.458333
16080,1.60800000e+04,227.958333
16081,1.60810000e+04,227.958333
16082,1.60820000e+04,228.458333
16083,1.60830000e+04,228.458333
16084,1.60840000e+04,229.000000
16085,1.60850000e+04,229.000000
16086,1.60860000e+04,229.333333
16087,1.60870000e+04,229.333333
16088,1.60880000e+04,229.833333
16089,1.60890000e+04,229.833333
16090,1.60900000e+04,230.166667
16091,1.60910000e+04,230.166667
16092,1.60920000e+04,230.541667
16093,1.60930000e+04,230.541667
16094,1.60940000e+04,230.875000
16095,1.60950000e+04,230.875000
16096,1.60960000e+04,231.208333
16097,1.60970000e+04,231.208333
16098,1.60980000e+04,231.500000
16099,1.60990000e+04,231.500000
16100,1.61000000e+04,231.750000
16101,1.61010000e+04,231.750000
16102,1.61020000e+04,231.958333
16103,1.61030000e+04,231.958333
16104,1.61040000e+04,232.166667
16105,1.61050000e+04,232.166667
16106,1.61060000e+04,232.416667
16107,1.61070000e+04,232.416667
16108,1.61080000e+04,232.458333
16109,1.61090000e+04,232.458333
16110,1.61100000e+04,232.833333
16111,1.61110000e+04,232.833333
16112,1.61120000e+04,232.916667
16113,1.61130000e+04,232.916667
16114,1.61140000e+04,232.958333
16115,1.61150000e+04,232.958333
16116,1.61160000e+04,232.958333
16117,1.61170000e+04,232.958333
16118,1.61180000e+04,233.041667
16119,1.61190000e+04,233.041667
16120,1.61200000e+04,233.333333
16121,1.61210000e+04,233.333333
16122,1.61220000e+04,233.500000
16123,1.61230000e+04,233.500000
16124,1.61240000e+04,233.375000
16125,1.61250000e+04,233.375000
16126,1.61260000e+04,233.291667
16127,1.61270000e+04,233.291667
16128,1.61280000e+04,233.291667
16129,1.61290000e+04,233.291667
16130,1.61300000e+04,233.416667
16131,1.61310000e+04,233.416667
16132,1.61320000e+04,233.250000
16133,1.61330000e+04,233.250000
16134,1.61340000e+04,233.333333
16135,1.61350000e+04,233.333333
16136,1.61360000e+04,233.291667
16137,1.61370000e+04,233.291667
16138,1.61380000e+04,233.375000
16139,1.61390000e+04,233.375000
16140,1.61400000e+04,233.208333
16141,1.61410000e+04,233.208333
16142,1.61420000e+04,233.083333
16143,1.61430000e+04,233.083333
16144,1.61440000e+04,233.041667
16145,1.61450000e+04,233.041667
16146,1.61460000e+04,232.958333
16147,1.61470000e+04,232.958333
16148,1.61480000e+04,232.833333
16149,1.61490000e+04,232.833333
16150,1.61500000e+04,232.833333
16151,1.61510000e+04,232.833333
16152,1.61520000e+04,232.541667
16153,1.61530000e+04,232.541667
16154,1.61540000e+04,232.458333
16155,1.61550000e+04,232.458333
16156,1.61560000e+04,232.166667
16157,1.61570000e+04,232.166667
16158,1.61580000e+04,231.958333
16159,1.61590000e+04,231.958333
16160,1.61600000e+04,231.875000
16161,1.61610000e+04,231.875000
16162,1.61620000e+04,231.666667
16163,1.61630000e+04,231.666667
16164,1.61640000e+04,231.458333
16165,1.61650000e+04,231.458333
16166,1.61660000e+04,231.125000
16167,1.61670000e+04,231.125000
16168,1.61680000e+04,230.958333
16169,1.61690000e+04,230.958333
16170,1.61700000e+04,230.666667
16171,1.61710000e+04,230.666667
16172,1.61720000e+04,230.291667
16173,1.61730000e+04,230.291667
16174,1.61740000e+04,229.958333
16175,1.61750000e+04,229.958333
16176,1.61760000e+04,229.750000
16177,1.61770000e+04,229.750000
16178,1.61780000e+04,229.333333
16179,1.61790000e+04,229.333333
16180,1.61800000e+04,229.000000
16181,1.61810000e+04,229.000000
16182,1.61820000e+04,228.458333
16183,1.61830000e+04,228.458333
16184,1.61840000e+04,228.125000
16185,1.61850000e+04,228.125000
16186,1.61860000e+04,227.750000
16187,1.61870000e+04,227.750000
16188,1.61880000e+04,227.125000
16189,1.61890000e+04,227.125000
16190,1.61900000e+04,226.708333
16191,1.61910000e+04,226.708333
16192,1.61920000e+04,226.125000
16193,1.61930000e+04,226.125000
16194,1.61940000e+04,225.500000
16195,1.61950000e+04,225.500000
16196,1.61960000e+04,225.000000
16197,1.61970000e+04,225.000000
16198,1.61980000e+04,224.375000
16199,1.61990000e+04,224.375000
16200,1.62000000e+04,223.666667
16201,1.62010000e+04,223.666667
16202,1.62020000e+04,223.000000
16203,1.62030000e+04,223.000000
16204,1.62040000e+04,222.291667
16205,1.62050000e+04,222.291667
16206,1.62060000e+04,221.458333
16207,1.62070000e+04,221.458333
16208,1.62080000e+04,220.791667
16209,1.62090000e+04,220.791667
16210,1.62100000e+04,220.000000
16211,1.62110000e+04,220.000000
16212,1.62120000e+04,219.250000
16213,1.62130000e+04,219.250000
16214,1.62140000e+04,218.208333
16215,1.62150000e+04,218.208333
16216,1.62160000e+04,217.458333
16217,1.62170000e+04,217.458333
16218,1.62180000e+04,216.625000
16219,1.62190000e+04,216.625000
16220,1.62200000e+04,215.541667
16221,1.62210000e+04,215.541667
16222,1.62220000e+04,214.708333
16223,1.62230000e+04,214.708333
16224,1.62240000e+04,213.791667
16225,1.62250000e+04,213.791667
16226,1.62260000e+04,212.791667
16227,1.62270000e+04,212.791667
16228,1.62280000e+04,211.791667
16229,1.62290000e+04,211.791667
16230,1.62300000e+04,210.833333
16231,1.62310000e+04,210.833333
16232,1.62320000e+04,209.750000
16233,1.62330000e+04,209.750000
16234,1.62340000e+04,208.666667
16235,1.62350000e+04,208.666667
16236,1.62360000e+04,207.708333
16237,1.62370000e+04,207.708333
16238,1.62380000e+04,206.541667
16239,1.62390000e+04,206.541667
16240,1.62400000e+04,205.541667
16241,1.62410000e+04,205.541667
16242,1.62420000e+04,204.291667
16243,1.62430000e+04,204.291667
16244,1.62440000e+04,203.250000
16245,1.62450000e+04,203.250000
16246,1.62460000e+04,202.333333
16247,1.62470000e+04,202.333333
16248,1.62480000e+04,201.125000
16249,1.62490000e+04,201.125000
16250,1.62500000e+04,199.958333
16251,1.62510000e+04,199.958333
16252,1.62520000e+04,199.041667
16253,1.62530000e+04,199.041667
16254,1.62540000e+04,197.875000
16255,1.62550000e+04,197.875000
16256,1.62560000e+04,196.750000
16257,1.62570000e+04,196.750000
16258,1.62580000e+04,195.625000
16259,1.62590000e+04,195.625000
16260,1.62600000e+04,194.666667
16261,1.62610000e+04,194.666667
16262,1.62620000e+04,193.583333
16263,1.62630000e+04,193.583333
16264,1.62640000e+04,192.500000
16265,1.62650000e+04,192.500000
16266,1.62660000e+04,191.416667
16267,1.62670000e+04,191.416667
16268,1.62680000e+04,190.208333
16269,1.62690000e+04,190.208333
16270,1.62700000e+04,189.250000
16271,1.62710000e+04,189.250000
16272,1.62720000e+04,188.166667
16273,1.62730000e+04,188.166667
16274,1.62740000e+04,187.125000
16275,1.62750000e+04,187.125000
16276,1.62760000e+04,186.208333
16277,1.62770000e+04,186.208333
16278,1.62780000e+04,185.041667
16279,1.62790000e+04,185.041667
16280,1.62800000e+04,184.208333
16281,1.62810000e+04,184.208333
16282,1.62820000e+04,183.041667
16283,1.62830000e+04,183.041667
16284,1.62840000e+04,182.000000
16285,1.62850000e+04,182.000000
16286,1.62860000e+04,181.000000
16287,1.62870000e+04,181.000000
16288,1.62880000e+04,180.125000
16289,1.62890000e+04,180.125000
16290,1.62900000e+04,179.041667
16291,1.62910000e+04,179.041667
16292,1.62920000e+04,178.166667
16293,1.62930000e+04,178.166667
16294,1.62940000e+04,177.041667
16295,1.62950000e+04,177.041667
16296,1.62960000e+04,176.125000
16297,1.62970000e+04,176.125000
16298,1.62980000e+04,175.125000
16299,1.62990000e+04,175.125000
16300,1.63000000e+04,174.083333
16301,1.63010000e+04,174.083333
16302,1.63020000e+04,173.166667
16303,1.63030000e+04,173.166667
16304,1.63040000e+04,172.083333
16305,1.63050000e+04,172.083333
16306,1.63060000e+04,170.958333
16307,1.63070000e+04,170.958333
16308,1.63080000e+04,170.041667
16309,1.63090000e+04,170.041667
16310,1.63100000e+04,168.916667
16311,1.63110000e+04,168.916667
16312,1.63120000e+04,167.875000
16313,1.63130000e+04,167.875000
16314,1.63140000e+04,166.791667
16315,1.63150000e+04,166.791667
16316,1.63160000e+04,165.625000
16317,1.63170000e+04,165.625000
16318,1.63180000e+04,164.625000
16319,1.63190000e+04,164.625000
16320,1.63200000e+04,163.666667
16321,1.63210000e+04,163.666667
16322,1.63220000e+04,162.333333
16323,1.63230000e+04,162.333333
16324,1.63240000e+04,161.208333
16325,1.63250000e+04,161.208333
16326,1.63260000e+04,159.958333
16327,1.63270000e+04,159.958333
16328,1.63280000e+04,158.833333
16329,1.63290000e+04,158.833333
16330,1.63300000e+04,157.625000
16331,1.63310000e+04,157.625000
16332,1.63320000e+04,156.416667
16333,1.63330000e+04,156.416667
16334,1.63340000e+04,155.041667
16335,1.63350000e+04,155.041667
16336,1.63360000e+04,153.750000
16337,1.63370000e+04,153.750000
16338,1.63380000e+04,152.458333
16339,1.63390000e+04,152.458333
16340,1.63400000e+04,151.041667
16341,1.63410000e+04,151.041667
16342,1.63420000e+04,149.750000
16343,1.63430000e+04,149.750000
16344,1.63440000e+04,148.250000
16345,1.63450000e+04,148.250000
16346,1.63460000e+04,146.875000
16347,1.63470000e+04,146.875000
16348,1.63480000e+04,145.458333
16349,1.63490000e+04,145.458333
16350,1.63500000e+04,143.875000
16351,1.63510000e+04,143.875000
16352,1.63520000e+04,142.416667
16353,1.63530000e+04,142.416667
16354,1.63540000e+04,140.875000
16355,1.63550000e+04,140.875000
16356,1.63560000e+04,139.250000
16357,1.63570000e+04,139.250000
16358,1.63580000e+04,137.625000
16359,1.63590000e+04,137.625000
16360,1.63600000e+04,135.958333
16361,1.63610000e+04,135.958333
16362,1.63620000e+04,134.500000
16363,1.63630000e+04,134.500000
16364,1.63640000e+04,132.875000
16365,1.63650000e+04,132.875000
16366,1.63660000e+04,131.208333
16367,1.63670000e+04,131.208333
16368,1.63680000e+04,129.416667
16369,1.63690000e+04,129.416667
16370,1.63700000e+04,127.708333
16371,1.63710000e+04,127.708333
16372,1.63720000e+04,125.875000
16373,1.63730000e+04,125.875000
16374,1.63740000e+04,124.125000
16375,1.63750000e+04,124.125000
16376,1.63760000e+04,122.333333
16377,1.63770000e+04,122.333333
16378,1.63780000e+04,120.541667
16379,1.63790000e+04,120.541667
16380,1.63800000e+04,118.875000
16381,1.63810000e+04,118.875000
16382,1.63820000e+04,117.000000
16383,1.63830000e+04,117.000000
16384,1.63840000e+04,115.208333
16385,1.63850000e+04,115.208333
16386,1.63860000e+04,113.458333
16387,1.63870000e+04,113.458333
16388,1.63880000e+04,111.583333
16389,1.63890000e+04,111.583333
16390,1.63900000e+04,109.875000
16391,1.63910000e+04,109.875000
16392,1.63920000e+04,107.916667
16393,1.63930000e+04,107.916667
16394,1.63940000e+04,106.125000
16395,1.63950000e+04,106.125000
16396,1.63960000e+04,104.291667
16397,1.63970000e+04,104.291667
16398,1.63980000e+04,102.458333
16399,1.63990000e+04,102.458333
16400,1.64000000e+04,100.791667
16401,1.64010000e+04,100.791667
16402,1.64020000e+04,98.875000
16403,1.64030000e+04,98.875000
16404,1.64040000e+04,97.166667
16405,1.64050000e+04,97.166667
16406,1.64060000e+04,95.291667
16407,1.64070000e+04,95.291667
16408,1.64080000e+04,93.458333
16409,1.64090000e+04,93.458333
16410,1.64100000e+04,91.875000
16411,1.64110000e+04,91.875000
16412,1.64120000e+04,89.958333
16413,1.64130000e+04,89.958333
16414,1.64140000e+04,88.166667
16415,1.64150000e+04,88.166667
16416,1.64160000e+04,86.416667
16417,1.64170000e+04,86.416667
16418,1.64180000e+04,84.583333
16419,1.64190000e+04,84.583333
16420,1.64200000e+04,82.916667
16421,1.64210000e+04,82.916667
16422,1.64220000e+04,81.208333
16423,1.64230000e+04,81.208333
16424,1.64240000e+04,79.375000
16425,1.64250000e+04,79.375000
16426,1.64260000e+04,77.666667
16427,1.64270000e+04,77.666667
16428,1.64280000e+04,76.041667
16429,1.64290000e+04,76.041667
16430,1.64300000e+04,74.250000
16431,1.64310000e+04,74.250000
16432,1.64320000e+04,72.541667
16433,1.64330000e+04,72.541667
16434,1.64340000e+04,70.833333
16435,1.64350000e+04,70.833333
16436,1.64360000e+04,68.875000
16437,1.64370000e+04,68.875000
16438,1.64380000e+04,67.166667
16439,1.64390000e+04,67.166667
16440,1.64400000e+04,65.583333
16441,1.64410000e+04,65.583333
16442,1.64420000e+04,63.750000
16443,1.64430000e+04,63.750000
16444,1.64440000e+04,62.000000
16445,1.64450000e+04,62.000000
16446,1.64460000e+04,60.458333
16447,1.64470000e+04,60.458333
16448,1.64480000e+04,58.458333
16449,1.64490000e+04,58.458333
16450,1.64500000e+04,56.750000
16451,1.64510000e+04,56.750000
16452,1.64520000e+04,54.958333
16453,1.64530000e+04,54.958333
16454,1.64540000e+04,53.166667
16455,1.64550000e+04,53.166667
16456,1.64560000e+04,51.291667
16457,1.64570000e+04,51.291667
16458,1.64580000e+04,49.666667
16459,1.64590000e+04,49.666667
16460,1.64600000e+04,47.833333
16461,1.64610000e+04,47.833333
16462,1.64620000e+04,45.833333
16463,1.64630000e+04,45.833333
16464,1.64640000e+04,44.250000
16465,1.64650000e+04,44.250000
16466,1.64660000e+04,42.125000
16467,1.64670000e+04,42.125000
16468,1.64680000e+04,40.416667
16469,1.64690000e+04,40.416667
16470,1.64700000e+04,38.291667
16471,1.64710000e+04,38.291667
16472,1.64720000e+04,36.375000
16473,1.64730000e+04,36.375000
16474,1.64740000e+04,34.291667
16475,1.64750000e+04,34.291667
16476,1.64760000e+04,32.458333
16477,1.64770000e+04,32.458333
16478,1.64780000e+04,30.416667
16479,1.64790000e+04,30.416667
16480,1.64800000e+04,28.416667
16481,1.64810000e+04,28.416667
16482,1.64820000e+04,26.458333
16483,1.64830000e+04,26.458333
16484,1.64840000e+04,24.416667
16485,1.64850000e+04,24.416667
16486,1.64860000e+04,22.333333
16487,1.64870000e+04,22.333333
16488,1.64880000e+04,20.291667
16489,1.64890000e+04,20.291667
16490,1.64900000e+04,18.333333
16491,1.64910000e+04,18.333333
16492,1.64920000e+04,16.083333
16493,1.64930000e+04,16.083333
16494,1.64940000e+04,14.083333
16495,1.64950000e+04,14.083333
16496,1.64960000e+04,11.958333
16497,1.64970000e+04,11.958333
16498,1.64980000e+04,9.916667
16499,1.64990000e+04,9.916667
16500,1.65000000e+04,7.791667
16501,1.65010000e+04,7.791667
16502,1.65020000e+04,5.583333
16503,1.65030000e+04,5.583333
16504,1.65040000e+04,3.583333
16505,1.65050000e+04,3.583333
16506,1.65060000e+04,1.333333
16507,1.65070000e+04,1.333333
16508,1.65080000e+04,-0.625000
16509,1.65090000e+04,-0.625000
16510,1.65100000e+04,-2.833333
16511,1.65110000e+04,-2.833333
16512,1.65120000e+04,-4.916667
16513,1.65130000e+04,-4.916667
16514,1.65140000e+04,-7.250000
16515,1.65150000e+04,-7.250000
16516,1.65160000e+04,-9.166667
16517,1.65170000e+04,-9.166667
16518,1.65180000e+04,-11.375000
16519,1.65190000e+04,-11.375000
16520,1.65200000e+04,-13.541667
16521,1.65210000e+04,-13.541667
16522,1.65220000e+04,-15.583333
16523,1.65230000e+04,-15.583333
16524,1.65240000e+04,-17.666667
16525,1.65250000e+04,-17.666667
16526,1.65260000e+04,-19.833333
16527,1.65270000e+04,-19.833333
16528,1.65280000e+04,-21.958333
16529,1.65290000e+04,-21.958333
16530,1.65300000e+04,-24.041667
16531,1.65310000e+04,-24.041667
16532,1.65320000e+04,-25.875000
16533,1.65330000e+04,-25.875000
16534,1.65340000e+04,-28.125000
16535,1.65350000e+04,-28.125000
16536,1.65360000e+04,-30.125000
16537,1.65370000e+04,-30.125000
16538,1.65380000e+04,-32.041667
16539,1.65390000e+04,-32.041667
16540,1.65400000e+04,-33.958333
16541,1.65410000e+04,-33.958333
16542,1.65420000e+04,-36.083333
16543,1.65430000e+04,-36.083333
16544,1.65440000e+04,-38.000000
16545,1.65450000e+04,-38.000000
16546,1.65460000e+04,-40.166667
16547,1.65470000e+04,-40.166667
16548,1.65480000e+04,-41.916667
16549,1.65490000e+04,-41.916667
16550,1.65500000e+04,-43.833333
16551,1.65510000e+04,-43.833333
16552,1.65520000e+04,-45.791667
16553,1.65530000e+04,-45.791667
16554,1.65540000e+04,-47.458333
16555,1.65550000e+04,-47.458333
16556,1.65560000e+04,-49.458333
16557,1.65570000e+04,-49.458333
16558,1.65580000e+04,-51.375000
16559,1.65590000e+04,-51.375000
16560,1.65600000e+04,-53.166667
16561,1.65610000e+04,-53.166667
16562,1.65620000e+04,-54.958333
16563,1.65630000e+04,-54.958333
16564,1.65640000e+04,-56.791667
16565,1.65650000e+04,-56.791667
16566,1.65660000e+04,-58.500000
16567,1.65670000e+04,-58.500000
16568,1.65680000e+04,-60.375000
16569,1.65690000e+04,-60.375000
16570,1.65700000e+04,-62.083333
16571,1.65710000e+04,-62.083333
16572,1.65720000e+04,-63.791667
16573,1.65730000e+04,-63.791667
16574,1.65740000e+04,-65.541667
16575,1.65750000e+04,-65.541667
16576,1.65760000e+04,-67.416667
16577,1.65770000e+04,-67.416667
16578,1.65780000e+04,-69.041667
16579,1.65790000e+04,-69.041667
16580,1.65800000e+04,-70.750000
16581,1.65810000e+04,-70.750000
16582,1.65820000e+04,-72.458333
16583,1.65830000e+04,-72.458333
16584,1.65840000e+04,-74.291667
16585,1.65850000e+04,-74.291667
16586,1.65860000e+04,-75.916667
16587,1.65870000e+04,-75.916667
16588,1.65880000e+04,-77.666667
16589,1.65890000e+04,-77.666667
16590,1.65900000e+04,-79.416667
16591,1.65910000e+04,-79.416667
16592,1.65920000e+04,-81.250000
16593,1.65930000e+04,-81.250000
16594,1.65940000e+04,-82.916667
16595,1.65950000e+04,-82.916667
16596,1.65960000e+04,-84.625000
16597,1.65970000e+04,-84.625000
16598,1.65980000e+04,-86.416667
16599,1.65990000e+04,-86.416667
16600,1.66000000e+04,-88.208333
16601,1.66010000e+04,-88.208333
16602,1.66020000e+04,-89.875000
16603,1.66030000e+04,-89.875000
16604,1.66040000e+04,-91.750000
16605,1.66050000e+04,-91.750000
16606,1.66060000e+04,-93.333333
16607,1.66070000e+04,-93.333333
16608,1.66080000e+04,-95.208333
16609,1.66090000e+04,-95.208333
16610,1.66100000e+04,-96.958333
16611,1.66110000e+04,-96.958333
16612,1.66120000e+04,-98.791667
16613,1.66130000e+04,-98.791667
16614,1.66140000e+04,-100.583333
16615,1.66150000e+04,-100.583333
16616,1.66160000e+04,-102.250000
16617,1.66170000e+04,-102.250000
16618,1.66180000e+04,-104.083333
16619,1.66190000e+04,-104.083333
16620,1.66200000e+04,-105.875000
16621,1.66210000e+04,-105.875000
16622,1.66220000e+04,-107.500000
16623,1.66230000e+04,-107.500000
16624,1.66240000e+04,-109.375000
16625,1.66250000e+04,-109.375000
16626,1.66260000e+04,-111.166667
16627,1.66270000e+04,-111.166667
16628,1.66280000e+04,-113.041667
16629,1.66290000e+04,-113.041667
16630,1.66300000e+04,-114.833333
16631,1.66310000e+04,-114.833333
16632,1.66320000e+04,-116.500000
16633,1.66330000e+04,-116.500000
16634,1.66340000e+04,-118.375000
16635,1.66350000e+04,-118.375000
16636,1.66360000e+04,-120.125000
16637,1.66370000e+04,-120.125000
16638,1.66380000e+04,-121.791667
16639,1.66390000e+04,-121.791667
16640,1.66400000e+04,-123.666667
16641,1.66410000e+04,-123.666667
16642,1.66420000e+04,-125.375000
16643,1.66430000e+04,-125.375000
16644,1.66440000e+04,-127.125000
16645,1.66450000e+04,-127.125000
16646,1.66460000e+04,-128.791667
16647,1.66470000e+04,-128.791667
16648,1.66480000e+04,-130.583333
16649,1.66490000e+04,-130.583333
16650,1.66500000e+04,-132.166667
16651,1.66510000e+04,-132.166667
16652,1.66520000e+04,-133.833333
16653,1.66530000e+04,-133.833333
16654,1.66540000e+04,-135.458333
16655,1.66550000e+04,-135.458333
16656,1.66560000e+04,-137.125000
16657,1.66570000e+04,-137.125000
16658,1.66580000e+04,-138.708333
16659,1.66590000e+04,-138.708333
16660,1.66600000e+04,-140.333333
16661,1.66610000e+04,-140.333333
16662,1.66620000e+04,-141.916667
16663,1.66630000e+04,-141.916667
16664,1.66640000e+04,-143.500000
16665,1.66650000e+04,-143.500000
16666,1.66660000e+04,-145.000000
16667,1.66670000e+04,-145.000000
16668,1.66680000e+04,-146.375000
16669,1.66690000e+04,-146.375000
16670,1.66700000e+04,-147.833333
16671,1.66710000e+04,-147.833333
16672,1.66720000e+04,-149.375000
16673,1.66730000e+04,-149.375000
16674,1.66740000e+04,-150.875000
16675,1.66750000e+04,-150.875000
16676,1.66760000e+04,-152.250000
16677,1.66770000e+04,-152.250000
16678,1.66780000e+04,-153.458333
16679,1.66790000e+04,-153.458333
16680,1.66800000e+04,-154.791667
16681,1.66810000e+04,-154.791667
16682,1.66820000e+04,-156.166667
16683,1.66830000e+04,-156.166667
16684,1.66840000e+04,-157.500000
16685,1.66850000e+04,-157.500000
16686,1.66860000e+04,-158.625000
16687,1.66870000e+04,-158.625000
16688,1.66880000e+04,-159.916667
16689,1.66890000e+04,-159.916667
16690,1.66900000e+04,-161.208333
16691,1.66910000e+04,-161.208333
16692,1.66920000e+04,-162.416667
16693,1.66930000e+04,-162.416667
16694,1.66940000e+04,-163.583333
16695,1.66950000e+04,-163.583333
16696,1.66960000e+04,-164.708333
16697,1.66970000e+04,-164.708333
16698,1.66980000e+04,-165.708333
16699,1.66990000e+04,-165.708333
16700,1.67000000e+04,-166.916667
16701,1.67010000e+04,-166.916667
16702,1.67020000e+04,-168.041667
16703,1.67030000e+04,-168.041667
16704,1.67040000e+04,-169.125000
16705,1.67050000e+04,-169.125000
16706,1.67060000e+04,-170.083333
16707,1.67070000e+04,-170.083333
16708,1.67080000e+04,-171.208333
16709,1.67090000e+04,-171.208333
16710,1.67100000e+04,-172.166667
16711,1.67110000e+04,-172.166667
16712,1.67120000e+04,-173.291667
16713,1.67130000e+04,-173.291667
16714,1.67140000e+04,-174.125000
16715,1.67150000e+04,-174.125000
16716,1.67160000e+04,-175.291667
16717,1.67170000e+04,-175.291667
16718,1.67180000e+04,-176.291667
16719,1.67190000e+04,-176.291667
16720,1.67200000e+04,-177.208333
16721,1.67210000e+04,-177.208333
16722,1.67220000e+04,-178.166667
16723,1.67230000e+04,-178.166667
16724,1.67240000e+04,-179.208333
16725,1.67250000e+04,-179.208333
16726,1.67260000e+04,-180.208333
16727,1.67270000e+04,-180.208333
16728,1.67280000e+04,-181.250000
16729,1.67290000e+04,-181.250000
16730,1.67300000e+04,-182.166667
16731,1.67310000e+04,-182.166667
16732,1.67320000e+04,-183.083333
16733,1.67330000e+04,-183.083333
16734,1.67340000e+04,-184.125000
16735,1.67350000e+04,-184.125000
16736,1.67360000e+04,-185.083333
16737,1.67370000e+04,-185.083333
16738,1.67380000e+04,-186.083333
16739,1.67390000e+04,-186.083333
16740,1.67400000e+04,-187.208333
16741,1.67410000e+04,-187.208333
16742,1.67420000e+04,-188.000000
16743,1.67430000e+04,-188.000000
16744,1.67440000e+04,-189.125000
16745,1.67450000e+04,-189.125000
16746,1.67460000e+04,-190.041667
16747,1.67470000e+04,-190.041667
16748,1.67480000e+04,-191.083333
16749,1.67490000e+04,-191.083333
16750,1.67500000e+04,-192.333333
16751,1.67510000e+04,-192.333333
16752,1.67520000e+04,-193.125000
16753,1.67530000e+04,-193.125000
16754,1.67540000e+04,-194.166667
16755,1.67550000e+04,-194.166667
16756,1.67560000e+04,-195.208333
16757,1.67570000e+04,-195.208333
16758,1.67580000e+04,-196.291667
16759,1.67590000e+04,-196.291667
16760,1.67600000e+04,-197.375000
16761,1.67610000e+04,-197.375000
16762,1.67620000e+04,-198.416667
16763,1.67630000e+04,-198.416667
16764,1.67640000e+04,-199.458333
16765,1.67650000e+04,-199.458333
16766,1.67660000e+04,-200.500000
16767,1.67670000e+04,-200.500000
16768,1.67680000e+04,-201.458333
16769,1.67690000e+04,-201.458333
16770,1.67700000e+04,-202.625000
16771,1.67710000e+04,-202.625000
16772,1.67720000e+04,-203.666667
16773,1.67730000e+04,-203.666667
16774,1.67740000e+04,-204.666667
16775,1.67750000e+04,-204.666667
16776,1.67760000e+04,-205.875000
16777,1.67770000e+04,-205.875000
16778,1.67780000e+04,-206.791667
16779,1.67790000e+04,-206.791667
16780,1.67800000e+04,-207.916667
16781,1.67810000e+04,-207.916667
16782,1.67820000e+04,-209.041667
16783,1.67830000e+04,-209.041667
16784,1.67840000e+04,-210.083333
16785,1.67850000e+04,-210.083333
16786,1.67860000e+04,-211.000000
16787,1.67870000e+04,-211.000000
16788,1.67880000e+04,-212.041667
16789,1.67890000e+04,-212.041667
16790,1.67900000e+04,-212.958333
16791,1.67910000e+04,-212.958333
16792,1.67920000e+04,-214.083333
16793,1.67930000e+04,-214.083333
16794,1.67940000e+04,-215.000000
16795,1.67950000e+04,-215.000000
16796,1.67960000e+04,-216.000000
16797,1.67970000e+04,-216.000000
16798,1.67980000e+04,-216.750000
16799,1.67990000e+04,-216.750000
16800,1.68000000e+04,-217.666667
16801,1.68010000e+04,-217.666667
16802,1.68020000e+04,-218.583333
16803,1.68030000e+04,-218.583333
16804,1.68040000e+04,-219.416667
16805,1.68050000e+04,-219.416667
16806,1.68060000e+04,-220.250000
16807,1.68070000e+04,-220.250000
16808,1.68080000e+04,-221.083333
16809,1.68090000e+04,-221.083333
16810,1.68100000e+04,-221.875000
16811,1.68110000e+04,-221.875000
16812,1.68120000e+04,-222.583333
16813,1.68130000e+04,-222.583333
16814,1.68140000e+04,-223.458333
16815,1.68150000e+04,-223.458333
16816,1.68160000e+04,-224.041667
16817,1.68170000e+04,-224.041667
16818,1.68180000e+04,-224.708333
16819,1.68190000e+04,-224.708333
16820,1.68200000e+04,-225.291667
16821,1.68210000e+04,-225.291667
16822,1.68220000e+04,-225.958333
16823,1.68230000e+04,-225.958333
16824,1.68240000e+04,-226.458333
16825,1.68250000e+04,-226.458333
16826,1.68260000e+04,-227.125000
16827,1.68270000e+04,-227.125000
16828,1.68280000e+04,-227.583333
16829,1.68290000e+04,-227.583333
16830,1.68300000e+04,-228.083333
16831,1.68310000e+04,-228.083333
16832,1.68320000e+04,-228.458333
16833,1.68330000e+04,-228.458333
16834,1.68340000e+04,-229.000000
16835,1.68350000e+04,-229.000000
16836,1.68360000e+04,-229.458333
16837,1.68370000e+04,-229.458333
16838,1.68380000e+04,-229.875000
16839,1.68390000e+04,-229.875000
16840,1.68400000e+04,-230.083333
16841,1.68410000e+04,-230.083333
16842,1.68420000e+04,-230.625000
16843,1.68430000e+04,-230.625000
16844,1.68440000e+04,-230.833333
16845,1.68450000e+04,-230.833333
16846,1.68460000e+04,-231.291667
16847,1.68470000e+04,-231.291667
16848,1.68480000e+04,-231.458333
16849,1.68490000e+04,-231.458333
16850,1.68500000e+04,-231.625000
16851,1.68510000e+04,-231.625000
16852,1.68520000e+04,-231.791667
16853,1.68530000e+04,-231.791667
16854,1.68540000e+04,-232.083333
16855,1.68550000e+04,-232.083333
16856,1.68560000e+04,-232.291667
16857,1.68570000e+04,-232.291667
16858,1.68580000e+04,-232.541667
16859,1.68590000e+04,-232.541667
16860,1.68600000e+04,-232.625000
16861,1.68610000e+04,-232.625000
16862,1.68620000e+04,-232.750000
16863,1.68630000e+04,-232.750000
16864,1.68640000e+04,-232.875000
16865,1.68650000e+04,-232.875000
16866,1.68660000e+04,-232.916667
16867,1.68670000e+04,-232.916667
16868,1.68680000e+04,-232.916667
16869,1.68690000e+04,-232.916667
16870,1.68700000e+04,-233.083333
16871,1.68710000e+04,-233.083333
16872,1.68720000e+04,-233.083333
16873,1.68730000e+04,-233.083333
16874,1.68740000e+04,-233.250000
16875,1.68750000e+04,-233.250000
16876,1.68760000e+04,-233.166667
16877,1.68770000e+04,-233.166667
16878,1.68780000e+04,-233.250000
16879,1.68790000e+04,-233.250000
16880,1.68800000e+04,-233.166667
16881,1.68810000e+04,-233.166667
16882,1.68820000e+04,-233.250000
16883,1.68830000e+04,-233.250000
16884,1.68840000e+04,-233.041667
16885,1.68850000e+04,-233.041667
16886,1.68860000e+04,-233.000000
16887,1.68870000e+04,-233.000000
16888,1.68880000e+04,-233.000000
16889,1.68890000e+04,-233.000000
16890,1.68900000e+04,-232.916667
16891,1.68910000e+04,-232.916667
16892,1.68920000e+04,-232.791667
16893,1.68930000e+04,-232.791667
16894,1.68940000e+04,-232.666667
16895,1.68950000e+04,-232.666667
16896,1.68960000e+04,-232.791667
16897,1.68970000e+04,-232.791667
16898,1.68980000e+04,-232.625000
16899,1.68990000e+04,-232.625000
16900,1.69000000e+04,-232.375000
16901,1.69010000e+04,-232.375000
16902,1.69020000e+04,-232.333333
16903,1.69030000e+04,-232.333333
16904,1.69040000e+04,-232.083333
16905,1.69050000e+04,-232.083333
16906,1.69060000e+04,-232.000000
16907,1.69070000e+04,-232.000000
16908,1.69080000e+04,-231.833333
16909,1.69090000e+04,-231.833333
16910,1.69100000e+04,-231.625000
16911,1.69110000e+04,-231.625000
16912,1.69120000e+04,-231.250000
16913,1.69130000e+04,-231.250000
16914,1.69140000e+04,-231.208333
16915,1.69150000e+04,-231.208333
16916,1.69160000e+04,-230.833333
16917,1.69170000e+04,-230.833333
16918,1.69180000e+04,-230.666667
16919,1.69190000e+04,-230.666667
16920,1.69200000e+04,-230.333333
16921,1.69210000e+04,-230.333333
16922,1.69220000e+04,-229.916667
16923,1.69230000e+04,-229.916667
16924,1.69240000e+04,-229.583333
16925,1.69250000e+04,-229.583333
16926,1.69260000e+04,-229.250000
16927,1.69270000e+04,-229.250000
16928,1.69280000e+04,-229.041667
16929,1.69290000e+04,-229.041667
16930,1.69300000e+04,-228.583333
16931,1.69310000e+04,-228.583333
16932,1.69320000e+04,-228.208333
16933,1.69330000e+04,-228.208333
16934,1.69340000e+04,-227.625000
16935,1.69350000e+04,-227.625000
16936,1.69360000e+04,-227.208333
16937,1.69370000e+04,-227.208333
16938,1.69380000e+04,-226.583333
16939,1.69390000e+04,-226.583333
16940,1.69400000e+04,-226.083333
16941,1.69410000e+04,-226.083333
16942,1.69420000e+04,-225.625000
16943,1.69430000e+04,-225.625000
16944,1.69440000e+04,-225.000000
16945,1.69450000e+04,-225.000000
16946,1.69460000e+04,-224.375000
16947,1.69470000e+04,-224.375000
16948,1.69480000e+04,-223.666667
16949,1.69490000e+04,-223.666667
16950,1.69500000e+04,-223.041667
16951,1.69510000e+04,-223.041667
16952,1.69520000e+04,-222.333333
16953,1.69530000e+04,-222.333333
16954,1.69540000e+04,-221.708333
16955,1.69550000e+04,-221.708333
16956,1.69560000e+04,-220.833333
16957,1.69570000e+04,-220.833333
16958,1.69580000e+04,-220.041667
16959,1.69590000e+04,-220.041667
16960,1.69600000e+04,-219.208333
16961,1.69610000e+04,-219.208333
16962,1.69620000e+04,-218.500000
16963,1.69630000e+04,-218.500000
16964,1.69640000e+04,-217.666667
16965,1.69650000e+04,-217.666667
16966,1.69660000e+04,-216.708333
16967,1.69670000e+04,-216.708333
16968,1.69680000e+04,-215.791667
16969,1.69690000e+04,-215.791667
16970,1.69700000e+04,-214.958333
16971,1.69710000e+04,-214.958333
16972,1.69720000e+04,-213.875000
16973,1.69730000e+04,-213.875000
16974,1.69740000e+04,-212.958333
16975,1.69750000e+04,-212.958333
16976,1.69760000e+04,-212.000000
16977,1.69770000e+04,-212.000000
16978,1.69780000e+04,-210.833333
16979,1.69790000e+04,-210.833333
16980,1.69800000e+04,-209.958333
16981,1.69810000e+04,-209.958333
16982,1.69820000e+04,-208.958333
16983,1.69830000e+04,-208.958333
16984,1.69840000e+04,-208.000000
16985,1.69850000e+04,-208.000000
16986,1.69860000e+04,-206.833333
16987,1.69870000e+04,-206.833333
16988,1.69880000e+04,-205.791667
16989,1.69890000e+04,-205.791667
16990,1.69900000e+04,-204.875000
16991,1.69910000e+04,-204.875000
16992,1.69920000e+04,-203.583333
16993,1.69930000e+04,-203.583333
16994,1.69940000e+04,-202.583333
16995,1.69950000e+04,-202.583333
16996,1.69960000e+04,-201.375000
16997,1.69970000e+04,-201.375000
16998,1.69980000e+04,-200.250000
16999,1.69990000e+04,-200.250000
17000,1.70000000e+04,-199.250000
17001,1.70010000e+04,-199.250000
17002,1.70020000e+04,-198.083333
17003,1.70030000e+04,-198.083333
17004,1.70040000e+04,-197.125000
17005,1.70050000e+04,-197.125000
17006,1.70060000e+04,-196.000000
17007,1.70070000e+04,-196.000000
17008,1.70080000e+04,-194.833333
17009,1.70090000e+04,-194.833333
17010,1.70100000e+04,-193.750000
17011,1.70110000e+04,-193.750000
17012,1.70120000e+04,-192.833333
17013,1.70130000e+04,-192.833333
17014,1.70140000e+04,-191.666667
17015,1.70150000e+04,-191.666667
17016,1.70160000e+04,-190.583333
17017,1.70170000e+04,-190.583333
17018,1.70180000e+04,-189.583333
17019,1.70190000e+04,-189.583333
17020,1.70200000e+04,-188.333333
17021,1.70210000e+04,-188.333333
17022,1.70220000e+04,-187.500000
17023,1.70230000e+04,-187.500000
17024,1.70240000e+04,-186.333333
17025,1.70250000e+04,-186.333333
17026,1.70260000e+04,-185.375000
17027,1.70270000e+04,-185.375000
17028,1.70280000e+04,-184.291667
17029,1.70290000e+04,-184.291667
17030,1.70300000e+04,-183.250000
17031,1.70310000e+04,-183.250000
17032,1.70320000e+04,-182.333333
17033,1.70330000e+04,-182.333333
17034,1.70340000e+04,-181.250000
17035,1.70350000e+04,-181.250000
17036,1.70360000e+04,-180.250000
17037,1.70370000e+04,-180.250000
17038,1.70380000e+04,-179.208333
17039,1.70390000e+04,-179.208333
17040,1.70400000e+04,-178.250000
17041,1.70410000e+04,-178.250000
17042,1.70420000e+04,-177.208333
17043,1.70430000e+04,-177.208333
17044,1.70440000e+04,-176.208333
17045,1.70450000e+04,-176.208333
17046,1.70460000e+04,-175.291667
17047,1.70470000e+04,-175.291667
17048,1.70480000e+04,-174.333333
17049,1.70490000e+04,-174.333333
17050,1.70500000e+04,-173.250000
17051,1.70510000e+04,-173.250000
17052,1.70520000e+04,-172.333333
17053,1.70530000e+04,-172.333333
17054,1.70540000e+04,-171.375000
17055,1.70550000e+04,-171.375000
17056,1.70560000e+04,-170.166667
17057,1.70570000e+04,-170.166667
17058,1.70580000e+04,-169.208333
17059,1.70590000e+04,-169.208333
17060,1.70600000e+04,-168.250000
17061,1.70610000e+04,-168.250000
17062,1.70620000e+04,-167.083333
17063,1.70630000e+04,-167.083333
17064,1.70640000e+04,-166.083333
17065,1.70650000e+04,-166.083333
17066,1.70660000e+04,-164.833333
17067,1.70670000e+04,-164.833333
17068,1.70680000e+04,-163.916667
17069,1.70690000e+04,-163.916667
17070,1.70700000e+04,-162.583333
17071,1.70710000e+04,-162.583333
17072,1.70720000e+04,-161.458333
17073,1.70730000e+04,-161.458333
17074,1.70740000e+04,-160.291667
17075,1.70750000e+04,-160.291667
17076,1.70760000e+04,-159.125000
17077,1.70770000e+04,-159.125000
17078,1.70780000e+04,-157.916667
17079,1.70790000e+04,-157.916667
17080,1.70800000e+04,-156.666667
17081,1.70810000e+04,-156.666667
17082,1.70820000e+04,-155.291667
17083,1.70830000e+04,-155.291667
17084,1.70840000e+04,-154.000000
17085,1.70850000e+04,-154.000000
17086,1.70860000e+04,-152.833333
17087,1.70870000e+04,-152.833333
17088,1.70880000e+04,-151.416667
17089,1.70890000e+04,-151.416667
17090,1.70900000e+04,-150.125000
17091,1.70910000e+04,-150.125000
17092,1.70920000e+04,-148.708333
17093,1.70930000e+04,-148.708333
17094,1.70940000e+04,-147.208333
17095,1.70950000e+04,-147.208333
17096,1.70960000e+04,-145.791667
17097,1.70970000e+04,-145.791667
17098,1.70980000e+04,-144.250000
17099,1.70990000e+04,-144.250000
17100,1.71000000e+04,-142.708333
17101,1.71010000e+04,-142.708333
17102,1.71020000e+04,-141.250000
17103,1.71030000e+04,-141.250000
17104,1.71040000e+04,-139.750000
17105,1.71050000e+04,-139.750000
17106,1.71060000e+04,-138.000000
17107,1.71070000e+04,-138.000000
17108,1.71080000e+04,-136.541667
17109,1.71090000e+04,-136.541667
17110,1.71100000e+04,-134.791667
17111,1.71110000e+04,-134.791667
17112,1.71120000e+04,-133.083333
17113,1.71130000e+04,-133.083333
17114,1.71140000e+04,-131.500000
17115,1.71150000e+04,-131.500000
17116,1.71160000e+04,-129.833333
17117,1.71170000e+04,-129.833333
17118,1.71180000e+04,-128.083333
17119,1.71190000e+04,-128.083333
17120,1.71200000e+04,-126.250000
17121,1.71210000e+04,-126.250000
17122,1.71220000e+04,-124.541667
17123,1.71230000e+04,-124.541667
17124,1.71240000e+04,-122.833333
17125,1.71250000e+04,-122.833333
17126,1.71260000e+04,-121.083333
17127,1.71270000e+04,-121.083333
17128,1.71280000e+04,-119.375000
17129,1.71290000e+04,-119.375000
17130,1.71300000e+04,-117.583333
17131,1.71310000e+04,-117.583333
17132,1.71320000e+04,-115.791667
17133,1.71330000e+04,-115.791667
17134,1.71340000e+04,-113.875000
17135,1.71350000e+04,-113.875000
17136,1.71360000e+04,-111.916667
17137,1.71370000e+04,-111.916667
17138,1.71380000e+04,-110.416667
17139,1.71390000e+04,-110.416667
17140,1.71400000e+04,-108.416667
17141,1.71410000e+04,-108.416667
17142,1.71420000e+04,-106.833333
17143,1.71430000e+04,-106.833333
17144,1.71440000e+04,-104.916667
17145,1.71450000e+04,-104.916667
17146,1.71460000e+04,-102.958333
17147,1.71470000e+04,-102.958333
17148,1.71480000e+04,-101.166667
17149,1.71490000e+04,-101.166667
17150,1.71500000e+04,-99.458333
17151,1.71510000e+04,-99.458333
17152,1.71520000e+04,-97.625000
17153,1.71530000e+04,-97.625000
17154,1.71540000e+04,-95.791667
17155,1.71550000e+04,-95.791667
17156,1.71560000e+04,-94.041667
17157,1.71570000e+04,-94.041667
17158,1.71580000e+04,-92.250000
17159,1.71590000e+04,-92.250000
17160,1.71600000e+04,-90.333333
17161,1.71610000e+04,-90.333333
17162,1.71620000e+04,-88.625000
17163,1.71630000e+04,-88.625000
17164,1.71640000e+04,-86.958333
17165,1.71650000e+04,-86.958333
17166,1.71660000e+04,-85.083333
17167,1.71670000e+04,-85.083333
17168,1.71680000e+04,-83.333333
17169,1.71690000e+04,-83.333333
17170,1.71700000e+04,-81.583333
17171,1.71710000e+04,-81.583333
17172,1.71720000e+04,-79.875000
17173,1.71730000e+04,-79.875000
17174,1.71740000e+04,-78.166667
17175,1.71750000e+04,-78.166667
17176,1.71760000e+04,-76.333333
17177,1.71770000e+04,-76.333333
17178,1.71780000e+04,-74.625000
17179,1.71790000e+04,-74.625000
17180,1.71800000e+04,-72.875000
17181,1.71810000e+04,-72.875000
17182,1.71820000e+04,-71.208333
17183,1.71830000e+04,-71.208333
17184,1.71840000e+04,-69.291667
17185,1.71850000e+04,-69.291667
17186,1.71860000e+04,-67.750000
17187,1.71870000e+04,-67.750000
17188,1.71880000e+04,-65.791667
17189,1.71890000e+04,-65.791667
17190,1.71900000e+04,-64.250000
17191,1.71910000e+04,-64.250000
17192,1.71920000e+04,-62.375000
17193,1.71930000e+04,-62.375000
17194,1.71940000e+04,-60.750000
17195,1.71950000e+04,-60.750000
17196,1.71960000e+04,-58.875000
17197,1.71970000e+04,-58.875000
17198,1.71980000e+04,-57.125000
17199,1.71990000e+04,-57.125000
17200,1.72000000e+04,-55.250000
17201,1.72010000e+04,-55.250000
17202,1.72020000e+04,-53.541667
17203,1.72030000e+04,-53.541667
17204,1.72040000e+04,-51.791667
17205,1.72050000e+04,-51.791667
17206,1.72060000e+04,-50.041667
17207,1.72070000e+04,-50.041667
17208,1.72080000e+04,-48.166667
17209,1.72090000e+04,-48.166667
17210,1.72100000e+04,-46.458333
17211,1.72110000e+04,-46.458333
17212,1.72120000e+04,-44.416667
17213,1.72130000e+04,-44.416667
17214,1.72140000e+04,-42.708333
17215,1.72150000e+04,-42.708333
17216,1.72160000e+04,-40.666667
17217,1.72170000e+04,-40.666667
17218,1.72180000e+04,-38.875000
17219,1.72190000e+04,-38.875000
17220,1.72200000e+04,-36.875000
17221,1.72210000e+04,-36.875000
17222,1.72220000e+04,-34.875000
17223,1.72230000e+04,-34.875000
17224,1.72240000e+04,-33.000000
17225,1.72250000e+04,-33.000000
17226,1.72260000e+04,-30.916667
17227,1.72270000e+04,-30.916667
17228,1.72280000e+04,-28.875000
17229,1.72290000e+04,-28.875000
17230,1.72300000e+04,-26.958333
17231,1.72310000e+04,-26.958333
17232,1.72320000e+04,-24.916667
17233,1.72330000e+04,-24.916667
17234,1.72340000e+04,-22.916667
17235,1.72350000e+04,-22.916667
17236,1.72360000e+04,-20.958333
17237,1.72370000e+04,-20.958333
17238,1.72380000e+04,-18.833333
17239,1.72390000e+04,-18.833333
17240,1.72400000e+04,-16.666667
17241,1.72410000e+04,-16.666667
17242,1.72420000e+04,-14.541667
17243,1.72430000e+04,-14.541667
17244,1.72440000e+04,-12.458333
17245,1.72450000e+04,-12.458333
17246,1.72460000e+04,-10.458333
17247,1.72470000e+04,-10.458333
17248,1.72480000e+04,-8.250000
17249,1.72490000e+04,-8.250000
17250,1.72500000e+04,-6.250000
17251,1.72510000e+04,-6.250000
17252,1.72520000e+04,-4.125000
17253,1.72530000e+04,-4.125000
17254,1.72540000e+04,-1.958333
17255,1.72550000e+04,-1.958333
17256,1.72560000e+04,0.250000
17257,1.72570000e+04,0.250000
17258,1.72580000e+04,2.416667
17259,1.72590000e+04,2.416667
17260,1.72600000e+04,4.416667
17261,1.72610000e+04,4.416667
17262,1.72620000e+04,6.541667
17263,1.72630000e+04,6.541667
17264,1.72640000e+04,8.791667
17265,1.72650000e+04,8.791667
17266,1.72660000e+04,10.958333
17267,1.72670000e+04,10.958333
17268,1.72680000e+04,12.958333
17269,1.72690000e+04,12.958333
17270,1.72700000e+04,15.125000
17271,1.72710000e+04,15.125000
17272,1.72720000e+04,17.208333
17273,1.72730000e+04,17.208333
17274,1.72740000e+04,19.250000
17275,1.72750000e+04,19.250000
17276,1.72760000e+04,21.375000
17277,1.72770000e+04,21.375000
17278,1.72780000e+04,23.500000
17279,1.72790000e+04,23.500000
17280,1.72800000e+04,25.458333
17281,1.72810000e+04,25.458333
17282,1.72820000e+04,27.750000
17283,1.72830000e+04,27.750000
17284,1.72840000e+04,29.583333
17285,1.72850000e+04,29.583333
17286,1.72860000e+04,31.541667
17287,1.72870000e+04,31.541667
17288,1.72880000e+04,33.625000
17289,1.72890000e+04,33.625000
17290,1.72900000e+04,35.583333
17291,1.72910000e+04,35.583333
17292,1.72920000e+04,37.583333
17293,1.72930000e+04,37.583333
17294,1.72940000e+04,39.458333
17295,1.72950000e+04,39.458333
17296,1.72960000e+04,41.416667
17297,1.72970000e+04,41.416667
17298,1.72980000e+04,43.333333
17299,1.72990000e+04,43.333333
17300,1.73000000e+04,45.333333
17301,1.73010000e+04,45.333333
17302,1.73020000e+04,47.166667
17303,1.73030000e+04,47.166667
17304,1.73040000e+04,49.000000
17305,1.73050000e+04,49.000000
17306,1.73060000e+04,50.750000
17307,1.73070000e+04,50.750000
17308,1.73080000e+04,52.708333
17309,1.73090000e+04,52.708333
17310,1.73100000e+04,54.541667
17311,1.73110000e+04,54.541667
17312,1.73120000e+04,56.291667
17313,1.73130000e+04,56.291667
17314,1.73140000e+04,58.041667
17315,1.73150000e+04,58.041667
17316,1.73160000e+04,59.875000
17317,1.73170000e+04,59.875000
17318,1.73180000e+04,61.541667
17319,1.73190000e+04,61.541667
17320,1.73200000e+04,63.250000
17321,1.73210000e+04,63.250000
17322,1.73220000e+04,65.166667
17323,1.73230000e+04,65.166667
17324,1.73240000e+04,66.833333
17325,1.73250000e+04,66.833333
17326,1.73260000e+04,68.583333
17327,1.73270000e+04,68.583333
17328,1.73280000e+04,70.250000
17329,1.73290000e+04,70.250000
17330,1.73300000e+04,72.000000
17331,1.73310000e+04,72.000000
17332,1.73320000e+04,73.750000
17333,1.73330000e+04,73.750000
17334,1.73340000e+04,75.541667
17335,1.73350000e+04,75.541667
17336,1.73360000e+04,77.291667
17337,1.73370000e+04,77.291667
17338,1.73380000e+04,78.833333
17339,1.73390000e+04,78.833333
17340,1.73400000e+04,80.750000
17341,1.73410000e+04,80.750000
17342,1.73420000e+04,82.500000
17343,1.73430000e+04,82.500000
17344,1.73440000e+04,84.208333
17345,1.73450000e+04,84.208333
17346,1.73460000e+04,85.833333
17347,1.73470000e+04,85.833333
17348,1.73480000e+04,87.583333
17349,1.73490000e+04,87.583333
17350,1.73500000e+04,89.458333
17351,1.73510000e+04,89.458333
17352,1.73520000e+04,91.208333
17353,1.73530000e+04,91.208333
17354,1.73540000e+04,93.083333
17355,1.73550000e+04,93.083333
17356,1.73560000e+04,94.666667
17357,1.73570000e+04,94.666667
17358,1.73580000e+04,96.666667
17359,1.73590000e+04,96.666667
17360,1.73600000e+04,98.208333
17361,1.73610000e+04,98.208333
17362,1.73620000e+04,100.000000
17363,1.73630000e+04,100.000000
17364,1.73640000e+04,101.875000
17365,1.73650000e+04,101.875000
17366,1.73660000e+04,103.583333
17367,1.73670000e+04,103.583333
17368,1.73680000e+04,105.333333
17369,1.73690000e+04,105.333333
17370,1.73700000e+04,107.166667
17371,1.73710000e+04,107.166667
17372,1.73720000e+04,108.958333
17373,1.73730000e+04,108.958333
17374,1.73740000e+04,110.625000
17375,1.73750000e+04,110.625000
17376,1.73760000e+04,112.500000
17377,1.73770000e+04,112.500000
17378,1.73780000e+04,114.375000
17379,1.73790000e+04,114.375000
17380,1.73800000e+04,116.041667
17381,1.73810000e+04,116.041667
17382,1.73820000e+04,117.708333
17383,1.73830000e+04,117.708333
17384,1.73840000e+04,119.625000
17385,1.73850000e+04,119.625000
17386,1.73860000e+04,121.333333
17387,1.73870000e+04,121.333333
17388,1.73880000e+04,123.208333
17389,1.73890000e+04,123.208333
17390,1.73900000e+04,124.750000
17391,1.73910000e+04,124.750000
17392,1.73920000e+04,126.666667
17393,1.73930000e+04,126.666667
17394,1.73940000e+04,128.375000
17395,1.73950000e+04,128.375000
17396,1.73960000e+04,130.000000
17397,1.73970000e+04,130.000000
17398,1.73980000e+04,131.708333
17399,1.73990000e+04,131.708333
17400,1.74000000e+04,133.458333
17401,1.74010000e+04,133.458333
17402,1.74020000e+04,135.041667
17403,1.74030000e+04,135.041667
17404,1.74040000e+04,136.666667
17405,1.74050000e+04,136.666667
17406,1.74060000e+04,138.250000
17407,1.74070000e+04,138.250000
17408,1.74080000e+04,139.833333
17409,1.74090000e+04,139.833333
17410,1.74100000e+04,141.333333
17411,1.74110000e+04,141.333333
17412,1.74120000e+04,143.000000
17413,1.74130000e+04,143.000000
17414,1.74140000e+04,144.541667
17415,1.74150000e+04,144.541667
17416,1.74160000e+04,146.000000
17417,1.74170000e+04,146.000000
17418,1.74180000e+04,147.375000
17419,1.74190000e+04,147.375000
17420,1.74200000e+04,148.875000
17421,1.74210000e+04,148.875000
17422,1.74220000e+04,150.416667
17423,1.74230000e+04,150.416667
17424,1.74240000e+04,151.666667
17425,1.74250000e+04,151.666667
17426,1.74260000e+04,153.083333
17427,1.74270000e+04,153.083333
17428,1.74280000e+04,154.416667
17429,1.74290000e+04,154.416667
17430,1.74300000e+04,155.708333
17431,1.74310000e+04,155.708333
17432,1.74320000e+04,157.166667
17433,1.74330000e+04,157.166667
17434,1.74340000e+04,158.333333
17435,1.74350000e+04,158.333333
17436,1.74360000e+04,159.583333
17437,1.74370000e+04,159.583333
17438,1.74380000e+04,160.791667
17439,1.74390000e+04,160.791667
17440,1.74400000e+04,162.125000
17441,1.74410000e+04,162.125000
17442,1.74420000e+04,163.208333
17443,1.74430000e+04,163.208333
17444,1.74440000e+04,164.375000
17445,1.74450000e+04,164.375000
17446,1.74460000e+04,165.541667
17447,1.74470000e+04,165.541667
17448,1.74480000e+04,166.583333
17449,1.74490000e+04,166.583333
17450,1.74500000e+04,167.750000
17451,1.74510000e+04,167.750000
17452,1.74520000e+04,168.958333
17453,1.74530000e+04,168.958333
17454,1.74540000e+04,169.833333
17455,1.74550000e+04,169.833333
17456,1.74560000e+04,170.916667
17457,1.74570000e+04,170.916667
17458,1.74580000e+04,172.000000
17459,1.74590000e+04,172.000000
17460,1.74600000e+04,172.958333
17461,1.74610000e+04,172.958333
17462,1.74620000e+04,173.916667
17463,1.74630000e+04,173.916667
17464,1.74640000e+04,175.083333
17465,1.74650000e+04,175.083333
17466,1.74660000e+04,176.041667
17467,1.74670000e+04,176.041667
17468,1.74680000e+04,177.041667
17469,1.74690000e+04,177.041667
17470,1.74700000e+04,178.000000
17471,1.74710000e+04,178.000000
17472,1.74720000e+04,178.958333
17473,1.74730000e+04,178.958333
17474,1.74740000e+04,179.833333
17475,1.74750000e+04,179.833333
17476,1.74760000e+04,181.000000
17477,1.74770000e+04,181.000000
17478,1.74780000e+04,181.916667
17479,1.74790000e+04,181.916667
17480,1.74800000e+04,182.750000
17481,1.74810000e+04,182.750000
17482,1.74820000e+04,183.750000
17483,1.74830000e+04,183.750000
17484,1.74840000e+04,184.875000
17485,1.74850000e+04,184.875000
17486,1.74860000e+04,186.000000
17487,1.74870000e+04,186.000000
17488,1.74880000e+04,186.750000
17489,1.74890000e+04,186.750000
17490,1.74900000e+04,187.791667
17491,1.74910000e+04,187.791667
17492,1.74920000e+04,188.791667
17493,1.74930000e+04,188.791667
17494,1.74940000e+04,189.916667
17495,1.74950000e+04,189.916667
17496,1.74960000e+04,190.708333
17497,1.74970000e+04,190.708333
17498,1.74980000e+04,191.791667
17499,1.74990000e+04,191.791667
17500,1.75000000e+04,192.833333
17501,1.75010000e+04,192.833333
17502,1.75020000e+04,193.916667
17503,1.75030000e+04,193.916667
17504,1.75040000e+04,195.000000
17505,1.75050000e+04,195.000000
17506,1.75060000e+04,196.000000
17507,1.75070000e+04,196.000000
17508,1.75080000e+04,197.041667
17509,1.75090000e+04,197.041667
17510,1.75100000e+04,198.083333
17511,1.75110000e+04,198.083333
17512,1.75120000e+04,199.083333
17513,1.75130000e+04,199.083333
17514,1.75140000e+04,200.166667
17515,1.75150000e+04,200.166667
17516,1.75160000e+04,201.208333
17517,1.75170000e+04,201.208333
17518,1.75180000e+04,202.333333
17519,1.75190000e+04,202.333333
17520,1.75200000e+04,203.416667
17521,1.75210000e+04,203.416667
17522,1.75220000e+04,204.416667
17523,1.75230000e+04,204.416667
17524,1.75240000e+04,205.541667
17525,1.75250000e+04,205.541667
17526,1.75260000e+04,206.458333
17527,1.75270000e+04,206.458333
17528,1.75280000e+04,207.583333
17529,1.75290000e+04,207.583333
17530,1.75300000e+04,208.666667
17531,1.75310000e+04,208.666667
17532,1.75320000e+04,209.666667
17533,1.75330000e+04,209.666667
17534,1.75340000e+04,210.666667
17535,1.75350000e+04,210.666667
17536,1.75360000e+04,211.708333
17537,1.75370000e+04,211.708333
17538,1.75380000e+04,212.666667
17539,1.75390000e+04,212.666667
17540,1.75400000e+04,213.666667
17541,1.75410000e+04,213.666667
17542,1.75420000e+04,214.666667
17543,1.75430000e+04,214.666667
17544,1.75440000e+04,215.541667
17545,1.75450000e+04,215.541667
17546,1.75460000e+04,216.625000
17547,1.75470000e+04,216.625000
17548,1.75480000e+04,217.416667
17549,1.75490000e+04,217.416667
17550,1.75500000e+04,218.416667
17551,1.75510000e+04,218.416667
17552,1.75520000e+04,219.125000
17553,1.75530000e+04,219.125000
17554,1.75540000e+04,219.958333
17555,1.75550000e+04,219.958333
17556,1.75560000e+04,220.833333
17557,1.75570000e+04,220.833333
17558,1.75580000e+04,221.666667
17559,1.75590000e+04,221.666667
17560,1.75600000e+04,222.375000
17561,1.75610000e+04,222.375000
17562,1.75620000e+04,223.083333
17563,1.75630000e+04,223.083333
17564,1.75640000e+04,223.666667
17565,1.75650000e+04,223.666667
17566,1.75660000e+04,224.458333
17567,1.75670000e+04,224.458333
17568,1.75680000e+04,225.208333
17569,1.75690000e+04,225.208333
17570,1.75700000e+04,225.791667
17571,1.75710000e+04,225.791667
17572,1.75720000e+04,226.458333
17573,1.75730000e+04,226.458333
17574,1.75740000e+04,226.916667
17575,1.75750000e+04,226.916667
17576,1.75760000e+04,227.541667
17577,1.75770000e+04,227.541667
17578,1.75780000e+04,228.000000
17579,1.75790000e+04,228.000000
17580,1.75800000e+04,228.333333
17581,1.75810000e+04,228.333333
17582,1.75820000e+04,228.833333
17583,1.75830000e+04,228.833333
17584,1.75840000e+04,229.291667
17585,1.75850000e+04,229.291667
17586,1.75860000e+04,229.708333
17587,1.75870000e+04,229.708333
17588,1.75880000e+04,230.041667
17589,1.75890000e+04,230.041667
17590,1.75900000e+04,230.416667
17591,1.75910000e+04,230.416667
17592,1.75920000e+04,230.708333
17593,1.75930000e+04,230.708333
17594,1.75940000e+04,231.041667
17595,1.75950000e+04,231.041667
17596,1.75960000e+04,231.333333
17597,1.75970000e+04,231.333333
17598,1.75980000e+04,231.708333
17599,1.75990000e+04,231.708333
17600,1.76000000e+04,231.958333
17601,1.76010000e+04,231.958333
17602,1.76020000e+04,232.000000
17603,1.76030000e+04,232.000000
17604,1.76040000e+04,232.250000
17605,1.76050000e+04,232.250000
17606,1.76060000e+04,232.416667
17607,1.76070000e+04,232.416667
17608,1.76080000e+04,232.541667
17609,1.76090000e+04,232.541667
17610,1.76100000e+04,232.625000
17611,1.76110000e+04,232.625000
17612,1.76120000e+04,232.666667
17613,1.76130000e+04,232.666667
17614,1.76140000e+04,233.000000
17615,1.76150000e+04,233.000000
17616,1.76160000e+04,233.041667
17617,1.76170000e+04,233.041667
17618,1.76180000e+04,233.083333
17619,1.76190000e+04,233.083333
17620,1.76200000e+04,233.125000
17621,1.76210000e+04,233.125000
17622,1.76220000e+04,233.166667
17623,1.76230000e+04,233.166667
17624,1.76240000e+04,233.208333
17625,1.76250000e+04,233.208333
17626,1.76260000e+04,233.291667
17627,1.76270000e+04,233.291667
17628,1.76280000e+04,233.166667
17629,1.76290000e+04,233.166667
17630,1.76300000e+04,233.166667
17631,1.76310000e+04,233.166667
17632,1.76320000e+04,233.166667
17633,1.76330000e+04,233.166667
17634,1.76340000e+04,233.083333
17635,1.76350000e+04,233.083333
17636,1.76360000e+04,233.166667
17637,1.76370000e+04,233.166667
17638,1.76380000e+04,233.125000
17639,1.76390000e+04,233.125000
17640,1.76400000e+04,232.916667
17641,1.76410000e+04,232.916667
17642,1.76420000e+04,232.791667
17643,1.76430000e+04,232.791667
17644,1.76440000e+04,232.833333
17645,1.76450000e+04,232.833333
17646,1.76460000e+04,232.666667
17647,1.76470000e+04,232.666667
17648,1.76480000e+04,232.458333
17649,1.76490000e+04,232.458333
17650,1.76500000e+04,232.333333
17651,1.76510000e+04,232.333333
17652,1.76520000e+04,232.166667
17653,1.76530000e+04,232.166667
17654,1.76540000e+04,232.000000
17655,1.76550000e+04,232.000000
17656,1.76560000e+04,231.833333
17657,1.76570000e+04,231.833333
17658,1.76580000e+04,231.666667
17659,1.76590000e+04,231.666667
17660,1.76600000e+04,231.250000
17661,1.76610000e+04,231.250000
17662,1.76620000e+04,231.166667
17663,1.76630000e+04,231.166667
17664,1.76640000e+04,231.000000
17665,1.76650000e+04,231.000000
17666,1.76660000e+04,230.833333
17667,1.76670000e+04,230.833333
17668,1.76680000e+04,230.458333
17669,1.76690000e+04,230.458333
17670,1.76700000e+04,230.083333
17671,1.76710000e+04,230.083333
17672,1.76720000e+04,229.833333
17673,1.76730000e+04,229.833333
17674,1.76740000e+04,229.416667
17675,1.76750000e+04,229.416667
17676,1.76760000e+04,229.041667
17677,1.76770000e+04,229.041667
17678,1.76780000e+04,228.666667
17679,1.76790000e+04,228.666667
17680,1.76800000e+04,228.208333
17681,1.76810000e+04,228.208333
17682,1.76820000e+04,227.791667
17683,1.76830000e+04,227.791667
17684,1.76840000e+04,227.416667
17685,1.76850000e+04,227.416667
17686,1.76860000e+04,226.666667
17687,1.76870000e+04,226.666667
17688,1.76880000e+04,226.375000
17689,1.76890000e+04,226.375000
17690,1.76900000e+04,225.916667
17691,1.76910000e+04,225.916667
17692,1.76920000e+04,225.250000
17693,1.76930000e+04,225.250000
17694,1.76940000e+04,224.541667
17695,1.76950000e+04,224.541667
17696,1.76960000e+04,223.916667
17697,1.76970000e+04,223.916667
17698,1.76980000e+04,223.333333
17699,1.76990000e+04,223.333333
17700,1.77000000e+04,222.750000
17701,1.77010000e+04,222.750000
17702,1.77020000e+04,221.916667
17703,1.77030000e+04,221.916667
17704,1.77040000e+04,221.208333
17705,1.77050000e+04,221.208333
17706,1.77060000e+04,220.375000
17707,1.77070000e+04,220.375000
17708,1.77080000e+04,219.583333
17709,1.77090000e+04,219.583333
17710,1.77100000e+04,218.875000
17711,1.77110000e+04,218.875000
17712,1.77120000e+04,217.916667
17713,1.77130000e+04,217.916667
17714,1.77140000e+04,217.125000
17715,1.77150000e+04,217.125000
17716,1.77160000e+04,216.083333
17717,1.77170000e+04,216.083333
17718,1.77180000e+04,215.250000
17719,1.77190000e+04,215.250000
17720,1.77200000e+04,214.250000
17721,1.77210000e+04,214.250000
17722,1.77220000e+04,213.333333
17723,1.77230000e+04,213.333333
17724,1.77240000e+04,212.291667
17725,1.77250000e+04,212.291667
17726,1.77260000e+04,211.416667
17727,1.77270000e+04,211.416667
17728,1.77280000e+04,210.375000
17729,1.77290000e+04,210.375000
17730,1.77300000e+04,209.375000
17731,1.77310000e+04,209.375000
17732,1.77320000e+04,208.166667
17733,1.77330000e+04,208.166667
17734,1.77340000e+04,207.125000
17735,1.77350000e+04,207.125000
17736,1.77360000e+04,206.125000
17737,1.77370000e+04,206.125000
17738,1.77380000e+04,205.000000
17739,1.77390000e+04,205.000000
17740,1.77400000e+04,203.958333
17741,1.77410000e+04,203.958333
17742,1.77420000e+04,202.916667
17743,1.77430000e+04,202.916667
17744,1.77440000e+04,201.791667
17745,1.77450000e+04,201.791667
17746,1.77460000e+04,200.750000
17747,1.77470000e+04,200.750000
17748,1.77480000e+04,199.666667
17749,1.77490000e+04,199.666667
17750,1.77500000e+04,198.625000
17751,1.77510000e+04,198.625000
17752,1.77520000e+04,197.416667
17753,1.77530000e+04,197.416667
17754,1.77540000e+04,196.250000
17755,1.77550000e+04,196.250000
17756,1.77560000e+04,195.291667
17757,1.77570000e+04,195.291667
17758,1.77580000e+04,194.208333
17759,1.77590000e+04,194.208333
17760,1.77600000e+04,193.125000
17761,1.77610000e+04,193.125000
17762,1.77620000e+04,192.083333
17763,1.77630000e+04,192.083333
17764,1.77640000e+04,190.916667
17765,1.77650000e+04,190.916667
17766,1.77660000e+04,189.958333
17767,1.77670000e+04,189.958333
17768,1.77680000e+04,188.833333
17769,1.77690000e+04,188.833333
17770,1.77700000e+04,187.958333
17771,1.77710000e+04,187.958333
17772,1.77720000e+04,186.708333
17773,1.77730000e+04,186.708333
17774,1.77740000e+04,185.916667
17775,1.77750000e+04,185.916667
17776,1.77760000e+04,184.708333
17777,1.77770000e+04,184.708333
17778,1.77780000e+04,183.750000
17779,1.77790000e+04,183.750000
17780,1.77800000e+04,182.583333
17781,1.77810000e+04,182.583333
17782,1.77820000e+04,181.666667
17783,1.77830000e+04,181.666667
17784,1.77840000e+04,180.666667
17785,1.77850000e+04,180.666667
17786,1.77860000e+04,179.583333
17787,1.77870000e+04,179.583333
17788,1.77880000e+04,178.666667
17789,1.77890000e+04,178.666667
17790,1.77900000e+04,177.583333
17791,1.77910000e+04,177.583333
17792,1.77920000e+04,176.708333
17793,1.77930000e+04,176.708333
17794,1.77940000e+04,175.791667
17795,1.77950000e+04,175.791667
17796,1.77960000e+04,174.708333
17797,1.77970000e+04,174.708333
17798,1.77980000e+04,173.625000
17799,1.77990000e+04,173.625000
17800,1.78000000e+04,172.666667
17801,1.78010000e+04,172.666667
17802,1.78020000e+04,171.666667
17803,1.78030000e+04,171.666667
17804,1.78040000e+04,170.583333
17805,1.78050000e+04,170.583333
17806,1.78060000e+04,169.541667
17807,1.78070000e+04,169.541667
17808,1.78080000e+04,168.458333
17809,1.78090000e+04,168.458333
17810,1.78100000e+04,167.500000
17811,1.78110000e+04,167.500000
17812,1.78120000e+04,166.458333
17813,1.78130000e+04,166.458333
17814,1.78140000e+04,165.416667
17815,1.78150000e+04,165.416667
17816,1.78160000e+04,164.125000
17817,1.78170000e+04,164.125000
17818,1.78180000e+04,163.083333
17819,1.78190000e+04,163.083333
17820,1.78200000e+04,161.875000
17821,1.78210000e+04,161.875000
17822,1.78220000e+04,160.625000
17823,1.78230000e+04,160.625000
17824,1.78240000e+04,159.541667
17825,1.78250000e+04,159.541667
17826,1.78260000e+04,158.250000
17827,1.78270000e+04,158.250000
17828,1.78280000e+04,157.083333
17829,1.78290000e+04,157.083333
17830,1.78300000e+04,155.875000
17831,1.78310000e+04,155.875000
17832,1.78320000e+04,154.625000
17833,1.78330000e+04,154.625000
17834,1.78340000e+04,153.333333
17835,1.78350000e+04,153.333333
17836,1.78360000e+04,151.875000
17837,1.78370000e+04,151.875000
17838,1.78380000e+04,150.625000
17839,1.78390000e+04,150.625000
17840,1.78400000e+04,149.166667
17841,1.78410000e+04,149.166667
17842,1.78420000e+04,147.666667
17843,1.78430000e+04,147.666667
17844,1.78440000e+04,146.291667
17845,1.78450000e+04,146.291667
17846,1.78460000e+04,144.791667
17847,1.78470000e+04,144.791667
17848,1.78480000e+04,143.333333
17849,1.78490000e+04,143.333333
17850,1.78500000e+04,141.666667
17851,1.78510000e+04,141.666667
17852,1.78520000e+04,140.250000
17853,1.78530000e+04,140.250000
17854,1.78540000e+04,138.583333
17855,1.78550000e+04,138.583333
17856,1.78560000e+04,137.041667
17857,1.78570000e+04,137.041667
17858,1.78580000e+04,135.250000
17859,1.78590000e+04,135.250000
17860,1.78600000e+04,133.708333
17861,1.78610000e+04,133.708333
17862,1.78620000e+04,132.083333
17863,1.78630000e+04,132.083333
17864,1.78640000e+04,130.375000
17865,1.78650000e+04,130.375000
17866,1.78660000e+04,128.625000
17867,1.78670000e+04,128.625000
17868,1.78680000e+04,126.875000
17869,1.78690000e+04,126.875000
17870,1.78700000e+04,125.166667
17871,1.78710000e+04,125.166667
17872,1.78720000e+04,123.416667
17873,1.78730000e+04,123.416667
17874,1.78740000e+04,121.708333
17875,1.78750000e+04,121.708333
17876,1.78760000e+04,119.708333
17877,1.78770000e+04,119.708333
17878,1.78780000e+04,118.041667
17879,1.78790000e+04,118.041667
17880,1.78800000e+04,116.333333
17881,1.78810000e+04,116.333333
17882,1.78820000e+04,114.458333
17883,1.78830000e+04,114.458333
17884,1.78840000e+04,112.666667
17885,1.78850000e+04,112.666667
17886,1.78860000e+04,110.958333
17887,1.78870000e+04,110.958333
17888,1.78880000e+04,109.208333
17889,1.78890000e+04,109.208333
17890,1.78900000e+04,107.291667
17891,1.78910000e+04,107.291667
17892,1.78920000e+04,105.416667
17893,1.78930000e+04,105.416667
17894,1.78940000e+04,103.666667
17895,1.78950000e+04,103.666667
17896,1.78960000e+04,101.791667
17897,1.78970000e+04,101.791667
17898,1.78980000e+04,99.916667
17899,1.78990000e+04,99.916667
17900,1.79000000e+04,98.083333
17901,1.79010000e+04,98.083333
17902,1.79020000e+04,96.375000
17903,1.79030000e+04,96.375000
17904,1.79040000e+04,94.625000
17905,1.79050000e+04,94.625000
17906,1.79060000e+04,92.750000
17907,1.79070000e+04,92.750000
17908,1.79080000e+04,90.833333
17909,1.79090000e+04,90.833333
17910,1.79100000e+04,89.041667
17911,1.79110000e+04,89.041667
17912,1.79120000e+04,87.458333
17913,1.79130000e+04,87.458333
17914,1.79140000e+04,85.541667
17915,1.79150000e+04,85.541667
17916,1.79160000e+04,83.875000
17917,1.79170000e+04,83.875000
17918,1.79180000e+04,82.083333
17919,1.79190000e+04,82.083333
17920,1.79200000e+04,80.375000
17921,1.79210000e+04,80.375000
17922,1.79220000e+04,78.500000
17923,1.79230000e+04,78.500000
17924,1.79240000e+04,76.708333
17925,1.79250000e+04,76.708333
17926,1.79260000e+04,75.083333
17927,1.79270000e+04,75.083333
17928,1.79280000e+04,73.458333
17929,1.79290000e+04,73.458333
17930,1.79300000e+04,71.750000
17931,1.79310000e+04,71.750000
17932,1.79320000e+04,69.833333
17933,1.79330000e+04,69.833333
17934,1.79340000e+04,68.041667
17935,1.79350000e+04,68.041667
17936,1.79360000e+04,66.500000
17937,1.79370000e+04,66.500000
17938,1.79380000e+04,64.625000
17939,1.79390000e+04,64.625000
17940,1.79400000e+04,63.000000
17941,1.79410000e+04,63.000000
17942,1.79420000e+04,61.333333
17943,1.79430000e+04,61.333333
17944,1.79440000e+04,59.458333
17945,1.79450000e+04,59.458333
17946,1.79460000e+04,57.750000
17947,1.79470000e+04,57.750000
17948,1.79480000e+04,55.916667
17949,1.79490000e+04,55.916667
17950,1.79500000e+04,54.125000
17951,1.79510000e+04,54.125000
17952,1.79520000e+04,52.333333
17953,1.79530000e+04,52.333333
17954,1.79540000e+04,50.541667
17955,1.79550000e+04,50.541667
17956,1.79560000e+04,48.583333
17957,1.79570000e+04,48.583333
17958,1.79580000e+04,46.791667
17959,1.79590000e+04,46.791667
17960,1.79600000e+04,45.083333
17961,1.79610000e+04,45.083333
17962,1.79620000e+04,43.166667
17963,1.79630000e+04,43.166667
17964,1.79640000e+04,41.250000
17965,1.79650000e+04,41.250000
17966,1.79660000e+04,39.458333
17967,1.79670000e+04,39.458333
17968,1.79680000e+04,37.416667
17969,1.79690000e+04,37.416667
17970,1.79700000e+04,35.458333
17971,1.79710000e+04,35.458333
17972,1.79720000e+04,33.500000
17973,1.79730000e+04,33.500000
17974,1.79740000e+04,31.500000
17975,1.79750000e+04,31.500000
17976,1.79760000e+04,29.583333
17977,1.79770000e+04,29.583333
17978,1.79780000e+04,27.541667
17979,1.79790000e+04,27.541667
17980,1.79800000e+04,25.541667
17981,1.79810000e+04,25.541667
17982,1.79820000e+04,23.375000
17983,1.79830000e+04,23.375000
17984,1.79840000e+04,21.333333
17985,1.79850000e+04,21.333333
17986,1.79860000e+04,19.333333
17987,1.79870000e+04,19.333333
17988,1.79880000e+04,17.375000
17989,1.79890000e+04,17.375000
17990,1.79900000e+04,15.208333
17991,1.79910000e+04,15.208333
17992,1.79920000e+04,13.125000
17993,1.79930000e+04,13.125000
17994,1.79940000e+04,11.000000
17995,1.79950000e+04,11.000000
17996,1.79960000e+04,8.875000
17997,1.79970000e+04,8.875000
17998,1.79980000e+04,6.791667
17999,1.79990000e+04,6.791667
18000,1.80000000e+04,4.625000
18001,1.80010000e+04,4.625000
18002,1.80020000e+04,2.625000
18003,1.80030000e+04,2.625000
18004,1.80040000e+04,0.458333
18005,1.80050000e+04,0.458333
18006,1.80060000e+04,-1.625000
18007,1.80070000e+04,-1.625000
18008,1.80080000e+04,-3.833333
18009,1.80090000e+04,-3.833333
18010,1.80100000e+04,-5.916667
18011,1.80110000e+04,-5.916667
18012,1.80120000e+04,-8.125000
18013,1.80130000e+04,-8.125000
18014,1.80140000e+04,-10.291667
18015,1.80150000e+04,-10.291667
18016,1.80160000e+04,-12.291667
18017,1.80170000e+04,-12.291667
18018,1.80180000e+04,-14.416667
18019,1.80190000e+04,-14.416667
18020,1.80200000e+04,-16.583333
18021,1.80210000e+04,-16.583333
18022,1.80220000e+04,-18.708333
18023,1.80230000e+04,-18.708333
18024,1.80240000e+04,-20.958333
18025,1.80250000e+04,-20.958333
18026,1.80260000e+04,-22.875000
18027,1.80270000e+04,-22.875000
18028,1.80280000e+04,-25.041667
18029,1.80290000e+04,-25.041667
18030,1.80300000e+04,-26.958333
18031,1.80310000e+04,-26.958333
18032,1.80320000e+04,-29.041667
18033,1.80330000e+04,-29.041667
18034,1.80340000e+04,-31.083333
18035,1.80350000e+04,-31.083333
18036,1.80360000e+04,-33.041667
18037,1.80370000e+04,-33.041667
18038,1.80380000e+04,-35.000000
18039,1.80390000e+04,-35.000000
18040,1.80400000e+04,-37.083333
18041,1.80410000e+04,-37.083333
18042,1.80420000e+04,-39.000000
18043,1.80430000e+04,-39.000000
18044,1.80440000e+04,-41.041667
18045,1.80450000e+04,-41.041667
18046,1.80460000e+04,-42.875000
18047,1.80470000e+04,-42.875000
18048,1.80480000e+04,-44.875000
18049,1.80490000e+04,-44.875000
18050,1.80500000e+04,-46.708333
18051,1.80510000e+04,-46.708333
18052,1.80520000e+04,-48.541667
18053,1.80530000e+04,-48.541667
18054,1.80540000e+04,-50.458333
18055,1.80550000e+04,-50.458333
18056,1.80560000e+04,-52.041667
18057,1.80570000e+04,-52.041667
18058,1.80580000e+04,-54.000000
18059,1.80590000e+04,-54.000000
18060,1.80600000e+04,-55.791667
18061,1.80610000e+04,-55.791667
18062,1.80620000e+04,-57.666667
18063,1.80630000e+04,-57.666667
18064,1.80640000e+04,-59.291667
18065,1.80650000e+04,-59.291667
18066,1.80660000e+04,-61.208333
18067,1.80670000e+04,-61.208333
18068,1.80680000e+04,-63.000000
18069,1.80690000e+04,-63.000000
18070,1.80700000e+04,-64.666667
18071,1.80710000e+04,-64.666667
18072,1.80720000e+04,-66.375000
18073,1.80730000e+04,-66.375000
18074,1.80740000e+04,-68.166667
18075,1.80750000e+04,-68.166667
18076,1.80760000e+04,-69.833333
18077,1.80770000e+04,-69.833333
18078,1.80780000e+04,-71.500000
18079,1.80790000e+04,-71.500000
18080,1.80800000e+04,-73.416667
18081,1.80810000e+04,-73.416667
18082,1.80820000e+04,-75.000000
18083,1.80830000e+04,-75.000000
18084,1.80840000e+04,-76.791667
18085,1.80850000e+04,-76.791667
18086,1.80860000e+04,-78.541667
18087,1.80870000e+04,-78.541667
18088,1.80880000e+04,-80.208333
18089,1.80890000e+04,-80.208333
18090,1.80900000e+04,-81.916667
18091,1.80910000e+04,-81.916667
18092,1.80920000e+04,-83.666667
18093,1.80930000e+04,-83.666667
18094,1.80940000e+04,-85.333333
18095,1.80950000e+04,-85.333333
18096,1.80960000e+04,-87.125000
18097,1.80970000e+04,-87.125000
18098,1.80980000e+04,-88.916667
18099,1.80990000e+04,-88.916667
18100,1.81000000e+04,-90.583333
18101,1.81010000e+04,-90.583333
18102,1.81020000e+04,-92.625000
18103,1.81030000e+04,-92.625000
18104,1.81040000e+04,-94.250000
18105,1.81050000e+04,-94.250000
18106,1.81060000e+04,-95.958333
18107,1.81070000e+04,-95.958333
18108,1.81080000e+04,-97.833333
18109,1.81090000e+04,-97.833333
18110,1.81100000e+04,-99.625000
18111,1.81110000e+04,-99.625000
18112,1.81120000e+04,-101.250000
18113,1.81130000e+04,-101.250000
18114,1.81140000e+04,-103.250000
18115,1.81150000e+04,-103.250000
18116,1.81160000e+04,-104.833333
18117,1.81170000e+04,-104.833333
18118,1.81180000e+04,-106.666667
18119,1.81190000e+04,-106.666667
18120,1.81200000e+04,-108.541667
18121,1.81210000e+04,-108.541667
18122,1.81220000e+04,-110.125000
18123,1.81230000e+04,-110.125000
18124,1.81240000e+04,-112.041667
18125,1.81250000e+04,-112.041667
18126,1.81260000e+04,-113.708333
18127,1.81270000e+04,-113.708333
18128,1.81280000e+04,-115.500000
18129,1.81290000e+04,-115.500000
18130,1.81300000e+04,-117.291667
18131,1.81310000e+04,-117.291667
18132,1.81320000e+04,-119.083333
18133,1.81330000e+04,-119.083333
18134,1.81340000e+04,-120.916667
18135,1.81350000e+04,-120.916667
18136,1.81360000e+04,-122.541667
18137,1.81370000e+04,-122.541667
18138,1.81380000e+04,-124.375000
18139,1.81390000e+04,-124.375000
18140,1.81400000e+04,-126.083333
18141,1.81410000e+04,-126.083333
18142,1.81420000e+04,-127.750000
18143,1.81430000e+04,-127.750000
18144,1.81440000e+04,-129.458333
18145,1.81450000e+04,-129.458333
18146,1.81460000e+04,-131.250000
18147,1.81470000e+04,-131.250000
18148,1.81480000e+04,-133.041667
18149,1.81490000e+04,-133.041667
18150,1.81500000e+04,-134.750000
18151,1.81510000e+04,-134.750000
18152,1.81520000e+04,-136.208333
18153,1.81530000e+04,-136.208333
18154,1.81540000e+04,-137.833333
18155,1.81550000e+04,-137.833333
18156,1.81560000e+04,-139.416667
18157,1.81570000e+04,-139.416667
18158,1.81580000e+04,-141.041667
18159,1.81590000e+04,-141.041667
18160,1.81600000e+04,-142.541667
18161,1.81610000e+04,-142.541667
18162,1.81620000e+04,-144.208333
18163,1.81630000e+04,-144.208333
18164,1.81640000e+04,-145.791667
18165,1.81650000e+04,-145.791667
18166,1.81660000e+04,-147.083333
18167,1.81670000e+04,-147.083333
18168,1.81680000e+04,-148.541667
18169,1.81690000e+04,-148.541667
18170,1.81700000e+04,-150.000000
18171,1.81710000e+04,-150.000000
18172,1.81720000e+04,-151.333333
18173,1.81730000e+04,-151.333333
18174,1.81740000e+04,-152.791667
18175,1.81750000e+04,-152.791667
18176,1.81760000e+04,-154.166667
18177,1.81770000e+04,-154.166667
18178,1.81780000e+04,-155.458333
18179,1.81790000e+04,-155.458333
18180,1.81800000e+04,-156.833333
18181,1.81810000e+04,-156.833333
18182,1.81820000e+04,-158.208333
18183,1.81830000e+04,-158.208333
18184,1.81840000e+04,-159.416667
18185,1.81850000e+04,-159.416667
18186,1.81860000e+04,-160.583333
18187,1.81870000e+04,-160.583333
18188,1.81880000e+04,-161.750000
18189,1.81890000e+04,-161.750000
18190,1.81900000e+04,-162.916667
18191,1.81910000e+04,-162.916667
18192,1.81920000e+04,-164.083333
18193,1.81930000e+04,-164.083333
18194,1.81940000e+04,-165.166667
18195,1.81950000e+04,-165.166667
18196,1.81960000e+04,-166.250000
18197,1.81970000e+04,-166.250000
18198,1.81980000e+04,-167.458333
18199,1.81990000e+04,-167.458333
18200,1.82000000e+04,-168.541667
18201,1.82010000e+04,-168.541667
18202,1.82020000e+04,-169.583333
18203,1.82030000e+04,-169.583333
18204,1.82040000e+04,-170.541667
18205,1.82050000e+04,-170.541667
18206,1.82060000e+04,-171.708333
18207,1.82070000e+04,-171.708333
18208,1.82080000e+04,-172.708333
18209,1.82090000e+04,-172.708333
18210,1.82100000e+04,-173.791667
18211,1.82110000e+04,-173.791667
18212,1.82120000e+04,-174.750000
18213,1.82130000e+04,-174.750000
18214,1.82140000e+04,-175.833333
18215,1.82150000e+04,-175.833333
18216,1.82160000e+04,-176.791667
18217,1.82170000e+04,-176.791667
18218,1.82180000e+04,-177.708333
18219,1.82190000e+04,-177.708333
18220,1.82200000e+04,-178.791667
18221,1.82210000e+04,-178.791667
18222,1.82220000e+04,-179.791667
18223,1.82230000e+04,-179.791667
18224,1.82240000e+04,-180.625000
18225,1.82250000e+04,-180.625000
18226,1.82260000e+04,-181.666667
18227,1.82270000e+04,-181.666667
18228,1.82280000e+04,-182.666667
18229,1.82290000e+04,-182.666667
18230,1.82300000e+04,-183.583333
18231,1.82310000e+04,-183.583333
18232,1.82320000e+04,-184.625000
18233,1.82330000e+04,-184.625000
18234,1.82340000e+04,-185.583333
18235,1.82350000e+04,-185.583333
18236,1.82360000e+04,-186.625000
18237,1.82370000e+04,-186.625000
18238,1.82380000e+04,-187.625000
18239,1.82390000e+04,-187.625000
18240,1.82400000e+04,-188.625000
18241,1.82410000e+04,-188.625000
18242,1.82420000e+04,-189.500000
18243,1.82430000e+04,-189.500000
18244,1.82440000e+04,-190.500000
18245,1.82450000e+04,-190.500000
18246,1.82460000e+04,-191.500000
18247,1.82470000e+04,-191.500000
18248,1.82480000e+04,-192.583333
18249,1.82490000e+04,-192.583333
18250,1.82500000e+04,-193.541667
18251,1.82510000e+04,-193.541667
18252,1.82520000e+04,-194.625000
18253,1.82530000e+04,-194.625000
18254,1.82540000e+04,-195.750000
18255,1.82550000e+04,-195.750000
18256,1.82560000e+04,-196.791667
18257,1.82570000e+04,-196.791667
18258,1.82580000e+04,-197.750000
18259,1.82590000e+04,-197.750000
18260,1.82600000e+04,-198.916667
18261,1.82610000e+04,-198.916667
18262,1.82620000e+04,-199.916667
18263,1.82630000e+04,-199.916667
18264,1.82640000e+04,-200.875000
18265,1.82650000e+04,-200.875000
18266,1.82660000e+04,-202.166667
18267,1.82670000e+04,-202.166667
18268,1.82680000e+04,-203.125000
18269,1.82690000e+04,-203.125000
18270,1.82700000e+04,-204.250000
18271,1.82710000e+04,-204.250000
18272,1.82720000e+04,-205.291667
18273,1.82730000e+04,-205.291667
18274,1.82740000e+04,-206.291667
18275,1.82750000e+04,-206.291667
18276,1.82760000e+04,-207.375000
18277,1.82770000e+04,-207.375000
18278,1.82780000e+04,-208.500000
18279,1.82790000e+04,-208.500000
18280,1.82800000e+04,-209.500000
18281,1.82810000e+04,-209.500000
18282,1.82820000e+04,-210.416667
18283,1.82830000e+04,-210.416667
18284,1.82840000e+04,-211.583333
18285,1.82850000e+04,-211.583333
18286,1.82860000e+04,-212.583333
18287,1.82870000e+04,-212.583333
18288,1.82880000e+04,-213.583333
18289,1.82890000e+04,-213.583333
18290,1.82900000e+04,-214.541667
18291,1.82910000e+04,-214.541667
18292,1.82920000e+04,-215.458333
18293,1.82930000e+04,-215.458333
18294,1.82940000e+04,-216.291667
18295,1.82950000e+04,-216.291667
18296,1.82960000e+04,-217.333333
18297,1.82970000e+04,-217.333333
18298,1.82980000e+04,-218.125000
18299,1.82990000e+04,-218.125000
18300,1.83000000e+04,-219.125000
18301,1.83010000e+04,-219.125000
18302,1.83020000e+04,-219.916667
18303,1.83030000e+04,-219.916667
18304,1.83040000e+04,-220.708333
18305,1.83050000e+04,-220.708333
18306,1.83060000e+04,-221.541667
18307,1.83070000e+04,-221.541667
18308,1.83080000e+04,-222.250000
18309,1.83090000e+04,-222.250000
18310,1.83100000e+04,-223.041667
18311,1.83110000e+04,-223.041667
18312,1.83120000e+04,-223.750000
18313,1.83130000e+04,-223.750000
18314,1.83140000e+04,-224.333333
18315,1.83150000e+04,-224.333333
18316,1.83160000e+04,-225.000000
18317,1.83170000e+04,-225.000000
18318,1.83180000e+04,-225.708333
18319,1.83190000e+04,-225.708333
18320,1.83200000e+04,-226.291667
18321,1.83210000e+04,-226.291667
18322,1.83220000e+04,-226.916667
18323,1.83230000e+04,-226.916667
18324,1.83240000e+04,-227.458333
18325,1.83250000e+04,-227.458333
18326,1.83260000e+04,-227.958333
18327,1.83270000e+04,-227.958333
18328,1.83280000e+04,-228.416667
18329,1.83290000e+04,-228.416667
18330,1.83300000e+04,-228.875000
18331,1.83310000e+04,-228.875000
18332,1.83320000e+04,-229.333333
18333,1.83330000e+04,-229.333333
18334,1.83340000e+04,-229.666667
18335,1.83350000e+04,-229.666667
18336,1.83360000e+04,-230.041667
18337,1.83370000e+04,-230.041667
18338,1.83380000e+04,-230.375000
18339,1.83390000e+04,-230.375000
18340,1.83400000e+04,-230.666667
18341,1.83410000e+04,-230.666667
18342,1.83420000e+04,-230.916667
18343,1.83430000e+04,-230.916667
18344,1.83440000e+04,-231.333333
18345,1.83450000e+04,-231.333333
18346,1.83460000e+04,-231.625000
18347,1.83470000e+04,-231.625000
18348,1.83480000e+04,-231.791667
18349,1.83490000e+04,-231.791667
18350,1.83500000e+04,-232.041667
18351,1.83510000e+04,-232.041667
18352,1.83520000e+04,-232.250000
18353,1.83530000e+04,-232.250000
18354,1.83540000e+04,-232.500000
18355,1.83550000e+04,-232.500000
18356,1.83560000e+04,-232.583333
18357,1.83570000e+04,-232.583333
18358,1.83580000e+04,-232.750000
18359,1.83590000e+04,-232.750000
18360,1.83600000e+04,-232.791667
18361,1.83610000e+04,-232.791667
18362,1.83620000e+04,-232.833333
18363,1.83630000e+04,-232.833333
18364,1.83640000e+04,-233.000000
18365,1.83650000e+04,-233.000000
18366,1.83660000e+04,-233.041667
18367,1.83670000e+04,-233.041667
18368,1.83680000e+04,-233.250000
18369,1.83690000e+04,-233.250000
18370,1.83700000e+04,-233.250000
18371,1.83710000e+04,-233.250000
18372,1.83720000e+04,-233.166667
18373,1.83730000e+04,-233.166667
18374,1.83740000e+04,-233.291667
18375,1.83750000e+04,-233.291667
18376,1.83760000e+04,-233.250000
18377,1.83770000e+04,-233.250000
18378,1.83780000e+04,-233.166667
18379,1.83790000e+04,-233.166667
18380,1.83800000e+04,-233.166667
18381,1.83810000e+04,-233.166667
18382,1.83820000e+04,-233.250000
18383,1.83830000e+04,-233.250000
18384,1.83840000e+04,-233.166667
18385,1.83850000e+04,-233.166667
18386,1.83860000e+04,-233.166667
18387,1.83870000e+04,-233.166667
18388,1.83880000e+04,-233.000000
18389,1.83890000e+04,-233.000000
18390,1.83900000e+04,-233.000000
18391,1.83910000e+04,-233.000000
18392,1.83920000e+04,-232.791667
18393,1.83930000e+04,-232.791667
18394,1.83940000e+04,-232.666667
18395,1.83950000e+04,-232.666667
18396,1.83960000e+04,-232.625000
18397,1.83970000e+04,-232.625000
18398,1.83980000e+04,-232.416667
18399,1.83990000e+04,-232.416667
18400,1.84000000e+04,-232.250000
18401,1.84010000e+04,-232.250000
18402,1.84020000e+04,-232.166667
18403,1.84030000e+04,-232.166667
18404,1.84040000e+04,-231.958333
18405,1.84050000e+04,-231.958333
18406,1.84060000e+04,-231.708333
18407,1.84070000e+04,-231.708333
18408,1.84080000e+04,-231.666667
18409,1.84090000e+04,-231.666667
18410,1.84100000e+04,-231.333333
18411,1.84110000e+04,-231.333333
18412,1.84120000e+04,-231.000000
18413,1.84130000e+04,-231.000000
18414,1.84140000e+04,-230.791667
18415,1.84150000e+04,-230.791667
18416,1.84160000e+04,-230.500000
18417,1.84170000e+04,-230.500000
18418,1.84180000e+04,-230.166667
18419,1.84190000e+04,-230.166667
18420,1.84200000e+04,-229.958333
18421,1.84210000e+04,-229.958333
18422,1.84220000e+04,-229.666667
18423,1.84230000e+04,-229.666667
18424,1.84240000e+04,-229.208333
18425,1.84250000e+04,-229.208333
18426,1.84260000e+04,-228.708333
18427,1.84270000e+04,-228.708333
18428,1.84280000e+04,-228.291667
18429,1.84290000e+04,-228.291667
18430,1.84300000e+04,-227.916667
18431,1.84310000e+04,-227.916667
18432,1.84320000e+04,-227.458333
18433,1.84330000e+04,-227.458333
18434,1.84340000e+04,-227.000000
18435,1.84350000e+04,-227.000000
18436,1.84360000e+04,-226.458333
18437,1.84370000e+04,-226.458333
18438,1.84380000e+04,-226.041667
18439,1.84390000e+04,-226.041667
18440,1.84400000e+04,-225.375000
18441,1.84410000e+04,-225.375000
18442,1.84420000e+04,-224.750000
18443,1.84430000e+04,-224.750000
18444,1.84440000e+04,-224.125000
18445,1.84450000e+04,-224.125000
18446,1.84460000e+04,-223.541667
18447,1.84470000e+04,-223.541667
18448,1.84480000e+04,-222.750000
18449,1.84490000e+04,-222.750000
18450,1.84500000e+04,-222.208333
18451,1.84510000e+04,-222.208333
18452,1.84520000e+04,-221.416667
18453,1.84530000e+04,-221.416667
18454,1.84540000e+04,-220.541667
18455,1.84550000e+04,-220.541667
18456,1.84560000e+04,-219.791667
18457,1.84570000e+04,-219.791667
18458,1.84580000e+04,-219.083333
18459,1.84590000e+04,-219.083333
18460,1.84600000e+04,-218.083333
18461,1.84610000e+04,-218.083333
18462,1.84620000e+04,-217.291667
18463,1.84630000e+04,-217.291667
18464,1.84640000e+04,-216.291667
18465,1.84650000e+04,-216.291667
18466,1.84660000e+04,-215.541667
18467,1.84670000e+04,-215.541667
18468,1.84680000e+04,-214.583333
18469,1.84690000e+04,-214.583333
18470,1.84700000e+04,-213.583333
18471,1.84710000e+04,-213.583333
18472,1.84720000e+04,-212.666667
18473,1.84730000e+04,-212.666667
18474,1.84740000e+04,-211.750000
18475,1.84750000e+04,-211.750000
18476,1.84760000e+04,-210.625000
18477,1.84770000e+04,-210.625000
18478,1.84780000e+04,-209.666667
18479,1.84790000e+04,-209.666667
18480,1.84800000e+04,-208.458333
18481,1.84810000e+04,-208.458333
18482,1.84820000e+04,-207.583333
18483,1.84830000e+04,-207.583333
18484,1.84840000e+04,-206.333333
18485,1.84850000e+04,-206.333333
18486,1.84860000e+04,-205.416667
18487,1.84870000e+04,-205.416667
18488,1.84880000e+04,-204.250000
18489,1.84890000e+04,-204.250000
18490,1.84900000e+04,-203.125000
18491,1.84910000e+04,-203.125000
18492,1.84920000e+04,-202.125000
18493,1.84930000e+04,-202.125000
18494,1.84940000e+04,-200.958333
18495,1.84950000e+04,-200.958333
18496,1.84960000e+04,-199.875000
18497,1.84970000e+04,-199.875000
18498,1.84980000e+04,-198.791667
18499,1.84990000e+04,-198.791667
18500,1.85000000e+04,-197.708333
18501,1.85010000e+04,-197.708333
18502,1.85020000e+04,-196.625000
18503,1.85030000e+04,-196.625000
18504,1.85040000e+04,-195.500000
18505,1.85050000e+04,-195.500000
18506,1.85060000e+04,-194.458333
18507,1.85070000e+04,-194.458333
18508,1.85080000e+04,-193.333333
18509,1.85090000e+04,-193.333333
18510,1.85100000e+04,-192.333333
18511,1.85110000e+04,-192.333333
18512,1.85120000e+04,-191.208333
18513,1.85130000e+04,-191.208333
18514,1.85140000e+04,-190.250000
18515,1.85150000e+04,-190.250000
18516,1.85160000e+04,-189.125000
18517,1.85170000e+04,-189.125000
18518,1.85180000e+04,-188.041667
18519,1.85190000e+04,-188.041667
18520,1.85200000e+04,-186.833333
18521,1.85210000e+04,-186.833333
18522,1.85220000e+04,-185.958333
18523,1.85230000e+04,-185.958333
18524,1.85240000e+04,-184.875000
18525,1.85250000e+04,-184.875000
18526,1.85260000e+04,-183.875000
18527,1.85270000e+04,-183.875000
18528,1.85280000e+04,-182.916667
18529,1.85290000e+04,-182.916667
18530,1.85300000e+04,-181.916667
18531,1.85310000e+04,-181.916667
18532,1.85320000e+04,-180.833333
18533,1.85330000e+04,-180.833333
18534,1.85340000e+04,-179.833333
18535,1.85350000e+04,-179.833333
18536,1.85360000e+04,-178.875000
18537,1.85370000e+04,-178.875000
18538,1.85380000e+04,-177.875000
18539,1.85390000e+04,-177.875000
18540,1.85400000e+04,-176.958333
18541,1.85410000e+04,-176.958333
18542,1.85420000e+04,-175.916667
18543,1.85430000e+04,-175.916667
18544,1.85440000e+04,-175.041667
18545,1.85450000e+04,-175.041667
18546,1.85460000e+04,-173.833333
18547,1.85470000e+04,-173.833333
18548,1.85480000e+04,-172.916667
18549,1.85490000e+04,-172.916667
18550,1.85500000e+04,-171.875000
18551,1.85510000e+04,-171.875000
18552,1.85520000e+04,-170.875000
18553,1.85530000e+04,-170.875000
18554,1.85540000e+04,-169.708333
18555,1.85550000e+04,-169.708333
18556,1.85560000e+04,-168.791667
18557,1.85570000e+04,-168.791667
18558,1.85580000e+04,-167.750000
18559,1.85590000e+04,-167.750000
18560,1.85600000e+04,-166.666667
18561,1.85610000e+04,-166.666667
18562,1.85620000e+04,-165.666667
18563,1.85630000e+04,-165.666667
18564,1.85640000e+04,-164.375000
18565,1.85650000e+04,-164.375000
18566,1.85660000e+04,-163.250000
18567,1.85670000e+04,-163.250000
18568,1.85680000e+04,-162.208333
18569,1.85690000e+04,-162.208333
18570,1.85700000e+04,-161.083333
18571,1.85710000e+04,-161.083333
18572,1.85720000e+04,-159.750000
18573,1.85730000e+04,-159.750000
18574,1.85740000e+04,-158.791667
18575,1.85750000e+04,-158.791667
18576,1.85760000e+04,-157.416667
18577,1.85770000e+04,-157.416667
18578,1.85780000e+04,-156.333333
18579,1.85790000e+04,-156.333333
18580,1.85800000e+04,-154.916667
18581,1.85810000e+04,-154.916667
18582,1.85820000e+04,-153.541667
18583,1.85830000e+04,-153.541667
18584,1.85840000e+04,-152.250000
18585,1.85850000e+04,-152.250000
18586,1.85860000e+04,-150.875000
18587,1.85870000e+04,-150.875000
18588,1.85880000e+04,-149.458333
18589,1.85890000e+04,-149.458333
18590,1.85900000e+04,-148.083333
18591,1.85910000e+04,-148.083333
18592,1.85920000e+04,-146.708333
18593,1.85930000e+04,-146.708333
18594,1.85940000e+04,-145.125000
18595,1.85950000e+04,-145.125000
18596,1.85960000e+04,-143.666667
18597,1.85970000e+04,-143.666667
18598,1.85980000e+04,-142.041667
18599,1.85990000e+04,-142.041667
18600,1.86000000e+04,-140.500000
18601,1.86010000e+04,-140.500000
18602,1.86020000e+04,-138.958333
18603,1.86030000e+04,-138.958333
18604,1.86040000e+04,-137.458333
18605,1.86050000e+04,-137.458333
18606,1.86060000e+04,-135.666667
18607,1.86070000e+04,-135.666667
18608,1.86080000e+04,-134.125000
18609,1.86090000e+04,-134.125000
18610,1.86100000e+04,-132.375000
18611,1.86110000e+04,-132.375000
18612,1.86120000e+04,-130.750000
18613,1.86130000e+04,-130.750000
18614,1.86140000e+04,-128.958333
18615,1.86150000e+04,-128.958333
18616,1.86160000e+04,-127.333333
18617,1.86170000e+04,-127.333333
18618,1.86180000e+04,-125.500000
18619,1.86190000e+04,-125.500000
18620,1.86200000e+04,-123.750000
18621,1.86210000e+04,-123.750000
18622,1.86220000e+04,-121.958333
18623,1.86230000e+04,-121.958333
18624,1.86240000e+04,-120.333333
18625,1.86250000e+04,-120.333333
18626,1.86260000e+04,-118.416667
18627,1.86270000e+04,-118.416667
18628,1.86280000e+04,-116.583333
18629,1.86290000e+04,-116.583333
18630,1.86300000e+04,-114.833333
18631,1.86310000e+04,-114.833333
18632,1.86320000e+04,-113.041667
18633,1.86330000e+04,-113.041667
18634,1.86340000e+04,-111.083333
18635,1.86350000e+04,-111.083333
18636,1.86360000e+04,-109.500000
18637,1.86370000e+04,-109.500000
18638,1.86380000e+04,-107.458333
18639,1.86390000e+04,-107.458333
18640,1.86400000e+04,-105.666667
18641,1.86410000e+04,-105.666667
18642,1.86420000e+04,-103.875000
18643,1.86430000e+04,-103.875000
18644,1.86440000e+04,-102.083333
18645,1.86450000e+04,-102.083333
18646,1.86460000e+04,-100.291667
18647,1.86470000e+04,-100.291667
18648,1.86480000e+04,-98.500000
18649,1.86490000e+04,-98.500000
18650,1.86500000e+04,-96.625000
18651,1.86510000e+04,-96.625000
18652,1.86520000e+04,-94.916667
18653,1.86530000e+04,-94.916667
18654,1.86540000e+04,-93.125000
18655,1.86550000e+04,-93.125000
18656,1.86560000e+04,-91.208333
18657,1.86570000e+04,-91.208333
18658,1.86580000e+04,-89.500000
18659,1.86590000e+04,-89.500000
18660,1.86600000e+04,-87.708333
18661,1.86610000e+04,-87.708333
18662,1.86620000e+04,-85.916667
18663,1.86630000e+04,-85.916667
18664,1.86640000e+04,-84.166667
18665,1.86650000e+04,-84.166667
18666,1.86660000e+04,-82.333333
18667,1.86670000e+04,-82.333333
18668,1.86680000e+04,-80.666667
18669,1.86690000e+04,-80.666667
18670,1.86700000e+04,-78.958333
18671,1.86710000e+04,-78.958333
18672,1.86720000e+04,-77.208333
18673,1.86730000e+04,-77.208333
18674,1.86740000e+04,-75.416667
18675,1.86750000e+04,-75.416667
18676,1.86760000e+04,-73.750000
18677,1.86770000e+04,-73.750000
18678,1.86780000e+04,-72.000000
18679,1.86790000e+04,-72.000000
18680,1.86800000e+04,-70.166667
18681,1.86810000e+04,-70.166667
18682,1.86820000e+04,-68.583333
18683,1.86830000e+04,-68.583333
18684,1.86840000e+04,-66.833333
18685,1.86850000e+04,-66.833333
18686,1.86860000e+04,-65.083333
18687,1.86870000e+04,-65.083333
18688,1.86880000e+04,-63.375000
18689,1.86890000e+04,-63.375000
18690,1.86900000e+04,-61.666667
18691,1.86910000e+04,-61.666667
18692,1.86920000e+04,-59.791667
18693,1.86930000e+04,-59.791667
18694,1.86940000e+04,-57.958333
18695,1.86950000e+04,-57.958333
18696,1.86960000e+04,-56.291667
18697,1.86970000e+04,-56.291667
18698,1.86980000e+04,-54.500000
18699,1.86990000e+04,-54.500000
18700,1.87000000e+04,-52.708333
18701,1.87010000e+04,-52.708333
18702,1.87020000e+04,-51.000000
18703,1.87030000e+04,-51.000000
18704,1.87040000e+04,-49.125000
18705,1.87050000e+04,-49.125000
18706,1.87060000e+04,-47.333333
18707,1.87070000e+04,-47.333333
18708,1.87080000e+04,-45.500000
18709,1.87090000e+04,-45.500000
18710,1.87100000e+04,-43.583333
18711,1.87110000e+04,-43.583333
18712,1.87120000e+04,-41.708333
18713,1.87130000e+04,-41.708333
18714,1.87140000e+04,-39.791667
18715,1.87150000e+04,-39.791667
18716,1.87160000e+04,-37.833333
18717,1.87170000e+04,-37.833333
18718,1.87180000e+04,-35.833333
18719,1.87190000e+04,-35.833333
18720,1.87200000e+04,-33.916667
18721,1.87210000e+04,-33.916667
18722,1.87220000e+04,-32.041667
18723,1.87230000e+04,-32.041667
18724,1.87240000e+04,-29.958333
18725,1.87250000e+04,-29.958333
18726,1.87260000e+04,-27.916667
18727,1.87270000e+04,-27.916667
18728,1.87280000e+04,-26.041667
18729,1.87290000e+04,-26.041667
18730,1.87300000e+04,-23.916667
18731,1.87310000e+04,-23.916667
18732,1.87320000e+04,-21.875000
18733,1.87330000e+04,-21.875000
18734,1.87340000e+04,-19.750000
18735,1.87350000e+04,-19.750000
18736,1.87360000e+04,-17.666667
18737,1.87370000e+04,-17.666667
18738,1.87380000e+04,-15.708333
18739,1.87390000e+04,-15.708333
18740,1.87400000e+04,-13.625000
18741,1.87410000e+04,-13.625000
18742,1.87420000e+04,-11.541667
18743,1.87430000e+04,-11.541667
18744,1.87440000e+04,-9.375000
18745,1.87450000e+04,-9.375000
18746,1.87460000e+04,-7.166667
18747,1.87470000e+04,-7.166667
18748,1.87480000e+04,-5.083333
18749,1.87490000e+04,-5.083333
18750,1.87500000e+04,-2.875000
18751,1.87510000e+04,-2.875000
18752,1.87520000e+04,-0.875000
18753,1.87530000e+04,-0.875000
18754,1.87540000e+04,1.291667
18755,1.87550000e+04,1.291667
18756,1.87560000e+04,3.500000
18757,1.87570000e+04,3.500000
18758,1.87580000e+04,5.500000
18759,1.87590000e+04,5.500000
18760,1.87600000e+04,7.750000
18761,1.87610000e+04,7.750000
18762,1.87620000e+04,9.833333
18763,1.87630000e+04,9.833333
18764,1.87640000e+04,11.958333
18765,1.87650000e+04,11.958333
18766,1.87660000e+04,14.000000
18767,1.87670000e+04,14.000000
18768,1.87680000e+04,16.333333
18769,1.87690000e+04,16.333333
18770,1.87700000e+04,18.416667
18771,1.87710000e+04,18.416667
18772,1.87720000e+04,20.416667
18773,1.87730000e+04,20.416667
18774,1.87740000e+04,22.458333
18775,1.87750000e+04,22.458333
18776,1.87760000e+04,24.708333
18777,1.87770000e+04,24.708333
18778,1.87780000e+04,26.583333
18779,1.87790000e+04,26.583333
18780,1.87800000e+04,28.791667
18781,1.87810000e+04,28.791667
18782,1.87820000e+04,30.708333
18783,1.87830000e+04,30.708333
18784,1.87840000e+04,32.750000
18785,1.87850000e+04,32.750000
18786,1.87860000e+04,34.708333
18787,1.87870000e+04,34.708333
18788,1.87880000e+04,36.625000
18789,1.87890000e+04,36.625000
18790,1.87900000e+04,38.666667
18791,1.87910000e+04,38.666667
18792,1.87920000e+04,40.583333
18793,1.87930000e+04,40.583333
18794,1.87940000e+04,42.583333
18795,1.87950000e+04,42.583333
18796,1.87960000e+04,44.541667
18797,1.87970000e+04,44.541667
18798,1.87980000e+04,46.375000
18799,1.87990000e+04,46.375000
18800,1.88000000e+04,48.208333
18801,1.88010000e+04,48.208333
18802,1.88020000e+04,50.125000
18803,1.88030000e+04,50.125000
18804,1.88040000e+04,51.958333
18805,1.88050000e+04,51.958333
18806,1.88060000e+04,53.708333
18807,1.88070000e+04,53.708333
18808,1.88080000e+04,55.625000
18809,1.88090000e+04,55.625000
18810,1.88100000e+04,57.375000
18811,1.88110000e+04,57.375000
18812,1.88120000e+04,59.125000
18813,1.88130000e+04,59.125000
18814,1.88140000e+04,60.916667
18815,1.88150000e+04,60.916667
18816,1.88160000e+04,62.500000
18817,1.88170000e+04,62.500000
18818,1.88180000e+04,64.416667
18819,1.88190000e+04,64.416667
18820,1.88200000e+04,66.083333
18821,1.88210000e+04,66.083333
18822,1.88220000e+04,67.833333
18823,1.88230000e+04,67.833333
18824,1.88240000e+04,69.500000
18825,1.88250000e+04,69.500000
18826,1.88260000e+04,71.291667
18827,1.88270000e+04,71.291667
18828,1.88280000e+04,72.958333
18829,1.88290000e+04,72.958333
18830,1.88300000e+04,74.666667
18831,1.88310000e+04,74.666667
18832,1.88320000e+04,76.541667
18833,1.88330000e+04,76.541667
18834,1.88340000e+04,78.333333
18835,1.88350000e+04,78.333333
18836,1.88360000e+04,80.083333
18837,1.88370000e+04,80.083333
18838,1.88380000e+04,81.750000
18839,1.88390000e+04,81.750000
18840,1.88400000e+04,83.458333
18841,1.88410000e+04,83.458333
18842,1.88420000e+04,85.208333
18843,1.88430000e+04,85.208333
18844,1.88440000e+04,87.000000
18845,1.88450000e+04,87.000000
18846,1.88460000e+04,88.750000
18847,1.88470000e+04,88.750000
18848,1.88480000e+04,90.666667
18849,1.88490000e+04,90.666667
18850,1.88500000e+04,92.291667
18851,1.88510000e+04,92.291667
18852,1.88520000e+04,93.958333
18853,1.88530000e+04,93.958333
18854,1.88540000e+04,95.875000
18855,1.88550000e+04,95.875000
18856,1.88560000e+04,97.541667
18857,1.88570000e+04,97.541667
18858,1.88580000e+04,99.291667
18859,1.88590000e+04,99.291667
18860,1.88600000e+04,101.125000
18861,1.88610000e+04,101.125000
18862,1.88620000e+04,102.875000
18863,1.88630000e+04,102.875000
18864,1.88640000e+04,104.541667
18865,1.88650000e+04,104.541667
18866,1.88660000e+04,106.500000
18867,1.88670000e+04,106.500000
18868,1.88680000e+04,108.125000
18869,1.88690000e+04,108.125000
18870,1.88700000e+04,110.083333
18871,1.88710000e+04,110.083333
18872,1.88720000e+04,111.791667
18873,1.88730000e+04,111.791667
18874,1.88740000e+04,113.583333
18875,1.88750000e+04,113.583333
18876,1.88760000e+04,115.291667
18877,1.88770000e+04,115.291667
18878,1.88780000e+04,117.083333
18879,1.88790000e+04,117.083333
18880,1.88800000e+04,118.833333
18881,1.88810000e+04,118.833333
18882,1.88820000e+04,120.541667
18883,1.88830000e+04,120.541667
18884,1.88840000e+04,122.458333
18885,1.88850000e+04,122.458333
18886,1.88860000e+04,124.250000
18887,1.88870000e+04,124.250000
18888,1.88880000e+04,125.833333
18889,1.88890000e+04,125.833333
18890,1.88900000e+04,127.625000
18891,1.88910000e+04,127.625000
18892,1.88920000e+04,129.375000
18893,1.88930000e+04,129.375000
18894,1.88940000e+04,131.041667
18895,1.88950000e+04,131.041667
18896,1.88960000e+04,132.791667
18897,1.88970000e+04,132.791667
18898,1.88980000e+04,134.500000
18899,1.88990000e+04,134.500000
18900,1.89000000e+04,136.125000
18901,1.89010000e+04,136.125000
18902,1.89020000e+04,137.666667
18903,1.89030000e+04,137.666667
18904,1.89040000e+04,139.083333
18905,1.89050000e+04,139.083333
18906,1.89060000e+04,140.875000
18907,1.89070000e+04,140.875000
18908,1.89080000e+04,142.458333
18909,1.89090000e+04,142.458333
18910,1.89100000e+04,144.125000
18911,1.89110000e+04,144.125000
18912,1.89120000e+04,145.458333
18913,1.89130000e+04,145.458333
18914,1.89140000e+04,146.791667
18915,1.89150000e+04,146.791667
18916,1.89160000e+04,148.458333
18917,1.89170000e+04,148.458333
18918,1.89180000e+04,149.958333
18919,1.89190000e+04,149.958333
18920,1.89200000e+04,151.416667
18921,1.89210000e+04,151.416667
18922,1.89220000e+04,152.750000
18923,1.89230000e+04,152.750000
18924,1.89240000e+04,154.083333
18925,1.89250000e+04,154.083333
18926,1.89260000e+04,155.333333
18927,1.89270000e+04,155.333333
18928,1.89280000e+04,156.791667
18929,1.89290000e+04,156.791667
18930,1.89300000e+04,157.916667
18931,1.89310000e+04,157.916667
18932,1.89320000e+04,159.416667
18933,1.89330000e+04,159.416667
18934,1.89340000e+04,160.541667
18935,1.89350000e+04,160.541667
18936,1.89360000e+04,161.791667
18937,1.89370000e+04,161.791667
18938,1.89380000e+04,162.875000
18939,1.89390000e+04,162.875000
18940,1.89400000e+04,164.083333
18941,1.89410000e+04,164.083333
18942,1.89420000e+04,165.208333
18943,1.89430000e+04,165.208333
18944,1.89440000e+04,166.291667
18945,1.89450000e+04,166.291667
18946,1.89460000e+04,167.458333
18947,1.89470000e+04,167.458333
18948,1.89480000e+04,168.666667
18949,1.89490000e+04,168.666667
18950,1.89500000e+04,169.541667
18951,1.89510000e+04,169.541667
18952,1.89520000e+04,170.666667
18953,1.89530000e+04,170.666667
18954,1.89540000e+04,171.708333
18955,1.89550000e+04,171.708333
18956,1.89560000e+04,172.750000
18957,1.89570000e+04,172.750000
18958,1.89580000e+04,173.750000
18959,1.89590000e+04,173.750000
18960,1.89600000e+04,174.833333
18961,1.89610000e+04,174.833333
18962,1.89620000e+04,175.875000
18963,1.89630000e+04,175.875000
18964,1.89640000e+04,176.916667
18965,1.89650000e+04,176.916667
18966,1.89660000e+04,177.708333
18967,1.89670000e+04,177.708333
18968,1.89680000e+04,178.750000
18969,1.89690000e+04,178.750000
18970,1.89700000e+04,179.833333
18971,1.89710000e+04,179.833333
18972,1.89720000e+04,180.791667
18973,1.89730000e+04,180.791667
18974,1.89740000e+04,181.625000
18975,1.89750000e+04,181.625000
18976,1.89760000e+04,182.625000
18977,1.89770000e+04,182.625000
18978,1.89780000e+04,183.500000
18979,1.89790000e+04,183.500000
18980,1.89800000e+04,184.666667
18981,1.89810000e+04,184.666667
18982,1.89820000e+04,185.625000
18983,1.89830000e+04,185.625000
18984,1.89840000e+04,186.625000
18985,1.89850000e+04,186.625000
18986,1.89860000e+04,187.750000
18987,1.89870000e+04,187.750000
18988,1.89880000e+04,188.666667
18989,1.89890000e+04,188.666667
18990,1.89900000e+04,189.625000
18991,1.89910000e+04,189.625000
18992,1.89920000e+04,190.625000
18993,1.89930000e+04,190.625000
18994,1.89940000e+04,191.583333
18995,1.89950000e+04,191.583333
18996,1.89960000e+04,192.583333
18997,1.89970000e+04,192.583333
18998,1.89980000e+04,193.708333
18999,1.89990000e+04,193.708333
19000,1.90000000e+04,194.791667
19001,1.90010000e+04,194.791667
19002,1.90020000e+04,195.833333
19003,1.90030000e+04,195.833333
19004,1.90040000e+04,196.833333
19005,1.90050000e+04,196.833333
19006,1.90060000e+04,197.833333
19007,1.90070000e+04,197.833333
19008,1.90080000e+04,198.916667
19009,1.90090000e+04,198.916667
19010,1.90100000e+04,200.000000
19011,1.90110000e+04,200.000000
19012,1.90120000e+04,201.041667
19013,1.90130000e+04,201.041667
19014,1.90140000e+04,202.041667
19015,1.90150000e+04,202.041667
19016,1.90160000e+04,203.250000
19017,1.90170000e+04,203.250000
19018,1.90180000e+04,204.333333
19019,1.90190000e+04,204.333333
19020,1.90200000e+04,205.375000
19021,1.90210000e+04,205.375000
19022,1.90220000e+04,206.333333
19023,1.90230000e+04,206.333333
19024,1.90240000e+04,207.416667
19025,1.90250000e+04,207.416667
19026,1.90260000e+04,208.458333
19027,1.90270000e+04,208.458333
19028,1.90280000e+04,209.458333
19029,1.90290000e+04,209.458333
19030,1.90300000e+04,210.583333
19031,1.90310000e+04,210.583333
19032,1.90320000e+04,211.666667
19033,1.90330000e+04,211.666667
19034,1.90340000e+04,212.458333
19035,1.90350000e+04,212.458333
19036,1.90360000e+04,213.583333
19037,1.90370000e+04,213.583333
19038,1.90380000e+04,214.541667
19039,1.90390000e+04,214.541667
19040,1.90400000e+04,215.458333
19041,1.90410000e+04,215.458333
19042,1.90420000e+04,216.416667
19043,1.90430000e+04,216.416667
19044,1.90440000e+04,217.375000
19045,1.90450000e+04,217.375000
19046,1.90460000e+04,218.250000
19047,1.90470000e+04,218.250000
19048,1.90480000e+04,219.208333
19049,1.90490000e+04,219.208333
19050,1.90500000e+04,220.041667
19051,1.90510000e+04,220.041667
19052,1.90520000e+04,220.833333
19053,1.90530000e+04,220.833333
19054,1.90540000e+04,221.583333
19055,1.90550000e+04,221.583333
19056,1.90560000e+04,222.375000
19057,1.90570000e+04,222.375000
19058,1.90580000e+04,223.208333
19059,1.90590000e+04,223.208333
19060,1.90600000e+04,223.833333
19061,1.90610000e+04,223.833333
19062,1.90620000e+04,224.625000
19063,1.90630000e+04,224.625000
19064,1.90640000e+04,225.125000
19065,1.90650000e+04,225.125000
19066,1.90660000e+04,225.750000
19067,1.90670000e+04,225.750000
19068,1.90680000e+04,226.333333
19069,1.90690000e+04,226.333333
19070,1.90700000e+04,226.916667
19071,1.90710000e+04,226.916667
19072,1.90720000e+04,227.583333
19073,1.90730000e+04,227.583333
19074,1.90740000e+04,228.041667
19075,1.90750000e+04,228.041667
19076,1.90760000e+04,228.500000
19077,1.90770000e+04,228.500000
19078,1.90780000e+04,229.000000
19079,1.90790000e+04,229.000000
19080,1.90800000e+04,229.458333
19081,1.90810000e+04,229.458333
19082,1.90820000e+04,229.916667
19083,1.90830000e+04,229.916667
19084,1.90840000e+04,230.333333
19085,1.90850000e+04,230.333333
19086,1.90860000e+04,230.708333
19087,1.90870000e+04,230.708333
19088,1.90880000e+04,230.958333
19089,1.90890000e+04,230.958333
19090,1.90900000e+04,231.333333
19091,1.90910000e+04,231.333333
19092,1.90920000e+04,231.666667
19093,1.90930000e+04,231.666667
19094,1.90940000e+04,231.916667
19095,1.90950000e+04,231.916667
19096,1.90960000e+04,232.041667
19097,1.90970000e+04,232.041667
19098,1.90980000e+04,232.291667
19099,1.90990000e+04,232.291667
19100,1.91000000e+04,232.500000
19101,1.91010000e+04,232.500000
19102,1.91020000e+04,232.750000
19103,1.91030000e+04,232.750000
19104,1.91040000e+04,232.833333
19105,1.91050000e+04,232.833333
19106,1.91060000e+04,232.958333
19107,1.91070000e+04,232.958333
19108,1.91080000e+04,233.000000
19109,1.91090000e+04,233.000000
19110,1.91100000e+04,233.291667
19111,1.91110000e+04,233.291667
19112,1.91120000e+04,233.416667
19113,1.91130000e+04,233.416667
19114,1.91140000e+04,233.458333
19115,1.91150000e+04,233.458333
19116,1.91160000e+04,233.458333
19117,1.91170000e+04,233.458333
19118,1.91180000e+04,233.500000
19119,1.91190000e+04,233.500000
19120,1.91200000e+04,233.416667
19121,1.91210000e+04,233.416667
19122,1.91220000e+04,233.625000
19123,1.91230000e+04,233.625000
19124,1.91240000e+04,233.458333
19125,1.91250000e+04,233.458333
19126,1.91260000e+04,233.500000
19127,1.91270000e+04,233.500000
19128,1.91280000e+04,233.458333
19129,1.91290000e+04,233.458333
19130,1.91300000e+04,233.500000
19131,1.91310000e+04,233.500000
19132,1.91320000e+04,233.500000
19133,1.91330000e+04,233.500000
19134,1.91340000e+04,233.375000
19135,1.91350000e+04,233.375000
19136,1.91360000e+04,233.166667
19137,1.91370000e+04,233.166667
19138,1.91380000e+04,233.250000
19139,1.91390000e+04,233.250000
19140,1.91400000e+04,233.208333
19141,1.91410000e+04,233.208333
19142,1.91420000e+04,232.916667
19143,1.91430000e+04,232.916667
19144,1.91440000e+04,232.916667
19145,1.91450000e+04,232.916667
19146,1.91460000e+04,232.708333
19147,1.91470000e+04,232.708333
19148,1.91480000e+04,232.666667
19149,1.91490000e+04,232.666667
19150,1.91500000e+04,232.291667
19151,1.91510000e+04,232.291667
19152,1.91520000e+04,232.333333
19153,1.91530000e+04,232.333333
19154,1.91540000e+04,232.083333
19155,1.91550000e+04,232.083333
19156,1.91560000e+04,231.875000
19157,1.91570000e+04,231.875000
19158,1.91580000e+04,231.708333
19159,1.91590000e+04,231.708333
19160,1.91600000e+04,231.458333
19161,1.91610000e+04,231.458333
19162,1.91620000e+04,231.208333
19163,1.91630000e+04,231.208333
19164,1.91640000e+04,230.833333
19165,1.91650000e+04,230.833333
19166,1.91660000e+04,230.500000
19167,1.91670000e+04,230.500000
19168,1.91680000e+04,230.250000
19169,1.91690000e+04,230.250000
19170,1.91700000e+04,229.875000
19171,1.91710000e+04,229.875000
19172,1.91720000e+04,229.708333
19173,1.91730000e+04,229.708333
19174,1.91740000e+04,229.166667
19175,1.91750000e+04,229.166667
19176,1.91760000e+04,228.833333
19177,1.91770000e+04,228.833333
19178,1.91780000e+04,228.333333
19179,1.91790000e+04,228.333333
19180,1.91800000e+04,227.958333
19181,1.91810000e+04,227.958333
19182,1.91820000e+04,227.333333
19183,1.91830000e+04,227.333333
19184,1.91840000e+04,226.791667
19185,1.91850000e+04,226.791667
19186,1.91860000e+04,226.166667
19187,1.91870000e+04,226.166667
19188,1.91880000e+04,225.791667
19189,1.91890000e+04,225.791667
19190,1.91900000e+04,225.291667
19191,1.91910000e+04,225.291667
19192,1.91920000e+04,224.625000
19193,1.91930000e+04,224.625000
19194,1.91940000e+04,223.833333
19195,1.91950000e+04,223.833333
19196,1.91960000e+04,223.208333
19197,1.91970000e+04,223.208333
19198,1.91980000e+04,222.583333
19199,1.91990000e+04,222.583333
19200,1.92000000e+04,221.750000
19201,1.92010000e+04,221.750000
19202,1.92020000e+04,220.916667
19203,1.92030000e+04,220.916667
19204,1.92040000e+04,220.416667
19205,1.92050000e+04,220.416667
19206,1.92060000e+04,219.458333
19207,1.92070000e+04,219.458333
19208,1.92080000e+04,218.583333
19209,1.92090000e+04,218.583333
19210,1.92100000e+04,217.708333
19211,1.92110000e+04,217.708333
19212,1.92120000e+04,217.000000
19213,1.92130000e+04,217.000000
19214,1.92140000e+04,215.958333
19215,1.92150000e+04,215.958333
19216,1.92160000e+04,214.958333
19217,1.92170000e+04,214.958333
19218,1.92180000e+04,214.166667
19219,1.92190000e+04,214.166667
19220,1.92200000e+04,213.208333
19221,1.92210000e+04,213.208333
19222,1.92220000e+04,212.166667
19223,1.92230000e+04,212.166667
19224,1.92240000e+04,211.083333
19225,1.92250000e+04,211.083333
19226,1.92260000e+04,210.000000
19227,1.92270000e+04,210.000000
19228,1.92280000e+04,209.041667
19229,1.92290000e+04,209.041667
19230,1.92300000e+04,208.000000
19231,1.92310000e+04,208.000000
19232,1.92320000e+04,207.041667
19233,1.92330000e+04,207.041667
19234,1.92340000e+04,205.833333
19235,1.92350000e+04,205.833333
19236,1.92360000e+04,204.625000
19237,1.92370000e+04,204.625000
19238,1.92380000e+04,203.750000
19239,1.92390000e+04,203.750000
19240,1.92400000e+04,202.541667
19241,1.92410000e+04,202.541667
19242,1.92420000e+04,201.500000
19243,1.92430000e+04,201.500000
19244,1.92440000e+04,200.500000
19245,1.92450000e+04,200.500000
19246,1.92460000e+04,199.250000
19247,1.92470000e+04,199.250000
19248,1.92480000e+04,198.291667
19249,1.92490000e+04,198.291667
19250,1.92500000e+04,197.125000
19251,1.92510000e+04,197.125000
19252,1.92520000e+04,196.041667
19253,1.92530000e+04,196.041667
19254,1.92540000e+04,194.833333
19255,1.92550000e+04,194.833333
19256,1.92560000e+04,193.833333
19257,1.92570000e+04,193.833333
19258,1.92580000e+04,192.750000
19259,1.92590000e+04,192.750000
19260,1.92600000e+04,191.708333
19261,1.92610000e+04,191.708333
19262,1.92620000e+04,190.625000
19263,1.92630000e+04,190.625000
19264,1.92640000e+04,189.625000
19265,1.92650000e+04,189.625000
19266,1.92660000e+04,188.583333
19267,1.92670000e+04,188.583333
19268,1.92680000e+04,187.541667
19269,1.92690000e+04,187.541667
19270,1.92700000e+04,186.375000
19271,1.92710000e+04,186.375000
19272,1.92720000e+04,185.541667
19273,1.92730000e+04,185.541667
19274,1.92740000e+04,184.500000
19275,1.92750000e+04,184.500000
19276,1.92760000e+04,183.375000
19277,1.92770000e+04,183.375000
19278,1.92780000e+04,182.416667
19279,1.92790000e+04,182.416667
19280,1.92800000e+04,181.458333
19281,1.92810000e+04,181.458333
19282,1.92820000e+04,180.416667
19283,1.92830000e+04,180.416667
19284,1.92840000e+04,179.375000
19285,1.92850000e+04,179.375000
19286,1.92860000e+04,178.291667
19287,1.92870000e+04,178.291667
19288,1.92880000e+04,177.375000
19289,1.92890000e+04,177.375000
19290,1.92900000e+04,176.416667
19291,1.92910000e+04,176.416667
19292,1.92920000e+04,175.416667
19293,1.92930000e+04,175.416667
19294,1.92940000e+04,174.416667
19295,1.92950000e+04,174.416667
19296,1.92960000e+04,173.375000
19297,1.92970000e+04,173.375000
19298,1.92980000e+04,172.375000
19299,1.92990000e+04,172.375000
19300,1.93000000e+04,171.458333
19301,1.93010000e+04,171.458333
19302,1.93020000e+04,170.333333
19303,1.93030000e+04,170.333333
19304,1.93040000e+04,169.375000
19305,1.93050000e+04,169.375000
19306,1.93060000e+04,168.250000
19307,1.93070000e+04,168.250000
19308,1.93080000e+04,167.125000
19309,1.93090000e+04,167.125000
19310,1.93100000e+04,166.125000
19311,1.93110000e+04,166.125000
19312,1.93120000e+04,165.041667
19313,1.93130000e+04,165.041667
19314,1.93140000e+04,163.833333
19315,1.93150000e+04,163.833333
19316,1.93160000e+04,162.708333
19317,1.93170000e+04,162.708333
19318,1.93180000e+04,161.500000
19319,1.93190000e+04,161.500000
19320,1.93200000e+04,160.416667
19321,1.93210000e+04,160.416667
19322,1.93220000e+04,159.166667
19323,1.93230000e+04,159.166667
19324,1.93240000e+04,157.958333
19325,1.93250000e+04,157.958333
19326,1.93260000e+04,156.791667
19327,1.93270000e+04,156.791667
19328,1.93280000e+04,155.375000
19329,1.93290000e+04,155.375000
19330,1.93300000e+04,154.250000
19331,1.93310000e+04,154.250000
19332,1.93320000e+04,153.000000
19333,1.93330000e+04,153.000000
19334,1.93340000e+04,151.458333
19335,1.93350000e+04,151.458333
19336,1.93360000e+04,150.083333
19337,1.93370000e+04,150.083333
19338,1.93380000e+04,148.583333
19339,1.93390000e+04,148.583333
19340,1.93400000e+04,147.250000
19341,1.93410000e+04,147.250000
19342,1.93420000e+04,145.791667
19343,1.93430000e+04,145.791667
19344,1.93440000e+04,144.166667
19345,1.93450000e+04,144.166667
19346,1.93460000e+04,142.666667
19347,1.93470000e+04,142.666667
19348,1.93480000e+04,141.166667
19349,1.93490000e+04,141.166667
19350,1.93500000e+04,139.541667
19351,1.93510000e+04,139.541667
19352,1.93520000e+04,138.041667
19353,1.93530000e+04,138.041667
19354,1.93540000e+04,136.375000
19355,1.93550000e+04,136.375000
19356,1.93560000e+04,134.750000
19357,1.93570000e+04,134.750000
19358,1.93580000e+04,133.083333
19359,1.93590000e+04,133.083333
19360,1.93600000e+04,131.291667
19361,1.93610000e+04,131.291667
19362,1.93620000e+04,129.583333
19363,1.93630000e+04,129.583333
19364,1.93640000e+04,127.875000
19365,1.93650000e+04,127.875000
19366,1.93660000e+04,126.166667
19367,1.93670000e+04,126.166667
19368,1.93680000e+04,124.541667
19369,1.93690000e+04,124.541667
19370,1.93700000e+04,122.583333
19371,1.93710000e+04,122.583333
19372,1.93720000e+04,120.875000
19373,1.93730000e+04,120.875000
19374,1.93740000e+04,119.000000
19375,1.93750000e+04,119.000000
19376,1.93760000e+04,117.250000
19377,1.93770000e+04,117.250000
19378,1.93780000e+04,115.458333
19379,1.93790000e+04,115.458333
19380,1.93800000e+04,113.500000
19381,1.93810000e+04,113.500000
19382,1.93820000e+04,111.916667
19383,1.93830000e+04,111.916667
19384,1.93840000e+04,109.958333
19385,1.93850000e+04,109.958333
19386,1.93860000e+04,108.250000
19387,1.93870000e+04,108.250000
19388,1.93880000e+04,106.333333
19389,1.93890000e+04,106.333333
19390,1.93900000e+04,104.666667
19391,1.93910000e+04,104.666667
19392,1.93920000e+04,102.583333
19393,1.93930000e+04,102.583333
19394,1.93940000e+04,100.958333
19395,1.93950000e+04,100.958333
19396,1.93960000e+04,99.125000
19397,1.93970000e+04,99.125000
19398,1.93980000e+04,97.291667
19399,1.93990000e+04,97.291667
19400,1.94000000e+04,95.416667
19401,1.94010000e+04,95.416667
19402,1.94020000e+04,93.625000
19403,1.94030000e+04,93.625000
19404,1.94040000e+04,91.875000
19405,1.94050000e+04,91.875000
19406,1.94060000e+04,90.041667
19407,1.94070000e+04,90.041667
19408,1.94080000e+04,88.375000
19409,1.94090000e+04,88.375000
19410,1.94100000e+04,86.625000
19411,1.94110000e+04,86.625000
19412,1.94120000e+04,84.833333
19413,1.94130000e+04,84.833333
19414,1.94140000e+04,83.083333
19415,1.94150000e+04,83.083333
19416,1.94160000e+04,81.291667
19417,1.94170000e+04,81.291667
19418,1.94180000e+04,79.541667
19419,1.94190000e+04,79.541667
19420,1.94200000e+04,77.791667
19421,1.94210000e+04,77.791667
19422,1.94220000e+04,76.125000
19423,1.94230000e+04,76.125000
19424,1.94240000e+04,74.250000
19425,1.94250000e+04,74.250000
19426,1.94260000e+04,72.625000
19427,1.94270000e+04,72.625000
19428,1.94280000e+04,70.958333
19429,1.94290000e+04,70.958333
19430,1.94300000e+04,69.000000
19431,1.94310000e+04,69.000000
19432,1.94320000e+04,67.250000
19433,1.94330000e+04,67.250000
19434,1.94340000e+04,65.541667
19435,1.94350000e+04,65.541667
19436,1.94360000e+04,63.875000
19437,1.94370000e+04,63.875000
19438,1.94380000e+04,62.083333
19439,1.94390000e+04,62.083333
19440,1.94400000e+04,60.458333
19441,1.94410000e+04,60.458333
19442,1.94420000e+04,58.625000
19443,1.94430000e+04,58.625000
19444,1.94440000e+04,56.916667
19445,1.94450000e+04,56.916667
19446,1.94460000e+04,55.125000
19447,1.94470000e+04,55.125000
19448,1.94480000e+04,53.208333
19449,1.94490000e+04,53.208333
19450,1.94500000e+04,51.708333
19451,1.94510000e+04,51.708333
19452,1.94520000e+04,49.708333
19453,1.94530000e+04,49.708333
19454,1.94540000e+04,47.875000
19455,1.94550000e+04,47.875000
19456,1.94560000e+04,46.083333
19457,1.94570000e+04,46.083333
19458,1.94580000e+04,44.166667
19459,1.94590000e+04,44.166667
19460,1.94600000e+04,42.250000
19461,1.94610000e+04,42.250000
19462,1.94620000e+04,40.500000
19463,1.94630000e+04,40.500000
19464,1.94640000e+04,38.500000
19465,1.94650000e+04,38.500000
19466,1.94660000e+04,36.583333
19467,1.94670000e+04,36.583333
19468,1.94680000e+04,34.541667
19469,1.94690000e+04,34.541667
19470,1.94700000e+04,32.625000
19471,1.94710000e+04,32.625000
19472,1.94720000e+04,30.666667
19473,1.94730000e+04,30.666667
19474,1.94740000e+04,28.541667
19475,1.94750000e+04,28.541667
19476,1.94760000e+04,26.541667
19477,1.94770000e+04,26.541667
19478,1.94780000e+04,24.583333
19479,1.94790000e+04,24.583333
19480,1.94800000e+04,22.416667
19481,1.94810000e+04,22.416667
19482,1.94820000e+04,20.458333
19483,1.94830000e+04,20.458333
19484,1.94840000e+04,18.458333
19485,1.94850000e+04,18.458333
19486,1.94860000e+04,16.208333
19487,1.94870000e+04,16.208333
19488,1.94880000e+04,14.166667
19489,1.94890000e+04,14.166667
19490,1.94900000e+04,12.083333
19491,1.94910000e+04,12.083333
19492,1.94920000e+04,9.916667
19493,1.94930000e+04,9.916667
19494,1.94940000e+04,7.875000
19495,1.94950000e+04,7.875000
19496,1.94960000e+04,5.625000
19497,1.94970000e+04,5.625000
19498,1.94980000e+04,3.541667
19499,1.94990000e+04,3.541667
19500,1.95000000e+04,1.458333
19501,1.95010000e+04,1.458333
19502,1.95020000e+04,-0.583333
19503,1.95030000e+04,-0.583333
19504,1.95040000e+04,-2.875000
19505,1.95050000e+04,-2.875000
19506,1.95060000e+04,-4.958333
19507,1.95070000e+04,-4.958333
19508,1.95080000e+04,-7.208333
19509,1.95090000e+04,-7.208333
19510,1.95100000e+04,-9.208333
19511,1.95110000e+04,-9.208333
19512,1.95120000e+04,-11.500000
19513,1.95130000e+04,-11.500000
19514,1.95140000e+04,-13.458333
19515,1.95150000e+04,-13.458333
19516,1.95160000e+04,-15.583333
19517,1.95170000e+04,-15.583333
19518,1.95180000e+04,-17.750000
19519,1.95190000e+04,-17.750000
19520,1.95200000e+04,-19.916667
19521,1.95210000e+04,-19.916667
19522,1.95220000e+04,-22.000000
19523,1.95230000e+04,-22.000000
19524,1.95240000e+04,-23.916667
19525,1.95250000e+04,-23.916667
19526,1.95260000e+04,-26.083333
19527,1.95270000e+04,-26.083333
19528,1.95280000e+04,-28.208333
19529,1.95290000e+04,-28.208333
19530,1.95300000e+04,-30.083333
19531,1.95310000e+04,-30.083333
19532,1.95320000e+04,-32.125000
19533,1.95330000e+04,-32.125000
19534,1.95340000e+04,-34.125000
19535,1.95350000e+04,-34.125000
19536,1.95360000e+04,-36.125000
19537,1.95370000e+04,-36.125000
19538,1.95380000e+04,-38.083333
19539,1.95390000e+04,-38.083333
19540,1.95400000e+04,-40.041667
19541,1.95410000e+04,-40.041667
19542,1.95420000e+04,-42.083333
19543,1.95430000e+04,-42.083333
19544,1.95440000e+04,-43.833333
19545,1.95450000e+04,-43.833333
19546,1.95460000e+04,-45.708333
19547,1.95470000e+04,-45.708333
19548,1.95480000e+04,-47.791667
19549,1.95490000e+04,-47.791667
19550,1.95500000e+04,-49.583333
19551,1.95510000e+04,-49.583333
19552,1.95520000e+04,-51.458333
19553,1.95530000e+04,-51.458333
19554,1.95540000e+04,-53.166667
19555,1.95550000e+04,-53.166667
19556,1.95560000e+04,-55.125000
19557,1.95570000e+04,-55.125000
19558,1.95580000e+04,-56.791667
19559,1.95590000e+04,-56.791667
19560,1.95600000e+04,-58.583333
19561,1.95610000e+04,-58.583333
19562,1.95620000e+04,-60.375000
19563,1.95630000e+04,-60.375000
19564,1.95640000e+04,-62.166667
19565,1.95650000e+04,-62.166667
19566,1.95660000e+04,-63.791667
19567,1.95670000e+04,-63.791667
19568,1.95680000e+04,-65.541667
19569,1.95690000e+04,-65.541667
19570,1.95700000e+04,-67.333333
19571,1.95710000e+04,-67.333333
19572,1.95720000e+04,-69.083333
19573,1.95730000e+04,-69.083333
19574,1.95740000e+04,-70.791667
19575,1.95750000e+04,-70.791667
19576,1.95760000e+04,-72.583333
19577,1.95770000e+04,-72.583333
19578,1.95780000e+04,-74.333333
19579,1.95790000e+04,-74.333333
19580,1.95800000e+04,-76.083333
19581,1.95810000e+04,-76.083333
19582,1.95820000e+04,-77.875000
19583,1.95830000e+04,-77.875000
19584,1.95840000e+04,-79.541667
19585,1.95850000e+04,-79.541667
19586,1.95860000e+04,-81.250000
19587,1.95870000e+04,-81.250000
19588,1.95880000e+04,-83.041667
19589,1.95890000e+04,-83.041667
19590,1.95900000e+04,-84.666667
19591,1.95910000e+04,-84.666667
19592,1.95920000e+04,-86.458333
19593,1.95930000e+04,-86.458333
19594,1.95940000e+04,-88.250000
19595,1.95950000e+04,-88.250000
19596,1.95960000e+04,-90.000000
19597,1.95970000e+04,-90.000000
19598,1.95980000e+04,-91.791667
19599,1.95990000e+04,-91.791667
19600,1.96000000e+04,-93.500000
19601,1.96010000e+04,-93.500000
19602,1.96020000e+04,-95.208333
19603,1.96030000e+04,-95.208333
19604,1.96040000e+04,-97.041667
19605,1.96050000e+04,-97.041667
19606,1.96060000e+04,-98.916667
19607,1.96070000e+04,-98.916667
19608,1.96080000e+04,-100.583333
19609,1.96090000e+04,-100.583333
19610,1.96100000e+04,-102.541667
19611,1.96110000e+04,-102.541667
19612,1.96120000e+04,-104.083333
19613,1.96130000e+04,-104.083333
19614,1.96140000e+04,-105.958333
19615,1.96150000e+04,-105.958333
19616,1.96160000e+04,-107.708333
19617,1.96170000e+04,-107.708333
19618,1.96180000e+04,-109.500000
19619,1.96190000e+04,-109.500000
19620,1.96200000e+04,-111.208333
19621,1.96210000e+04,-111.208333
19622,1.96220000e+04,-113.041667
19623,1.96230000e+04,-113.041667
19624,1.96240000e+04,-114.916667
19625,1.96250000e+04,-114.916667
19626,1.96260000e+04,-116.625000
19627,1.96270000e+04,-116.625000
19628,1.96280000e+04,-118.416667
19629,1.96290000e+04,-118.416667
19630,1.96300000e+04,-120.291667
19631,1.96310000e+04,-120.291667
19632,1.96320000e+04,-122.000000
19633,1.96330000e+04,-122.000000
19634,1.96340000e+04,-123.750000
19635,1.96350000e+04,-123.750000
19636,1.96360000e+04,-125.500000
19637,1.96370000e+04,-125.500000
19638,1.96380000e+04,-127.333333
19639,1.96390000e+04,-127.333333
19640,1.96400000e+04,-129.041667
19641,1.96410000e+04,-129.041667
19642,1.96420000e+04,-130.750000
19643,1.96430000e+04,-130.750000
19644,1.96440000e+04,-132.375000
19645,1.96450000e+04,-132.375000
19646,1.96460000e+04,-134.125000
19647,1.96470000e+04,-134.125000
19648,1.96480000e+04,-135.791667
19649,1.96490000e+04,-135.791667
19650,1.96500000e+04,-137.333333
19651,1.96510000e+04,-137.333333
19652,1.96520000e+04,-139.000000
19653,1.96530000e+04,-139.000000
19654,1.96540000e+04,-140.541667
19655,1.96550000e+04,-140.541667
19656,1.96560000e+04,-142.083333
19657,1.96570000e+04,-142.083333
19658,1.96580000e+04,-143.500000
19659,1.96590000e+04,-143.500000
19660,1.96600000e+04,-145.125000
19661,1.96610000e+04,-145.125000
19662,1.96620000e+04,-146.583333
19663,1.96630000e+04,-146.583333
19664,1.96640000e+04,-148.125000
19665,1.96650000e+04,-148.125000
19666,1.96660000e+04,-149.583333
19667,1.96670000e+04,-149.583333
19668,1.96680000e+04,-151.083333
19669,1.96690000e+04,-151.083333
19670,1.96700000e+04,-152.500000
19671,1.96710000e+04,-152.500000
19672,1.96720000e+04,-153.708333
19673,1.96730000e+04,-153.708333
19674,1.96740000e+04,-155.000000
19675,1.96750000e+04,-155.000000
19676,1.96760000e+04,-156.583333
19677,1.96770000e+04,-156.583333
19678,1.96780000e+04,-157.708333
19679,1.96790000e+04,-157.708333
19680,1.96800000e+04,-158.958333
19681,1.96810000e+04,-158.958333
19682,1.96820000e+04,-160.291667
19683,1.96830000e+04,-160.291667
19684,1.96840000e+04,-161.416667
19685,1.96850000e+04,-161.416667
19686,1.96860000e+04,-162.583333
19687,1.96870000e+04,-162.583333
19688,1.96880000e+04,-163.875000
19689,1.96890000e+04,-163.875000
19690,1.96900000e+04,-165.083333
19691,1.96910000e+04,-165.083333
19692,1.96920000e+04,-166.166667
19693,1.96930000e+04,-166.166667
19694,1.96940000e+04,-167.125000
19695,1.96950000e+04,-167.125000
19696,1.96960000e+04,-168.291667
19697,1.96970000e+04,-168.291667
19698,1.96980000e+04,-169.500000
19699,1.96990000e+04,-169.500000
19700,1.97000000e+04,-170.458333
19701,1.97010000e+04,-170.458333
19702,1.97020000e+04,-171.500000
19703,1.97030000e+04,-171.500000
19704,1.97040000e+04,-172.541667
19705,1.97050000e+04,-172.541667
19706,1.97060000e+04,-173.625000
19707,1.97070000e+04,-173.625000
19708,1.97080000e+04,-174.500000
19709,1.97090000e+04,-174.500000
19710,1.97100000e+04,-175.541667
19711,1.97110000e+04,-175.541667
19712,1.97120000e+04,-176.625000
19713,1.97130000e+04,-176.625000
19714,1.97140000e+04,-177.583333
19715,1.97150000e+04,-177.583333
19716,1.97160000e+04,-178.583333
19717,1.97170000e+04,-178.583333
19718,1.97180000e+04,-179.500000
19719,1.97190000e+04,-179.500000
19720,1.97200000e+04,-180.625000
19721,1.97210000e+04,-180.625000
19722,1.97220000e+04,-181.625000
19723,1.97230000e+04,-181.625000
19724,1.97240000e+04,-182.458333
19725,1.97250000e+04,-182.458333
19726,1.97260000e+04,-183.500000
19727,1.97270000e+04,-183.500000
19728,1.97280000e+04,-184.416667
19729,1.97290000e+04,-184.416667
19730,1.97300000e+04,-185.541667
19731,1.97310000e+04,-185.541667
19732,1.97320000e+04,-186.375000
19733,1.97330000e+04,-186.375000
19734,1.97340000e+04,-187.375000
19735,1.97350000e+04,-187.375000
19736,1.97360000e+04,-188.333333
19737,1.97370000e+04,-188.333333
19738,1.97380000e+04,-189.500000
19739,1.97390000e+04,-189.500000
19740,1.97400000e+04,-190.541667
19741,1.97410000e+04,-190.541667
19742,1.97420000e+04,-191.500000
19743,1.97430000e+04,-191.500000
19744,1.97440000e+04,-192.500000
19745,1.97450000e+04,-192.500000
19746,1.97460000e+04,-193.541667
19747,1.97470000e+04,-193.541667
19748,1.97480000e+04,-194.541667
19749,1.97490000e+04,-194.541667
19750,1.97500000e+04,-195.458333
19751,1.97510000e+04,-195.458333
19752,1.97520000e+04,-196.583333
19753,1.97530000e+04,-196.583333
19754,1.97540000e+04,-197.666667
19755,1.97550000e+04,-197.666667
19756,1.97560000e+04,-198.708333
19757,1.97570000e+04,-198.708333
19758,1.97580000e+04,-199.791667
19759,1.97590000e+04,-199.791667
19760,1.97600000e+04,-200.875000
19761,1.97610000e+04,-200.875000
19762,1.97620000e+04,-201.791667
19763,1.97630000e+04,-201.791667
19764,1.97640000e+04,-203.000000
19765,1.97650000e+04,-203.000000
19766,1.97660000e+04,-204.000000
19767,1.97670000e+04,-204.000000
19768,1.97680000e+04,-205.083333
19769,1.97690000e+04,-205.083333
19770,1.97700000e+04,-206.125000
19771,1.97710000e+04,-206.125000
19772,1.97720000e+04,-207.166667
19773,1.97730000e+04,-207.166667
19774,1.97740000e+04,-208.375000
19775,1.97750000e+04,-208.375000
19776,1.97760000e+04,-209.375000
19777,1.97770000e+04,-209.375000
19778,1.97780000e+04,-210.333333
19779,1.97790000e+04,-210.333333
19780,1.97800000e+04,-211.375000
19781,1.97810000e+04,-211.375000
19782,1.97820000e+04,-212.375000
19783,1.97830000e+04,-212.375000
19784,1.97840000e+04,-213.375000
19785,1.97850000e+04,-213.375000
19786,1.97860000e+04,-214.416667
19787,1.97870000e+04,-214.416667
19788,1.97880000e+04,-215.291667
19789,1.97890000e+04,-215.291667
19790,1.97900000e+04,-216.333333
19791,1.97910000e+04,-216.333333
19792,1.97920000e+04,-217.291667
19793,1.97930000e+04,-217.291667
19794,1.97940000e+04,-218.208333
19795,1.97950000e+04,-218.208333
19796,1.97960000e+04,-219.000000
19797,1.97970000e+04,-219.000000
19798,1.97980000e+04,-219.833333
19799,1.97990000e+04,-219.833333
19800,1.98000000e+04,-220.541667
19801,1.98010000e+04,-220.541667
19802,1.98020000e+04,-221.375000
19803,1.98030000e+04,-221.375000
19804,1.98040000e+04,-222.250000
19805,1.98050000e+04,-222.250000
19806,1.98060000e+04,-223.000000
19807,1.98070000e+04,-223.000000
19808,1.98080000e+04,-223.708333
19809,1.98090000e+04,-223.708333
19810,1.98100000e+04,-224.500000
19811,1.98110000e+04,-224.500000
19812,1.98120000e+04,-225.125000
19813,1.98130000e+04,-225.125000
19814,1.98140000e+04,-225.833333
19815,1.98150000e+04,-225.833333
19816,1.98160000e+04,-226.291667
19817,1.98170000e+04,-226.291667
19818,1.98180000e+04,-227.041667
19819,1.98190000e+04,-227.041667
19820,1.98200000e+04,-227.541667
19821,1.98210000e+04,-227.541667
19822,1.98220000e+04,-228.041667
19823,1.98230000e+04,-228.041667
19824,1.98240000e+04,-228.500000
19825,1.98250000e+04,-228.500000
19826,1.98260000e+04,-228.958333
19827,1.98270000e+04,-228.958333
19828,1.98280000e+04,-229.500000
19829,1.98290000e+04,-229.500000
19830,1.98300000e+04,-229.875000
19831,1.98310000e+04,-229.875000
19832,1.98320000e+04,-230.250000
19833,1.98330000e+04,-230.250000
19834,1.98340000e+04,-230.625000
19835,1.98350000e+04,-230.625000
19836,1.98360000e+04,-231.000000
19837,1.98370000e+04,-231.000000
19838,1.98380000e+04,-231.208333
19839,1.98390000e+04,-231.208333
19840,1.98400000e+04,-231.541667
19841,1.98410000e+04,-231.541667
19842,1.98420000e+04,-231.791667
19843,1.98430000e+04,-231.791667
19844,1.98440000e+04,-232.041667
19845,1.98450000e+04,-232.041667
19846,1.98460000e+04,-232.416667
19847,1.98470000e+04,-232.416667
19848,1.98480000e+04,-232.583333
19849,1.98490000e+04,-232.583333
19850,1.98500000e+04,-232.750000
19851,1.98510000e+04,-232.750000
19852,1.98520000e+04,-232.750000
19853,1.98530000e+04,-232.750000
19854,1.98540000e+04,-233.083333
19855,1.98550000e+04,-233.083333
19856,1.98560000e+04,-233.083333
19857,1.98570000e+04,-233.083333
19858,1.98580000e+04,-233.291667
19859,1.98590000e+04,-233.291667
19860,1.98600000e+04,-233.375000
19861,1.98610000e+04,-233.375000
19862,1.98620000e+04,-233.541667
19863,1.98630000e+04,-233.541667
19864,1.98640000e+04,-233.583333
19865,1.98650000e+04,-233.583333
19866,1.98660000e+04,-233.500000
19867,1.98670000e+04,-233.500000
19868,1.98680000e+04,-233.541667
19869,1.98690000e+04,-233.541667
19870,1.98700000e+04,-233.625000
19871,1.98710000e+04,-233.625000
19872,1.98720000e+04,-233.708333
19873,1.98730000e+04,-233.708333
19874,1.98740000e+04,-233.666667
19875,1.98750000e+04,-233.666667
19876,1.98760000e+04,-233.666667
19877,1.98770000e+04,-233.666667
19878,1.98780000e+04,-233.666667
19879,1.98790000e+04,-233.666667
19880,1.98800000e+04,-233.541667
19881,1.98810000e+04,-233.541667
19882,1.98820000e+04,-233.500000
19883,1.98830000e+04,-233.500000
19884,1.98840000e+04,-233.416667
19885,1.98850000e+04,-233.416667
19886,1.98860000e+04,-233.208333
19887,1.98870000e+04,-233.208333
19888,1.98880000e+04,-233.375000
19889,1.98890000e+04,-233.375000
19890,1.98900000e+04,-233.166667
19891,1.98910000e+04,-233.166667
19892,1.98920000e+04,-232.958333
19893,1.98930000e+04,-232.958333
19894,1.98940000e+04,-232.875000
19895,1.98950000e+04,-232.875000
19896,1.98960000e+04,-232.875000
19897,1.98970000e+04,-232.875000
19898,1.98980000e+04,-232.458333
19899,1.98990000e+04,-232.458333
19900,1.99000000e+04,-232.541667
19901,1.99010000e+04,-232.541667
19902,1.99020000e+04,-232.208333
19903,1.99030000e+04,-232.208333
19904,1.99040000e+04,-231.958333
19905,1.99050000e+04,-231.958333
19906,1.99060000e+04,-231.708333
19907,1.99070000e+04,-231.708333
19908,1.99080000e+04,-231.541667
19909,1.99090000e+04,-231.541667
19910,1.99100000e+04,-231.166667
19911,1.99110000e+04,-231.166667
19912,1.99120000e+04,-231.000000
19913,1.99130000e+04,-231.000000
19914,1.99140000e+04,-230.666667
19915,1.99150000e+04,-230.666667
19916,1.99160000e+04,-230.375000
19917,1.99170000e+04,-230.375000
19918,1.99180000e+04,-230.083333
19919,1.99190000e+04,-230.083333
19920,1.99200000e+04,-229.708333
19921,1.99210000e+04,-229.708333
19922,1.99220000e+04,-229.458333
19923,1.99230000e+04,-229.458333
19924,1.99240000e+04,-228.958333
19925,1.99250000e+04,-228.958333
19926,1.99260000e+04,-228.500000
19927,1.99270000e+04,-228.500000
19928,1.99280000e+04,-228.083333
19929,1.99290000e+04,-228.083333
19930,1.99300000e+04,-227.458333
19931,1.99310000e+04,-227.458333
19932,1.99320000e+04,-227.041667
19933,1.99330000e+04,-227.041667
19934,1.99340000e+04,-226.583333
19935,1.99350000e+04,-226.583333
19936,1.99360000e+04,-225.916667
19937,1.99370000e+04,-225.916667
19938,1.99380000e+04,-225.375000
19939,1.99390000e+04,-225.375000
19940,1.99400000e+04,-224.750000
19941,1.99410000e+04,-224.750000
19942,1.99420000e+04,-224.208333
19943,1.99430000e+04,-224.208333
19944,1.99440000e+04,-223.458333
19945,1.99450000e+04,-223.458333
19946,1.99460000e+04,-222.791667
19947,1.99470000e+04,-222.791667
19948,1.99480000e+04,-221.958333
19949,1.99490000e+04,-221.958333
19950,1.99500000e+04,-221.375000
19951,1.99510000e+04,-221.375000
19952,1.99520000e+04,-220.458333
19953,1.99530000e+04,-220.458333
19954,1.99540000e+04,-219.791667
19955,1.99550000e+04,-219.791667
19956,1.99560000e+04,-218.833333
19957,1.99570000e+04,-218.833333
19958,1.99580000e+04,-217.958333
19959,1.99590000e+04,-217.958333
19960,1.99600000e+04,-217.208333
19961,1.99610000e+04,-217.208333
19962,1.99620000e+04,-216.291667
19963,1.99630000e+04,-216.291667
19964,1.99640000e+04,-215.250000
19965,1.99650000e+04,-215.250000
19966,1.99660000e+04,-214.416667
19967,1.99670000e+04,-214.416667
19968,1.99680000e+04,-213.541667
19969,1.99690000e+04,-213.541667
19970,1.99700000e+04,-212.333333
19971,1.99710000e+04,-212.333333
19972,1.99720000e+04,-211.375000
19973,1.99730000e+04,-211.375000
19974,1.99740000e+04,-210.375000
19975,1.99750000e+04,-210.375000
19976,1.99760000e+04,-209.416667
19977,1.99770000e+04,-209.416667
19978,1.99780000e+04,-208.291667
19979,1.99790000e+04,-208.291667
19980,1.99800000e+04,-207.083333
19981,1.99810000e+04,-207.083333
19982,1.99820000e+04,-206.083333
19983,1.99830000e+04,-206.083333
19984,1.99840000e+04,-205.041667
19985,1.99850000e+04,-205.041667
19986,1.99860000e+04,-204.125000
19987,1.99870000e+04,-204.125000
19988,1.99880000e+04,-202.750000
19989,1.99890000e+04,-202.750000
19990,1.99900000e+04,-201.666667
19991,1.99910000e+04,-201.666667
19992,1.99920000e+04,-200.666667
19993,1.99930000e+04,-200.666667
19994,1.99940000e+04,-199.500000
19995,1.99950000e+04,-199.500000
19996,1.99960000e+04,-198.416667
19997,1.99970000e+04,-198.416667
19998,1.99980000e+04,-197.375000
19999,1.99990000e+04,-197.375000
20000,2.00000000e+04,-196.166667
20001,2.00010000e+04,-196.166667
20002,2.00020000e+04,-195.291667
20003,2.00030000e+04,-195.291667
20004,2.00040000e+04,-194.166667
20005,2.00050000e+04,-194.166667
20006,2.00060000e+04,-193.083333
20007,2.00070000e+04,-193.083333
20008,2.00080000e+04,-192.041667
20009,2.00090000e+04,-192.041667
20010,2.00100000e+04,-190.958333
20011,2.00110000e+04,-190.958333
20012,2.00120000e+04,-189.875000
20013,2.00130000e+04,-189.875000
20014,2.00140000e+04,-188.875000
20015,2.00150000e+04,-188.875000
20016,2.00160000e+04,-187.875000
20017,2.00170000e+04,-187.875000
20018,2.00180000e+04,-186.750000
20019,2.00190000e+04,-186.750000
