Sample_Index,Time_Relative_Trigger_s,Raw_Count,Voltage_V
0,0.00000000e+00,3,0.062500
1,1.00000000e+00,3,0.062500
2,2.00000000e+00,3,0.062500
3,3.00000000e+00,3,0.062500
4,4.00000000e+00,3,0.062500
5,5.00000000e+00,4,0.083333
6,6.00000000e+00,4,0.083333
7,7.00000000e+00,4,0.083333
8,8.00000000e+00,4,0.083333
9,9.00000000e+00,4,0.083333
10,1.00000000e+01,7,0.145833
11,1.10000000e+01,7,0.145833
12,1.20000000e+01,7,0.145833
13,1.30000000e+01,7,0.145833
14,1.40000000e+01,7,0.145833
15,1.50000000e+01,6,0.125000
16,1.60000000e+01,6,0.125000
17,1.70000000e+01,6,0.125000
18,1.80000000e+01,6,0.125000
19,1.90000000e+01,6,0.125000
20,2.00000000e+01,7,0.145833
21,2.10000000e+01,7,0.145833
22,2.20000000e+01,7,0.145833
23,2.30000000e+01,7,0.145833
24,2.40000000e+01,7,0.145833
25,2.50000000e+01,9,0.187500
26,2.60000000e+01,9,0.187500
27,2.70000000e+01,9,0.187500
28,2.80000000e+01,9,0.187500
29,2.90000000e+01,9,0.187500
30,3.00000000e+01,7,0.145833
31,3.10000000e+01,7,0.145833
32,3.20000000e+01,7,0.145833
33,3.30000000e+01,7,0.145833
34,3.40000000e+01,7,0.145833
35,3.50000000e+01,11,0.229167
36,3.60000000e+01,11,0.229167
37,3.70000000e+01,11,0.229167
38,3.80000000e+01,11,0.229167
39,3.90000000e+01,11,0.229167
40,4.00000000e+01,6,0.125000
41,4.10000000e+01,6,0.125000
42,4.20000000e+01,6,0.125000
43,4.30000000e+01,6,0.125000
44,4.40000000e+01,6,0.125000
45,4.50000000e+01,11,0.229167
46,4.60000000e+01,11,0.229167
47,4.70000000e+01,11,0.229167
48,4.80000000e+01,11,0.229167
49,4.90000000e+01,11,0.229167
50,5.00000000e+01,9,0.187500
51,5.10000000e+01,9,0.187500
52,5.20000000e+01,9,0.187500
53,5.30000000e+01,9,0.187500
54,5.40000000e+01,9,0.187500
55,5.50000000e+01,9,0.187500
56,5.60000000e+01,9,0.187500
57,5.70000000e+01,9,0.187500
58,5.80000000e+01,9,0.187500
59,5.90000000e+01,9,0.187500
60,6.00000000e+01,5,0.104167
61,6.10000000e+01,5,0.104167
62,6.20000000e+01,5,0.104167
63,6.30000000e+01,5,0.104167
64,6.40000000e+01,5,0.104167
65,6.50000000e+01,10,0.208333
66,6.60000000e+01,10,0.208333
67,6.70000000e+01,10,0.208333
68,6.80000000e+01,10,0.208333
69,6.90000000e+01,10,0.208333
70,7.00000000e+01,11,0.229167
71,7.10000000e+01,11,0.229167
72,7.20000000e+01,11,0.229167
73,7.30000000e+01,11,0.229167
74,7.40000000e+01,11,0.229167
75,7.50000000e+01,5,0.104167
76,7.60000000e+01,5,0.104167
77,7.70000000e+01,5,0.104167
78,7.80000000e+01,5,0.104167
79,7.90000000e+01,5,0.104167
80,8.00000000e+01,8,0.166667
81,8.10000000e+01,8,0.166667
82,8.20000000e+01,8,0.166667
83,8.30000000e+01,8,0.166667
84,8.40000000e+01,8,0.166667
85,8.50000000e+01,9,0.187500
86,8.60000000e+01,9,0.187500
87,8.70000000e+01,9,0.187500
88,8.80000000e+01,9,0.187500
89,8.90000000e+01,9,0.187500
90,9.00000000e+01,9,0.187500
91,9.10000000e+01,9,0.187500
92,9.20000000e+01,9,0.187500
93,9.30000000e+01,9,0.187500
94,9.40000000e+01,9,0.187500
95,9.50000000e+01,12,0.250000
96,9.60000000e+01,12,0.250000
97,9.70000000e+01,12,0.250000
98,9.80000000e+01,12,0.250000
99,9.90000000e+01,12,0.250000
100,1.00000000e+02,12,0.250000
101,1.01000000e+02,12,0.250000
102,1.02000000e+02,12,0.250000
103,1.03000000e+02,12,0.250000
104,1.04000000e+02,12,0.250000
105,1.05000000e+02,11,0.229167
106,1.06000000e+02,11,0.229167
107,1.07000000e+02,11,0.229167
108,1.08000000e+02,11,0.229167
109,1.09000000e+02,11,0.229167
110,1.10000000e+02,12,0.250000
111,1.11000000e+02,12,0.250000
112,1.12000000e+02,12,0.250000
113,1.13000000e+02,12,0.250000
114,1.14000000e+02,12,0.250000
115,1.15000000e+02,12,0.250000
116,1.16000000e+02,12,0.250000
117,1.17000000e+02,12,0.250000
118,1.18000000e+02,12,0.250000
119,1.19000000e+02,12,0.250000
120,1.20000000e+02,13,0.270833
121,1.21000000e+02,13,0.270833
122,1.22000000e+02,13,0.270833
123,1.23000000e+02,13,0.270833
124,1.24000000e+02,13,0.270833
125,1.25000000e+02,11,0.229167
126,1.26000000e+02,11,0.229167
127,1.27000000e+02,11,0.229167
128,1.28000000e+02,11,0.229167
129,1.29000000e+02,11,0.229167
130,1.30000000e+02,10,0.208333
131,1.31000000e+02,10,0.208333
132,1.32000000e+02,10,0.208333
133,1.33000000e+02,10,0.208333
134,1.34000000e+02,10,0.208333
135,1.35000000e+02,17,0.354167
136,1.36000000e+02,17,0.354167
137,1.37000000e+02,17,0.354167
138,1.38000000e+02,17,0.354167
139,1.39000000e+02,17,0.354167
140,1.40000000e+02,16,0.333333
141,1.41000000e+02,16,0.333333
142,1.42000000e+02,16,0.333333
143,1.43000000e+02,16,0.333333
144,1.44000000e+02,16,0.333333
145,1.45000000e+02,15,0.312500
146,1.46000000e+02,15,0.312500
147,1.47000000e+02,15,0.312500
148,1.48000000e+02,15,0.312500
149,1.49000000e+02,15,0.312500
150,1.50000000e+02,15,0.312500
151,1.51000000e+02,15,0.312500
152,1.52000000e+02,15,0.312500
153,1.53000000e+02,15,0.312500
154,1.54000000e+02,15,0.312500
155,1.55000000e+02,14,0.291667
156,1.56000000e+02,14,0.291667
157,1.57000000e+02,14,0.291667
158,1.58000000e+02,14,0.291667
159,1.59000000e+02,14,0.291667
160,1.60000000e+02,16,0.333333
161,1.61000000e+02,16,0.333333
162,1.62000000e+02,16,0.333333
163,1.63000000e+02,16,0.333333
164,1.64000000e+02,16,0.333333
165,1.65000000e+02,13,0.270833
166,1.66000000e+02,13,0.270833
167,1.67000000e+02,13,0.270833
168,1.68000000e+02,13,0.270833
169,1.69000000e+02,13,0.270833
170,1.70000000e+02,15,0.312500
171,1.71000000e+02,15,0.312500
172,1.72000000e+02,15,0.312500
173,1.73000000e+02,15,0.312500
174,1.74000000e+02,15,0.312500
175,1.75000000e+02,16,0.333333
176,1.76000000e+02,16,0.333333
177,1.77000000e+02,16,0.333333
178,1.78000000e+02,16,0.333333
179,1.79000000e+02,16,0.333333
180,1.80000000e+02,13,0.270833
181,1.81000000e+02,13,0.270833
182,1.82000000e+02,13,0.270833
183,1.83000000e+02,13,0.270833
184,1.84000000e+02,13,0.270833
185,1.85000000e+02,12,0.250000
186,1.86000000e+02,12,0.250000
187,1.87000000e+02,12,0.250000
188,1.88000000e+02,12,0.250000
189,1.89000000e+02,12,0.250000
190,1.90000000e+02,14,0.291667
191,1.91000000e+02,14,0.291667
192,1.92000000e+02,14,0.291667
193,1.93000000e+02,14,0.291667
194,1.94000000e+02,14,0.291667
195,1.95000000e+02,16,0.333333
196,1.96000000e+02,16,0.333333
197,1.97000000e+02,16,0.333333
198,1.98000000e+02,16,0.333333
199,1.99000000e+02,16,0.333333
200,2.00000000e+02,13,0.270833
201,2.01000000e+02,13,0.270833
202,2.02000000e+02,13,0.270833
203,2.03000000e+02,13,0.270833
204,2.04000000e+02,13,0.270833
205,2.05000000e+02,17,0.354167
206,2.06000000e+02,17,0.354167
207,2.07000000e+02,17,0.354167
208,2.08000000e+02,17,0.354167
209,2.09000000e+02,17,0.354167
210,2.10000000e+02,14,0.291667
211,2.11000000e+02,14,0.291667
212,2.12000000e+02,14,0.291667
213,2.13000000e+02,14,0.291667
214,2.14000000e+02,14,0.291667
215,2.15000000e+02,19,0.395833
216,2.16000000e+02,19,0.395833
217,2.17000000e+02,19,0.395833
218,2.18000000e+02,19,0.395833
219,2.19000000e+02,19,0.395833
220,2.20000000e+02,15,0.312500
221,2.21000000e+02,15,0.312500
222,2.22000000e+02,15,0.312500
223,2.23000000e+02,15,0.312500
224,2.24000000e+02,15,0.312500
225,2.25000000e+02,15,0.312500
226,2.26000000e+02,15,0.312500
227,2.27000000e+02,15,0.312500
228,2.28000000e+02,15,0.312500
229,2.29000000e+02,15,0.312500
230,2.30000000e+02,20,0.416667
231,2.31000000e+02,20,0.416667
232,2.32000000e+02,20,0.416667
233,2.33000000e+02,20,0.416667
234,2.34000000e+02,20,0.416667
235,2.35000000e+02,18,0.375000
236,2.36000000e+02,18,0.375000
237,2.37000000e+02,18,0.375000
238,2.38000000e+02,18,0.375000
239,2.39000000e+02,18,0.375000
240,2.40000000e+02,16,0.333333
241,2.41000000e+02,16,0.333333
242,2.42000000e+02,16,0.333333
243,2.43000000e+02,16,0.333333
244,2.44000000e+02,16,0.333333
245,2.45000000e+02,16,0.333333
246,2.46000000e+02,16,0.333333
247,2.47000000e+02,16,0.333333
248,2.48000000e+02,16,0.333333
249,2.49000000e+02,16,0.333333
250,2.50000000e+02,19,0.395833
251,2.51000000e+02,19,0.395833
252,2.52000000e+02,19,0.395833
253,2.53000000e+02,19,0.395833
254,2.54000000e+02,19,0.395833
255,2.55000000e+02,17,0.354167
256,2.56000000e+02,17,0.354167
257,2.57000000e+02,17,0.354167
258,2.58000000e+02,17,0.354167
259,2.59000000e+02,17,0.354167
260,2.60000000e+02,18,0.375000
261,2.61000000e+02,18,0.375000
262,2.62000000e+02,18,0.375000
263,2.63000000e+02,18,0.375000
264,2.64000000e+02,18,0.375000
265,2.65000000e+02,17,0.354167
266,2.66000000e+02,17,0.354167
267,2.67000000e+02,17,0.354167
268,2.68000000e+02,17,0.354167
269,2.69000000e+02,17,0.354167
270,2.70000000e+02,17,0.354167
271,2.71000000e+02,17,0.354167
272,2.72000000e+02,17,0.354167
273,2.73000000e+02,17,0.354167
274,2.74000000e+02,17,0.354167
275,2.75000000e+02,19,0.395833
276,2.76000000e+02,19,0.395833
277,2.77000000e+02,19,0.395833
278,2.78000000e+02,19,0.395833
279,2.79000000e+02,19,0.395833
280,2.80000000e+02,21,0.437500
281,2.81000000e+02,21,0.437500
282,2.82000000e+02,21,0.437500
283,2.83000000e+02,21,0.437500
284,2.84000000e+02,21,0.437500
285,2.85000000e+02,19,0.395833
286,2.86000000e+02,19,0.395833
287,2.87000000e+02,19,0.395833
288,2.88000000e+02,19,0.395833
289,2.89000000e+02,19,0.395833
290,2.90000000e+02,19,0.395833
291,2.91000000e+02,19,0.395833
292,2.92000000e+02,19,0.395833
293,2.93000000e+02,19,0.395833
294,2.94000000e+02,19,0.395833
295,2.95000000e+02,18,0.375000
296,2.96000000e+02,18,0.375000
297,2.97000000e+02,18,0.375000
298,2.98000000e+02,18,0.375000
299,2.99000000e+02,18,0.375000
300,3.00000000e+02,16,0.333333
301,3.01000000e+02,16,0.333333
302,3.02000000e+02,16,0.333333
303,3.03000000e+02,16,0.333333
304,3.04000000e+02,16,0.333333
305,3.05000000e+02,16,0.333333
306,3.06000000e+02,16,0.333333
307,3.07000000e+02,16,0.333333
308,3.08000000e+02,16,0.333333
309,3.09000000e+02,16,0.333333
310,3.10000000e+02,19,0.395833
311,3.11000000e+02,19,0.395833
312,3.12000000e+02,19,0.395833
313,3.13000000e+02,19,0.395833
314,3.14000000e+02,19,0.395833
315,3.15000000e+02,15,0.312500
316,3.16000000e+02,15,0.312500
317,3.17000000e+02,15,0.312500
318,3.18000000e+02,15,0.312500
319,3.19000000e+02,15,0.312500
320,3.20000000e+02,17,0.354167
321,3.21000000e+02,17,0.354167
322,3.22000000e+02,17,0.354167
323,3.23000000e+02,17,0.354167
324,3.24000000e+02,17,0.354167
325,3.25000000e+02,17,0.354167
326,3.26000000e+02,17,0.354167
327,3.27000000e+02,17,0.354167
328,3.28000000e+02,17,0.354167
329,3.29000000e+02,17,0.354167
330,3.30000000e+02,19,0.395833
331,3.31000000e+02,19,0.395833
332,3.32000000e+02,19,0.395833
333,3.33000000e+02,19,0.395833
334,3.34000000e+02,19,0.395833
335,3.35000000e+02,16,0.333333
336,3.36000000e+02,16,0.333333
337,3.37000000e+02,16,0.333333
338,3.38000000e+02,16,0.333333
339,3.39000000e+02,16,0.333333
340,3.40000000e+02,15,0.312500
341,3.41000000e+02,15,0.312500
342,3.42000000e+02,15,0.312500
343,3.43000000e+02,15,0.312500
344,3.44000000e+02,15,0.312500
345,3.45000000e+02,17,0.354167
346,3.46000000e+02,17,0.354167
347,3.47000000e+02,17,0.354167
348,3.48000000e+02,17,0.354167
349,3.49000000e+02,17,0.354167
350,3.50000000e+02,15,0.312500
351,3.51000000e+02,15,0.312500
352,3.52000000e+02,15,0.312500
353,3.53000000e+02,15,0.312500
354,3.54000000e+02,15,0.312500
355,3.55000000e+02,16,0.333333
356,3.56000000e+02,16,0.333333
357,3.57000000e+02,16,0.333333
358,3.58000000e+02,16,0.333333
359,3.59000000e+02,16,0.333333
360,3.60000000e+02,16,0.333333
361,3.61000000e+02,16,0.333333
362,3.62000000e+02,16,0.333333
363,3.63000000e+02,16,0.333333
364,3.64000000e+02,16,0.333333
365,3.65000000e+02,17,0.354167
366,3.66000000e+02,17,0.354167
367,3.67000000e+02,17,0.354167
368,3.68000000e+02,17,0.354167
369,3.69000000e+02,17,0.354167
370,3.70000000e+02,16,0.333333
371,3.71000000e+02,16,0.333333
372,3.72000000e+02,16,0.333333
373,3.73000000e+02,16,0.333333
374,3.74000000e+02,16,0.333333
375,3.75000000e+02,16,0.333333
376,3.76000000e+02,16,0.333333
377,3.77000000e+02,16,0.333333
378,3.78000000e+02,16,0.333333
379,3.79000000e+02,16,0.333333
380,3.80000000e+02,16,0.333333
381,3.81000000e+02,16,0.333333
382,3.82000000e+02,16,0.333333
383,3.83000000e+02,16,0.333333
384,3.84000000e+02,16,0.333333
385,3.85000000e+02,17,0.354167
386,3.86000000e+02,17,0.354167
387,3.87000000e+02,17,0.354167
388,3.88000000e+02,17,0.354167
389,3.89000000e+02,17,0.354167
390,3.90000000e+02,17,0.354167
391,3.91000000e+02,17,0.354167
392,3.92000000e+02,17,0.354167
393,3.93000000e+02,17,0.354167
394,3.94000000e+02,17,0.354167
395,3.95000000e+02,19,0.395833
396,3.96000000e+02,19,0.395833
397,3.97000000e+02,19,0.395833
398,3.98000000e+02,19,0.395833
399,3.99000000e+02,19,0.395833
400,4.00000000e+02,22,0.458333
401,4.01000000e+02,22,0.458333
402,4.02000000e+02,22,0.458333
403,4.03000000e+02,22,0.458333
404,4.04000000e+02,22,0.458333
405,4.05000000e+02,22,0.458333
406,4.06000000e+02,22,0.458333
407,4.07000000e+02,22,0.458333
408,4.08000000e+02,22,0.458333
409,4.09000000e+02,22,0.458333
410,4.10000000e+02,18,0.375000
411,4.11000000e+02,18,0.375000
412,4.12000000e+02,18,0.375000
413,4.13000000e+02,18,0.375000
414,4.14000000e+02,18,0.375000
415,4.15000000e+02,19,0.395833
416,4.16000000e+02,19,0.395833
417,4.17000000e+02,19,0.395833
418,4.18000000e+02,19,0.395833
419,4.19000000e+02,19,0.395833
420,4.20000000e+02,20,0.416667
421,4.21000000e+02,20,0.416667
422,4.22000000e+02,20,0.416667
423,4.23000000e+02,20,0.416667
424,4.24000000e+02,20,0.416667
425,4.25000000e+02,18,0.375000
426,4.26000000e+02,18,0.375000
427,4.27000000e+02,18,0.375000
428,4.28000000e+02,18,0.375000
429,4.29000000e+02,18,0.375000
430,4.30000000e+02,17,0.354167
431,4.31000000e+02,17,0.354167
432,4.32000000e+02,17,0.354167
433,4.33000000e+02,17,0.354167
434,4.34000000e+02,17,0.354167
435,4.35000000e+02,19,0.395833
436,4.36000000e+02,19,0.395833
437,4.37000000e+02,19,0.395833
438,4.38000000e+02,19,0.395833
439,4.39000000e+02,19,0.395833
440,4.40000000e+02,22,0.458333
441,4.41000000e+02,22,0.458333
442,4.42000000e+02,22,0.458333
443,4.43000000e+02,22,0.458333
444,4.44000000e+02,22,0.458333
445,4.45000000e+02,19,0.395833
446,4.46000000e+02,19,0.395833
447,4.47000000e+02,19,0.395833
448,4.48000000e+02,19,0.395833
449,4.49000000e+02,19,0.395833
450,4.50000000e+02,21,0.437500
451,4.51000000e+02,21,0.437500
452,4.52000000e+02,21,0.437500
453,4.53000000e+02,21,0.437500
454,4.54000000e+02,21,0.437500
455,4.55000000e+02,23,0.479167
456,4.56000000e+02,23,0.479167
457,4.57000000e+02,23,0.479167
458,4.58000000e+02,23,0.479167
459,4.59000000e+02,23,0.479167
460,4.60000000e+02,23,0.479167
461,4.61000000e+02,23,0.479167
462,4.62000000e+02,23,0.479167
463,4.63000000e+02,23,0.479167
464,4.64000000e+02,23,0.479167
465,4.65000000e+02,21,0.437500
466,4.66000000e+02,21,0.437500
467,4.67000000e+02,21,0.437500
468,4.68000000e+02,21,0.437500
469,4.69000000e+02,21,0.437500
470,4.70000000e+02,18,0.375000
471,4.71000000e+02,18,0.375000
472,4.72000000e+02,18,0.375000
473,4.73000000e+02,18,0.375000
474,4.74000000e+02,18,0.375000
475,4.75000000e+02,23,0.479167
476,4.76000000e+02,23,0.479167
477,4.77000000e+02,23,0.479167
478,4.78000000e+02,23,0.479167
479,4.79000000e+02,23,0.479167
480,4.80000000e+02,20,0.416667
481,4.81000000e+02,20,0.416667
482,4.82000000e+02,20,0.416667
483,4.83000000e+02,20,0.416667
484,4.84000000e+02,20,0.416667
485,4.85000000e+02,19,0.395833
486,4.86000000e+02,19,0.395833
487,4.87000000e+02,19,0.395833
488,4.88000000e+02,19,0.395833
489,4.89000000e+02,19,0.395833
490,4.90000000e+02,22,0.458333
491,4.91000000e+02,22,0.458333
492,4.92000000e+02,22,0.458333
493,4.93000000e+02,22,0.458333
494,4.94000000e+02,22,0.458333
495,4.95000000e+02,22,0.458333
496,4.96000000e+02,22,0.458333
497,4.97000000e+02,22,0.458333
498,4.98000000e+02,22,0.458333
499,4.99000000e+02,22,0.458333
500,5.00000000e+02,20,0.416667
501,5.01000000e+02,20,0.416667
502,5.02000000e+02,20,0.416667
503,5.03000000e+02,20,0.416667
504,5.04000000e+02,20,0.416667
505,5.05000000e+02,20,0.416667
506,5.06000000e+02,20,0.416667
507,5.07000000e+02,20,0.416667
508,5.08000000e+02,20,0.416667
509,5.09000000e+02,20,0.416667
510,5.10000000e+02,22,0.458333
511,5.11000000e+02,22,0.458333
512,5.12000000e+02,22,0.458333
513,5.13000000e+02,22,0.458333
514,5.14000000e+02,22,0.458333
515,5.15000000e+02,17,0.354167
516,5.16000000e+02,17,0.354167
517,5.17000000e+02,17,0.354167
518,5.18000000e+02,17,0.354167
519,5.19000000e+02,17,0.354167
520,5.20000000e+02,20,0.416667
521,5.21000000e+02,20,0.416667
522,5.22000000e+02,20,0.416667
523,5.23000000e+02,20,0.416667
524,5.24000000e+02,20,0.416667
525,5.25000000e+02,19,0.395833
526,5.26000000e+02,19,0.395833
527,5.27000000e+02,19,0.395833
528,5.28000000e+02,19,0.395833
529,5.29000000e+02,19,0.395833
530,5.30000000e+02,20,0.416667
531,5.31000000e+02,20,0.416667
532,5.32000000e+02,20,0.416667
533,5.33000000e+02,20,0.416667
534,5.34000000e+02,20,0.416667
535,5.35000000e+02,23,0.479167
536,5.36000000e+02,23,0.479167
537,5.37000000e+02,23,0.479167
538,5.38000000e+02,23,0.479167
539,5.39000000e+02,23,0.479167
540,5.40000000e+02,20,0.416667
541,5.41000000e+02,20,0.416667
542,5.42000000e+02,20,0.416667
543,5.43000000e+02,20,0.416667
544,5.44000000e+02,20,0.416667
545,5.45000000e+02,20,0.416667
546,5.46000000e+02,20,0.416667
547,5.47000000e+02,20,0.416667
548,5.48000000e+02,20,0.416667
549,5.49000000e+02,20,0.416667
550,5.50000000e+02,22,0.458333
551,5.51000000e+02,22,0.458333
552,5.52000000e+02,22,0.458333
553,5.53000000e+02,22,0.458333
554,5.54000000e+02,22,0.458333
555,5.55000000e+02,21,0.437500
556,5.56000000e+02,21,0.437500
557,5.57000000e+02,21,0.437500
558,5.58000000e+02,21,0.437500
559,5.59000000e+02,21,0.437500
560,5.60000000e+02,21,0.437500
561,5.61000000e+02,21,0.437500
562,5.62000000e+02,21,0.437500
563,5.63000000e+02,21,0.437500
564,5.64000000e+02,21,0.437500
565,5.65000000e+02,22,0.458333
566,5.66000000e+02,22,0.458333
567,5.67000000e+02,22,0.458333
568,5.68000000e+02,22,0.458333
569,5.69000000e+02,22,0.458333
570,5.70000000e+02,22,0.458333
571,5.71000000e+02,22,0.458333
572,5.72000000e+02,22,0.458333
573,5.73000000e+02,22,0.458333
574,5.74000000e+02,22,0.458333
575,5.75000000e+02,21,0.437500
576,5.76000000e+02,21,0.437500
577,5.77000000e+02,21,0.437500
578,5.78000000e+02,21,0.437500
579,5.79000000e+02,21,0.437500
580,5.80000000e+02,16,0.333333
581,5.81000000e+02,16,0.333333
582,5.82000000e+02,16,0.333333
583,5.83000000e+02,16,0.333333
584,5.84000000e+02,16,0.333333
585,5.85000000e+02,16,0.333333
586,5.86000000e+02,16,0.333333
587,5.87000000e+02,16,0.333333
588,5.88000000e+02,16,0.333333
589,5.89000000e+02,16,0.333333
590,5.90000000e+02,19,0.395833
591,5.91000000e+02,19,0.395833
592,5.92000000e+02,19,0.395833
593,5.93000000e+02,19,0.395833
594,5.94000000e+02,19,0.395833
595,5.95000000e+02,20,0.416667
596,5.96000000e+02,20,0.416667
597,5.97000000e+02,20,0.416667
598,5.98000000e+02,20,0.416667
599,5.99000000e+02,20,0.416667
600,6.00000000e+02,20,0.416667
601,6.01000000e+02,20,0.416667
602,6.02000000e+02,20,0.416667
603,6.03000000e+02,20,0.416667
604,6.04000000e+02,20,0.416667
605,6.05000000e+02,21,0.437500
606,6.06000000e+02,21,0.437500
607,6.07000000e+02,21,0.437500
608,6.08000000e+02,21,0.437500
609,6.09000000e+02,21,0.437500
610,6.10000000e+02,18,0.375000
611,6.11000000e+02,18,0.375000
612,6.12000000e+02,18,0.375000
613,6.13000000e+02,18,0.375000
614,6.14000000e+02,18,0.375000
615,6.15000000e+02,20,0.416667
616,6.16000000e+02,20,0.416667
617,6.17000000e+02,20,0.416667
618,6.18000000e+02,20,0.416667
619,6.19000000e+02,20,0.416667
620,6.20000000e+02,20,0.416667
621,6.21000000e+02,20,0.416667
622,6.22000000e+02,20,0.416667
623,6.23000000e+02,20,0.416667
624,6.24000000e+02,20,0.416667
625,6.25000000e+02,19,0.395833
626,6.26000000e+02,19,0.395833
627,6.27000000e+02,19,0.395833
628,6.28000000e+02,19,0.395833
629,6.29000000e+02,19,0.395833
630,6.30000000e+02,19,0.395833
631,6.31000000e+02,19,0.395833
632,6.32000000e+02,19,0.395833
633,6.33000000e+02,19,0.395833
634,6.34000000e+02,19,0.395833
635,6.35000000e+02,20,0.416667
636,6.36000000e+02,20,0.416667
637,6.37000000e+02,20,0.416667
638,6.38000000e+02,20,0.416667
639,6.39000000e+02,20,0.416667
640,6.40000000e+02,19,0.395833
641,6.41000000e+02,19,0.395833
642,6.42000000e+02,19,0.395833
643,6.43000000e+02,19,0.395833
644,6.44000000e+02,19,0.395833
645,6.45000000e+02,20,0.416667
646,6.46000000e+02,20,0.416667
647,6.47000000e+02,20,0.416667
648,6.48000000e+02,20,0.416667
649,6.49000000e+02,20,0.416667
650,6.50000000e+02,20,0.416667
651,6.51000000e+02,20,0.416667
652,6.52000000e+02,20,0.416667
653,6.53000000e+02,20,0.416667
654,6.54000000e+02,20,0.416667
655,6.55000000e+02,20,0.416667
656,6.56000000e+02,20,0.416667
657,6.57000000e+02,20,0.416667
658,6.58000000e+02,20,0.416667
659,6.59000000e+02,20,0.416667
660,6.60000000e+02,20,0.416667
661,6.61000000e+02,20,0.416667
662,6.62000000e+02,20,0.416667
663,6.63000000e+02,20,0.416667
664,6.64000000e+02,20,0.416667
665,6.65000000e+02,20,0.416667
666,6.66000000e+02,20,0.416667
667,6.67000000e+02,20,0.416667
668,6.68000000e+02,20,0.416667
669,6.69000000e+02,20,0.416667
670,6.70000000e+02,22,0.458333
671,6.71000000e+02,22,0.458333
672,6.72000000e+02,22,0.458333
673,6.73000000e+02,22,0.458333
674,6.74000000e+02,22,0.458333
675,6.75000000e+02,20,0.416667
676,6.76000000e+02,20,0.416667
677,6.77000000e+02,20,0.416667
678,6.78000000e+02,20,0.416667
679,6.79000000e+02,20,0.416667
680,6.80000000e+02,24,0.500000
681,6.81000000e+02,24,0.500000
682,6.82000000e+02,24,0.500000
683,6.83000000e+02,24,0.500000
684,6.84000000e+02,24,0.500000
685,6.85000000e+02,19,0.395833
686,6.86000000e+02,19,0.395833
687,6.87000000e+02,19,0.395833
688,6.88000000e+02,19,0.395833
689,6.89000000e+02,19,0.395833
690,6.90000000e+02,22,0.458333
691,6.91000000e+02,22,0.458333
692,6.92000000e+02,22,0.458333
693,6.93000000e+02,22,0.458333
694,6.94000000e+02,22,0.458333
695,6.95000000e+02,24,0.500000
696,6.96000000e+02,24,0.500000
697,6.97000000e+02,24,0.500000
698,6.98000000e+02,24,0.500000
699,6.99000000e+02,24,0.500000
700,7.00000000e+02,23,0.479167
701,7.01000000e+02,23,0.479167
702,7.02000000e+02,23,0.479167
703,7.03000000e+02,23,0.479167
704,7.04000000e+02,23,0.479167
705,7.05000000e+02,22,0.458333
706,7.06000000e+02,22,0.458333
707,7.07000000e+02,22,0.458333
708,7.08000000e+02,22,0.458333
709,7.09000000e+02,22,0.458333
710,7.10000000e+02,22,0.458333
711,7.11000000e+02,22,0.458333
712,7.12000000e+02,22,0.458333
713,7.13000000e+02,22,0.458333
714,7.14000000e+02,22,0.458333
715,7.15000000e+02,19,0.395833
716,7.16000000e+02,19,0.395833
717,7.17000000e+02,19,0.395833
718,7.18000000e+02,19,0.395833
719,7.19000000e+02,19,0.395833
720,7.20000000e+02,20,0.416667
721,7.21000000e+02,20,0.416667
722,7.22000000e+02,20,0.416667
723,7.23000000e+02,20,0.416667
724,7.24000000e+02,20,0.416667
725,7.25000000e+02,21,0.437500
726,7.26000000e+02,21,0.437500
727,7.27000000e+02,21,0.437500
728,7.28000000e+02,21,0.437500
729,7.29000000e+02,21,0.437500
730,7.30000000e+02,20,0.416667
731,7.31000000e+02,20,0.416667
732,7.32000000e+02,20,0.416667
733,7.33000000e+02,20,0.416667
734,7.34000000e+02,20,0.416667
735,7.35000000e+02,21,0.437500
736,7.36000000e+02,21,0.437500
737,7.37000000e+02,21,0.437500
738,7.38000000e+02,21,0.437500
739,7.39000000e+02,21,0.437500
740,7.40000000e+02,19,0.395833
741,7.41000000e+02,19,0.395833
742,7.42000000e+02,19,0.395833
743,7.43000000e+02,19,0.395833
744,7.44000000e+02,19,0.395833
745,7.45000000e+02,22,0.458333
746,7.46000000e+02,22,0.458333
747,7.47000000e+02,22,0.458333
748,7.48000000e+02,22,0.458333
749,7.49000000e+02,22,0.458333
750,7.50000000e+02,23,0.479167
751,7.51000000e+02,23,0.479167
752,7.52000000e+02,23,0.479167
753,7.53000000e+02,23,0.479167
754,7.54000000e+02,23,0.479167
755,7.55000000e+02,20,0.416667
756,7.56000000e+02,20,0.416667
757,7.57000000e+02,20,0.416667
758,7.58000000e+02,20,0.416667
759,7.59000000e+02,20,0.416667
760,7.60000000e+02,23,0.479167
761,7.61000000e+02,23,0.479167
762,7.62000000e+02,23,0.479167
763,7.63000000e+02,23,0.479167
764,7.64000000e+02,23,0.479167
765,7.65000000e+02,19,0.395833
766,7.66000000e+02,19,0.395833
767,7.67000000e+02,19,0.395833
768,7.68000000e+02,19,0.395833
769,7.69000000e+02,19,0.395833
770,7.70000000e+02,23,0.479167
771,7.71000000e+02,23,0.479167
772,7.72000000e+02,23,0.479167
773,7.73000000e+02,23,0.479167
774,7.74000000e+02,23,0.479167
775,7.75000000e+02,23,0.479167
776,7.76000000e+02,23,0.479167
777,7.77000000e+02,23,0.479167
778,7.78000000e+02,23,0.479167
779,7.79000000e+02,23,0.479167
780,7.80000000e+02,22,0.458333
781,7.81000000e+02,22,0.458333
782,7.82000000e+02,22,0.458333
783,7.83000000e+02,22,0.458333
784,7.84000000e+02,22,0.458333
785,7.85000000e+02,22,0.458333
786,7.86000000e+02,22,0.458333
787,7.87000000e+02,22,0.458333
788,7.88000000e+02,22,0.458333
789,7.89000000e+02,22,0.458333
790,7.90000000e+02,21,0.437500
791,7.91000000e+02,21,0.437500
792,7.92000000e+02,21,0.437500
793,7.93000000e+02,21,0.437500
794,7.94000000e+02,21,0.437500
795,7.95000000e+02,23,0.479167
796,7.96000000e+02,23,0.479167
797,7.97000000e+02,23,0.479167
798,7.98000000e+02,23,0.479167
799,7.99000000e+02,23,0.479167
800,8.00000000e+02,24,0.500000
801,8.01000000e+02,24,0.500000
802,8.02000000e+02,24,0.500000
803,8.03000000e+02,24,0.500000
804,8.04000000e+02,24,0.500000
805,8.05000000e+02,22,0.458333
806,8.06000000e+02,22,0.458333
807,8.07000000e+02,22,0.458333
808,8.08000000e+02,22,0.458333
809,8.09000000e+02,22,0.458333
810,8.10000000e+02,23,0.479167
811,8.11000000e+02,23,0.479167
812,8.12000000e+02,23,0.479167
813,8.13000000e+02,23,0.479167
814,8.14000000e+02,23,0.479167
815,8.15000000e+02,23,0.479167
816,8.16000000e+02,23,0.479167
817,8.17000000e+02,23,0.479167
818,8.18000000e+02,23,0.479167
819,8.19000000e+02,23,0.479167
820,8.20000000e+02,23,0.479167
821,8.21000000e+02,23,0.479167
822,8.22000000e+02,23,0.479167
823,8.23000000e+02,23,0.479167
824,8.24000000e+02,23,0.479167
825,8.25000000e+02,22,0.458333
826,8.26000000e+02,22,0.458333
827,8.27000000e+02,22,0.458333
828,8.28000000e+02,22,0.458333
829,8.29000000e+02,22,0.458333
830,8.30000000e+02,20,0.416667
831,8.31000000e+02,20,0.416667
832,8.32000000e+02,20,0.416667
833,8.33000000e+02,20,0.416667
834,8.34000000e+02,20,0.416667
835,8.35000000e+02,20,0.416667
836,8.36000000e+02,20,0.416667
837,8.37000000e+02,20,0.416667
838,8.38000000e+02,20,0.416667
839,8.39000000e+02,20,0.416667
840,8.40000000e+02,19,0.395833
841,8.41000000e+02,19,0.395833
842,8.42000000e+02,19,0.395833
843,8.43000000e+02,19,0.395833
844,8.44000000e+02,19,0.395833
845,8.45000000e+02,21,0.437500
846,8.46000000e+02,21,0.437500
847,8.47000000e+02,21,0.437500
848,8.48000000e+02,21,0.437500
849,8.49000000e+02,21,0.437500
850,8.50000000e+02,21,0.437500
851,8.51000000e+02,21,0.437500
852,8.52000000e+02,21,0.437500
853,8.53000000e+02,21,0.437500
854,8.54000000e+02,21,0.437500
855,8.55000000e+02,22,0.458333
856,8.56000000e+02,22,0.458333
857,8.57000000e+02,22,0.458333
858,8.58000000e+02,22,0.458333
859,8.59000000e+02,22,0.458333
860,8.60000000e+02,20,0.416667
861,8.61000000e+02,20,0.416667
862,8.62000000e+02,20,0.416667
863,8.63000000e+02,20,0.416667
864,8.64000000e+02,20,0.416667
865,8.65000000e+02,18,0.375000
866,8.66000000e+02,18,0.375000
867,8.67000000e+02,18,0.375000
868,8.68000000e+02,18,0.375000
869,8.69000000e+02,18,0.375000
870,8.70000000e+02,19,0.395833
871,8.71000000e+02,19,0.395833
872,8.72000000e+02,19,0.395833
873,8.73000000e+02,19,0.395833
874,8.74000000e+02,19,0.395833
875,8.75000000e+02,20,0.416667
876,8.76000000e+02,20,0.416667
877,8.77000000e+02,20,0.416667
878,8.78000000e+02,20,0.416667
879,8.79000000e+02,20,0.416667
880,8.80000000e+02,19,0.395833
881,8.81000000e+02,19,0.395833
882,8.82000000e+02,19,0.395833
883,8.83000000e+02,19,0.395833
884,8.84000000e+02,19,0.395833
885,8.85000000e+02,19,0.395833
886,8.86000000e+02,19,0.395833
887,8.87000000e+02,19,0.395833
888,8.88000000e+02,19,0.395833
889,8.89000000e+02,19,0.395833
890,8.90000000e+02,21,0.437500
891,8.91000000e+02,21,0.437500
892,8.92000000e+02,21,0.437500
893,8.93000000e+02,21,0.437500
894,8.94000000e+02,21,0.437500
895,8.95000000e+02,19,0.395833
896,8.96000000e+02,19,0.395833
897,8.97000000e+02,19,0.395833
898,8.98000000e+02,19,0.395833
899,8.99000000e+02,19,0.395833
900,9.00000000e+02,21,0.437500
901,9.01000000e+02,21,0.437500
902,9.02000000e+02,21,0.437500
903,9.03000000e+02,21,0.437500
904,9.04000000e+02,21,0.437500
905,9.05000000e+02,23,0.479167
906,9.06000000e+02,23,0.479167
907,9.07000000e+02,23,0.479167
908,9.08000000e+02,23,0.479167
909,9.09000000e+02,23,0.479167
910,9.10000000e+02,20,0.416667
911,9.11000000e+02,20,0.416667
912,9.12000000e+02,20,0.416667
913,9.13000000e+02,20,0.416667
914,9.14000000e+02,20,0.416667
915,9.15000000e+02,19,0.395833
916,9.16000000e+02,19,0.395833
917,9.17000000e+02,19,0.395833
918,9.18000000e+02,19,0.395833
919,9.19000000e+02,19,0.395833
920,9.20000000e+02,19,0.395833
921,9.21000000e+02,19,0.395833
922,9.22000000e+02,19,0.395833
923,9.23000000e+02,19,0.395833
924,9.24000000e+02,19,0.395833
925,9.25000000e+02,20,0.416667
926,9.26000000e+02,20,0.416667
927,9.27000000e+02,20,0.416667
928,9.28000000e+02,20,0.416667
929,9.29000000e+02,20,0.416667
930,9.30000000e+02,19,0.395833
931,9.31000000e+02,19,0.395833
932,9.32000000e+02,19,0.395833
933,9.33000000e+02,19,0.395833
934,9.34000000e+02,19,0.395833
935,9.35000000e+02,17,0.354167
936,9.36000000e+02,17,0.354167
937,9.37000000e+02,17,0.354167
938,9.38000000e+02,17,0.354167
939,9.39000000e+02,17,0.354167
940,9.40000000e+02,17,0.354167
941,9.41000000e+02,17,0.354167
942,9.42000000e+02,17,0.354167
943,9.43000000e+02,17,0.354167
944,9.44000000e+02,17,0.354167
945,9.45000000e+02,17,0.354167
946,9.46000000e+02,17,0.354167
947,9.47000000e+02,17,0.354167
948,9.48000000e+02,17,0.354167
949,9.49000000e+02,17,0.354167
950,9.50000000e+02,18,0.375000
951,9.51000000e+02,18,0.375000
952,9.52000000e+02,18,0.375000
953,9.53000000e+02,18,0.375000
954,9.54000000e+02,18,0.375000
955,9.55000000e+02,16,0.333333
956,9.56000000e+02,16,0.333333
957,9.57000000e+02,16,0.333333
958,9.58000000e+02,16,0.333333
959,9.59000000e+02,16,0.333333
960,9.60000000e+02,15,0.312500
961,9.61000000e+02,15,0.312500
962,9.62000000e+02,15,0.312500
963,9.63000000e+02,15,0.312500
964,9.64000000e+02,15,0.312500
965,9.65000000e+02,12,0.250000
966,9.66000000e+02,12,0.250000
967,9.67000000e+02,12,0.250000
968,9.68000000e+02,12,0.250000
969,9.69000000e+02,12,0.250000
970,9.70000000e+02,15,0.312500
971,9.71000000e+02,15,0.312500
972,9.72000000e+02,15,0.312500
973,9.73000000e+02,15,0.312500
974,9.74000000e+02,15,0.312500
975,9.75000000e+02,15,0.312500
976,9.76000000e+02,15,0.312500
977,9.77000000e+02,15,0.312500
978,9.78000000e+02,15,0.312500
979,9.79000000e+02,15,0.312500
980,9.80000000e+02,17,0.354167
981,9.81000000e+02,17,0.354167
982,9.82000000e+02,17,0.354167
983,9.83000000e+02,17,0.354167
984,9.84000000e+02,17,0.354167
985,9.85000000e+02,12,0.250000
986,9.86000000e+02,12,0.250000
987,9.87000000e+02,12,0.250000
988,9.88000000e+02,12,0.250000
989,9.89000000e+02,12,0.250000
990,9.90000000e+02,13,0.270833
991,9.91000000e+02,13,0.270833
992,9.92000000e+02,13,0.270833
993,9.93000000e+02,13,0.270833
994,9.94000000e+02,13,0.270833
995,9.95000000e+02,9,0.187500
996,9.96000000e+02,9,0.187500
997,9.97000000e+02,9,0.187500
998,9.98000000e+02,9,0.187500
999,9.99000000e+02,9,0.187500
1000,1.00000000e+03,11,0.229167
1001,1.00100000e+03,11,0.229167
1002,1.00200000e+03,11,0.229167
1003,1.00300000e+03,11,0.229167
1004,1.00400000e+03,11,0.229167
1005,1.00500000e+03,12,0.250000
1006,1.00600000e+03,12,0.250000
1007,1.00700000e+03,12,0.250000
1008,1.00800000e+03,12,0.250000
1009,1.00900000e+03,12,0.250000
1010,1.01000000e+03,12,0.250000
1011,1.01100000e+03,12,0.250000
1012,1.01200000e+03,12,0.250000
1013,1.01300000e+03,12,0.250000
1014,1.01400000e+03,12,0.250000
1015,1.01500000e+03,12,0.250000
1016,1.01600000e+03,12,0.250000
1017,1.01700000e+03,12,0.250000
1018,1.01800000e+03,12,0.250000
1019,1.01900000e+03,12,0.250000
1020,1.02000000e+03,10,0.208333
1021,1.02100000e+03,10,0.208333
1022,1.02200000e+03,10,0.208333
1023,1.02300000e+03,10,0.208333
1024,1.02400000e+03,10,0.208333
1025,1.02500000e+03,10,0.208333
1026,1.02600000e+03,10,0.208333
1027,1.02700000e+03,10,0.208333
1028,1.02800000e+03,10,0.208333
1029,1.02900000e+03,10,0.208333
1030,1.03000000e+03,13,0.270833
1031,1.03100000e+03,13,0.270833
1032,1.03200000e+03,13,0.270833
1033,1.03300000e+03,13,0.270833
1034,1.03400000e+03,13,0.270833
1035,1.03500000e+03,12,0.250000
1036,1.03600000e+03,12,0.250000
1037,1.03700000e+03,12,0.250000
1038,1.03800000e+03,12,0.250000
1039,1.03900000e+03,12,0.250000
1040,1.04000000e+03,11,0.229167
1041,1.04100000e+03,11,0.229167
1042,1.04200000e+03,11,0.229167
1043,1.04300000e+03,11,0.229167
1044,1.04400000e+03,11,0.229167
1045,1.04500000e+03,11,0.229167
1046,1.04600000e+03,11,0.229167
1047,1.04700000e+03,11,0.229167
1048,1.04800000e+03,11,0.229167
1049,1.04900000e+03,11,0.229167
1050,1.05000000e+03,10,0.208333
1051,1.05100000e+03,10,0.208333
1052,1.05200000e+03,10,0.208333
1053,1.05300000e+03,10,0.208333
1054,1.05400000e+03,10,0.208333
1055,1.05500000e+03,13,0.270833
1056,1.05600000e+03,13,0.270833
1057,1.05700000e+03,13,0.270833
1058,1.05800000e+03,13,0.270833
1059,1.05900000e+03,13,0.270833
1060,1.06000000e+03,10,0.208333
1061,1.06100000e+03,10,0.208333
1062,1.06200000e+03,10,0.208333
1063,1.06300000e+03,10,0.208333
1064,1.06400000e+03,10,0.208333
1065,1.06500000e+03,11,0.229167
1066,1.06600000e+03,11,0.229167
1067,1.06700000e+03,11,0.229167
1068,1.06800000e+03,11,0.229167
1069,1.06900000e+03,11,0.229167
1070,1.07000000e+03,9,0.187500
1071,1.07100000e+03,9,0.187500
1072,1.07200000e+03,9,0.187500
1073,1.07300000e+03,9,0.187500
1074,1.07400000e+03,9,0.187500
1075,1.07500000e+03,11,0.229167
1076,1.07600000e+03,11,0.229167
1077,1.07700000e+03,11,0.229167
1078,1.07800000e+03,11,0.229167
1079,1.07900000e+03,11,0.229167
1080,1.08000000e+03,11,0.229167
1081,1.08100000e+03,11,0.229167
1082,1.08200000e+03,11,0.229167
1083,1.08300000e+03,11,0.229167
1084,1.08400000e+03,11,0.229167
1085,1.08500000e+03,12,0.250000
1086,1.08600000e+03,12,0.250000
1087,1.08700000e+03,12,0.250000
1088,1.08800000e+03,12,0.250000
1089,1.08900000e+03,12,0.250000
1090,1.09000000e+03,8,0.166667
1091,1.09100000e+03,8,0.166667
1092,1.09200000e+03,8,0.166667
1093,1.09300000e+03,8,0.166667
1094,1.09400000e+03,8,0.166667
1095,1.09500000e+03,6,0.125000
1096,1.09600000e+03,6,0.125000
1097,1.09700000e+03,6,0.125000
1098,1.09800000e+03,6,0.125000
1099,1.09900000e+03,6,0.125000
1100,1.10000000e+03,5,0.104167
1101,1.10100000e+03,5,0.104167
1102,1.10200000e+03,5,0.104167
1103,1.10300000e+03,5,0.104167
1104,1.10400000e+03,5,0.104167
1105,1.10500000e+03,4,0.083333
1106,1.10600000e+03,4,0.083333
1107,1.10700000e+03,4,0.083333
1108,1.10800000e+03,4,0.083333
1109,1.10900000e+03,4,0.083333
1110,1.11000000e+03,7,0.145833
1111,1.11100000e+03,7,0.145833
1112,1.11200000e+03,7,0.145833
1113,1.11300000e+03,7,0.145833
1114,1.11400000e+03,7,0.145833
1115,1.11500000e+03,6,0.125000
1116,1.11600000e+03,6,0.125000
1117,1.11700000e+03,6,0.125000
1118,1.11800000e+03,6,0.125000
1119,1.11900000e+03,6,0.125000
1120,1.12000000e+03,6,0.125000
1121,1.12100000e+03,6,0.125000
1122,1.12200000e+03,6,0.125000
1123,1.12300000e+03,6,0.125000
1124,1.12400000e+03,6,0.125000
1125,1.12500000e+03,8,0.166667
1126,1.12600000e+03,8,0.166667
1127,1.12700000e+03,8,0.166667
1128,1.12800000e+03,8,0.166667
1129,1.12900000e+03,8,0.166667
1130,1.13000000e+03,7,0.145833
1131,1.13100000e+03,7,0.145833
1132,1.13200000e+03,7,0.145833
1133,1.13300000e+03,7,0.145833
1134,1.13400000e+03,7,0.145833
1135,1.13500000e+03,8,0.166667
1136,1.13600000e+03,8,0.166667
1137,1.13700000e+03,8,0.166667
1138,1.13800000e+03,8,0.166667
1139,1.13900000e+03,8,0.166667
1140,1.14000000e+03,6,0.125000
1141,1.14100000e+03,6,0.125000
1142,1.14200000e+03,6,0.125000
1143,1.14300000e+03,6,0.125000
1144,1.14400000e+03,6,0.125000
1145,1.14500000e+03,7,0.145833
1146,1.14600000e+03,7,0.145833
1147,1.14700000e+03,7,0.145833
1148,1.14800000e+03,7,0.145833
1149,1.14900000e+03,7,0.145833
1150,1.15000000e+03,11,0.229167
1151,1.15100000e+03,11,0.229167
1152,1.15200000e+03,11,0.229167
1153,1.15300000e+03,11,0.229167
1154,1.15400000e+03,11,0.229167
1155,1.15500000e+03,6,0.125000
1156,1.15600000e+03,6,0.125000
1157,1.15700000e+03,6,0.125000
1158,1.15800000e+03,6,0.125000
1159,1.15900000e+03,6,0.125000
1160,1.16000000e+03,8,0.166667
1161,1.16100000e+03,8,0.166667
1162,1.16200000e+03,8,0.166667
1163,1.16300000e+03,8,0.166667
1164,1.16400000e+03,8,0.166667
1165,1.16500000e+03,8,0.166667
1166,1.16600000e+03,8,0.166667
1167,1.16700000e+03,8,0.166667
1168,1.16800000e+03,8,0.166667
1169,1.16900000e+03,8,0.166667
1170,1.17000000e+03,7,0.145833
1171,1.17100000e+03,7,0.145833
1172,1.17200000e+03,7,0.145833
1173,1.17300000e+03,7,0.145833
1174,1.17400000e+03,7,0.145833
1175,1.17500000e+03,5,0.104167
1176,1.17600000e+03,5,0.104167
1177,1.17700000e+03,5,0.104167
1178,1.17800000e+03,5,0.104167
1179,1.17900000e+03,5,0.104167
1180,1.18000000e+03,6,0.125000
1181,1.18100000e+03,6,0.125000
1182,1.18200000e+03,6,0.125000
1183,1.18300000e+03,6,0.125000
1184,1.18400000e+03,6,0.125000
1185,1.18500000e+03,10,0.208333
1186,1.18600000e+03,10,0.208333
1187,1.18700000e+03,10,0.208333
1188,1.18800000e+03,10,0.208333
1189,1.18900000e+03,10,0.208333
1190,1.19000000e+03,7,0.145833
1191,1.19100000e+03,7,0.145833
1192,1.19200000e+03,7,0.145833
1193,1.19300000e+03,7,0.145833
1194,1.19400000e+03,7,0.145833
1195,1.19500000e+03,4,0.083333
1196,1.19600000e+03,4,0.083333
1197,1.19700000e+03,4,0.083333
1198,1.19800000e+03,4,0.083333
1199,1.19900000e+03,4,0.083333
1200,1.20000000e+03,5,0.104167
1201,1.20100000e+03,5,0.104167
1202,1.20200000e+03,5,0.104167
1203,1.20300000e+03,5,0.104167
1204,1.20400000e+03,5,0.104167
1205,1.20500000e+03,4,0.083333
1206,1.20600000e+03,4,0.083333
1207,1.20700000e+03,4,0.083333
1208,1.20800000e+03,4,0.083333
1209,1.20900000e+03,4,0.083333
1210,1.21000000e+03,5,0.104167
1211,1.21100000e+03,5,0.104167
1212,1.21200000e+03,5,0.104167
1213,1.21300000e+03,5,0.104167
1214,1.21400000e+03,5,0.104167
1215,1.21500000e+03,4,0.083333
1216,1.21600000e+03,4,0.083333
1217,1.21700000e+03,4,0.083333
1218,1.21800000e+03,4,0.083333
1219,1.21900000e+03,4,0.083333
1220,1.22000000e+03,6,0.125000
1221,1.22100000e+03,6,0.125000
1222,1.22200000e+03,6,0.125000
1223,1.22300000e+03,6,0.125000
1224,1.22400000e+03,6,0.125000
1225,1.22500000e+03,4,0.083333
1226,1.22600000e+03,4,0.083333
1227,1.22700000e+03,4,0.083333
1228,1.22800000e+03,4,0.083333
1229,1.22900000e+03,4,0.083333
1230,1.23000000e+03,5,0.104167
1231,1.23100000e+03,5,0.104167
1232,1.23200000e+03,5,0.104167
1233,1.23300000e+03,5,0.104167
1234,1.23400000e+03,5,0.104167
1235,1.23500000e+03,3,0.062500
1236,1.23600000e+03,3,0.062500
1237,1.23700000e+03,3,0.062500
1238,1.23800000e+03,3,0.062500
1239,1.23900000e+03,3,0.062500
1240,1.24000000e+03,5,0.104167
1241,1.24100000e+03,5,0.104167
1242,1.24200000e+03,5,0.104167
1243,1.24300000e+03,5,0.104167
1244,1.24400000e+03,5,0.104167
1245,1.24500000e+03,7,0.145833
1246,1.24600000e+03,7,0.145833
1247,1.24700000e+03,7,0.145833
1248,1.24800000e+03,7,0.145833
1249,1.24900000e+03,7,0.145833
1250,1.25000000e+03,6,0.125000
1251,1.25100000e+03,6,0.125000
1252,1.25200000e+03,6,0.125000
1253,1.25300000e+03,6,0.125000
1254,1.25400000e+03,6,0.125000
1255,1.25500000e+03,8,0.166667
1256,1.25600000e+03,8,0.166667
1257,1.25700000e+03,8,0.166667
1258,1.25800000e+03,8,0.166667
1259,1.25900000e+03,8,0.166667
1260,1.26000000e+03,5,0.104167
1261,1.26100000e+03,5,0.104167
1262,1.26200000e+03,5,0.104167
1263,1.26300000e+03,5,0.104167
1264,1.26400000e+03,5,0.104167
1265,1.26500000e+03,6,0.125000
1266,1.26600000e+03,6,0.125000
1267,1.26700000e+03,6,0.125000
1268,1.26800000e+03,6,0.125000
1269,1.26900000e+03,6,0.125000
1270,1.27000000e+03,4,0.083333
1271,1.27100000e+03,4,0.083333
1272,1.27200000e+03,4,0.083333
1273,1.27300000e+03,4,0.083333
1274,1.27400000e+03,4,0.083333
1275,1.27500000e+03,6,0.125000
1276,1.27600000e+03,6,0.125000
1277,1.27700000e+03,6,0.125000
1278,1.27800000e+03,6,0.125000
1279,1.27900000e+03,6,0.125000
1280,1.28000000e+03,7,0.145833
1281,1.28100000e+03,7,0.145833
1282,1.28200000e+03,7,0.145833
1283,1.28300000e+03,7,0.145833
1284,1.28400000e+03,7,0.145833
1285,1.28500000e+03,6,0.125000
1286,1.28600000e+03,6,0.125000
1287,1.28700000e+03,6,0.125000
1288,1.28800000e+03,6,0.125000
1289,1.28900000e+03,6,0.125000
1290,1.29000000e+03,5,0.104167
1291,1.29100000e+03,5,0.104167
1292,1.29200000e+03,5,0.104167
1293,1.29300000e+03,5,0.104167
1294,1.29400000e+03,5,0.104167
1295,1.29500000e+03,6,0.125000
1296,1.29600000e+03,6,0.125000
1297,1.29700000e+03,6,0.125000
1298,1.29800000e+03,6,0.125000
1299,1.29900000e+03,6,0.125000
1300,1.30000000e+03,7,0.145833
1301,1.30100000e+03,7,0.145833
1302,1.30200000e+03,7,0.145833
1303,1.30300000e+03,7,0.145833
1304,1.30400000e+03,7,0.145833
1305,1.30500000e+03,2,0.041667
1306,1.30600000e+03,2,0.041667
1307,1.30700000e+03,2,0.041667
1308,1.30800000e+03,2,0.041667
1309,1.30900000e+03,2,0.041667
1310,1.31000000e+03,1,0.020833
1311,1.31100000e+03,1,0.020833
1312,1.31200000e+03,1,0.020833
1313,1.31300000e+03,1,0.020833
1314,1.31400000e+03,1,0.020833
1315,1.31500000e+03,2,0.041667
1316,1.31600000e+03,2,0.041667
1317,1.31700000e+03,2,0.041667
1318,1.31800000e+03,2,0.041667
1319,1.31900000e+03,2,0.041667
1320,1.32000000e+03,4,0.083333
1321,1.32100000e+03,4,0.083333
1322,1.32200000e+03,4,0.083333
1323,1.32300000e+03,4,0.083333
1324,1.32400000e+03,4,0.083333
1325,1.32500000e+03,2,0.041667
1326,1.32600000e+03,2,0.041667
1327,1.32700000e+03,2,0.041667
1328,1.32800000e+03,2,0.041667
1329,1.32900000e+03,2,0.041667
1330,1.33000000e+03,2,0.041667
1331,1.33100000e+03,2,0.041667
1332,1.33200000e+03,2,0.041667
1333,1.33300000e+03,2,0.041667
1334,1.33400000e+03,2,0.041667
1335,1.33500000e+03,3,0.062500
1336,1.33600000e+03,3,0.062500
1337,1.33700000e+03,3,0.062500
1338,1.33800000e+03,3,0.062500
1339,1.33900000e+03,3,0.062500
1340,1.34000000e+03,4,0.083333
1341,1.34100000e+03,4,0.083333
1342,1.34200000e+03,4,0.083333
1343,1.34300000e+03,4,0.083333
1344,1.34400000e+03,4,0.083333
1345,1.34500000e+03,4,0.083333
1346,1.34600000e+03,4,0.083333
1347,1.34700000e+03,4,0.083333
1348,1.34800000e+03,4,0.083333
1349,1.34900000e+03,4,0.083333
1350,1.35000000e+03,4,0.083333
1351,1.35100000e+03,4,0.083333
1352,1.35200000e+03,4,0.083333
1353,1.35300000e+03,4,0.083333
1354,1.35400000e+03,4,0.083333
1355,1.35500000e+03,3,0.062500
1356,1.35600000e+03,3,0.062500
1357,1.35700000e+03,3,0.062500
1358,1.35800000e+03,3,0.062500
1359,1.35900000e+03,3,0.062500
1360,1.36000000e+03,4,0.083333
1361,1.36100000e+03,4,0.083333
1362,1.36200000e+03,4,0.083333
1363,1.36300000e+03,4,0.083333
1364,1.36400000e+03,4,0.083333
1365,1.36500000e+03,2,0.041667
1366,1.36600000e+03,2,0.041667
1367,1.36700000e+03,2,0.041667
1368,1.36800000e+03,2,0.041667
1369,1.36900000e+03,2,0.041667
1370,1.37000000e+03,4,0.083333
1371,1.37100000e+03,4,0.083333
1372,1.37200000e+03,4,0.083333
1373,1.37300000e+03,4,0.083333
1374,1.37400000e+03,4,0.083333
1375,1.37500000e+03,0,0.000000
1376,1.37600000e+03,0,0.000000
1377,1.37700000e+03,0,0.000000
1378,1.37800000e+03,0,0.000000
1379,1.37900000e+03,0,0.000000
1380,1.38000000e+03,4,0.083333
1381,1.38100000e+03,4,0.083333
1382,1.38200000e+03,4,0.083333
1383,1.38300000e+03,4,0.083333
1384,1.38400000e+03,4,0.083333
1385,1.38500000e+03,2,0.041667
1386,1.38600000e+03,2,0.041667
1387,1.38700000e+03,2,0.041667
1388,1.38800000e+03,2,0.041667
1389,1.38900000e+03,2,0.041667
1390,1.39000000e+03,1,0.020833
1391,1.39100000e+03,1,0.020833
1392,1.39200000e+03,1,0.020833
1393,1.39300000e+03,1,0.020833
1394,1.39400000e+03,1,0.020833
1395,1.39500000e+03,3,0.062500
1396,1.39600000e+03,3,0.062500
1397,1.39700000e+03,3,0.062500
1398,1.39800000e+03,3,0.062500
1399,1.39900000e+03,3,0.062500
1400,1.40000000e+03,3,0.062500
1401,1.40100000e+03,3,0.062500
1402,1.40200000e+03,3,0.062500
1403,1.40300000e+03,3,0.062500
1404,1.40400000e+03,3,0.062500
1405,1.40500000e+03,3,0.062500
1406,1.40600000e+03,3,0.062500
1407,1.40700000e+03,3,0.062500
1408,1.40800000e+03,3,0.062500
1409,1.40900000e+03,3,0.062500
1410,1.41000000e+03,3,0.062500
1411,1.41100000e+03,3,0.062500
1412,1.41200000e+03,3,0.062500
1413,1.41300000e+03,3,0.062500
1414,1.41400000e+03,3,0.062500
1415,1.41500000e+03,0,0.000000
1416,1.41600000e+03,0,0.000000
1417,1.41700000e+03,0,0.000000
1418,1.41800000e+03,0,0.000000
1419,1.41900000e+03,0,0.000000
1420,1.42000000e+03,-3,-0.062500
1421,1.42100000e+03,-3,-0.062500
1422,1.42200000e+03,-3,-0.062500
1423,1.42300000e+03,-3,-0.062500
1424,1.42400000e+03,-3,-0.062500
1425,1.42500000e+03,-3,-0.062500
1426,1.42600000e+03,-3,-0.062500
1427,1.42700000e+03,-3,-0.062500
1428,1.42800000e+03,-3,-0.062500
1429,1.42900000e+03,-3,-0.062500
1430,1.43000000e+03,0,0.000000
1431,1.43100000e+03,0,0.000000
1432,1.43200000e+03,0,0.000000
1433,1.43300000e+03,0,0.000000
1434,1.43400000e+03,0,0.000000
1435,1.43500000e+03,-1,-0.020833
1436,1.43600000e+03,-1,-0.020833
1437,1.43700000e+03,-1,-0.020833
1438,1.43800000e+03,-1,-0.020833
1439,1.43900000e+03,-1,-0.020833
1440,1.44000000e+03,-2,-0.041667
1441,1.44100000e+03,-2,-0.041667
1442,1.44200000e+03,-2,-0.041667
1443,1.44300000e+03,-2,-0.041667
1444,1.44400000e+03,-2,-0.041667
1445,1.44500000e+03,-4,-0.083333
1446,1.44600000e+03,-4,-0.083333
1447,1.44700000e+03,-4,-0.083333
1448,1.44800000e+03,-4,-0.083333
1449,1.44900000e+03,-4,-0.083333
1450,1.45000000e+03,-4,-0.083333
1451,1.45100000e+03,-4,-0.083333
1452,1.45200000e+03,-4,-0.083333
1453,1.45300000e+03,-4,-0.083333
1454,1.45400000e+03,-4,-0.083333
1455,1.45500000e+03,-5,-0.104167
1456,1.45600000e+03,-5,-0.104167
1457,1.45700000e+03,-5,-0.104167
1458,1.45800000e+03,-5,-0.104167
1459,1.45900000e+03,-5,-0.104167
1460,1.46000000e+03,-3,-0.062500
1461,1.46100000e+03,-3,-0.062500
1462,1.46200000e+03,-3,-0.062500
1463,1.46300000e+03,-3,-0.062500
1464,1.46400000e+03,-3,-0.062500
1465,1.46500000e+03,-5,-0.104167
1466,1.46600000e+03,-5,-0.104167
1467,1.46700000e+03,-5,-0.104167
1468,1.46800000e+03,-5,-0.104167
1469,1.46900000e+03,-5,-0.104167
1470,1.47000000e+03,-4,-0.083333
1471,1.47100000e+03,-4,-0.083333
1472,1.47200000e+03,-4,-0.083333
1473,1.47300000e+03,-4,-0.083333
1474,1.47400000e+03,-4,-0.083333
1475,1.47500000e+03,-4,-0.083333
1476,1.47600000e+03,-4,-0.083333
1477,1.47700000e+03,-4,-0.083333
1478,1.47800000e+03,-4,-0.083333
1479,1.47900000e+03,-4,-0.083333
1480,1.48000000e+03,-5,-0.104167
1481,1.48100000e+03,-5,-0.104167
1482,1.48200000e+03,-5,-0.104167
1483,1.48300000e+03,-5,-0.104167
1484,1.48400000e+03,-5,-0.104167
1485,1.48500000e+03,-7,-0.145833
1486,1.48600000e+03,-7,-0.145833
1487,1.48700000e+03,-7,-0.145833
1488,1.48800000e+03,-7,-0.145833
1489,1.48900000e+03,-7,-0.145833
1490,1.49000000e+03,-3,-0.062500
1491,1.49100000e+03,-3,-0.062500
1492,1.49200000e+03,-3,-0.062500
1493,1.49300000e+03,-3,-0.062500
1494,1.49400000e+03,-3,-0.062500
1495,1.49500000e+03,-5,-0.104167
1496,1.49600000e+03,-5,-0.104167
1497,1.49700000e+03,-5,-0.104167
1498,1.49800000e+03,-5,-0.104167
1499,1.49900000e+03,-5,-0.104167
1500,1.50000000e+03,-4,-0.083333
1501,1.50100000e+03,-4,-0.083333
1502,1.50200000e+03,-4,-0.083333
1503,1.50300000e+03,-4,-0.083333
1504,1.50400000e+03,-4,-0.083333
1505,1.50500000e+03,-6,-0.125000
1506,1.50600000e+03,-6,-0.125000
1507,1.50700000e+03,-6,-0.125000
1508,1.50800000e+03,-6,-0.125000
1509,1.50900000e+03,-6,-0.125000
1510,1.51000000e+03,-8,-0.166667
1511,1.51100000e+03,-8,-0.166667
1512,1.51200000e+03,-8,-0.166667
1513,1.51300000e+03,-8,-0.166667
1514,1.51400000e+03,-8,-0.166667
1515,1.51500000e+03,-7,-0.145833
1516,1.51600000e+03,-7,-0.145833
1517,1.51700000e+03,-7,-0.145833
1518,1.51800000e+03,-7,-0.145833
1519,1.51900000e+03,-7,-0.145833
1520,1.52000000e+03,-7,-0.145833
1521,1.52100000e+03,-7,-0.145833
1522,1.52200000e+03,-7,-0.145833
1523,1.52300000e+03,-7,-0.145833
1524,1.52400000e+03,-7,-0.145833
1525,1.52500000e+03,-9,-0.187500
1526,1.52600000e+03,-9,-0.187500
1527,1.52700000e+03,-9,-0.187500
1528,1.52800000e+03,-9,-0.187500
1529,1.52900000e+03,-9,-0.187500
1530,1.53000000e+03,-8,-0.166667
1531,1.53100000e+03,-8,-0.166667
1532,1.53200000e+03,-8,-0.166667
1533,1.53300000e+03,-8,-0.166667
1534,1.53400000e+03,-8,-0.166667
1535,1.53500000e+03,-9,-0.187500
1536,1.53600000e+03,-9,-0.187500
1537,1.53700000e+03,-9,-0.187500
1538,1.53800000e+03,-9,-0.187500
1539,1.53900000e+03,-9,-0.187500
1540,1.54000000e+03,-7,-0.145833
1541,1.54100000e+03,-7,-0.145833
1542,1.54200000e+03,-7,-0.145833
1543,1.54300000e+03,-7,-0.145833
1544,1.54400000e+03,-7,-0.145833
1545,1.54500000e+03,-9,-0.187500
1546,1.54600000e+03,-9,-0.187500
1547,1.54700000e+03,-9,-0.187500
1548,1.54800000e+03,-9,-0.187500
1549,1.54900000e+03,-9,-0.187500
1550,1.55000000e+03,-11,-0.229167
1551,1.55100000e+03,-11,-0.229167
1552,1.55200000e+03,-11,-0.229167
1553,1.55300000e+03,-11,-0.229167
1554,1.55400000e+03,-11,-0.229167
1555,1.55500000e+03,-11,-0.229167
1556,1.55600000e+03,-11,-0.229167
1557,1.55700000e+03,-11,-0.229167
1558,1.55800000e+03,-11,-0.229167
1559,1.55900000e+03,-11,-0.229167
1560,1.56000000e+03,-8,-0.166667
1561,1.56100000e+03,-8,-0.166667
1562,1.56200000e+03,-8,-0.166667
1563,1.56300000e+03,-8,-0.166667
1564,1.56400000e+03,-8,-0.166667
1565,1.56500000e+03,-13,-0.270833
1566,1.56600000e+03,-13,-0.270833
1567,1.56700000e+03,-13,-0.270833
1568,1.56800000e+03,-13,-0.270833
1569,1.56900000e+03,-13,-0.270833
1570,1.57000000e+03,-15,-0.312500
1571,1.57100000e+03,-15,-0.312500
1572,1.57200000e+03,-15,-0.312500
1573,1.57300000e+03,-15,-0.312500
1574,1.57400000e+03,-15,-0.312500
1575,1.57500000e+03,-9,-0.187500
1576,1.57600000e+03,-9,-0.187500
1577,1.57700000e+03,-9,-0.187500
1578,1.57800000e+03,-9,-0.187500
1579,1.57900000e+03,-9,-0.187500
1580,1.58000000e+03,-9,-0.187500
1581,1.58100000e+03,-9,-0.187500
1582,1.58200000e+03,-9,-0.187500
1583,1.58300000e+03,-9,-0.187500
1584,1.58400000e+03,-9,-0.187500
1585,1.58500000e+03,-12,-0.250000
1586,1.58600000e+03,-12,-0.250000
1587,1.58700000e+03,-12,-0.250000
1588,1.58800000e+03,-12,-0.250000
1589,1.58900000e+03,-12,-0.250000
1590,1.59000000e+03,-9,-0.187500
1591,1.59100000e+03,-9,-0.187500
1592,1.59200000e+03,-9,-0.187500
1593,1.59300000e+03,-9,-0.187500
1594,1.59400000e+03,-9,-0.187500
1595,1.59500000e+03,-14,-0.291667
1596,1.59600000e+03,-14,-0.291667
1597,1.59700000e+03,-14,-0.291667
1598,1.59800000e+03,-14,-0.291667
1599,1.59900000e+03,-14,-0.291667
1600,1.60000000e+03,-12,-0.250000
1601,1.60100000e+03,-12,-0.250000
1602,1.60200000e+03,-12,-0.250000
1603,1.60300000e+03,-12,-0.250000
1604,1.60400000e+03,-12,-0.250000
1605,1.60500000e+03,-12,-0.250000
1606,1.60600000e+03,-12,-0.250000
1607,1.60700000e+03,-12,-0.250000
1608,1.60800000e+03,-12,-0.250000
1609,1.60900000e+03,-12,-0.250000
1610,1.61000000e+03,-11,-0.229167
1611,1.61100000e+03,-11,-0.229167
1612,1.61200000e+03,-11,-0.229167
1613,1.61300000e+03,-11,-0.229167
1614,1.61400000e+03,-11,-0.229167
1615,1.61500000e+03,-8,-0.166667
1616,1.61600000e+03,-8,-0.166667
1617,1.61700000e+03,-8,-0.166667
1618,1.61800000e+03,-8,-0.166667
1619,1.61900000e+03,-8,-0.166667
1620,1.62000000e+03,-12,-0.250000
1621,1.62100000e+03,-12,-0.250000
1622,1.62200000e+03,-12,-0.250000
1623,1.62300000e+03,-12,-0.250000
1624,1.62400000e+03,-12,-0.250000
1625,1.62500000e+03,-12,-0.250000
1626,1.62600000e+03,-12,-0.250000
1627,1.62700000e+03,-12,-0.250000
1628,1.62800000e+03,-12,-0.250000
1629,1.62900000e+03,-12,-0.250000
1630,1.63000000e+03,-14,-0.291667
1631,1.63100000e+03,-14,-0.291667
1632,1.63200000e+03,-14,-0.291667
1633,1.63300000e+03,-14,-0.291667
1634,1.63400000e+03,-14,-0.291667
1635,1.63500000e+03,-11,-0.229167
1636,1.63600000e+03,-11,-0.229167
1637,1.63700000e+03,-11,-0.229167
1638,1.63800000e+03,-11,-0.229167
1639,1.63900000e+03,-11,-0.229167
1640,1.64000000e+03,-14,-0.291667
1641,1.64100000e+03,-14,-0.291667
1642,1.64200000e+03,-14,-0.291667
1643,1.64300000e+03,-14,-0.291667
1644,1.64400000e+03,-14,-0.291667
1645,1.64500000e+03,-11,-0.229167
1646,1.64600000e+03,-11,-0.229167
1647,1.64700000e+03,-11,-0.229167
1648,1.64800000e+03,-11,-0.229167
1649,1.64900000e+03,-11,-0.229167
1650,1.65000000e+03,-14,-0.291667
1651,1.65100000e+03,-14,-0.291667
1652,1.65200000e+03,-14,-0.291667
1653,1.65300000e+03,-14,-0.291667
1654,1.65400000e+03,-14,-0.291667
1655,1.65500000e+03,-13,-0.270833
1656,1.65600000e+03,-13,-0.270833
1657,1.65700000e+03,-13,-0.270833
1658,1.65800000e+03,-13,-0.270833
1659,1.65900000e+03,-13,-0.270833
1660,1.66000000e+03,-15,-0.312500
1661,1.66100000e+03,-15,-0.312500
1662,1.66200000e+03,-15,-0.312500
1663,1.66300000e+03,-15,-0.312500
1664,1.66400000e+03,-15,-0.312500
1665,1.66500000e+03,-14,-0.291667
1666,1.66600000e+03,-14,-0.291667
1667,1.66700000e+03,-14,-0.291667
1668,1.66800000e+03,-14,-0.291667
1669,1.66900000e+03,-14,-0.291667
1670,1.67000000e+03,-15,-0.312500
1671,1.67100000e+03,-15,-0.312500
1672,1.67200000e+03,-15,-0.312500
1673,1.67300000e+03,-15,-0.312500
1674,1.67400000e+03,-15,-0.312500
1675,1.67500000e+03,-17,-0.354167
1676,1.67600000e+03,-17,-0.354167
1677,1.67700000e+03,-17,-0.354167
1678,1.67800000e+03,-17,-0.354167
1679,1.67900000e+03,-17,-0.354167
1680,1.68000000e+03,-16,-0.333333
1681,1.68100000e+03,-16,-0.333333
1682,1.68200000e+03,-16,-0.333333
1683,1.68300000e+03,-16,-0.333333
1684,1.68400000e+03,-16,-0.333333
1685,1.68500000e+03,-15,-0.312500
1686,1.68600000e+03,-15,-0.312500
1687,1.68700000e+03,-15,-0.312500
1688,1.68800000e+03,-15,-0.312500
1689,1.68900000e+03,-15,-0.312500
1690,1.69000000e+03,-14,-0.291667
1691,1.69100000e+03,-14,-0.291667
1692,1.69200000e+03,-14,-0.291667
1693,1.69300000e+03,-14,-0.291667
1694,1.69400000e+03,-14,-0.291667
1695,1.69500000e+03,-15,-0.312500
1696,1.69600000e+03,-15,-0.312500
1697,1.69700000e+03,-15,-0.312500
1698,1.69800000e+03,-15,-0.312500
1699,1.69900000e+03,-15,-0.312500
1700,1.70000000e+03,-17,-0.354167
1701,1.70100000e+03,-17,-0.354167
1702,1.70200000e+03,-17,-0.354167
1703,1.70300000e+03,-17,-0.354167
1704,1.70400000e+03,-17,-0.354167
1705,1.70500000e+03,-11,-0.229167
1706,1.70600000e+03,-11,-0.229167
1707,1.70700000e+03,-11,-0.229167
1708,1.70800000e+03,-11,-0.229167
1709,1.70900000e+03,-11,-0.229167
1710,1.71000000e+03,-14,-0.291667
1711,1.71100000e+03,-14,-0.291667
1712,1.71200000e+03,-14,-0.291667
1713,1.71300000e+03,-14,-0.291667
1714,1.71400000e+03,-14,-0.291667
1715,1.71500000e+03,-15,-0.312500
1716,1.71600000e+03,-15,-0.312500
1717,1.71700000e+03,-15,-0.312500
1718,1.71800000e+03,-15,-0.312500
1719,1.71900000e+03,-15,-0.312500
1720,1.72000000e+03,-17,-0.354167
1721,1.72100000e+03,-17,-0.354167
1722,1.72200000e+03,-17,-0.354167
1723,1.72300000e+03,-17,-0.354167
1724,1.72400000e+03,-17,-0.354167
1725,1.72500000e+03,-12,-0.250000
1726,1.72600000e+03,-12,-0.250000
1727,1.72700000e+03,-12,-0.250000
1728,1.72800000e+03,-12,-0.250000
1729,1.72900000e+03,-12,-0.250000
1730,1.73000000e+03,-14,-0.291667
1731,1.73100000e+03,-14,-0.291667
1732,1.73200000e+03,-14,-0.291667
1733,1.73300000e+03,-14,-0.291667
1734,1.73400000e+03,-14,-0.291667
1735,1.73500000e+03,-16,-0.333333
1736,1.73600000e+03,-16,-0.333333
1737,1.73700000e+03,-16,-0.333333
1738,1.73800000e+03,-16,-0.333333
1739,1.73900000e+03,-16,-0.333333
1740,1.74000000e+03,-16,-0.333333
1741,1.74100000e+03,-16,-0.333333
1742,1.74200000e+03,-16,-0.333333
1743,1.74300000e+03,-16,-0.333333
1744,1.74400000e+03,-16,-0.333333
1745,1.74500000e+03,-12,-0.250000
1746,1.74600000e+03,-12,-0.250000
1747,1.74700000e+03,-12,-0.250000
1748,1.74800000e+03,-12,-0.250000
1749,1.74900000e+03,-12,-0.250000
1750,1.75000000e+03,-14,-0.291667
1751,1.75100000e+03,-14,-0.291667
1752,1.75200000e+03,-14,-0.291667
1753,1.75300000e+03,-14,-0.291667
1754,1.75400000e+03,-14,-0.291667
1755,1.75500000e+03,-15,-0.312500
1756,1.75600000e+03,-15,-0.312500
1757,1.75700000e+03,-15,-0.312500
1758,1.75800000e+03,-15,-0.312500
1759,1.75900000e+03,-15,-0.312500
1760,1.76000000e+03,-14,-0.291667
1761,1.76100000e+03,-14,-0.291667
1762,1.76200000e+03,-14,-0.291667
1763,1.76300000e+03,-14,-0.291667
1764,1.76400000e+03,-14,-0.291667
1765,1.76500000e+03,-15,-0.312500
1766,1.76600000e+03,-15,-0.312500
1767,1.76700000e+03,-15,-0.312500
1768,1.76800000e+03,-15,-0.312500
1769,1.76900000e+03,-15,-0.312500
1770,1.77000000e+03,-15,-0.312500
1771,1.77100000e+03,-15,-0.312500
1772,1.77200000e+03,-15,-0.312500
1773,1.77300000e+03,-15,-0.312500
1774,1.77400000e+03,-15,-0.312500
1775,1.77500000e+03,-13,-0.270833
1776,1.77600000e+03,-13,-0.270833
1777,1.77700000e+03,-13,-0.270833
1778,1.77800000e+03,-13,-0.270833
1779,1.77900000e+03,-13,-0.270833
1780,1.78000000e+03,-15,-0.312500
1781,1.78100000e+03,-15,-0.312500
1782,1.78200000e+03,-15,-0.312500
1783,1.78300000e+03,-15,-0.312500
1784,1.78400000e+03,-15,-0.312500
1785,1.78500000e+03,-12,-0.250000
1786,1.78600000e+03,-12,-0.250000
1787,1.78700000e+03,-12,-0.250000
1788,1.78800000e+03,-12,-0.250000
1789,1.78900000e+03,-12,-0.250000
1790,1.79000000e+03,-14,-0.291667
1791,1.79100000e+03,-14,-0.291667
1792,1.79200000e+03,-14,-0.291667
1793,1.79300000e+03,-14,-0.291667
1794,1.79400000e+03,-14,-0.291667
1795,1.79500000e+03,-15,-0.312500
1796,1.79600000e+03,-15,-0.312500
1797,1.79700000e+03,-15,-0.312500
1798,1.79800000e+03,-15,-0.312500
1799,1.79900000e+03,-15,-0.312500
1800,1.80000000e+03,-14,-0.291667
1801,1.80100000e+03,-14,-0.291667
1802,1.80200000e+03,-14,-0.291667
1803,1.80300000e+03,-14,-0.291667
1804,1.80400000e+03,-14,-0.291667
1805,1.80500000e+03,-17,-0.354167
1806,1.80600000e+03,-17,-0.354167
1807,1.80700000e+03,-17,-0.354167
1808,1.80800000e+03,-17,-0.354167
1809,1.80900000e+03,-17,-0.354167
1810,1.81000000e+03,-15,-0.312500
1811,1.81100000e+03,-15,-0.312500
1812,1.81200000e+03,-15,-0.312500
1813,1.81300000e+03,-15,-0.312500
1814,1.81400000e+03,-15,-0.312500
1815,1.81500000e+03,-15,-0.312500
1816,1.81600000e+03,-15,-0.312500
1817,1.81700000e+03,-15,-0.312500
1818,1.81800000e+03,-15,-0.312500
1819,1.81900000e+03,-15,-0.312500
1820,1.82000000e+03,-16,-0.333333
1821,1.82100000e+03,-16,-0.333333
1822,1.82200000e+03,-16,-0.333333
1823,1.82300000e+03,-16,-0.333333
1824,1.82400000e+03,-16,-0.333333
1825,1.82500000e+03,-13,-0.270833
1826,1.82600000e+03,-13,-0.270833
1827,1.82700000e+03,-13,-0.270833
1828,1.82800000e+03,-13,-0.270833
1829,1.82900000e+03,-13,-0.270833
1830,1.83000000e+03,-17,-0.354167
1831,1.83100000e+03,-17,-0.354167
1832,1.83200000e+03,-17,-0.354167
1833,1.83300000e+03,-17,-0.354167
1834,1.83400000e+03,-17,-0.354167
1835,1.83500000e+03,-15,-0.312500
1836,1.83600000e+03,-15,-0.312500
1837,1.83700000e+03,-15,-0.312500
1838,1.83800000e+03,-15,-0.312500
1839,1.83900000e+03,-15,-0.312500
1840,1.84000000e+03,-13,-0.270833
1841,1.84100000e+03,-13,-0.270833
1842,1.84200000e+03,-13,-0.270833
1843,1.84300000e+03,-13,-0.270833
1844,1.84400000e+03,-13,-0.270833
1845,1.84500000e+03,-15,-0.312500
1846,1.84600000e+03,-15,-0.312500
1847,1.84700000e+03,-15,-0.312500
1848,1.84800000e+03,-15,-0.312500
1849,1.84900000e+03,-15,-0.312500
1850,1.85000000e+03,-16,-0.333333
1851,1.85100000e+03,-16,-0.333333
1852,1.85200000e+03,-16,-0.333333
1853,1.85300000e+03,-16,-0.333333
1854,1.85400000e+03,-16,-0.333333
1855,1.85500000e+03,-17,-0.354167
1856,1.85600000e+03,-17,-0.354167
1857,1.85700000e+03,-17,-0.354167
1858,1.85800000e+03,-17,-0.354167
1859,1.85900000e+03,-17,-0.354167
1860,1.86000000e+03,-17,-0.354167
1861,1.86100000e+03,-17,-0.354167
1862,1.86200000e+03,-17,-0.354167
1863,1.86300000e+03,-17,-0.354167
1864,1.86400000e+03,-17,-0.354167
1865,1.86500000e+03,-19,-0.395833
1866,1.86600000e+03,-19,-0.395833
1867,1.86700000e+03,-19,-0.395833
1868,1.86800000e+03,-19,-0.395833
1869,1.86900000e+03,-19,-0.395833
1870,1.87000000e+03,-16,-0.333333
1871,1.87100000e+03,-16,-0.333333
1872,1.87200000e+03,-16,-0.333333
1873,1.87300000e+03,-16,-0.333333
1874,1.87400000e+03,-16,-0.333333
1875,1.87500000e+03,-17,-0.354167
1876,1.87600000e+03,-17,-0.354167
1877,1.87700000e+03,-17,-0.354167
1878,1.87800000e+03,-17,-0.354167
1879,1.87900000e+03,-17,-0.354167
1880,1.88000000e+03,-17,-0.354167
1881,1.88100000e+03,-17,-0.354167
1882,1.88200000e+03,-17,-0.354167
1883,1.88300000e+03,-17,-0.354167
1884,1.88400000e+03,-17,-0.354167
1885,1.88500000e+03,-17,-0.354167
1886,1.88600000e+03,-17,-0.354167
1887,1.88700000e+03,-17,-0.354167
1888,1.88800000e+03,-17,-0.354167
1889,1.88900000e+03,-17,-0.354167
1890,1.89000000e+03,-16,-0.333333
1891,1.89100000e+03,-16,-0.333333
1892,1.89200000e+03,-16,-0.333333
1893,1.89300000e+03,-16,-0.333333
1894,1.89400000e+03,-16,-0.333333
1895,1.89500000e+03,-16,-0.333333
1896,1.89600000e+03,-16,-0.333333
1897,1.89700000e+03,-16,-0.333333
1898,1.89800000e+03,-16,-0.333333
1899,1.89900000e+03,-16,-0.333333
1900,1.90000000e+03,-16,-0.333333
1901,1.90100000e+03,-16,-0.333333
1902,1.90200000e+03,-16,-0.333333
1903,1.90300000e+03,-16,-0.333333
1904,1.90400000e+03,-16,-0.333333
1905,1.90500000e+03,-21,-0.437500
1906,1.90600000e+03,-21,-0.437500
1907,1.90700000e+03,-21,-0.437500
1908,1.90800000e+03,-21,-0.437500
1909,1.90900000e+03,-21,-0.437500
1910,1.91000000e+03,-19,-0.395833
1911,1.91100000e+03,-19,-0.395833
1912,1.91200000e+03,-19,-0.395833
1913,1.91300000e+03,-19,-0.395833
1914,1.91400000e+03,-19,-0.395833
1915,1.91500000e+03,-19,-0.395833
1916,1.91600000e+03,-19,-0.395833
1917,1.91700000e+03,-19,-0.395833
1918,1.91800000e+03,-19,-0.395833
1919,1.91900000e+03,-19,-0.395833
1920,1.92000000e+03,-19,-0.395833
1921,1.92100000e+03,-19,-0.395833
1922,1.92200000e+03,-19,-0.395833
1923,1.92300000e+03,-19,-0.395833
1924,1.92400000e+03,-19,-0.395833
1925,1.92500000e+03,-18,-0.375000
1926,1.92600000e+03,-18,-0.375000
1927,1.92700000e+03,-18,-0.375000
1928,1.92800000e+03,-18,-0.375000
1929,1.92900000e+03,-18,-0.375000
1930,1.93000000e+03,-19,-0.395833
1931,1.93100000e+03,-19,-0.395833
1932,1.93200000e+03,-19,-0.395833
1933,1.93300000e+03,-19,-0.395833
1934,1.93400000e+03,-19,-0.395833
1935,1.93500000e+03,-17,-0.354167
1936,1.93600000e+03,-17,-0.354167
1937,1.93700000e+03,-17,-0.354167
1938,1.93800000e+03,-17,-0.354167
1939,1.93900000e+03,-17,-0.354167
1940,1.94000000e+03,-17,-0.354167
1941,1.94100000e+03,-17,-0.354167
1942,1.94200000e+03,-17,-0.354167
1943,1.94300000e+03,-17,-0.354167
1944,1.94400000e+03,-17,-0.354167
1945,1.94500000e+03,-15,-0.312500
1946,1.94600000e+03,-15,-0.312500
1947,1.94700000e+03,-15,-0.312500
1948,1.94800000e+03,-15,-0.312500
1949,1.94900000e+03,-15,-0.312500
1950,1.95000000e+03,-19,-0.395833
1951,1.95100000e+03,-19,-0.395833
1952,1.95200000e+03,-19,-0.395833
1953,1.95300000e+03,-19,-0.395833
1954,1.95400000e+03,-19,-0.395833
1955,1.95500000e+03,-17,-0.354167
1956,1.95600000e+03,-17,-0.354167
1957,1.95700000e+03,-17,-0.354167
1958,1.95800000e+03,-17,-0.354167
1959,1.95900000e+03,-17,-0.354167
1960,1.96000000e+03,-19,-0.395833
1961,1.96100000e+03,-19,-0.395833
1962,1.96200000e+03,-19,-0.395833
1963,1.96300000e+03,-19,-0.395833
1964,1.96400000e+03,-19,-0.395833
1965,1.96500000e+03,-19,-0.395833
1966,1.96600000e+03,-19,-0.395833
1967,1.96700000e+03,-19,-0.395833
1968,1.96800000e+03,-19,-0.395833
1969,1.96900000e+03,-19,-0.395833
1970,1.97000000e+03,-17,-0.354167
1971,1.97100000e+03,-17,-0.354167
1972,1.97200000e+03,-17,-0.354167
1973,1.97300000e+03,-17,-0.354167
1974,1.97400000e+03,-17,-0.354167
1975,1.97500000e+03,-19,-0.395833
1976,1.97600000e+03,-19,-0.395833
1977,1.97700000e+03,-19,-0.395833
1978,1.97800000e+03,-19,-0.395833
1979,1.97900000e+03,-19,-0.395833
1980,1.98000000e+03,-17,-0.354167
1981,1.98100000e+03,-17,-0.354167
1982,1.98200000e+03,-17,-0.354167
1983,1.98300000e+03,-17,-0.354167
1984,1.98400000e+03,-17,-0.354167
1985,1.98500000e+03,-16,-0.333333
1986,1.98600000e+03,-16,-0.333333
1987,1.98700000e+03,-16,-0.333333
1988,1.98800000e+03,-16,-0.333333
1989,1.98900000e+03,-16,-0.333333
1990,1.99000000e+03,-16,-0.333333
1991,1.99100000e+03,-16,-0.333333
1992,1.99200000e+03,-16,-0.333333
1993,1.99300000e+03,-16,-0.333333
1994,1.99400000e+03,-16,-0.333333
1995,1.99500000e+03,-16,-0.333333
1996,1.99600000e+03,-16,-0.333333
1997,1.99700000e+03,-16,-0.333333
1998,1.99800000e+03,-16,-0.333333
1999,1.99900000e+03,-16,-0.333333
2000,2.00000000e+03,-18,-0.375000
2001,2.00100000e+03,-18,-0.375000
2002,2.00200000e+03,-18,-0.375000
2003,2.00300000e+03,-18,-0.375000
2004,2.00400000e+03,-18,-0.375000
2005,2.00500000e+03,-15,-0.312500
2006,2.00600000e+03,-15,-0.312500
2007,2.00700000e+03,-15,-0.312500
2008,2.00800000e+03,-15,-0.312500
2009,2.00900000e+03,-15,-0.312500
2010,2.01000000e+03,-19,-0.395833
2011,2.01100000e+03,-19,-0.395833
2012,2.01200000e+03,-19,-0.395833
2013,2.01300000e+03,-19,-0.395833
2014,2.01400000e+03,-19,-0.395833
2015,2.01500000e+03,-15,-0.312500
2016,2.01600000e+03,-15,-0.312500
2017,2.01700000e+03,-15,-0.312500
2018,2.01800000e+03,-15,-0.312500
2019,2.01900000e+03,-15,-0.312500
2020,2.02000000e+03,-18,-0.375000
2021,2.02100000e+03,-18,-0.375000
2022,2.02200000e+03,-18,-0.375000
2023,2.02300000e+03,-18,-0.375000
2024,2.02400000e+03,-18,-0.375000
2025,2.02500000e+03,-16,-0.333333
2026,2.02600000e+03,-16,-0.333333
2027,2.02700000e+03,-16,-0.333333
2028,2.02800000e+03,-16,-0.333333
2029,2.02900000e+03,-16,-0.333333
2030,2.03000000e+03,-16,-0.333333
2031,2.03100000e+03,-16,-0.333333
2032,2.03200000e+03,-16,-0.333333
2033,2.03300000e+03,-16,-0.333333
2034,2.03400000e+03,-16,-0.333333
2035,2.03500000e+03,-17,-0.354167
2036,2.03600000e+03,-17,-0.354167
2037,2.03700000e+03,-17,-0.354167
2038,2.03800000e+03,-17,-0.354167
2039,2.03900000e+03,-17,-0.354167
2040,2.04000000e+03,-16,-0.333333
2041,2.04100000e+03,-16,-0.333333
2042,2.04200000e+03,-16,-0.333333
2043,2.04300000e+03,-16,-0.333333
2044,2.04400000e+03,-16,-0.333333
2045,2.04500000e+03,-16,-0.333333
2046,2.04600000e+03,-16,-0.333333
2047,2.04700000e+03,-16,-0.333333
2048,2.04800000e+03,-16,-0.333333
2049,2.04900000e+03,-16,-0.333333
2050,2.05000000e+03,-20,-0.416667
2051,2.05100000e+03,-20,-0.416667
2052,2.05200000e+03,-20,-0.416667
2053,2.05300000e+03,-20,-0.416667
2054,2.05400000e+03,-20,-0.416667
2055,2.05500000e+03,-19,-0.395833
2056,2.05600000e+03,-19,-0.395833
2057,2.05700000e+03,-19,-0.395833
2058,2.05800000e+03,-19,-0.395833
2059,2.05900000e+03,-19,-0.395833
2060,2.06000000e+03,-17,-0.354167
2061,2.06100000e+03,-17,-0.354167
2062,2.06200000e+03,-17,-0.354167
2063,2.06300000e+03,-17,-0.354167
2064,2.06400000e+03,-17,-0.354167
2065,2.06500000e+03,-20,-0.416667
2066,2.06600000e+03,-20,-0.416667
2067,2.06700000e+03,-20,-0.416667
2068,2.06800000e+03,-20,-0.416667
2069,2.06900000e+03,-20,-0.416667
2070,2.07000000e+03,-17,-0.354167
2071,2.07100000e+03,-17,-0.354167
2072,2.07200000e+03,-17,-0.354167
2073,2.07300000e+03,-17,-0.354167
2074,2.07400000e+03,-17,-0.354167
2075,2.07500000e+03,-19,-0.395833
2076,2.07600000e+03,-19,-0.395833
2077,2.07700000e+03,-19,-0.395833
2078,2.07800000e+03,-19,-0.395833
2079,2.07900000e+03,-19,-0.395833
2080,2.08000000e+03,-13,-0.270833
2081,2.08100000e+03,-13,-0.270833
2082,2.08200000e+03,-13,-0.270833
2083,2.08300000e+03,-13,-0.270833
2084,2.08400000e+03,-13,-0.270833
2085,2.08500000e+03,-17,-0.354167
2086,2.08600000e+03,-17,-0.354167
2087,2.08700000e+03,-17,-0.354167
2088,2.08800000e+03,-17,-0.354167
2089,2.08900000e+03,-17,-0.354167
2090,2.09000000e+03,-17,-0.354167
2091,2.09100000e+03,-17,-0.354167
2092,2.09200000e+03,-17,-0.354167
2093,2.09300000e+03,-17,-0.354167
2094,2.09400000e+03,-17,-0.354167
2095,2.09500000e+03,-20,-0.416667
2096,2.09600000e+03,-20,-0.416667
2097,2.09700000e+03,-20,-0.416667
2098,2.09800000e+03,-20,-0.416667
2099,2.09900000e+03,-20,-0.416667
2100,2.10000000e+03,-17,-0.354167
2101,2.10100000e+03,-17,-0.354167
2102,2.10200000e+03,-17,-0.354167
2103,2.10300000e+03,-17,-0.354167
2104,2.10400000e+03,-17,-0.354167
2105,2.10500000e+03,-21,-0.437500
2106,2.10600000e+03,-21,-0.437500
2107,2.10700000e+03,-21,-0.437500
2108,2.10800000e+03,-21,-0.437500
2109,2.10900000e+03,-21,-0.437500
2110,2.11000000e+03,-22,-0.458333
2111,2.11100000e+03,-22,-0.458333
2112,2.11200000e+03,-22,-0.458333
2113,2.11300000e+03,-22,-0.458333
2114,2.11400000e+03,-22,-0.458333
2115,2.11500000e+03,-17,-0.354167
2116,2.11600000e+03,-17,-0.354167
2117,2.11700000e+03,-17,-0.354167
2118,2.11800000e+03,-17,-0.354167
2119,2.11900000e+03,-17,-0.354167
2120,2.12000000e+03,-17,-0.354167
2121,2.12100000e+03,-17,-0.354167
2122,2.12200000e+03,-17,-0.354167
2123,2.12300000e+03,-17,-0.354167
2124,2.12400000e+03,-17,-0.354167
2125,2.12500000e+03,-20,-0.416667
2126,2.12600000e+03,-20,-0.416667
2127,2.12700000e+03,-20,-0.416667
2128,2.12800000e+03,-20,-0.416667
2129,2.12900000e+03,-20,-0.416667
2130,2.13000000e+03,-22,-0.458333
2131,2.13100000e+03,-22,-0.458333
2132,2.13200000e+03,-22,-0.458333
2133,2.13300000e+03,-22,-0.458333
2134,2.13400000e+03,-22,-0.458333
2135,2.13500000e+03,-20,-0.416667
2136,2.13600000e+03,-20,-0.416667
2137,2.13700000e+03,-20,-0.416667
2138,2.13800000e+03,-20,-0.416667
2139,2.13900000e+03,-20,-0.416667
2140,2.14000000e+03,-20,-0.416667
2141,2.14100000e+03,-20,-0.416667
2142,2.14200000e+03,-20,-0.416667
2143,2.14300000e+03,-20,-0.416667
2144,2.14400000e+03,-20,-0.416667
2145,2.14500000e+03,-24,-0.500000
2146,2.14600000e+03,-24,-0.500000
2147,2.14700000e+03,-24,-0.500000
2148,2.14800000e+03,-24,-0.500000
2149,2.14900000e+03,-24,-0.500000
2150,2.15000000e+03,-21,-0.437500
2151,2.15100000e+03,-21,-0.437500
2152,2.15200000e+03,-21,-0.437500
2153,2.15300000e+03,-21,-0.437500
2154,2.15400000e+03,-21,-0.437500
2155,2.15500000e+03,-19,-0.395833
2156,2.15600000e+03,-19,-0.395833
2157,2.15700000e+03,-19,-0.395833
2158,2.15800000e+03,-19,-0.395833
2159,2.15900000e+03,-19,-0.395833
2160,2.16000000e+03,-19,-0.395833
2161,2.16100000e+03,-19,-0.395833
2162,2.16200000e+03,-19,-0.395833
2163,2.16300000e+03,-19,-0.395833
2164,2.16400000e+03,-19,-0.395833
2165,2.16500000e+03,-19,-0.395833
2166,2.16600000e+03,-19,-0.395833
2167,2.16700000e+03,-19,-0.395833
2168,2.16800000e+03,-19,-0.395833
2169,2.16900000e+03,-19,-0.395833
2170,2.17000000e+03,-17,-0.354167
2171,2.17100000e+03,-17,-0.354167
2172,2.17200000e+03,-17,-0.354167
2173,2.17300000e+03,-17,-0.354167
2174,2.17400000e+03,-17,-0.354167
2175,2.17500000e+03,-16,-0.333333
2176,2.17600000e+03,-16,-0.333333
2177,2.17700000e+03,-16,-0.333333
2178,2.17800000e+03,-16,-0.333333
2179,2.17900000e+03,-16,-0.333333
2180,2.18000000e+03,-17,-0.354167
2181,2.18100000e+03,-17,-0.354167
2182,2.18200000e+03,-17,-0.354167
2183,2.18300000e+03,-17,-0.354167
2184,2.18400000e+03,-17,-0.354167
2185,2.18500000e+03,-20,-0.416667
2186,2.18600000e+03,-20,-0.416667
2187,2.18700000e+03,-20,-0.416667
2188,2.18800000e+03,-20,-0.416667
2189,2.18900000e+03,-20,-0.416667
2190,2.19000000e+03,-16,-0.333333
2191,2.19100000e+03,-16,-0.333333
2192,2.19200000e+03,-16,-0.333333
2193,2.19300000e+03,-16,-0.333333
2194,2.19400000e+03,-16,-0.333333
2195,2.19500000e+03,-20,-0.416667
2196,2.19600000e+03,-20,-0.416667
2197,2.19700000e+03,-20,-0.416667
2198,2.19800000e+03,-20,-0.416667
2199,2.19900000e+03,-20,-0.416667
2200,2.20000000e+03,-20,-0.416667
2201,2.20100000e+03,-20,-0.416667
2202,2.20200000e+03,-20,-0.416667
2203,2.20300000e+03,-20,-0.416667
2204,2.20400000e+03,-20,-0.416667
2205,2.20500000e+03,-18,-0.375000
2206,2.20600000e+03,-18,-0.375000
2207,2.20700000e+03,-18,-0.375000
2208,2.20800000e+03,-18,-0.375000
2209,2.20900000e+03,-18,-0.375000
2210,2.21000000e+03,-22,-0.458333
2211,2.21100000e+03,-22,-0.458333
2212,2.21200000e+03,-22,-0.458333
2213,2.21300000e+03,-22,-0.458333
2214,2.21400000e+03,-22,-0.458333
2215,2.21500000e+03,-22,-0.458333
2216,2.21600000e+03,-22,-0.458333
2217,2.21700000e+03,-22,-0.458333
2218,2.21800000e+03,-22,-0.458333
2219,2.21900000e+03,-22,-0.458333
2220,2.22000000e+03,-20,-0.416667
2221,2.22100000e+03,-20,-0.416667
2222,2.22200000e+03,-20,-0.416667
2223,2.22300000e+03,-20,-0.416667
2224,2.22400000e+03,-20,-0.416667
2225,2.22500000e+03,-22,-0.458333
2226,2.22600000e+03,-22,-0.458333
2227,2.22700000e+03,-22,-0.458333
2228,2.22800000e+03,-22,-0.458333
2229,2.22900000e+03,-22,-0.458333
2230,2.23000000e+03,-16,-0.333333
2231,2.23100000e+03,-16,-0.333333
2232,2.23200000e+03,-16,-0.333333
2233,2.23300000e+03,-16,-0.333333
2234,2.23400000e+03,-16,-0.333333
2235,2.23500000e+03,-20,-0.416667
2236,2.23600000e+03,-20,-0.416667
2237,2.23700000e+03,-20,-0.416667
2238,2.23800000e+03,-20,-0.416667
2239,2.23900000e+03,-20,-0.416667
2240,2.24000000e+03,-22,-0.458333
2241,2.24100000e+03,-22,-0.458333
2242,2.24200000e+03,-22,-0.458333
2243,2.24300000e+03,-22,-0.458333
2244,2.24400000e+03,-22,-0.458333
2245,2.24500000e+03,-20,-0.416667
2246,2.24600000e+03,-20,-0.416667
2247,2.24700000e+03,-20,-0.416667
2248,2.24800000e+03,-20,-0.416667
2249,2.24900000e+03,-20,-0.416667
2250,2.25000000e+03,-19,-0.395833
2251,2.25100000e+03,-19,-0.395833
2252,2.25200000e+03,-19,-0.395833
2253,2.25300000e+03,-19,-0.395833
2254,2.25400000e+03,-19,-0.395833
2255,2.25500000e+03,-19,-0.395833
2256,2.25600000e+03,-19,-0.395833
2257,2.25700000e+03,-19,-0.395833
2258,2.25800000e+03,-19,-0.395833
2259,2.25900000e+03,-19,-0.395833
2260,2.26000000e+03,-19,-0.395833
2261,2.26100000e+03,-19,-0.395833
2262,2.26200000e+03,-19,-0.395833
2263,2.26300000e+03,-19,-0.395833
2264,2.26400000e+03,-19,-0.395833
2265,2.26500000e+03,-16,-0.333333
2266,2.26600000e+03,-16,-0.333333
2267,2.26700000e+03,-16,-0.333333
2268,2.26800000e+03,-16,-0.333333
2269,2.26900000e+03,-16,-0.333333
2270,2.27000000e+03,-20,-0.416667
2271,2.27100000e+03,-20,-0.416667
2272,2.27200000e+03,-20,-0.416667
2273,2.27300000e+03,-20,-0.416667
2274,2.27400000e+03,-20,-0.416667
2275,2.27500000e+03,-19,-0.395833
2276,2.27600000e+03,-19,-0.395833
2277,2.27700000e+03,-19,-0.395833
2278,2.27800000e+03,-19,-0.395833
2279,2.27900000e+03,-19,-0.395833
2280,2.28000000e+03,-20,-0.416667
2281,2.28100000e+03,-20,-0.416667
2282,2.28200000e+03,-20,-0.416667
2283,2.28300000e+03,-20,-0.416667
2284,2.28400000e+03,-20,-0.416667
2285,2.28500000e+03,-16,-0.333333
2286,2.28600000e+03,-16,-0.333333
2287,2.28700000e+03,-16,-0.333333
2288,2.28800000e+03,-16,-0.333333
2289,2.28900000e+03,-16,-0.333333
2290,2.29000000e+03,-19,-0.395833
2291,2.29100000e+03,-19,-0.395833
2292,2.29200000e+03,-19,-0.395833
2293,2.29300000e+03,-19,-0.395833
2294,2.29400000e+03,-19,-0.395833
2295,2.29500000e+03,-19,-0.395833
2296,2.29600000e+03,-19,-0.395833
2297,2.29700000e+03,-19,-0.395833
2298,2.29800000e+03,-19,-0.395833
2299,2.29900000e+03,-19,-0.395833
2300,2.30000000e+03,-17,-0.354167
2301,2.30100000e+03,-17,-0.354167
2302,2.30200000e+03,-17,-0.354167
2303,2.30300000e+03,-17,-0.354167
2304,2.30400000e+03,-17,-0.354167
2305,2.30500000e+03,-13,-0.270833
2306,2.30600000e+03,-13,-0.270833
2307,2.30700000e+03,-13,-0.270833
2308,2.30800000e+03,-13,-0.270833
2309,2.30900000e+03,-13,-0.270833
2310,2.31000000e+03,-16,-0.333333
2311,2.31100000e+03,-16,-0.333333
2312,2.31200000e+03,-16,-0.333333
2313,2.31300000e+03,-16,-0.333333
2314,2.31400000e+03,-16,-0.333333
2315,2.31500000e+03,-17,-0.354167
2316,2.31600000e+03,-17,-0.354167
2317,2.31700000e+03,-17,-0.354167
2318,2.31800000e+03,-17,-0.354167
2319,2.31900000e+03,-17,-0.354167
2320,2.32000000e+03,-20,-0.416667
2321,2.32100000e+03,-20,-0.416667
2322,2.32200000e+03,-20,-0.416667
2323,2.32300000e+03,-20,-0.416667
2324,2.32400000e+03,-20,-0.416667
2325,2.32500000e+03,-16,-0.333333
2326,2.32600000e+03,-16,-0.333333
2327,2.32700000e+03,-16,-0.333333
2328,2.32800000e+03,-16,-0.333333
2329,2.32900000e+03,-16,-0.333333
2330,2.33000000e+03,-16,-0.333333
2331,2.33100000e+03,-16,-0.333333
2332,2.33200000e+03,-16,-0.333333
2333,2.33300000e+03,-16,-0.333333
2334,2.33400000e+03,-16,-0.333333
2335,2.33500000e+03,-17,-0.354167
2336,2.33600000e+03,-17,-0.354167
2337,2.33700000e+03,-17,-0.354167
2338,2.33800000e+03,-17,-0.354167
2339,2.33900000e+03,-17,-0.354167
2340,2.34000000e+03,-17,-0.354167
2341,2.34100000e+03,-17,-0.354167
2342,2.34200000e+03,-17,-0.354167
2343,2.34300000e+03,-17,-0.354167
2344,2.34400000e+03,-17,-0.354167
2345,2.34500000e+03,-15,-0.312500
2346,2.34600000e+03,-15,-0.312500
2347,2.34700000e+03,-15,-0.312500
2348,2.34800000e+03,-15,-0.312500
2349,2.34900000e+03,-15,-0.312500
2350,2.35000000e+03,-13,-0.270833
2351,2.35100000e+03,-13,-0.270833
2352,2.35200000e+03,-13,-0.270833
2353,2.35300000e+03,-13,-0.270833
2354,2.35400000e+03,-13,-0.270833
2355,2.35500000e+03,-17,-0.354167
2356,2.35600000e+03,-17,-0.354167
2357,2.35700000e+03,-17,-0.354167
2358,2.35800000e+03,-17,-0.354167
2359,2.35900000e+03,-17,-0.354167
2360,2.36000000e+03,-15,-0.312500
2361,2.36100000e+03,-15,-0.312500
2362,2.36200000e+03,-15,-0.312500
2363,2.36300000e+03,-15,-0.312500
2364,2.36400000e+03,-15,-0.312500
2365,2.36500000e+03,-16,-0.333333
2366,2.36600000e+03,-16,-0.333333
2367,2.36700000e+03,-16,-0.333333
2368,2.36800000e+03,-16,-0.333333
2369,2.36900000e+03,-16,-0.333333
2370,2.37000000e+03,-16,-0.333333
2371,2.37100000e+03,-16,-0.333333
2372,2.37200000e+03,-16,-0.333333
2373,2.37300000e+03,-16,-0.333333
2374,2.37400000e+03,-16,-0.333333
2375,2.37500000e+03,-14,-0.291667
2376,2.37600000e+03,-14,-0.291667
2377,2.37700000e+03,-14,-0.291667
2378,2.37800000e+03,-14,-0.291667
2379,2.37900000e+03,-14,-0.291667
2380,2.38000000e+03,-14,-0.291667
2381,2.38100000e+03,-14,-0.291667
2382,2.38200000e+03,-14,-0.291667
2383,2.38300000e+03,-14,-0.291667
2384,2.38400000e+03,-14,-0.291667
2385,2.38500000e+03,-13,-0.270833
2386,2.38600000e+03,-13,-0.270833
2387,2.38700000e+03,-13,-0.270833
2388,2.38800000e+03,-13,-0.270833
2389,2.38900000e+03,-13,-0.270833
2390,2.39000000e+03,-12,-0.250000
2391,2.39100000e+03,-12,-0.250000
2392,2.39200000e+03,-12,-0.250000
2393,2.39300000e+03,-12,-0.250000
2394,2.39400000e+03,-12,-0.250000
2395,2.39500000e+03,-15,-0.312500
2396,2.39600000e+03,-15,-0.312500
2397,2.39700000e+03,-15,-0.312500
2398,2.39800000e+03,-15,-0.312500
2399,2.39900000e+03,-15,-0.312500
2400,2.40000000e+03,-12,-0.250000
2401,2.40100000e+03,-12,-0.250000
2402,2.40200000e+03,-12,-0.250000
2403,2.40300000e+03,-12,-0.250000
2404,2.40400000e+03,-12,-0.250000
2405,2.40500000e+03,-12,-0.250000
2406,2.40600000e+03,-12,-0.250000
2407,2.40700000e+03,-12,-0.250000
2408,2.40800000e+03,-12,-0.250000
2409,2.40900000e+03,-12,-0.250000
2410,2.41000000e+03,-11,-0.229167
2411,2.41100000e+03,-11,-0.229167
2412,2.41200000e+03,-11,-0.229167
2413,2.41300000e+03,-11,-0.229167
2414,2.41400000e+03,-11,-0.229167
2415,2.41500000e+03,-12,-0.250000
2416,2.41600000e+03,-12,-0.250000
2417,2.41700000e+03,-12,-0.250000
2418,2.41800000e+03,-12,-0.250000
2419,2.41900000e+03,-12,-0.250000
2420,2.42000000e+03,-7,-0.145833
2421,2.42100000e+03,-7,-0.145833
2422,2.42200000e+03,-7,-0.145833
2423,2.42300000e+03,-7,-0.145833
2424,2.42400000e+03,-7,-0.145833
2425,2.42500000e+03,-11,-0.229167
2426,2.42600000e+03,-11,-0.229167
2427,2.42700000e+03,-11,-0.229167
2428,2.42800000e+03,-11,-0.229167
2429,2.42900000e+03,-11,-0.229167
2430,2.43000000e+03,-5,-0.104167
2431,2.43100000e+03,-5,-0.104167
2432,2.43200000e+03,-5,-0.104167
2433,2.43300000e+03,-5,-0.104167
2434,2.43400000e+03,-5,-0.104167
2435,2.43500000e+03,-7,-0.145833
2436,2.43600000e+03,-7,-0.145833
2437,2.43700000e+03,-7,-0.145833
2438,2.43800000e+03,-7,-0.145833
2439,2.43900000e+03,-7,-0.145833
2440,2.44000000e+03,-7,-0.145833
2441,2.44100000e+03,-7,-0.145833
2442,2.44200000e+03,-7,-0.145833
2443,2.44300000e+03,-7,-0.145833
2444,2.44400000e+03,-7,-0.145833
2445,2.44500000e+03,-7,-0.145833
2446,2.44600000e+03,-7,-0.145833
2447,2.44700000e+03,-7,-0.145833
2448,2.44800000e+03,-7,-0.145833
2449,2.44900000e+03,-7,-0.145833
2450,2.45000000e+03,-9,-0.187500
2451,2.45100000e+03,-9,-0.187500
2452,2.45200000e+03,-9,-0.187500
2453,2.45300000e+03,-9,-0.187500
2454,2.45400000e+03,-9,-0.187500
2455,2.45500000e+03,-5,-0.104167
2456,2.45600000e+03,-5,-0.104167
2457,2.45700000e+03,-5,-0.104167
2458,2.45800000e+03,-5,-0.104167
2459,2.45900000e+03,-5,-0.104167
2460,2.46000000e+03,-9,-0.187500
2461,2.46100000e+03,-9,-0.187500
2462,2.46200000e+03,-9,-0.187500
2463,2.46300000e+03,-9,-0.187500
2464,2.46400000e+03,-9,-0.187500
2465,2.46500000e+03,-7,-0.145833
2466,2.46600000e+03,-7,-0.145833
2467,2.46700000e+03,-7,-0.145833
2468,2.46800000e+03,-7,-0.145833
2469,2.46900000e+03,-7,-0.145833
2470,2.47000000e+03,-7,-0.145833
2471,2.47100000e+03,-7,-0.145833
2472,2.47200000e+03,-7,-0.145833
2473,2.47300000e+03,-7,-0.145833
2474,2.47400000e+03,-7,-0.145833
2475,2.47500000e+03,-7,-0.145833
2476,2.47600000e+03,-7,-0.145833
2477,2.47700000e+03,-7,-0.145833
2478,2.47800000e+03,-7,-0.145833
2479,2.47900000e+03,-7,-0.145833
2480,2.48000000e+03,-9,-0.187500
2481,2.48100000e+03,-9,-0.187500
2482,2.48200000e+03,-9,-0.187500
2483,2.48300000e+03,-9,-0.187500
2484,2.48400000e+03,-9,-0.187500
2485,2.48500000e+03,-9,-0.187500
2486,2.48600000e+03,-9,-0.187500
2487,2.48700000e+03,-9,-0.187500
2488,2.48800000e+03,-9,-0.187500
2489,2.48900000e+03,-9,-0.187500
2490,2.49000000e+03,-7,-0.145833
2491,2.49100000e+03,-7,-0.145833
2492,2.49200000e+03,-7,-0.145833
2493,2.49300000e+03,-7,-0.145833
2494,2.49400000e+03,-7,-0.145833
2495,2.49500000e+03,-7,-0.145833
2496,2.49600000e+03,-7,-0.145833
2497,2.49700000e+03,-7,-0.145833
2498,2.49800000e+03,-7,-0.145833
2499,2.49900000e+03,-7,-0.145833
2500,2.50000000e+03,-9,-0.187500
2501,2.50100000e+03,-9,-0.187500
2502,2.50200000e+03,-9,-0.187500
2503,2.50300000e+03,-9,-0.187500
2504,2.50400000e+03,-9,-0.187500
2505,2.50500000e+03,-9,-0.187500
2506,2.50600000e+03,-9,-0.187500
2507,2.50700000e+03,-9,-0.187500
2508,2.50800000e+03,-9,-0.187500
2509,2.50900000e+03,-9,-0.187500
2510,2.51000000e+03,-7,-0.145833
2511,2.51100000e+03,-7,-0.145833
2512,2.51200000e+03,-7,-0.145833
2513,2.51300000e+03,-7,-0.145833
2514,2.51400000e+03,-7,-0.145833
2515,2.51500000e+03,-5,-0.104167
2516,2.51600000e+03,-5,-0.104167
2517,2.51700000e+03,-5,-0.104167
2518,2.51800000e+03,-5,-0.104167
2519,2.51900000e+03,-5,-0.104167
2520,2.52000000e+03,-5,-0.104167
2521,2.52100000e+03,-5,-0.104167
2522,2.52200000e+03,-5,-0.104167
2523,2.52300000e+03,-5,-0.104167
2524,2.52400000e+03,-5,-0.104167
2525,2.52500000e+03,-4,-0.083333
2526,2.52600000e+03,-4,-0.083333
2527,2.52700000e+03,-4,-0.083333
2528,2.52800000e+03,-4,-0.083333
2529,2.52900000e+03,-4,-0.083333
2530,2.53000000e+03,-6,-0.125000
2531,2.53100000e+03,-6,-0.125000
2532,2.53200000e+03,-6,-0.125000
2533,2.53300000e+03,-6,-0.125000
2534,2.53400000e+03,-6,-0.125000
2535,2.53500000e+03,-7,-0.145833
2536,2.53600000e+03,-7,-0.145833
2537,2.53700000e+03,-7,-0.145833
2538,2.53800000e+03,-7,-0.145833
2539,2.53900000e+03,-7,-0.145833
2540,2.54000000e+03,-4,-0.083333
2541,2.54100000e+03,-4,-0.083333
2542,2.54200000e+03,-4,-0.083333
2543,2.54300000e+03,-4,-0.083333
2544,2.54400000e+03,-4,-0.083333
2545,2.54500000e+03,-5,-0.104167
2546,2.54600000e+03,-5,-0.104167
2547,2.54700000e+03,-5,-0.104167
2548,2.54800000e+03,-5,-0.104167
2549,2.54900000e+03,-5,-0.104167
2550,2.55000000e+03,-5,-0.104167
2551,2.55100000e+03,-5,-0.104167
2552,2.55200000e+03,-5,-0.104167
2553,2.55300000e+03,-5,-0.104167
2554,2.55400000e+03,-5,-0.104167
2555,2.55500000e+03,-2,-0.041667
2556,2.55600000e+03,-2,-0.041667
2557,2.55700000e+03,-2,-0.041667
2558,2.55800000e+03,-2,-0.041667
2559,2.55900000e+03,-2,-0.041667
2560,2.56000000e+03,-2,-0.041667
2561,2.56100000e+03,-2,-0.041667
2562,2.56200000e+03,-2,-0.041667
2563,2.56300000e+03,-2,-0.041667
2564,2.56400000e+03,-2,-0.041667
2565,2.56500000e+03,-4,-0.083333
2566,2.56600000e+03,-4,-0.083333
2567,2.56700000e+03,-4,-0.083333
2568,2.56800000e+03,-4,-0.083333
2569,2.56900000e+03,-4,-0.083333
2570,2.57000000e+03,-4,-0.083333
2571,2.57100000e+03,-4,-0.083333
2572,2.57200000e+03,-4,-0.083333
2573,2.57300000e+03,-4,-0.083333
2574,2.57400000e+03,-4,-0.083333
2575,2.57500000e+03,-8,-0.166667
2576,2.57600000e+03,-8,-0.166667
2577,2.57700000e+03,-8,-0.166667
2578,2.57800000e+03,-8,-0.166667
2579,2.57900000e+03,-8,-0.166667
2580,2.58000000e+03,-8,-0.166667
2581,2.58100000e+03,-8,-0.166667
2582,2.58200000e+03,-8,-0.166667
2583,2.58300000e+03,-8,-0.166667
2584,2.58400000e+03,-8,-0.166667
2585,2.58500000e+03,-4,-0.083333
2586,2.58600000e+03,-4,-0.083333
2587,2.58700000e+03,-4,-0.083333
2588,2.58800000e+03,-4,-0.083333
2589,2.58900000e+03,-4,-0.083333
2590,2.59000000e+03,-4,-0.083333
2591,2.59100000e+03,-4,-0.083333
2592,2.59200000e+03,-4,-0.083333
2593,2.59300000e+03,-4,-0.083333
2594,2.59400000e+03,-4,-0.083333
2595,2.59500000e+03,-8,-0.166667
2596,2.59600000e+03,-8,-0.166667
2597,2.59700000e+03,-8,-0.166667
2598,2.59800000e+03,-8,-0.166667
2599,2.59900000e+03,-8,-0.166667
2600,2.60000000e+03,-3,-0.062500
2601,2.60100000e+03,-3,-0.062500
2602,2.60200000e+03,-3,-0.062500
2603,2.60300000e+03,-3,-0.062500
2604,2.60400000e+03,-3,-0.062500
2605,2.60500000e+03,-5,-0.104167
2606,2.60600000e+03,-5,-0.104167
2607,2.60700000e+03,-5,-0.104167
2608,2.60800000e+03,-5,-0.104167
2609,2.60900000e+03,-5,-0.104167
2610,2.61000000e+03,-5,-0.104167
2611,2.61100000e+03,-5,-0.104167
2612,2.61200000e+03,-5,-0.104167
2613,2.61300000e+03,-5,-0.104167
2614,2.61400000e+03,-5,-0.104167
2615,2.61500000e+03,-3,-0.062500
2616,2.61600000e+03,-3,-0.062500
2617,2.61700000e+03,-3,-0.062500
2618,2.61800000e+03,-3,-0.062500
2619,2.61900000e+03,-3,-0.062500
2620,2.62000000e+03,-3,-0.062500
2621,2.62100000e+03,-3,-0.062500
2622,2.62200000e+03,-3,-0.062500
2623,2.62300000e+03,-3,-0.062500
2624,2.62400000e+03,-3,-0.062500
2625,2.62500000e+03,-3,-0.062500
2626,2.62600000e+03,-3,-0.062500
2627,2.62700000e+03,-3,-0.062500
2628,2.62800000e+03,-3,-0.062500
2629,2.62900000e+03,-3,-0.062500
2630,2.63000000e+03,-4,-0.083333
2631,2.63100000e+03,-4,-0.083333
2632,2.63200000e+03,-4,-0.083333
2633,2.63300000e+03,-4,-0.083333
2634,2.63400000e+03,-4,-0.083333
2635,2.63500000e+03,-3,-0.062500
2636,2.63600000e+03,-3,-0.062500
2637,2.63700000e+03,-3,-0.062500
2638,2.63800000e+03,-3,-0.062500
2639,2.63900000e+03,-3,-0.062500
2640,2.64000000e+03,-3,-0.062500
2641,2.64100000e+03,-3,-0.062500
2642,2.64200000e+03,-3,-0.062500
2643,2.64300000e+03,-3,-0.062500
2644,2.64400000e+03,-3,-0.062500
2645,2.64500000e+03,1,0.020833
2646,2.64600000e+03,1,0.020833
2647,2.64700000e+03,1,0.020833
2648,2.64800000e+03,1,0.020833
2649,2.64900000e+03,1,0.020833
2650,2.65000000e+03,-3,-0.062500
2651,2.65100000e+03,-3,-0.062500
2652,2.65200000e+03,-3,-0.062500
2653,2.65300000e+03,-3,-0.062500
2654,2.65400000e+03,-3,-0.062500
2655,2.65500000e+03,1,0.020833
2656,2.65600000e+03,1,0.020833
2657,2.65700000e+03,1,0.020833
2658,2.65800000e+03,1,0.020833
2659,2.65900000e+03,1,0.020833
2660,2.66000000e+03,0,0.000000
2661,2.66100000e+03,0,0.000000
2662,2.66200000e+03,0,0.000000
2663,2.66300000e+03,0,0.000000
2664,2.66400000e+03,0,0.000000
2665,2.66500000e+03,-3,-0.062500
2666,2.66600000e+03,-3,-0.062500
2667,2.66700000e+03,-3,-0.062500
2668,2.66800000e+03,-3,-0.062500
2669,2.66900000e+03,-3,-0.062500
2670,2.67000000e+03,-1,-0.020833
2671,2.67100000e+03,-1,-0.020833
2672,2.67200000e+03,-1,-0.020833
2673,2.67300000e+03,-1,-0.020833
2674,2.67400000e+03,-1,-0.020833
2675,2.67500000e+03,-3,-0.062500
2676,2.67600000e+03,-3,-0.062500
2677,2.67700000e+03,-3,-0.062500
2678,2.67800000e+03,-3,-0.062500
2679,2.67900000e+03,-3,-0.062500
2680,2.68000000e+03,-1,-0.020833
2681,2.68100000e+03,-1,-0.020833
2682,2.68200000e+03,-1,-0.020833
2683,2.68300000e+03,-1,-0.020833
2684,2.68400000e+03,-1,-0.020833
2685,2.68500000e+03,0,0.000000
2686,2.68600000e+03,0,0.000000
2687,2.68700000e+03,0,0.000000
2688,2.68800000e+03,0,0.000000
2689,2.68900000e+03,0,0.000000
2690,2.69000000e+03,-3,-0.062500
2691,2.69100000e+03,-3,-0.062500
2692,2.69200000e+03,-3,-0.062500
2693,2.69300000e+03,-3,-0.062500
2694,2.69400000e+03,-3,-0.062500
2695,2.69500000e+03,-4,-0.083333
2696,2.69600000e+03,-4,-0.083333
2697,2.69700000e+03,-4,-0.083333
2698,2.69800000e+03,-4,-0.083333
2699,2.69900000e+03,-4,-0.083333
2700,2.70000000e+03,0,0.000000
2701,2.70100000e+03,0,0.000000
2702,2.70200000e+03,0,0.000000
2703,2.70300000e+03,0,0.000000
2704,2.70400000e+03,0,0.000000
2705,2.70500000e+03,-4,-0.083333
2706,2.70600000e+03,-4,-0.083333
2707,2.70700000e+03,-4,-0.083333
2708,2.70800000e+03,-4,-0.083333
2709,2.70900000e+03,-4,-0.083333
2710,2.71000000e+03,-4,-0.083333
2711,2.71100000e+03,-4,-0.083333
2712,2.71200000e+03,-4,-0.083333
2713,2.71300000e+03,-4,-0.083333
2714,2.71400000e+03,-4,-0.083333
2715,2.71500000e+03,-2,-0.041667
2716,2.71600000e+03,-2,-0.041667
2717,2.71700000e+03,-2,-0.041667
2718,2.71800000e+03,-2,-0.041667
2719,2.71900000e+03,-2,-0.041667
2720,2.72000000e+03,-4,-0.083333
2721,2.72100000e+03,-4,-0.083333
2722,2.72200000e+03,-4,-0.083333
2723,2.72300000e+03,-4,-0.083333
2724,2.72400000e+03,-4,-0.083333
2725,2.72500000e+03,-3,-0.062500
2726,2.72600000e+03,-3,-0.062500
2727,2.72700000e+03,-3,-0.062500
2728,2.72800000e+03,-3,-0.062500
2729,2.72900000e+03,-3,-0.062500
2730,2.73000000e+03,-1,-0.020833
2731,2.73100000e+03,-1,-0.020833
2732,2.73200000e+03,-1,-0.020833
2733,2.73300000e+03,-1,-0.020833
2734,2.73400000e+03,-1,-0.020833
2735,2.73500000e+03,1,0.020833
2736,2.73600000e+03,1,0.020833
2737,2.73700000e+03,1,0.020833
2738,2.73800000e+03,1,0.020833
2739,2.73900000e+03,1,0.020833
2740,2.74000000e+03,3,0.062500
2741,2.74100000e+03,3,0.062500
2742,2.74200000e+03,3,0.062500
2743,2.74300000e+03,3,0.062500
2744,2.74400000e+03,3,0.062500
2745,2.74500000e+03,1,0.020833
2746,2.74600000e+03,1,0.020833
2747,2.74700000e+03,1,0.020833
2748,2.74800000e+03,1,0.020833
2749,2.74900000e+03,1,0.020833
2750,2.75000000e+03,0,0.000000
2751,2.75100000e+03,0,0.000000
2752,2.75200000e+03,0,0.000000
2753,2.75300000e+03,0,0.000000
2754,2.75400000e+03,0,0.000000
2755,2.75500000e+03,1,0.020833
2756,2.75600000e+03,1,0.020833
2757,2.75700000e+03,1,0.020833
2758,2.75800000e+03,1,0.020833
2759,2.75900000e+03,1,0.020833
2760,2.76000000e+03,-2,-0.041667
2761,2.76100000e+03,-2,-0.041667
2762,2.76200000e+03,-2,-0.041667
2763,2.76300000e+03,-2,-0.041667
2764,2.76400000e+03,-2,-0.041667
2765,2.76500000e+03,-1,-0.020833
2766,2.76600000e+03,-1,-0.020833
2767,2.76700000e+03,-1,-0.020833
2768,2.76800000e+03,-1,-0.020833
2769,2.76900000e+03,-1,-0.020833
2770,2.77000000e+03,-1,-0.020833
2771,2.77100000e+03,-1,-0.020833
2772,2.77200000e+03,-1,-0.020833
2773,2.77300000e+03,-1,-0.020833
2774,2.77400000e+03,-1,-0.020833
2775,2.77500000e+03,-2,-0.041667
2776,2.77600000e+03,-2,-0.041667
2777,2.77700000e+03,-2,-0.041667
2778,2.77800000e+03,-2,-0.041667
2779,2.77900000e+03,-2,-0.041667
2780,2.78000000e+03,0,0.000000
2781,2.78100000e+03,0,0.000000
2782,2.78200000e+03,0,0.000000
2783,2.78300000e+03,0,0.000000
2784,2.78400000e+03,0,0.000000
2785,2.78500000e+03,3,0.062500
2786,2.78600000e+03,3,0.062500
2787,2.78700000e+03,3,0.062500
2788,2.78800000e+03,3,0.062500
2789,2.78900000e+03,3,0.062500
2790,2.79000000e+03,-1,-0.020833
2791,2.79100000e+03,-1,-0.020833
2792,2.79200000e+03,-1,-0.020833
2793,2.79300000e+03,-1,-0.020833
2794,2.79400000e+03,-1,-0.020833
2795,2.79500000e+03,5,0.104167
2796,2.79600000e+03,5,0.104167
2797,2.79700000e+03,5,0.104167
2798,2.79800000e+03,5,0.104167
2799,2.79900000e+03,5,0.104167
2800,2.80000000e+03,0,0.000000
2801,2.80100000e+03,0,0.000000
2802,2.80200000e+03,0,0.000000
2803,2.80300000e+03,0,0.000000
2804,2.80400000e+03,0,0.000000
2805,2.80500000e+03,1,0.020833
2806,2.80600000e+03,1,0.020833
2807,2.80700000e+03,1,0.020833
2808,2.80800000e+03,1,0.020833
2809,2.80900000e+03,1,0.020833
2810,2.81000000e+03,1,0.020833
2811,2.81100000e+03,1,0.020833
2812,2.81200000e+03,1,0.020833
2813,2.81300000e+03,1,0.020833
2814,2.81400000e+03,1,0.020833
2815,2.81500000e+03,0,0.000000
2816,2.81600000e+03,0,0.000000
2817,2.81700000e+03,0,0.000000
2818,2.81800000e+03,0,0.000000
2819,2.81900000e+03,0,0.000000
2820,2.82000000e+03,2,0.041667
2821,2.82100000e+03,2,0.041667
2822,2.82200000e+03,2,0.041667
2823,2.82300000e+03,2,0.041667
2824,2.82400000e+03,2,0.041667
2825,2.82500000e+03,1,0.020833
2826,2.82600000e+03,1,0.020833
2827,2.82700000e+03,1,0.020833
2828,2.82800000e+03,1,0.020833
2829,2.82900000e+03,1,0.020833
2830,2.83000000e+03,2,0.041667
2831,2.83100000e+03,2,0.041667
2832,2.83200000e+03,2,0.041667
2833,2.83300000e+03,2,0.041667
2834,2.83400000e+03,2,0.041667
2835,2.83500000e+03,3,0.062500
2836,2.83600000e+03,3,0.062500
2837,2.83700000e+03,3,0.062500
2838,2.83800000e+03,3,0.062500
2839,2.83900000e+03,3,0.062500
2840,2.84000000e+03,2,0.041667
2841,2.84100000e+03,2,0.041667
2842,2.84200000e+03,2,0.041667
2843,2.84300000e+03,2,0.041667
2844,2.84400000e+03,2,0.041667
2845,2.84500000e+03,5,0.104167
2846,2.84600000e+03,5,0.104167
2847,2.84700000e+03,5,0.104167
2848,2.84800000e+03,5,0.104167
2849,2.84900000e+03,5,0.104167
2850,2.85000000e+03,3,0.062500
2851,2.85100000e+03,3,0.062500
2852,2.85200000e+03,3,0.062500
2853,2.85300000e+03,3,0.062500
2854,2.85400000e+03,3,0.062500
2855,2.85500000e+03,5,0.104167
2856,2.85600000e+03,5,0.104167
2857,2.85700000e+03,5,0.104167
2858,2.85800000e+03,5,0.104167
2859,2.85900000e+03,5,0.104167
2860,2.86000000e+03,7,0.145833
2861,2.86100000e+03,7,0.145833
2862,2.86200000e+03,7,0.145833
2863,2.86300000e+03,7,0.145833
2864,2.86400000e+03,7,0.145833
2865,2.86500000e+03,6,0.125000
2866,2.86600000e+03,6,0.125000
2867,2.86700000e+03,6,0.125000
2868,2.86800000e+03,6,0.125000
2869,2.86900000e+03,6,0.125000
2870,2.87000000e+03,5,0.104167
2871,2.87100000e+03,5,0.104167
2872,2.87200000e+03,5,0.104167
2873,2.87300000e+03,5,0.104167
2874,2.87400000e+03,5,0.104167
2875,2.87500000e+03,8,0.166667
2876,2.87600000e+03,8,0.166667
2877,2.87700000e+03,8,0.166667
2878,2.87800000e+03,8,0.166667
2879,2.87900000e+03,8,0.166667
2880,2.88000000e+03,7,0.145833
2881,2.88100000e+03,7,0.145833
2882,2.88200000e+03,7,0.145833
2883,2.88300000e+03,7,0.145833
2884,2.88400000e+03,7,0.145833
2885,2.88500000e+03,4,0.083333
2886,2.88600000e+03,4,0.083333
2887,2.88700000e+03,4,0.083333
2888,2.88800000e+03,4,0.083333
2889,2.88900000e+03,4,0.083333
2890,2.89000000e+03,7,0.145833
2891,2.89100000e+03,7,0.145833
2892,2.89200000e+03,7,0.145833
2893,2.89300000e+03,7,0.145833
2894,2.89400000e+03,7,0.145833
2895,2.89500000e+03,7,0.145833
2896,2.89600000e+03,7,0.145833
2897,2.89700000e+03,7,0.145833
2898,2.89800000e+03,7,0.145833
2899,2.89900000e+03,7,0.145833
2900,2.90000000e+03,6,0.125000
2901,2.90100000e+03,6,0.125000
2902,2.90200000e+03,6,0.125000
2903,2.90300000e+03,6,0.125000
2904,2.90400000e+03,6,0.125000
2905,2.90500000e+03,6,0.125000
2906,2.90600000e+03,6,0.125000
2907,2.90700000e+03,6,0.125000
2908,2.90800000e+03,6,0.125000
2909,2.90900000e+03,6,0.125000
2910,2.91000000e+03,8,0.166667
2911,2.91100000e+03,8,0.166667
2912,2.91200000e+03,8,0.166667
2913,2.91300000e+03,8,0.166667
2914,2.91400000e+03,8,0.166667
2915,2.91500000e+03,10,0.208333
2916,2.91600000e+03,10,0.208333
2917,2.91700000e+03,10,0.208333
2918,2.91800000e+03,10,0.208333
2919,2.91900000e+03,10,0.208333
2920,2.92000000e+03,11,0.229167
2921,2.92100000e+03,11,0.229167
2922,2.92200000e+03,11,0.229167
2923,2.92300000e+03,11,0.229167
2924,2.92400000e+03,11,0.229167
2925,2.92500000e+03,6,0.125000
2926,2.92600000e+03,6,0.125000
2927,2.92700000e+03,6,0.125000
2928,2.92800000e+03,6,0.125000
2929,2.92900000e+03,6,0.125000
2930,2.93000000e+03,9,0.187500
2931,2.93100000e+03,9,0.187500
2932,2.93200000e+03,9,0.187500
2933,2.93300000e+03,9,0.187500
2934,2.93400000e+03,9,0.187500
2935,2.93500000e+03,6,0.125000
2936,2.93600000e+03,6,0.125000
2937,2.93700000e+03,6,0.125000
2938,2.93800000e+03,6,0.125000
2939,2.93900000e+03,6,0.125000
2940,2.94000000e+03,10,0.208333
2941,2.94100000e+03,10,0.208333
2942,2.94200000e+03,10,0.208333
2943,2.94300000e+03,10,0.208333
2944,2.94400000e+03,10,0.208333
2945,2.94500000e+03,7,0.145833
2946,2.94600000e+03,7,0.145833
2947,2.94700000e+03,7,0.145833
2948,2.94800000e+03,7,0.145833
2949,2.94900000e+03,7,0.145833
2950,2.95000000e+03,10,0.208333
2951,2.95100000e+03,10,0.208333
2952,2.95200000e+03,10,0.208333
2953,2.95300000e+03,10,0.208333
2954,2.95400000e+03,10,0.208333
2955,2.95500000e+03,11,0.229167
2956,2.95600000e+03,11,0.229167
2957,2.95700000e+03,11,0.229167
2958,2.95800000e+03,11,0.229167
2959,2.95900000e+03,11,0.229167
2960,2.96000000e+03,9,0.187500
2961,2.96100000e+03,9,0.187500
2962,2.96200000e+03,9,0.187500
2963,2.96300000e+03,9,0.187500
2964,2.96400000e+03,9,0.187500
2965,2.96500000e+03,12,0.250000
2966,2.96600000e+03,12,0.250000
2967,2.96700000e+03,12,0.250000
2968,2.96800000e+03,12,0.250000
2969,2.96900000e+03,12,0.250000
2970,2.97000000e+03,12,0.250000
2971,2.97100000e+03,12,0.250000
2972,2.97200000e+03,12,0.250000
2973,2.97300000e+03,12,0.250000
2974,2.97400000e+03,12,0.250000
2975,2.97500000e+03,11,0.229167
2976,2.97600000e+03,11,0.229167
2977,2.97700000e+03,11,0.229167
2978,2.97800000e+03,11,0.229167
2979,2.97900000e+03,11,0.229167
2980,2.98000000e+03,13,0.270833
2981,2.98100000e+03,13,0.270833
2982,2.98200000e+03,13,0.270833
2983,2.98300000e+03,13,0.270833
2984,2.98400000e+03,13,0.270833
2985,2.98500000e+03,11,0.229167
2986,2.98600000e+03,11,0.229167
2987,2.98700000e+03,11,0.229167
2988,2.98800000e+03,11,0.229167
2989,2.98900000e+03,11,0.229167
2990,2.99000000e+03,15,0.312500
2991,2.99100000e+03,15,0.312500
2992,2.99200000e+03,15,0.312500
2993,2.99300000e+03,15,0.312500
2994,2.99400000e+03,15,0.312500
2995,2.99500000e+03,14,0.291667
2996,2.99600000e+03,14,0.291667
2997,2.99700000e+03,14,0.291667
2998,2.99800000e+03,14,0.291667
2999,2.99900000e+03,14,0.291667
3000,3.00000000e+03,14,0.291667
3001,3.00100000e+03,14,0.291667
3002,3.00200000e+03,14,0.291667
3003,3.00300000e+03,14,0.291667
3004,3.00400000e+03,14,0.291667
3005,3.00500000e+03,11,0.229167
3006,3.00600000e+03,11,0.229167
3007,3.00700000e+03,11,0.229167
3008,3.00800000e+03,11,0.229167
3009,3.00900000e+03,11,0.229167
3010,3.01000000e+03,12,0.250000
3011,3.01100000e+03,12,0.250000
3012,3.01200000e+03,12,0.250000
3013,3.01300000e+03,12,0.250000
3014,3.01400000e+03,12,0.250000
3015,3.01500000e+03,17,0.354167
3016,3.01600000e+03,17,0.354167
3017,3.01700000e+03,17,0.354167
3018,3.01800000e+03,17,0.354167
3019,3.01900000e+03,17,0.354167
3020,3.02000000e+03,14,0.291667
3021,3.02100000e+03,14,0.291667
3022,3.02200000e+03,14,0.291667
3023,3.02300000e+03,14,0.291667
3024,3.02400000e+03,14,0.291667
3025,3.02500000e+03,13,0.270833
3026,3.02600000e+03,13,0.270833
3027,3.02700000e+03,13,0.270833
3028,3.02800000e+03,13,0.270833
3029,3.02900000e+03,13,0.270833
3030,3.03000000e+03,14,0.291667
3031,3.03100000e+03,14,0.291667
3032,3.03200000e+03,14,0.291667
3033,3.03300000e+03,14,0.291667
3034,3.03400000e+03,14,0.291667
3035,3.03500000e+03,15,0.312500
3036,3.03600000e+03,15,0.312500
3037,3.03700000e+03,15,0.312500
3038,3.03800000e+03,15,0.312500
3039,3.03900000e+03,15,0.312500
3040,3.04000000e+03,13,0.270833
3041,3.04100000e+03,13,0.270833
3042,3.04200000e+03,13,0.270833
3043,3.04300000e+03,13,0.270833
3044,3.04400000e+03,13,0.270833
3045,3.04500000e+03,13,0.270833
3046,3.04600000e+03,13,0.270833
3047,3.04700000e+03,13,0.270833
3048,3.04800000e+03,13,0.270833
3049,3.04900000e+03,13,0.270833
3050,3.05000000e+03,16,0.333333
3051,3.05100000e+03,16,0.333333
3052,3.05200000e+03,16,0.333333
3053,3.05300000e+03,16,0.333333
3054,3.05400000e+03,16,0.333333
3055,3.05500000e+03,15,0.312500
3056,3.05600000e+03,15,0.312500
3057,3.05700000e+03,15,0.312500
3058,3.05800000e+03,15,0.312500
3059,3.05900000e+03,15,0.312500
3060,3.06000000e+03,11,0.229167
3061,3.06100000e+03,11,0.229167
3062,3.06200000e+03,11,0.229167
3063,3.06300000e+03,11,0.229167
3064,3.06400000e+03,11,0.229167
3065,3.06500000e+03,17,0.354167
3066,3.06600000e+03,17,0.354167
3067,3.06700000e+03,17,0.354167
3068,3.06800000e+03,17,0.354167
3069,3.06900000e+03,17,0.354167
3070,3.07000000e+03,17,0.354167
3071,3.07100000e+03,17,0.354167
3072,3.07200000e+03,17,0.354167
3073,3.07300000e+03,17,0.354167
3074,3.07400000e+03,17,0.354167
3075,3.07500000e+03,18,0.375000
3076,3.07600000e+03,18,0.375000
3077,3.07700000e+03,18,0.375000
3078,3.07800000e+03,18,0.375000
3079,3.07900000e+03,18,0.375000
3080,3.08000000e+03,17,0.354167
3081,3.08100000e+03,17,0.354167
3082,3.08200000e+03,17,0.354167
3083,3.08300000e+03,17,0.354167
3084,3.08400000e+03,17,0.354167
3085,3.08500000e+03,17,0.354167
3086,3.08600000e+03,17,0.354167
3087,3.08700000e+03,17,0.354167
3088,3.08800000e+03,17,0.354167
3089,3.08900000e+03,17,0.354167
3090,3.09000000e+03,16,0.333333
3091,3.09100000e+03,16,0.333333
3092,3.09200000e+03,16,0.333333
3093,3.09300000e+03,16,0.333333
3094,3.09400000e+03,16,0.333333
3095,3.09500000e+03,18,0.375000
3096,3.09600000e+03,18,0.375000
3097,3.09700000e+03,18,0.375000
3098,3.09800000e+03,18,0.375000
3099,3.09900000e+03,18,0.375000
3100,3.10000000e+03,17,0.354167
3101,3.10100000e+03,17,0.354167
3102,3.10200000e+03,17,0.354167
3103,3.10300000e+03,17,0.354167
3104,3.10400000e+03,17,0.354167
3105,3.10500000e+03,19,0.395833
3106,3.10600000e+03,19,0.395833
3107,3.10700000e+03,19,0.395833
3108,3.10800000e+03,19,0.395833
3109,3.10900000e+03,19,0.395833
3110,3.11000000e+03,20,0.416667
3111,3.11100000e+03,20,0.416667
3112,3.11200000e+03,20,0.416667
3113,3.11300000e+03,20,0.416667
3114,3.11400000e+03,20,0.416667
3115,3.11500000e+03,19,0.395833
3116,3.11600000e+03,19,0.395833
3117,3.11700000e+03,19,0.395833
3118,3.11800000e+03,19,0.395833
3119,3.11900000e+03,19,0.395833
3120,3.12000000e+03,16,0.333333
3121,3.12100000e+03,16,0.333333
3122,3.12200000e+03,16,0.333333
3123,3.12300000e+03,16,0.333333
3124,3.12400000e+03,16,0.333333
3125,3.12500000e+03,17,0.354167
3126,3.12600000e+03,17,0.354167
3127,3.12700000e+03,17,0.354167
3128,3.12800000e+03,17,0.354167
3129,3.12900000e+03,17,0.354167
3130,3.13000000e+03,16,0.333333
3131,3.13100000e+03,16,0.333333
3132,3.13200000e+03,16,0.333333
3133,3.13300000e+03,16,0.333333
3134,3.13400000e+03,16,0.333333
3135,3.13500000e+03,21,0.437500
3136,3.13600000e+03,21,0.437500
3137,3.13700000e+03,21,0.437500
3138,3.13800000e+03,21,0.437500
3139,3.13900000e+03,21,0.437500
3140,3.14000000e+03,18,0.375000
3141,3.14100000e+03,18,0.375000
3142,3.14200000e+03,18,0.375000
3143,3.14300000e+03,18,0.375000
3144,3.14400000e+03,18,0.375000
3145,3.14500000e+03,20,0.416667
3146,3.14600000e+03,20,0.416667
3147,3.14700000e+03,20,0.416667
3148,3.14800000e+03,20,0.416667
3149,3.14900000e+03,20,0.416667
3150,3.15000000e+03,16,0.333333
3151,3.15100000e+03,16,0.333333
3152,3.15200000e+03,16,0.333333
3153,3.15300000e+03,16,0.333333
3154,3.15400000e+03,16,0.333333
3155,3.15500000e+03,15,0.312500
3156,3.15600000e+03,15,0.312500
3157,3.15700000e+03,15,0.312500
3158,3.15800000e+03,15,0.312500
3159,3.15900000e+03,15,0.312500
3160,3.16000000e+03,14,0.291667
3161,3.16100000e+03,14,0.291667
3162,3.16200000e+03,14,0.291667
3163,3.16300000e+03,14,0.291667
3164,3.16400000e+03,14,0.291667
3165,3.16500000e+03,19,0.395833
3166,3.16600000e+03,19,0.395833
3167,3.16700000e+03,19,0.395833
3168,3.16800000e+03,19,0.395833
3169,3.16900000e+03,19,0.395833
3170,3.17000000e+03,15,0.312500
3171,3.17100000e+03,15,0.312500
3172,3.17200000e+03,15,0.312500
3173,3.17300000e+03,15,0.312500
3174,3.17400000e+03,15,0.312500
3175,3.17500000e+03,13,0.270833
3176,3.17600000e+03,13,0.270833
3177,3.17700000e+03,13,0.270833
3178,3.17800000e+03,13,0.270833
3179,3.17900000e+03,13,0.270833
3180,3.18000000e+03,18,0.375000
3181,3.18100000e+03,18,0.375000
3182,3.18200000e+03,18,0.375000
3183,3.18300000e+03,18,0.375000
3184,3.18400000e+03,18,0.375000
3185,3.18500000e+03,18,0.375000
3186,3.18600000e+03,18,0.375000
3187,3.18700000e+03,18,0.375000
3188,3.18800000e+03,18,0.375000
3189,3.18900000e+03,18,0.375000
3190,3.19000000e+03,16,0.333333
3191,3.19100000e+03,16,0.333333
3192,3.19200000e+03,16,0.333333
3193,3.19300000e+03,16,0.333333
3194,3.19400000e+03,16,0.333333
3195,3.19500000e+03,18,0.375000
3196,3.19600000e+03,18,0.375000
3197,3.19700000e+03,18,0.375000
3198,3.19800000e+03,18,0.375000
3199,3.19900000e+03,18,0.375000
3200,3.20000000e+03,14,0.291667
3201,3.20100000e+03,14,0.291667
3202,3.20200000e+03,14,0.291667
3203,3.20300000e+03,14,0.291667
3204,3.20400000e+03,14,0.291667
3205,3.20500000e+03,17,0.354167
3206,3.20600000e+03,17,0.354167
3207,3.20700000e+03,17,0.354167
3208,3.20800000e+03,17,0.354167
3209,3.20900000e+03,17,0.354167
3210,3.21000000e+03,15,0.312500
3211,3.21100000e+03,15,0.312500
3212,3.21200000e+03,15,0.312500
3213,3.21300000e+03,15,0.312500
3214,3.21400000e+03,15,0.312500
3215,3.21500000e+03,16,0.333333
3216,3.21600000e+03,16,0.333333
3217,3.21700000e+03,16,0.333333
3218,3.21800000e+03,16,0.333333
3219,3.21900000e+03,16,0.333333
3220,3.22000000e+03,20,0.416667
3221,3.22100000e+03,20,0.416667
3222,3.22200000e+03,20,0.416667
3223,3.22300000e+03,20,0.416667
3224,3.22400000e+03,20,0.416667
3225,3.22500000e+03,17,0.354167
3226,3.22600000e+03,17,0.354167
3227,3.22700000e+03,17,0.354167
3228,3.22800000e+03,17,0.354167
3229,3.22900000e+03,17,0.354167
3230,3.23000000e+03,16,0.333333
3231,3.23100000e+03,16,0.333333
3232,3.23200000e+03,16,0.333333
3233,3.23300000e+03,16,0.333333
3234,3.23400000e+03,16,0.333333
3235,3.23500000e+03,19,0.395833
3236,3.23600000e+03,19,0.395833
3237,3.23700000e+03,19,0.395833
3238,3.23800000e+03,19,0.395833
3239,3.23900000e+03,19,0.395833
3240,3.24000000e+03,19,0.395833
3241,3.24100000e+03,19,0.395833
3242,3.24200000e+03,19,0.395833
3243,3.24300000e+03,19,0.395833
3244,3.24400000e+03,19,0.395833
3245,3.24500000e+03,17,0.354167
3246,3.24600000e+03,17,0.354167
3247,3.24700000e+03,17,0.354167
3248,3.24800000e+03,17,0.354167
3249,3.24900000e+03,17,0.354167
3250,3.25000000e+03,19,0.395833
3251,3.25100000e+03,19,0.395833
3252,3.25200000e+03,19,0.395833
3253,3.25300000e+03,19,0.395833
3254,3.25400000e+03,19,0.395833
3255,3.25500000e+03,19,0.395833
3256,3.25600000e+03,19,0.395833
3257,3.25700000e+03,19,0.395833
3258,3.25800000e+03,19,0.395833
3259,3.25900000e+03,19,0.395833
3260,3.26000000e+03,19,0.395833
3261,3.26100000e+03,19,0.395833
3262,3.26200000e+03,19,0.395833
3263,3.26300000e+03,19,0.395833
3264,3.26400000e+03,19,0.395833
3265,3.26500000e+03,18,0.375000
3266,3.26600000e+03,18,0.375000
3267,3.26700000e+03,18,0.375000
3268,3.26800000e+03,18,0.375000
3269,3.26900000e+03,18,0.375000
3270,3.27000000e+03,19,0.395833
3271,3.27100000e+03,19,0.395833
3272,3.27200000e+03,19,0.395833
3273,3.27300000e+03,19,0.395833
3274,3.27400000e+03,19,0.395833
3275,3.27500000e+03,19,0.395833
3276,3.27600000e+03,19,0.395833
3277,3.27700000e+03,19,0.395833
3278,3.27800000e+03,19,0.395833
3279,3.27900000e+03,19,0.395833
3280,3.28000000e+03,20,0.416667
3281,3.28100000e+03,20,0.416667
3282,3.28200000e+03,20,0.416667
3283,3.28300000e+03,20,0.416667
3284,3.28400000e+03,20,0.416667
3285,3.28500000e+03,21,0.437500
3286,3.28600000e+03,21,0.437500
3287,3.28700000e+03,21,0.437500
3288,3.28800000e+03,21,0.437500
3289,3.28900000e+03,21,0.437500
3290,3.29000000e+03,17,0.354167
3291,3.29100000e+03,17,0.354167
3292,3.29200000e+03,17,0.354167
3293,3.29300000e+03,17,0.354167
3294,3.29400000e+03,17,0.354167
3295,3.29500000e+03,19,0.395833
3296,3.29600000e+03,19,0.395833
3297,3.29700000e+03,19,0.395833
3298,3.29800000e+03,19,0.395833
3299,3.29900000e+03,19,0.395833
3300,3.30000000e+03,22,0.458333
3301,3.30100000e+03,22,0.458333
3302,3.30200000e+03,22,0.458333
3303,3.30300000e+03,22,0.458333
3304,3.30400000e+03,22,0.458333
3305,3.30500000e+03,22,0.458333
3306,3.30600000e+03,22,0.458333
3307,3.30700000e+03,22,0.458333
3308,3.30800000e+03,22,0.458333
3309,3.30900000e+03,22,0.458333
3310,3.31000000e+03,22,0.458333
3311,3.31100000e+03,22,0.458333
3312,3.31200000e+03,22,0.458333
3313,3.31300000e+03,22,0.458333
3314,3.31400000e+03,22,0.458333
3315,3.31500000e+03,22,0.458333
3316,3.31600000e+03,22,0.458333
3317,3.31700000e+03,22,0.458333
3318,3.31800000e+03,22,0.458333
3319,3.31900000e+03,22,0.458333
3320,3.32000000e+03,20,0.416667
3321,3.32100000e+03,20,0.416667
3322,3.32200000e+03,20,0.416667
3323,3.32300000e+03,20,0.416667
3324,3.32400000e+03,20,0.416667
3325,3.32500000e+03,22,0.458333
3326,3.32600000e+03,22,0.458333
3327,3.32700000e+03,22,0.458333
3328,3.32800000e+03,22,0.458333
3329,3.32900000e+03,22,0.458333
3330,3.33000000e+03,23,0.479167
3331,3.33100000e+03,23,0.479167
3332,3.33200000e+03,23,0.479167
3333,3.33300000e+03,23,0.479167
3334,3.33400000e+03,23,0.479167
3335,3.33500000e+03,21,0.437500
3336,3.33600000e+03,21,0.437500
3337,3.33700000e+03,21,0.437500
3338,3.33800000e+03,21,0.437500
3339,3.33900000e+03,21,0.437500
3340,3.34000000e+03,20,0.416667
3341,3.34100000e+03,20,0.416667
3342,3.34200000e+03,20,0.416667
3343,3.34300000e+03,20,0.416667
3344,3.34400000e+03,20,0.416667
3345,3.34500000e+03,22,0.458333
3346,3.34600000e+03,22,0.458333
3347,3.34700000e+03,22,0.458333
3348,3.34800000e+03,22,0.458333
3349,3.34900000e+03,22,0.458333
3350,3.35000000e+03,20,0.416667
3351,3.35100000e+03,20,0.416667
3352,3.35200000e+03,20,0.416667
3353,3.35300000e+03,20,0.416667
3354,3.35400000e+03,20,0.416667
3355,3.35500000e+03,21,0.437500
3356,3.35600000e+03,21,0.437500
3357,3.35700000e+03,21,0.437500
3358,3.35800000e+03,21,0.437500
3359,3.35900000e+03,21,0.437500
3360,3.36000000e+03,22,0.458333
3361,3.36100000e+03,22,0.458333
3362,3.36200000e+03,22,0.458333
3363,3.36300000e+03,22,0.458333
3364,3.36400000e+03,22,0.458333
3365,3.36500000e+03,20,0.416667
3366,3.36600000e+03,20,0.416667
3367,3.36700000e+03,20,0.416667
3368,3.36800000e+03,20,0.416667
3369,3.36900000e+03,20,0.416667
3370,3.37000000e+03,20,0.416667
3371,3.37100000e+03,20,0.416667
3372,3.37200000e+03,20,0.416667
3373,3.37300000e+03,20,0.416667
3374,3.37400000e+03,20,0.416667
3375,3.37500000e+03,19,0.395833
3376,3.37600000e+03,19,0.395833
3377,3.37700000e+03,19,0.395833
3378,3.37800000e+03,19,0.395833
3379,3.37900000e+03,19,0.395833
3380,3.38000000e+03,20,0.416667
3381,3.38100000e+03,20,0.416667
3382,3.38200000e+03,20,0.416667
3383,3.38300000e+03,20,0.416667
3384,3.38400000e+03,20,0.416667
3385,3.38500000e+03,23,0.479167
3386,3.38600000e+03,23,0.479167
3387,3.38700000e+03,23,0.479167
3388,3.38800000e+03,23,0.479167
3389,3.38900000e+03,23,0.479167
3390,3.39000000e+03,20,0.416667
3391,3.39100000e+03,20,0.416667
3392,3.39200000e+03,20,0.416667
3393,3.39300000e+03,20,0.416667
3394,3.39400000e+03,20,0.416667
3395,3.39500000e+03,22,0.458333
3396,3.39600000e+03,22,0.458333
3397,3.39700000e+03,22,0.458333
3398,3.39800000e+03,22,0.458333
3399,3.39900000e+03,22,0.458333
3400,3.40000000e+03,19,0.395833
3401,3.40100000e+03,19,0.395833
3402,3.40200000e+03,19,0.395833
3403,3.40300000e+03,19,0.395833
3404,3.40400000e+03,19,0.395833
3405,3.40500000e+03,21,0.437500
3406,3.40600000e+03,21,0.437500
3407,3.40700000e+03,21,0.437500
3408,3.40800000e+03,21,0.437500
3409,3.40900000e+03,21,0.437500
3410,3.41000000e+03,20,0.416667
3411,3.41100000e+03,20,0.416667
3412,3.41200000e+03,20,0.416667
3413,3.41300000e+03,20,0.416667
3414,3.41400000e+03,20,0.416667
3415,3.41500000e+03,22,0.458333
3416,3.41600000e+03,22,0.458333
3417,3.41700000e+03,22,0.458333
3418,3.41800000e+03,22,0.458333
3419,3.41900000e+03,22,0.458333
3420,3.42000000e+03,22,0.458333
3421,3.42100000e+03,22,0.458333
3422,3.42200000e+03,22,0.458333
3423,3.42300000e+03,22,0.458333
3424,3.42400000e+03,22,0.458333
3425,3.42500000e+03,22,0.458333
3426,3.42600000e+03,22,0.458333
3427,3.42700000e+03,22,0.458333
3428,3.42800000e+03,22,0.458333
3429,3.42900000e+03,22,0.458333
3430,3.43000000e+03,22,0.458333
3431,3.43100000e+03,22,0.458333
3432,3.43200000e+03,22,0.458333
3433,3.43300000e+03,22,0.458333
3434,3.43400000e+03,22,0.458333
3435,3.43500000e+03,18,0.375000
3436,3.43600000e+03,18,0.375000
3437,3.43700000e+03,18,0.375000
3438,3.43800000e+03,18,0.375000
3439,3.43900000e+03,18,0.375000
3440,3.44000000e+03,19,0.395833
3441,3.44100000e+03,19,0.395833
3442,3.44200000e+03,19,0.395833
3443,3.44300000e+03,19,0.395833
3444,3.44400000e+03,19,0.395833
3445,3.44500000e+03,20,0.416667
3446,3.44600000e+03,20,0.416667
3447,3.44700000e+03,20,0.416667
3448,3.44800000e+03,20,0.416667
3449,3.44900000e+03,20,0.416667
3450,3.45000000e+03,22,0.458333
3451,3.45100000e+03,22,0.458333
3452,3.45200000e+03,22,0.458333
3453,3.45300000e+03,22,0.458333
3454,3.45400000e+03,22,0.458333
3455,3.45500000e+03,15,0.312500
3456,3.45600000e+03,15,0.312500
3457,3.45700000e+03,15,0.312500
3458,3.45800000e+03,15,0.312500
3459,3.45900000e+03,15,0.312500
3460,3.46000000e+03,21,0.437500
3461,3.46100000e+03,21,0.437500
3462,3.46200000e+03,21,0.437500
3463,3.46300000e+03,21,0.437500
3464,3.46400000e+03,21,0.437500
3465,3.46500000e+03,20,0.416667
3466,3.46600000e+03,20,0.416667
3467,3.46700000e+03,20,0.416667
3468,3.46800000e+03,20,0.416667
3469,3.46900000e+03,20,0.416667
3470,3.47000000e+03,21,0.437500
3471,3.47100000e+03,21,0.437500
3472,3.47200000e+03,21,0.437500
3473,3.47300000e+03,21,0.437500
3474,3.47400000e+03,21,0.437500
3475,3.47500000e+03,17,0.354167
3476,3.47600000e+03,17,0.354167
3477,3.47700000e+03,17,0.354167
3478,3.47800000e+03,17,0.354167
3479,3.47900000e+03,17,0.354167
3480,3.48000000e+03,21,0.437500
3481,3.48100000e+03,21,0.437500
3482,3.48200000e+03,21,0.437500
3483,3.48300000e+03,21,0.437500
3484,3.48400000e+03,21,0.437500
3485,3.48500000e+03,22,0.458333
3486,3.48600000e+03,22,0.458333
3487,3.48700000e+03,22,0.458333
3488,3.48800000e+03,22,0.458333
3489,3.48900000e+03,22,0.458333
3490,3.49000000e+03,17,0.354167
3491,3.49100000e+03,17,0.354167
3492,3.49200000e+03,17,0.354167
3493,3.49300000e+03,17,0.354167
3494,3.49400000e+03,17,0.354167
3495,3.49500000e+03,19,0.395833
3496,3.49600000e+03,19,0.395833
3497,3.49700000e+03,19,0.395833
3498,3.49800000e+03,19,0.395833
3499,3.49900000e+03,19,0.395833
3500,3.50000000e+03,20,0.416667
3501,3.50100000e+03,20,0.416667
3502,3.50200000e+03,20,0.416667
3503,3.50300000e+03,20,0.416667
3504,3.50400000e+03,20,0.416667
3505,3.50500000e+03,19,0.395833
3506,3.50600000e+03,19,0.395833
3507,3.50700000e+03,19,0.395833
3508,3.50800000e+03,19,0.395833
3509,3.50900000e+03,19,0.395833
3510,3.51000000e+03,17,0.354167
3511,3.51100000e+03,17,0.354167
3512,3.51200000e+03,17,0.354167
3513,3.51300000e+03,17,0.354167
3514,3.51400000e+03,17,0.354167
3515,3.51500000e+03,21,0.437500
3516,3.51600000e+03,21,0.437500
3517,3.51700000e+03,21,0.437500
3518,3.51800000e+03,21,0.437500
3519,3.51900000e+03,21,0.437500
3520,3.52000000e+03,22,0.458333
3521,3.52100000e+03,22,0.458333
3522,3.52200000e+03,22,0.458333
3523,3.52300000e+03,22,0.458333
3524,3.52400000e+03,22,0.458333
3525,3.52500000e+03,22,0.458333
3526,3.52600000e+03,22,0.458333
3527,3.52700000e+03,22,0.458333
3528,3.52800000e+03,22,0.458333
3529,3.52900000e+03,22,0.458333
3530,3.53000000e+03,22,0.458333
3531,3.53100000e+03,22,0.458333
3532,3.53200000e+03,22,0.458333
3533,3.53300000e+03,22,0.458333
3534,3.53400000e+03,22,0.458333
3535,3.53500000e+03,23,0.479167
3536,3.53600000e+03,23,0.479167
3537,3.53700000e+03,23,0.479167
3538,3.53800000e+03,23,0.479167
3539,3.53900000e+03,23,0.479167
3540,3.54000000e+03,22,0.458333
3541,3.54100000e+03,22,0.458333
3542,3.54200000e+03,22,0.458333
3543,3.54300000e+03,22,0.458333
3544,3.54400000e+03,22,0.458333
3545,3.54500000e+03,20,0.416667
3546,3.54600000e+03,20,0.416667
3547,3.54700000e+03,20,0.416667
3548,3.54800000e+03,20,0.416667
3549,3.54900000e+03,20,0.416667
3550,3.55000000e+03,26,0.541667
3551,3.55100000e+03,26,0.541667
3552,3.55200000e+03,26,0.541667
3553,3.55300000e+03,26,0.541667
3554,3.55400000e+03,26,0.541667
3555,3.55500000e+03,22,0.458333
3556,3.55600000e+03,22,0.458333
3557,3.55700000e+03,22,0.458333
3558,3.55800000e+03,22,0.458333
3559,3.55900000e+03,22,0.458333
3560,3.56000000e+03,22,0.458333
3561,3.56100000e+03,22,0.458333
3562,3.56200000e+03,22,0.458333
3563,3.56300000e+03,22,0.458333
3564,3.56400000e+03,22,0.458333
3565,3.56500000e+03,20,0.416667
3566,3.56600000e+03,20,0.416667
3567,3.56700000e+03,20,0.416667
3568,3.56800000e+03,20,0.416667
3569,3.56900000e+03,20,0.416667
3570,3.57000000e+03,22,0.458333
3571,3.57100000e+03,22,0.458333
3572,3.57200000e+03,22,0.458333
3573,3.57300000e+03,22,0.458333
3574,3.57400000e+03,22,0.458333
3575,3.57500000e+03,22,0.458333
3576,3.57600000e+03,22,0.458333
3577,3.57700000e+03,22,0.458333
3578,3.57800000e+03,22,0.458333
3579,3.57900000e+03,22,0.458333
3580,3.58000000e+03,24,0.500000
3581,3.58100000e+03,24,0.500000
3582,3.58200000e+03,24,0.500000
3583,3.58300000e+03,24,0.500000
3584,3.58400000e+03,24,0.500000
3585,3.58500000e+03,20,0.416667
3586,3.58600000e+03,20,0.416667
3587,3.58700000e+03,20,0.416667
3588,3.58800000e+03,20,0.416667
3589,3.58900000e+03,20,0.416667
3590,3.59000000e+03,21,0.437500
3591,3.59100000e+03,21,0.437500
3592,3.59200000e+03,21,0.437500
3593,3.59300000e+03,21,0.437500
3594,3.59400000e+03,21,0.437500
3595,3.59500000e+03,22,0.458333
3596,3.59600000e+03,22,0.458333
3597,3.59700000e+03,22,0.458333
3598,3.59800000e+03,22,0.458333
3599,3.59900000e+03,22,0.458333
3600,3.60000000e+03,20,0.416667
3601,3.60100000e+03,20,0.416667
3602,3.60200000e+03,20,0.416667
3603,3.60300000e+03,20,0.416667
3604,3.60400000e+03,20,0.416667
3605,3.60500000e+03,20,0.416667
3606,3.60600000e+03,20,0.416667
3607,3.60700000e+03,20,0.416667
3608,3.60800000e+03,20,0.416667
3609,3.60900000e+03,20,0.416667
3610,3.61000000e+03,21,0.437500
3611,3.61100000e+03,21,0.437500
3612,3.61200000e+03,21,0.437500
3613,3.61300000e+03,21,0.437500
3614,3.61400000e+03,21,0.437500
3615,3.61500000e+03,21,0.437500
3616,3.61600000e+03,21,0.437500
3617,3.61700000e+03,21,0.437500
3618,3.61800000e+03,21,0.437500
3619,3.61900000e+03,21,0.437500
3620,3.62000000e+03,22,0.458333
3621,3.62100000e+03,22,0.458333
3622,3.62200000e+03,22,0.458333
3623,3.62300000e+03,22,0.458333
3624,3.62400000e+03,22,0.458333
3625,3.62500000e+03,22,0.458333
3626,3.62600000e+03,22,0.458333
3627,3.62700000e+03,22,0.458333
3628,3.62800000e+03,22,0.458333
3629,3.62900000e+03,22,0.458333
3630,3.63000000e+03,22,0.458333
3631,3.63100000e+03,22,0.458333
3632,3.63200000e+03,22,0.458333
3633,3.63300000e+03,22,0.458333
3634,3.63400000e+03,22,0.458333
3635,3.63500000e+03,21,0.437500
3636,3.63600000e+03,21,0.437500
3637,3.63700000e+03,21,0.437500
3638,3.63800000e+03,21,0.437500
3639,3.63900000e+03,21,0.437500
3640,3.64000000e+03,20,0.416667
3641,3.64100000e+03,20,0.416667
3642,3.64200000e+03,20,0.416667
3643,3.64300000e+03,20,0.416667
3644,3.64400000e+03,20,0.416667
3645,3.64500000e+03,22,0.458333
3646,3.64600000e+03,22,0.458333
3647,3.64700000e+03,22,0.458333
3648,3.64800000e+03,22,0.458333
3649,3.64900000e+03,22,0.458333
3650,3.65000000e+03,21,0.437500
3651,3.65100000e+03,21,0.437500
3652,3.65200000e+03,21,0.437500
3653,3.65300000e+03,21,0.437500
3654,3.65400000e+03,21,0.437500
3655,3.65500000e+03,21,0.437500
3656,3.65600000e+03,21,0.437500
3657,3.65700000e+03,21,0.437500
3658,3.65800000e+03,21,0.437500
3659,3.65900000e+03,21,0.437500
3660,3.66000000e+03,24,0.500000
3661,3.66100000e+03,24,0.500000
3662,3.66200000e+03,24,0.500000
3663,3.66300000e+03,24,0.500000
3664,3.66400000e+03,24,0.500000
3665,3.66500000e+03,26,0.541667
3666,3.66600000e+03,26,0.541667
3667,3.66700000e+03,26,0.541667
3668,3.66800000e+03,26,0.541667
3669,3.66900000e+03,26,0.541667
3670,3.67000000e+03,23,0.479167
3671,3.67100000e+03,23,0.479167
3672,3.67200000e+03,23,0.479167
3673,3.67300000e+03,23,0.479167
3674,3.67400000e+03,23,0.479167
3675,3.67500000e+03,22,0.458333
3676,3.67600000e+03,22,0.458333
3677,3.67700000e+03,22,0.458333
3678,3.67800000e+03,22,0.458333
3679,3.67900000e+03,22,0.458333
3680,3.68000000e+03,22,0.458333
3681,3.68100000e+03,22,0.458333
3682,3.68200000e+03,22,0.458333
3683,3.68300000e+03,22,0.458333
3684,3.68400000e+03,22,0.458333
3685,3.68500000e+03,22,0.458333
3686,3.68600000e+03,22,0.458333
3687,3.68700000e+03,22,0.458333
3688,3.68800000e+03,22,0.458333
3689,3.68900000e+03,22,0.458333
3690,3.69000000e+03,22,0.458333
3691,3.69100000e+03,22,0.458333
3692,3.69200000e+03,22,0.458333
3693,3.69300000e+03,22,0.458333
3694,3.69400000e+03,22,0.458333
3695,3.69500000e+03,19,0.395833
3696,3.69600000e+03,19,0.395833
3697,3.69700000e+03,19,0.395833
3698,3.69800000e+03,19,0.395833
3699,3.69900000e+03,19,0.395833
3700,3.70000000e+03,21,0.437500
3701,3.70100000e+03,21,0.437500
3702,3.70200000e+03,21,0.437500
3703,3.70300000e+03,21,0.437500
3704,3.70400000e+03,21,0.437500
3705,3.70500000e+03,22,0.458333
3706,3.70600000e+03,22,0.458333
3707,3.70700000e+03,22,0.458333
3708,3.70800000e+03,22,0.458333
3709,3.70900000e+03,22,0.458333
3710,3.71000000e+03,21,0.437500
3711,3.71100000e+03,21,0.437500
3712,3.71200000e+03,21,0.437500
3713,3.71300000e+03,21,0.437500
3714,3.71400000e+03,21,0.437500
3715,3.71500000e+03,22,0.458333
3716,3.71600000e+03,22,0.458333
3717,3.71700000e+03,22,0.458333
3718,3.71800000e+03,22,0.458333
3719,3.71900000e+03,22,0.458333
3720,3.72000000e+03,18,0.375000
3721,3.72100000e+03,18,0.375000
3722,3.72200000e+03,18,0.375000
3723,3.72300000e+03,18,0.375000
3724,3.72400000e+03,18,0.375000
3725,3.72500000e+03,22,0.458333
3726,3.72600000e+03,22,0.458333
3727,3.72700000e+03,22,0.458333
3728,3.72800000e+03,22,0.458333
3729,3.72900000e+03,22,0.458333
3730,3.73000000e+03,20,0.416667
3731,3.73100000e+03,20,0.416667
3732,3.73200000e+03,20,0.416667
3733,3.73300000e+03,20,0.416667
3734,3.73400000e+03,20,0.416667
3735,3.73500000e+03,19,0.395833
3736,3.73600000e+03,19,0.395833
3737,3.73700000e+03,19,0.395833
3738,3.73800000e+03,19,0.395833
3739,3.73900000e+03,19,0.395833
3740,3.74000000e+03,19,0.395833
3741,3.74100000e+03,19,0.395833
3742,3.74200000e+03,19,0.395833
3743,3.74300000e+03,19,0.395833
3744,3.74400000e+03,19,0.395833
3745,3.74500000e+03,22,0.458333
3746,3.74600000e+03,22,0.458333
3747,3.74700000e+03,22,0.458333
3748,3.74800000e+03,22,0.458333
3749,3.74900000e+03,22,0.458333
3750,3.75000000e+03,19,0.395833
3751,3.75100000e+03,19,0.395833
3752,3.75200000e+03,19,0.395833
3753,3.75300000e+03,19,0.395833
3754,3.75400000e+03,19,0.395833
3755,3.75500000e+03,18,0.375000
3756,3.75600000e+03,18,0.375000
3757,3.75700000e+03,18,0.375000
3758,3.75800000e+03,18,0.375000
3759,3.75900000e+03,18,0.375000
3760,3.76000000e+03,22,0.458333
3761,3.76100000e+03,22,0.458333
3762,3.76200000e+03,22,0.458333
3763,3.76300000e+03,22,0.458333
3764,3.76400000e+03,22,0.458333
3765,3.76500000e+03,21,0.437500
3766,3.76600000e+03,21,0.437500
3767,3.76700000e+03,21,0.437500
3768,3.76800000e+03,21,0.437500
3769,3.76900000e+03,21,0.437500
3770,3.77000000e+03,19,0.395833
3771,3.77100000e+03,19,0.395833
3772,3.77200000e+03,19,0.395833
3773,3.77300000e+03,19,0.395833
3774,3.77400000e+03,19,0.395833
3775,3.77500000e+03,20,0.416667
3776,3.77600000e+03,20,0.416667
3777,3.77700000e+03,20,0.416667
3778,3.77800000e+03,20,0.416667
3779,3.77900000e+03,20,0.416667
3780,3.78000000e+03,22,0.458333
3781,3.78100000e+03,22,0.458333
3782,3.78200000e+03,22,0.458333
3783,3.78300000e+03,22,0.458333
3784,3.78400000e+03,22,0.458333
3785,3.78500000e+03,22,0.458333
3786,3.78600000e+03,22,0.458333
3787,3.78700000e+03,22,0.458333
3788,3.78800000e+03,22,0.458333
3789,3.78900000e+03,22,0.458333
3790,3.79000000e+03,20,0.416667
3791,3.79100000e+03,20,0.416667
3792,3.79200000e+03,20,0.416667
3793,3.79300000e+03,20,0.416667
3794,3.79400000e+03,20,0.416667
3795,3.79500000e+03,17,0.354167
3796,3.79600000e+03,17,0.354167
3797,3.79700000e+03,17,0.354167
3798,3.79800000e+03,17,0.354167
3799,3.79900000e+03,17,0.354167
3800,3.80000000e+03,17,0.354167
3801,3.80100000e+03,17,0.354167
3802,3.80200000e+03,17,0.354167
3803,3.80300000e+03,17,0.354167
3804,3.80400000e+03,17,0.354167
3805,3.80500000e+03,16,0.333333
3806,3.80600000e+03,16,0.333333
3807,3.80700000e+03,16,0.333333
3808,3.80800000e+03,16,0.333333
3809,3.80900000e+03,16,0.333333
3810,3.81000000e+03,17,0.354167
3811,3.81100000e+03,17,0.354167
3812,3.81200000e+03,17,0.354167
3813,3.81300000e+03,17,0.354167
3814,3.81400000e+03,17,0.354167
3815,3.81500000e+03,15,0.312500
3816,3.81600000e+03,15,0.312500
3817,3.81700000e+03,15,0.312500
3818,3.81800000e+03,15,0.312500
3819,3.81900000e+03,15,0.312500
3820,3.82000000e+03,17,0.354167
3821,3.82100000e+03,17,0.354167
3822,3.82200000e+03,17,0.354167
3823,3.82300000e+03,17,0.354167
3824,3.82400000e+03,17,0.354167
3825,3.82500000e+03,15,0.312500
3826,3.82600000e+03,15,0.312500
3827,3.82700000e+03,15,0.312500
3828,3.82800000e+03,15,0.312500
3829,3.82900000e+03,15,0.312500
3830,3.83000000e+03,17,0.354167
3831,3.83100000e+03,17,0.354167
3832,3.83200000e+03,17,0.354167
3833,3.83300000e+03,17,0.354167
3834,3.83400000e+03,17,0.354167
3835,3.83500000e+03,16,0.333333
3836,3.83600000e+03,16,0.333333
3837,3.83700000e+03,16,0.333333
3838,3.83800000e+03,16,0.333333
3839,3.83900000e+03,16,0.333333
3840,3.84000000e+03,15,0.312500
3841,3.84100000e+03,15,0.312500
3842,3.84200000e+03,15,0.312500
3843,3.84300000e+03,15,0.312500
3844,3.84400000e+03,15,0.312500
3845,3.84500000e+03,12,0.250000
3846,3.84600000e+03,12,0.250000
3847,3.84700000e+03,12,0.250000
3848,3.84800000e+03,12,0.250000
3849,3.84900000e+03,12,0.250000
3850,3.85000000e+03,16,0.333333
3851,3.85100000e+03,16,0.333333
3852,3.85200000e+03,16,0.333333
3853,3.85300000e+03,16,0.333333
3854,3.85400000e+03,16,0.333333
3855,3.85500000e+03,11,0.229167
3856,3.85600000e+03,11,0.229167
3857,3.85700000e+03,11,0.229167
3858,3.85800000e+03,11,0.229167
3859,3.85900000e+03,11,0.229167
3860,3.86000000e+03,11,0.229167
3861,3.86100000e+03,11,0.229167
3862,3.86200000e+03,11,0.229167
3863,3.86300000e+03,11,0.229167
3864,3.86400000e+03,11,0.229167
3865,3.86500000e+03,13,0.270833
3866,3.86600000e+03,13,0.270833
3867,3.86700000e+03,13,0.270833
3868,3.86800000e+03,13,0.270833
3869,3.86900000e+03,13,0.270833
3870,3.87000000e+03,12,0.250000
3871,3.87100000e+03,12,0.250000
3872,3.87200000e+03,12,0.250000
3873,3.87300000e+03,12,0.250000
3874,3.87400000e+03,12,0.250000
3875,3.87500000e+03,12,0.250000
3876,3.87600000e+03,12,0.250000
3877,3.87700000e+03,12,0.250000
3878,3.87800000e+03,12,0.250000
3879,3.87900000e+03,12,0.250000
3880,3.88000000e+03,11,0.229167
3881,3.88100000e+03,11,0.229167
3882,3.88200000e+03,11,0.229167
3883,3.88300000e+03,11,0.229167
3884,3.88400000e+03,11,0.229167
3885,3.88500000e+03,12,0.250000
3886,3.88600000e+03,12,0.250000
3887,3.88700000e+03,12,0.250000
3888,3.88800000e+03,12,0.250000
3889,3.88900000e+03,12,0.250000
3890,3.89000000e+03,10,0.208333
3891,3.89100000e+03,10,0.208333
3892,3.89200000e+03,10,0.208333
3893,3.89300000e+03,10,0.208333
3894,3.89400000e+03,10,0.208333
3895,3.89500000e+03,11,0.229167
3896,3.89600000e+03,11,0.229167
3897,3.89700000e+03,11,0.229167
3898,3.89800000e+03,11,0.229167
3899,3.89900000e+03,11,0.229167
3900,3.90000000e+03,9,0.187500
3901,3.90100000e+03,9,0.187500
3902,3.90200000e+03,9,0.187500
3903,3.90300000e+03,9,0.187500
3904,3.90400000e+03,9,0.187500
3905,3.90500000e+03,9,0.187500
3906,3.90600000e+03,9,0.187500
3907,3.90700000e+03,9,0.187500
3908,3.90800000e+03,9,0.187500
3909,3.90900000e+03,9,0.187500
3910,3.91000000e+03,12,0.250000
3911,3.91100000e+03,12,0.250000
3912,3.91200000e+03,12,0.250000
3913,3.91300000e+03,12,0.250000
3914,3.91400000e+03,12,0.250000
3915,3.91500000e+03,12,0.250000
3916,3.91600000e+03,12,0.250000
3917,3.91700000e+03,12,0.250000
3918,3.91800000e+03,12,0.250000
3919,3.91900000e+03,12,0.250000
3920,3.92000000e+03,8,0.166667
3921,3.92100000e+03,8,0.166667
3922,3.92200000e+03,8,0.166667
3923,3.92300000e+03,8,0.166667
3924,3.92400000e+03,8,0.166667
3925,3.92500000e+03,9,0.187500
3926,3.92600000e+03,9,0.187500
3927,3.92700000e+03,9,0.187500
3928,3.92800000e+03,9,0.187500
3929,3.92900000e+03,9,0.187500
3930,3.93000000e+03,10,0.208333
3931,3.93100000e+03,10,0.208333
3932,3.93200000e+03,10,0.208333
3933,3.93300000e+03,10,0.208333
3934,3.93400000e+03,10,0.208333
3935,3.93500000e+03,7,0.145833
3936,3.93600000e+03,7,0.145833
3937,3.93700000e+03,7,0.145833
3938,3.93800000e+03,7,0.145833
3939,3.93900000e+03,7,0.145833
3940,3.94000000e+03,7,0.145833
3941,3.94100000e+03,7,0.145833
3942,3.94200000e+03,7,0.145833
3943,3.94300000e+03,7,0.145833
3944,3.94400000e+03,7,0.145833
3945,3.94500000e+03,7,0.145833
3946,3.94600000e+03,7,0.145833
3947,3.94700000e+03,7,0.145833
3948,3.94800000e+03,7,0.145833
3949,3.94900000e+03,7,0.145833
3950,3.95000000e+03,7,0.145833
3951,3.95100000e+03,7,0.145833
3952,3.95200000e+03,7,0.145833
3953,3.95300000e+03,7,0.145833
3954,3.95400000e+03,7,0.145833
3955,3.95500000e+03,7,0.145833
3956,3.95600000e+03,7,0.145833
3957,3.95700000e+03,7,0.145833
3958,3.95800000e+03,7,0.145833
3959,3.95900000e+03,7,0.145833
3960,3.96000000e+03,7,0.145833
3961,3.96100000e+03,7,0.145833
3962,3.96200000e+03,7,0.145833
3963,3.96300000e+03,7,0.145833
3964,3.96400000e+03,7,0.145833
3965,3.96500000e+03,8,0.166667
3966,3.96600000e+03,8,0.166667
3967,3.96700000e+03,8,0.166667
3968,3.96800000e+03,8,0.166667
3969,3.96900000e+03,8,0.166667
3970,3.97000000e+03,9,0.187500
3971,3.97100000e+03,9,0.187500
3972,3.97200000e+03,9,0.187500
3973,3.97300000e+03,9,0.187500
3974,3.97400000e+03,9,0.187500
3975,3.97500000e+03,9,0.187500
3976,3.97600000e+03,9,0.187500
3977,3.97700000e+03,9,0.187500
3978,3.97800000e+03,9,0.187500
3979,3.97900000e+03,9,0.187500
3980,3.98000000e+03,7,0.145833
3981,3.98100000e+03,7,0.145833
3982,3.98200000e+03,7,0.145833
3983,3.98300000e+03,7,0.145833
3984,3.98400000e+03,7,0.145833
3985,3.98500000e+03,8,0.166667
3986,3.98600000e+03,8,0.166667
3987,3.98700000e+03,8,0.166667
3988,3.98800000e+03,8,0.166667
3989,3.98900000e+03,8,0.166667
3990,3.99000000e+03,7,0.145833
3991,3.99100000e+03,7,0.145833
3992,3.99200000e+03,7,0.145833
3993,3.99300000e+03,7,0.145833
3994,3.99400000e+03,7,0.145833
3995,3.99500000e+03,7,0.145833
3996,3.99600000e+03,7,0.145833
3997,3.99700000e+03,7,0.145833
3998,3.99800000e+03,7,0.145833
3999,3.99900000e+03,7,0.145833
4000,4.00000000e+03,7,0.145833
4001,4.00100000e+03,7,0.145833
4002,4.00200000e+03,7,0.145833
4003,4.00300000e+03,7,0.145833
4004,4.00400000e+03,7,0.145833
4005,4.00500000e+03,7,0.145833
4006,4.00600000e+03,7,0.145833
4007,4.00700000e+03,7,0.145833
4008,4.00800000e+03,7,0.145833
4009,4.00900000e+03,7,0.145833
4010,4.01000000e+03,4,0.083333
4011,4.01100000e+03,4,0.083333
4012,4.01200000e+03,4,0.083333
4013,4.01300000e+03,4,0.083333
4014,4.01400000e+03,4,0.083333
4015,4.01500000e+03,5,0.104167
4016,4.01600000e+03,5,0.104167
4017,4.01700000e+03,5,0.104167
4018,4.01800000e+03,5,0.104167
4019,4.01900000e+03,5,0.104167
4020,4.02000000e+03,4,0.083333
4021,4.02100000e+03,4,0.083333
4022,4.02200000e+03,4,0.083333
4023,4.02300000e+03,4,0.083333
4024,4.02400000e+03,4,0.083333
4025,4.02500000e+03,10,0.208333
4026,4.02600000e+03,10,0.208333
4027,4.02700000e+03,10,0.208333
4028,4.02800000e+03,10,0.208333
4029,4.02900000e+03,10,0.208333
4030,4.03000000e+03,7,0.145833
4031,4.03100000e+03,7,0.145833
4032,4.03200000e+03,7,0.145833
4033,4.03300000e+03,7,0.145833
4034,4.03400000e+03,7,0.145833
4035,4.03500000e+03,5,0.104167
4036,4.03600000e+03,5,0.104167
4037,4.03700000e+03,5,0.104167
4038,4.03800000e+03,5,0.104167
4039,4.03900000e+03,5,0.104167
4040,4.04000000e+03,6,0.125000
4041,4.04100000e+03,6,0.125000
4042,4.04200000e+03,6,0.125000
4043,4.04300000e+03,6,0.125000
4044,4.04400000e+03,6,0.125000
4045,4.04500000e+03,6,0.125000
4046,4.04600000e+03,6,0.125000
4047,4.04700000e+03,6,0.125000
4048,4.04800000e+03,6,0.125000
4049,4.04900000e+03,6,0.125000
4050,4.05000000e+03,7,0.145833
4051,4.05100000e+03,7,0.145833
4052,4.05200000e+03,7,0.145833
4053,4.05300000e+03,7,0.145833
4054,4.05400000e+03,7,0.145833
4055,4.05500000e+03,4,0.083333
4056,4.05600000e+03,4,0.083333
4057,4.05700000e+03,4,0.083333
4058,4.05800000e+03,4,0.083333
4059,4.05900000e+03,4,0.083333
4060,4.06000000e+03,6,0.125000
4061,4.06100000e+03,6,0.125000
4062,4.06200000e+03,6,0.125000
4063,4.06300000e+03,6,0.125000
4064,4.06400000e+03,6,0.125000
4065,4.06500000e+03,5,0.104167
4066,4.06600000e+03,5,0.104167
4067,4.06700000e+03,5,0.104167
4068,4.06800000e+03,5,0.104167
4069,4.06900000e+03,5,0.104167
4070,4.07000000e+03,1,0.020833
4071,4.07100000e+03,1,0.020833
4072,4.07200000e+03,1,0.020833
4073,4.07300000e+03,1,0.020833
4074,4.07400000e+03,1,0.020833
4075,4.07500000e+03,8,0.166667
4076,4.07600000e+03,8,0.166667
4077,4.07700000e+03,8,0.166667
4078,4.07800000e+03,8,0.166667
4079,4.07900000e+03,8,0.166667
4080,4.08000000e+03,5,0.104167
4081,4.08100000e+03,5,0.104167
4082,4.08200000e+03,5,0.104167
4083,4.08300000e+03,5,0.104167
4084,4.08400000e+03,5,0.104167
4085,4.08500000e+03,6,0.125000
4086,4.08600000e+03,6,0.125000
4087,4.08700000e+03,6,0.125000
4088,4.08800000e+03,6,0.125000
4089,4.08900000e+03,6,0.125000
4090,4.09000000e+03,2,0.041667
4091,4.09100000e+03,2,0.041667
4092,4.09200000e+03,2,0.041667
4093,4.09300000e+03,2,0.041667
4094,4.09400000e+03,2,0.041667
4095,4.09500000e+03,4,0.083333
4096,4.09600000e+03,4,0.083333
4097,4.09700000e+03,4,0.083333
4098,4.09800000e+03,4,0.083333
4099,4.09900000e+03,4,0.083333
4100,4.10000000e+03,4,0.083333
4101,4.10100000e+03,4,0.083333
4102,4.10200000e+03,4,0.083333
4103,4.10300000e+03,4,0.083333
4104,4.10400000e+03,4,0.083333
4105,4.10500000e+03,5,0.104167
4106,4.10600000e+03,5,0.104167
4107,4.10700000e+03,5,0.104167
4108,4.10800000e+03,5,0.104167
4109,4.10900000e+03,5,0.104167
4110,4.11000000e+03,5,0.104167
4111,4.11100000e+03,5,0.104167
4112,4.11200000e+03,5,0.104167
4113,4.11300000e+03,5,0.104167
4114,4.11400000e+03,5,0.104167
4115,4.11500000e+03,8,0.166667
4116,4.11600000e+03,8,0.166667
4117,4.11700000e+03,8,0.166667
4118,4.11800000e+03,8,0.166667
4119,4.11900000e+03,8,0.166667
4120,4.12000000e+03,8,0.166667
4121,4.12100000e+03,8,0.166667
4122,4.12200000e+03,8,0.166667
4123,4.12300000e+03,8,0.166667
4124,4.12400000e+03,8,0.166667
4125,4.12500000e+03,4,0.083333
4126,4.12600000e+03,4,0.083333
4127,4.12700000e+03,4,0.083333
4128,4.12800000e+03,4,0.083333
4129,4.12900000e+03,4,0.083333
4130,4.13000000e+03,6,0.125000
4131,4.13100000e+03,6,0.125000
4132,4.13200000e+03,6,0.125000
4133,4.13300000e+03,6,0.125000
4134,4.13400000e+03,6,0.125000
4135,4.13500000e+03,6,0.125000
4136,4.13600000e+03,6,0.125000
4137,4.13700000e+03,6,0.125000
4138,4.13800000e+03,6,0.125000
4139,4.13900000e+03,6,0.125000
4140,4.14000000e+03,4,0.083333
4141,4.14100000e+03,4,0.083333
4142,4.14200000e+03,4,0.083333
4143,4.14300000e+03,4,0.083333
4144,4.14400000e+03,4,0.083333
4145,4.14500000e+03,6,0.125000
4146,4.14600000e+03,6,0.125000
4147,4.14700000e+03,6,0.125000
4148,4.14800000e+03,6,0.125000
4149,4.14900000e+03,6,0.125000
4150,4.15000000e+03,4,0.083333
4151,4.15100000e+03,4,0.083333
4152,4.15200000e+03,4,0.083333
4153,4.15300000e+03,4,0.083333
4154,4.15400000e+03,4,0.083333
4155,4.15500000e+03,6,0.125000
4156,4.15600000e+03,6,0.125000
4157,4.15700000e+03,6,0.125000
4158,4.15800000e+03,6,0.125000
4159,4.15900000e+03,6,0.125000
4160,4.16000000e+03,1,0.020833
4161,4.16100000e+03,1,0.020833
4162,4.16200000e+03,1,0.020833
4163,4.16300000e+03,1,0.020833
4164,4.16400000e+03,1,0.020833
4165,4.16500000e+03,-2,-0.041667
4166,4.16600000e+03,-2,-0.041667
4167,4.16700000e+03,-2,-0.041667
4168,4.16800000e+03,-2,-0.041667
4169,4.16900000e+03,-2,-0.041667
4170,4.17000000e+03,5,0.104167
4171,4.17100000e+03,5,0.104167
4172,4.17200000e+03,5,0.104167
4173,4.17300000e+03,5,0.104167
4174,4.17400000e+03,5,0.104167
4175,4.17500000e+03,4,0.083333
4176,4.17600000e+03,4,0.083333
4177,4.17700000e+03,4,0.083333
4178,4.17800000e+03,4,0.083333
4179,4.17900000e+03,4,0.083333
4180,4.18000000e+03,2,0.041667
4181,4.18100000e+03,2,0.041667
4182,4.18200000e+03,2,0.041667
4183,4.18300000e+03,2,0.041667
4184,4.18400000e+03,2,0.041667
4185,4.18500000e+03,5,0.104167
4186,4.18600000e+03,5,0.104167
4187,4.18700000e+03,5,0.104167
4188,4.18800000e+03,5,0.104167
4189,4.18900000e+03,5,0.104167
4190,4.19000000e+03,0,0.000000
4191,4.19100000e+03,0,0.000000
4192,4.19200000e+03,0,0.000000
4193,4.19300000e+03,0,0.000000
4194,4.19400000e+03,0,0.000000
4195,4.19500000e+03,2,0.041667
4196,4.19600000e+03,2,0.041667
4197,4.19700000e+03,2,0.041667
4198,4.19800000e+03,2,0.041667
4199,4.19900000e+03,2,0.041667
4200,4.20000000e+03,4,0.083333
4201,4.20100000e+03,4,0.083333
4202,4.20200000e+03,4,0.083333
4203,4.20300000e+03,4,0.083333
4204,4.20400000e+03,4,0.083333
4205,4.20500000e+03,0,0.000000
4206,4.20600000e+03,0,0.000000
4207,4.20700000e+03,0,0.000000
4208,4.20800000e+03,0,0.000000
4209,4.20900000e+03,0,0.000000
4210,4.21000000e+03,2,0.041667
4211,4.21100000e+03,2,0.041667
4212,4.21200000e+03,2,0.041667
4213,4.21300000e+03,2,0.041667
4214,4.21400000e+03,2,0.041667
4215,4.21500000e+03,1,0.020833
4216,4.21600000e+03,1,0.020833
4217,4.21700000e+03,1,0.020833
4218,4.21800000e+03,1,0.020833
4219,4.21900000e+03,1,0.020833
4220,4.22000000e+03,3,0.062500
4221,4.22100000e+03,3,0.062500
4222,4.22200000e+03,3,0.062500
4223,4.22300000e+03,3,0.062500
4224,4.22400000e+03,3,0.062500
4225,4.22500000e+03,5,0.104167
4226,4.22600000e+03,5,0.104167
4227,4.22700000e+03,5,0.104167
4228,4.22800000e+03,5,0.104167
4229,4.22900000e+03,5,0.104167
4230,4.23000000e+03,4,0.083333
4231,4.23100000e+03,4,0.083333
4232,4.23200000e+03,4,0.083333
4233,4.23300000e+03,4,0.083333
4234,4.23400000e+03,4,0.083333
4235,4.23500000e+03,4,0.083333
4236,4.23600000e+03,4,0.083333
4237,4.23700000e+03,4,0.083333
4238,4.23800000e+03,4,0.083333
4239,4.23900000e+03,4,0.083333
4240,4.24000000e+03,3,0.062500
4241,4.24100000e+03,3,0.062500
4242,4.24200000e+03,3,0.062500
4243,4.24300000e+03,3,0.062500
4244,4.24400000e+03,3,0.062500
4245,4.24500000e+03,1,0.020833
4246,4.24600000e+03,1,0.020833
4247,4.24700000e+03,1,0.020833
4248,4.24800000e+03,1,0.020833
4249,4.24900000e+03,1,0.020833
4250,4.25000000e+03,2,0.041667
4251,4.25100000e+03,2,0.041667
4252,4.25200000e+03,2,0.041667
4253,4.25300000e+03,2,0.041667
4254,4.25400000e+03,2,0.041667
4255,4.25500000e+03,-1,-0.020833
4256,4.25600000e+03,-1,-0.020833
4257,4.25700000e+03,-1,-0.020833
4258,4.25800000e+03,-1,-0.020833
4259,4.25900000e+03,-1,-0.020833
4260,4.26000000e+03,3,0.062500
4261,4.26100000e+03,3,0.062500
4262,4.26200000e+03,3,0.062500
4263,4.26300000e+03,3,0.062500
4264,4.26400000e+03,3,0.062500
4265,4.26500000e+03,1,0.020833
4266,4.26600000e+03,1,0.020833
4267,4.26700000e+03,1,0.020833
4268,4.26800000e+03,1,0.020833
4269,4.26900000e+03,1,0.020833
4270,4.27000000e+03,2,0.041667
4271,4.27100000e+03,2,0.041667
4272,4.27200000e+03,2,0.041667
4273,4.27300000e+03,2,0.041667
4274,4.27400000e+03,2,0.041667
4275,4.27500000e+03,0,0.000000
4276,4.27600000e+03,0,0.000000
4277,4.27700000e+03,0,0.000000
4278,4.27800000e+03,0,0.000000
4279,4.27900000e+03,0,0.000000
4280,4.28000000e+03,1,0.020833
4281,4.28100000e+03,1,0.020833
4282,4.28200000e+03,1,0.020833
4283,4.28300000e+03,1,0.020833
4284,4.28400000e+03,1,0.020833
4285,4.28500000e+03,1,0.020833
4286,4.28600000e+03,1,0.020833
4287,4.28700000e+03,1,0.020833
4288,4.28800000e+03,1,0.020833
4289,4.28900000e+03,1,0.020833
4290,4.29000000e+03,-1,-0.020833
4291,4.29100000e+03,-1,-0.020833
4292,4.29200000e+03,-1,-0.020833
4293,4.29300000e+03,-1,-0.020833
4294,4.29400000e+03,-1,-0.020833
4295,4.29500000e+03,-3,-0.062500
4296,4.29600000e+03,-3,-0.062500
4297,4.29700000e+03,-3,-0.062500
4298,4.29800000e+03,-3,-0.062500
4299,4.29900000e+03,-3,-0.062500
4300,4.30000000e+03,0,0.000000
4301,4.30100000e+03,0,0.000000
4302,4.30200000e+03,0,0.000000
4303,4.30300000e+03,0,0.000000
4304,4.30400000e+03,0,0.000000
4305,4.30500000e+03,-4,-0.083333
4306,4.30600000e+03,-4,-0.083333
4307,4.30700000e+03,-4,-0.083333
4308,4.30800000e+03,-4,-0.083333
4309,4.30900000e+03,-4,-0.083333
4310,4.31000000e+03,-3,-0.062500
4311,4.31100000e+03,-3,-0.062500
4312,4.31200000e+03,-3,-0.062500
4313,4.31300000e+03,-3,-0.062500
4314,4.31400000e+03,-3,-0.062500
4315,4.31500000e+03,-4,-0.083333
4316,4.31600000e+03,-4,-0.083333
4317,4.31700000e+03,-4,-0.083333
4318,4.31800000e+03,-4,-0.083333
4319,4.31900000e+03,-4,-0.083333
4320,4.32000000e+03,-2,-0.041667
4321,4.32100000e+03,-2,-0.041667
4322,4.32200000e+03,-2,-0.041667
4323,4.32300000e+03,-2,-0.041667
4324,4.32400000e+03,-2,-0.041667
4325,4.32500000e+03,-3,-0.062500
4326,4.32600000e+03,-3,-0.062500
4327,4.32700000e+03,-3,-0.062500
4328,4.32800000e+03,-3,-0.062500
4329,4.32900000e+03,-3,-0.062500
4330,4.33000000e+03,-5,-0.104167
4331,4.33100000e+03,-5,-0.104167
4332,4.33200000e+03,-5,-0.104167
4333,4.33300000e+03,-5,-0.104167
4334,4.33400000e+03,-5,-0.104167
4335,4.33500000e+03,-4,-0.083333
4336,4.33600000e+03,-4,-0.083333
4337,4.33700000e+03,-4,-0.083333
4338,4.33800000e+03,-4,-0.083333
4339,4.33900000e+03,-4,-0.083333
4340,4.34000000e+03,-5,-0.104167
4341,4.34100000e+03,-5,-0.104167
4342,4.34200000e+03,-5,-0.104167
4343,4.34300000e+03,-5,-0.104167
4344,4.34400000e+03,-5,-0.104167
4345,4.34500000e+03,-6,-0.125000
4346,4.34600000e+03,-6,-0.125000
4347,4.34700000e+03,-6,-0.125000
4348,4.34800000e+03,-6,-0.125000
4349,4.34900000e+03,-6,-0.125000
4350,4.35000000e+03,-7,-0.145833
4351,4.35100000e+03,-7,-0.145833
4352,4.35200000e+03,-7,-0.145833
4353,4.35300000e+03,-7,-0.145833
4354,4.35400000e+03,-7,-0.145833
4355,4.35500000e+03,-4,-0.083333
4356,4.35600000e+03,-4,-0.083333
4357,4.35700000e+03,-4,-0.083333
4358,4.35800000e+03,-4,-0.083333
4359,4.35900000e+03,-4,-0.083333
4360,4.36000000e+03,-8,-0.166667
4361,4.36100000e+03,-8,-0.166667
4362,4.36200000e+03,-8,-0.166667
4363,4.36300000e+03,-8,-0.166667
4364,4.36400000e+03,-8,-0.166667
4365,4.36500000e+03,-5,-0.104167
4366,4.36600000e+03,-5,-0.104167
4367,4.36700000e+03,-5,-0.104167
4368,4.36800000e+03,-5,-0.104167
4369,4.36900000e+03,-5,-0.104167
4370,4.37000000e+03,-8,-0.166667
4371,4.37100000e+03,-8,-0.166667
4372,4.37200000e+03,-8,-0.166667
4373,4.37300000e+03,-8,-0.166667
4374,4.37400000e+03,-8,-0.166667
4375,4.37500000e+03,-4,-0.083333
4376,4.37600000e+03,-4,-0.083333
4377,4.37700000e+03,-4,-0.083333
4378,4.37800000e+03,-4,-0.083333
4379,4.37900000e+03,-4,-0.083333
4380,4.38000000e+03,-7,-0.145833
4381,4.38100000e+03,-7,-0.145833
4382,4.38200000e+03,-7,-0.145833
4383,4.38300000e+03,-7,-0.145833
4384,4.38400000e+03,-7,-0.145833
4385,4.38500000e+03,-9,-0.187500
4386,4.38600000e+03,-9,-0.187500
4387,4.38700000e+03,-9,-0.187500
4388,4.38800000e+03,-9,-0.187500
4389,4.38900000e+03,-9,-0.187500
4390,4.39000000e+03,-7,-0.145833
4391,4.39100000e+03,-7,-0.145833
4392,4.39200000e+03,-7,-0.145833
4393,4.39300000e+03,-7,-0.145833
4394,4.39400000e+03,-7,-0.145833
4395,4.39500000e+03,-5,-0.104167
4396,4.39600000e+03,-5,-0.104167
4397,4.39700000e+03,-5,-0.104167
4398,4.39800000e+03,-5,-0.104167
4399,4.39900000e+03,-5,-0.104167
4400,4.40000000e+03,-8,-0.166667
4401,4.40100000e+03,-8,-0.166667
4402,4.40200000e+03,-8,-0.166667
4403,4.40300000e+03,-8,-0.166667
4404,4.40400000e+03,-8,-0.166667
4405,4.40500000e+03,-8,-0.166667
4406,4.40600000e+03,-8,-0.166667
4407,4.40700000e+03,-8,-0.166667
4408,4.40800000e+03,-8,-0.166667
4409,4.40900000e+03,-8,-0.166667
4410,4.41000000e+03,-11,-0.229167
4411,4.41100000e+03,-11,-0.229167
4412,4.41200000e+03,-11,-0.229167
4413,4.41300000e+03,-11,-0.229167
4414,4.41400000e+03,-11,-0.229167
4415,4.41500000e+03,-9,-0.187500
4416,4.41600000e+03,-9,-0.187500
4417,4.41700000e+03,-9,-0.187500
4418,4.41800000e+03,-9,-0.187500
4419,4.41900000e+03,-9,-0.187500
4420,4.42000000e+03,-13,-0.270833
4421,4.42100000e+03,-13,-0.270833
4422,4.42200000e+03,-13,-0.270833
4423,4.42300000e+03,-13,-0.270833
4424,4.42400000e+03,-13,-0.270833
4425,4.42500000e+03,-11,-0.229167
4426,4.42600000e+03,-11,-0.229167
4427,4.42700000e+03,-11,-0.229167
4428,4.42800000e+03,-11,-0.229167
4429,4.42900000e+03,-11,-0.229167
4430,4.43000000e+03,-11,-0.229167
4431,4.43100000e+03,-11,-0.229167
4432,4.43200000e+03,-11,-0.229167
4433,4.43300000e+03,-11,-0.229167
4434,4.43400000e+03,-11,-0.229167
4435,4.43500000e+03,-9,-0.187500
4436,4.43600000e+03,-9,-0.187500
4437,4.43700000e+03,-9,-0.187500
4438,4.43800000e+03,-9,-0.187500
4439,4.43900000e+03,-9,-0.187500
4440,4.44000000e+03,-15,-0.312500
4441,4.44100000e+03,-15,-0.312500
4442,4.44200000e+03,-15,-0.312500
4443,4.44300000e+03,-15,-0.312500
4444,4.44400000e+03,-15,-0.312500
4445,4.44500000e+03,-10,-0.208333
4446,4.44600000e+03,-10,-0.208333
4447,4.44700000e+03,-10,-0.208333
4448,4.44800000e+03,-10,-0.208333
4449,4.44900000e+03,-10,-0.208333
4450,4.45000000e+03,-13,-0.270833
4451,4.45100000e+03,-13,-0.270833
4452,4.45200000e+03,-13,-0.270833
4453,4.45300000e+03,-13,-0.270833
4454,4.45400000e+03,-13,-0.270833
4455,4.45500000e+03,-14,-0.291667
4456,4.45600000e+03,-14,-0.291667
4457,4.45700000e+03,-14,-0.291667
4458,4.45800000e+03,-14,-0.291667
4459,4.45900000e+03,-14,-0.291667
4460,4.46000000e+03,-15,-0.312500
4461,4.46100000e+03,-15,-0.312500
4462,4.46200000e+03,-15,-0.312500
4463,4.46300000e+03,-15,-0.312500
4464,4.46400000e+03,-15,-0.312500
4465,4.46500000e+03,-9,-0.187500
4466,4.46600000e+03,-9,-0.187500
4467,4.46700000e+03,-9,-0.187500
4468,4.46800000e+03,-9,-0.187500
4469,4.46900000e+03,-9,-0.187500
4470,4.47000000e+03,-10,-0.208333
4471,4.47100000e+03,-10,-0.208333
4472,4.47200000e+03,-10,-0.208333
4473,4.47300000e+03,-10,-0.208333
4474,4.47400000e+03,-10,-0.208333
4475,4.47500000e+03,-11,-0.229167
4476,4.47600000e+03,-11,-0.229167
4477,4.47700000e+03,-11,-0.229167
4478,4.47800000e+03,-11,-0.229167
4479,4.47900000e+03,-11,-0.229167
4480,4.48000000e+03,-12,-0.250000
4481,4.48100000e+03,-12,-0.250000
4482,4.48200000e+03,-12,-0.250000
4483,4.48300000e+03,-12,-0.250000
4484,4.48400000e+03,-12,-0.250000
4485,4.48500000e+03,-12,-0.250000
4486,4.48600000e+03,-12,-0.250000
4487,4.48700000e+03,-12,-0.250000
4488,4.48800000e+03,-12,-0.250000
4489,4.48900000e+03,-12,-0.250000
4490,4.49000000e+03,-14,-0.291667
4491,4.49100000e+03,-14,-0.291667
4492,4.49200000e+03,-14,-0.291667
4493,4.49300000e+03,-14,-0.291667
4494,4.49400000e+03,-14,-0.291667
4495,4.49500000e+03,-15,-0.312500
4496,4.49600000e+03,-15,-0.312500
4497,4.49700000e+03,-15,-0.312500
4498,4.49800000e+03,-15,-0.312500
4499,4.49900000e+03,-15,-0.312500
4500,4.50000000e+03,-16,-0.333333
4501,4.50100000e+03,-16,-0.333333
4502,4.50200000e+03,-16,-0.333333
4503,4.50300000e+03,-16,-0.333333
4504,4.50400000e+03,-16,-0.333333
4505,4.50500000e+03,-10,-0.208333
4506,4.50600000e+03,-10,-0.208333
4507,4.50700000e+03,-10,-0.208333
4508,4.50800000e+03,-10,-0.208333
4509,4.50900000e+03,-10,-0.208333
4510,4.51000000e+03,-15,-0.312500
4511,4.51100000e+03,-15,-0.312500
4512,4.51200000e+03,-15,-0.312500
4513,4.51300000e+03,-15,-0.312500
4514,4.51400000e+03,-15,-0.312500
4515,4.51500000e+03,-14,-0.291667
4516,4.51600000e+03,-14,-0.291667
4517,4.51700000e+03,-14,-0.291667
4518,4.51800000e+03,-14,-0.291667
4519,4.51900000e+03,-14,-0.291667
4520,4.52000000e+03,-14,-0.291667
4521,4.52100000e+03,-14,-0.291667
4522,4.52200000e+03,-14,-0.291667
4523,4.52300000e+03,-14,-0.291667
4524,4.52400000e+03,-14,-0.291667
4525,4.52500000e+03,-13,-0.270833
4526,4.52600000e+03,-13,-0.270833
4527,4.52700000e+03,-13,-0.270833
4528,4.52800000e+03,-13,-0.270833
4529,4.52900000e+03,-13,-0.270833
4530,4.53000000e+03,-16,-0.333333
4531,4.53100000e+03,-16,-0.333333
4532,4.53200000e+03,-16,-0.333333
4533,4.53300000e+03,-16,-0.333333
4534,4.53400000e+03,-16,-0.333333
4535,4.53500000e+03,-15,-0.312500
4536,4.53600000e+03,-15,-0.312500
4537,4.53700000e+03,-15,-0.312500
4538,4.53800000e+03,-15,-0.312500
4539,4.53900000e+03,-15,-0.312500
4540,4.54000000e+03,-15,-0.312500
4541,4.54100000e+03,-15,-0.312500
4542,4.54200000e+03,-15,-0.312500
4543,4.54300000e+03,-15,-0.312500
4544,4.54400000e+03,-15,-0.312500
4545,4.54500000e+03,-15,-0.312500
4546,4.54600000e+03,-15,-0.312500
4547,4.54700000e+03,-15,-0.312500
4548,4.54800000e+03,-15,-0.312500
4549,4.54900000e+03,-15,-0.312500
4550,4.55000000e+03,-15,-0.312500
4551,4.55100000e+03,-15,-0.312500
4552,4.55200000e+03,-15,-0.312500
4553,4.55300000e+03,-15,-0.312500
4554,4.55400000e+03,-15,-0.312500
4555,4.55500000e+03,-15,-0.312500
4556,4.55600000e+03,-15,-0.312500
4557,4.55700000e+03,-15,-0.312500
4558,4.55800000e+03,-15,-0.312500
4559,4.55900000e+03,-15,-0.312500
4560,4.56000000e+03,-13,-0.270833
4561,4.56100000e+03,-13,-0.270833
4562,4.56200000e+03,-13,-0.270833
4563,4.56300000e+03,-13,-0.270833
4564,4.56400000e+03,-13,-0.270833
4565,4.56500000e+03,-13,-0.270833
4566,4.56600000e+03,-13,-0.270833
4567,4.56700000e+03,-13,-0.270833
4568,4.56800000e+03,-13,-0.270833
4569,4.56900000e+03,-13,-0.270833
4570,4.57000000e+03,-15,-0.312500
4571,4.57100000e+03,-15,-0.312500
4572,4.57200000e+03,-15,-0.312500
4573,4.57300000e+03,-15,-0.312500
4574,4.57400000e+03,-15,-0.312500
4575,4.57500000e+03,-17,-0.354167
4576,4.57600000e+03,-17,-0.354167
4577,4.57700000e+03,-17,-0.354167
4578,4.57800000e+03,-17,-0.354167
4579,4.57900000e+03,-17,-0.354167
4580,4.58000000e+03,-15,-0.312500
4581,4.58100000e+03,-15,-0.312500
4582,4.58200000e+03,-15,-0.312500
4583,4.58300000e+03,-15,-0.312500
4584,4.58400000e+03,-15,-0.312500
4585,4.58500000e+03,-13,-0.270833
4586,4.58600000e+03,-13,-0.270833
4587,4.58700000e+03,-13,-0.270833
4588,4.58800000e+03,-13,-0.270833
4589,4.58900000e+03,-13,-0.270833
4590,4.59000000e+03,-15,-0.312500
4591,4.59100000e+03,-15,-0.312500
4592,4.59200000e+03,-15,-0.312500
4593,4.59300000e+03,-15,-0.312500
4594,4.59400000e+03,-15,-0.312500
4595,4.59500000e+03,-16,-0.333333
4596,4.59600000e+03,-16,-0.333333
4597,4.59700000e+03,-16,-0.333333
4598,4.59800000e+03,-16,-0.333333
4599,4.59900000e+03,-16,-0.333333
4600,4.60000000e+03,-13,-0.270833
4601,4.60100000e+03,-13,-0.270833
4602,4.60200000e+03,-13,-0.270833
4603,4.60300000e+03,-13,-0.270833
4604,4.60400000e+03,-13,-0.270833
4605,4.60500000e+03,-15,-0.312500
4606,4.60600000e+03,-15,-0.312500
4607,4.60700000e+03,-15,-0.312500
4608,4.60800000e+03,-15,-0.312500
4609,4.60900000e+03,-15,-0.312500
4610,4.61000000e+03,-16,-0.333333
4611,4.61100000e+03,-16,-0.333333
4612,4.61200000e+03,-16,-0.333333
4613,4.61300000e+03,-16,-0.333333
4614,4.61400000e+03,-16,-0.333333
4615,4.61500000e+03,-13,-0.270833
4616,4.61600000e+03,-13,-0.270833
4617,4.61700000e+03,-13,-0.270833
4618,4.61800000e+03,-13,-0.270833
4619,4.61900000e+03,-13,-0.270833
4620,4.62000000e+03,-17,-0.354167
4621,4.62100000e+03,-17,-0.354167
4622,4.62200000e+03,-17,-0.354167
4623,4.62300000e+03,-17,-0.354167
4624,4.62400000e+03,-17,-0.354167
4625,4.62500000e+03,-13,-0.270833
4626,4.62600000e+03,-13,-0.270833
4627,4.62700000e+03,-13,-0.270833
4628,4.62800000e+03,-13,-0.270833
4629,4.62900000e+03,-13,-0.270833
4630,4.63000000e+03,-14,-0.291667
4631,4.63100000e+03,-14,-0.291667
4632,4.63200000e+03,-14,-0.291667
4633,4.63300000e+03,-14,-0.291667
4634,4.63400000e+03,-14,-0.291667
4635,4.63500000e+03,-12,-0.250000
4636,4.63600000e+03,-12,-0.250000
4637,4.63700000e+03,-12,-0.250000
4638,4.63800000e+03,-12,-0.250000
4639,4.63900000e+03,-12,-0.250000
4640,4.64000000e+03,-14,-0.291667
4641,4.64100000e+03,-14,-0.291667
4642,4.64200000e+03,-14,-0.291667
4643,4.64300000e+03,-14,-0.291667
4644,4.64400000e+03,-14,-0.291667
4645,4.64500000e+03,-16,-0.333333
4646,4.64600000e+03,-16,-0.333333
4647,4.64700000e+03,-16,-0.333333
4648,4.64800000e+03,-16,-0.333333
4649,4.64900000e+03,-16,-0.333333
4650,4.65000000e+03,-19,-0.395833
4651,4.65100000e+03,-19,-0.395833
4652,4.65200000e+03,-19,-0.395833
4653,4.65300000e+03,-19,-0.395833
4654,4.65400000e+03,-19,-0.395833
4655,4.65500000e+03,-14,-0.291667
4656,4.65600000e+03,-14,-0.291667
4657,4.65700000e+03,-14,-0.291667
4658,4.65800000e+03,-14,-0.291667
4659,4.65900000e+03,-14,-0.291667
4660,4.66000000e+03,-14,-0.291667
4661,4.66100000e+03,-14,-0.291667
4662,4.66200000e+03,-14,-0.291667
4663,4.66300000e+03,-14,-0.291667
4664,4.66400000e+03,-14,-0.291667
4665,4.66500000e+03,-16,-0.333333
4666,4.66600000e+03,-16,-0.333333
4667,4.66700000e+03,-16,-0.333333
4668,4.66800000e+03,-16,-0.333333
4669,4.66900000e+03,-16,-0.333333
4670,4.67000000e+03,-16,-0.333333
4671,4.67100000e+03,-16,-0.333333
4672,4.67200000e+03,-16,-0.333333
4673,4.67300000e+03,-16,-0.333333
4674,4.67400000e+03,-16,-0.333333
4675,4.67500000e+03,-16,-0.333333
4676,4.67600000e+03,-16,-0.333333
4677,4.67700000e+03,-16,-0.333333
4678,4.67800000e+03,-16,-0.333333
4679,4.67900000e+03,-16,-0.333333
4680,4.68000000e+03,-14,-0.291667
4681,4.68100000e+03,-14,-0.291667
4682,4.68200000e+03,-14,-0.291667
4683,4.68300000e+03,-14,-0.291667
4684,4.68400000e+03,-14,-0.291667
4685,4.68500000e+03,-16,-0.333333
4686,4.68600000e+03,-16,-0.333333
4687,4.68700000e+03,-16,-0.333333
4688,4.68800000e+03,-16,-0.333333
4689,4.68900000e+03,-16,-0.333333
4690,4.69000000e+03,-17,-0.354167
4691,4.69100000e+03,-17,-0.354167
4692,4.69200000e+03,-17,-0.354167
4693,4.69300000e+03,-17,-0.354167
4694,4.69400000e+03,-17,-0.354167
4695,4.69500000e+03,-17,-0.354167
4696,4.69600000e+03,-17,-0.354167
4697,4.69700000e+03,-17,-0.354167
4698,4.69800000e+03,-17,-0.354167
4699,4.69900000e+03,-17,-0.354167
4700,4.70000000e+03,-16,-0.333333
4701,4.70100000e+03,-16,-0.333333
4702,4.70200000e+03,-16,-0.333333
4703,4.70300000e+03,-16,-0.333333
4704,4.70400000e+03,-16,-0.333333
4705,4.70500000e+03,-17,-0.354167
4706,4.70600000e+03,-17,-0.354167
4707,4.70700000e+03,-17,-0.354167
4708,4.70800000e+03,-17,-0.354167
4709,4.70900000e+03,-17,-0.354167
4710,4.71000000e+03,-17,-0.354167
4711,4.71100000e+03,-17,-0.354167
4712,4.71200000e+03,-17,-0.354167
4713,4.71300000e+03,-17,-0.354167
4714,4.71400000e+03,-17,-0.354167
4715,4.71500000e+03,-20,-0.416667
4716,4.71600000e+03,-20,-0.416667
4717,4.71700000e+03,-20,-0.416667
4718,4.71800000e+03,-20,-0.416667
4719,4.71900000e+03,-20,-0.416667
4720,4.72000000e+03,-16,-0.333333
4721,4.72100000e+03,-16,-0.333333
4722,4.72200000e+03,-16,-0.333333
4723,4.72300000e+03,-16,-0.333333
4724,4.72400000e+03,-16,-0.333333
4725,4.72500000e+03,-17,-0.354167
4726,4.72600000e+03,-17,-0.354167
4727,4.72700000e+03,-17,-0.354167
4728,4.72800000e+03,-17,-0.354167
4729,4.72900000e+03,-17,-0.354167
4730,4.73000000e+03,-20,-0.416667
4731,4.73100000e+03,-20,-0.416667
4732,4.73200000e+03,-20,-0.416667
4733,4.73300000e+03,-20,-0.416667
4734,4.73400000e+03,-20,-0.416667
4735,4.73500000e+03,-17,-0.354167
4736,4.73600000e+03,-17,-0.354167
4737,4.73700000e+03,-17,-0.354167
4738,4.73800000e+03,-17,-0.354167
4739,4.73900000e+03,-17,-0.354167
4740,4.74000000e+03,-19,-0.395833
4741,4.74100000e+03,-19,-0.395833
4742,4.74200000e+03,-19,-0.395833
4743,4.74300000e+03,-19,-0.395833
4744,4.74400000e+03,-19,-0.395833
4745,4.74500000e+03,-17,-0.354167
4746,4.74600000e+03,-17,-0.354167
4747,4.74700000e+03,-17,-0.354167
4748,4.74800000e+03,-17,-0.354167
4749,4.74900000e+03,-17,-0.354167
4750,4.75000000e+03,-19,-0.395833
4751,4.75100000e+03,-19,-0.395833
4752,4.75200000e+03,-19,-0.395833
4753,4.75300000e+03,-19,-0.395833
4754,4.75400000e+03,-19,-0.395833
4755,4.75500000e+03,-16,-0.333333
4756,4.75600000e+03,-16,-0.333333
4757,4.75700000e+03,-16,-0.333333
4758,4.75800000e+03,-16,-0.333333
4759,4.75900000e+03,-16,-0.333333
4760,4.76000000e+03,-16,-0.333333
4761,4.76100000e+03,-16,-0.333333
4762,4.76200000e+03,-16,-0.333333
4763,4.76300000e+03,-16,-0.333333
4764,4.76400000e+03,-16,-0.333333
4765,4.76500000e+03,-17,-0.354167
4766,4.76600000e+03,-17,-0.354167
4767,4.76700000e+03,-17,-0.354167
4768,4.76800000e+03,-17,-0.354167
4769,4.76900000e+03,-17,-0.354167
4770,4.77000000e+03,-17,-0.354167
4771,4.77100000e+03,-17,-0.354167
4772,4.77200000e+03,-17,-0.354167
4773,4.77300000e+03,-17,-0.354167
4774,4.77400000e+03,-17,-0.354167
4775,4.77500000e+03,-17,-0.354167
4776,4.77600000e+03,-17,-0.354167
4777,4.77700000e+03,-17,-0.354167
4778,4.77800000e+03,-17,-0.354167
4779,4.77900000e+03,-17,-0.354167
4780,4.78000000e+03,-19,-0.395833
4781,4.78100000e+03,-19,-0.395833
4782,4.78200000e+03,-19,-0.395833
4783,4.78300000e+03,-19,-0.395833
4784,4.78400000e+03,-19,-0.395833
4785,4.78500000e+03,-19,-0.395833
4786,4.78600000e+03,-19,-0.395833
4787,4.78700000e+03,-19,-0.395833
4788,4.78800000e+03,-19,-0.395833
4789,4.78900000e+03,-19,-0.395833
4790,4.79000000e+03,-20,-0.416667
4791,4.79100000e+03,-20,-0.416667
4792,4.79200000e+03,-20,-0.416667
4793,4.79300000e+03,-20,-0.416667
4794,4.79400000e+03,-20,-0.416667
4795,4.79500000e+03,-20,-0.416667
4796,4.79600000e+03,-20,-0.416667
4797,4.79700000e+03,-20,-0.416667
4798,4.79800000e+03,-20,-0.416667
4799,4.79900000e+03,-20,-0.416667
4800,4.80000000e+03,-16,-0.333333
4801,4.80100000e+03,-16,-0.333333
4802,4.80200000e+03,-16,-0.333333
4803,4.80300000e+03,-16,-0.333333
4804,4.80400000e+03,-16,-0.333333
4805,4.80500000e+03,-17,-0.354167
4806,4.80600000e+03,-17,-0.354167
4807,4.80700000e+03,-17,-0.354167
4808,4.80800000e+03,-17,-0.354167
4809,4.80900000e+03,-17,-0.354167
4810,4.81000000e+03,-21,-0.437500
4811,4.81100000e+03,-21,-0.437500
4812,4.81200000e+03,-21,-0.437500
4813,4.81300000e+03,-21,-0.437500
4814,4.81400000e+03,-21,-0.437500
4815,4.81500000e+03,-21,-0.437500
4816,4.81600000e+03,-21,-0.437500
4817,4.81700000e+03,-21,-0.437500
4818,4.81800000e+03,-21,-0.437500
4819,4.81900000e+03,-21,-0.437500
4820,4.82000000e+03,-17,-0.354167
4821,4.82100000e+03,-17,-0.354167
4822,4.82200000e+03,-17,-0.354167
4823,4.82300000e+03,-17,-0.354167
4824,4.82400000e+03,-17,-0.354167
4825,4.82500000e+03,-17,-0.354167
4826,4.82600000e+03,-17,-0.354167
4827,4.82700000e+03,-17,-0.354167
4828,4.82800000e+03,-17,-0.354167
4829,4.82900000e+03,-17,-0.354167
4830,4.83000000e+03,-17,-0.354167
4831,4.83100000e+03,-17,-0.354167
4832,4.83200000e+03,-17,-0.354167
4833,4.83300000e+03,-17,-0.354167
4834,4.83400000e+03,-17,-0.354167
4835,4.83500000e+03,-18,-0.375000
4836,4.83600000e+03,-18,-0.375000
4837,4.83700000e+03,-18,-0.375000
4838,4.83800000e+03,-18,-0.375000
4839,4.83900000e+03,-18,-0.375000
4840,4.84000000e+03,-19,-0.395833
4841,4.84100000e+03,-19,-0.395833
4842,4.84200000e+03,-19,-0.395833
4843,4.84300000e+03,-19,-0.395833
4844,4.84400000e+03,-19,-0.395833
4845,4.84500000e+03,-17,-0.354167
4846,4.84600000e+03,-17,-0.354167
4847,4.84700000e+03,-17,-0.354167
4848,4.84800000e+03,-17,-0.354167
4849,4.84900000e+03,-17,-0.354167
4850,4.85000000e+03,-17,-0.354167
4851,4.85100000e+03,-17,-0.354167
4852,4.85200000e+03,-17,-0.354167
4853,4.85300000e+03,-17,-0.354167
4854,4.85400000e+03,-17,-0.354167
4855,4.85500000e+03,-19,-0.395833
4856,4.85600000e+03,-19,-0.395833
4857,4.85700000e+03,-19,-0.395833
4858,4.85800000e+03,-19,-0.395833
4859,4.85900000e+03,-19,-0.395833
4860,4.86000000e+03,-19,-0.395833
4861,4.86100000e+03,-19,-0.395833
4862,4.86200000e+03,-19,-0.395833
4863,4.86300000e+03,-19,-0.395833
4864,4.86400000e+03,-19,-0.395833
4865,4.86500000e+03,-17,-0.354167
4866,4.86600000e+03,-17,-0.354167
4867,4.86700000e+03,-17,-0.354167
4868,4.86800000e+03,-17,-0.354167
4869,4.86900000e+03,-17,-0.354167
4870,4.87000000e+03,-16,-0.333333
4871,4.87100000e+03,-16,-0.333333
4872,4.87200000e+03,-16,-0.333333
4873,4.87300000e+03,-16,-0.333333
4874,4.87400000e+03,-16,-0.333333
4875,4.87500000e+03,-17,-0.354167
4876,4.87600000e+03,-17,-0.354167
4877,4.87700000e+03,-17,-0.354167
4878,4.87800000e+03,-17,-0.354167
4879,4.87900000e+03,-17,-0.354167
4880,4.88000000e+03,-19,-0.395833
4881,4.88100000e+03,-19,-0.395833
4882,4.88200000e+03,-19,-0.395833
4883,4.88300000e+03,-19,-0.395833
4884,4.88400000e+03,-19,-0.395833
4885,4.88500000e+03,-17,-0.354167
4886,4.88600000e+03,-17,-0.354167
4887,4.88700000e+03,-17,-0.354167
4888,4.88800000e+03,-17,-0.354167
4889,4.88900000e+03,-17,-0.354167
4890,4.89000000e+03,-17,-0.354167
4891,4.89100000e+03,-17,-0.354167
4892,4.89200000e+03,-17,-0.354167
4893,4.89300000e+03,-17,-0.354167
4894,4.89400000e+03,-17,-0.354167
4895,4.89500000e+03,-16,-0.333333
4896,4.89600000e+03,-16,-0.333333
4897,4.89700000e+03,-16,-0.333333
4898,4.89800000e+03,-16,-0.333333
4899,4.89900000e+03,-16,-0.333333
4900,4.90000000e+03,-19,-0.395833
4901,4.90100000e+03,-19,-0.395833
4902,4.90200000e+03,-19,-0.395833
4903,4.90300000e+03,-19,-0.395833
4904,4.90400000e+03,-19,-0.395833
4905,4.90500000e+03,-21,-0.437500
4906,4.90600000e+03,-21,-0.437500
4907,4.90700000e+03,-21,-0.437500
4908,4.90800000e+03,-21,-0.437500
4909,4.90900000e+03,-21,-0.437500
4910,4.91000000e+03,-16,-0.333333
4911,4.91100000e+03,-16,-0.333333
4912,4.91200000e+03,-16,-0.333333
4913,4.91300000e+03,-16,-0.333333
4914,4.91400000e+03,-16,-0.333333
4915,4.91500000e+03,-14,-0.291667
4916,4.91600000e+03,-14,-0.291667
4917,4.91700000e+03,-14,-0.291667
4918,4.91800000e+03,-14,-0.291667
4919,4.91900000e+03,-14,-0.291667
4920,4.92000000e+03,-16,-0.333333
4921,4.92100000e+03,-16,-0.333333
4922,4.92200000e+03,-16,-0.333333
4923,4.92300000e+03,-16,-0.333333
4924,4.92400000e+03,-16,-0.333333
4925,4.92500000e+03,-15,-0.312500
4926,4.92600000e+03,-15,-0.312500
4927,4.92700000e+03,-15,-0.312500
4928,4.92800000e+03,-15,-0.312500
4929,4.92900000e+03,-15,-0.312500
4930,4.93000000e+03,-19,-0.395833
4931,4.93100000e+03,-19,-0.395833
4932,4.93200000e+03,-19,-0.395833
4933,4.93300000e+03,-19,-0.395833
4934,4.93400000e+03,-19,-0.395833
4935,4.93500000e+03,-14,-0.291667
4936,4.93600000e+03,-14,-0.291667
4937,4.93700000e+03,-14,-0.291667
4938,4.93800000e+03,-14,-0.291667
4939,4.93900000e+03,-14,-0.291667
4940,4.94000000e+03,-15,-0.312500
4941,4.94100000e+03,-15,-0.312500
4942,4.94200000e+03,-15,-0.312500
4943,4.94300000e+03,-15,-0.312500
4944,4.94400000e+03,-15,-0.312500
4945,4.94500000e+03,-21,-0.437500
4946,4.94600000e+03,-21,-0.437500
4947,4.94700000e+03,-21,-0.437500
4948,4.94800000e+03,-21,-0.437500
4949,4.94900000e+03,-21,-0.437500
4950,4.95000000e+03,-17,-0.354167
4951,4.95100000e+03,-17,-0.354167
4952,4.95200000e+03,-17,-0.354167
4953,4.95300000e+03,-17,-0.354167
4954,4.95400000e+03,-17,-0.354167
4955,4.95500000e+03,-20,-0.416667
4956,4.95600000e+03,-20,-0.416667
4957,4.95700000e+03,-20,-0.416667
4958,4.95800000e+03,-20,-0.416667
4959,4.95900000e+03,-20,-0.416667
4960,4.96000000e+03,-16,-0.333333
4961,4.96100000e+03,-16,-0.333333
4962,4.96200000e+03,-16,-0.333333
4963,4.96300000e+03,-16,-0.333333
4964,4.96400000e+03,-16,-0.333333
4965,4.96500000e+03,-20,-0.416667
4966,4.96600000e+03,-20,-0.416667
4967,4.96700000e+03,-20,-0.416667
4968,4.96800000e+03,-20,-0.416667
4969,4.96900000e+03,-20,-0.416667
4970,4.97000000e+03,-19,-0.395833
4971,4.97100000e+03,-19,-0.395833
4972,4.97200000e+03,-19,-0.395833
4973,4.97300000e+03,-19,-0.395833
4974,4.97400000e+03,-19,-0.395833
4975,4.97500000e+03,-21,-0.437500
4976,4.97600000e+03,-21,-0.437500
4977,4.97700000e+03,-21,-0.437500
4978,4.97800000e+03,-21,-0.437500
4979,4.97900000e+03,-21,-0.437500
4980,4.98000000e+03,-23,-0.479167
4981,4.98100000e+03,-23,-0.479167
4982,4.98200000e+03,-23,-0.479167
4983,4.98300000e+03,-23,-0.479167
4984,4.98400000e+03,-23,-0.479167
4985,4.98500000e+03,-20,-0.416667
4986,4.98600000e+03,-20,-0.416667
4987,4.98700000e+03,-20,-0.416667
4988,4.98800000e+03,-20,-0.416667
4989,4.98900000e+03,-20,-0.416667
4990,4.99000000e+03,-19,-0.395833
4991,4.99100000e+03,-19,-0.395833
4992,4.99200000e+03,-19,-0.395833
4993,4.99300000e+03,-19,-0.395833
4994,4.99400000e+03,-19,-0.395833
4995,4.99500000e+03,-21,-0.437500
4996,4.99600000e+03,-21,-0.437500
4997,4.99700000e+03,-21,-0.437500
4998,4.99800000e+03,-21,-0.437500
4999,4.99900000e+03,-21,-0.437500
5000,5.00000000e+03,-19,-0.395833
5001,5.00100000e+03,-19,-0.395833
5002,5.00200000e+03,-19,-0.395833
5003,5.00300000e+03,-19,-0.395833
5004,5.00400000e+03,-19,-0.395833
5005,5.00500000e+03,-19,-0.395833
5006,5.00600000e+03,-19,-0.395833
5007,5.00700000e+03,-19,-0.395833
5008,5.00800000e+03,-19,-0.395833
5009,5.00900000e+03,-19,-0.395833
5010,5.01000000e+03,-14,-0.291667
5011,5.01100000e+03,-14,-0.291667
5012,5.01200000e+03,-14,-0.291667
5013,5.01300000e+03,-14,-0.291667
5014,5.01400000e+03,-14,-0.291667
5015,5.01500000e+03,-20,-0.416667
5016,5.01600000e+03,-20,-0.416667
5017,5.01700000e+03,-20,-0.416667
5018,5.01800000e+03,-20,-0.416667
5019,5.01900000e+03,-20,-0.416667
5020,5.02000000e+03,-20,-0.416667
5021,5.02100000e+03,-20,-0.416667
5022,5.02200000e+03,-20,-0.416667
5023,5.02300000e+03,-20,-0.416667
5024,5.02400000e+03,-20,-0.416667
5025,5.02500000e+03,-17,-0.354167
5026,5.02600000e+03,-17,-0.354167
5027,5.02700000e+03,-17,-0.354167
5028,5.02800000e+03,-17,-0.354167
5029,5.02900000e+03,-17,-0.354167
5030,5.03000000e+03,-19,-0.395833
5031,5.03100000e+03,-19,-0.395833
5032,5.03200000e+03,-19,-0.395833
5033,5.03300000e+03,-19,-0.395833
5034,5.03400000e+03,-19,-0.395833
5035,5.03500000e+03,-20,-0.416667
5036,5.03600000e+03,-20,-0.416667
5037,5.03700000e+03,-20,-0.416667
5038,5.03800000e+03,-20,-0.416667
5039,5.03900000e+03,-20,-0.416667
5040,5.04000000e+03,-19,-0.395833
5041,5.04100000e+03,-19,-0.395833
5042,5.04200000e+03,-19,-0.395833
5043,5.04300000e+03,-19,-0.395833
5044,5.04400000e+03,-19,-0.395833
5045,5.04500000e+03,-20,-0.416667
5046,5.04600000e+03,-20,-0.416667
5047,5.04700000e+03,-20,-0.416667
5048,5.04800000e+03,-20,-0.416667
5049,5.04900000e+03,-20,-0.416667
5050,5.05000000e+03,-20,-0.416667
5051,5.05100000e+03,-20,-0.416667
5052,5.05200000e+03,-20,-0.416667
5053,5.05300000e+03,-20,-0.416667
5054,5.05400000e+03,-20,-0.416667
5055,5.05500000e+03,-21,-0.437500
5056,5.05600000e+03,-21,-0.437500
5057,5.05700000e+03,-21,-0.437500
5058,5.05800000e+03,-21,-0.437500
5059,5.05900000e+03,-21,-0.437500
5060,5.06000000e+03,-20,-0.416667
5061,5.06100000e+03,-20,-0.416667
5062,5.06200000e+03,-20,-0.416667
5063,5.06300000e+03,-20,-0.416667
5064,5.06400000e+03,-20,-0.416667
5065,5.06500000e+03,-19,-0.395833
5066,5.06600000e+03,-19,-0.395833
5067,5.06700000e+03,-19,-0.395833
5068,5.06800000e+03,-19,-0.395833
5069,5.06900000e+03,-19,-0.395833
5070,5.07000000e+03,-20,-0.416667
5071,5.07100000e+03,-20,-0.416667
5072,5.07200000e+03,-20,-0.416667
5073,5.07300000e+03,-20,-0.416667
5074,5.07400000e+03,-20,-0.416667
5075,5.07500000e+03,-21,-0.437500
5076,5.07600000e+03,-21,-0.437500
5077,5.07700000e+03,-21,-0.437500
5078,5.07800000e+03,-21,-0.437500
5079,5.07900000e+03,-21,-0.437500
5080,5.08000000e+03,-19,-0.395833
5081,5.08100000e+03,-19,-0.395833
5082,5.08200000e+03,-19,-0.395833
5083,5.08300000e+03,-19,-0.395833
5084,5.08400000e+03,-19,-0.395833
5085,5.08500000e+03,-21,-0.437500
5086,5.08600000e+03,-21,-0.437500
5087,5.08700000e+03,-21,-0.437500
5088,5.08800000e+03,-21,-0.437500
5089,5.08900000e+03,-21,-0.437500
5090,5.09000000e+03,-19,-0.395833
5091,5.09100000e+03,-19,-0.395833
5092,5.09200000e+03,-19,-0.395833
5093,5.09300000e+03,-19,-0.395833
5094,5.09400000e+03,-19,-0.395833
5095,5.09500000e+03,-20,-0.416667
5096,5.09600000e+03,-20,-0.416667
5097,5.09700000e+03,-20,-0.416667
5098,5.09800000e+03,-20,-0.416667
5099,5.09900000e+03,-20,-0.416667
5100,5.10000000e+03,-19,-0.395833
5101,5.10100000e+03,-19,-0.395833
5102,5.10200000e+03,-19,-0.395833
5103,5.10300000e+03,-19,-0.395833
5104,5.10400000e+03,-19,-0.395833
5105,5.10500000e+03,-18,-0.375000
5106,5.10600000e+03,-18,-0.375000
5107,5.10700000e+03,-18,-0.375000
5108,5.10800000e+03,-18,-0.375000
5109,5.10900000e+03,-18,-0.375000
5110,5.11000000e+03,-21,-0.437500
5111,5.11100000e+03,-21,-0.437500
5112,5.11200000e+03,-21,-0.437500
5113,5.11300000e+03,-21,-0.437500
5114,5.11400000e+03,-21,-0.437500
5115,5.11500000e+03,-21,-0.437500
5116,5.11600000e+03,-21,-0.437500
5117,5.11700000e+03,-21,-0.437500
5118,5.11800000e+03,-21,-0.437500
5119,5.11900000e+03,-21,-0.437500
5120,5.12000000e+03,-19,-0.395833
5121,5.12100000e+03,-19,-0.395833
5122,5.12200000e+03,-19,-0.395833
5123,5.12300000e+03,-19,-0.395833
5124,5.12400000e+03,-19,-0.395833
5125,5.12500000e+03,-17,-0.354167
5126,5.12600000e+03,-17,-0.354167
5127,5.12700000e+03,-17,-0.354167
5128,5.12800000e+03,-17,-0.354167
5129,5.12900000e+03,-17,-0.354167
5130,5.13000000e+03,-17,-0.354167
5131,5.13100000e+03,-17,-0.354167
5132,5.13200000e+03,-17,-0.354167
5133,5.13300000e+03,-17,-0.354167
5134,5.13400000e+03,-17,-0.354167
5135,5.13500000e+03,-22,-0.458333
5136,5.13600000e+03,-22,-0.458333
5137,5.13700000e+03,-22,-0.458333
5138,5.13800000e+03,-22,-0.458333
5139,5.13900000e+03,-22,-0.458333
5140,5.14000000e+03,-17,-0.354167
5141,5.14100000e+03,-17,-0.354167
5142,5.14200000e+03,-17,-0.354167
5143,5.14300000e+03,-17,-0.354167
5144,5.14400000e+03,-17,-0.354167
5145,5.14500000e+03,-17,-0.354167
5146,5.14600000e+03,-17,-0.354167
5147,5.14700000e+03,-17,-0.354167
5148,5.14800000e+03,-17,-0.354167
5149,5.14900000e+03,-17,-0.354167
5150,5.15000000e+03,-17,-0.354167
5151,5.15100000e+03,-17,-0.354167
5152,5.15200000e+03,-17,-0.354167
5153,5.15300000e+03,-17,-0.354167
5154,5.15400000e+03,-17,-0.354167
5155,5.15500000e+03,-14,-0.291667
5156,5.15600000e+03,-14,-0.291667
5157,5.15700000e+03,-14,-0.291667
5158,5.15800000e+03,-14,-0.291667
5159,5.15900000e+03,-14,-0.291667
5160,5.16000000e+03,-18,-0.375000
5161,5.16100000e+03,-18,-0.375000
5162,5.16200000e+03,-18,-0.375000
5163,5.16300000e+03,-18,-0.375000
5164,5.16400000e+03,-18,-0.375000
5165,5.16500000e+03,-20,-0.416667
5166,5.16600000e+03,-20,-0.416667
5167,5.16700000e+03,-20,-0.416667
5168,5.16800000e+03,-20,-0.416667
5169,5.16900000e+03,-20,-0.416667
5170,5.17000000e+03,-20,-0.416667
5171,5.17100000e+03,-20,-0.416667
5172,5.17200000e+03,-20,-0.416667
5173,5.17300000e+03,-20,-0.416667
5174,5.17400000e+03,-20,-0.416667
5175,5.17500000e+03,-16,-0.333333
5176,5.17600000e+03,-16,-0.333333
5177,5.17700000e+03,-16,-0.333333
5178,5.17800000e+03,-16,-0.333333
5179,5.17900000e+03,-16,-0.333333
5180,5.18000000e+03,-15,-0.312500
5181,5.18100000e+03,-15,-0.312500
5182,5.18200000e+03,-15,-0.312500
5183,5.18300000e+03,-15,-0.312500
5184,5.18400000e+03,-15,-0.312500
5185,5.18500000e+03,-20,-0.416667
5186,5.18600000e+03,-20,-0.416667
5187,5.18700000e+03,-20,-0.416667
5188,5.18800000e+03,-20,-0.416667
5189,5.18900000e+03,-20,-0.416667
5190,5.19000000e+03,-16,-0.333333
5191,5.19100000e+03,-16,-0.333333
5192,5.19200000e+03,-16,-0.333333
5193,5.19300000e+03,-16,-0.333333
5194,5.19400000e+03,-16,-0.333333
5195,5.19500000e+03,-16,-0.333333
5196,5.19600000e+03,-16,-0.333333
5197,5.19700000e+03,-16,-0.333333
5198,5.19800000e+03,-16,-0.333333
5199,5.19900000e+03,-16,-0.333333
5200,5.20000000e+03,-22,-0.458333
5201,5.20100000e+03,-22,-0.458333
5202,5.20200000e+03,-22,-0.458333
5203,5.20300000e+03,-22,-0.458333
5204,5.20400000e+03,-22,-0.458333
5205,5.20500000e+03,-19,-0.395833
5206,5.20600000e+03,-19,-0.395833
5207,5.20700000e+03,-19,-0.395833
5208,5.20800000e+03,-19,-0.395833
5209,5.20900000e+03,-19,-0.395833
5210,5.21000000e+03,-17,-0.354167
5211,5.21100000e+03,-17,-0.354167
5212,5.21200000e+03,-17,-0.354167
5213,5.21300000e+03,-17,-0.354167
5214,5.21400000e+03,-17,-0.354167
5215,5.21500000e+03,-17,-0.354167
5216,5.21600000e+03,-17,-0.354167
5217,5.21700000e+03,-17,-0.354167
5218,5.21800000e+03,-17,-0.354167
5219,5.21900000e+03,-17,-0.354167
5220,5.22000000e+03,-15,-0.312500
5221,5.22100000e+03,-15,-0.312500
5222,5.22200000e+03,-15,-0.312500
5223,5.22300000e+03,-15,-0.312500
5224,5.22400000e+03,-15,-0.312500
5225,5.22500000e+03,-19,-0.395833
5226,5.22600000e+03,-19,-0.395833
5227,5.22700000e+03,-19,-0.395833
5228,5.22800000e+03,-19,-0.395833
5229,5.22900000e+03,-19,-0.395833
5230,5.23000000e+03,-17,-0.354167
5231,5.23100000e+03,-17,-0.354167
5232,5.23200000e+03,-17,-0.354167
5233,5.23300000e+03,-17,-0.354167
5234,5.23400000e+03,-17,-0.354167
5235,5.23500000e+03,-17,-0.354167
5236,5.23600000e+03,-17,-0.354167
5237,5.23700000e+03,-17,-0.354167
5238,5.23800000e+03,-17,-0.354167
5239,5.23900000e+03,-17,-0.354167
5240,5.24000000e+03,-14,-0.291667
5241,5.24100000e+03,-14,-0.291667
5242,5.24200000e+03,-14,-0.291667
5243,5.24300000e+03,-14,-0.291667
5244,5.24400000e+03,-14,-0.291667
5245,5.24500000e+03,-16,-0.333333
5246,5.24600000e+03,-16,-0.333333
5247,5.24700000e+03,-16,-0.333333
5248,5.24800000e+03,-16,-0.333333
5249,5.24900000e+03,-16,-0.333333
5250,5.25000000e+03,-16,-0.333333
5251,5.25100000e+03,-16,-0.333333
5252,5.25200000e+03,-16,-0.333333
5253,5.25300000e+03,-16,-0.333333
5254,5.25400000e+03,-16,-0.333333
5255,5.25500000e+03,-14,-0.291667
5256,5.25600000e+03,-14,-0.291667
5257,5.25700000e+03,-14,-0.291667
5258,5.25800000e+03,-14,-0.291667
5259,5.25900000e+03,-14,-0.291667
5260,5.26000000e+03,-13,-0.270833
5261,5.26100000e+03,-13,-0.270833
5262,5.26200000e+03,-13,-0.270833
5263,5.26300000e+03,-13,-0.270833
5264,5.26400000e+03,-13,-0.270833
5265,5.26500000e+03,-12,-0.250000
5266,5.26600000e+03,-12,-0.250000
5267,5.26700000e+03,-12,-0.250000
5268,5.26800000e+03,-12,-0.250000
5269,5.26900000e+03,-12,-0.250000
5270,5.27000000e+03,-10,-0.208333
5271,5.27100000e+03,-10,-0.208333
5272,5.27200000e+03,-10,-0.208333
5273,5.27300000e+03,-10,-0.208333
5274,5.27400000e+03,-10,-0.208333
5275,5.27500000e+03,-12,-0.250000
5276,5.27600000e+03,-12,-0.250000
5277,5.27700000e+03,-12,-0.250000
5278,5.27800000e+03,-12,-0.250000
5279,5.27900000e+03,-12,-0.250000
5280,5.28000000e+03,-14,-0.291667
5281,5.28100000e+03,-14,-0.291667
5282,5.28200000e+03,-14,-0.291667
5283,5.28300000e+03,-14,-0.291667
5284,5.28400000e+03,-14,-0.291667
5285,5.28500000e+03,-12,-0.250000
5286,5.28600000e+03,-12,-0.250000
5287,5.28700000e+03,-12,-0.250000
5288,5.28800000e+03,-12,-0.250000
5289,5.28900000e+03,-12,-0.250000
5290,5.29000000e+03,-12,-0.250000
5291,5.29100000e+03,-12,-0.250000
5292,5.29200000e+03,-12,-0.250000
5293,5.29300000e+03,-12,-0.250000
5294,5.29400000e+03,-12,-0.250000
5295,5.29500000e+03,-13,-0.270833
5296,5.29600000e+03,-13,-0.270833
5297,5.29700000e+03,-13,-0.270833
5298,5.29800000e+03,-13,-0.270833
5299,5.29900000e+03,-13,-0.270833
5300,5.30000000e+03,-11,-0.229167
5301,5.30100000e+03,-11,-0.229167
5302,5.30200000e+03,-11,-0.229167
5303,5.30300000e+03,-11,-0.229167
5304,5.30400000e+03,-11,-0.229167
5305,5.30500000e+03,-9,-0.187500
5306,5.30600000e+03,-9,-0.187500
5307,5.30700000e+03,-9,-0.187500
5308,5.30800000e+03,-9,-0.187500
5309,5.30900000e+03,-9,-0.187500
5310,5.31000000e+03,-8,-0.166667
5311,5.31100000e+03,-8,-0.166667
5312,5.31200000e+03,-8,-0.166667
5313,5.31300000e+03,-8,-0.166667
5314,5.31400000e+03,-8,-0.166667
5315,5.31500000e+03,-9,-0.187500
5316,5.31600000e+03,-9,-0.187500
5317,5.31700000e+03,-9,-0.187500
5318,5.31800000e+03,-9,-0.187500
5319,5.31900000e+03,-9,-0.187500
5320,5.32000000e+03,-7,-0.145833
5321,5.32100000e+03,-7,-0.145833
5322,5.32200000e+03,-7,-0.145833
5323,5.32300000e+03,-7,-0.145833
5324,5.32400000e+03,-7,-0.145833
5325,5.32500000e+03,-7,-0.145833
5326,5.32600000e+03,-7,-0.145833
5327,5.32700000e+03,-7,-0.145833
5328,5.32800000e+03,-7,-0.145833
5329,5.32900000e+03,-7,-0.145833
5330,5.33000000e+03,-7,-0.145833
5331,5.33100000e+03,-7,-0.145833
5332,5.33200000e+03,-7,-0.145833
5333,5.33300000e+03,-7,-0.145833
5334,5.33400000e+03,-7,-0.145833
5335,5.33500000e+03,-8,-0.166667
5336,5.33600000e+03,-8,-0.166667
5337,5.33700000e+03,-8,-0.166667
5338,5.33800000e+03,-8,-0.166667
5339,5.33900000e+03,-8,-0.166667
5340,5.34000000e+03,-9,-0.187500
5341,5.34100000e+03,-9,-0.187500
5342,5.34200000e+03,-9,-0.187500
5343,5.34300000e+03,-9,-0.187500
5344,5.34400000e+03,-9,-0.187500
5345,5.34500000e+03,-7,-0.145833
5346,5.34600000e+03,-7,-0.145833
5347,5.34700000e+03,-7,-0.145833
5348,5.34800000e+03,-7,-0.145833
5349,5.34900000e+03,-7,-0.145833
5350,5.35000000e+03,-11,-0.229167
5351,5.35100000e+03,-11,-0.229167
5352,5.35200000e+03,-11,-0.229167
5353,5.35300000e+03,-11,-0.229167
5354,5.35400000e+03,-11,-0.229167
5355,5.35500000e+03,-7,-0.145833
5356,5.35600000e+03,-7,-0.145833
5357,5.35700000e+03,-7,-0.145833
5358,5.35800000e+03,-7,-0.145833
5359,5.35900000e+03,-7,-0.145833
5360,5.36000000e+03,-7,-0.145833
5361,5.36100000e+03,-7,-0.145833
5362,5.36200000e+03,-7,-0.145833
5363,5.36300000e+03,-7,-0.145833
5364,5.36400000e+03,-7,-0.145833
5365,5.36500000e+03,-5,-0.104167
5366,5.36600000e+03,-5,-0.104167
5367,5.36700000e+03,-5,-0.104167
5368,5.36800000e+03,-5,-0.104167
5369,5.36900000e+03,-5,-0.104167
5370,5.37000000e+03,-8,-0.166667
5371,5.37100000e+03,-8,-0.166667
5372,5.37200000e+03,-8,-0.166667
5373,5.37300000e+03,-8,-0.166667
5374,5.37400000e+03,-8,-0.166667
5375,5.37500000e+03,-10,-0.208333
5376,5.37600000e+03,-10,-0.208333
5377,5.37700000e+03,-10,-0.208333
5378,5.37800000e+03,-10,-0.208333
5379,5.37900000e+03,-10,-0.208333
5380,5.38000000e+03,-11,-0.229167
5381,5.38100000e+03,-11,-0.229167
5382,5.38200000e+03,-11,-0.229167
5383,5.38300000e+03,-11,-0.229167
5384,5.38400000e+03,-11,-0.229167
5385,5.38500000e+03,-7,-0.145833
5386,5.38600000e+03,-7,-0.145833
5387,5.38700000e+03,-7,-0.145833
5388,5.38800000e+03,-7,-0.145833
5389,5.38900000e+03,-7,-0.145833
5390,5.39000000e+03,-3,-0.062500
5391,5.39100000e+03,-3,-0.062500
5392,5.39200000e+03,-3,-0.062500
5393,5.39300000e+03,-3,-0.062500
5394,5.39400000e+03,-3,-0.062500
5395,5.39500000e+03,-5,-0.104167
5396,5.39600000e+03,-5,-0.104167
5397,5.39700000e+03,-5,-0.104167
5398,5.39800000e+03,-5,-0.104167
5399,5.39900000e+03,-5,-0.104167
5400,5.40000000e+03,-4,-0.083333
5401,5.40100000e+03,-4,-0.083333
5402,5.40200000e+03,-4,-0.083333
5403,5.40300000e+03,-4,-0.083333
5404,5.40400000e+03,-4,-0.083333
5405,5.40500000e+03,-4,-0.083333
5406,5.40600000e+03,-4,-0.083333
5407,5.40700000e+03,-4,-0.083333
5408,5.40800000e+03,-4,-0.083333
5409,5.40900000e+03,-4,-0.083333
5410,5.41000000e+03,-5,-0.104167
5411,5.41100000e+03,-5,-0.104167
5412,5.41200000e+03,-5,-0.104167
5413,5.41300000e+03,-5,-0.104167
5414,5.41400000e+03,-5,-0.104167
5415,5.41500000e+03,-5,-0.104167
5416,5.41600000e+03,-5,-0.104167
5417,5.41700000e+03,-5,-0.104167
5418,5.41800000e+03,-5,-0.104167
5419,5.41900000e+03,-5,-0.104167
5420,5.42000000e+03,-3,-0.062500
5421,5.42100000e+03,-3,-0.062500
5422,5.42200000e+03,-3,-0.062500
5423,5.42300000e+03,-3,-0.062500
5424,5.42400000e+03,-3,-0.062500
5425,5.42500000e+03,-5,-0.104167
5426,5.42600000e+03,-5,-0.104167
5427,5.42700000e+03,-5,-0.104167
5428,5.42800000e+03,-5,-0.104167
5429,5.42900000e+03,-5,-0.104167
5430,5.43000000e+03,-7,-0.145833
5431,5.43100000e+03,-7,-0.145833
5432,5.43200000e+03,-7,-0.145833
5433,5.43300000e+03,-7,-0.145833
5434,5.43400000e+03,-7,-0.145833
5435,5.43500000e+03,-5,-0.104167
5436,5.43600000e+03,-5,-0.104167
5437,5.43700000e+03,-5,-0.104167
5438,5.43800000e+03,-5,-0.104167
5439,5.43900000e+03,-5,-0.104167
5440,5.44000000e+03,-3,-0.062500
5441,5.44100000e+03,-3,-0.062500
5442,5.44200000e+03,-3,-0.062500
5443,5.44300000e+03,-3,-0.062500
5444,5.44400000e+03,-3,-0.062500
5445,5.44500000e+03,-8,-0.166667
5446,5.44600000e+03,-8,-0.166667
5447,5.44700000e+03,-8,-0.166667
5448,5.44800000e+03,-8,-0.166667
5449,5.44900000e+03,-8,-0.166667
5450,5.45000000e+03,-4,-0.083333
5451,5.45100000e+03,-4,-0.083333
5452,5.45200000e+03,-4,-0.083333
5453,5.45300000e+03,-4,-0.083333
5454,5.45400000e+03,-4,-0.083333
5455,5.45500000e+03,-4,-0.083333
5456,5.45600000e+03,-4,-0.083333
5457,5.45700000e+03,-4,-0.083333
5458,5.45800000e+03,-4,-0.083333
5459,5.45900000e+03,-4,-0.083333
5460,5.46000000e+03,-8,-0.166667
5461,5.46100000e+03,-8,-0.166667
5462,5.46200000e+03,-8,-0.166667
5463,5.46300000e+03,-8,-0.166667
5464,5.46400000e+03,-8,-0.166667
5465,5.46500000e+03,-6,-0.125000
5466,5.46600000e+03,-6,-0.125000
5467,5.46700000e+03,-6,-0.125000
5468,5.46800000e+03,-6,-0.125000
5469,5.46900000e+03,-6,-0.125000
5470,5.47000000e+03,-5,-0.104167
5471,5.47100000e+03,-5,-0.104167
5472,5.47200000e+03,-5,-0.104167
5473,5.47300000e+03,-5,-0.104167
5474,5.47400000e+03,-5,-0.104167
5475,5.47500000e+03,-7,-0.145833
5476,5.47600000e+03,-7,-0.145833
5477,5.47700000e+03,-7,-0.145833
5478,5.47800000e+03,-7,-0.145833
5479,5.47900000e+03,-7,-0.145833
5480,5.48000000e+03,-1,-0.020833
5481,5.48100000e+03,-1,-0.020833
5482,5.48200000e+03,-1,-0.020833
5483,5.48300000e+03,-1,-0.020833
5484,5.48400000e+03,-1,-0.020833
5485,5.48500000e+03,-1,-0.020833
5486,5.48600000e+03,-1,-0.020833
5487,5.48700000e+03,-1,-0.020833
5488,5.48800000e+03,-1,-0.020833
5489,5.48900000e+03,-1,-0.020833
5490,5.49000000e+03,-5,-0.104167
5491,5.49100000e+03,-5,-0.104167
5492,5.49200000e+03,-5,-0.104167
5493,5.49300000e+03,-5,-0.104167
5494,5.49400000e+03,-5,-0.104167
5495,5.49500000e+03,-2,-0.041667
5496,5.49600000e+03,-2,-0.041667
5497,5.49700000e+03,-2,-0.041667
5498,5.49800000e+03,-2,-0.041667
5499,5.49900000e+03,-2,-0.041667
5500,5.50000000e+03,-4,-0.083333
5501,5.50100000e+03,-4,-0.083333
5502,5.50200000e+03,-4,-0.083333
5503,5.50300000e+03,-4,-0.083333
5504,5.50400000e+03,-4,-0.083333
5505,5.50500000e+03,-4,-0.083333
5506,5.50600000e+03,-4,-0.083333
5507,5.50700000e+03,-4,-0.083333
5508,5.50800000e+03,-4,-0.083333
5509,5.50900000e+03,-4,-0.083333
5510,5.51000000e+03,-6,-0.125000
5511,5.51100000e+03,-6,-0.125000
5512,5.51200000e+03,-6,-0.125000
5513,5.51300000e+03,-6,-0.125000
5514,5.51400000e+03,-6,-0.125000
5515,5.51500000e+03,-1,-0.020833
5516,5.51600000e+03,-1,-0.020833
5517,5.51700000e+03,-1,-0.020833
5518,5.51800000e+03,-1,-0.020833
5519,5.51900000e+03,-1,-0.020833
5520,5.52000000e+03,-1,-0.020833
5521,5.52100000e+03,-1,-0.020833
5522,5.52200000e+03,-1,-0.020833
5523,5.52300000e+03,-1,-0.020833
5524,5.52400000e+03,-1,-0.020833
5525,5.52500000e+03,-4,-0.083333
5526,5.52600000e+03,-4,-0.083333
5527,5.52700000e+03,-4,-0.083333
5528,5.52800000e+03,-4,-0.083333
5529,5.52900000e+03,-4,-0.083333
5530,5.53000000e+03,-4,-0.083333
5531,5.53100000e+03,-4,-0.083333
5532,5.53200000e+03,-4,-0.083333
5533,5.53300000e+03,-4,-0.083333
5534,5.53400000e+03,-4,-0.083333
5535,5.53500000e+03,-4,-0.083333
5536,5.53600000e+03,-4,-0.083333
5537,5.53700000e+03,-4,-0.083333
5538,5.53800000e+03,-4,-0.083333
5539,5.53900000e+03,-4,-0.083333
5540,5.54000000e+03,-4,-0.083333
5541,5.54100000e+03,-4,-0.083333
5542,5.54200000e+03,-4,-0.083333
5543,5.54300000e+03,-4,-0.083333
5544,5.54400000e+03,-4,-0.083333
5545,5.54500000e+03,-5,-0.104167
5546,5.54600000e+03,-5,-0.104167
5547,5.54700000e+03,-5,-0.104167
5548,5.54800000e+03,-5,-0.104167
5549,5.54900000e+03,-5,-0.104167
5550,5.55000000e+03,-2,-0.041667
5551,5.55100000e+03,-2,-0.041667
5552,5.55200000e+03,-2,-0.041667
5553,5.55300000e+03,-2,-0.041667
5554,5.55400000e+03,-2,-0.041667
5555,5.55500000e+03,-6,-0.125000
5556,5.55600000e+03,-6,-0.125000
5557,5.55700000e+03,-6,-0.125000
5558,5.55800000e+03,-6,-0.125000
5559,5.55900000e+03,-6,-0.125000
5560,5.56000000e+03,-4,-0.083333
5561,5.56100000e+03,-4,-0.083333
5562,5.56200000e+03,-4,-0.083333
5563,5.56300000e+03,-4,-0.083333
5564,5.56400000e+03,-4,-0.083333
5565,5.56500000e+03,-5,-0.104167
5566,5.56600000e+03,-5,-0.104167
5567,5.56700000e+03,-5,-0.104167
5568,5.56800000e+03,-5,-0.104167
5569,5.56900000e+03,-5,-0.104167
5570,5.57000000e+03,-7,-0.145833
5571,5.57100000e+03,-7,-0.145833
5572,5.57200000e+03,-7,-0.145833
5573,5.57300000e+03,-7,-0.145833
5574,5.57400000e+03,-7,-0.145833
5575,5.57500000e+03,-4,-0.083333
5576,5.57600000e+03,-4,-0.083333
5577,5.57700000e+03,-4,-0.083333
5578,5.57800000e+03,-4,-0.083333
5579,5.57900000e+03,-4,-0.083333
5580,5.58000000e+03,-3,-0.062500
5581,5.58100000e+03,-3,-0.062500
5582,5.58200000e+03,-3,-0.062500
5583,5.58300000e+03,-3,-0.062500
5584,5.58400000e+03,-3,-0.062500
5585,5.58500000e+03,-1,-0.020833
5586,5.58600000e+03,-1,-0.020833
5587,5.58700000e+03,-1,-0.020833
5588,5.58800000e+03,-1,-0.020833
5589,5.58900000e+03,-1,-0.020833
5590,5.59000000e+03,-3,-0.062500
5591,5.59100000e+03,-3,-0.062500
5592,5.59200000e+03,-3,-0.062500
5593,5.59300000e+03,-3,-0.062500
5594,5.59400000e+03,-3,-0.062500
5595,5.59500000e+03,-1,-0.020833
5596,5.59600000e+03,-1,-0.020833
5597,5.59700000e+03,-1,-0.020833
5598,5.59800000e+03,-1,-0.020833
5599,5.59900000e+03,-1,-0.020833
5600,5.60000000e+03,-2,-0.041667
5601,5.60100000e+03,-2,-0.041667
5602,5.60200000e+03,-2,-0.041667
5603,5.60300000e+03,-2,-0.041667
5604,5.60400000e+03,-2,-0.041667
5605,5.60500000e+03,0,0.000000
5606,5.60600000e+03,0,0.000000
5607,5.60700000e+03,0,0.000000
5608,5.60800000e+03,0,0.000000
5609,5.60900000e+03,0,0.000000
5610,5.61000000e+03,-1,-0.020833
5611,5.61100000e+03,-1,-0.020833
5612,5.61200000e+03,-1,-0.020833
5613,5.61300000e+03,-1,-0.020833
5614,5.61400000e+03,-1,-0.020833
5615,5.61500000e+03,-4,-0.083333
5616,5.61600000e+03,-4,-0.083333
5617,5.61700000e+03,-4,-0.083333
5618,5.61800000e+03,-4,-0.083333
5619,5.61900000e+03,-4,-0.083333
5620,5.62000000e+03,1,0.020833
5621,5.62100000e+03,1,0.020833
5622,5.62200000e+03,1,0.020833
5623,5.62300000e+03,1,0.020833
5624,5.62400000e+03,1,0.020833
5625,5.62500000e+03,-1,-0.020833
5626,5.62600000e+03,-1,-0.020833
5627,5.62700000e+03,-1,-0.020833
5628,5.62800000e+03,-1,-0.020833
5629,5.62900000e+03,-1,-0.020833
5630,5.63000000e+03,1,0.020833
5631,5.63100000e+03,1,0.020833
5632,5.63200000e+03,1,0.020833
5633,5.63300000e+03,1,0.020833
5634,5.63400000e+03,1,0.020833
5635,5.63500000e+03,0,0.000000
5636,5.63600000e+03,0,0.000000
5637,5.63700000e+03,0,0.000000
5638,5.63800000e+03,0,0.000000
5639,5.63900000e+03,0,0.000000
5640,5.64000000e+03,0,0.000000
5641,5.64100000e+03,0,0.000000
5642,5.64200000e+03,0,0.000000
5643,5.64300000e+03,0,0.000000
5644,5.64400000e+03,0,0.000000
5645,5.64500000e+03,-1,-0.020833
5646,5.64600000e+03,-1,-0.020833
5647,5.64700000e+03,-1,-0.020833
5648,5.64800000e+03,-1,-0.020833
5649,5.64900000e+03,-1,-0.020833
5650,5.65000000e+03,-2,-0.041667
5651,5.65100000e+03,-2,-0.041667
5652,5.65200000e+03,-2,-0.041667
5653,5.65300000e+03,-2,-0.041667
5654,5.65400000e+03,-2,-0.041667
5655,5.65500000e+03,1,0.020833
5656,5.65600000e+03,1,0.020833
5657,5.65700000e+03,1,0.020833
5658,5.65800000e+03,1,0.020833
5659,5.65900000e+03,1,0.020833
5660,5.66000000e+03,-1,-0.020833
5661,5.66100000e+03,-1,-0.020833
5662,5.66200000e+03,-1,-0.020833
5663,5.66300000e+03,-1,-0.020833
5664,5.66400000e+03,-1,-0.020833
5665,5.66500000e+03,-1,-0.020833
5666,5.66600000e+03,-1,-0.020833
5667,5.66700000e+03,-1,-0.020833
5668,5.66800000e+03,-1,-0.020833
5669,5.66900000e+03,-1,-0.020833
5670,5.67000000e+03,-2,-0.041667
5671,5.67100000e+03,-2,-0.041667
5672,5.67200000e+03,-2,-0.041667
5673,5.67300000e+03,-2,-0.041667
5674,5.67400000e+03,-2,-0.041667
5675,5.67500000e+03,-3,-0.062500
5676,5.67600000e+03,-3,-0.062500
5677,5.67700000e+03,-3,-0.062500
5678,5.67800000e+03,-3,-0.062500
5679,5.67900000e+03,-3,-0.062500
5680,5.68000000e+03,1,0.020833
5681,5.68100000e+03,1,0.020833
5682,5.68200000e+03,1,0.020833
5683,5.68300000e+03,1,0.020833
5684,5.68400000e+03,1,0.020833
5685,5.68500000e+03,2,0.041667
5686,5.68600000e+03,2,0.041667
5687,5.68700000e+03,2,0.041667
5688,5.68800000e+03,2,0.041667
5689,5.68900000e+03,2,0.041667
5690,5.69000000e+03,-1,-0.020833
5691,5.69100000e+03,-1,-0.020833
5692,5.69200000e+03,-1,-0.020833
5693,5.69300000e+03,-1,-0.020833
5694,5.69400000e+03,-1,-0.020833
5695,5.69500000e+03,1,0.020833
5696,5.69600000e+03,1,0.020833
5697,5.69700000e+03,1,0.020833
5698,5.69800000e+03,1,0.020833
5699,5.69900000e+03,1,0.020833
5700,5.70000000e+03,0,0.000000
5701,5.70100000e+03,0,0.000000
5702,5.70200000e+03,0,0.000000
5703,5.70300000e+03,0,0.000000
5704,5.70400000e+03,0,0.000000
5705,5.70500000e+03,4,0.083333
5706,5.70600000e+03,4,0.083333
5707,5.70700000e+03,4,0.083333
5708,5.70800000e+03,4,0.083333
5709,5.70900000e+03,4,0.083333
5710,5.71000000e+03,0,0.000000
5711,5.71100000e+03,0,0.000000
5712,5.71200000e+03,0,0.000000
5713,5.71300000e+03,0,0.000000
5714,5.71400000e+03,0,0.000000
5715,5.71500000e+03,4,0.083333
5716,5.71600000e+03,4,0.083333
5717,5.71700000e+03,4,0.083333
5718,5.71800000e+03,4,0.083333
5719,5.71900000e+03,4,0.083333
5720,5.72000000e+03,1,0.020833
5721,5.72100000e+03,1,0.020833
5722,5.72200000e+03,1,0.020833
5723,5.72300000e+03,1,0.020833
5724,5.72400000e+03,1,0.020833
5725,5.72500000e+03,4,0.083333
5726,5.72600000e+03,4,0.083333
5727,5.72700000e+03,4,0.083333
5728,5.72800000e+03,4,0.083333
5729,5.72900000e+03,4,0.083333
5730,5.73000000e+03,5,0.104167
5731,5.73100000e+03,5,0.104167
5732,5.73200000e+03,5,0.104167
5733,5.73300000e+03,5,0.104167
5734,5.73400000e+03,5,0.104167
5735,5.73500000e+03,5,0.104167
5736,5.73600000e+03,5,0.104167
5737,5.73700000e+03,5,0.104167
5738,5.73800000e+03,5,0.104167
5739,5.73900000e+03,5,0.104167
5740,5.74000000e+03,7,0.145833
5741,5.74100000e+03,7,0.145833
5742,5.74200000e+03,7,0.145833
5743,5.74300000e+03,7,0.145833
5744,5.74400000e+03,7,0.145833
5745,5.74500000e+03,6,0.125000
5746,5.74600000e+03,6,0.125000
5747,5.74700000e+03,6,0.125000
5748,5.74800000e+03,6,0.125000
5749,5.74900000e+03,6,0.125000
5750,5.75000000e+03,7,0.145833
5751,5.75100000e+03,7,0.145833
5752,5.75200000e+03,7,0.145833
5753,5.75300000e+03,7,0.145833
5754,5.75400000e+03,7,0.145833
5755,5.75500000e+03,6,0.125000
5756,5.75600000e+03,6,0.125000
5757,5.75700000e+03,6,0.125000
5758,5.75800000e+03,6,0.125000
5759,5.75900000e+03,6,0.125000
5760,5.76000000e+03,4,0.083333
5761,5.76100000e+03,4,0.083333
5762,5.76200000e+03,4,0.083333
5763,5.76300000e+03,4,0.083333
5764,5.76400000e+03,4,0.083333
5765,5.76500000e+03,5,0.104167
5766,5.76600000e+03,5,0.104167
5767,5.76700000e+03,5,0.104167
5768,5.76800000e+03,5,0.104167
5769,5.76900000e+03,5,0.104167
5770,5.77000000e+03,8,0.166667
5771,5.77100000e+03,8,0.166667
5772,5.77200000e+03,8,0.166667
5773,5.77300000e+03,8,0.166667
5774,5.77400000e+03,8,0.166667
5775,5.77500000e+03,9,0.187500
5776,5.77600000e+03,9,0.187500
5777,5.77700000e+03,9,0.187500
5778,5.77800000e+03,9,0.187500
5779,5.77900000e+03,9,0.187500
5780,5.78000000e+03,9,0.187500
5781,5.78100000e+03,9,0.187500
5782,5.78200000e+03,9,0.187500
5783,5.78300000e+03,9,0.187500
5784,5.78400000e+03,9,0.187500
5785,5.78500000e+03,7,0.145833
5786,5.78600000e+03,7,0.145833
5787,5.78700000e+03,7,0.145833
5788,5.78800000e+03,7,0.145833
5789,5.78900000e+03,7,0.145833
5790,5.79000000e+03,7,0.145833
5791,5.79100000e+03,7,0.145833
5792,5.79200000e+03,7,0.145833
5793,5.79300000e+03,7,0.145833
5794,5.79400000e+03,7,0.145833
5795,5.79500000e+03,5,0.104167
5796,5.79600000e+03,5,0.104167
5797,5.79700000e+03,5,0.104167
5798,5.79800000e+03,5,0.104167
5799,5.79900000e+03,5,0.104167
5800,5.80000000e+03,13,0.270833
5801,5.80100000e+03,13,0.270833
5802,5.80200000e+03,13,0.270833
5803,5.80300000e+03,13,0.270833
5804,5.80400000e+03,13,0.270833
5805,5.80500000e+03,8,0.166667
5806,5.80600000e+03,8,0.166667
5807,5.80700000e+03,8,0.166667
5808,5.80800000e+03,8,0.166667
5809,5.80900000e+03,8,0.166667
5810,5.81000000e+03,12,0.250000
5811,5.81100000e+03,12,0.250000
5812,5.81200000e+03,12,0.250000
5813,5.81300000e+03,12,0.250000
5814,5.81400000e+03,12,0.250000
5815,5.81500000e+03,11,0.229167
5816,5.81600000e+03,11,0.229167
5817,5.81700000e+03,11,0.229167
5818,5.81800000e+03,11,0.229167
5819,5.81900000e+03,11,0.229167
5820,5.82000000e+03,8,0.166667
5821,5.82100000e+03,8,0.166667
5822,5.82200000e+03,8,0.166667
5823,5.82300000e+03,8,0.166667
5824,5.82400000e+03,8,0.166667
5825,5.82500000e+03,9,0.187500
5826,5.82600000e+03,9,0.187500
5827,5.82700000e+03,9,0.187500
5828,5.82800000e+03,9,0.187500
5829,5.82900000e+03,9,0.187500
5830,5.83000000e+03,14,0.291667
5831,5.83100000e+03,14,0.291667
5832,5.83200000e+03,14,0.291667
5833,5.83300000e+03,14,0.291667
5834,5.83400000e+03,14,0.291667
5835,5.83500000e+03,11,0.229167
5836,5.83600000e+03,11,0.229167
5837,5.83700000e+03,11,0.229167
5838,5.83800000e+03,11,0.229167
5839,5.83900000e+03,11,0.229167
5840,5.84000000e+03,11,0.229167
5841,5.84100000e+03,11,0.229167
5842,5.84200000e+03,11,0.229167
5843,5.84300000e+03,11,0.229167
5844,5.84400000e+03,11,0.229167
5845,5.84500000e+03,13,0.270833
5846,5.84600000e+03,13,0.270833
5847,5.84700000e+03,13,0.270833
5848,5.84800000e+03,13,0.270833
5849,5.84900000e+03,13,0.270833
5850,5.85000000e+03,11,0.229167
5851,5.85100000e+03,11,0.229167
5852,5.85200000e+03,11,0.229167
5853,5.85300000e+03,11,0.229167
5854,5.85400000e+03,11,0.229167
5855,5.85500000e+03,14,0.291667
5856,5.85600000e+03,14,0.291667
5857,5.85700000e+03,14,0.291667
5858,5.85800000e+03,14,0.291667
5859,5.85900000e+03,14,0.291667
5860,5.86000000e+03,16,0.333333
5861,5.86100000e+03,16,0.333333
5862,5.86200000e+03,16,0.333333
5863,5.86300000e+03,16,0.333333
5864,5.86400000e+03,16,0.333333
5865,5.86500000e+03,11,0.229167
5866,5.86600000e+03,11,0.229167
5867,5.86700000e+03,11,0.229167
5868,5.86800000e+03,11,0.229167
5869,5.86900000e+03,11,0.229167
5870,5.87000000e+03,13,0.270833
5871,5.87100000e+03,13,0.270833
5872,5.87200000e+03,13,0.270833
5873,5.87300000e+03,13,0.270833
5874,5.87400000e+03,13,0.270833
5875,5.87500000e+03,13,0.270833
5876,5.87600000e+03,13,0.270833
5877,5.87700000e+03,13,0.270833
5878,5.87800000e+03,13,0.270833
5879,5.87900000e+03,13,0.270833
5880,5.88000000e+03,15,0.312500
5881,5.88100000e+03,15,0.312500
5882,5.88200000e+03,15,0.312500
5883,5.88300000e+03,15,0.312500
5884,5.88400000e+03,15,0.312500
5885,5.88500000e+03,18,0.375000
5886,5.88600000e+03,18,0.375000
5887,5.88700000e+03,18,0.375000
5888,5.88800000e+03,18,0.375000
5889,5.88900000e+03,18,0.375000
5890,5.89000000e+03,15,0.312500
5891,5.89100000e+03,15,0.312500
5892,5.89200000e+03,15,0.312500
5893,5.89300000e+03,15,0.312500
5894,5.89400000e+03,15,0.312500
5895,5.89500000e+03,17,0.354167
5896,5.89600000e+03,17,0.354167
5897,5.89700000e+03,17,0.354167
5898,5.89800000e+03,17,0.354167
5899,5.89900000e+03,17,0.354167
5900,5.90000000e+03,16,0.333333
5901,5.90100000e+03,16,0.333333
5902,5.90200000e+03,16,0.333333
5903,5.90300000e+03,16,0.333333
5904,5.90400000e+03,16,0.333333
5905,5.90500000e+03,15,0.312500
5906,5.90600000e+03,15,0.312500
5907,5.90700000e+03,15,0.312500
5908,5.90800000e+03,15,0.312500
5909,5.90900000e+03,15,0.312500
5910,5.91000000e+03,14,0.291667
5911,5.91100000e+03,14,0.291667
5912,5.91200000e+03,14,0.291667
5913,5.91300000e+03,14,0.291667
5914,5.91400000e+03,14,0.291667
5915,5.91500000e+03,15,0.312500
5916,5.91600000e+03,15,0.312500
5917,5.91700000e+03,15,0.312500
5918,5.91800000e+03,15,0.312500
5919,5.91900000e+03,15,0.312500
5920,5.92000000e+03,15,0.312500
5921,5.92100000e+03,15,0.312500
5922,5.92200000e+03,15,0.312500
5923,5.92300000e+03,15,0.312500
5924,5.92400000e+03,15,0.312500
5925,5.92500000e+03,18,0.375000
5926,5.92600000e+03,18,0.375000
5927,5.92700000e+03,18,0.375000
5928,5.92800000e+03,18,0.375000
5929,5.92900000e+03,18,0.375000
5930,5.93000000e+03,15,0.312500
5931,5.93100000e+03,15,0.312500
5932,5.93200000e+03,15,0.312500
5933,5.93300000e+03,15,0.312500
5934,5.93400000e+03,15,0.312500
5935,5.93500000e+03,14,0.291667
5936,5.93600000e+03,14,0.291667
5937,5.93700000e+03,14,0.291667
5938,5.93800000e+03,14,0.291667
5939,5.93900000e+03,14,0.291667
5940,5.94000000e+03,14,0.291667
5941,5.94100000e+03,14,0.291667
5942,5.94200000e+03,14,0.291667
5943,5.94300000e+03,14,0.291667
5944,5.94400000e+03,14,0.291667
5945,5.94500000e+03,19,0.395833
5946,5.94600000e+03,19,0.395833
5947,5.94700000e+03,19,0.395833
5948,5.94800000e+03,19,0.395833
5949,5.94900000e+03,19,0.395833
5950,5.95000000e+03,15,0.312500
5951,5.95100000e+03,15,0.312500
5952,5.95200000e+03,15,0.312500
5953,5.95300000e+03,15,0.312500
5954,5.95400000e+03,15,0.312500
5955,5.95500000e+03,14,0.291667
5956,5.95600000e+03,14,0.291667
5957,5.95700000e+03,14,0.291667
5958,5.95800000e+03,14,0.291667
5959,5.95900000e+03,14,0.291667
5960,5.96000000e+03,17,0.354167
5961,5.96100000e+03,17,0.354167
5962,5.96200000e+03,17,0.354167
5963,5.96300000e+03,17,0.354167
5964,5.96400000e+03,17,0.354167
5965,5.96500000e+03,17,0.354167
5966,5.96600000e+03,17,0.354167
5967,5.96700000e+03,17,0.354167
5968,5.96800000e+03,17,0.354167
5969,5.96900000e+03,17,0.354167
5970,5.97000000e+03,18,0.375000
5971,5.97100000e+03,18,0.375000
5972,5.97200000e+03,18,0.375000
5973,5.97300000e+03,18,0.375000
5974,5.97400000e+03,18,0.375000
5975,5.97500000e+03,20,0.416667
5976,5.97600000e+03,20,0.416667
5977,5.97700000e+03,20,0.416667
5978,5.97800000e+03,20,0.416667
5979,5.97900000e+03,20,0.416667
5980,5.98000000e+03,18,0.375000
5981,5.98100000e+03,18,0.375000
5982,5.98200000e+03,18,0.375000
5983,5.98300000e+03,18,0.375000
5984,5.98400000e+03,18,0.375000
5985,5.98500000e+03,16,0.333333
5986,5.98600000e+03,16,0.333333
5987,5.98700000e+03,16,0.333333
5988,5.98800000e+03,16,0.333333
5989,5.98900000e+03,16,0.333333
5990,5.99000000e+03,16,0.333333
5991,5.99100000e+03,16,0.333333
5992,5.99200000e+03,16,0.333333
5993,5.99300000e+03,16,0.333333
5994,5.99400000e+03,16,0.333333
5995,5.99500000e+03,17,0.354167
5996,5.99600000e+03,17,0.354167
5997,5.99700000e+03,17,0.354167
5998,5.99800000e+03,17,0.354167
5999,5.99900000e+03,17,0.354167
6000,6.00000000e+03,19,0.395833
6001,6.00100000e+03,19,0.395833
6002,6.00200000e+03,19,0.395833
6003,6.00300000e+03,19,0.395833
6004,6.00400000e+03,19,0.395833
6005,6.00500000e+03,19,0.395833
6006,6.00600000e+03,19,0.395833
6007,6.00700000e+03,19,0.395833
6008,6.00800000e+03,19,0.395833
6009,6.00900000e+03,19,0.395833
6010,6.01000000e+03,16,0.333333
6011,6.01100000e+03,16,0.333333
6012,6.01200000e+03,16,0.333333
6013,6.01300000e+03,16,0.333333
6014,6.01400000e+03,16,0.333333
6015,6.01500000e+03,17,0.354167
6016,6.01600000e+03,17,0.354167
6017,6.01700000e+03,17,0.354167
6018,6.01800000e+03,17,0.354167
6019,6.01900000e+03,17,0.354167
6020,6.02000000e+03,17,0.354167
6021,6.02100000e+03,17,0.354167
6022,6.02200000e+03,17,0.354167
6023,6.02300000e+03,17,0.354167
6024,6.02400000e+03,17,0.354167
6025,6.02500000e+03,17,0.354167
6026,6.02600000e+03,17,0.354167
6027,6.02700000e+03,17,0.354167
6028,6.02800000e+03,17,0.354167
6029,6.02900000e+03,17,0.354167
6030,6.03000000e+03,16,0.333333
6031,6.03100000e+03,16,0.333333
6032,6.03200000e+03,16,0.333333
6033,6.03300000e+03,16,0.333333
6034,6.03400000e+03,16,0.333333
6035,6.03500000e+03,17,0.354167
6036,6.03600000e+03,17,0.354167
6037,6.03700000e+03,17,0.354167
6038,6.03800000e+03,17,0.354167
6039,6.03900000e+03,17,0.354167
6040,6.04000000e+03,15,0.312500
6041,6.04100000e+03,15,0.312500
6042,6.04200000e+03,15,0.312500
6043,6.04300000e+03,15,0.312500
6044,6.04400000e+03,15,0.312500
6045,6.04500000e+03,16,0.333333
6046,6.04600000e+03,16,0.333333
6047,6.04700000e+03,16,0.333333
6048,6.04800000e+03,16,0.333333
6049,6.04900000e+03,16,0.333333
6050,6.05000000e+03,13,0.270833
6051,6.05100000e+03,13,0.270833
6052,6.05200000e+03,13,0.270833
6053,6.05300000e+03,13,0.270833
6054,6.05400000e+03,13,0.270833
6055,6.05500000e+03,17,0.354167
6056,6.05600000e+03,17,0.354167
6057,6.05700000e+03,17,0.354167
6058,6.05800000e+03,17,0.354167
6059,6.05900000e+03,17,0.354167
6060,6.06000000e+03,18,0.375000
6061,6.06100000e+03,18,0.375000
6062,6.06200000e+03,18,0.375000
6063,6.06300000e+03,18,0.375000
6064,6.06400000e+03,18,0.375000
6065,6.06500000e+03,14,0.291667
6066,6.06600000e+03,14,0.291667
6067,6.06700000e+03,14,0.291667
6068,6.06800000e+03,14,0.291667
6069,6.06900000e+03,14,0.291667
6070,6.07000000e+03,16,0.333333
6071,6.07100000e+03,16,0.333333
6072,6.07200000e+03,16,0.333333
6073,6.07300000e+03,16,0.333333
6074,6.07400000e+03,16,0.333333
6075,6.07500000e+03,17,0.354167
6076,6.07600000e+03,17,0.354167
6077,6.07700000e+03,17,0.354167
6078,6.07800000e+03,17,0.354167
6079,6.07900000e+03,17,0.354167
6080,6.08000000e+03,14,0.291667
6081,6.08100000e+03,14,0.291667
6082,6.08200000e+03,14,0.291667
6083,6.08300000e+03,14,0.291667
6084,6.08400000e+03,14,0.291667
6085,6.08500000e+03,16,0.333333
6086,6.08600000e+03,16,0.333333
6087,6.08700000e+03,16,0.333333
6088,6.08800000e+03,16,0.333333
6089,6.08900000e+03,16,0.333333
6090,6.09000000e+03,15,0.312500
6091,6.09100000e+03,15,0.312500
6092,6.09200000e+03,15,0.312500
6093,6.09300000e+03,15,0.312500
6094,6.09400000e+03,15,0.312500
6095,6.09500000e+03,18,0.375000
6096,6.09600000e+03,18,0.375000
6097,6.09700000e+03,18,0.375000
6098,6.09800000e+03,18,0.375000
6099,6.09900000e+03,18,0.375000
6100,6.10000000e+03,18,0.375000
6101,6.10100000e+03,18,0.375000
6102,6.10200000e+03,18,0.375000
6103,6.10300000e+03,18,0.375000
6104,6.10400000e+03,18,0.375000
6105,6.10500000e+03,16,0.333333
6106,6.10600000e+03,16,0.333333
6107,6.10700000e+03,16,0.333333
6108,6.10800000e+03,16,0.333333
6109,6.10900000e+03,16,0.333333
6110,6.11000000e+03,17,0.354167
6111,6.11100000e+03,17,0.354167
6112,6.11200000e+03,17,0.354167
6113,6.11300000e+03,17,0.354167
6114,6.11400000e+03,17,0.354167
6115,6.11500000e+03,17,0.354167
6116,6.11600000e+03,17,0.354167
6117,6.11700000e+03,17,0.354167
6118,6.11800000e+03,17,0.354167
6119,6.11900000e+03,17,0.354167
6120,6.12000000e+03,16,0.333333
6121,6.12100000e+03,16,0.333333
6122,6.12200000e+03,16,0.333333
6123,6.12300000e+03,16,0.333333
6124,6.12400000e+03,16,0.333333
6125,6.12500000e+03,18,0.375000
6126,6.12600000e+03,18,0.375000
6127,6.12700000e+03,18,0.375000
6128,6.12800000e+03,18,0.375000
6129,6.12900000e+03,18,0.375000
6130,6.13000000e+03,17,0.354167
6131,6.13100000e+03,17,0.354167
6132,6.13200000e+03,17,0.354167
6133,6.13300000e+03,17,0.354167
6134,6.13400000e+03,17,0.354167
6135,6.13500000e+03,17,0.354167
6136,6.13600000e+03,17,0.354167
6137,6.13700000e+03,17,0.354167
6138,6.13800000e+03,17,0.354167
6139,6.13900000e+03,17,0.354167
6140,6.14000000e+03,22,0.458333
6141,6.14100000e+03,22,0.458333
6142,6.14200000e+03,22,0.458333
6143,6.14300000e+03,22,0.458333
6144,6.14400000e+03,22,0.458333
6145,6.14500000e+03,17,0.354167
6146,6.14600000e+03,17,0.354167
6147,6.14700000e+03,17,0.354167
6148,6.14800000e+03,17,0.354167
6149,6.14900000e+03,17,0.354167
6150,6.15000000e+03,17,0.354167
6151,6.15100000e+03,17,0.354167
6152,6.15200000e+03,17,0.354167
6153,6.15300000e+03,17,0.354167
6154,6.15400000e+03,17,0.354167
6155,6.15500000e+03,17,0.354167
6156,6.15600000e+03,17,0.354167
6157,6.15700000e+03,17,0.354167
6158,6.15800000e+03,17,0.354167
6159,6.15900000e+03,17,0.354167
6160,6.16000000e+03,20,0.416667
6161,6.16100000e+03,20,0.416667
6162,6.16200000e+03,20,0.416667
6163,6.16300000e+03,20,0.416667
6164,6.16400000e+03,20,0.416667
6165,6.16500000e+03,21,0.437500
6166,6.16600000e+03,21,0.437500
6167,6.16700000e+03,21,0.437500
6168,6.16800000e+03,21,0.437500
6169,6.16900000e+03,21,0.437500
6170,6.17000000e+03,20,0.416667
6171,6.17100000e+03,20,0.416667
6172,6.17200000e+03,20,0.416667
6173,6.17300000e+03,20,0.416667
6174,6.17400000e+03,20,0.416667
6175,6.17500000e+03,17,0.354167
6176,6.17600000e+03,17,0.354167
6177,6.17700000e+03,17,0.354167
6178,6.17800000e+03,17,0.354167
6179,6.17900000e+03,17,0.354167
6180,6.18000000e+03,19,0.395833
6181,6.18100000e+03,19,0.395833
6182,6.18200000e+03,19,0.395833
6183,6.18300000e+03,19,0.395833
6184,6.18400000e+03,19,0.395833
6185,6.18500000e+03,22,0.458333
6186,6.18600000e+03,22,0.458333
6187,6.18700000e+03,22,0.458333
6188,6.18800000e+03,22,0.458333
6189,6.18900000e+03,22,0.458333
6190,6.19000000e+03,20,0.416667
6191,6.19100000e+03,20,0.416667
6192,6.19200000e+03,20,0.416667
6193,6.19300000e+03,20,0.416667
6194,6.19400000e+03,20,0.416667
6195,6.19500000e+03,22,0.458333
6196,6.19600000e+03,22,0.458333
6197,6.19700000e+03,22,0.458333
6198,6.19800000e+03,22,0.458333
6199,6.19900000e+03,22,0.458333
6200,6.20000000e+03,20,0.416667
6201,6.20100000e+03,20,0.416667
6202,6.20200000e+03,20,0.416667
6203,6.20300000e+03,20,0.416667
6204,6.20400000e+03,20,0.416667
6205,6.20500000e+03,19,0.395833
6206,6.20600000e+03,19,0.395833
6207,6.20700000e+03,19,0.395833
6208,6.20800000e+03,19,0.395833
6209,6.20900000e+03,19,0.395833
6210,6.21000000e+03,18,0.375000
6211,6.21100000e+03,18,0.375000
6212,6.21200000e+03,18,0.375000
6213,6.21300000e+03,18,0.375000
6214,6.21400000e+03,18,0.375000
6215,6.21500000e+03,22,0.458333
6216,6.21600000e+03,22,0.458333
6217,6.21700000e+03,22,0.458333
6218,6.21800000e+03,22,0.458333
6219,6.21900000e+03,22,0.458333
6220,6.22000000e+03,20,0.416667
6221,6.22100000e+03,20,0.416667
6222,6.22200000e+03,20,0.416667
6223,6.22300000e+03,20,0.416667
6224,6.22400000e+03,20,0.416667
6225,6.22500000e+03,21,0.437500
6226,6.22600000e+03,21,0.437500
6227,6.22700000e+03,21,0.437500
6228,6.22800000e+03,21,0.437500
6229,6.22900000e+03,21,0.437500
6230,6.23000000e+03,20,0.416667
6231,6.23100000e+03,20,0.416667
6232,6.23200000e+03,20,0.416667
6233,6.23300000e+03,20,0.416667
6234,6.23400000e+03,20,0.416667
6235,6.23500000e+03,18,0.375000
6236,6.23600000e+03,18,0.375000
6237,6.23700000e+03,18,0.375000
6238,6.23800000e+03,18,0.375000
6239,6.23900000e+03,18,0.375000
6240,6.24000000e+03,17,0.354167
6241,6.24100000e+03,17,0.354167
6242,6.24200000e+03,17,0.354167
6243,6.24300000e+03,17,0.354167
6244,6.24400000e+03,17,0.354167
6245,6.24500000e+03,20,0.416667
6246,6.24600000e+03,20,0.416667
6247,6.24700000e+03,20,0.416667
6248,6.24800000e+03,20,0.416667
6249,6.24900000e+03,20,0.416667
6250,6.25000000e+03,21,0.437500
6251,6.25100000e+03,21,0.437500
6252,6.25200000e+03,21,0.437500
6253,6.25300000e+03,21,0.437500
6254,6.25400000e+03,21,0.437500
6255,6.25500000e+03,19,0.395833
6256,6.25600000e+03,19,0.395833
6257,6.25700000e+03,19,0.395833
6258,6.25800000e+03,19,0.395833
6259,6.25900000e+03,19,0.395833
6260,6.26000000e+03,21,0.437500
6261,6.26100000e+03,21,0.437500
6262,6.26200000e+03,21,0.437500
6263,6.26300000e+03,21,0.437500
6264,6.26400000e+03,21,0.437500
6265,6.26500000e+03,17,0.354167
6266,6.26600000e+03,17,0.354167
6267,6.26700000e+03,17,0.354167
6268,6.26800000e+03,17,0.354167
6269,6.26900000e+03,17,0.354167
6270,6.27000000e+03,21,0.437500
6271,6.27100000e+03,21,0.437500
6272,6.27200000e+03,21,0.437500
6273,6.27300000e+03,21,0.437500
6274,6.27400000e+03,21,0.437500
6275,6.27500000e+03,20,0.416667
6276,6.27600000e+03,20,0.416667
6277,6.27700000e+03,20,0.416667
6278,6.27800000e+03,20,0.416667
6279,6.27900000e+03,20,0.416667
6280,6.28000000e+03,20,0.416667
6281,6.28100000e+03,20,0.416667
6282,6.28200000e+03,20,0.416667
6283,6.28300000e+03,20,0.416667
6284,6.28400000e+03,20,0.416667
6285,6.28500000e+03,20,0.416667
6286,6.28600000e+03,20,0.416667
6287,6.28700000e+03,20,0.416667
6288,6.28800000e+03,20,0.416667
6289,6.28900000e+03,20,0.416667
6290,6.29000000e+03,19,0.395833
6291,6.29100000e+03,19,0.395833
6292,6.29200000e+03,19,0.395833
6293,6.29300000e+03,19,0.395833
6294,6.29400000e+03,19,0.395833
6295,6.29500000e+03,20,0.416667
6296,6.29600000e+03,20,0.416667
6297,6.29700000e+03,20,0.416667
6298,6.29800000e+03,20,0.416667
6299,6.29900000e+03,20,0.416667
6300,6.30000000e+03,20,0.416667
6301,6.30100000e+03,20,0.416667
6302,6.30200000e+03,20,0.416667
6303,6.30300000e+03,20,0.416667
6304,6.30400000e+03,20,0.416667
6305,6.30500000e+03,17,0.354167
6306,6.30600000e+03,17,0.354167
6307,6.30700000e+03,17,0.354167
6308,6.30800000e+03,17,0.354167
6309,6.30900000e+03,17,0.354167
6310,6.31000000e+03,20,0.416667
6311,6.31100000e+03,20,0.416667
6312,6.31200000e+03,20,0.416667
6313,6.31300000e+03,20,0.416667
6314,6.31400000e+03,20,0.416667
6315,6.31500000e+03,19,0.395833
6316,6.31600000e+03,19,0.395833
6317,6.31700000e+03,19,0.395833
6318,6.31800000e+03,19,0.395833
6319,6.31900000e+03,19,0.395833
6320,6.32000000e+03,22,0.458333
6321,6.32100000e+03,22,0.458333
6322,6.32200000e+03,22,0.458333
6323,6.32300000e+03,22,0.458333
6324,6.32400000e+03,22,0.458333
6325,6.32500000e+03,19,0.395833
6326,6.32600000e+03,19,0.395833
6327,6.32700000e+03,19,0.395833
6328,6.32800000e+03,19,0.395833
6329,6.32900000e+03,19,0.395833
6330,6.33000000e+03,20,0.416667
6331,6.33100000e+03,20,0.416667
6332,6.33200000e+03,20,0.416667
6333,6.33300000e+03,20,0.416667
6334,6.33400000e+03,20,0.416667
6335,6.33500000e+03,17,0.354167
6336,6.33600000e+03,17,0.354167
6337,6.33700000e+03,17,0.354167
6338,6.33800000e+03,17,0.354167
6339,6.33900000e+03,17,0.354167
6340,6.34000000e+03,18,0.375000
6341,6.34100000e+03,18,0.375000
6342,6.34200000e+03,18,0.375000
6343,6.34300000e+03,18,0.375000
6344,6.34400000e+03,18,0.375000
6345,6.34500000e+03,19,0.395833
6346,6.34600000e+03,19,0.395833
6347,6.34700000e+03,19,0.395833
6348,6.34800000e+03,19,0.395833
6349,6.34900000e+03,19,0.395833
6350,6.35000000e+03,15,0.312500
6351,6.35100000e+03,15,0.312500
6352,6.35200000e+03,15,0.312500
6353,6.35300000e+03,15,0.312500
6354,6.35400000e+03,15,0.312500
6355,6.35500000e+03,20,0.416667
6356,6.35600000e+03,20,0.416667
6357,6.35700000e+03,20,0.416667
6358,6.35800000e+03,20,0.416667
6359,6.35900000e+03,20,0.416667
6360,6.36000000e+03,19,0.395833
6361,6.36100000e+03,19,0.395833
6362,6.36200000e+03,19,0.395833
6363,6.36300000e+03,19,0.395833
6364,6.36400000e+03,19,0.395833
6365,6.36500000e+03,19,0.395833
6366,6.36600000e+03,19,0.395833
6367,6.36700000e+03,19,0.395833
6368,6.36800000e+03,19,0.395833
6369,6.36900000e+03,19,0.395833
6370,6.37000000e+03,23,0.479167
6371,6.37100000e+03,23,0.479167
6372,6.37200000e+03,23,0.479167
6373,6.37300000e+03,23,0.479167
6374,6.37400000e+03,23,0.479167
6375,6.37500000e+03,20,0.416667
6376,6.37600000e+03,20,0.416667
6377,6.37700000e+03,20,0.416667
6378,6.37800000e+03,20,0.416667
6379,6.37900000e+03,20,0.416667
6380,6.38000000e+03,19,0.395833
6381,6.38100000e+03,19,0.395833
6382,6.38200000e+03,19,0.395833
6383,6.38300000e+03,19,0.395833
6384,6.38400000e+03,19,0.395833
6385,6.38500000e+03,17,0.354167
6386,6.38600000e+03,17,0.354167
6387,6.38700000e+03,17,0.354167
6388,6.38800000e+03,17,0.354167
6389,6.38900000e+03,17,0.354167
6390,6.39000000e+03,23,0.479167
6391,6.39100000e+03,23,0.479167
6392,6.39200000e+03,23,0.479167
6393,6.39300000e+03,23,0.479167
6394,6.39400000e+03,23,0.479167
6395,6.39500000e+03,20,0.416667
6396,6.39600000e+03,20,0.416667
6397,6.39700000e+03,20,0.416667
6398,6.39800000e+03,20,0.416667
6399,6.39900000e+03,20,0.416667
6400,6.40000000e+03,20,0.416667
6401,6.40100000e+03,20,0.416667
6402,6.40200000e+03,20,0.416667
6403,6.40300000e+03,20,0.416667
6404,6.40400000e+03,20,0.416667
6405,6.40500000e+03,22,0.458333
6406,6.40600000e+03,22,0.458333
6407,6.40700000e+03,22,0.458333
6408,6.40800000e+03,22,0.458333
6409,6.40900000e+03,22,0.458333
6410,6.41000000e+03,22,0.458333
6411,6.41100000e+03,22,0.458333
6412,6.41200000e+03,22,0.458333
6413,6.41300000e+03,22,0.458333
6414,6.41400000e+03,22,0.458333
6415,6.41500000e+03,23,0.479167
6416,6.41600000e+03,23,0.479167
6417,6.41700000e+03,23,0.479167
6418,6.41800000e+03,23,0.479167
6419,6.41900000e+03,23,0.479167
6420,6.42000000e+03,22,0.458333
6421,6.42100000e+03,22,0.458333
6422,6.42200000e+03,22,0.458333
6423,6.42300000e+03,22,0.458333
6424,6.42400000e+03,22,0.458333
6425,6.42500000e+03,22,0.458333
6426,6.42600000e+03,22,0.458333
6427,6.42700000e+03,22,0.458333
6428,6.42800000e+03,22,0.458333
6429,6.42900000e+03,22,0.458333
6430,6.43000000e+03,22,0.458333
6431,6.43100000e+03,22,0.458333
6432,6.43200000e+03,22,0.458333
6433,6.43300000e+03,22,0.458333
6434,6.43400000e+03,22,0.458333
6435,6.43500000e+03,21,0.437500
6436,6.43600000e+03,21,0.437500
6437,6.43700000e+03,21,0.437500
6438,6.43800000e+03,21,0.437500
6439,6.43900000e+03,21,0.437500
6440,6.44000000e+03,21,0.437500
6441,6.44100000e+03,21,0.437500
6442,6.44200000e+03,21,0.437500
6443,6.44300000e+03,21,0.437500
6444,6.44400000e+03,21,0.437500
6445,6.44500000e+03,21,0.437500
6446,6.44600000e+03,21,0.437500
6447,6.44700000e+03,21,0.437500
6448,6.44800000e+03,21,0.437500
6449,6.44900000e+03,21,0.437500
6450,6.45000000e+03,20,0.416667
6451,6.45100000e+03,20,0.416667
6452,6.45200000e+03,20,0.416667
6453,6.45300000e+03,20,0.416667
6454,6.45400000e+03,20,0.416667
6455,6.45500000e+03,19,0.395833
6456,6.45600000e+03,19,0.395833
6457,6.45700000e+03,19,0.395833
6458,6.45800000e+03,19,0.395833
6459,6.45900000e+03,19,0.395833
6460,6.46000000e+03,21,0.437500
6461,6.46100000e+03,21,0.437500
6462,6.46200000e+03,21,0.437500
6463,6.46300000e+03,21,0.437500
6464,6.46400000e+03,21,0.437500
6465,6.46500000e+03,21,0.437500
6466,6.46600000e+03,21,0.437500
6467,6.46700000e+03,21,0.437500
6468,6.46800000e+03,21,0.437500
6469,6.46900000e+03,21,0.437500
6470,6.47000000e+03,23,0.479167
6471,6.47100000e+03,23,0.479167
6472,6.47200000e+03,23,0.479167
6473,6.47300000e+03,23,0.479167
6474,6.47400000e+03,23,0.479167
6475,6.47500000e+03,22,0.458333
6476,6.47600000e+03,22,0.458333
6477,6.47700000e+03,22,0.458333
6478,6.47800000e+03,22,0.458333
6479,6.47900000e+03,22,0.458333
6480,6.48000000e+03,20,0.416667
6481,6.48100000e+03,20,0.416667
6482,6.48200000e+03,20,0.416667
6483,6.48300000e+03,20,0.416667
6484,6.48400000e+03,20,0.416667
6485,6.48500000e+03,21,0.437500
6486,6.48600000e+03,21,0.437500
6487,6.48700000e+03,21,0.437500
6488,6.48800000e+03,21,0.437500
6489,6.48900000e+03,21,0.437500
6490,6.49000000e+03,17,0.354167
6491,6.49100000e+03,17,0.354167
6492,6.49200000e+03,17,0.354167
6493,6.49300000e+03,17,0.354167
6494,6.49400000e+03,17,0.354167
6495,6.49500000e+03,20,0.416667
6496,6.49600000e+03,20,0.416667
6497,6.49700000e+03,20,0.416667
6498,6.49800000e+03,20,0.416667
6499,6.49900000e+03,20,0.416667
6500,6.50000000e+03,21,0.437500
6501,6.50100000e+03,21,0.437500
6502,6.50200000e+03,21,0.437500
6503,6.50300000e+03,21,0.437500
6504,6.50400000e+03,21,0.437500
6505,6.50500000e+03,20,0.416667
6506,6.50600000e+03,20,0.416667
6507,6.50700000e+03,20,0.416667
6508,6.50800000e+03,20,0.416667
6509,6.50900000e+03,20,0.416667
6510,6.51000000e+03,22,0.458333
6511,6.51100000e+03,22,0.458333
6512,6.51200000e+03,22,0.458333
6513,6.51300000e+03,22,0.458333
6514,6.51400000e+03,22,0.458333
6515,6.51500000e+03,23,0.479167
6516,6.51600000e+03,23,0.479167
6517,6.51700000e+03,23,0.479167
6518,6.51800000e+03,23,0.479167
6519,6.51900000e+03,23,0.479167
6520,6.52000000e+03,22,0.458333
6521,6.52100000e+03,22,0.458333
6522,6.52200000e+03,22,0.458333
6523,6.52300000e+03,22,0.458333
6524,6.52400000e+03,22,0.458333
6525,6.52500000e+03,23,0.479167
6526,6.52600000e+03,23,0.479167
6527,6.52700000e+03,23,0.479167
6528,6.52800000e+03,23,0.479167
6529,6.52900000e+03,23,0.479167
6530,6.53000000e+03,22,0.458333
6531,6.53100000e+03,22,0.458333
6532,6.53200000e+03,22,0.458333
6533,6.53300000e+03,22,0.458333
6534,6.53400000e+03,22,0.458333
6535,6.53500000e+03,24,0.500000
6536,6.53600000e+03,24,0.500000
6537,6.53700000e+03,24,0.500000
6538,6.53800000e+03,24,0.500000
6539,6.53900000e+03,24,0.500000
6540,6.54000000e+03,23,0.479167
6541,6.54100000e+03,23,0.479167
6542,6.54200000e+03,23,0.479167
6543,6.54300000e+03,23,0.479167
6544,6.54400000e+03,23,0.479167
6545,6.54500000e+03,22,0.458333
6546,6.54600000e+03,22,0.458333
6547,6.54700000e+03,22,0.458333
6548,6.54800000e+03,22,0.458333
6549,6.54900000e+03,22,0.458333
6550,6.55000000e+03,21,0.437500
6551,6.55100000e+03,21,0.437500
6552,6.55200000e+03,21,0.437500
6553,6.55300000e+03,21,0.437500
6554,6.55400000e+03,21,0.437500
6555,6.55500000e+03,23,0.479167
6556,6.55600000e+03,23,0.479167
6557,6.55700000e+03,23,0.479167
6558,6.55800000e+03,23,0.479167
6559,6.55900000e+03,23,0.479167
6560,6.56000000e+03,24,0.500000
6561,6.56100000e+03,24,0.500000
6562,6.56200000e+03,24,0.500000
6563,6.56300000e+03,24,0.500000
6564,6.56400000e+03,24,0.500000
6565,6.56500000e+03,18,0.375000
6566,6.56600000e+03,18,0.375000
6567,6.56700000e+03,18,0.375000
6568,6.56800000e+03,18,0.375000
6569,6.56900000e+03,18,0.375000
6570,6.57000000e+03,21,0.437500
6571,6.57100000e+03,21,0.437500
6572,6.57200000e+03,21,0.437500
6573,6.57300000e+03,21,0.437500
6574,6.57400000e+03,21,0.437500
6575,6.57500000e+03,21,0.437500
6576,6.57600000e+03,21,0.437500
6577,6.57700000e+03,21,0.437500
6578,6.57800000e+03,21,0.437500
6579,6.57900000e+03,21,0.437500
6580,6.58000000e+03,22,0.458333
6581,6.58100000e+03,22,0.458333
6582,6.58200000e+03,22,0.458333
6583,6.58300000e+03,22,0.458333
6584,6.58400000e+03,22,0.458333
6585,6.58500000e+03,17,0.354167
6586,6.58600000e+03,17,0.354167
6587,6.58700000e+03,17,0.354167
6588,6.58800000e+03,17,0.354167
6589,6.58900000e+03,17,0.354167
6590,6.59000000e+03,22,0.458333
6591,6.59100000e+03,22,0.458333
6592,6.59200000e+03,22,0.458333
6593,6.59300000e+03,22,0.458333
6594,6.59400000e+03,22,0.458333
6595,6.59500000e+03,19,0.395833
6596,6.59600000e+03,19,0.395833
6597,6.59700000e+03,19,0.395833
6598,6.59800000e+03,19,0.395833
6599,6.59900000e+03,19,0.395833
6600,6.60000000e+03,20,0.416667
6601,6.60100000e+03,20,0.416667
6602,6.60200000e+03,20,0.416667
6603,6.60300000e+03,20,0.416667
6604,6.60400000e+03,20,0.416667
6605,6.60500000e+03,20,0.416667
6606,6.60600000e+03,20,0.416667
6607,6.60700000e+03,20,0.416667
6608,6.60800000e+03,20,0.416667
6609,6.60900000e+03,20,0.416667
6610,6.61000000e+03,18,0.375000
6611,6.61100000e+03,18,0.375000
6612,6.61200000e+03,18,0.375000
6613,6.61300000e+03,18,0.375000
6614,6.61400000e+03,18,0.375000
6615,6.61500000e+03,16,0.333333
6616,6.61600000e+03,16,0.333333
6617,6.61700000e+03,16,0.333333
6618,6.61800000e+03,16,0.333333
6619,6.61900000e+03,16,0.333333
6620,6.62000000e+03,20,0.416667
6621,6.62100000e+03,20,0.416667
6622,6.62200000e+03,20,0.416667
6623,6.62300000e+03,20,0.416667
6624,6.62400000e+03,20,0.416667
6625,6.62500000e+03,15,0.312500
6626,6.62600000e+03,15,0.312500
6627,6.62700000e+03,15,0.312500
6628,6.62800000e+03,15,0.312500
6629,6.62900000e+03,15,0.312500
6630,6.63000000e+03,19,0.395833
6631,6.63100000e+03,19,0.395833
6632,6.63200000e+03,19,0.395833
6633,6.63300000e+03,19,0.395833
6634,6.63400000e+03,19,0.395833
6635,6.63500000e+03,18,0.375000
6636,6.63600000e+03,18,0.375000
6637,6.63700000e+03,18,0.375000
6638,6.63800000e+03,18,0.375000
6639,6.63900000e+03,18,0.375000
6640,6.64000000e+03,19,0.395833
6641,6.64100000e+03,19,0.395833
6642,6.64200000e+03,19,0.395833
6643,6.64300000e+03,19,0.395833
6644,6.64400000e+03,19,0.395833
6645,6.64500000e+03,20,0.416667
6646,6.64600000e+03,20,0.416667
6647,6.64700000e+03,20,0.416667
6648,6.64800000e+03,20,0.416667
6649,6.64900000e+03,20,0.416667
6650,6.65000000e+03,22,0.458333
6651,6.65100000e+03,22,0.458333
6652,6.65200000e+03,22,0.458333
6653,6.65300000e+03,22,0.458333
6654,6.65400000e+03,22,0.458333
6655,6.65500000e+03,17,0.354167
6656,6.65600000e+03,17,0.354167
6657,6.65700000e+03,17,0.354167
6658,6.65800000e+03,17,0.354167
6659,6.65900000e+03,17,0.354167
6660,6.66000000e+03,21,0.437500
6661,6.66100000e+03,21,0.437500
6662,6.66200000e+03,21,0.437500
6663,6.66300000e+03,21,0.437500
6664,6.66400000e+03,21,0.437500
6665,6.66500000e+03,19,0.395833
6666,6.66600000e+03,19,0.395833
6667,6.66700000e+03,19,0.395833
6668,6.66800000e+03,19,0.395833
6669,6.66900000e+03,19,0.395833
6670,6.67000000e+03,18,0.375000
6671,6.67100000e+03,18,0.375000
6672,6.67200000e+03,18,0.375000
6673,6.67300000e+03,18,0.375000
6674,6.67400000e+03,18,0.375000
6675,6.67500000e+03,17,0.354167
6676,6.67600000e+03,17,0.354167
6677,6.67700000e+03,17,0.354167
6678,6.67800000e+03,17,0.354167
6679,6.67900000e+03,17,0.354167
6680,6.68000000e+03,15,0.312500
6681,6.68100000e+03,15,0.312500
6682,6.68200000e+03,15,0.312500
6683,6.68300000e+03,15,0.312500
6684,6.68400000e+03,15,0.312500
6685,6.68500000e+03,16,0.333333
6686,6.68600000e+03,16,0.333333
6687,6.68700000e+03,16,0.333333
6688,6.68800000e+03,16,0.333333
6689,6.68900000e+03,16,0.333333
6690,6.69000000e+03,13,0.270833
6691,6.69100000e+03,13,0.270833
6692,6.69200000e+03,13,0.270833
6693,6.69300000e+03,13,0.270833
6694,6.69400000e+03,13,0.270833
6695,6.69500000e+03,14,0.291667
6696,6.69600000e+03,14,0.291667
6697,6.69700000e+03,14,0.291667
6698,6.69800000e+03,14,0.291667
6699,6.69900000e+03,14,0.291667
6700,6.70000000e+03,15,0.312500
6701,6.70100000e+03,15,0.312500
6702,6.70200000e+03,15,0.312500
6703,6.70300000e+03,15,0.312500
6704,6.70400000e+03,15,0.312500
6705,6.70500000e+03,13,0.270833
6706,6.70600000e+03,13,0.270833
6707,6.70700000e+03,13,0.270833
6708,6.70800000e+03,13,0.270833
6709,6.70900000e+03,13,0.270833
6710,6.71000000e+03,15,0.312500
6711,6.71100000e+03,15,0.312500
6712,6.71200000e+03,15,0.312500
6713,6.71300000e+03,15,0.312500
6714,6.71400000e+03,15,0.312500
6715,6.71500000e+03,13,0.270833
6716,6.71600000e+03,13,0.270833
6717,6.71700000e+03,13,0.270833
6718,6.71800000e+03,13,0.270833
6719,6.71900000e+03,13,0.270833
6720,6.72000000e+03,12,0.250000
6721,6.72100000e+03,12,0.250000
6722,6.72200000e+03,12,0.250000
6723,6.72300000e+03,12,0.250000
6724,6.72400000e+03,12,0.250000
6725,6.72500000e+03,14,0.291667
6726,6.72600000e+03,14,0.291667
6727,6.72700000e+03,14,0.291667
6728,6.72800000e+03,14,0.291667
6729,6.72900000e+03,14,0.291667
6730,6.73000000e+03,11,0.229167
6731,6.73100000e+03,11,0.229167
6732,6.73200000e+03,11,0.229167
6733,6.73300000e+03,11,0.229167
6734,6.73400000e+03,11,0.229167
6735,6.73500000e+03,11,0.229167
6736,6.73600000e+03,11,0.229167
6737,6.73700000e+03,11,0.229167
6738,6.73800000e+03,11,0.229167
6739,6.73900000e+03,11,0.229167
6740,6.74000000e+03,12,0.250000
6741,6.74100000e+03,12,0.250000
6742,6.74200000e+03,12,0.250000
6743,6.74300000e+03,12,0.250000
6744,6.74400000e+03,12,0.250000
6745,6.74500000e+03,12,0.250000
6746,6.74600000e+03,12,0.250000
6747,6.74700000e+03,12,0.250000
6748,6.74800000e+03,12,0.250000
6749,6.74900000e+03,12,0.250000
6750,6.75000000e+03,11,0.229167
6751,6.75100000e+03,11,0.229167
6752,6.75200000e+03,11,0.229167
6753,6.75300000e+03,11,0.229167
6754,6.75400000e+03,11,0.229167
6755,6.75500000e+03,8,0.166667
6756,6.75600000e+03,8,0.166667
6757,6.75700000e+03,8,0.166667
6758,6.75800000e+03,8,0.166667
6759,6.75900000e+03,8,0.166667
6760,6.76000000e+03,11,0.229167
6761,6.76100000e+03,11,0.229167
6762,6.76200000e+03,11,0.229167
6763,6.76300000e+03,11,0.229167
6764,6.76400000e+03,11,0.229167
6765,6.76500000e+03,10,0.208333
6766,6.76600000e+03,10,0.208333
6767,6.76700000e+03,10,0.208333
6768,6.76800000e+03,10,0.208333
6769,6.76900000e+03,10,0.208333
6770,6.77000000e+03,11,0.229167
6771,6.77100000e+03,11,0.229167
6772,6.77200000e+03,11,0.229167
6773,6.77300000e+03,11,0.229167
6774,6.77400000e+03,11,0.229167
6775,6.77500000e+03,9,0.187500
6776,6.77600000e+03,9,0.187500
6777,6.77700000e+03,9,0.187500
6778,6.77800000e+03,9,0.187500
6779,6.77900000e+03,9,0.187500
6780,6.78000000e+03,11,0.229167
6781,6.78100000e+03,11,0.229167
6782,6.78200000e+03,11,0.229167
6783,6.78300000e+03,11,0.229167
6784,6.78400000e+03,11,0.229167
6785,6.78500000e+03,10,0.208333
6786,6.78600000e+03,10,0.208333
6787,6.78700000e+03,10,0.208333
6788,6.78800000e+03,10,0.208333
6789,6.78900000e+03,10,0.208333
6790,6.79000000e+03,10,0.208333
6791,6.79100000e+03,10,0.208333
6792,6.79200000e+03,10,0.208333
6793,6.79300000e+03,10,0.208333
6794,6.79400000e+03,10,0.208333
6795,6.79500000e+03,7,0.145833
6796,6.79600000e+03,7,0.145833
6797,6.79700000e+03,7,0.145833
6798,6.79800000e+03,7,0.145833
6799,6.79900000e+03,7,0.145833
6800,6.80000000e+03,9,0.187500
6801,6.80100000e+03,9,0.187500
6802,6.80200000e+03,9,0.187500
6803,6.80300000e+03,9,0.187500
6804,6.80400000e+03,9,0.187500
6805,6.80500000e+03,10,0.208333
6806,6.80600000e+03,10,0.208333
6807,6.80700000e+03,10,0.208333
6808,6.80800000e+03,10,0.208333
6809,6.80900000e+03,10,0.208333
6810,6.81000000e+03,11,0.229167
6811,6.81100000e+03,11,0.229167
6812,6.81200000e+03,11,0.229167
6813,6.81300000e+03,11,0.229167
6814,6.81400000e+03,11,0.229167
6815,6.81500000e+03,9,0.187500
6816,6.81600000e+03,9,0.187500
6817,6.81700000e+03,9,0.187500
6818,6.81800000e+03,9,0.187500
6819,6.81900000e+03,9,0.187500
6820,6.82000000e+03,9,0.187500
6821,6.82100000e+03,9,0.187500
6822,6.82200000e+03,9,0.187500
6823,6.82300000e+03,9,0.187500
6824,6.82400000e+03,9,0.187500
6825,6.82500000e+03,8,0.166667
6826,6.82600000e+03,8,0.166667
6827,6.82700000e+03,8,0.166667
6828,6.82800000e+03,8,0.166667
6829,6.82900000e+03,8,0.166667
6830,6.83000000e+03,9,0.187500
6831,6.83100000e+03,9,0.187500
6832,6.83200000e+03,9,0.187500
6833,6.83300000e+03,9,0.187500
6834,6.83400000e+03,9,0.187500
6835,6.83500000e+03,8,0.166667
6836,6.83600000e+03,8,0.166667
6837,6.83700000e+03,8,0.166667
6838,6.83800000e+03,8,0.166667
6839,6.83900000e+03,8,0.166667
6840,6.84000000e+03,8,0.166667
6841,6.84100000e+03,8,0.166667
6842,6.84200000e+03,8,0.166667
6843,6.84300000e+03,8,0.166667
6844,6.84400000e+03,8,0.166667
6845,6.84500000e+03,8,0.166667
6846,6.84600000e+03,8,0.166667
6847,6.84700000e+03,8,0.166667
6848,6.84800000e+03,8,0.166667
6849,6.84900000e+03,8,0.166667
6850,6.85000000e+03,7,0.145833
6851,6.85100000e+03,7,0.145833
6852,6.85200000e+03,7,0.145833
6853,6.85300000e+03,7,0.145833
6854,6.85400000e+03,7,0.145833
6855,6.85500000e+03,7,0.145833
6856,6.85600000e+03,7,0.145833
6857,6.85700000e+03,7,0.145833
6858,6.85800000e+03,7,0.145833
6859,6.85900000e+03,7,0.145833
6860,6.86000000e+03,7,0.145833
6861,6.86100000e+03,7,0.145833
6862,6.86200000e+03,7,0.145833
6863,6.86300000e+03,7,0.145833
6864,6.86400000e+03,7,0.145833
6865,6.86500000e+03,4,0.083333
6866,6.86600000e+03,4,0.083333
6867,6.86700000e+03,4,0.083333
6868,6.86800000e+03,4,0.083333
6869,6.86900000e+03,4,0.083333
6870,6.87000000e+03,7,0.145833
6871,6.87100000e+03,7,0.145833
6872,6.87200000e+03,7,0.145833
6873,6.87300000e+03,7,0.145833
6874,6.87400000e+03,7,0.145833
6875,6.87500000e+03,4,0.083333
6876,6.87600000e+03,4,0.083333
6877,6.87700000e+03,4,0.083333
6878,6.87800000e+03,4,0.083333
6879,6.87900000e+03,4,0.083333
6880,6.88000000e+03,8,0.166667
6881,6.88100000e+03,8,0.166667
6882,6.88200000e+03,8,0.166667
6883,6.88300000e+03,8,0.166667
6884,6.88400000e+03,8,0.166667
6885,6.88500000e+03,8,0.166667
6886,6.88600000e+03,8,0.166667
6887,6.88700000e+03,8,0.166667
6888,6.88800000e+03,8,0.166667
6889,6.88900000e+03,8,0.166667
6890,6.89000000e+03,5,0.104167
6891,6.89100000e+03,5,0.104167
6892,6.89200000e+03,5,0.104167
6893,6.89300000e+03,5,0.104167
6894,6.89400000e+03,5,0.104167
6895,6.89500000e+03,8,0.166667
6896,6.89600000e+03,8,0.166667
6897,6.89700000e+03,8,0.166667
6898,6.89800000e+03,8,0.166667
6899,6.89900000e+03,8,0.166667
6900,6.90000000e+03,9,0.187500
6901,6.90100000e+03,9,0.187500
6902,6.90200000e+03,9,0.187500
6903,6.90300000e+03,9,0.187500
6904,6.90400000e+03,9,0.187500
6905,6.90500000e+03,5,0.104167
6906,6.90600000e+03,5,0.104167
6907,6.90700000e+03,5,0.104167
6908,6.90800000e+03,5,0.104167
6909,6.90900000e+03,5,0.104167
6910,6.91000000e+03,8,0.166667
6911,6.91100000e+03,8,0.166667
6912,6.91200000e+03,8,0.166667
6913,6.91300000e+03,8,0.166667
6914,6.91400000e+03,8,0.166667
6915,6.91500000e+03,6,0.125000
6916,6.91600000e+03,6,0.125000
6917,6.91700000e+03,6,0.125000
6918,6.91800000e+03,6,0.125000
6919,6.91900000e+03,6,0.125000
6920,6.92000000e+03,8,0.166667
6921,6.92100000e+03,8,0.166667
6922,6.92200000e+03,8,0.166667
6923,6.92300000e+03,8,0.166667
6924,6.92400000e+03,8,0.166667
6925,6.92500000e+03,1,0.020833
6926,6.92600000e+03,1,0.020833
6927,6.92700000e+03,1,0.020833
6928,6.92800000e+03,1,0.020833
6929,6.92900000e+03,1,0.020833
6930,6.93000000e+03,6,0.125000
6931,6.93100000e+03,6,0.125000
6932,6.93200000e+03,6,0.125000
6933,6.93300000e+03,6,0.125000
6934,6.93400000e+03,6,0.125000
6935,6.93500000e+03,6,0.125000
6936,6.93600000e+03,6,0.125000
6937,6.93700000e+03,6,0.125000
6938,6.93800000e+03,6,0.125000
6939,6.93900000e+03,6,0.125000
6940,6.94000000e+03,6,0.125000
6941,6.94100000e+03,6,0.125000
6942,6.94200000e+03,6,0.125000
6943,6.94300000e+03,6,0.125000
6944,6.94400000e+03,6,0.125000
6945,6.94500000e+03,4,0.083333
6946,6.94600000e+03,4,0.083333
6947,6.94700000e+03,4,0.083333
6948,6.94800000e+03,4,0.083333
6949,6.94900000e+03,4,0.083333
6950,6.95000000e+03,1,0.020833
6951,6.95100000e+03,1,0.020833
6952,6.95200000e+03,1,0.020833
6953,6.95300000e+03,1,0.020833
6954,6.95400000e+03,1,0.020833
6955,6.95500000e+03,3,0.062500
6956,6.95600000e+03,3,0.062500
6957,6.95700000e+03,3,0.062500
6958,6.95800000e+03,3,0.062500
6959,6.95900000e+03,3,0.062500
6960,6.96000000e+03,7,0.145833
6961,6.96100000e+03,7,0.145833
6962,6.96200000e+03,7,0.145833
6963,6.96300000e+03,7,0.145833
6964,6.96400000e+03,7,0.145833
6965,6.96500000e+03,5,0.104167
6966,6.96600000e+03,5,0.104167
6967,6.96700000e+03,5,0.104167
6968,6.96800000e+03,5,0.104167
6969,6.96900000e+03,5,0.104167
6970,6.97000000e+03,7,0.145833
6971,6.97100000e+03,7,0.145833
6972,6.97200000e+03,7,0.145833
6973,6.97300000e+03,7,0.145833
6974,6.97400000e+03,7,0.145833
6975,6.97500000e+03,5,0.104167
6976,6.97600000e+03,5,0.104167
6977,6.97700000e+03,5,0.104167
6978,6.97800000e+03,5,0.104167
6979,6.97900000e+03,5,0.104167
6980,6.98000000e+03,5,0.104167
6981,6.98100000e+03,5,0.104167
6982,6.98200000e+03,5,0.104167
6983,6.98300000e+03,5,0.104167
6984,6.98400000e+03,5,0.104167
6985,6.98500000e+03,5,0.104167
6986,6.98600000e+03,5,0.104167
6987,6.98700000e+03,5,0.104167
6988,6.98800000e+03,5,0.104167
6989,6.98900000e+03,5,0.104167
6990,6.99000000e+03,8,0.166667
6991,6.99100000e+03,8,0.166667
6992,6.99200000e+03,8,0.166667
6993,6.99300000e+03,8,0.166667
6994,6.99400000e+03,8,0.166667
6995,6.99500000e+03,7,0.145833
6996,6.99600000e+03,7,0.145833
6997,6.99700000e+03,7,0.145833
6998,6.99800000e+03,7,0.145833
6999,6.99900000e+03,7,0.145833
7000,7.00000000e+03,4,0.083333
7001,7.00100000e+03,4,0.083333
7002,7.00200000e+03,4,0.083333
7003,7.00300000e+03,4,0.083333
7004,7.00400000e+03,4,0.083333
7005,7.00500000e+03,5,0.104167
7006,7.00600000e+03,5,0.104167
7007,7.00700000e+03,5,0.104167
7008,7.00800000e+03,5,0.104167
7009,7.00900000e+03,5,0.104167
7010,7.01000000e+03,4,0.083333
7011,7.01100000e+03,4,0.083333
7012,7.01200000e+03,4,0.083333
7013,7.01300000e+03,4,0.083333
7014,7.01400000e+03,4,0.083333
7015,7.01500000e+03,1,0.020833
7016,7.01600000e+03,1,0.020833
7017,7.01700000e+03,1,0.020833
7018,7.01800000e+03,1,0.020833
7019,7.01900000e+03,1,0.020833
7020,7.02000000e+03,5,0.104167
7021,7.02100000e+03,5,0.104167
7022,7.02200000e+03,5,0.104167
7023,7.02300000e+03,5,0.104167
7024,7.02400000e+03,5,0.104167
7025,7.02500000e+03,4,0.083333
7026,7.02600000e+03,4,0.083333
7027,7.02700000e+03,4,0.083333
7028,7.02800000e+03,4,0.083333
7029,7.02900000e+03,4,0.083333
7030,7.03000000e+03,4,0.083333
7031,7.03100000e+03,4,0.083333
7032,7.03200000e+03,4,0.083333
7033,7.03300000e+03,4,0.083333
7034,7.03400000e+03,4,0.083333
7035,7.03500000e+03,7,0.145833
7036,7.03600000e+03,7,0.145833
7037,7.03700000e+03,7,0.145833
7038,7.03800000e+03,7,0.145833
7039,7.03900000e+03,7,0.145833
7040,7.04000000e+03,3,0.062500
7041,7.04100000e+03,3,0.062500
7042,7.04200000e+03,3,0.062500
7043,7.04300000e+03,3,0.062500
7044,7.04400000e+03,3,0.062500
7045,7.04500000e+03,4,0.083333
7046,7.04600000e+03,4,0.083333
7047,7.04700000e+03,4,0.083333
7048,7.04800000e+03,4,0.083333
7049,7.04900000e+03,4,0.083333
7050,7.05000000e+03,3,0.062500
7051,7.05100000e+03,3,0.062500
7052,7.05200000e+03,3,0.062500
7053,7.05300000e+03,3,0.062500
7054,7.05400000e+03,3,0.062500
7055,7.05500000e+03,5,0.104167
7056,7.05600000e+03,5,0.104167
7057,7.05700000e+03,5,0.104167
7058,7.05800000e+03,5,0.104167
7059,7.05900000e+03,5,0.104167
7060,7.06000000e+03,3,0.062500
7061,7.06100000e+03,3,0.062500
7062,7.06200000e+03,3,0.062500
7063,7.06300000e+03,3,0.062500
7064,7.06400000e+03,3,0.062500
7065,7.06500000e+03,3,0.062500
7066,7.06600000e+03,3,0.062500
7067,7.06700000e+03,3,0.062500
7068,7.06800000e+03,3,0.062500
7069,7.06900000e+03,3,0.062500
7070,7.07000000e+03,1,0.020833
7071,7.07100000e+03,1,0.020833
7072,7.07200000e+03,1,0.020833
7073,7.07300000e+03,1,0.020833
7074,7.07400000e+03,1,0.020833
7075,7.07500000e+03,0,0.000000
7076,7.07600000e+03,0,0.000000
7077,7.07700000e+03,0,0.000000
7078,7.07800000e+03,0,0.000000
7079,7.07900000e+03,0,0.000000
7080,7.08000000e+03,3,0.062500
7081,7.08100000e+03,3,0.062500
7082,7.08200000e+03,3,0.062500
7083,7.08300000e+03,3,0.062500
7084,7.08400000e+03,3,0.062500
7085,7.08500000e+03,4,0.083333
7086,7.08600000e+03,4,0.083333
7087,7.08700000e+03,4,0.083333
7088,7.08800000e+03,4,0.083333
7089,7.08900000e+03,4,0.083333
7090,7.09000000e+03,1,0.020833
7091,7.09100000e+03,1,0.020833
7092,7.09200000e+03,1,0.020833
7093,7.09300000e+03,1,0.020833
7094,7.09400000e+03,1,0.020833
7095,7.09500000e+03,0,0.000000
7096,7.09600000e+03,0,0.000000
7097,7.09700000e+03,0,0.000000
7098,7.09800000e+03,0,0.000000
7099,7.09900000e+03,0,0.000000
7100,7.10000000e+03,5,0.104167
7101,7.10100000e+03,5,0.104167
7102,7.10200000e+03,5,0.104167
7103,7.10300000e+03,5,0.104167
7104,7.10400000e+03,5,0.104167
7105,7.10500000e+03,2,0.041667
7106,7.10600000e+03,2,0.041667
7107,7.10700000e+03,2,0.041667
7108,7.10800000e+03,2,0.041667
7109,7.10900000e+03,2,0.041667
7110,7.11000000e+03,3,0.062500
7111,7.11100000e+03,3,0.062500
7112,7.11200000e+03,3,0.062500
7113,7.11300000e+03,3,0.062500
7114,7.11400000e+03,3,0.062500
7115,7.11500000e+03,3,0.062500
7116,7.11600000e+03,3,0.062500
7117,7.11700000e+03,3,0.062500
7118,7.11800000e+03,3,0.062500
7119,7.11900000e+03,3,0.062500
7120,7.12000000e+03,2,0.041667
7121,7.12100000e+03,2,0.041667
7122,7.12200000e+03,2,0.041667
7123,7.12300000e+03,2,0.041667
7124,7.12400000e+03,2,0.041667
7125,7.12500000e+03,0,0.000000
7126,7.12600000e+03,0,0.000000
7127,7.12700000e+03,0,0.000000
7128,7.12800000e+03,0,0.000000
7129,7.12900000e+03,0,0.000000
7130,7.13000000e+03,3,0.062500
7131,7.13100000e+03,3,0.062500
7132,7.13200000e+03,3,0.062500
7133,7.13300000e+03,3,0.062500
7134,7.13400000e+03,3,0.062500
7135,7.13500000e+03,2,0.041667
7136,7.13600000e+03,2,0.041667
7137,7.13700000e+03,2,0.041667
7138,7.13800000e+03,2,0.041667
7139,7.13900000e+03,2,0.041667
7140,7.14000000e+03,2,0.041667
7141,7.14100000e+03,2,0.041667
7142,7.14200000e+03,2,0.041667
7143,7.14300000e+03,2,0.041667
7144,7.14400000e+03,2,0.041667
7145,7.14500000e+03,-4,-0.083333
7146,7.14600000e+03,-4,-0.083333
7147,7.14700000e+03,-4,-0.083333
7148,7.14800000e+03,-4,-0.083333
7149,7.14900000e+03,-4,-0.083333
7150,7.15000000e+03,0,0.000000
7151,7.15100000e+03,0,0.000000
7152,7.15200000e+03,0,0.000000
7153,7.15300000e+03,0,0.000000
7154,7.15400000e+03,0,0.000000
7155,7.15500000e+03,-3,-0.062500
7156,7.15600000e+03,-3,-0.062500
7157,7.15700000e+03,-3,-0.062500
7158,7.15800000e+03,-3,-0.062500
7159,7.15900000e+03,-3,-0.062500
7160,7.16000000e+03,-4,-0.083333
7161,7.16100000e+03,-4,-0.083333
7162,7.16200000e+03,-4,-0.083333
7163,7.16300000e+03,-4,-0.083333
7164,7.16400000e+03,-4,-0.083333
7165,7.16500000e+03,-2,-0.041667
7166,7.16600000e+03,-2,-0.041667
7167,7.16700000e+03,-2,-0.041667
7168,7.16800000e+03,-2,-0.041667
7169,7.16900000e+03,-2,-0.041667
7170,7.17000000e+03,-3,-0.062500
7171,7.17100000e+03,-3,-0.062500
7172,7.17200000e+03,-3,-0.062500
7173,7.17300000e+03,-3,-0.062500
7174,7.17400000e+03,-3,-0.062500
7175,7.17500000e+03,-4,-0.083333
7176,7.17600000e+03,-4,-0.083333
7177,7.17700000e+03,-4,-0.083333
7178,7.17800000e+03,-4,-0.083333
7179,7.17900000e+03,-4,-0.083333
7180,7.18000000e+03,-5,-0.104167
7181,7.18100000e+03,-5,-0.104167
7182,7.18200000e+03,-5,-0.104167
7183,7.18300000e+03,-5,-0.104167
7184,7.18400000e+03,-5,-0.104167
7185,7.18500000e+03,-5,-0.104167
7186,7.18600000e+03,-5,-0.104167
7187,7.18700000e+03,-5,-0.104167
7188,7.18800000e+03,-5,-0.104167
7189,7.18900000e+03,-5,-0.104167
7190,7.19000000e+03,-4,-0.083333
7191,7.19100000e+03,-4,-0.083333
7192,7.19200000e+03,-4,-0.083333
7193,7.19300000e+03,-4,-0.083333
7194,7.19400000e+03,-4,-0.083333
7195,7.19500000e+03,-4,-0.083333
7196,7.19600000e+03,-4,-0.083333
7197,7.19700000e+03,-4,-0.083333
7198,7.19800000e+03,-4,-0.083333
7199,7.19900000e+03,-4,-0.083333
7200,7.20000000e+03,-4,-0.083333
7201,7.20100000e+03,-4,-0.083333
7202,7.20200000e+03,-4,-0.083333
7203,7.20300000e+03,-4,-0.083333
7204,7.20400000e+03,-4,-0.083333
7205,7.20500000e+03,-7,-0.145833
7206,7.20600000e+03,-7,-0.145833
7207,7.20700000e+03,-7,-0.145833
7208,7.20800000e+03,-7,-0.145833
7209,7.20900000e+03,-7,-0.145833
7210,7.21000000e+03,-6,-0.125000
7211,7.21100000e+03,-6,-0.125000
7212,7.21200000e+03,-6,-0.125000
7213,7.21300000e+03,-6,-0.125000
7214,7.21400000e+03,-6,-0.125000
7215,7.21500000e+03,-5,-0.104167
7216,7.21600000e+03,-5,-0.104167
7217,7.21700000e+03,-5,-0.104167
7218,7.21800000e+03,-5,-0.104167
7219,7.21900000e+03,-5,-0.104167
7220,7.22000000e+03,-5,-0.104167
7221,7.22100000e+03,-5,-0.104167
7222,7.22200000e+03,-5,-0.104167
7223,7.22300000e+03,-5,-0.104167
7224,7.22400000e+03,-5,-0.104167
7225,7.22500000e+03,-6,-0.125000
7226,7.22600000e+03,-6,-0.125000
7227,7.22700000e+03,-6,-0.125000
7228,7.22800000e+03,-6,-0.125000
7229,7.22900000e+03,-6,-0.125000
7230,7.23000000e+03,-4,-0.083333
7231,7.23100000e+03,-4,-0.083333
7232,7.23200000e+03,-4,-0.083333
7233,7.23300000e+03,-4,-0.083333
7234,7.23400000e+03,-4,-0.083333
7235,7.23500000e+03,-5,-0.104167
7236,7.23600000e+03,-5,-0.104167
7237,7.23700000e+03,-5,-0.104167
7238,7.23800000e+03,-5,-0.104167
7239,7.23900000e+03,-5,-0.104167
7240,7.24000000e+03,-4,-0.083333
7241,7.24100000e+03,-4,-0.083333
7242,7.24200000e+03,-4,-0.083333
7243,7.24300000e+03,-4,-0.083333
7244,7.24400000e+03,-4,-0.083333
7245,7.24500000e+03,-9,-0.187500
7246,7.24600000e+03,-9,-0.187500
7247,7.24700000e+03,-9,-0.187500
7248,7.24800000e+03,-9,-0.187500
7249,7.24900000e+03,-9,-0.187500
7250,7.25000000e+03,-7,-0.145833
7251,7.25100000e+03,-7,-0.145833
7252,7.25200000e+03,-7,-0.145833
7253,7.25300000e+03,-7,-0.145833
7254,7.25400000e+03,-7,-0.145833
7255,7.25500000e+03,-7,-0.145833
7256,7.25600000e+03,-7,-0.145833
7257,7.25700000e+03,-7,-0.145833
7258,7.25800000e+03,-7,-0.145833
7259,7.25900000e+03,-7,-0.145833
7260,7.26000000e+03,-11,-0.229167
7261,7.26100000e+03,-11,-0.229167
7262,7.26200000e+03,-11,-0.229167
7263,7.26300000e+03,-11,-0.229167
7264,7.26400000e+03,-11,-0.229167
7265,7.26500000e+03,-7,-0.145833
7266,7.26600000e+03,-7,-0.145833
7267,7.26700000e+03,-7,-0.145833
7268,7.26800000e+03,-7,-0.145833
7269,7.26900000e+03,-7,-0.145833
7270,7.27000000e+03,-8,-0.166667
7271,7.27100000e+03,-8,-0.166667
7272,7.27200000e+03,-8,-0.166667
7273,7.27300000e+03,-8,-0.166667
7274,7.27400000e+03,-8,-0.166667
7275,7.27500000e+03,-12,-0.250000
7276,7.27600000e+03,-12,-0.250000
7277,7.27700000e+03,-12,-0.250000
7278,7.27800000e+03,-12,-0.250000
7279,7.27900000e+03,-12,-0.250000
7280,7.28000000e+03,-10,-0.208333
7281,7.28100000e+03,-10,-0.208333
7282,7.28200000e+03,-10,-0.208333
7283,7.28300000e+03,-10,-0.208333
7284,7.28400000e+03,-10,-0.208333
7285,7.28500000e+03,-12,-0.250000
7286,7.28600000e+03,-12,-0.250000
7287,7.28700000e+03,-12,-0.250000
7288,7.28800000e+03,-12,-0.250000
7289,7.28900000e+03,-12,-0.250000
7290,7.29000000e+03,-15,-0.312500
7291,7.29100000e+03,-15,-0.312500
7292,7.29200000e+03,-15,-0.312500
7293,7.29300000e+03,-15,-0.312500
7294,7.29400000e+03,-15,-0.312500
7295,7.29500000e+03,-11,-0.229167
7296,7.29600000e+03,-11,-0.229167
7297,7.29700000e+03,-11,-0.229167
7298,7.29800000e+03,-11,-0.229167
7299,7.29900000e+03,-11,-0.229167
7300,7.30000000e+03,-12,-0.250000
7301,7.30100000e+03,-12,-0.250000
7302,7.30200000e+03,-12,-0.250000
7303,7.30300000e+03,-12,-0.250000
7304,7.30400000e+03,-12,-0.250000
7305,7.30500000e+03,-9,-0.187500
7306,7.30600000e+03,-9,-0.187500
7307,7.30700000e+03,-9,-0.187500
7308,7.30800000e+03,-9,-0.187500
7309,7.30900000e+03,-9,-0.187500
7310,7.31000000e+03,-13,-0.270833
7311,7.31100000e+03,-13,-0.270833
7312,7.31200000e+03,-13,-0.270833
7313,7.31300000e+03,-13,-0.270833
7314,7.31400000e+03,-13,-0.270833
7315,7.31500000e+03,-11,-0.229167
7316,7.31600000e+03,-11,-0.229167
7317,7.31700000e+03,-11,-0.229167
7318,7.31800000e+03,-11,-0.229167
7319,7.31900000e+03,-11,-0.229167
7320,7.32000000e+03,-12,-0.250000
7321,7.32100000e+03,-12,-0.250000
7322,7.32200000e+03,-12,-0.250000
7323,7.32300000e+03,-12,-0.250000
7324,7.32400000e+03,-12,-0.250000
7325,7.32500000e+03,-12,-0.250000
7326,7.32600000e+03,-12,-0.250000
7327,7.32700000e+03,-12,-0.250000
7328,7.32800000e+03,-12,-0.250000
7329,7.32900000e+03,-12,-0.250000
7330,7.33000000e+03,-12,-0.250000
7331,7.33100000e+03,-12,-0.250000
7332,7.33200000e+03,-12,-0.250000
7333,7.33300000e+03,-12,-0.250000
7334,7.33400000e+03,-12,-0.250000
7335,7.33500000e+03,-11,-0.229167
7336,7.33600000e+03,-11,-0.229167
7337,7.33700000e+03,-11,-0.229167
7338,7.33800000e+03,-11,-0.229167
7339,7.33900000e+03,-11,-0.229167
7340,7.34000000e+03,-12,-0.250000
7341,7.34100000e+03,-12,-0.250000
7342,7.34200000e+03,-12,-0.250000
7343,7.34300000e+03,-12,-0.250000
7344,7.34400000e+03,-12,-0.250000
7345,7.34500000e+03,-10,-0.208333
7346,7.34600000e+03,-10,-0.208333
7347,7.34700000e+03,-10,-0.208333
7348,7.34800000e+03,-10,-0.208333
7349,7.34900000e+03,-10,-0.208333
7350,7.35000000e+03,-12,-0.250000
7351,7.35100000e+03,-12,-0.250000
7352,7.35200000e+03,-12,-0.250000
7353,7.35300000e+03,-12,-0.250000
7354,7.35400000e+03,-12,-0.250000
7355,7.35500000e+03,-11,-0.229167
7356,7.35600000e+03,-11,-0.229167
7357,7.35700000e+03,-11,-0.229167
7358,7.35800000e+03,-11,-0.229167
7359,7.35900000e+03,-11,-0.229167
7360,7.36000000e+03,-11,-0.229167
7361,7.36100000e+03,-11,-0.229167
7362,7.36200000e+03,-11,-0.229167
7363,7.36300000e+03,-11,-0.229167
7364,7.36400000e+03,-11,-0.229167
7365,7.36500000e+03,-12,-0.250000
7366,7.36600000e+03,-12,-0.250000
7367,7.36700000e+03,-12,-0.250000
7368,7.36800000e+03,-12,-0.250000
7369,7.36900000e+03,-12,-0.250000
7370,7.37000000e+03,-13,-0.270833
7371,7.37100000e+03,-13,-0.270833
7372,7.37200000e+03,-13,-0.270833
7373,7.37300000e+03,-13,-0.270833
7374,7.37400000e+03,-13,-0.270833
7375,7.37500000e+03,-15,-0.312500
7376,7.37600000e+03,-15,-0.312500
7377,7.37700000e+03,-15,-0.312500
7378,7.37800000e+03,-15,-0.312500
7379,7.37900000e+03,-15,-0.312500
7380,7.38000000e+03,-10,-0.208333
7381,7.38100000e+03,-10,-0.208333
7382,7.38200000e+03,-10,-0.208333
7383,7.38300000e+03,-10,-0.208333
7384,7.38400000e+03,-10,-0.208333
7385,7.38500000e+03,-13,-0.270833
7386,7.38600000e+03,-13,-0.270833
7387,7.38700000e+03,-13,-0.270833
7388,7.38800000e+03,-13,-0.270833
7389,7.38900000e+03,-13,-0.270833
7390,7.39000000e+03,-15,-0.312500
7391,7.39100000e+03,-15,-0.312500
7392,7.39200000e+03,-15,-0.312500
7393,7.39300000e+03,-15,-0.312500
7394,7.39400000e+03,-15,-0.312500
7395,7.39500000e+03,-14,-0.291667
7396,7.39600000e+03,-14,-0.291667
7397,7.39700000e+03,-14,-0.291667
7398,7.39800000e+03,-14,-0.291667
7399,7.39900000e+03,-14,-0.291667
7400,7.40000000e+03,-16,-0.333333
7401,7.40100000e+03,-16,-0.333333
7402,7.40200000e+03,-16,-0.333333
7403,7.40300000e+03,-16,-0.333333
7404,7.40400000e+03,-16,-0.333333
7405,7.40500000e+03,-14,-0.291667
7406,7.40600000e+03,-14,-0.291667
7407,7.40700000e+03,-14,-0.291667
7408,7.40800000e+03,-14,-0.291667
7409,7.40900000e+03,-14,-0.291667
7410,7.41000000e+03,-16,-0.333333
7411,7.41100000e+03,-16,-0.333333
7412,7.41200000e+03,-16,-0.333333
7413,7.41300000e+03,-16,-0.333333
7414,7.41400000e+03,-16,-0.333333
7415,7.41500000e+03,-14,-0.291667
7416,7.41600000e+03,-14,-0.291667
7417,7.41700000e+03,-14,-0.291667
7418,7.41800000e+03,-14,-0.291667
7419,7.41900000e+03,-14,-0.291667
7420,7.42000000e+03,-17,-0.354167
7421,7.42100000e+03,-17,-0.354167
7422,7.42200000e+03,-17,-0.354167
7423,7.42300000e+03,-17,-0.354167
7424,7.42400000e+03,-17,-0.354167
7425,7.42500000e+03,-18,-0.375000
7426,7.42600000e+03,-18,-0.375000
7427,7.42700000e+03,-18,-0.375000
7428,7.42800000e+03,-18,-0.375000
7429,7.42900000e+03,-18,-0.375000
7430,7.43000000e+03,-16,-0.333333
7431,7.43100000e+03,-16,-0.333333
7432,7.43200000e+03,-16,-0.333333
7433,7.43300000e+03,-16,-0.333333
7434,7.43400000e+03,-16,-0.333333
7435,7.43500000e+03,-15,-0.312500
7436,7.43600000e+03,-15,-0.312500
7437,7.43700000e+03,-15,-0.312500
7438,7.43800000e+03,-15,-0.312500
7439,7.43900000e+03,-15,-0.312500
7440,7.44000000e+03,-19,-0.395833
7441,7.44100000e+03,-19,-0.395833
7442,7.44200000e+03,-19,-0.395833
7443,7.44300000e+03,-19,-0.395833
7444,7.44400000e+03,-19,-0.395833
7445,7.44500000e+03,-16,-0.333333
7446,7.44600000e+03,-16,-0.333333
7447,7.44700000e+03,-16,-0.333333
7448,7.44800000e+03,-16,-0.333333
7449,7.44900000e+03,-16,-0.333333
7450,7.45000000e+03,-17,-0.354167
7451,7.45100000e+03,-17,-0.354167
7452,7.45200000e+03,-17,-0.354167
7453,7.45300000e+03,-17,-0.354167
7454,7.45400000e+03,-17,-0.354167
7455,7.45500000e+03,-14,-0.291667
7456,7.45600000e+03,-14,-0.291667
7457,7.45700000e+03,-14,-0.291667
7458,7.45800000e+03,-14,-0.291667
7459,7.45900000e+03,-14,-0.291667
7460,7.46000000e+03,-15,-0.312500
7461,7.46100000e+03,-15,-0.312500
7462,7.46200000e+03,-15,-0.312500
7463,7.46300000e+03,-15,-0.312500
7464,7.46400000e+03,-15,-0.312500
7465,7.46500000e+03,-18,-0.375000
7466,7.46600000e+03,-18,-0.375000
7467,7.46700000e+03,-18,-0.375000
7468,7.46800000e+03,-18,-0.375000
7469,7.46900000e+03,-18,-0.375000
7470,7.47000000e+03,-12,-0.250000
7471,7.47100000e+03,-12,-0.250000
7472,7.47200000e+03,-12,-0.250000
7473,7.47300000e+03,-12,-0.250000
7474,7.47400000e+03,-12,-0.250000
7475,7.47500000e+03,-16,-0.333333
7476,7.47600000e+03,-16,-0.333333
7477,7.47700000e+03,-16,-0.333333
7478,7.47800000e+03,-16,-0.333333
7479,7.47900000e+03,-16,-0.333333
7480,7.48000000e+03,-15,-0.312500
7481,7.48100000e+03,-15,-0.312500
7482,7.48200000e+03,-15,-0.312500
7483,7.48300000e+03,-15,-0.312500
7484,7.48400000e+03,-15,-0.312500
7485,7.48500000e+03,-17,-0.354167
7486,7.48600000e+03,-17,-0.354167
7487,7.48700000e+03,-17,-0.354167
7488,7.48800000e+03,-17,-0.354167
7489,7.48900000e+03,-17,-0.354167
7490,7.49000000e+03,-15,-0.312500
7491,7.49100000e+03,-15,-0.312500
7492,7.49200000e+03,-15,-0.312500
7493,7.49300000e+03,-15,-0.312500
7494,7.49400000e+03,-15,-0.312500
7495,7.49500000e+03,-11,-0.229167
7496,7.49600000e+03,-11,-0.229167
7497,7.49700000e+03,-11,-0.229167
7498,7.49800000e+03,-11,-0.229167
7499,7.49900000e+03,-11,-0.229167
7500,7.50000000e+03,-15,-0.312500
7501,7.50100000e+03,-15,-0.312500
7502,7.50200000e+03,-15,-0.312500
7503,7.50300000e+03,-15,-0.312500
7504,7.50400000e+03,-15,-0.312500
7505,7.50500000e+03,-15,-0.312500
7506,7.50600000e+03,-15,-0.312500
7507,7.50700000e+03,-15,-0.312500
7508,7.50800000e+03,-15,-0.312500
7509,7.50900000e+03,-15,-0.312500
7510,7.51000000e+03,-13,-0.270833
7511,7.51100000e+03,-13,-0.270833
7512,7.51200000e+03,-13,-0.270833
7513,7.51300000e+03,-13,-0.270833
7514,7.51400000e+03,-13,-0.270833
7515,7.51500000e+03,-13,-0.270833
7516,7.51600000e+03,-13,-0.270833
7517,7.51700000e+03,-13,-0.270833
7518,7.51800000e+03,-13,-0.270833
7519,7.51900000e+03,-13,-0.270833
7520,7.52000000e+03,-15,-0.312500
7521,7.52100000e+03,-15,-0.312500
7522,7.52200000e+03,-15,-0.312500
7523,7.52300000e+03,-15,-0.312500
7524,7.52400000e+03,-15,-0.312500
7525,7.52500000e+03,-15,-0.312500
7526,7.52600000e+03,-15,-0.312500
7527,7.52700000e+03,-15,-0.312500
7528,7.52800000e+03,-15,-0.312500
7529,7.52900000e+03,-15,-0.312500
7530,7.53000000e+03,-15,-0.312500
7531,7.53100000e+03,-15,-0.312500
7532,7.53200000e+03,-15,-0.312500
7533,7.53300000e+03,-15,-0.312500
7534,7.53400000e+03,-15,-0.312500
7535,7.53500000e+03,-13,-0.270833
7536,7.53600000e+03,-13,-0.270833
7537,7.53700000e+03,-13,-0.270833
7538,7.53800000e+03,-13,-0.270833
7539,7.53900000e+03,-13,-0.270833
7540,7.54000000e+03,-15,-0.312500
7541,7.54100000e+03,-15,-0.312500
7542,7.54200000e+03,-15,-0.312500
7543,7.54300000e+03,-15,-0.312500
7544,7.54400000e+03,-15,-0.312500
7545,7.54500000e+03,-15,-0.312500
7546,7.54600000e+03,-15,-0.312500
7547,7.54700000e+03,-15,-0.312500
7548,7.54800000e+03,-15,-0.312500
7549,7.54900000e+03,-15,-0.312500
7550,7.55000000e+03,-15,-0.312500
7551,7.55100000e+03,-15,-0.312500
7552,7.55200000e+03,-15,-0.312500
7553,7.55300000e+03,-15,-0.312500
7554,7.55400000e+03,-15,-0.312500
7555,7.55500000e+03,-16,-0.333333
7556,7.55600000e+03,-16,-0.333333
7557,7.55700000e+03,-16,-0.333333
7558,7.55800000e+03,-16,-0.333333
7559,7.55900000e+03,-16,-0.333333
7560,7.56000000e+03,-17,-0.354167
7561,7.56100000e+03,-17,-0.354167
7562,7.56200000e+03,-17,-0.354167
7563,7.56300000e+03,-17,-0.354167
7564,7.56400000e+03,-17,-0.354167
7565,7.56500000e+03,-18,-0.375000
7566,7.56600000e+03,-18,-0.375000
7567,7.56700000e+03,-18,-0.375000
7568,7.56800000e+03,-18,-0.375000
7569,7.56900000e+03,-18,-0.375000
7570,7.57000000e+03,-13,-0.270833
7571,7.57100000e+03,-13,-0.270833
7572,7.57200000e+03,-13,-0.270833
7573,7.57300000e+03,-13,-0.270833
7574,7.57400000e+03,-13,-0.270833
7575,7.57500000e+03,-17,-0.354167
7576,7.57600000e+03,-17,-0.354167
7577,7.57700000e+03,-17,-0.354167
7578,7.57800000e+03,-17,-0.354167
7579,7.57900000e+03,-17,-0.354167
7580,7.58000000e+03,-15,-0.312500
7581,7.58100000e+03,-15,-0.312500
7582,7.58200000e+03,-15,-0.312500
7583,7.58300000e+03,-15,-0.312500
7584,7.58400000e+03,-15,-0.312500
7585,7.58500000e+03,-16,-0.333333
7586,7.58600000e+03,-16,-0.333333
7587,7.58700000e+03,-16,-0.333333
7588,7.58800000e+03,-16,-0.333333
7589,7.58900000e+03,-16,-0.333333
7590,7.59000000e+03,-17,-0.354167
7591,7.59100000e+03,-17,-0.354167
7592,7.59200000e+03,-17,-0.354167
7593,7.59300000e+03,-17,-0.354167
7594,7.59400000e+03,-17,-0.354167
7595,7.59500000e+03,-18,-0.375000
7596,7.59600000e+03,-18,-0.375000
7597,7.59700000e+03,-18,-0.375000
7598,7.59800000e+03,-18,-0.375000
7599,7.59900000e+03,-18,-0.375000
7600,7.60000000e+03,-19,-0.395833
7601,7.60100000e+03,-19,-0.395833
7602,7.60200000e+03,-19,-0.395833
7603,7.60300000e+03,-19,-0.395833
7604,7.60400000e+03,-19,-0.395833
7605,7.60500000e+03,-19,-0.395833
7606,7.60600000e+03,-19,-0.395833
7607,7.60700000e+03,-19,-0.395833
7608,7.60800000e+03,-19,-0.395833
7609,7.60900000e+03,-19,-0.395833
7610,7.61000000e+03,-18,-0.375000
7611,7.61100000e+03,-18,-0.375000
7612,7.61200000e+03,-18,-0.375000
7613,7.61300000e+03,-18,-0.375000
7614,7.61400000e+03,-18,-0.375000
7615,7.61500000e+03,-20,-0.416667
7616,7.61600000e+03,-20,-0.416667
7617,7.61700000e+03,-20,-0.416667
7618,7.61800000e+03,-20,-0.416667
7619,7.61900000e+03,-20,-0.416667
7620,7.62000000e+03,-20,-0.416667
7621,7.62100000e+03,-20,-0.416667
7622,7.62200000e+03,-20,-0.416667
7623,7.62300000e+03,-20,-0.416667
7624,7.62400000e+03,-20,-0.416667
7625,7.62500000e+03,-19,-0.395833
7626,7.62600000e+03,-19,-0.395833
7627,7.62700000e+03,-19,-0.395833
7628,7.62800000e+03,-19,-0.395833
7629,7.62900000e+03,-19,-0.395833
7630,7.63000000e+03,-21,-0.437500
7631,7.63100000e+03,-21,-0.437500
7632,7.63200000e+03,-21,-0.437500
7633,7.63300000e+03,-21,-0.437500
7634,7.63400000e+03,-21,-0.437500
7635,7.63500000e+03,-19,-0.395833
7636,7.63600000e+03,-19,-0.395833
7637,7.63700000e+03,-19,-0.395833
7638,7.63800000e+03,-19,-0.395833
7639,7.63900000e+03,-19,-0.395833
7640,7.64000000e+03,-21,-0.437500
7641,7.64100000e+03,-21,-0.437500
7642,7.64200000e+03,-21,-0.437500
7643,7.64300000e+03,-21,-0.437500
7644,7.64400000e+03,-21,-0.437500
7645,7.64500000e+03,-14,-0.291667
7646,7.64600000e+03,-14,-0.291667
7647,7.64700000e+03,-14,-0.291667
7648,7.64800000e+03,-14,-0.291667
7649,7.64900000e+03,-14,-0.291667
7650,7.65000000e+03,-19,-0.395833
7651,7.65100000e+03,-19,-0.395833
7652,7.65200000e+03,-19,-0.395833
7653,7.65300000e+03,-19,-0.395833
7654,7.65400000e+03,-19,-0.395833
7655,7.65500000e+03,-17,-0.354167
7656,7.65600000e+03,-17,-0.354167
7657,7.65700000e+03,-17,-0.354167
7658,7.65800000e+03,-17,-0.354167
7659,7.65900000e+03,-17,-0.354167
7660,7.66000000e+03,-17,-0.354167
7661,7.66100000e+03,-17,-0.354167
7662,7.66200000e+03,-17,-0.354167
7663,7.66300000e+03,-17,-0.354167
7664,7.66400000e+03,-17,-0.354167
7665,7.66500000e+03,-21,-0.437500
7666,7.66600000e+03,-21,-0.437500
7667,7.66700000e+03,-21,-0.437500
7668,7.66800000e+03,-21,-0.437500
7669,7.66900000e+03,-21,-0.437500
7670,7.67000000e+03,-20,-0.416667
7671,7.67100000e+03,-20,-0.416667
7672,7.67200000e+03,-20,-0.416667
7673,7.67300000e+03,-20,-0.416667
7674,7.67400000e+03,-20,-0.416667
7675,7.67500000e+03,-20,-0.416667
7676,7.67600000e+03,-20,-0.416667
7677,7.67700000e+03,-20,-0.416667
7678,7.67800000e+03,-20,-0.416667
7679,7.67900000e+03,-20,-0.416667
7680,7.68000000e+03,-19,-0.395833
7681,7.68100000e+03,-19,-0.395833
7682,7.68200000e+03,-19,-0.395833
7683,7.68300000e+03,-19,-0.395833
7684,7.68400000e+03,-19,-0.395833
7685,7.68500000e+03,-16,-0.333333
7686,7.68600000e+03,-16,-0.333333
7687,7.68700000e+03,-16,-0.333333
7688,7.68800000e+03,-16,-0.333333
7689,7.68900000e+03,-16,-0.333333
7690,7.69000000e+03,-19,-0.395833
7691,7.69100000e+03,-19,-0.395833
7692,7.69200000e+03,-19,-0.395833
7693,7.69300000e+03,-19,-0.395833
7694,7.69400000e+03,-19,-0.395833
7695,7.69500000e+03,-18,-0.375000
7696,7.69600000e+03,-18,-0.375000
7697,7.69700000e+03,-18,-0.375000
7698,7.69800000e+03,-18,-0.375000
7699,7.69900000e+03,-18,-0.375000
7700,7.70000000e+03,-19,-0.395833
7701,7.70100000e+03,-19,-0.395833
7702,7.70200000e+03,-19,-0.395833
7703,7.70300000e+03,-19,-0.395833
7704,7.70400000e+03,-19,-0.395833
7705,7.70500000e+03,-19,-0.395833
7706,7.70600000e+03,-19,-0.395833
7707,7.70700000e+03,-19,-0.395833
7708,7.70800000e+03,-19,-0.395833
7709,7.70900000e+03,-19,-0.395833
7710,7.71000000e+03,-19,-0.395833
7711,7.71100000e+03,-19,-0.395833
7712,7.71200000e+03,-19,-0.395833
7713,7.71300000e+03,-19,-0.395833
7714,7.71400000e+03,-19,-0.395833
7715,7.71500000e+03,-17,-0.354167
7716,7.71600000e+03,-17,-0.354167
7717,7.71700000e+03,-17,-0.354167
7718,7.71800000e+03,-17,-0.354167
7719,7.71900000e+03,-17,-0.354167
7720,7.72000000e+03,-17,-0.354167
7721,7.72100000e+03,-17,-0.354167
7722,7.72200000e+03,-17,-0.354167
7723,7.72300000e+03,-17,-0.354167
7724,7.72400000e+03,-17,-0.354167
7725,7.72500000e+03,-21,-0.437500
7726,7.72600000e+03,-21,-0.437500
7727,7.72700000e+03,-21,-0.437500
7728,7.72800000e+03,-21,-0.437500
7729,7.72900000e+03,-21,-0.437500
7730,7.73000000e+03,-17,-0.354167
7731,7.73100000e+03,-17,-0.354167
7732,7.73200000e+03,-17,-0.354167
7733,7.73300000e+03,-17,-0.354167
7734,7.73400000e+03,-17,-0.354167
7735,7.73500000e+03,-17,-0.354167
7736,7.73600000e+03,-17,-0.354167
7737,7.73700000e+03,-17,-0.354167
7738,7.73800000e+03,-17,-0.354167
7739,7.73900000e+03,-17,-0.354167
7740,7.74000000e+03,-15,-0.312500
7741,7.74100000e+03,-15,-0.312500
7742,7.74200000e+03,-15,-0.312500
7743,7.74300000e+03,-15,-0.312500
7744,7.74400000e+03,-15,-0.312500
7745,7.74500000e+03,-17,-0.354167
7746,7.74600000e+03,-17,-0.354167
7747,7.74700000e+03,-17,-0.354167
7748,7.74800000e+03,-17,-0.354167
7749,7.74900000e+03,-17,-0.354167
7750,7.75000000e+03,-17,-0.354167
7751,7.75100000e+03,-17,-0.354167
7752,7.75200000e+03,-17,-0.354167
7753,7.75300000e+03,-17,-0.354167
7754,7.75400000e+03,-17,-0.354167
7755,7.75500000e+03,-17,-0.354167
7756,7.75600000e+03,-17,-0.354167
7757,7.75700000e+03,-17,-0.354167
7758,7.75800000e+03,-17,-0.354167
7759,7.75900000e+03,-17,-0.354167
7760,7.76000000e+03,-17,-0.354167
7761,7.76100000e+03,-17,-0.354167
7762,7.76200000e+03,-17,-0.354167
7763,7.76300000e+03,-17,-0.354167
7764,7.76400000e+03,-17,-0.354167
7765,7.76500000e+03,-17,-0.354167
7766,7.76600000e+03,-17,-0.354167
7767,7.76700000e+03,-17,-0.354167
7768,7.76800000e+03,-17,-0.354167
7769,7.76900000e+03,-17,-0.354167
7770,7.77000000e+03,-16,-0.333333
7771,7.77100000e+03,-16,-0.333333
7772,7.77200000e+03,-16,-0.333333
7773,7.77300000e+03,-16,-0.333333
7774,7.77400000e+03,-16,-0.333333
7775,7.77500000e+03,-20,-0.416667
7776,7.77600000e+03,-20,-0.416667
7777,7.77700000e+03,-20,-0.416667
7778,7.77800000e+03,-20,-0.416667
7779,7.77900000e+03,-20,-0.416667
7780,7.78000000e+03,-20,-0.416667
7781,7.78100000e+03,-20,-0.416667
7782,7.78200000e+03,-20,-0.416667
7783,7.78300000e+03,-20,-0.416667
7784,7.78400000e+03,-20,-0.416667
7785,7.78500000e+03,-16,-0.333333
7786,7.78600000e+03,-16,-0.333333
7787,7.78700000e+03,-16,-0.333333
7788,7.78800000e+03,-16,-0.333333
7789,7.78900000e+03,-16,-0.333333
7790,7.79000000e+03,-19,-0.395833
7791,7.79100000e+03,-19,-0.395833
7792,7.79200000e+03,-19,-0.395833
7793,7.79300000e+03,-19,-0.395833
7794,7.79400000e+03,-19,-0.395833
7795,7.79500000e+03,-17,-0.354167
7796,7.79600000e+03,-17,-0.354167
7797,7.79700000e+03,-17,-0.354167
7798,7.79800000e+03,-17,-0.354167
7799,7.79900000e+03,-17,-0.354167
7800,7.80000000e+03,-19,-0.395833
7801,7.80100000e+03,-19,-0.395833
7802,7.80200000e+03,-19,-0.395833
7803,7.80300000e+03,-19,-0.395833
7804,7.80400000e+03,-19,-0.395833
7805,7.80500000e+03,-17,-0.354167
7806,7.80600000e+03,-17,-0.354167
7807,7.80700000e+03,-17,-0.354167
7808,7.80800000e+03,-17,-0.354167
7809,7.80900000e+03,-17,-0.354167
7810,7.81000000e+03,-15,-0.312500
7811,7.81100000e+03,-15,-0.312500
7812,7.81200000e+03,-15,-0.312500
7813,7.81300000e+03,-15,-0.312500
7814,7.81400000e+03,-15,-0.312500
7815,7.81500000e+03,-19,-0.395833
7816,7.81600000e+03,-19,-0.395833
7817,7.81700000e+03,-19,-0.395833
7818,7.81800000e+03,-19,-0.395833
7819,7.81900000e+03,-19,-0.395833
7820,7.82000000e+03,-20,-0.416667
7821,7.82100000e+03,-20,-0.416667
7822,7.82200000e+03,-20,-0.416667
7823,7.82300000e+03,-20,-0.416667
7824,7.82400000e+03,-20,-0.416667
7825,7.82500000e+03,-16,-0.333333
7826,7.82600000e+03,-16,-0.333333
7827,7.82700000e+03,-16,-0.333333
7828,7.82800000e+03,-16,-0.333333
7829,7.82900000e+03,-16,-0.333333
7830,7.83000000e+03,-19,-0.395833
7831,7.83100000e+03,-19,-0.395833
7832,7.83200000e+03,-19,-0.395833
7833,7.83300000e+03,-19,-0.395833
7834,7.83400000e+03,-19,-0.395833
7835,7.83500000e+03,-20,-0.416667
7836,7.83600000e+03,-20,-0.416667
7837,7.83700000e+03,-20,-0.416667
7838,7.83800000e+03,-20,-0.416667
7839,7.83900000e+03,-20,-0.416667
7840,7.84000000e+03,-17,-0.354167
7841,7.84100000e+03,-17,-0.354167
7842,7.84200000e+03,-17,-0.354167
7843,7.84300000e+03,-17,-0.354167
7844,7.84400000e+03,-17,-0.354167
7845,7.84500000e+03,-21,-0.437500
7846,7.84600000e+03,-21,-0.437500
7847,7.84700000e+03,-21,-0.437500
7848,7.84800000e+03,-21,-0.437500
7849,7.84900000e+03,-21,-0.437500
7850,7.85000000e+03,-18,-0.375000
7851,7.85100000e+03,-18,-0.375000
7852,7.85200000e+03,-18,-0.375000
7853,7.85300000e+03,-18,-0.375000
7854,7.85400000e+03,-18,-0.375000
7855,7.85500000e+03,-18,-0.375000
7856,7.85600000e+03,-18,-0.375000
7857,7.85700000e+03,-18,-0.375000
7858,7.85800000e+03,-18,-0.375000
7859,7.85900000e+03,-18,-0.375000
7860,7.86000000e+03,-21,-0.437500
7861,7.86100000e+03,-21,-0.437500
7862,7.86200000e+03,-21,-0.437500
7863,7.86300000e+03,-21,-0.437500
7864,7.86400000e+03,-21,-0.437500
7865,7.86500000e+03,-19,-0.395833
7866,7.86600000e+03,-19,-0.395833
7867,7.86700000e+03,-19,-0.395833
7868,7.86800000e+03,-19,-0.395833
7869,7.86900000e+03,-19,-0.395833
7870,7.87000000e+03,-20,-0.416667
7871,7.87100000e+03,-20,-0.416667
7872,7.87200000e+03,-20,-0.416667
7873,7.87300000e+03,-20,-0.416667
7874,7.87400000e+03,-20,-0.416667
7875,7.87500000e+03,-17,-0.354167
7876,7.87600000e+03,-17,-0.354167
7877,7.87700000e+03,-17,-0.354167
7878,7.87800000e+03,-17,-0.354167
7879,7.87900000e+03,-17,-0.354167
7880,7.88000000e+03,-19,-0.395833
7881,7.88100000e+03,-19,-0.395833
7882,7.88200000e+03,-19,-0.395833
7883,7.88300000e+03,-19,-0.395833
7884,7.88400000e+03,-19,-0.395833
7885,7.88500000e+03,-20,-0.416667
7886,7.88600000e+03,-20,-0.416667
7887,7.88700000e+03,-20,-0.416667
7888,7.88800000e+03,-20,-0.416667
7889,7.88900000e+03,-20,-0.416667
7890,7.89000000e+03,-19,-0.395833
7891,7.89100000e+03,-19,-0.395833
7892,7.89200000e+03,-19,-0.395833
7893,7.89300000e+03,-19,-0.395833
7894,7.89400000e+03,-19,-0.395833
7895,7.89500000e+03,-20,-0.416667
7896,7.89600000e+03,-20,-0.416667
7897,7.89700000e+03,-20,-0.416667
7898,7.89800000e+03,-20,-0.416667
7899,7.89900000e+03,-20,-0.416667
7900,7.90000000e+03,-16,-0.333333
7901,7.90100000e+03,-16,-0.333333
7902,7.90200000e+03,-16,-0.333333
7903,7.90300000e+03,-16,-0.333333
7904,7.90400000e+03,-16,-0.333333
7905,7.90500000e+03,-20,-0.416667
7906,7.90600000e+03,-20,-0.416667
7907,7.90700000e+03,-20,-0.416667
7908,7.90800000e+03,-20,-0.416667
7909,7.90900000e+03,-20,-0.416667
7910,7.91000000e+03,-19,-0.395833
7911,7.91100000e+03,-19,-0.395833
7912,7.91200000e+03,-19,-0.395833
7913,7.91300000e+03,-19,-0.395833
7914,7.91400000e+03,-19,-0.395833
7915,7.91500000e+03,-21,-0.437500
7916,7.91600000e+03,-21,-0.437500
7917,7.91700000e+03,-21,-0.437500
7918,7.91800000e+03,-21,-0.437500
7919,7.91900000e+03,-21,-0.437500
7920,7.92000000e+03,-20,-0.416667
7921,7.92100000e+03,-20,-0.416667
7922,7.92200000e+03,-20,-0.416667
7923,7.92300000e+03,-20,-0.416667
7924,7.92400000e+03,-20,-0.416667
7925,7.92500000e+03,-19,-0.395833
7926,7.92600000e+03,-19,-0.395833
7927,7.92700000e+03,-19,-0.395833
7928,7.92800000e+03,-19,-0.395833
7929,7.92900000e+03,-19,-0.395833
7930,7.93000000e+03,-22,-0.458333
7931,7.93100000e+03,-22,-0.458333
7932,7.93200000e+03,-22,-0.458333
7933,7.93300000e+03,-22,-0.458333
7934,7.93400000e+03,-22,-0.458333
7935,7.93500000e+03,-20,-0.416667
7936,7.93600000e+03,-20,-0.416667
7937,7.93700000e+03,-20,-0.416667
7938,7.93800000e+03,-20,-0.416667
7939,7.93900000e+03,-20,-0.416667
7940,7.94000000e+03,-17,-0.354167
7941,7.94100000e+03,-17,-0.354167
7942,7.94200000e+03,-17,-0.354167
7943,7.94300000e+03,-17,-0.354167
7944,7.94400000e+03,-17,-0.354167
7945,7.94500000e+03,-20,-0.416667
7946,7.94600000e+03,-20,-0.416667
7947,7.94700000e+03,-20,-0.416667
7948,7.94800000e+03,-20,-0.416667
7949,7.94900000e+03,-20,-0.416667
7950,7.95000000e+03,-22,-0.458333
7951,7.95100000e+03,-22,-0.458333
7952,7.95200000e+03,-22,-0.458333
7953,7.95300000e+03,-22,-0.458333
7954,7.95400000e+03,-22,-0.458333
7955,7.95500000e+03,-22,-0.458333
7956,7.95600000e+03,-22,-0.458333
7957,7.95700000e+03,-22,-0.458333
7958,7.95800000e+03,-22,-0.458333
7959,7.95900000e+03,-22,-0.458333
7960,7.96000000e+03,-20,-0.416667
7961,7.96100000e+03,-20,-0.416667
7962,7.96200000e+03,-20,-0.416667
7963,7.96300000e+03,-20,-0.416667
7964,7.96400000e+03,-20,-0.416667
7965,7.96500000e+03,-18,-0.375000
7966,7.96600000e+03,-18,-0.375000
7967,7.96700000e+03,-18,-0.375000
7968,7.96800000e+03,-18,-0.375000
7969,7.96900000e+03,-18,-0.375000
7970,7.97000000e+03,-22,-0.458333
7971,7.97100000e+03,-22,-0.458333
7972,7.97200000e+03,-22,-0.458333
7973,7.97300000e+03,-22,-0.458333
7974,7.97400000e+03,-22,-0.458333
7975,7.97500000e+03,-21,-0.437500
7976,7.97600000e+03,-21,-0.437500
7977,7.97700000e+03,-21,-0.437500
7978,7.97800000e+03,-21,-0.437500
7979,7.97900000e+03,-21,-0.437500
7980,7.98000000e+03,-19,-0.395833
7981,7.98100000e+03,-19,-0.395833
7982,7.98200000e+03,-19,-0.395833
7983,7.98300000e+03,-19,-0.395833
7984,7.98400000e+03,-19,-0.395833
7985,7.98500000e+03,-21,-0.437500
7986,7.98600000e+03,-21,-0.437500
7987,7.98700000e+03,-21,-0.437500
7988,7.98800000e+03,-21,-0.437500
7989,7.98900000e+03,-21,-0.437500
7990,7.99000000e+03,-20,-0.416667
7991,7.99100000e+03,-20,-0.416667
7992,7.99200000e+03,-20,-0.416667
7993,7.99300000e+03,-20,-0.416667
7994,7.99400000e+03,-20,-0.416667
7995,7.99500000e+03,-17,-0.354167
7996,7.99600000e+03,-17,-0.354167
7997,7.99700000e+03,-17,-0.354167
7998,7.99800000e+03,-17,-0.354167
7999,7.99900000e+03,-17,-0.354167
8000,8.00000000e+03,-19,-0.395833
8001,8.00100000e+03,-19,-0.395833
8002,8.00200000e+03,-19,-0.395833
8003,8.00300000e+03,-19,-0.395833
8004,8.00400000e+03,-19,-0.395833
8005,8.00500000e+03,-18,-0.375000
8006,8.00600000e+03,-18,-0.375000
8007,8.00700000e+03,-18,-0.375000
8008,8.00800000e+03,-18,-0.375000
8009,8.00900000e+03,-18,-0.375000
8010,8.01000000e+03,-21,-0.437500
8011,8.01100000e+03,-21,-0.437500
8012,8.01200000e+03,-21,-0.437500
8013,8.01300000e+03,-21,-0.437500
8014,8.01400000e+03,-21,-0.437500
8015,8.01500000e+03,-17,-0.354167
8016,8.01600000e+03,-17,-0.354167
8017,8.01700000e+03,-17,-0.354167
8018,8.01800000e+03,-17,-0.354167
8019,8.01900000e+03,-17,-0.354167
8020,8.02000000e+03,-17,-0.354167
8021,8.02100000e+03,-17,-0.354167
8022,8.02200000e+03,-17,-0.354167
8023,8.02300000e+03,-17,-0.354167
8024,8.02400000e+03,-17,-0.354167
8025,8.02500000e+03,-19,-0.395833
8026,8.02600000e+03,-19,-0.395833
8027,8.02700000e+03,-19,-0.395833
8028,8.02800000e+03,-19,-0.395833
8029,8.02900000e+03,-19,-0.395833
8030,8.03000000e+03,-19,-0.395833
8031,8.03100000e+03,-19,-0.395833
8032,8.03200000e+03,-19,-0.395833
8033,8.03300000e+03,-19,-0.395833
8034,8.03400000e+03,-19,-0.395833
8035,8.03500000e+03,-14,-0.291667
8036,8.03600000e+03,-14,-0.291667
8037,8.03700000e+03,-14,-0.291667
8038,8.03800000e+03,-14,-0.291667
8039,8.03900000e+03,-14,-0.291667
8040,8.04000000e+03,-17,-0.354167
8041,8.04100000e+03,-17,-0.354167
8042,8.04200000e+03,-17,-0.354167
8043,8.04300000e+03,-17,-0.354167
8044,8.04400000e+03,-17,-0.354167
8045,8.04500000e+03,-17,-0.354167
8046,8.04600000e+03,-17,-0.354167
8047,8.04700000e+03,-17,-0.354167
8048,8.04800000e+03,-17,-0.354167
8049,8.04900000e+03,-17,-0.354167
8050,8.05000000e+03,-17,-0.354167
8051,8.05100000e+03,-17,-0.354167
8052,8.05200000e+03,-17,-0.354167
8053,8.05300000e+03,-17,-0.354167
8054,8.05400000e+03,-17,-0.354167
8055,8.05500000e+03,-16,-0.333333
8056,8.05600000e+03,-16,-0.333333
8057,8.05700000e+03,-16,-0.333333
8058,8.05800000e+03,-16,-0.333333
8059,8.05900000e+03,-16,-0.333333
8060,8.06000000e+03,-17,-0.354167
8061,8.06100000e+03,-17,-0.354167
8062,8.06200000e+03,-17,-0.354167
8063,8.06300000e+03,-17,-0.354167
8064,8.06400000e+03,-17,-0.354167
8065,8.06500000e+03,-20,-0.416667
8066,8.06600000e+03,-20,-0.416667
8067,8.06700000e+03,-20,-0.416667
8068,8.06800000e+03,-20,-0.416667
8069,8.06900000e+03,-20,-0.416667
8070,8.07000000e+03,-12,-0.250000
8071,8.07100000e+03,-12,-0.250000
8072,8.07200000e+03,-12,-0.250000
8073,8.07300000e+03,-12,-0.250000
8074,8.07400000e+03,-12,-0.250000
8075,8.07500000e+03,-19,-0.395833
8076,8.07600000e+03,-19,-0.395833
8077,8.07700000e+03,-19,-0.395833
8078,8.07800000e+03,-19,-0.395833
8079,8.07900000e+03,-19,-0.395833
8080,8.08000000e+03,-20,-0.416667
8081,8.08100000e+03,-20,-0.416667
8082,8.08200000e+03,-20,-0.416667
8083,8.08300000e+03,-20,-0.416667
8084,8.08400000e+03,-20,-0.416667
8085,8.08500000e+03,-17,-0.354167
8086,8.08600000e+03,-17,-0.354167
8087,8.08700000e+03,-17,-0.354167
8088,8.08800000e+03,-17,-0.354167
8089,8.08900000e+03,-17,-0.354167
8090,8.09000000e+03,-16,-0.333333
8091,8.09100000e+03,-16,-0.333333
8092,8.09200000e+03,-16,-0.333333
8093,8.09300000e+03,-16,-0.333333
8094,8.09400000e+03,-16,-0.333333
8095,8.09500000e+03,-17,-0.354167
8096,8.09600000e+03,-17,-0.354167
8097,8.09700000e+03,-17,-0.354167
8098,8.09800000e+03,-17,-0.354167
8099,8.09900000e+03,-17,-0.354167
8100,8.10000000e+03,-16,-0.333333
8101,8.10100000e+03,-16,-0.333333
8102,8.10200000e+03,-16,-0.333333
8103,8.10300000e+03,-16,-0.333333
8104,8.10400000e+03,-16,-0.333333
8105,8.10500000e+03,-13,-0.270833
8106,8.10600000e+03,-13,-0.270833
8107,8.10700000e+03,-13,-0.270833
8108,8.10800000e+03,-13,-0.270833
8109,8.10900000e+03,-13,-0.270833
8110,8.11000000e+03,-17,-0.354167
8111,8.11100000e+03,-17,-0.354167
8112,8.11200000e+03,-17,-0.354167
8113,8.11300000e+03,-17,-0.354167
8114,8.11400000e+03,-17,-0.354167
8115,8.11500000e+03,-14,-0.291667
8116,8.11600000e+03,-14,-0.291667
8117,8.11700000e+03,-14,-0.291667
8118,8.11800000e+03,-14,-0.291667
8119,8.11900000e+03,-14,-0.291667
8120,8.12000000e+03,-13,-0.270833
8121,8.12100000e+03,-13,-0.270833
8122,8.12200000e+03,-13,-0.270833
8123,8.12300000e+03,-13,-0.270833
8124,8.12400000e+03,-13,-0.270833
8125,8.12500000e+03,-14,-0.291667
8126,8.12600000e+03,-14,-0.291667
8127,8.12700000e+03,-14,-0.291667
8128,8.12800000e+03,-14,-0.291667
8129,8.12900000e+03,-14,-0.291667
8130,8.13000000e+03,-11,-0.229167
8131,8.13100000e+03,-11,-0.229167
8132,8.13200000e+03,-11,-0.229167
8133,8.13300000e+03,-11,-0.229167
8134,8.13400000e+03,-11,-0.229167
8135,8.13500000e+03,-13,-0.270833
8136,8.13600000e+03,-13,-0.270833
8137,8.13700000e+03,-13,-0.270833
8138,8.13800000e+03,-13,-0.270833
8139,8.13900000e+03,-13,-0.270833
8140,8.14000000e+03,-9,-0.187500
8141,8.14100000e+03,-9,-0.187500
8142,8.14200000e+03,-9,-0.187500
8143,8.14300000e+03,-9,-0.187500
8144,8.14400000e+03,-9,-0.187500
8145,8.14500000e+03,-12,-0.250000
8146,8.14600000e+03,-12,-0.250000
8147,8.14700000e+03,-12,-0.250000
8148,8.14800000e+03,-12,-0.250000
8149,8.14900000e+03,-12,-0.250000
8150,8.15000000e+03,-10,-0.208333
8151,8.15100000e+03,-10,-0.208333
8152,8.15200000e+03,-10,-0.208333
8153,8.15300000e+03,-10,-0.208333
8154,8.15400000e+03,-10,-0.208333
8155,8.15500000e+03,-11,-0.229167
8156,8.15600000e+03,-11,-0.229167
8157,8.15700000e+03,-11,-0.229167
8158,8.15800000e+03,-11,-0.229167
8159,8.15900000e+03,-11,-0.229167
8160,8.16000000e+03,-9,-0.187500
8161,8.16100000e+03,-9,-0.187500
8162,8.16200000e+03,-9,-0.187500
8163,8.16300000e+03,-9,-0.187500
8164,8.16400000e+03,-9,-0.187500
8165,8.16500000e+03,-12,-0.250000
8166,8.16600000e+03,-12,-0.250000
8167,8.16700000e+03,-12,-0.250000
8168,8.16800000e+03,-12,-0.250000
8169,8.16900000e+03,-12,-0.250000
8170,8.17000000e+03,-9,-0.187500
8171,8.17100000e+03,-9,-0.187500
8172,8.17200000e+03,-9,-0.187500
8173,8.17300000e+03,-9,-0.187500
8174,8.17400000e+03,-9,-0.187500
8175,8.17500000e+03,-9,-0.187500
8176,8.17600000e+03,-9,-0.187500
8177,8.17700000e+03,-9,-0.187500
8178,8.17800000e+03,-9,-0.187500
8179,8.17900000e+03,-9,-0.187500
8180,8.18000000e+03,-11,-0.229167
8181,8.18100000e+03,-11,-0.229167
8182,8.18200000e+03,-11,-0.229167
8183,8.18300000e+03,-11,-0.229167
8184,8.18400000e+03,-11,-0.229167
8185,8.18500000e+03,-9,-0.187500
8186,8.18600000e+03,-9,-0.187500
8187,8.18700000e+03,-9,-0.187500
8188,8.18800000e+03,-9,-0.187500
8189,8.18900000e+03,-9,-0.187500
8190,8.19000000e+03,-9,-0.187500
8191,8.19100000e+03,-9,-0.187500
8192,8.19200000e+03,-9,-0.187500
8193,8.19300000e+03,-9,-0.187500
8194,8.19400000e+03,-9,-0.187500
8195,8.19500000e+03,-11,-0.229167
8196,8.19600000e+03,-11,-0.229167
8197,8.19700000e+03,-11,-0.229167
8198,8.19800000e+03,-11,-0.229167
8199,8.19900000e+03,-11,-0.229167
8200,8.20000000e+03,-6,-0.125000
8201,8.20100000e+03,-6,-0.125000
8202,8.20200000e+03,-6,-0.125000
8203,8.20300000e+03,-6,-0.125000
8204,8.20400000e+03,-6,-0.125000
8205,8.20500000e+03,-7,-0.145833
8206,8.20600000e+03,-7,-0.145833
8207,8.20700000e+03,-7,-0.145833
8208,8.20800000e+03,-7,-0.145833
8209,8.20900000e+03,-7,-0.145833
8210,8.21000000e+03,-9,-0.187500
8211,8.21100000e+03,-9,-0.187500
8212,8.21200000e+03,-9,-0.187500
8213,8.21300000e+03,-9,-0.187500
8214,8.21400000e+03,-9,-0.187500
8215,8.21500000e+03,-9,-0.187500
8216,8.21600000e+03,-9,-0.187500
8217,8.21700000e+03,-9,-0.187500
8218,8.21800000e+03,-9,-0.187500
8219,8.21900000e+03,-9,-0.187500
8220,8.22000000e+03,-8,-0.166667
8221,8.22100000e+03,-8,-0.166667
8222,8.22200000e+03,-8,-0.166667
8223,8.22300000e+03,-8,-0.166667
8224,8.22400000e+03,-8,-0.166667
8225,8.22500000e+03,-8,-0.166667
8226,8.22600000e+03,-8,-0.166667
8227,8.22700000e+03,-8,-0.166667
8228,8.22800000e+03,-8,-0.166667
8229,8.22900000e+03,-8,-0.166667
8230,8.23000000e+03,-11,-0.229167
8231,8.23100000e+03,-11,-0.229167
8232,8.23200000e+03,-11,-0.229167
8233,8.23300000e+03,-11,-0.229167
8234,8.23400000e+03,-11,-0.229167
8235,8.23500000e+03,-8,-0.166667
8236,8.23600000e+03,-8,-0.166667
8237,8.23700000e+03,-8,-0.166667
8238,8.23800000e+03,-8,-0.166667
8239,8.23900000e+03,-8,-0.166667
8240,8.24000000e+03,-4,-0.083333
8241,8.24100000e+03,-4,-0.083333
8242,8.24200000e+03,-4,-0.083333
8243,8.24300000e+03,-4,-0.083333
8244,8.24400000e+03,-4,-0.083333
8245,8.24500000e+03,-7,-0.145833
8246,8.24600000e+03,-7,-0.145833
8247,8.24700000e+03,-7,-0.145833
8248,8.24800000e+03,-7,-0.145833
8249,8.24900000e+03,-7,-0.145833
8250,8.25000000e+03,-8,-0.166667
8251,8.25100000e+03,-8,-0.166667
8252,8.25200000e+03,-8,-0.166667
8253,8.25300000e+03,-8,-0.166667
8254,8.25400000e+03,-8,-0.166667
8255,8.25500000e+03,-5,-0.104167
8256,8.25600000e+03,-5,-0.104167
8257,8.25700000e+03,-5,-0.104167
8258,8.25800000e+03,-5,-0.104167
8259,8.25900000e+03,-5,-0.104167
8260,8.26000000e+03,-7,-0.145833
8261,8.26100000e+03,-7,-0.145833
8262,8.26200000e+03,-7,-0.145833
8263,8.26300000e+03,-7,-0.145833
8264,8.26400000e+03,-7,-0.145833
8265,8.26500000e+03,-6,-0.125000
8266,8.26600000e+03,-6,-0.125000
8267,8.26700000e+03,-6,-0.125000
8268,8.26800000e+03,-6,-0.125000
8269,8.26900000e+03,-6,-0.125000
8270,8.27000000e+03,-5,-0.104167
8271,8.27100000e+03,-5,-0.104167
8272,8.27200000e+03,-5,-0.104167
8273,8.27300000e+03,-5,-0.104167
8274,8.27400000e+03,-5,-0.104167
8275,8.27500000e+03,-4,-0.083333
8276,8.27600000e+03,-4,-0.083333
8277,8.27700000e+03,-4,-0.083333
8278,8.27800000e+03,-4,-0.083333
8279,8.27900000e+03,-4,-0.083333
8280,8.28000000e+03,-7,-0.145833
8281,8.28100000e+03,-7,-0.145833
8282,8.28200000e+03,-7,-0.145833
8283,8.28300000e+03,-7,-0.145833
8284,8.28400000e+03,-7,-0.145833
8285,8.28500000e+03,-9,-0.187500
8286,8.28600000e+03,-9,-0.187500
8287,8.28700000e+03,-9,-0.187500
8288,8.28800000e+03,-9,-0.187500
8289,8.28900000e+03,-9,-0.187500
8290,8.29000000e+03,-4,-0.083333
8291,8.29100000e+03,-4,-0.083333
8292,8.29200000e+03,-4,-0.083333
8293,8.29300000e+03,-4,-0.083333
8294,8.29400000e+03,-4,-0.083333
8295,8.29500000e+03,-4,-0.083333
8296,8.29600000e+03,-4,-0.083333
8297,8.29700000e+03,-4,-0.083333
8298,8.29800000e+03,-4,-0.083333
8299,8.29900000e+03,-4,-0.083333
8300,8.30000000e+03,-5,-0.104167
8301,8.30100000e+03,-5,-0.104167
8302,8.30200000e+03,-5,-0.104167
8303,8.30300000e+03,-5,-0.104167
8304,8.30400000e+03,-5,-0.104167
8305,8.30500000e+03,-5,-0.104167
8306,8.30600000e+03,-5,-0.104167
8307,8.30700000e+03,-5,-0.104167
8308,8.30800000e+03,-5,-0.104167
8309,8.30900000e+03,-5,-0.104167
8310,8.31000000e+03,-3,-0.062500
8311,8.31100000e+03,-3,-0.062500
8312,8.31200000e+03,-3,-0.062500
8313,8.31300000e+03,-3,-0.062500
8314,8.31400000e+03,-3,-0.062500
8315,8.31500000e+03,-2,-0.041667
8316,8.31600000e+03,-2,-0.041667
8317,8.31700000e+03,-2,-0.041667
8318,8.31800000e+03,-2,-0.041667
8319,8.31900000e+03,-2,-0.041667
8320,8.32000000e+03,-7,-0.145833
8321,8.32100000e+03,-7,-0.145833
8322,8.32200000e+03,-7,-0.145833
8323,8.32300000e+03,-7,-0.145833
8324,8.32400000e+03,-7,-0.145833
8325,8.32500000e+03,-7,-0.145833
8326,8.32600000e+03,-7,-0.145833
8327,8.32700000e+03,-7,-0.145833
8328,8.32800000e+03,-7,-0.145833
8329,8.32900000e+03,-7,-0.145833
8330,8.33000000e+03,-6,-0.125000
8331,8.33100000e+03,-6,-0.125000
8332,8.33200000e+03,-6,-0.125000
8333,8.33300000e+03,-6,-0.125000
8334,8.33400000e+03,-6,-0.125000
8335,8.33500000e+03,-5,-0.104167
8336,8.33600000e+03,-5,-0.104167
8337,8.33700000e+03,-5,-0.104167
8338,8.33800000e+03,-5,-0.104167
8339,8.33900000e+03,-5,-0.104167
8340,8.34000000e+03,-7,-0.145833
8341,8.34100000e+03,-7,-0.145833
8342,8.34200000e+03,-7,-0.145833
8343,8.34300000e+03,-7,-0.145833
8344,8.34400000e+03,-7,-0.145833
8345,8.34500000e+03,-3,-0.062500
8346,8.34600000e+03,-3,-0.062500
8347,8.34700000e+03,-3,-0.062500
8348,8.34800000e+03,-3,-0.062500
8349,8.34900000e+03,-3,-0.062500
8350,8.35000000e+03,-1,-0.020833
8351,8.35100000e+03,-1,-0.020833
8352,8.35200000e+03,-1,-0.020833
8353,8.35300000e+03,-1,-0.020833
8354,8.35400000e+03,-1,-0.020833
8355,8.35500000e+03,0,0.000000
8356,8.35600000e+03,0,0.000000
8357,8.35700000e+03,0,0.000000
8358,8.35800000e+03,0,0.000000
8359,8.35900000e+03,0,0.000000
8360,8.36000000e+03,-5,-0.104167
8361,8.36100000e+03,-5,-0.104167
8362,8.36200000e+03,-5,-0.104167
8363,8.36300000e+03,-5,-0.104167
8364,8.36400000e+03,-5,-0.104167
8365,8.36500000e+03,-1,-0.020833
8366,8.36600000e+03,-1,-0.020833
8367,8.36700000e+03,-1,-0.020833
8368,8.36800000e+03,-1,-0.020833
8369,8.36900000e+03,-1,-0.020833
8370,8.37000000e+03,-3,-0.062500
8371,8.37100000e+03,-3,-0.062500
8372,8.37200000e+03,-3,-0.062500
8373,8.37300000e+03,-3,-0.062500
8374,8.37400000e+03,-3,-0.062500
8375,8.37500000e+03,-3,-0.062500
8376,8.37600000e+03,-3,-0.062500
8377,8.37700000e+03,-3,-0.062500
8378,8.37800000e+03,-3,-0.062500
8379,8.37900000e+03,-3,-0.062500
8380,8.38000000e+03,-2,-0.041667
8381,8.38100000e+03,-2,-0.041667
8382,8.38200000e+03,-2,-0.041667
8383,8.38300000e+03,-2,-0.041667
8384,8.38400000e+03,-2,-0.041667
8385,8.38500000e+03,-1,-0.020833
8386,8.38600000e+03,-1,-0.020833
8387,8.38700000e+03,-1,-0.020833
8388,8.38800000e+03,-1,-0.020833
8389,8.38900000e+03,-1,-0.020833
8390,8.39000000e+03,-1,-0.020833
8391,8.39100000e+03,-1,-0.020833
8392,8.39200000e+03,-1,-0.020833
8393,8.39300000e+03,-1,-0.020833
8394,8.39400000e+03,-1,-0.020833
8395,8.39500000e+03,-5,-0.104167
8396,8.39600000e+03,-5,-0.104167
8397,8.39700000e+03,-5,-0.104167
8398,8.39800000e+03,-5,-0.104167
8399,8.39900000e+03,-5,-0.104167
8400,8.40000000e+03,-2,-0.041667
8401,8.40100000e+03,-2,-0.041667
8402,8.40200000e+03,-2,-0.041667
8403,8.40300000e+03,-2,-0.041667
8404,8.40400000e+03,-2,-0.041667
8405,8.40500000e+03,-5,-0.104167
8406,8.40600000e+03,-5,-0.104167
8407,8.40700000e+03,-5,-0.104167
8408,8.40800000e+03,-5,-0.104167
8409,8.40900000e+03,-5,-0.104167
8410,8.41000000e+03,-1,-0.020833
8411,8.41100000e+03,-1,-0.020833
8412,8.41200000e+03,-1,-0.020833
8413,8.41300000e+03,-1,-0.020833
8414,8.41400000e+03,-1,-0.020833
8415,8.41500000e+03,-3,-0.062500
8416,8.41600000e+03,-3,-0.062500
8417,8.41700000e+03,-3,-0.062500
8418,8.41800000e+03,-3,-0.062500
8419,8.41900000e+03,-3,-0.062500
8420,8.42000000e+03,-4,-0.083333
8421,8.42100000e+03,-4,-0.083333
8422,8.42200000e+03,-4,-0.083333
8423,8.42300000e+03,-4,-0.083333
8424,8.42400000e+03,-4,-0.083333
8425,8.42500000e+03,-1,-0.020833
8426,8.42600000e+03,-1,-0.020833
8427,8.42700000e+03,-1,-0.020833
8428,8.42800000e+03,-1,-0.020833
8429,8.42900000e+03,-1,-0.020833
8430,8.43000000e+03,-1,-0.020833
8431,8.43100000e+03,-1,-0.020833
8432,8.43200000e+03,-1,-0.020833
8433,8.43300000e+03,-1,-0.020833
8434,8.43400000e+03,-1,-0.020833
8435,8.43500000e+03,1,0.020833
8436,8.43600000e+03,1,0.020833
8437,8.43700000e+03,1,0.020833
8438,8.43800000e+03,1,0.020833
8439,8.43900000e+03,1,0.020833
8440,8.44000000e+03,1,0.020833
8441,8.44100000e+03,1,0.020833
8442,8.44200000e+03,1,0.020833
8443,8.44300000e+03,1,0.020833
8444,8.44400000e+03,1,0.020833
8445,8.44500000e+03,-1,-0.020833
8446,8.44600000e+03,-1,-0.020833
8447,8.44700000e+03,-1,-0.020833
8448,8.44800000e+03,-1,-0.020833
8449,8.44900000e+03,-1,-0.020833
8450,8.45000000e+03,-1,-0.020833
8451,8.45100000e+03,-1,-0.020833
8452,8.45200000e+03,-1,-0.020833
8453,8.45300000e+03,-1,-0.020833
8454,8.45400000e+03,-1,-0.020833
8455,8.45500000e+03,-4,-0.083333
8456,8.45600000e+03,-4,-0.083333
8457,8.45700000e+03,-4,-0.083333
8458,8.45800000e+03,-4,-0.083333
8459,8.45900000e+03,-4,-0.083333
8460,8.46000000e+03,0,0.000000
8461,8.46100000e+03,0,0.000000
8462,8.46200000e+03,0,0.000000
8463,8.46300000e+03,0,0.000000
8464,8.46400000e+03,0,0.000000
8465,8.46500000e+03,-1,-0.020833
8466,8.46600000e+03,-1,-0.020833
8467,8.46700000e+03,-1,-0.020833
8468,8.46800000e+03,-1,-0.020833
8469,8.46900000e+03,-1,-0.020833
8470,8.47000000e+03,-1,-0.020833
8471,8.47100000e+03,-1,-0.020833
8472,8.47200000e+03,-1,-0.020833
8473,8.47300000e+03,-1,-0.020833
8474,8.47400000e+03,-1,-0.020833
8475,8.47500000e+03,-1,-0.020833
8476,8.47600000e+03,-1,-0.020833
8477,8.47700000e+03,-1,-0.020833
8478,8.47800000e+03,-1,-0.020833
8479,8.47900000e+03,-1,-0.020833
8480,8.48000000e+03,0,0.000000
8481,8.48100000e+03,0,0.000000
8482,8.48200000e+03,0,0.000000
8483,8.48300000e+03,0,0.000000
8484,8.48400000e+03,0,0.000000
8485,8.48500000e+03,3,0.062500
8486,8.48600000e+03,3,0.062500
8487,8.48700000e+03,3,0.062500
8488,8.48800000e+03,3,0.062500
8489,8.48900000e+03,3,0.062500
8490,8.49000000e+03,-2,-0.041667
8491,8.49100000e+03,-2,-0.041667
8492,8.49200000e+03,-2,-0.041667
8493,8.49300000e+03,-2,-0.041667
8494,8.49400000e+03,-2,-0.041667
8495,8.49500000e+03,2,0.041667
8496,8.49600000e+03,2,0.041667
8497,8.49700000e+03,2,0.041667
8498,8.49800000e+03,2,0.041667
8499,8.49900000e+03,2,0.041667
8500,8.50000000e+03,0,0.000000
8501,8.50100000e+03,0,0.000000
8502,8.50200000e+03,0,0.000000
8503,8.50300000e+03,0,0.000000
8504,8.50400000e+03,0,0.000000
8505,8.50500000e+03,-1,-0.020833
8506,8.50600000e+03,-1,-0.020833
8507,8.50700000e+03,-1,-0.020833
8508,8.50800000e+03,-1,-0.020833
8509,8.50900000e+03,-1,-0.020833
8510,8.51000000e+03,-1,-0.020833
8511,8.51100000e+03,-1,-0.020833
8512,8.51200000e+03,-1,-0.020833
8513,8.51300000e+03,-1,-0.020833
8514,8.51400000e+03,-1,-0.020833
8515,8.51500000e+03,2,0.041667
8516,8.51600000e+03,2,0.041667
8517,8.51700000e+03,2,0.041667
8518,8.51800000e+03,2,0.041667
8519,8.51900000e+03,2,0.041667
8520,8.52000000e+03,4,0.083333
8521,8.52100000e+03,4,0.083333
8522,8.52200000e+03,4,0.083333
8523,8.52300000e+03,4,0.083333
8524,8.52400000e+03,4,0.083333
8525,8.52500000e+03,0,0.000000
8526,8.52600000e+03,0,0.000000
8527,8.52700000e+03,0,0.000000
8528,8.52800000e+03,0,0.000000
8529,8.52900000e+03,0,0.000000
8530,8.53000000e+03,-2,-0.041667
8531,8.53100000e+03,-2,-0.041667
8532,8.53200000e+03,-2,-0.041667
8533,8.53300000e+03,-2,-0.041667
8534,8.53400000e+03,-2,-0.041667
8535,8.53500000e+03,0,0.000000
8536,8.53600000e+03,0,0.000000
8537,8.53700000e+03,0,0.000000
8538,8.53800000e+03,0,0.000000
8539,8.53900000e+03,0,0.000000
8540,8.54000000e+03,0,0.000000
8541,8.54100000e+03,0,0.000000
8542,8.54200000e+03,0,0.000000
8543,8.54300000e+03,0,0.000000
8544,8.54400000e+03,0,0.000000
8545,8.54500000e+03,0,0.000000
8546,8.54600000e+03,0,0.000000
8547,8.54700000e+03,0,0.000000
8548,8.54800000e+03,0,0.000000
8549,8.54900000e+03,0,0.000000
8550,8.55000000e+03,1,0.020833
8551,8.55100000e+03,1,0.020833
8552,8.55200000e+03,1,0.020833
8553,8.55300000e+03,1,0.020833
8554,8.55400000e+03,1,0.020833
8555,8.55500000e+03,2,0.041667
8556,8.55600000e+03,2,0.041667
8557,8.55700000e+03,2,0.041667
8558,8.55800000e+03,2,0.041667
8559,8.55900000e+03,2,0.041667
8560,8.56000000e+03,1,0.020833
8561,8.56100000e+03,1,0.020833
8562,8.56200000e+03,1,0.020833
8563,8.56300000e+03,1,0.020833
8564,8.56400000e+03,1,0.020833
8565,8.56500000e+03,0,0.000000
8566,8.56600000e+03,0,0.000000
8567,8.56700000e+03,0,0.000000
8568,8.56800000e+03,0,0.000000
8569,8.56900000e+03,0,0.000000
8570,8.57000000e+03,5,0.104167
8571,8.57100000e+03,5,0.104167
8572,8.57200000e+03,5,0.104167
8573,8.57300000e+03,5,0.104167
8574,8.57400000e+03,5,0.104167
8575,8.57500000e+03,4,0.083333
8576,8.57600000e+03,4,0.083333
8577,8.57700000e+03,4,0.083333
8578,8.57800000e+03,4,0.083333
8579,8.57900000e+03,4,0.083333
8580,8.58000000e+03,5,0.104167
8581,8.58100000e+03,5,0.104167
8582,8.58200000e+03,5,0.104167
8583,8.58300000e+03,5,0.104167
8584,8.58400000e+03,5,0.104167
8585,8.58500000e+03,2,0.041667
8586,8.58600000e+03,2,0.041667
8587,8.58700000e+03,2,0.041667
8588,8.58800000e+03,2,0.041667
8589,8.58900000e+03,2,0.041667
8590,8.59000000e+03,6,0.125000
8591,8.59100000e+03,6,0.125000
8592,8.59200000e+03,6,0.125000
8593,8.59300000e+03,6,0.125000
8594,8.59400000e+03,6,0.125000
8595,8.59500000e+03,7,0.145833
8596,8.59600000e+03,7,0.145833
8597,8.59700000e+03,7,0.145833
8598,8.59800000e+03,7,0.145833
8599,8.59900000e+03,7,0.145833
8600,8.60000000e+03,4,0.083333
8601,8.60100000e+03,4,0.083333
8602,8.60200000e+03,4,0.083333
8603,8.60300000e+03,4,0.083333
8604,8.60400000e+03,4,0.083333
8605,8.60500000e+03,5,0.104167
8606,8.60600000e+03,5,0.104167
8607,8.60700000e+03,5,0.104167
8608,8.60800000e+03,5,0.104167
8609,8.60900000e+03,5,0.104167
8610,8.61000000e+03,7,0.145833
8611,8.61100000e+03,7,0.145833
8612,8.61200000e+03,7,0.145833
8613,8.61300000e+03,7,0.145833
8614,8.61400000e+03,7,0.145833
8615,8.61500000e+03,9,0.187500
8616,8.61600000e+03,9,0.187500
8617,8.61700000e+03,9,0.187500
8618,8.61800000e+03,9,0.187500
8619,8.61900000e+03,9,0.187500
8620,8.62000000e+03,9,0.187500
8621,8.62100000e+03,9,0.187500
8622,8.62200000e+03,9,0.187500
8623,8.62300000e+03,9,0.187500
8624,8.62400000e+03,9,0.187500
8625,8.62500000e+03,8,0.166667
8626,8.62600000e+03,8,0.166667
8627,8.62700000e+03,8,0.166667
8628,8.62800000e+03,8,0.166667
8629,8.62900000e+03,8,0.166667
8630,8.63000000e+03,6,0.125000
8631,8.63100000e+03,6,0.125000
8632,8.63200000e+03,6,0.125000
8633,8.63300000e+03,6,0.125000
8634,8.63400000e+03,6,0.125000
8635,8.63500000e+03,8,0.166667
8636,8.63600000e+03,8,0.166667
8637,8.63700000e+03,8,0.166667
8638,8.63800000e+03,8,0.166667
8639,8.63900000e+03,8,0.166667
8640,8.64000000e+03,7,0.145833
8641,8.64100000e+03,7,0.145833
8642,8.64200000e+03,7,0.145833
8643,8.64300000e+03,7,0.145833
8644,8.64400000e+03,7,0.145833
8645,8.64500000e+03,7,0.145833
8646,8.64600000e+03,7,0.145833
8647,8.64700000e+03,7,0.145833
8648,8.64800000e+03,7,0.145833
8649,8.64900000e+03,7,0.145833
8650,8.65000000e+03,8,0.166667
8651,8.65100000e+03,8,0.166667
8652,8.65200000e+03,8,0.166667
8653,8.65300000e+03,8,0.166667
8654,8.65400000e+03,8,0.166667
8655,8.65500000e+03,8,0.166667
8656,8.65600000e+03,8,0.166667
8657,8.65700000e+03,8,0.166667
8658,8.65800000e+03,8,0.166667
8659,8.65900000e+03,8,0.166667
8660,8.66000000e+03,8,0.166667
8661,8.66100000e+03,8,0.166667
8662,8.66200000e+03,8,0.166667
8663,8.66300000e+03,8,0.166667
8664,8.66400000e+03,8,0.166667
8665,8.66500000e+03,9,0.187500
8666,8.66600000e+03,9,0.187500
8667,8.66700000e+03,9,0.187500
8668,8.66800000e+03,9,0.187500
8669,8.66900000e+03,9,0.187500
8670,8.67000000e+03,9,0.187500
8671,8.67100000e+03,9,0.187500
8672,8.67200000e+03,9,0.187500
8673,8.67300000e+03,9,0.187500
8674,8.67400000e+03,9,0.187500
8675,8.67500000e+03,11,0.229167
8676,8.67600000e+03,11,0.229167
8677,8.67700000e+03,11,0.229167
8678,8.67800000e+03,11,0.229167
8679,8.67900000e+03,11,0.229167
8680,8.68000000e+03,9,0.187500
8681,8.68100000e+03,9,0.187500
8682,8.68200000e+03,9,0.187500
8683,8.68300000e+03,9,0.187500
8684,8.68400000e+03,9,0.187500
8685,8.68500000e+03,10,0.208333
8686,8.68600000e+03,10,0.208333
8687,8.68700000e+03,10,0.208333
8688,8.68800000e+03,10,0.208333
8689,8.68900000e+03,10,0.208333
8690,8.69000000e+03,12,0.250000
8691,8.69100000e+03,12,0.250000
8692,8.69200000e+03,12,0.250000
8693,8.69300000e+03,12,0.250000
8694,8.69400000e+03,12,0.250000
8695,8.69500000e+03,9,0.187500
8696,8.69600000e+03,9,0.187500
8697,8.69700000e+03,9,0.187500
8698,8.69800000e+03,9,0.187500
8699,8.69900000e+03,9,0.187500
8700,8.70000000e+03,11,0.229167
8701,8.70100000e+03,11,0.229167
8702,8.70200000e+03,11,0.229167
8703,8.70300000e+03,11,0.229167
8704,8.70400000e+03,11,0.229167
8705,8.70500000e+03,10,0.208333
8706,8.70600000e+03,10,0.208333
8707,8.70700000e+03,10,0.208333
8708,8.70800000e+03,10,0.208333
8709,8.70900000e+03,10,0.208333
8710,8.71000000e+03,13,0.270833
8711,8.71100000e+03,13,0.270833
8712,8.71200000e+03,13,0.270833
8713,8.71300000e+03,13,0.270833
8714,8.71400000e+03,13,0.270833
8715,8.71500000e+03,12,0.250000
8716,8.71600000e+03,12,0.250000
8717,8.71700000e+03,12,0.250000
8718,8.71800000e+03,12,0.250000
8719,8.71900000e+03,12,0.250000
8720,8.72000000e+03,15,0.312500
8721,8.72100000e+03,15,0.312500
8722,8.72200000e+03,15,0.312500
8723,8.72300000e+03,15,0.312500
8724,8.72400000e+03,15,0.312500
8725,8.72500000e+03,10,0.208333
8726,8.72600000e+03,10,0.208333
8727,8.72700000e+03,10,0.208333
8728,8.72800000e+03,10,0.208333
8729,8.72900000e+03,10,0.208333
8730,8.73000000e+03,14,0.291667
8731,8.73100000e+03,14,0.291667
8732,8.73200000e+03,14,0.291667
8733,8.73300000e+03,14,0.291667
8734,8.73400000e+03,14,0.291667
8735,8.73500000e+03,12,0.250000
8736,8.73600000e+03,12,0.250000
8737,8.73700000e+03,12,0.250000
8738,8.73800000e+03,12,0.250000
8739,8.73900000e+03,12,0.250000
8740,8.74000000e+03,14,0.291667
8741,8.74100000e+03,14,0.291667
8742,8.74200000e+03,14,0.291667
8743,8.74300000e+03,14,0.291667
8744,8.74400000e+03,14,0.291667
8745,8.74500000e+03,14,0.291667
8746,8.74600000e+03,14,0.291667
8747,8.74700000e+03,14,0.291667
8748,8.74800000e+03,14,0.291667
8749,8.74900000e+03,14,0.291667
8750,8.75000000e+03,9,0.187500
8751,8.75100000e+03,9,0.187500
8752,8.75200000e+03,9,0.187500
8753,8.75300000e+03,9,0.187500
8754,8.75400000e+03,9,0.187500
8755,8.75500000e+03,13,0.270833
8756,8.75600000e+03,13,0.270833
8757,8.75700000e+03,13,0.270833
8758,8.75800000e+03,13,0.270833
8759,8.75900000e+03,13,0.270833
8760,8.76000000e+03,16,0.333333
8761,8.76100000e+03,16,0.333333
8762,8.76200000e+03,16,0.333333
8763,8.76300000e+03,16,0.333333
8764,8.76400000e+03,16,0.333333
8765,8.76500000e+03,15,0.312500
8766,8.76600000e+03,15,0.312500
8767,8.76700000e+03,15,0.312500
8768,8.76800000e+03,15,0.312500
8769,8.76900000e+03,15,0.312500
8770,8.77000000e+03,15,0.312500
8771,8.77100000e+03,15,0.312500
8772,8.77200000e+03,15,0.312500
8773,8.77300000e+03,15,0.312500
8774,8.77400000e+03,15,0.312500
8775,8.77500000e+03,15,0.312500
8776,8.77600000e+03,15,0.312500
8777,8.77700000e+03,15,0.312500
8778,8.77800000e+03,15,0.312500
8779,8.77900000e+03,15,0.312500
8780,8.78000000e+03,15,0.312500
8781,8.78100000e+03,15,0.312500
8782,8.78200000e+03,15,0.312500
8783,8.78300000e+03,15,0.312500
8784,8.78400000e+03,15,0.312500
8785,8.78500000e+03,14,0.291667
8786,8.78600000e+03,14,0.291667
8787,8.78700000e+03,14,0.291667
8788,8.78800000e+03,14,0.291667
8789,8.78900000e+03,14,0.291667
8790,8.79000000e+03,14,0.291667
8791,8.79100000e+03,14,0.291667
8792,8.79200000e+03,14,0.291667
8793,8.79300000e+03,14,0.291667
8794,8.79400000e+03,14,0.291667
8795,8.79500000e+03,14,0.291667
8796,8.79600000e+03,14,0.291667
8797,8.79700000e+03,14,0.291667
8798,8.79800000e+03,14,0.291667
8799,8.79900000e+03,14,0.291667
8800,8.80000000e+03,15,0.312500
8801,8.80100000e+03,15,0.312500
8802,8.80200000e+03,15,0.312500
8803,8.80300000e+03,15,0.312500
8804,8.80400000e+03,15,0.312500
8805,8.80500000e+03,14,0.291667
8806,8.80600000e+03,14,0.291667
8807,8.80700000e+03,14,0.291667
8808,8.80800000e+03,14,0.291667
8809,8.80900000e+03,14,0.291667
8810,8.81000000e+03,13,0.270833
8811,8.81100000e+03,13,0.270833
8812,8.81200000e+03,13,0.270833
8813,8.81300000e+03,13,0.270833
8814,8.81400000e+03,13,0.270833
8815,8.81500000e+03,17,0.354167
8816,8.81600000e+03,17,0.354167
8817,8.81700000e+03,17,0.354167
8818,8.81800000e+03,17,0.354167
8819,8.81900000e+03,17,0.354167
8820,8.82000000e+03,17,0.354167
8821,8.82100000e+03,17,0.354167
8822,8.82200000e+03,17,0.354167
8823,8.82300000e+03,17,0.354167
8824,8.82400000e+03,17,0.354167
8825,8.82500000e+03,16,0.333333
8826,8.82600000e+03,16,0.333333
8827,8.82700000e+03,16,0.333333
8828,8.82800000e+03,16,0.333333
8829,8.82900000e+03,16,0.333333
8830,8.83000000e+03,18,0.375000
8831,8.83100000e+03,18,0.375000
8832,8.83200000e+03,18,0.375000
8833,8.83300000e+03,18,0.375000
8834,8.83400000e+03,18,0.375000
8835,8.83500000e+03,16,0.333333
8836,8.83600000e+03,16,0.333333
8837,8.83700000e+03,16,0.333333
8838,8.83800000e+03,16,0.333333
8839,8.83900000e+03,16,0.333333
8840,8.84000000e+03,16,0.333333
8841,8.84100000e+03,16,0.333333
8842,8.84200000e+03,16,0.333333
8843,8.84300000e+03,16,0.333333
8844,8.84400000e+03,16,0.333333
8845,8.84500000e+03,17,0.354167
8846,8.84600000e+03,17,0.354167
8847,8.84700000e+03,17,0.354167
8848,8.84800000e+03,17,0.354167
8849,8.84900000e+03,17,0.354167
8850,8.85000000e+03,18,0.375000
8851,8.85100000e+03,18,0.375000
8852,8.85200000e+03,18,0.375000
8853,8.85300000e+03,18,0.375000
8854,8.85400000e+03,18,0.375000
8855,8.85500000e+03,19,0.395833
8856,8.85600000e+03,19,0.395833
8857,8.85700000e+03,19,0.395833
8858,8.85800000e+03,19,0.395833
8859,8.85900000e+03,19,0.395833
8860,8.86000000e+03,17,0.354167
8861,8.86100000e+03,17,0.354167
8862,8.86200000e+03,17,0.354167
8863,8.86300000e+03,17,0.354167
8864,8.86400000e+03,17,0.354167
8865,8.86500000e+03,20,0.416667
8866,8.86600000e+03,20,0.416667
8867,8.86700000e+03,20,0.416667
8868,8.86800000e+03,20,0.416667
8869,8.86900000e+03,20,0.416667
8870,8.87000000e+03,18,0.375000
8871,8.87100000e+03,18,0.375000
8872,8.87200000e+03,18,0.375000
8873,8.87300000e+03,18,0.375000
8874,8.87400000e+03,18,0.375000
8875,8.87500000e+03,15,0.312500
8876,8.87600000e+03,15,0.312500
8877,8.87700000e+03,15,0.312500
8878,8.87800000e+03,15,0.312500
8879,8.87900000e+03,15,0.312500
8880,8.88000000e+03,18,0.375000
8881,8.88100000e+03,18,0.375000
8882,8.88200000e+03,18,0.375000
8883,8.88300000e+03,18,0.375000
8884,8.88400000e+03,18,0.375000
8885,8.88500000e+03,17,0.354167
8886,8.88600000e+03,17,0.354167
8887,8.88700000e+03,17,0.354167
8888,8.88800000e+03,17,0.354167
8889,8.88900000e+03,17,0.354167
8890,8.89000000e+03,15,0.312500
8891,8.89100000e+03,15,0.312500
8892,8.89200000e+03,15,0.312500
8893,8.89300000e+03,15,0.312500
8894,8.89400000e+03,15,0.312500
8895,8.89500000e+03,20,0.416667
8896,8.89600000e+03,20,0.416667
8897,8.89700000e+03,20,0.416667
8898,8.89800000e+03,20,0.416667
8899,8.89900000e+03,20,0.416667
8900,8.90000000e+03,13,0.270833
8901,8.90100000e+03,13,0.270833
8902,8.90200000e+03,13,0.270833
8903,8.90300000e+03,13,0.270833
8904,8.90400000e+03,13,0.270833
8905,8.90500000e+03,14,0.291667
8906,8.90600000e+03,14,0.291667
8907,8.90700000e+03,14,0.291667
8908,8.90800000e+03,14,0.291667
8909,8.90900000e+03,14,0.291667
8910,8.91000000e+03,16,0.333333
8911,8.91100000e+03,16,0.333333
8912,8.91200000e+03,16,0.333333
8913,8.91300000e+03,16,0.333333
8914,8.91400000e+03,16,0.333333
8915,8.91500000e+03,14,0.291667
8916,8.91600000e+03,14,0.291667
8917,8.91700000e+03,14,0.291667
8918,8.91800000e+03,14,0.291667
8919,8.91900000e+03,14,0.291667
8920,8.92000000e+03,15,0.312500
8921,8.92100000e+03,15,0.312500
8922,8.92200000e+03,15,0.312500
8923,8.92300000e+03,15,0.312500
8924,8.92400000e+03,15,0.312500
8925,8.92500000e+03,13,0.270833
8926,8.92600000e+03,13,0.270833
8927,8.92700000e+03,13,0.270833
8928,8.92800000e+03,13,0.270833
8929,8.92900000e+03,13,0.270833
8930,8.93000000e+03,15,0.312500
8931,8.93100000e+03,15,0.312500
8932,8.93200000e+03,15,0.312500
8933,8.93300000e+03,15,0.312500
8934,8.93400000e+03,15,0.312500
8935,8.93500000e+03,17,0.354167
8936,8.93600000e+03,17,0.354167
8937,8.93700000e+03,17,0.354167
8938,8.93800000e+03,17,0.354167
8939,8.93900000e+03,17,0.354167
8940,8.94000000e+03,20,0.416667
8941,8.94100000e+03,20,0.416667
8942,8.94200000e+03,20,0.416667
8943,8.94300000e+03,20,0.416667
8944,8.94400000e+03,20,0.416667
8945,8.94500000e+03,15,0.312500
8946,8.94600000e+03,15,0.312500
8947,8.94700000e+03,15,0.312500
8948,8.94800000e+03,15,0.312500
8949,8.94900000e+03,15,0.312500
8950,8.95000000e+03,15,0.312500
8951,8.95100000e+03,15,0.312500
8952,8.95200000e+03,15,0.312500
8953,8.95300000e+03,15,0.312500
8954,8.95400000e+03,15,0.312500
8955,8.95500000e+03,17,0.354167
8956,8.95600000e+03,17,0.354167
8957,8.95700000e+03,17,0.354167
8958,8.95800000e+03,17,0.354167
8959,8.95900000e+03,17,0.354167
8960,8.96000000e+03,19,0.395833
8961,8.96100000e+03,19,0.395833
8962,8.96200000e+03,19,0.395833
8963,8.96300000e+03,19,0.395833
8964,8.96400000e+03,19,0.395833
8965,8.96500000e+03,17,0.354167
8966,8.96600000e+03,17,0.354167
8967,8.96700000e+03,17,0.354167
8968,8.96800000e+03,17,0.354167
8969,8.96900000e+03,17,0.354167
8970,8.97000000e+03,19,0.395833
8971,8.97100000e+03,19,0.395833
8972,8.97200000e+03,19,0.395833
8973,8.97300000e+03,19,0.395833
8974,8.97400000e+03,19,0.395833
8975,8.97500000e+03,16,0.333333
8976,8.97600000e+03,16,0.333333
8977,8.97700000e+03,16,0.333333
8978,8.97800000e+03,16,0.333333
8979,8.97900000e+03,16,0.333333
8980,8.98000000e+03,17,0.354167
8981,8.98100000e+03,17,0.354167
8982,8.98200000e+03,17,0.354167
8983,8.98300000e+03,17,0.354167
8984,8.98400000e+03,17,0.354167
8985,8.98500000e+03,15,0.312500
8986,8.98600000e+03,15,0.312500
8987,8.98700000e+03,15,0.312500
8988,8.98800000e+03,15,0.312500
8989,8.98900000e+03,15,0.312500
8990,8.99000000e+03,21,0.437500
8991,8.99100000e+03,21,0.437500
8992,8.99200000e+03,21,0.437500
8993,8.99300000e+03,21,0.437500
8994,8.99400000e+03,21,0.437500
8995,8.99500000e+03,17,0.354167
8996,8.99600000e+03,17,0.354167
8997,8.99700000e+03,17,0.354167
8998,8.99800000e+03,17,0.354167
8999,8.99900000e+03,17,0.354167
9000,9.00000000e+03,17,0.354167
9001,9.00100000e+03,17,0.354167
9002,9.00200000e+03,17,0.354167
9003,9.00300000e+03,17,0.354167
9004,9.00400000e+03,17,0.354167
9005,9.00500000e+03,17,0.354167
9006,9.00600000e+03,17,0.354167
9007,9.00700000e+03,17,0.354167
9008,9.00800000e+03,17,0.354167
9009,9.00900000e+03,17,0.354167
9010,9.01000000e+03,22,0.458333
9011,9.01100000e+03,22,0.458333
9012,9.01200000e+03,22,0.458333
9013,9.01300000e+03,22,0.458333
9014,9.01400000e+03,22,0.458333
9015,9.01500000e+03,17,0.354167
9016,9.01600000e+03,17,0.354167
9017,9.01700000e+03,17,0.354167
9018,9.01800000e+03,17,0.354167
9019,9.01900000e+03,17,0.354167
9020,9.02000000e+03,21,0.437500
9021,9.02100000e+03,21,0.437500
9022,9.02200000e+03,21,0.437500
9023,9.02300000e+03,21,0.437500
9024,9.02400000e+03,21,0.437500
9025,9.02500000e+03,21,0.437500
9026,9.02600000e+03,21,0.437500
9027,9.02700000e+03,21,0.437500
9028,9.02800000e+03,21,0.437500
9029,9.02900000e+03,21,0.437500
9030,9.03000000e+03,20,0.416667
9031,9.03100000e+03,20,0.416667
9032,9.03200000e+03,20,0.416667
9033,9.03300000e+03,20,0.416667
9034,9.03400000e+03,20,0.416667
9035,9.03500000e+03,19,0.395833
9036,9.03600000e+03,19,0.395833
9037,9.03700000e+03,19,0.395833
9038,9.03800000e+03,19,0.395833
9039,9.03900000e+03,19,0.395833
9040,9.04000000e+03,21,0.437500
9041,9.04100000e+03,21,0.437500
9042,9.04200000e+03,21,0.437500
9043,9.04300000e+03,21,0.437500
9044,9.04400000e+03,21,0.437500
9045,9.04500000e+03,22,0.458333
9046,9.04600000e+03,22,0.458333
9047,9.04700000e+03,22,0.458333
9048,9.04800000e+03,22,0.458333
9049,9.04900000e+03,22,0.458333
9050,9.05000000e+03,22,0.458333
9051,9.05100000e+03,22,0.458333
9052,9.05200000e+03,22,0.458333
9053,9.05300000e+03,22,0.458333
9054,9.05400000e+03,22,0.458333
9055,9.05500000e+03,21,0.437500
9056,9.05600000e+03,21,0.437500
9057,9.05700000e+03,21,0.437500
9058,9.05800000e+03,21,0.437500
9059,9.05900000e+03,21,0.437500
9060,9.06000000e+03,22,0.458333
9061,9.06100000e+03,22,0.458333
9062,9.06200000e+03,22,0.458333
9063,9.06300000e+03,22,0.458333
9064,9.06400000e+03,22,0.458333
9065,9.06500000e+03,20,0.416667
9066,9.06600000e+03,20,0.416667
9067,9.06700000e+03,20,0.416667
9068,9.06800000e+03,20,0.416667
9069,9.06900000e+03,20,0.416667
9070,9.07000000e+03,18,0.375000
9071,9.07100000e+03,18,0.375000
9072,9.07200000e+03,18,0.375000
9073,9.07300000e+03,18,0.375000
9074,9.07400000e+03,18,0.375000
9075,9.07500000e+03,20,0.416667
9076,9.07600000e+03,20,0.416667
9077,9.07700000e+03,20,0.416667
9078,9.07800000e+03,20,0.416667
9079,9.07900000e+03,20,0.416667
9080,9.08000000e+03,18,0.375000
9081,9.08100000e+03,18,0.375000
9082,9.08200000e+03,18,0.375000
9083,9.08300000e+03,18,0.375000
9084,9.08400000e+03,18,0.375000
9085,9.08500000e+03,22,0.458333
9086,9.08600000e+03,22,0.458333
9087,9.08700000e+03,22,0.458333
9088,9.08800000e+03,22,0.458333
9089,9.08900000e+03,22,0.458333
9090,9.09000000e+03,21,0.437500
9091,9.09100000e+03,21,0.437500
9092,9.09200000e+03,21,0.437500
9093,9.09300000e+03,21,0.437500
9094,9.09400000e+03,21,0.437500
9095,9.09500000e+03,21,0.437500
9096,9.09600000e+03,21,0.437500
9097,9.09700000e+03,21,0.437500
9098,9.09800000e+03,21,0.437500
9099,9.09900000e+03,21,0.437500
9100,9.10000000e+03,18,0.375000
9101,9.10100000e+03,18,0.375000
9102,9.10200000e+03,18,0.375000
9103,9.10300000e+03,18,0.375000
9104,9.10400000e+03,18,0.375000
9105,9.10500000e+03,22,0.458333
9106,9.10600000e+03,22,0.458333
9107,9.10700000e+03,22,0.458333
9108,9.10800000e+03,22,0.458333
9109,9.10900000e+03,22,0.458333
9110,9.11000000e+03,22,0.458333
9111,9.11100000e+03,22,0.458333
9112,9.11200000e+03,22,0.458333
9113,9.11300000e+03,22,0.458333
9114,9.11400000e+03,22,0.458333
9115,9.11500000e+03,22,0.458333
9116,9.11600000e+03,22,0.458333
9117,9.11700000e+03,22,0.458333
9118,9.11800000e+03,22,0.458333
9119,9.11900000e+03,22,0.458333
9120,9.12000000e+03,18,0.375000
9121,9.12100000e+03,18,0.375000
9122,9.12200000e+03,18,0.375000
9123,9.12300000e+03,18,0.375000
9124,9.12400000e+03,18,0.375000
9125,9.12500000e+03,21,0.437500
9126,9.12600000e+03,21,0.437500
9127,9.12700000e+03,21,0.437500
9128,9.12800000e+03,21,0.437500
9129,9.12900000e+03,21,0.437500
9130,9.13000000e+03,23,0.479167
9131,9.13100000e+03,23,0.479167
9132,9.13200000e+03,23,0.479167
9133,9.13300000e+03,23,0.479167
9134,9.13400000e+03,23,0.479167
9135,9.13500000e+03,22,0.458333
9136,9.13600000e+03,22,0.458333
9137,9.13700000e+03,22,0.458333
9138,9.13800000e+03,22,0.458333
9139,9.13900000e+03,22,0.458333
9140,9.14000000e+03,18,0.375000
9141,9.14100000e+03,18,0.375000
9142,9.14200000e+03,18,0.375000
9143,9.14300000e+03,18,0.375000
9144,9.14400000e+03,18,0.375000
9145,9.14500000e+03,20,0.416667
9146,9.14600000e+03,20,0.416667
9147,9.14700000e+03,20,0.416667
9148,9.14800000e+03,20,0.416667
9149,9.14900000e+03,20,0.416667
9150,9.15000000e+03,20,0.416667
9151,9.15100000e+03,20,0.416667
9152,9.15200000e+03,20,0.416667
9153,9.15300000e+03,20,0.416667
9154,9.15400000e+03,20,0.416667
9155,9.15500000e+03,23,0.479167
9156,9.15600000e+03,23,0.479167
9157,9.15700000e+03,23,0.479167
9158,9.15800000e+03,23,0.479167
9159,9.15900000e+03,23,0.479167
9160,9.16000000e+03,22,0.458333
9161,9.16100000e+03,22,0.458333
9162,9.16200000e+03,22,0.458333
9163,9.16300000e+03,22,0.458333
9164,9.16400000e+03,22,0.458333
9165,9.16500000e+03,20,0.416667
9166,9.16600000e+03,20,0.416667
9167,9.16700000e+03,20,0.416667
9168,9.16800000e+03,20,0.416667
9169,9.16900000e+03,20,0.416667
9170,9.17000000e+03,21,0.437500
9171,9.17100000e+03,21,0.437500
9172,9.17200000e+03,21,0.437500
9173,9.17300000e+03,21,0.437500
9174,9.17400000e+03,21,0.437500
9175,9.17500000e+03,20,0.416667
9176,9.17600000e+03,20,0.416667
9177,9.17700000e+03,20,0.416667
9178,9.17800000e+03,20,0.416667
9179,9.17900000e+03,20,0.416667
9180,9.18000000e+03,22,0.458333
9181,9.18100000e+03,22,0.458333
9182,9.18200000e+03,22,0.458333
9183,9.18300000e+03,22,0.458333
9184,9.18400000e+03,22,0.458333
9185,9.18500000e+03,20,0.416667
9186,9.18600000e+03,20,0.416667
9187,9.18700000e+03,20,0.416667
9188,9.18800000e+03,20,0.416667
9189,9.18900000e+03,20,0.416667
9190,9.19000000e+03,22,0.458333
9191,9.19100000e+03,22,0.458333
9192,9.19200000e+03,22,0.458333
9193,9.19300000e+03,22,0.458333
9194,9.19400000e+03,22,0.458333
9195,9.19500000e+03,18,0.375000
9196,9.19600000e+03,18,0.375000
9197,9.19700000e+03,18,0.375000
9198,9.19800000e+03,18,0.375000
9199,9.19900000e+03,18,0.375000
9200,9.20000000e+03,20,0.416667
9201,9.20100000e+03,20,0.416667
9202,9.20200000e+03,20,0.416667
9203,9.20300000e+03,20,0.416667
9204,9.20400000e+03,20,0.416667
9205,9.20500000e+03,21,0.437500
9206,9.20600000e+03,21,0.437500
9207,9.20700000e+03,21,0.437500
9208,9.20800000e+03,21,0.437500
9209,9.20900000e+03,21,0.437500
9210,9.21000000e+03,20,0.416667
9211,9.21100000e+03,20,0.416667
9212,9.21200000e+03,20,0.416667
9213,9.21300000e+03,20,0.416667
9214,9.21400000e+03,20,0.416667
9215,9.21500000e+03,22,0.458333
9216,9.21600000e+03,22,0.458333
9217,9.21700000e+03,22,0.458333
9218,9.21800000e+03,22,0.458333
9219,9.21900000e+03,22,0.458333
9220,9.22000000e+03,17,0.354167
9221,9.22100000e+03,17,0.354167
9222,9.22200000e+03,17,0.354167
9223,9.22300000e+03,17,0.354167
9224,9.22400000e+03,17,0.354167
9225,9.22500000e+03,17,0.354167
9226,9.22600000e+03,17,0.354167
9227,9.22700000e+03,17,0.354167
9228,9.22800000e+03,17,0.354167
9229,9.22900000e+03,17,0.354167
9230,9.23000000e+03,20,0.416667
9231,9.23100000e+03,20,0.416667
9232,9.23200000e+03,20,0.416667
9233,9.23300000e+03,20,0.416667
9234,9.23400000e+03,20,0.416667
9235,9.23500000e+03,17,0.354167
9236,9.23600000e+03,17,0.354167
9237,9.23700000e+03,17,0.354167
9238,9.23800000e+03,17,0.354167
9239,9.23900000e+03,17,0.354167
9240,9.24000000e+03,16,0.333333
9241,9.24100000e+03,16,0.333333
9242,9.24200000e+03,16,0.333333
9243,9.24300000e+03,16,0.333333
9244,9.24400000e+03,16,0.333333
9245,9.24500000e+03,20,0.416667
9246,9.24600000e+03,20,0.416667
9247,9.24700000e+03,20,0.416667
9248,9.24800000e+03,20,0.416667
9249,9.24900000e+03,20,0.416667
9250,9.25000000e+03,20,0.416667
9251,9.25100000e+03,20,0.416667
9252,9.25200000e+03,20,0.416667
9253,9.25300000e+03,20,0.416667
9254,9.25400000e+03,20,0.416667
9255,9.25500000e+03,20,0.416667
9256,9.25600000e+03,20,0.416667
9257,9.25700000e+03,20,0.416667
9258,9.25800000e+03,20,0.416667
9259,9.25900000e+03,20,0.416667
9260,9.26000000e+03,23,0.479167
9261,9.26100000e+03,23,0.479167
9262,9.26200000e+03,23,0.479167
9263,9.26300000e+03,23,0.479167
9264,9.26400000e+03,23,0.479167
9265,9.26500000e+03,22,0.458333
9266,9.26600000e+03,22,0.458333
9267,9.26700000e+03,22,0.458333
9268,9.26800000e+03,22,0.458333
9269,9.26900000e+03,22,0.458333
9270,9.27000000e+03,22,0.458333
9271,9.27100000e+03,22,0.458333
9272,9.27200000e+03,22,0.458333
9273,9.27300000e+03,22,0.458333
9274,9.27400000e+03,22,0.458333
9275,9.27500000e+03,22,0.458333
9276,9.27600000e+03,22,0.458333
9277,9.27700000e+03,22,0.458333
9278,9.27800000e+03,22,0.458333
9279,9.27900000e+03,22,0.458333
9280,9.28000000e+03,24,0.500000
9281,9.28100000e+03,24,0.500000
9282,9.28200000e+03,24,0.500000
9283,9.28300000e+03,24,0.500000
9284,9.28400000e+03,24,0.500000
9285,9.28500000e+03,24,0.500000
9286,9.28600000e+03,24,0.500000
9287,9.28700000e+03,24,0.500000
9288,9.28800000e+03,24,0.500000
9289,9.28900000e+03,24,0.500000
9290,9.29000000e+03,24,0.500000
9291,9.29100000e+03,24,0.500000
9292,9.29200000e+03,24,0.500000
9293,9.29300000e+03,24,0.500000
9294,9.29400000e+03,24,0.500000
9295,9.29500000e+03,22,0.458333
9296,9.29600000e+03,22,0.458333
9297,9.29700000e+03,22,0.458333
9298,9.29800000e+03,22,0.458333
9299,9.29900000e+03,22,0.458333
9300,9.30000000e+03,23,0.479167
9301,9.30100000e+03,23,0.479167
9302,9.30200000e+03,23,0.479167
9303,9.30300000e+03,23,0.479167
9304,9.30400000e+03,23,0.479167
9305,9.30500000e+03,26,0.541667
9306,9.30600000e+03,26,0.541667
9307,9.30700000e+03,26,0.541667
9308,9.30800000e+03,26,0.541667
9309,9.30900000e+03,26,0.541667
9310,9.31000000e+03,22,0.458333
9311,9.31100000e+03,22,0.458333
9312,9.31200000e+03,22,0.458333
9313,9.31300000e+03,22,0.458333
9314,9.31400000e+03,22,0.458333
9315,9.31500000e+03,22,0.458333
9316,9.31600000e+03,22,0.458333
9317,9.31700000e+03,22,0.458333
9318,9.31800000e+03,22,0.458333
9319,9.31900000e+03,22,0.458333
9320,9.32000000e+03,21,0.437500
9321,9.32100000e+03,21,0.437500
9322,9.32200000e+03,21,0.437500
9323,9.32300000e+03,21,0.437500
9324,9.32400000e+03,21,0.437500
9325,9.32500000e+03,22,0.458333
9326,9.32600000e+03,22,0.458333
9327,9.32700000e+03,22,0.458333
9328,9.32800000e+03,22,0.458333
9329,9.32900000e+03,22,0.458333
9330,9.33000000e+03,22,0.458333
9331,9.33100000e+03,22,0.458333
9332,9.33200000e+03,22,0.458333
9333,9.33300000e+03,22,0.458333
9334,9.33400000e+03,22,0.458333
9335,9.33500000e+03,21,0.437500
9336,9.33600000e+03,21,0.437500
9337,9.33700000e+03,21,0.437500
9338,9.33800000e+03,21,0.437500
9339,9.33900000e+03,21,0.437500
9340,9.34000000e+03,21,0.437500
9341,9.34100000e+03,21,0.437500
9342,9.34200000e+03,21,0.437500
9343,9.34300000e+03,21,0.437500
9344,9.34400000e+03,21,0.437500
9345,9.34500000e+03,23,0.479167
9346,9.34600000e+03,23,0.479167
9347,9.34700000e+03,23,0.479167
9348,9.34800000e+03,23,0.479167
9349,9.34900000e+03,23,0.479167
9350,9.35000000e+03,20,0.416667
9351,9.35100000e+03,20,0.416667
9352,9.35200000e+03,20,0.416667
9353,9.35300000e+03,20,0.416667
9354,9.35400000e+03,20,0.416667
9355,9.35500000e+03,22,0.458333
9356,9.35600000e+03,22,0.458333
9357,9.35700000e+03,22,0.458333
9358,9.35800000e+03,22,0.458333
9359,9.35900000e+03,22,0.458333
9360,9.36000000e+03,20,0.416667
9361,9.36100000e+03,20,0.416667
9362,9.36200000e+03,20,0.416667
9363,9.36300000e+03,20,0.416667
9364,9.36400000e+03,20,0.416667
9365,9.36500000e+03,22,0.458333
9366,9.36600000e+03,22,0.458333
9367,9.36700000e+03,22,0.458333
9368,9.36800000e+03,22,0.458333
9369,9.36900000e+03,22,0.458333
9370,9.37000000e+03,19,0.395833
9371,9.37100000e+03,19,0.395833
9372,9.37200000e+03,19,0.395833
9373,9.37300000e+03,19,0.395833
9374,9.37400000e+03,19,0.395833
9375,9.37500000e+03,21,0.437500
9376,9.37600000e+03,21,0.437500
9377,9.37700000e+03,21,0.437500
9378,9.37800000e+03,21,0.437500
9379,9.37900000e+03,21,0.437500
9380,9.38000000e+03,23,0.479167
9381,9.38100000e+03,23,0.479167
9382,9.38200000e+03,23,0.479167
9383,9.38300000e+03,23,0.479167
9384,9.38400000e+03,23,0.479167
9385,9.38500000e+03,24,0.500000
9386,9.38600000e+03,24,0.500000
9387,9.38700000e+03,24,0.500000
9388,9.38800000e+03,24,0.500000
9389,9.38900000e+03,24,0.500000
9390,9.39000000e+03,21,0.437500
9391,9.39100000e+03,21,0.437500
9392,9.39200000e+03,21,0.437500
9393,9.39300000e+03,21,0.437500
9394,9.39400000e+03,21,0.437500
9395,9.39500000e+03,24,0.500000
9396,9.39600000e+03,24,0.500000
9397,9.39700000e+03,24,0.500000
9398,9.39800000e+03,24,0.500000
9399,9.39900000e+03,24,0.500000
9400,9.40000000e+03,22,0.458333
9401,9.40100000e+03,22,0.458333
9402,9.40200000e+03,22,0.458333
9403,9.40300000e+03,22,0.458333
9404,9.40400000e+03,22,0.458333
9405,9.40500000e+03,23,0.479167
9406,9.40600000e+03,23,0.479167
9407,9.40700000e+03,23,0.479167
9408,9.40800000e+03,23,0.479167
9409,9.40900000e+03,23,0.479167
9410,9.41000000e+03,24,0.500000
9411,9.41100000e+03,24,0.500000
9412,9.41200000e+03,24,0.500000
9413,9.41300000e+03,24,0.500000
9414,9.41400000e+03,24,0.500000
9415,9.41500000e+03,22,0.458333
9416,9.41600000e+03,22,0.458333
9417,9.41700000e+03,22,0.458333
9418,9.41800000e+03,22,0.458333
9419,9.41900000e+03,22,0.458333
9420,9.42000000e+03,23,0.479167
9421,9.42100000e+03,23,0.479167
9422,9.42200000e+03,23,0.479167
9423,9.42300000e+03,23,0.479167
9424,9.42400000e+03,23,0.479167
9425,9.42500000e+03,23,0.479167
9426,9.42600000e+03,23,0.479167
9427,9.42700000e+03,23,0.479167
9428,9.42800000e+03,23,0.479167
9429,9.42900000e+03,23,0.479167
9430,9.43000000e+03,22,0.458333
9431,9.43100000e+03,22,0.458333
9432,9.43200000e+03,22,0.458333
9433,9.43300000e+03,22,0.458333
9434,9.43400000e+03,22,0.458333
9435,9.43500000e+03,20,0.416667
9436,9.43600000e+03,20,0.416667
9437,9.43700000e+03,20,0.416667
9438,9.43800000e+03,20,0.416667
9439,9.43900000e+03,20,0.416667
9440,9.44000000e+03,20,0.416667
9441,9.44100000e+03,20,0.416667
9442,9.44200000e+03,20,0.416667
9443,9.44300000e+03,20,0.416667
9444,9.44400000e+03,20,0.416667
9445,9.44500000e+03,21,0.437500
9446,9.44600000e+03,21,0.437500
9447,9.44700000e+03,21,0.437500
9448,9.44800000e+03,21,0.437500
9449,9.44900000e+03,21,0.437500
9450,9.45000000e+03,21,0.437500
9451,9.45100000e+03,21,0.437500
9452,9.45200000e+03,21,0.437500
9453,9.45300000e+03,21,0.437500
9454,9.45400000e+03,21,0.437500
9455,9.45500000e+03,21,0.437500
9456,9.45600000e+03,21,0.437500
9457,9.45700000e+03,21,0.437500
9458,9.45800000e+03,21,0.437500
9459,9.45900000e+03,21,0.437500
9460,9.46000000e+03,20,0.416667
9461,9.46100000e+03,20,0.416667
9462,9.46200000e+03,20,0.416667
9463,9.46300000e+03,20,0.416667
9464,9.46400000e+03,20,0.416667
9465,9.46500000e+03,20,0.416667
9466,9.46600000e+03,20,0.416667
9467,9.46700000e+03,20,0.416667
9468,9.46800000e+03,20,0.416667
9469,9.46900000e+03,20,0.416667
9470,9.47000000e+03,19,0.395833
9471,9.47100000e+03,19,0.395833
9472,9.47200000e+03,19,0.395833
9473,9.47300000e+03,19,0.395833
9474,9.47400000e+03,19,0.395833
9475,9.47500000e+03,21,0.437500
9476,9.47600000e+03,21,0.437500
9477,9.47700000e+03,21,0.437500
9478,9.47800000e+03,21,0.437500
9479,9.47900000e+03,21,0.437500
9480,9.48000000e+03,20,0.416667
9481,9.48100000e+03,20,0.416667
9482,9.48200000e+03,20,0.416667
9483,9.48300000e+03,20,0.416667
9484,9.48400000e+03,20,0.416667
9485,9.48500000e+03,19,0.395833
9486,9.48600000e+03,19,0.395833
9487,9.48700000e+03,19,0.395833
9488,9.48800000e+03,19,0.395833
9489,9.48900000e+03,19,0.395833
9490,9.49000000e+03,21,0.437500
9491,9.49100000e+03,21,0.437500
9492,9.49200000e+03,21,0.437500
9493,9.49300000e+03,21,0.437500
9494,9.49400000e+03,21,0.437500
9495,9.49500000e+03,21,0.437500
9496,9.49600000e+03,21,0.437500
9497,9.49700000e+03,21,0.437500
9498,9.49800000e+03,21,0.437500
9499,9.49900000e+03,21,0.437500
9500,9.50000000e+03,18,0.375000
9501,9.50100000e+03,18,0.375000
9502,9.50200000e+03,18,0.375000
9503,9.50300000e+03,18,0.375000
9504,9.50400000e+03,18,0.375000
9505,9.50500000e+03,18,0.375000
9506,9.50600000e+03,18,0.375000
9507,9.50700000e+03,18,0.375000
9508,9.50800000e+03,18,0.375000
9509,9.50900000e+03,18,0.375000
9510,9.51000000e+03,20,0.416667
9511,9.51100000e+03,20,0.416667
9512,9.51200000e+03,20,0.416667
9513,9.51300000e+03,20,0.416667
9514,9.51400000e+03,20,0.416667
9515,9.51500000e+03,22,0.458333
9516,9.51600000e+03,22,0.458333
9517,9.51700000e+03,22,0.458333
9518,9.51800000e+03,22,0.458333
9519,9.51900000e+03,22,0.458333
9520,9.52000000e+03,16,0.333333
9521,9.52100000e+03,16,0.333333
9522,9.52200000e+03,16,0.333333
9523,9.52300000e+03,16,0.333333
9524,9.52400000e+03,16,0.333333
9525,9.52500000e+03,20,0.416667
9526,9.52600000e+03,20,0.416667
9527,9.52700000e+03,20,0.416667
9528,9.52800000e+03,20,0.416667
9529,9.52900000e+03,20,0.416667
9530,9.53000000e+03,18,0.375000
9531,9.53100000e+03,18,0.375000
9532,9.53200000e+03,18,0.375000
9533,9.53300000e+03,18,0.375000
9534,9.53400000e+03,18,0.375000
9535,9.53500000e+03,17,0.354167
9536,9.53600000e+03,17,0.354167
9537,9.53700000e+03,17,0.354167
9538,9.53800000e+03,17,0.354167
9539,9.53900000e+03,17,0.354167
9540,9.54000000e+03,16,0.333333
9541,9.54100000e+03,16,0.333333
9542,9.54200000e+03,16,0.333333
9543,9.54300000e+03,16,0.333333
9544,9.54400000e+03,16,0.333333
9545,9.54500000e+03,20,0.416667
9546,9.54600000e+03,20,0.416667
9547,9.54700000e+03,20,0.416667
9548,9.54800000e+03,20,0.416667
9549,9.54900000e+03,20,0.416667
9550,9.55000000e+03,16,0.333333
9551,9.55100000e+03,16,0.333333
9552,9.55200000e+03,16,0.333333
9553,9.55300000e+03,16,0.333333
9554,9.55400000e+03,16,0.333333
9555,9.55500000e+03,14,0.291667
9556,9.55600000e+03,14,0.291667
9557,9.55700000e+03,14,0.291667
9558,9.55800000e+03,14,0.291667
9559,9.55900000e+03,14,0.291667
9560,9.56000000e+03,14,0.291667
9561,9.56100000e+03,14,0.291667
9562,9.56200000e+03,14,0.291667
9563,9.56300000e+03,14,0.291667
9564,9.56400000e+03,14,0.291667
9565,9.56500000e+03,13,0.270833
9566,9.56600000e+03,13,0.270833
9567,9.56700000e+03,13,0.270833
9568,9.56800000e+03,13,0.270833
9569,9.56900000e+03,13,0.270833
9570,9.57000000e+03,15,0.312500
9571,9.57100000e+03,15,0.312500
9572,9.57200000e+03,15,0.312500
9573,9.57300000e+03,15,0.312500
9574,9.57400000e+03,15,0.312500
9575,9.57500000e+03,12,0.250000
9576,9.57600000e+03,12,0.250000
9577,9.57700000e+03,12,0.250000
9578,9.57800000e+03,12,0.250000
9579,9.57900000e+03,12,0.250000
9580,9.58000000e+03,15,0.312500
9581,9.58100000e+03,15,0.312500
9582,9.58200000e+03,15,0.312500
9583,9.58300000e+03,15,0.312500
9584,9.58400000e+03,15,0.312500
9585,9.58500000e+03,11,0.229167
9586,9.58600000e+03,11,0.229167
9587,9.58700000e+03,11,0.229167
9588,9.58800000e+03,11,0.229167
9589,9.58900000e+03,11,0.229167
9590,9.59000000e+03,9,0.187500
9591,9.59100000e+03,9,0.187500
9592,9.59200000e+03,9,0.187500
9593,9.59300000e+03,9,0.187500
9594,9.59400000e+03,9,0.187500
9595,9.59500000e+03,11,0.229167
9596,9.59600000e+03,11,0.229167
9597,9.59700000e+03,11,0.229167
9598,9.59800000e+03,11,0.229167
9599,9.59900000e+03,11,0.229167
9600,9.60000000e+03,12,0.250000
9601,9.60100000e+03,12,0.250000
9602,9.60200000e+03,12,0.250000
9603,9.60300000e+03,12,0.250000
9604,9.60400000e+03,12,0.250000
9605,9.60500000e+03,10,0.208333
9606,9.60600000e+03,10,0.208333
9607,9.60700000e+03,10,0.208333
9608,9.60800000e+03,10,0.208333
9609,9.60900000e+03,10,0.208333
9610,9.61000000e+03,10,0.208333
9611,9.61100000e+03,10,0.208333
9612,9.61200000e+03,10,0.208333
9613,9.61300000e+03,10,0.208333
9614,9.61400000e+03,10,0.208333
9615,9.61500000e+03,11,0.229167
9616,9.61600000e+03,11,0.229167
9617,9.61700000e+03,11,0.229167
9618,9.61800000e+03,11,0.229167
9619,9.61900000e+03,11,0.229167
9620,9.62000000e+03,11,0.229167
9621,9.62100000e+03,11,0.229167
9622,9.62200000e+03,11,0.229167
9623,9.62300000e+03,11,0.229167
9624,9.62400000e+03,11,0.229167
9625,9.62500000e+03,11,0.229167
9626,9.62600000e+03,11,0.229167
9627,9.62700000e+03,11,0.229167
9628,9.62800000e+03,11,0.229167
9629,9.62900000e+03,11,0.229167
9630,9.63000000e+03,10,0.208333
9631,9.63100000e+03,10,0.208333
9632,9.63200000e+03,10,0.208333
9633,9.63300000e+03,10,0.208333
9634,9.63400000e+03,10,0.208333
9635,9.63500000e+03,12,0.250000
9636,9.63600000e+03,12,0.250000
9637,9.63700000e+03,12,0.250000
9638,9.63800000e+03,12,0.250000
9639,9.63900000e+03,12,0.250000
9640,9.64000000e+03,12,0.250000
9641,9.64100000e+03,12,0.250000
9642,9.64200000e+03,12,0.250000
9643,9.64300000e+03,12,0.250000
9644,9.64400000e+03,12,0.250000
9645,9.64500000e+03,12,0.250000
9646,9.64600000e+03,12,0.250000
9647,9.64700000e+03,12,0.250000
9648,9.64800000e+03,12,0.250000
9649,9.64900000e+03,12,0.250000
9650,9.65000000e+03,11,0.229167
9651,9.65100000e+03,11,0.229167
9652,9.65200000e+03,11,0.229167
9653,9.65300000e+03,11,0.229167
9654,9.65400000e+03,11,0.229167
9655,9.65500000e+03,9,0.187500
9656,9.65600000e+03,9,0.187500
9657,9.65700000e+03,9,0.187500
9658,9.65800000e+03,9,0.187500
9659,9.65900000e+03,9,0.187500
9660,9.66000000e+03,10,0.208333
9661,9.66100000e+03,10,0.208333
9662,9.66200000e+03,10,0.208333
9663,9.66300000e+03,10,0.208333
9664,9.66400000e+03,10,0.208333
9665,9.66500000e+03,13,0.270833
9666,9.66600000e+03,13,0.270833
9667,9.66700000e+03,13,0.270833
9668,9.66800000e+03,13,0.270833
9669,9.66900000e+03,13,0.270833
9670,9.67000000e+03,8,0.166667
9671,9.67100000e+03,8,0.166667
9672,9.67200000e+03,8,0.166667
9673,9.67300000e+03,8,0.166667
9674,9.67400000e+03,8,0.166667
9675,9.67500000e+03,11,0.229167
9676,9.67600000e+03,11,0.229167
9677,9.67700000e+03,11,0.229167
9678,9.67800000e+03,11,0.229167
9679,9.67900000e+03,11,0.229167
9680,9.68000000e+03,6,0.125000
9681,9.68100000e+03,6,0.125000
9682,9.68200000e+03,6,0.125000
9683,9.68300000e+03,6,0.125000
9684,9.68400000e+03,6,0.125000
9685,9.68500000e+03,7,0.145833
9686,9.68600000e+03,7,0.145833
9687,9.68700000e+03,7,0.145833
9688,9.68800000e+03,7,0.145833
9689,9.68900000e+03,7,0.145833
9690,9.69000000e+03,8,0.166667
9691,9.69100000e+03,8,0.166667
9692,9.69200000e+03,8,0.166667
9693,9.69300000e+03,8,0.166667
9694,9.69400000e+03,8,0.166667
9695,9.69500000e+03,8,0.166667
9696,9.69600000e+03,8,0.166667
9697,9.69700000e+03,8,0.166667
9698,9.69800000e+03,8,0.166667
9699,9.69900000e+03,8,0.166667
9700,9.70000000e+03,7,0.145833
9701,9.70100000e+03,7,0.145833
9702,9.70200000e+03,7,0.145833
9703,9.70300000e+03,7,0.145833
9704,9.70400000e+03,7,0.145833
9705,9.70500000e+03,8,0.166667
9706,9.70600000e+03,8,0.166667
9707,9.70700000e+03,8,0.166667
9708,9.70800000e+03,8,0.166667
9709,9.70900000e+03,8,0.166667
9710,9.71000000e+03,6,0.125000
9711,9.71100000e+03,6,0.125000
9712,9.71200000e+03,6,0.125000
9713,9.71300000e+03,6,0.125000
9714,9.71400000e+03,6,0.125000
9715,9.71500000e+03,8,0.166667
9716,9.71600000e+03,8,0.166667
9717,9.71700000e+03,8,0.166667
9718,9.71800000e+03,8,0.166667
9719,9.71900000e+03,8,0.166667
9720,9.72000000e+03,5,0.104167
9721,9.72100000e+03,5,0.104167
9722,9.72200000e+03,5,0.104167
9723,9.72300000e+03,5,0.104167
9724,9.72400000e+03,5,0.104167
9725,9.72500000e+03,7,0.145833
9726,9.72600000e+03,7,0.145833
9727,9.72700000e+03,7,0.145833
9728,9.72800000e+03,7,0.145833
9729,9.72900000e+03,7,0.145833
9730,9.73000000e+03,8,0.166667
9731,9.73100000e+03,8,0.166667
9732,9.73200000e+03,8,0.166667
9733,9.73300000e+03,8,0.166667
9734,9.73400000e+03,8,0.166667
9735,9.73500000e+03,9,0.187500
9736,9.73600000e+03,9,0.187500
9737,9.73700000e+03,9,0.187500
9738,9.73800000e+03,9,0.187500
9739,9.73900000e+03,9,0.187500
9740,9.74000000e+03,6,0.125000
9741,9.74100000e+03,6,0.125000
9742,9.74200000e+03,6,0.125000
9743,9.74300000e+03,6,0.125000
9744,9.74400000e+03,6,0.125000
9745,9.74500000e+03,9,0.187500
9746,9.74600000e+03,9,0.187500
9747,9.74700000e+03,9,0.187500
9748,9.74800000e+03,9,0.187500
9749,9.74900000e+03,9,0.187500
9750,9.75000000e+03,5,0.104167
9751,9.75100000e+03,5,0.104167
9752,9.75200000e+03,5,0.104167
9753,9.75300000e+03,5,0.104167
9754,9.75400000e+03,5,0.104167
9755,9.75500000e+03,11,0.229167
9756,9.75600000e+03,11,0.229167
9757,9.75700000e+03,11,0.229167
9758,9.75800000e+03,11,0.229167
9759,9.75900000e+03,11,0.229167
9760,9.76000000e+03,7,0.145833
9761,9.76100000e+03,7,0.145833
9762,9.76200000e+03,7,0.145833
9763,9.76300000e+03,7,0.145833
9764,9.76400000e+03,7,0.145833
9765,9.76500000e+03,9,0.187500
9766,9.76600000e+03,9,0.187500
9767,9.76700000e+03,9,0.187500
9768,9.76800000e+03,9,0.187500
9769,9.76900000e+03,9,0.187500
9770,9.77000000e+03,7,0.145833
9771,9.77100000e+03,7,0.145833
9772,9.77200000e+03,7,0.145833
9773,9.77300000e+03,7,0.145833
9774,9.77400000e+03,7,0.145833
9775,9.77500000e+03,8,0.166667
9776,9.77600000e+03,8,0.166667
9777,9.77700000e+03,8,0.166667
9778,9.77800000e+03,8,0.166667
9779,9.77900000e+03,8,0.166667
9780,9.78000000e+03,6,0.125000
9781,9.78100000e+03,6,0.125000
9782,9.78200000e+03,6,0.125000
9783,9.78300000e+03,6,0.125000
9784,9.78400000e+03,6,0.125000
9785,9.78500000e+03,5,0.104167
9786,9.78600000e+03,5,0.104167
9787,9.78700000e+03,5,0.104167
9788,9.78800000e+03,5,0.104167
9789,9.78900000e+03,5,0.104167
9790,9.79000000e+03,7,0.145833
9791,9.79100000e+03,7,0.145833
9792,9.79200000e+03,7,0.145833
9793,9.79300000e+03,7,0.145833
9794,9.79400000e+03,7,0.145833
9795,9.79500000e+03,7,0.145833
9796,9.79600000e+03,7,0.145833
9797,9.79700000e+03,7,0.145833
9798,9.79800000e+03,7,0.145833
9799,9.79900000e+03,7,0.145833
9800,9.80000000e+03,4,0.083333
9801,9.80100000e+03,4,0.083333
9802,9.80200000e+03,4,0.083333
9803,9.80300000e+03,4,0.083333
9804,9.80400000e+03,4,0.083333
9805,9.80500000e+03,1,0.020833
9806,9.80600000e+03,1,0.020833
9807,9.80700000e+03,1,0.020833
9808,9.80800000e+03,1,0.020833
9809,9.80900000e+03,1,0.020833
9810,9.81000000e+03,6,0.125000
9811,9.81100000e+03,6,0.125000
9812,9.81200000e+03,6,0.125000
9813,9.81300000e+03,6,0.125000
9814,9.81400000e+03,6,0.125000
9815,9.81500000e+03,7,0.145833
9816,9.81600000e+03,7,0.145833
9817,9.81700000e+03,7,0.145833
9818,9.81800000e+03,7,0.145833
9819,9.81900000e+03,7,0.145833
9820,9.82000000e+03,6,0.125000
9821,9.82100000e+03,6,0.125000
9822,9.82200000e+03,6,0.125000
9823,9.82300000e+03,6,0.125000
9824,9.82400000e+03,6,0.125000
9825,9.82500000e+03,4,0.083333
9826,9.82600000e+03,4,0.083333
9827,9.82700000e+03,4,0.083333
9828,9.82800000e+03,4,0.083333
9829,9.82900000e+03,4,0.083333
9830,9.83000000e+03,5,0.104167
9831,9.83100000e+03,5,0.104167
9832,9.83200000e+03,5,0.104167
9833,9.83300000e+03,5,0.104167
9834,9.83400000e+03,5,0.104167
9835,9.83500000e+03,4,0.083333
9836,9.83600000e+03,4,0.083333
9837,9.83700000e+03,4,0.083333
9838,9.83800000e+03,4,0.083333
9839,9.83900000e+03,4,0.083333
9840,9.84000000e+03,2,0.041667
9841,9.84100000e+03,2,0.041667
9842,9.84200000e+03,2,0.041667
9843,9.84300000e+03,2,0.041667
9844,9.84400000e+03,2,0.041667
9845,9.84500000e+03,7,0.145833
9846,9.84600000e+03,7,0.145833
9847,9.84700000e+03,7,0.145833
9848,9.84800000e+03,7,0.145833
9849,9.84900000e+03,7,0.145833
9850,9.85000000e+03,5,0.104167
9851,9.85100000e+03,5,0.104167
9852,9.85200000e+03,5,0.104167
9853,9.85300000e+03,5,0.104167
9854,9.85400000e+03,5,0.104167
9855,9.85500000e+03,3,0.062500
9856,9.85600000e+03,3,0.062500
9857,9.85700000e+03,3,0.062500
9858,9.85800000e+03,3,0.062500
9859,9.85900000e+03,3,0.062500
9860,9.86000000e+03,4,0.083333
9861,9.86100000e+03,4,0.083333
9862,9.86200000e+03,4,0.083333
9863,9.86300000e+03,4,0.083333
9864,9.86400000e+03,4,0.083333
9865,9.86500000e+03,5,0.104167
9866,9.86600000e+03,5,0.104167
9867,9.86700000e+03,5,0.104167
9868,9.86800000e+03,5,0.104167
9869,9.86900000e+03,5,0.104167
9870,9.87000000e+03,6,0.125000
9871,9.87100000e+03,6,0.125000
9872,9.87200000e+03,6,0.125000
9873,9.87300000e+03,6,0.125000
9874,9.87400000e+03,6,0.125000
9875,9.87500000e+03,3,0.062500
9876,9.87600000e+03,3,0.062500
9877,9.87700000e+03,3,0.062500
9878,9.87800000e+03,3,0.062500
9879,9.87900000e+03,3,0.062500
9880,9.88000000e+03,7,0.145833
9881,9.88100000e+03,7,0.145833
9882,9.88200000e+03,7,0.145833
9883,9.88300000e+03,7,0.145833
9884,9.88400000e+03,7,0.145833
9885,9.88500000e+03,6,0.125000
9886,9.88600000e+03,6,0.125000
9887,9.88700000e+03,6,0.125000
9888,9.88800000e+03,6,0.125000
9889,9.88900000e+03,6,0.125000
9890,9.89000000e+03,5,0.104167
9891,9.89100000e+03,5,0.104167
9892,9.89200000e+03,5,0.104167
9893,9.89300000e+03,5,0.104167
9894,9.89400000e+03,5,0.104167
9895,9.89500000e+03,6,0.125000
9896,9.89600000e+03,6,0.125000
9897,9.89700000e+03,6,0.125000
9898,9.89800000e+03,6,0.125000
9899,9.89900000e+03,6,0.125000
9900,9.90000000e+03,8,0.166667
9901,9.90100000e+03,8,0.166667
9902,9.90200000e+03,8,0.166667
9903,9.90300000e+03,8,0.166667
9904,9.90400000e+03,8,0.166667
9905,9.90500000e+03,5,0.104167
9906,9.90600000e+03,5,0.104167
9907,9.90700000e+03,5,0.104167
9908,9.90800000e+03,5,0.104167
9909,9.90900000e+03,5,0.104167
9910,9.91000000e+03,3,0.062500
9911,9.91100000e+03,3,0.062500
9912,9.91200000e+03,3,0.062500
9913,9.91300000e+03,3,0.062500
9914,9.91400000e+03,3,0.062500
9915,9.91500000e+03,7,0.145833
9916,9.91600000e+03,7,0.145833
9917,9.91700000e+03,7,0.145833
9918,9.91800000e+03,7,0.145833
9919,9.91900000e+03,7,0.145833
9920,9.92000000e+03,3,0.062500
9921,9.92100000e+03,3,0.062500
9922,9.92200000e+03,3,0.062500
9923,9.92300000e+03,3,0.062500
9924,9.92400000e+03,3,0.062500
9925,9.92500000e+03,2,0.041667
9926,9.92600000e+03,2,0.041667
9927,9.92700000e+03,2,0.041667
9928,9.92800000e+03,2,0.041667
9929,9.92900000e+03,2,0.041667
9930,9.93000000e+03,6,0.125000
9931,9.93100000e+03,6,0.125000
9932,9.93200000e+03,6,0.125000
9933,9.93300000e+03,6,0.125000
9934,9.93400000e+03,6,0.125000
9935,9.93500000e+03,3,0.062500
9936,9.93600000e+03,3,0.062500
9937,9.93700000e+03,3,0.062500
9938,9.93800000e+03,3,0.062500
9939,9.93900000e+03,3,0.062500
9940,9.94000000e+03,1,0.020833
9941,9.94100000e+03,1,0.020833
9942,9.94200000e+03,1,0.020833
9943,9.94300000e+03,1,0.020833
9944,9.94400000e+03,1,0.020833
9945,9.94500000e+03,1,0.020833
9946,9.94600000e+03,1,0.020833
9947,9.94700000e+03,1,0.020833
9948,9.94800000e+03,1,0.020833
9949,9.94900000e+03,1,0.020833
9950,9.95000000e+03,5,0.104167
9951,9.95100000e+03,5,0.104167
9952,9.95200000e+03,5,0.104167
9953,9.95300000e+03,5,0.104167
9954,9.95400000e+03,5,0.104167
9955,9.95500000e+03,3,0.062500
9956,9.95600000e+03,3,0.062500
9957,9.95700000e+03,3,0.062500
9958,9.95800000e+03,3,0.062500
9959,9.95900000e+03,3,0.062500
9960,9.96000000e+03,4,0.083333
9961,9.96100000e+03,4,0.083333
9962,9.96200000e+03,4,0.083333
9963,9.96300000e+03,4,0.083333
9964,9.96400000e+03,4,0.083333
9965,9.96500000e+03,3,0.062500
9966,9.96600000e+03,3,0.062500
9967,9.96700000e+03,3,0.062500
9968,9.96800000e+03,3,0.062500
9969,9.96900000e+03,3,0.062500
9970,9.97000000e+03,0,0.000000
9971,9.97100000e+03,0,0.000000
9972,9.97200000e+03,0,0.000000
9973,9.97300000e+03,0,0.000000
9974,9.97400000e+03,0,0.000000
9975,9.97500000e+03,4,0.083333
9976,9.97600000e+03,4,0.083333
9977,9.97700000e+03,4,0.083333
9978,9.97800000e+03,4,0.083333
9979,9.97900000e+03,4,0.083333
9980,9.98000000e+03,2,0.041667
9981,9.98100000e+03,2,0.041667
9982,9.98200000e+03,2,0.041667
9983,9.98300000e+03,2,0.041667
9984,9.98400000e+03,2,0.041667
9985,9.98500000e+03,1,0.020833
9986,9.98600000e+03,1,0.020833
9987,9.98700000e+03,1,0.020833
9988,9.98800000e+03,1,0.020833
9989,9.98900000e+03,1,0.020833
9990,9.99000000e+03,0,0.000000
9991,9.99100000e+03,0,0.000000
9992,9.99200000e+03,0,0.000000
9993,9.99300000e+03,0,0.000000
9994,9.99400000e+03,0,0.000000
9995,9.99500000e+03,2,0.041667
9996,9.99600000e+03,2,0.041667
9997,9.99700000e+03,2,0.041667
9998,9.99800000e+03,2,0.041667
9999,9.99900000e+03,2,0.041667
10000,1.00000000e+04,3,0.062500
10001,1.00010000e+04,3,0.062500
10002,1.00020000e+04,3,0.062500
10003,1.00030000e+04,3,0.062500
10004,1.00040000e+04,3,0.062500
10005,1.00050000e+04,2,0.041667
10006,1.00060000e+04,2,0.041667
10007,1.00070000e+04,2,0.041667
10008,1.00080000e+04,2,0.041667
10009,1.00090000e+04,2,0.041667
10010,1.00100000e+04,4,0.083333
10011,1.00110000e+04,4,0.083333
10012,1.00120000e+04,4,0.083333
10013,1.00130000e+04,4,0.083333
10014,1.00140000e+04,4,0.083333
10015,1.00150000e+04,-1,-0.020833
10016,1.00160000e+04,-1,-0.020833
10017,1.00170000e+04,-1,-0.020833
10018,1.00180000e+04,-1,-0.020833
10019,1.00190000e+04,-1,-0.020833
10020,1.00200000e+04,1,0.020833
10021,1.00210000e+04,1,0.020833
10022,1.00220000e+04,1,0.020833
10023,1.00230000e+04,1,0.020833
10024,1.00240000e+04,1,0.020833
10025,1.00250000e+04,-3,-0.062500
10026,1.00260000e+04,-3,-0.062500
10027,1.00270000e+04,-3,-0.062500
10028,1.00280000e+04,-3,-0.062500
10029,1.00290000e+04,-3,-0.062500
10030,1.00300000e+04,1,0.020833
10031,1.00310000e+04,1,0.020833
10032,1.00320000e+04,1,0.020833
10033,1.00330000e+04,1,0.020833
10034,1.00340000e+04,1,0.020833
10035,1.00350000e+04,-2,-0.041667
10036,1.00360000e+04,-2,-0.041667
10037,1.00370000e+04,-2,-0.041667
10038,1.00380000e+04,-2,-0.041667
10039,1.00390000e+04,-2,-0.041667
10040,1.00400000e+04,-4,-0.083333
10041,1.00410000e+04,-4,-0.083333
10042,1.00420000e+04,-4,-0.083333
10043,1.00430000e+04,-4,-0.083333
10044,1.00440000e+04,-4,-0.083333
10045,1.00450000e+04,-4,-0.083333
10046,1.00460000e+04,-4,-0.083333
10047,1.00470000e+04,-4,-0.083333
10048,1.00480000e+04,-4,-0.083333
10049,1.00490000e+04,-4,-0.083333
10050,1.00500000e+04,-3,-0.062500
10051,1.00510000e+04,-3,-0.062500
10052,1.00520000e+04,-3,-0.062500
10053,1.00530000e+04,-3,-0.062500
10054,1.00540000e+04,-3,-0.062500
10055,1.00550000e+04,-4,-0.083333
10056,1.00560000e+04,-4,-0.083333
10057,1.00570000e+04,-4,-0.083333
10058,1.00580000e+04,-4,-0.083333
10059,1.00590000e+04,-4,-0.083333
10060,1.00600000e+04,-5,-0.104167
10061,1.00610000e+04,-5,-0.104167
10062,1.00620000e+04,-5,-0.104167
10063,1.00630000e+04,-5,-0.104167
10064,1.00640000e+04,-5,-0.104167
10065,1.00650000e+04,-4,-0.083333
10066,1.00660000e+04,-4,-0.083333
10067,1.00670000e+04,-4,-0.083333
10068,1.00680000e+04,-4,-0.083333
10069,1.00690000e+04,-4,-0.083333
10070,1.00700000e+04,-2,-0.041667
10071,1.00710000e+04,-2,-0.041667
10072,1.00720000e+04,-2,-0.041667
10073,1.00730000e+04,-2,-0.041667
10074,1.00740000e+04,-2,-0.041667
10075,1.00750000e+04,-7,-0.145833
10076,1.00760000e+04,-7,-0.145833
10077,1.00770000e+04,-7,-0.145833
10078,1.00780000e+04,-7,-0.145833
10079,1.00790000e+04,-7,-0.145833
10080,1.00800000e+04,-5,-0.104167
10081,1.00810000e+04,-5,-0.104167
10082,1.00820000e+04,-5,-0.104167
10083,1.00830000e+04,-5,-0.104167
10084,1.00840000e+04,-5,-0.104167
10085,1.00850000e+04,-5,-0.104167
10086,1.00860000e+04,-5,-0.104167
10087,1.00870000e+04,-5,-0.104167
10088,1.00880000e+04,-5,-0.104167
10089,1.00890000e+04,-5,-0.104167
10090,1.00900000e+04,-4,-0.083333
10091,1.00910000e+04,-4,-0.083333
10092,1.00920000e+04,-4,-0.083333
10093,1.00930000e+04,-4,-0.083333
10094,1.00940000e+04,-4,-0.083333
10095,1.00950000e+04,-7,-0.145833
10096,1.00960000e+04,-7,-0.145833
10097,1.00970000e+04,-7,-0.145833
10098,1.00980000e+04,-7,-0.145833
10099,1.00990000e+04,-7,-0.145833
10100,1.01000000e+04,-8,-0.166667
10101,1.01010000e+04,-8,-0.166667
10102,1.01020000e+04,-8,-0.166667
10103,1.01030000e+04,-8,-0.166667
10104,1.01040000e+04,-8,-0.166667
10105,1.01050000e+04,-4,-0.083333
10106,1.01060000e+04,-4,-0.083333
10107,1.01070000e+04,-4,-0.083333
10108,1.01080000e+04,-4,-0.083333
10109,1.01090000e+04,-4,-0.083333
10110,1.01100000e+04,-8,-0.166667
10111,1.01110000e+04,-8,-0.166667
10112,1.01120000e+04,-8,-0.166667
10113,1.01130000e+04,-8,-0.166667
10114,1.01140000e+04,-8,-0.166667
10115,1.01150000e+04,-7,-0.145833
10116,1.01160000e+04,-7,-0.145833
10117,1.01170000e+04,-7,-0.145833
10118,1.01180000e+04,-7,-0.145833
10119,1.01190000e+04,-7,-0.145833
10120,1.01200000e+04,-8,-0.166667
10121,1.01210000e+04,-8,-0.166667
10122,1.01220000e+04,-8,-0.166667
10123,1.01230000e+04,-8,-0.166667
10124,1.01240000e+04,-8,-0.166667
10125,1.01250000e+04,-8,-0.166667
10126,1.01260000e+04,-8,-0.166667
10127,1.01270000e+04,-8,-0.166667
10128,1.01280000e+04,-8,-0.166667
10129,1.01290000e+04,-8,-0.166667
10130,1.01300000e+04,-5,-0.104167
10131,1.01310000e+04,-5,-0.104167
10132,1.01320000e+04,-5,-0.104167
10133,1.01330000e+04,-5,-0.104167
10134,1.01340000e+04,-5,-0.104167
10135,1.01350000e+04,-7,-0.145833
10136,1.01360000e+04,-7,-0.145833
10137,1.01370000e+04,-7,-0.145833
10138,1.01380000e+04,-7,-0.145833
10139,1.01390000e+04,-7,-0.145833
10140,1.01400000e+04,-10,-0.208333
10141,1.01410000e+04,-10,-0.208333
10142,1.01420000e+04,-10,-0.208333
10143,1.01430000e+04,-10,-0.208333
10144,1.01440000e+04,-10,-0.208333
10145,1.01450000e+04,-8,-0.166667
10146,1.01460000e+04,-8,-0.166667
10147,1.01470000e+04,-8,-0.166667
10148,1.01480000e+04,-8,-0.166667
10149,1.01490000e+04,-8,-0.166667
10150,1.01500000e+04,-14,-0.291667
10151,1.01510000e+04,-14,-0.291667
10152,1.01520000e+04,-14,-0.291667
10153,1.01530000e+04,-14,-0.291667
10154,1.01540000e+04,-14,-0.291667
10155,1.01550000e+04,-12,-0.250000
10156,1.01560000e+04,-12,-0.250000
10157,1.01570000e+04,-12,-0.250000
10158,1.01580000e+04,-12,-0.250000
10159,1.01590000e+04,-12,-0.250000
10160,1.01600000e+04,-11,-0.229167
10161,1.01610000e+04,-11,-0.229167
10162,1.01620000e+04,-11,-0.229167
10163,1.01630000e+04,-11,-0.229167
10164,1.01640000e+04,-11,-0.229167
10165,1.01650000e+04,-12,-0.250000
10166,1.01660000e+04,-12,-0.250000
10167,1.01670000e+04,-12,-0.250000
10168,1.01680000e+04,-12,-0.250000
10169,1.01690000e+04,-12,-0.250000
10170,1.01700000e+04,-13,-0.270833
10171,1.01710000e+04,-13,-0.270833
10172,1.01720000e+04,-13,-0.270833
10173,1.01730000e+04,-13,-0.270833
10174,1.01740000e+04,-13,-0.270833
10175,1.01750000e+04,-11,-0.229167
10176,1.01760000e+04,-11,-0.229167
10177,1.01770000e+04,-11,-0.229167
10178,1.01780000e+04,-11,-0.229167
10179,1.01790000e+04,-11,-0.229167
10180,1.01800000e+04,-11,-0.229167
10181,1.01810000e+04,-11,-0.229167
10182,1.01820000e+04,-11,-0.229167
10183,1.01830000e+04,-11,-0.229167
10184,1.01840000e+04,-11,-0.229167
10185,1.01850000e+04,-11,-0.229167
10186,1.01860000e+04,-11,-0.229167
10187,1.01870000e+04,-11,-0.229167
10188,1.01880000e+04,-11,-0.229167
10189,1.01890000e+04,-11,-0.229167
10190,1.01900000e+04,-9,-0.187500
10191,1.01910000e+04,-9,-0.187500
10192,1.01920000e+04,-9,-0.187500
10193,1.01930000e+04,-9,-0.187500
10194,1.01940000e+04,-9,-0.187500
10195,1.01950000e+04,-11,-0.229167
10196,1.01960000e+04,-11,-0.229167
10197,1.01970000e+04,-11,-0.229167
10198,1.01980000e+04,-11,-0.229167
10199,1.01990000e+04,-11,-0.229167
10200,1.02000000e+04,-12,-0.250000
10201,1.02010000e+04,-12,-0.250000
10202,1.02020000e+04,-12,-0.250000
10203,1.02030000e+04,-12,-0.250000
10204,1.02040000e+04,-12,-0.250000
10205,1.02050000e+04,-12,-0.250000
10206,1.02060000e+04,-12,-0.250000
10207,1.02070000e+04,-12,-0.250000
10208,1.02080000e+04,-12,-0.250000
10209,1.02090000e+04,-12,-0.250000
10210,1.02100000e+04,-11,-0.229167
10211,1.02110000e+04,-11,-0.229167
10212,1.02120000e+04,-11,-0.229167
10213,1.02130000e+04,-11,-0.229167
10214,1.02140000e+04,-11,-0.229167
10215,1.02150000e+04,-14,-0.291667
10216,1.02160000e+04,-14,-0.291667
10217,1.02170000e+04,-14,-0.291667
10218,1.02180000e+04,-14,-0.291667
10219,1.02190000e+04,-14,-0.291667
10220,1.02200000e+04,-11,-0.229167
10221,1.02210000e+04,-11,-0.229167
10222,1.02220000e+04,-11,-0.229167
10223,1.02230000e+04,-11,-0.229167
10224,1.02240000e+04,-11,-0.229167
10225,1.02250000e+04,-15,-0.312500
10226,1.02260000e+04,-15,-0.312500
10227,1.02270000e+04,-15,-0.312500
10228,1.02280000e+04,-15,-0.312500
10229,1.02290000e+04,-15,-0.312500
10230,1.02300000e+04,-15,-0.312500
10231,1.02310000e+04,-15,-0.312500
10232,1.02320000e+04,-15,-0.312500
10233,1.02330000e+04,-15,-0.312500
10234,1.02340000e+04,-15,-0.312500
10235,1.02350000e+04,-9,-0.187500
10236,1.02360000e+04,-9,-0.187500
10237,1.02370000e+04,-9,-0.187500
10238,1.02380000e+04,-9,-0.187500
10239,1.02390000e+04,-9,-0.187500
10240,1.02400000e+04,-14,-0.291667
10241,1.02410000e+04,-14,-0.291667
10242,1.02420000e+04,-14,-0.291667
10243,1.02430000e+04,-14,-0.291667
10244,1.02440000e+04,-14,-0.291667
10245,1.02450000e+04,-15,-0.312500
10246,1.02460000e+04,-15,-0.312500
10247,1.02470000e+04,-15,-0.312500
10248,1.02480000e+04,-15,-0.312500
10249,1.02490000e+04,-15,-0.312500
10250,1.02500000e+04,-13,-0.270833
10251,1.02510000e+04,-13,-0.270833
10252,1.02520000e+04,-13,-0.270833
10253,1.02530000e+04,-13,-0.270833
10254,1.02540000e+04,-13,-0.270833
10255,1.02550000e+04,-13,-0.270833
10256,1.02560000e+04,-13,-0.270833
10257,1.02570000e+04,-13,-0.270833
10258,1.02580000e+04,-13,-0.270833
10259,1.02590000e+04,-13,-0.270833
10260,1.02600000e+04,-13,-0.270833
10261,1.02610000e+04,-13,-0.270833
10262,1.02620000e+04,-13,-0.270833
10263,1.02630000e+04,-13,-0.270833
10264,1.02640000e+04,-13,-0.270833
10265,1.02650000e+04,-13,-0.270833
10266,1.02660000e+04,-13,-0.270833
10267,1.02670000e+04,-13,-0.270833
10268,1.02680000e+04,-13,-0.270833
10269,1.02690000e+04,-13,-0.270833
10270,1.02700000e+04,-17,-0.354167
10271,1.02710000e+04,-17,-0.354167
10272,1.02720000e+04,-17,-0.354167
10273,1.02730000e+04,-17,-0.354167
10274,1.02740000e+04,-17,-0.354167
10275,1.02750000e+04,-12,-0.250000
10276,1.02760000e+04,-12,-0.250000
10277,1.02770000e+04,-12,-0.250000
10278,1.02780000e+04,-12,-0.250000
10279,1.02790000e+04,-12,-0.250000
10280,1.02800000e+04,-17,-0.354167
10281,1.02810000e+04,-17,-0.354167
10282,1.02820000e+04,-17,-0.354167
10283,1.02830000e+04,-17,-0.354167
10284,1.02840000e+04,-17,-0.354167
10285,1.02850000e+04,-16,-0.333333
10286,1.02860000e+04,-16,-0.333333
10287,1.02870000e+04,-16,-0.333333
10288,1.02880000e+04,-16,-0.333333
10289,1.02890000e+04,-16,-0.333333
10290,1.02900000e+04,-15,-0.312500
10291,1.02910000e+04,-15,-0.312500
10292,1.02920000e+04,-15,-0.312500
10293,1.02930000e+04,-15,-0.312500
10294,1.02940000e+04,-15,-0.312500
10295,1.02950000e+04,-12,-0.250000
10296,1.02960000e+04,-12,-0.250000
10297,1.02970000e+04,-12,-0.250000
10298,1.02980000e+04,-12,-0.250000
10299,1.02990000e+04,-12,-0.250000
10300,1.03000000e+04,-15,-0.312500
10301,1.03010000e+04,-15,-0.312500
10302,1.03020000e+04,-15,-0.312500
10303,1.03030000e+04,-15,-0.312500
10304,1.03040000e+04,-15,-0.312500
10305,1.03050000e+04,-13,-0.270833
10306,1.03060000e+04,-13,-0.270833
10307,1.03070000e+04,-13,-0.270833
10308,1.03080000e+04,-13,-0.270833
10309,1.03090000e+04,-13,-0.270833
10310,1.03100000e+04,-15,-0.312500
10311,1.03110000e+04,-15,-0.312500
10312,1.03120000e+04,-15,-0.312500
10313,1.03130000e+04,-15,-0.312500
10314,1.03140000e+04,-15,-0.312500
10315,1.03150000e+04,-13,-0.270833
10316,1.03160000e+04,-13,-0.270833
10317,1.03170000e+04,-13,-0.270833
10318,1.03180000e+04,-13,-0.270833
10319,1.03190000e+04,-13,-0.270833
10320,1.03200000e+04,-15,-0.312500
10321,1.03210000e+04,-15,-0.312500
10322,1.03220000e+04,-15,-0.312500
10323,1.03230000e+04,-15,-0.312500
10324,1.03240000e+04,-15,-0.312500
10325,1.03250000e+04,-12,-0.250000
10326,1.03260000e+04,-12,-0.250000
10327,1.03270000e+04,-12,-0.250000
10328,1.03280000e+04,-12,-0.250000
10329,1.03290000e+04,-12,-0.250000
10330,1.03300000e+04,-13,-0.270833
10331,1.03310000e+04,-13,-0.270833
10332,1.03320000e+04,-13,-0.270833
10333,1.03330000e+04,-13,-0.270833
10334,1.03340000e+04,-13,-0.270833
10335,1.03350000e+04,-14,-0.291667
10336,1.03360000e+04,-14,-0.291667
10337,1.03370000e+04,-14,-0.291667
10338,1.03380000e+04,-14,-0.291667
10339,1.03390000e+04,-14,-0.291667
10340,1.03400000e+04,-14,-0.291667
10341,1.03410000e+04,-14,-0.291667
10342,1.03420000e+04,-14,-0.291667
10343,1.03430000e+04,-14,-0.291667
10344,1.03440000e+04,-14,-0.291667
10345,1.03450000e+04,-14,-0.291667
10346,1.03460000e+04,-14,-0.291667
10347,1.03470000e+04,-14,-0.291667
10348,1.03480000e+04,-14,-0.291667
10349,1.03490000e+04,-14,-0.291667
10350,1.03500000e+04,-15,-0.312500
10351,1.03510000e+04,-15,-0.312500
10352,1.03520000e+04,-15,-0.312500
10353,1.03530000e+04,-15,-0.312500
10354,1.03540000e+04,-15,-0.312500
10355,1.03550000e+04,-15,-0.312500
10356,1.03560000e+04,-15,-0.312500
10357,1.03570000e+04,-15,-0.312500
10358,1.03580000e+04,-15,-0.312500
10359,1.03590000e+04,-15,-0.312500
10360,1.03600000e+04,-12,-0.250000
10361,1.03610000e+04,-12,-0.250000
10362,1.03620000e+04,-12,-0.250000
10363,1.03630000e+04,-12,-0.250000
10364,1.03640000e+04,-12,-0.250000
10365,1.03650000e+04,-13,-0.270833
10366,1.03660000e+04,-13,-0.270833
10367,1.03670000e+04,-13,-0.270833
10368,1.03680000e+04,-13,-0.270833
10369,1.03690000e+04,-13,-0.270833
10370,1.03700000e+04,-13,-0.270833
10371,1.03710000e+04,-13,-0.270833
10372,1.03720000e+04,-13,-0.270833
10373,1.03730000e+04,-13,-0.270833
10374,1.03740000e+04,-13,-0.270833
10375,1.03750000e+04,-15,-0.312500
10376,1.03760000e+04,-15,-0.312500
10377,1.03770000e+04,-15,-0.312500
10378,1.03780000e+04,-15,-0.312500
10379,1.03790000e+04,-15,-0.312500
10380,1.03800000e+04,-13,-0.270833
10381,1.03810000e+04,-13,-0.270833
10382,1.03820000e+04,-13,-0.270833
10383,1.03830000e+04,-13,-0.270833
10384,1.03840000e+04,-13,-0.270833
10385,1.03850000e+04,-12,-0.250000
10386,1.03860000e+04,-12,-0.250000
10387,1.03870000e+04,-12,-0.250000
10388,1.03880000e+04,-12,-0.250000
10389,1.03890000e+04,-12,-0.250000
10390,1.03900000e+04,-15,-0.312500
10391,1.03910000e+04,-15,-0.312500
10392,1.03920000e+04,-15,-0.312500
10393,1.03930000e+04,-15,-0.312500
10394,1.03940000e+04,-15,-0.312500
10395,1.03950000e+04,-13,-0.270833
10396,1.03960000e+04,-13,-0.270833
10397,1.03970000e+04,-13,-0.270833
10398,1.03980000e+04,-13,-0.270833
10399,1.03990000e+04,-13,-0.270833
10400,1.04000000e+04,-15,-0.312500
10401,1.04010000e+04,-15,-0.312500
10402,1.04020000e+04,-15,-0.312500
10403,1.04030000e+04,-15,-0.312500
10404,1.04040000e+04,-15,-0.312500
10405,1.04050000e+04,-12,-0.250000
10406,1.04060000e+04,-12,-0.250000
10407,1.04070000e+04,-12,-0.250000
10408,1.04080000e+04,-12,-0.250000
10409,1.04090000e+04,-12,-0.250000
10410,1.04100000e+04,-12,-0.250000
10411,1.04110000e+04,-12,-0.250000
10412,1.04120000e+04,-12,-0.250000
10413,1.04130000e+04,-12,-0.250000
10414,1.04140000e+04,-12,-0.250000
10415,1.04150000e+04,-17,-0.354167
10416,1.04160000e+04,-17,-0.354167
10417,1.04170000e+04,-17,-0.354167
10418,1.04180000e+04,-17,-0.354167
10419,1.04190000e+04,-17,-0.354167
10420,1.04200000e+04,-15,-0.312500
10421,1.04210000e+04,-15,-0.312500
10422,1.04220000e+04,-15,-0.312500
10423,1.04230000e+04,-15,-0.312500
10424,1.04240000e+04,-15,-0.312500
10425,1.04250000e+04,-15,-0.312500
10426,1.04260000e+04,-15,-0.312500
10427,1.04270000e+04,-15,-0.312500
10428,1.04280000e+04,-15,-0.312500
10429,1.04290000e+04,-15,-0.312500
10430,1.04300000e+04,-13,-0.270833
10431,1.04310000e+04,-13,-0.270833
10432,1.04320000e+04,-13,-0.270833
10433,1.04330000e+04,-13,-0.270833
10434,1.04340000e+04,-13,-0.270833
10435,1.04350000e+04,-15,-0.312500
10436,1.04360000e+04,-15,-0.312500
10437,1.04370000e+04,-15,-0.312500
10438,1.04380000e+04,-15,-0.312500
10439,1.04390000e+04,-15,-0.312500
10440,1.04400000e+04,-14,-0.291667
10441,1.04410000e+04,-14,-0.291667
10442,1.04420000e+04,-14,-0.291667
10443,1.04430000e+04,-14,-0.291667
10444,1.04440000e+04,-14,-0.291667
10445,1.04450000e+04,-16,-0.333333
10446,1.04460000e+04,-16,-0.333333
10447,1.04470000e+04,-16,-0.333333
10448,1.04480000e+04,-16,-0.333333
10449,1.04490000e+04,-16,-0.333333
10450,1.04500000e+04,-16,-0.333333
10451,1.04510000e+04,-16,-0.333333
10452,1.04520000e+04,-16,-0.333333
10453,1.04530000e+04,-16,-0.333333
10454,1.04540000e+04,-16,-0.333333
10455,1.04550000e+04,-17,-0.354167
10456,1.04560000e+04,-17,-0.354167
10457,1.04570000e+04,-17,-0.354167
10458,1.04580000e+04,-17,-0.354167
10459,1.04590000e+04,-17,-0.354167
10460,1.04600000e+04,-17,-0.354167
10461,1.04610000e+04,-17,-0.354167
10462,1.04620000e+04,-17,-0.354167
10463,1.04630000e+04,-17,-0.354167
10464,1.04640000e+04,-17,-0.354167
10465,1.04650000e+04,-13,-0.270833
10466,1.04660000e+04,-13,-0.270833
10467,1.04670000e+04,-13,-0.270833
10468,1.04680000e+04,-13,-0.270833
10469,1.04690000e+04,-13,-0.270833
10470,1.04700000e+04,-19,-0.395833
10471,1.04710000e+04,-19,-0.395833
10472,1.04720000e+04,-19,-0.395833
10473,1.04730000e+04,-19,-0.395833
10474,1.04740000e+04,-19,-0.395833
10475,1.04750000e+04,-16,-0.333333
10476,1.04760000e+04,-16,-0.333333
10477,1.04770000e+04,-16,-0.333333
10478,1.04780000e+04,-16,-0.333333
10479,1.04790000e+04,-16,-0.333333
10480,1.04800000e+04,-18,-0.375000
10481,1.04810000e+04,-18,-0.375000
10482,1.04820000e+04,-18,-0.375000
10483,1.04830000e+04,-18,-0.375000
10484,1.04840000e+04,-18,-0.375000
10485,1.04850000e+04,-17,-0.354167
10486,1.04860000e+04,-17,-0.354167
10487,1.04870000e+04,-17,-0.354167
10488,1.04880000e+04,-17,-0.354167
10489,1.04890000e+04,-17,-0.354167
10490,1.04900000e+04,-21,-0.437500
10491,1.04910000e+04,-21,-0.437500
10492,1.04920000e+04,-21,-0.437500
10493,1.04930000e+04,-21,-0.437500
10494,1.04940000e+04,-21,-0.437500
10495,1.04950000e+04,-20,-0.416667
10496,1.04960000e+04,-20,-0.416667
10497,1.04970000e+04,-20,-0.416667
10498,1.04980000e+04,-20,-0.416667
10499,1.04990000e+04,-20,-0.416667
10500,1.05000000e+04,-21,-0.437500
10501,1.05010000e+04,-21,-0.437500
10502,1.05020000e+04,-21,-0.437500
10503,1.05030000e+04,-21,-0.437500
10504,1.05040000e+04,-21,-0.437500
10505,1.05050000e+04,-17,-0.354167
10506,1.05060000e+04,-17,-0.354167
10507,1.05070000e+04,-17,-0.354167
10508,1.05080000e+04,-17,-0.354167
10509,1.05090000e+04,-17,-0.354167
10510,1.05100000e+04,-17,-0.354167
10511,1.05110000e+04,-17,-0.354167
10512,1.05120000e+04,-17,-0.354167
10513,1.05130000e+04,-17,-0.354167
10514,1.05140000e+04,-17,-0.354167
10515,1.05150000e+04,-16,-0.333333
10516,1.05160000e+04,-16,-0.333333
10517,1.05170000e+04,-16,-0.333333
10518,1.05180000e+04,-16,-0.333333
10519,1.05190000e+04,-16,-0.333333
10520,1.05200000e+04,-17,-0.354167
10521,1.05210000e+04,-17,-0.354167
10522,1.05220000e+04,-17,-0.354167
10523,1.05230000e+04,-17,-0.354167
10524,1.05240000e+04,-17,-0.354167
10525,1.05250000e+04,-17,-0.354167
10526,1.05260000e+04,-17,-0.354167
10527,1.05270000e+04,-17,-0.354167
10528,1.05280000e+04,-17,-0.354167
10529,1.05290000e+04,-17,-0.354167
10530,1.05300000e+04,-17,-0.354167
10531,1.05310000e+04,-17,-0.354167
10532,1.05320000e+04,-17,-0.354167
10533,1.05330000e+04,-17,-0.354167
10534,1.05340000e+04,-17,-0.354167
10535,1.05350000e+04,-18,-0.375000
10536,1.05360000e+04,-18,-0.375000
10537,1.05370000e+04,-18,-0.375000
10538,1.05380000e+04,-18,-0.375000
10539,1.05390000e+04,-18,-0.375000
10540,1.05400000e+04,-19,-0.395833
10541,1.05410000e+04,-19,-0.395833
10542,1.05420000e+04,-19,-0.395833
10543,1.05430000e+04,-19,-0.395833
10544,1.05440000e+04,-19,-0.395833
10545,1.05450000e+04,-19,-0.395833
10546,1.05460000e+04,-19,-0.395833
10547,1.05470000e+04,-19,-0.395833
10548,1.05480000e+04,-19,-0.395833
10549,1.05490000e+04,-19,-0.395833
10550,1.05500000e+04,-17,-0.354167
10551,1.05510000e+04,-17,-0.354167
10552,1.05520000e+04,-17,-0.354167
10553,1.05530000e+04,-17,-0.354167
10554,1.05540000e+04,-17,-0.354167
10555,1.05550000e+04,-16,-0.333333
10556,1.05560000e+04,-16,-0.333333
10557,1.05570000e+04,-16,-0.333333
10558,1.05580000e+04,-16,-0.333333
10559,1.05590000e+04,-16,-0.333333
10560,1.05600000e+04,-17,-0.354167
10561,1.05610000e+04,-17,-0.354167
10562,1.05620000e+04,-17,-0.354167
10563,1.05630000e+04,-17,-0.354167
10564,1.05640000e+04,-17,-0.354167
10565,1.05650000e+04,-15,-0.312500
10566,1.05660000e+04,-15,-0.312500
10567,1.05670000e+04,-15,-0.312500
10568,1.05680000e+04,-15,-0.312500
10569,1.05690000e+04,-15,-0.312500
10570,1.05700000e+04,-16,-0.333333
10571,1.05710000e+04,-16,-0.333333
10572,1.05720000e+04,-16,-0.333333
10573,1.05730000e+04,-16,-0.333333
10574,1.05740000e+04,-16,-0.333333
10575,1.05750000e+04,-15,-0.312500
10576,1.05760000e+04,-15,-0.312500
10577,1.05770000e+04,-15,-0.312500
10578,1.05780000e+04,-15,-0.312500
10579,1.05790000e+04,-15,-0.312500
10580,1.05800000e+04,-16,-0.333333
10581,1.05810000e+04,-16,-0.333333
10582,1.05820000e+04,-16,-0.333333
10583,1.05830000e+04,-16,-0.333333
10584,1.05840000e+04,-16,-0.333333
10585,1.05850000e+04,-20,-0.416667
10586,1.05860000e+04,-20,-0.416667
10587,1.05870000e+04,-20,-0.416667
10588,1.05880000e+04,-20,-0.416667
10589,1.05890000e+04,-20,-0.416667
10590,1.05900000e+04,-16,-0.333333
10591,1.05910000e+04,-16,-0.333333
10592,1.05920000e+04,-16,-0.333333
10593,1.05930000e+04,-16,-0.333333
10594,1.05940000e+04,-16,-0.333333
10595,1.05950000e+04,-17,-0.354167
10596,1.05960000e+04,-17,-0.354167
10597,1.05970000e+04,-17,-0.354167
10598,1.05980000e+04,-17,-0.354167
10599,1.05990000e+04,-17,-0.354167
10600,1.06000000e+04,-15,-0.312500
10601,1.06010000e+04,-15,-0.312500
10602,1.06020000e+04,-15,-0.312500
10603,1.06030000e+04,-15,-0.312500
10604,1.06040000e+04,-15,-0.312500
10605,1.06050000e+04,-17,-0.354167
10606,1.06060000e+04,-17,-0.354167
10607,1.06070000e+04,-17,-0.354167
10608,1.06080000e+04,-17,-0.354167
10609,1.06090000e+04,-17,-0.354167
10610,1.06100000e+04,-15,-0.312500
10611,1.06110000e+04,-15,-0.312500
10612,1.06120000e+04,-15,-0.312500
10613,1.06130000e+04,-15,-0.312500
10614,1.06140000e+04,-15,-0.312500
10615,1.06150000e+04,-16,-0.333333
10616,1.06160000e+04,-16,-0.333333
10617,1.06170000e+04,-16,-0.333333
10618,1.06180000e+04,-16,-0.333333
10619,1.06190000e+04,-16,-0.333333
10620,1.06200000e+04,-18,-0.375000
10621,1.06210000e+04,-18,-0.375000
10622,1.06220000e+04,-18,-0.375000
10623,1.06230000e+04,-18,-0.375000
10624,1.06240000e+04,-18,-0.375000
10625,1.06250000e+04,-16,-0.333333
10626,1.06260000e+04,-16,-0.333333
10627,1.06270000e+04,-16,-0.333333
10628,1.06280000e+04,-16,-0.333333
10629,1.06290000e+04,-16,-0.333333
10630,1.06300000e+04,-18,-0.375000
10631,1.06310000e+04,-18,-0.375000
10632,1.06320000e+04,-18,-0.375000
10633,1.06330000e+04,-18,-0.375000
10634,1.06340000e+04,-18,-0.375000
10635,1.06350000e+04,-15,-0.312500
10636,1.06360000e+04,-15,-0.312500
10637,1.06370000e+04,-15,-0.312500
10638,1.06380000e+04,-15,-0.312500
10639,1.06390000e+04,-15,-0.312500
10640,1.06400000e+04,-17,-0.354167
10641,1.06410000e+04,-17,-0.354167
10642,1.06420000e+04,-17,-0.354167
10643,1.06430000e+04,-17,-0.354167
10644,1.06440000e+04,-17,-0.354167
10645,1.06450000e+04,-15,-0.312500
10646,1.06460000e+04,-15,-0.312500
10647,1.06470000e+04,-15,-0.312500
10648,1.06480000e+04,-15,-0.312500
10649,1.06490000e+04,-15,-0.312500
10650,1.06500000e+04,-16,-0.333333
10651,1.06510000e+04,-16,-0.333333
10652,1.06520000e+04,-16,-0.333333
10653,1.06530000e+04,-16,-0.333333
10654,1.06540000e+04,-16,-0.333333
10655,1.06550000e+04,-15,-0.312500
10656,1.06560000e+04,-15,-0.312500
10657,1.06570000e+04,-15,-0.312500
10658,1.06580000e+04,-15,-0.312500
10659,1.06590000e+04,-15,-0.312500
10660,1.06600000e+04,-19,-0.395833
10661,1.06610000e+04,-19,-0.395833
10662,1.06620000e+04,-19,-0.395833
10663,1.06630000e+04,-19,-0.395833
10664,1.06640000e+04,-19,-0.395833
10665,1.06650000e+04,-17,-0.354167
10666,1.06660000e+04,-17,-0.354167
10667,1.06670000e+04,-17,-0.354167
10668,1.06680000e+04,-17,-0.354167
10669,1.06690000e+04,-17,-0.354167
10670,1.06700000e+04,-17,-0.354167
10671,1.06710000e+04,-17,-0.354167
10672,1.06720000e+04,-17,-0.354167
10673,1.06730000e+04,-17,-0.354167
10674,1.06740000e+04,-17,-0.354167
10675,1.06750000e+04,-15,-0.312500
10676,1.06760000e+04,-15,-0.312500
10677,1.06770000e+04,-15,-0.312500
10678,1.06780000e+04,-15,-0.312500
10679,1.06790000e+04,-15,-0.312500
10680,1.06800000e+04,-19,-0.395833
10681,1.06810000e+04,-19,-0.395833
10682,1.06820000e+04,-19,-0.395833
10683,1.06830000e+04,-19,-0.395833
10684,1.06840000e+04,-19,-0.395833
10685,1.06850000e+04,-15,-0.312500
10686,1.06860000e+04,-15,-0.312500
10687,1.06870000e+04,-15,-0.312500
10688,1.06880000e+04,-15,-0.312500
10689,1.06890000e+04,-15,-0.312500
10690,1.06900000e+04,-20,-0.416667
10691,1.06910000e+04,-20,-0.416667
10692,1.06920000e+04,-20,-0.416667
10693,1.06930000e+04,-20,-0.416667
10694,1.06940000e+04,-20,-0.416667
10695,1.06950000e+04,-17,-0.354167
10696,1.06960000e+04,-17,-0.354167
10697,1.06970000e+04,-17,-0.354167
10698,1.06980000e+04,-17,-0.354167
10699,1.06990000e+04,-17,-0.354167
10700,1.07000000e+04,-19,-0.395833
10701,1.07010000e+04,-19,-0.395833
10702,1.07020000e+04,-19,-0.395833
10703,1.07030000e+04,-19,-0.395833
10704,1.07040000e+04,-19,-0.395833
10705,1.07050000e+04,-19,-0.395833
10706,1.07060000e+04,-19,-0.395833
10707,1.07070000e+04,-19,-0.395833
10708,1.07080000e+04,-19,-0.395833
10709,1.07090000e+04,-19,-0.395833
10710,1.07100000e+04,-21,-0.437500
10711,1.07110000e+04,-21,-0.437500
10712,1.07120000e+04,-21,-0.437500
10713,1.07130000e+04,-21,-0.437500
10714,1.07140000e+04,-21,-0.437500
10715,1.07150000e+04,-20,-0.416667
10716,1.07160000e+04,-20,-0.416667
10717,1.07170000e+04,-20,-0.416667
10718,1.07180000e+04,-20,-0.416667
10719,1.07190000e+04,-20,-0.416667
10720,1.07200000e+04,-17,-0.354167
10721,1.07210000e+04,-17,-0.354167
10722,1.07220000e+04,-17,-0.354167
10723,1.07230000e+04,-17,-0.354167
10724,1.07240000e+04,-17,-0.354167
10725,1.07250000e+04,-21,-0.437500
10726,1.07260000e+04,-21,-0.437500
10727,1.07270000e+04,-21,-0.437500
10728,1.07280000e+04,-21,-0.437500
10729,1.07290000e+04,-21,-0.437500
10730,1.07300000e+04,-20,-0.416667
10731,1.07310000e+04,-20,-0.416667
10732,1.07320000e+04,-20,-0.416667
10733,1.07330000e+04,-20,-0.416667
10734,1.07340000e+04,-20,-0.416667
10735,1.07350000e+04,-19,-0.395833
10736,1.07360000e+04,-19,-0.395833
10737,1.07370000e+04,-19,-0.395833
10738,1.07380000e+04,-19,-0.395833
10739,1.07390000e+04,-19,-0.395833
10740,1.07400000e+04,-17,-0.354167
10741,1.07410000e+04,-17,-0.354167
10742,1.07420000e+04,-17,-0.354167
10743,1.07430000e+04,-17,-0.354167
10744,1.07440000e+04,-17,-0.354167
10745,1.07450000e+04,-20,-0.416667
10746,1.07460000e+04,-20,-0.416667
10747,1.07470000e+04,-20,-0.416667
10748,1.07480000e+04,-20,-0.416667
10749,1.07490000e+04,-20,-0.416667
10750,1.07500000e+04,-17,-0.354167
10751,1.07510000e+04,-17,-0.354167
10752,1.07520000e+04,-17,-0.354167
10753,1.07530000e+04,-17,-0.354167
10754,1.07540000e+04,-17,-0.354167
10755,1.07550000e+04,-22,-0.458333
10756,1.07560000e+04,-22,-0.458333
10757,1.07570000e+04,-22,-0.458333
10758,1.07580000e+04,-22,-0.458333
10759,1.07590000e+04,-22,-0.458333
10760,1.07600000e+04,-17,-0.354167
10761,1.07610000e+04,-17,-0.354167
10762,1.07620000e+04,-17,-0.354167
10763,1.07630000e+04,-17,-0.354167
10764,1.07640000e+04,-17,-0.354167
10765,1.07650000e+04,-16,-0.333333
10766,1.07660000e+04,-16,-0.333333
10767,1.07670000e+04,-16,-0.333333
10768,1.07680000e+04,-16,-0.333333
10769,1.07690000e+04,-16,-0.333333
10770,1.07700000e+04,-16,-0.333333
10771,1.07710000e+04,-16,-0.333333
10772,1.07720000e+04,-16,-0.333333
10773,1.07730000e+04,-16,-0.333333
10774,1.07740000e+04,-16,-0.333333
10775,1.07750000e+04,-17,-0.354167
10776,1.07760000e+04,-17,-0.354167
10777,1.07770000e+04,-17,-0.354167
10778,1.07780000e+04,-17,-0.354167
10779,1.07790000e+04,-17,-0.354167
10780,1.07800000e+04,-16,-0.333333
10781,1.07810000e+04,-16,-0.333333
10782,1.07820000e+04,-16,-0.333333
10783,1.07830000e+04,-16,-0.333333
10784,1.07840000e+04,-16,-0.333333
10785,1.07850000e+04,-17,-0.354167
10786,1.07860000e+04,-17,-0.354167
10787,1.07870000e+04,-17,-0.354167
10788,1.07880000e+04,-17,-0.354167
10789,1.07890000e+04,-17,-0.354167
10790,1.07900000e+04,-16,-0.333333
10791,1.07910000e+04,-16,-0.333333
10792,1.07920000e+04,-16,-0.333333
10793,1.07930000e+04,-16,-0.333333
10794,1.07940000e+04,-16,-0.333333
10795,1.07950000e+04,-16,-0.333333
10796,1.07960000e+04,-16,-0.333333
10797,1.07970000e+04,-16,-0.333333
10798,1.07980000e+04,-16,-0.333333
10799,1.07990000e+04,-16,-0.333333
10800,1.08000000e+04,-21,-0.437500
10801,1.08010000e+04,-21,-0.437500
10802,1.08020000e+04,-21,-0.437500
10803,1.08030000e+04,-21,-0.437500
10804,1.08040000e+04,-21,-0.437500
10805,1.08050000e+04,-20,-0.416667
10806,1.08060000e+04,-20,-0.416667
10807,1.08070000e+04,-20,-0.416667
10808,1.08080000e+04,-20,-0.416667
10809,1.08090000e+04,-20,-0.416667
10810,1.08100000e+04,-19,-0.395833
10811,1.08110000e+04,-19,-0.395833
10812,1.08120000e+04,-19,-0.395833
10813,1.08130000e+04,-19,-0.395833
10814,1.08140000e+04,-19,-0.395833
10815,1.08150000e+04,-18,-0.375000
10816,1.08160000e+04,-18,-0.375000
10817,1.08170000e+04,-18,-0.375000
10818,1.08180000e+04,-18,-0.375000
10819,1.08190000e+04,-18,-0.375000
10820,1.08200000e+04,-17,-0.354167
10821,1.08210000e+04,-17,-0.354167
10822,1.08220000e+04,-17,-0.354167
10823,1.08230000e+04,-17,-0.354167
10824,1.08240000e+04,-17,-0.354167
10825,1.08250000e+04,-20,-0.416667
10826,1.08260000e+04,-20,-0.416667
10827,1.08270000e+04,-20,-0.416667
10828,1.08280000e+04,-20,-0.416667
10829,1.08290000e+04,-20,-0.416667
10830,1.08300000e+04,-19,-0.395833
10831,1.08310000e+04,-19,-0.395833
10832,1.08320000e+04,-19,-0.395833
10833,1.08330000e+04,-19,-0.395833
10834,1.08340000e+04,-19,-0.395833
10835,1.08350000e+04,-22,-0.458333
10836,1.08360000e+04,-22,-0.458333
10837,1.08370000e+04,-22,-0.458333
10838,1.08380000e+04,-22,-0.458333
10839,1.08390000e+04,-22,-0.458333
10840,1.08400000e+04,-20,-0.416667
10841,1.08410000e+04,-20,-0.416667
10842,1.08420000e+04,-20,-0.416667
10843,1.08430000e+04,-20,-0.416667
10844,1.08440000e+04,-20,-0.416667
10845,1.08450000e+04,-21,-0.437500
10846,1.08460000e+04,-21,-0.437500
10847,1.08470000e+04,-21,-0.437500
10848,1.08480000e+04,-21,-0.437500
10849,1.08490000e+04,-21,-0.437500
10850,1.08500000e+04,-22,-0.458333
10851,1.08510000e+04,-22,-0.458333
10852,1.08520000e+04,-22,-0.458333
10853,1.08530000e+04,-22,-0.458333
10854,1.08540000e+04,-22,-0.458333
10855,1.08550000e+04,-18,-0.375000
10856,1.08560000e+04,-18,-0.375000
10857,1.08570000e+04,-18,-0.375000
10858,1.08580000e+04,-18,-0.375000
10859,1.08590000e+04,-18,-0.375000
10860,1.08600000e+04,-22,-0.458333
10861,1.08610000e+04,-22,-0.458333
10862,1.08620000e+04,-22,-0.458333
10863,1.08630000e+04,-22,-0.458333
10864,1.08640000e+04,-22,-0.458333
10865,1.08650000e+04,-17,-0.354167
10866,1.08660000e+04,-17,-0.354167
10867,1.08670000e+04,-17,-0.354167
10868,1.08680000e+04,-17,-0.354167
10869,1.08690000e+04,-17,-0.354167
10870,1.08700000e+04,-19,-0.395833
10871,1.08710000e+04,-19,-0.395833
10872,1.08720000e+04,-19,-0.395833
10873,1.08730000e+04,-19,-0.395833
10874,1.08740000e+04,-19,-0.395833
10875,1.08750000e+04,-16,-0.333333
10876,1.08760000e+04,-16,-0.333333
10877,1.08770000e+04,-16,-0.333333
10878,1.08780000e+04,-16,-0.333333
10879,1.08790000e+04,-16,-0.333333
10880,1.08800000e+04,-19,-0.395833
10881,1.08810000e+04,-19,-0.395833
10882,1.08820000e+04,-19,-0.395833
10883,1.08830000e+04,-19,-0.395833
10884,1.08840000e+04,-19,-0.395833
10885,1.08850000e+04,-17,-0.354167
10886,1.08860000e+04,-17,-0.354167
10887,1.08870000e+04,-17,-0.354167
10888,1.08880000e+04,-17,-0.354167
10889,1.08890000e+04,-17,-0.354167
10890,1.08900000e+04,-14,-0.291667
10891,1.08910000e+04,-14,-0.291667
10892,1.08920000e+04,-14,-0.291667
10893,1.08930000e+04,-14,-0.291667
10894,1.08940000e+04,-14,-0.291667
10895,1.08950000e+04,-17,-0.354167
10896,1.08960000e+04,-17,-0.354167
10897,1.08970000e+04,-17,-0.354167
10898,1.08980000e+04,-17,-0.354167
10899,1.08990000e+04,-17,-0.354167
10900,1.09000000e+04,-19,-0.395833
10901,1.09010000e+04,-19,-0.395833
10902,1.09020000e+04,-19,-0.395833
10903,1.09030000e+04,-19,-0.395833
10904,1.09040000e+04,-19,-0.395833
10905,1.09050000e+04,-15,-0.312500
10906,1.09060000e+04,-15,-0.312500
10907,1.09070000e+04,-15,-0.312500
10908,1.09080000e+04,-15,-0.312500
10909,1.09090000e+04,-15,-0.312500
10910,1.09100000e+04,-15,-0.312500
10911,1.09110000e+04,-15,-0.312500
10912,1.09120000e+04,-15,-0.312500
10913,1.09130000e+04,-15,-0.312500
10914,1.09140000e+04,-15,-0.312500
10915,1.09150000e+04,-16,-0.333333
10916,1.09160000e+04,-16,-0.333333
10917,1.09170000e+04,-16,-0.333333
10918,1.09180000e+04,-16,-0.333333
10919,1.09190000e+04,-16,-0.333333
10920,1.09200000e+04,-17,-0.354167
10921,1.09210000e+04,-17,-0.354167
10922,1.09220000e+04,-17,-0.354167
10923,1.09230000e+04,-17,-0.354167
10924,1.09240000e+04,-17,-0.354167
10925,1.09250000e+04,-15,-0.312500
10926,1.09260000e+04,-15,-0.312500
10927,1.09270000e+04,-15,-0.312500
10928,1.09280000e+04,-15,-0.312500
10929,1.09290000e+04,-15,-0.312500
10930,1.09300000e+04,-15,-0.312500
10931,1.09310000e+04,-15,-0.312500
10932,1.09320000e+04,-15,-0.312500
10933,1.09330000e+04,-15,-0.312500
10934,1.09340000e+04,-15,-0.312500
10935,1.09350000e+04,-16,-0.333333
10936,1.09360000e+04,-16,-0.333333
10937,1.09370000e+04,-16,-0.333333
10938,1.09380000e+04,-16,-0.333333
10939,1.09390000e+04,-16,-0.333333
10940,1.09400000e+04,-17,-0.354167
10941,1.09410000e+04,-17,-0.354167
10942,1.09420000e+04,-17,-0.354167
10943,1.09430000e+04,-17,-0.354167
10944,1.09440000e+04,-17,-0.354167
10945,1.09450000e+04,-19,-0.395833
10946,1.09460000e+04,-19,-0.395833
10947,1.09470000e+04,-19,-0.395833
10948,1.09480000e+04,-19,-0.395833
10949,1.09490000e+04,-19,-0.395833
10950,1.09500000e+04,-20,-0.416667
10951,1.09510000e+04,-20,-0.416667
10952,1.09520000e+04,-20,-0.416667
10953,1.09530000e+04,-20,-0.416667
10954,1.09540000e+04,-20,-0.416667
10955,1.09550000e+04,-16,-0.333333
10956,1.09560000e+04,-16,-0.333333
10957,1.09570000e+04,-16,-0.333333
10958,1.09580000e+04,-16,-0.333333
10959,1.09590000e+04,-16,-0.333333
10960,1.09600000e+04,-17,-0.354167
10961,1.09610000e+04,-17,-0.354167
10962,1.09620000e+04,-17,-0.354167
10963,1.09630000e+04,-17,-0.354167
10964,1.09640000e+04,-17,-0.354167
10965,1.09650000e+04,-17,-0.354167
10966,1.09660000e+04,-17,-0.354167
10967,1.09670000e+04,-17,-0.354167
10968,1.09680000e+04,-17,-0.354167
10969,1.09690000e+04,-17,-0.354167
10970,1.09700000e+04,-16,-0.333333
10971,1.09710000e+04,-16,-0.333333
10972,1.09720000e+04,-16,-0.333333
10973,1.09730000e+04,-16,-0.333333
10974,1.09740000e+04,-16,-0.333333
10975,1.09750000e+04,-16,-0.333333
10976,1.09760000e+04,-16,-0.333333
10977,1.09770000e+04,-16,-0.333333
10978,1.09780000e+04,-16,-0.333333
10979,1.09790000e+04,-16,-0.333333
10980,1.09800000e+04,-16,-0.333333
10981,1.09810000e+04,-16,-0.333333
10982,1.09820000e+04,-16,-0.333333
10983,1.09830000e+04,-16,-0.333333
10984,1.09840000e+04,-16,-0.333333
10985,1.09850000e+04,-11,-0.229167
10986,1.09860000e+04,-11,-0.229167
10987,1.09870000e+04,-11,-0.229167
10988,1.09880000e+04,-11,-0.229167
10989,1.09890000e+04,-11,-0.229167
10990,1.09900000e+04,-13,-0.270833
10991,1.09910000e+04,-13,-0.270833
10992,1.09920000e+04,-13,-0.270833
10993,1.09930000e+04,-13,-0.270833
10994,1.09940000e+04,-13,-0.270833
10995,1.09950000e+04,-12,-0.250000
10996,1.09960000e+04,-12,-0.250000
10997,1.09970000e+04,-12,-0.250000
10998,1.09980000e+04,-12,-0.250000
10999,1.09990000e+04,-12,-0.250000
11000,1.10000000e+04,-10,-0.208333
11001,1.10010000e+04,-10,-0.208333
11002,1.10020000e+04,-10,-0.208333
11003,1.10030000e+04,-10,-0.208333
11004,1.10040000e+04,-10,-0.208333
11005,1.10050000e+04,-12,-0.250000
11006,1.10060000e+04,-12,-0.250000
11007,1.10070000e+04,-12,-0.250000
11008,1.10080000e+04,-12,-0.250000
11009,1.10090000e+04,-12,-0.250000
11010,1.10100000e+04,-11,-0.229167
11011,1.10110000e+04,-11,-0.229167
11012,1.10120000e+04,-11,-0.229167
11013,1.10130000e+04,-11,-0.229167
11014,1.10140000e+04,-11,-0.229167
11015,1.10150000e+04,-9,-0.187500
11016,1.10160000e+04,-9,-0.187500
11017,1.10170000e+04,-9,-0.187500
11018,1.10180000e+04,-9,-0.187500
11019,1.10190000e+04,-9,-0.187500
11020,1.10200000e+04,-7,-0.145833
11021,1.10210000e+04,-7,-0.145833
11022,1.10220000e+04,-7,-0.145833
11023,1.10230000e+04,-7,-0.145833
11024,1.10240000e+04,-7,-0.145833
11025,1.10250000e+04,-9,-0.187500
11026,1.10260000e+04,-9,-0.187500
11027,1.10270000e+04,-9,-0.187500
11028,1.10280000e+04,-9,-0.187500
11029,1.10290000e+04,-9,-0.187500
11030,1.10300000e+04,-9,-0.187500
11031,1.10310000e+04,-9,-0.187500
11032,1.10320000e+04,-9,-0.187500
11033,1.10330000e+04,-9,-0.187500
11034,1.10340000e+04,-9,-0.187500
11035,1.10350000e+04,-8,-0.166667
11036,1.10360000e+04,-8,-0.166667
11037,1.10370000e+04,-8,-0.166667
11038,1.10380000e+04,-8,-0.166667
11039,1.10390000e+04,-8,-0.166667
11040,1.10400000e+04,-5,-0.104167
11041,1.10410000e+04,-5,-0.104167
11042,1.10420000e+04,-5,-0.104167
11043,1.10430000e+04,-5,-0.104167
11044,1.10440000e+04,-5,-0.104167
11045,1.10450000e+04,-7,-0.145833
11046,1.10460000e+04,-7,-0.145833
11047,1.10470000e+04,-7,-0.145833
11048,1.10480000e+04,-7,-0.145833
11049,1.10490000e+04,-7,-0.145833
11050,1.10500000e+04,-12,-0.250000
11051,1.10510000e+04,-12,-0.250000
11052,1.10520000e+04,-12,-0.250000
11053,1.10530000e+04,-12,-0.250000
11054,1.10540000e+04,-12,-0.250000
11055,1.10550000e+04,-9,-0.187500
11056,1.10560000e+04,-9,-0.187500
11057,1.10570000e+04,-9,-0.187500
11058,1.10580000e+04,-9,-0.187500
11059,1.10590000e+04,-9,-0.187500
11060,1.10600000e+04,-9,-0.187500
11061,1.10610000e+04,-9,-0.187500
11062,1.10620000e+04,-9,-0.187500
11063,1.10630000e+04,-9,-0.187500
11064,1.10640000e+04,-9,-0.187500
11065,1.10650000e+04,-12,-0.250000
11066,1.10660000e+04,-12,-0.250000
11067,1.10670000e+04,-12,-0.250000
11068,1.10680000e+04,-12,-0.250000
11069,1.10690000e+04,-12,-0.250000
11070,1.10700000e+04,-9,-0.187500
11071,1.10710000e+04,-9,-0.187500
11072,1.10720000e+04,-9,-0.187500
11073,1.10730000e+04,-9,-0.187500
11074,1.10740000e+04,-9,-0.187500
11075,1.10750000e+04,-9,-0.187500
11076,1.10760000e+04,-9,-0.187500
11077,1.10770000e+04,-9,-0.187500
11078,1.10780000e+04,-9,-0.187500
11079,1.10790000e+04,-9,-0.187500
11080,1.10800000e+04,-8,-0.166667
11081,1.10810000e+04,-8,-0.166667
11082,1.10820000e+04,-8,-0.166667
11083,1.10830000e+04,-8,-0.166667
11084,1.10840000e+04,-8,-0.166667
11085,1.10850000e+04,-10,-0.208333
11086,1.10860000e+04,-10,-0.208333
11087,1.10870000e+04,-10,-0.208333
11088,1.10880000e+04,-10,-0.208333
11089,1.10890000e+04,-10,-0.208333
11090,1.10900000e+04,-4,-0.083333
11091,1.10910000e+04,-4,-0.083333
11092,1.10920000e+04,-4,-0.083333
11093,1.10930000e+04,-4,-0.083333
11094,1.10940000e+04,-4,-0.083333
11095,1.10950000e+04,-7,-0.145833
11096,1.10960000e+04,-7,-0.145833
11097,1.10970000e+04,-7,-0.145833
11098,1.10980000e+04,-7,-0.145833
11099,1.10990000e+04,-7,-0.145833
11100,1.11000000e+04,-10,-0.208333
11101,1.11010000e+04,-10,-0.208333
11102,1.11020000e+04,-10,-0.208333
11103,1.11030000e+04,-10,-0.208333
11104,1.11040000e+04,-10,-0.208333
11105,1.11050000e+04,-7,-0.145833
11106,1.11060000e+04,-7,-0.145833
11107,1.11070000e+04,-7,-0.145833
11108,1.11080000e+04,-7,-0.145833
11109,1.11090000e+04,-7,-0.145833
11110,1.11100000e+04,-5,-0.104167
11111,1.11110000e+04,-5,-0.104167
11112,1.11120000e+04,-5,-0.104167
11113,1.11130000e+04,-5,-0.104167
11114,1.11140000e+04,-5,-0.104167
11115,1.11150000e+04,-4,-0.083333
11116,1.11160000e+04,-4,-0.083333
11117,1.11170000e+04,-4,-0.083333
11118,1.11180000e+04,-4,-0.083333
11119,1.11190000e+04,-4,-0.083333
11120,1.11200000e+04,-6,-0.125000
11121,1.11210000e+04,-6,-0.125000
11122,1.11220000e+04,-6,-0.125000
11123,1.11230000e+04,-6,-0.125000
11124,1.11240000e+04,-6,-0.125000
11125,1.11250000e+04,-7,-0.145833
11126,1.11260000e+04,-7,-0.145833
11127,1.11270000e+04,-7,-0.145833
11128,1.11280000e+04,-7,-0.145833
11129,1.11290000e+04,-7,-0.145833
11130,1.11300000e+04,-5,-0.104167
11131,1.11310000e+04,-5,-0.104167
11132,1.11320000e+04,-5,-0.104167
11133,1.11330000e+04,-5,-0.104167
11134,1.11340000e+04,-5,-0.104167
11135,1.11350000e+04,-4,-0.083333
11136,1.11360000e+04,-4,-0.083333
11137,1.11370000e+04,-4,-0.083333
11138,1.11380000e+04,-4,-0.083333
11139,1.11390000e+04,-4,-0.083333
11140,1.11400000e+04,-5,-0.104167
11141,1.11410000e+04,-5,-0.104167
11142,1.11420000e+04,-5,-0.104167
11143,1.11430000e+04,-5,-0.104167
11144,1.11440000e+04,-5,-0.104167
11145,1.11450000e+04,-5,-0.104167
11146,1.11460000e+04,-5,-0.104167
11147,1.11470000e+04,-5,-0.104167
11148,1.11480000e+04,-5,-0.104167
11149,1.11490000e+04,-5,-0.104167
11150,1.11500000e+04,-4,-0.083333
11151,1.11510000e+04,-4,-0.083333
11152,1.11520000e+04,-4,-0.083333
11153,1.11530000e+04,-4,-0.083333
11154,1.11540000e+04,-4,-0.083333
11155,1.11550000e+04,-5,-0.104167
11156,1.11560000e+04,-5,-0.104167
11157,1.11570000e+04,-5,-0.104167
11158,1.11580000e+04,-5,-0.104167
11159,1.11590000e+04,-5,-0.104167
11160,1.11600000e+04,-5,-0.104167
11161,1.11610000e+04,-5,-0.104167
11162,1.11620000e+04,-5,-0.104167
11163,1.11630000e+04,-5,-0.104167
11164,1.11640000e+04,-5,-0.104167
11165,1.11650000e+04,-5,-0.104167
11166,1.11660000e+04,-5,-0.104167
11167,1.11670000e+04,-5,-0.104167
11168,1.11680000e+04,-5,-0.104167
11169,1.11690000e+04,-5,-0.104167
11170,1.11700000e+04,-4,-0.083333
11171,1.11710000e+04,-4,-0.083333
11172,1.11720000e+04,-4,-0.083333
11173,1.11730000e+04,-4,-0.083333
11174,1.11740000e+04,-4,-0.083333
11175,1.11750000e+04,-3,-0.062500
11176,1.11760000e+04,-3,-0.062500
11177,1.11770000e+04,-3,-0.062500
11178,1.11780000e+04,-3,-0.062500
11179,1.11790000e+04,-3,-0.062500
11180,1.11800000e+04,-7,-0.145833
11181,1.11810000e+04,-7,-0.145833
11182,1.11820000e+04,-7,-0.145833
11183,1.11830000e+04,-7,-0.145833
11184,1.11840000e+04,-7,-0.145833
11185,1.11850000e+04,-1,-0.020833
11186,1.11860000e+04,-1,-0.020833
11187,1.11870000e+04,-1,-0.020833
11188,1.11880000e+04,-1,-0.020833
11189,1.11890000e+04,-1,-0.020833
11190,1.11900000e+04,-2,-0.041667
11191,1.11910000e+04,-2,-0.041667
11192,1.11920000e+04,-2,-0.041667
11193,1.11930000e+04,-2,-0.041667
11194,1.11940000e+04,-2,-0.041667
11195,1.11950000e+04,-4,-0.083333
11196,1.11960000e+04,-4,-0.083333
11197,1.11970000e+04,-4,-0.083333
11198,1.11980000e+04,-4,-0.083333
11199,1.11990000e+04,-4,-0.083333
11200,1.12000000e+04,-2,-0.041667
11201,1.12010000e+04,-2,-0.041667
11202,1.12020000e+04,-2,-0.041667
11203,1.12030000e+04,-2,-0.041667
11204,1.12040000e+04,-2,-0.041667
11205,1.12050000e+04,-4,-0.083333
11206,1.12060000e+04,-4,-0.083333
11207,1.12070000e+04,-4,-0.083333
11208,1.12080000e+04,-4,-0.083333
11209,1.12090000e+04,-4,-0.083333
11210,1.12100000e+04,-2,-0.041667
11211,1.12110000e+04,-2,-0.041667
11212,1.12120000e+04,-2,-0.041667
11213,1.12130000e+04,-2,-0.041667
11214,1.12140000e+04,-2,-0.041667
11215,1.12150000e+04,-4,-0.083333
11216,1.12160000e+04,-4,-0.083333
11217,1.12170000e+04,-4,-0.083333
11218,1.12180000e+04,-4,-0.083333
11219,1.12190000e+04,-4,-0.083333
11220,1.12200000e+04,-4,-0.083333
11221,1.12210000e+04,-4,-0.083333
11222,1.12220000e+04,-4,-0.083333
11223,1.12230000e+04,-4,-0.083333
11224,1.12240000e+04,-4,-0.083333
11225,1.12250000e+04,0,0.000000
11226,1.12260000e+04,0,0.000000
11227,1.12270000e+04,0,0.000000
11228,1.12280000e+04,0,0.000000
11229,1.12290000e+04,0,0.000000
11230,1.12300000e+04,-4,-0.083333
11231,1.12310000e+04,-4,-0.083333
11232,1.12320000e+04,-4,-0.083333
11233,1.12330000e+04,-4,-0.083333
11234,1.12340000e+04,-4,-0.083333
11235,1.12350000e+04,-4,-0.083333
11236,1.12360000e+04,-4,-0.083333
11237,1.12370000e+04,-4,-0.083333
11238,1.12380000e+04,-4,-0.083333
11239,1.12390000e+04,-4,-0.083333
11240,1.12400000e+04,-1,-0.020833
11241,1.12410000e+04,-1,-0.020833
11242,1.12420000e+04,-1,-0.020833
11243,1.12430000e+04,-1,-0.020833
11244,1.12440000e+04,-1,-0.020833
11245,1.12450000e+04,-3,-0.062500
11246,1.12460000e+04,-3,-0.062500
11247,1.12470000e+04,-3,-0.062500
11248,1.12480000e+04,-3,-0.062500
11249,1.12490000e+04,-3,-0.062500
11250,1.12500000e+04,-4,-0.083333
11251,1.12510000e+04,-4,-0.083333
11252,1.12520000e+04,-4,-0.083333
11253,1.12530000e+04,-4,-0.083333
11254,1.12540000e+04,-4,-0.083333
11255,1.12550000e+04,-1,-0.020833
11256,1.12560000e+04,-1,-0.020833
11257,1.12570000e+04,-1,-0.020833
11258,1.12580000e+04,-1,-0.020833
11259,1.12590000e+04,-1,-0.020833
11260,1.12600000e+04,-2,-0.041667
11261,1.12610000e+04,-2,-0.041667
11262,1.12620000e+04,-2,-0.041667
11263,1.12630000e+04,-2,-0.041667
11264,1.12640000e+04,-2,-0.041667
11265,1.12650000e+04,1,0.020833
11266,1.12660000e+04,1,0.020833
11267,1.12670000e+04,1,0.020833
11268,1.12680000e+04,1,0.020833
11269,1.12690000e+04,1,0.020833
11270,1.12700000e+04,-1,-0.020833
11271,1.12710000e+04,-1,-0.020833
11272,1.12720000e+04,-1,-0.020833
11273,1.12730000e+04,-1,-0.020833
11274,1.12740000e+04,-1,-0.020833
11275,1.12750000e+04,1,0.020833
11276,1.12760000e+04,1,0.020833
11277,1.12770000e+04,1,0.020833
11278,1.12780000e+04,1,0.020833
11279,1.12790000e+04,1,0.020833
11280,1.12800000e+04,-2,-0.041667
11281,1.12810000e+04,-2,-0.041667
11282,1.12820000e+04,-2,-0.041667
11283,1.12830000e+04,-2,-0.041667
11284,1.12840000e+04,-2,-0.041667
11285,1.12850000e+04,-2,-0.041667
11286,1.12860000e+04,-2,-0.041667
11287,1.12870000e+04,-2,-0.041667
11288,1.12880000e+04,-2,-0.041667
11289,1.12890000e+04,-2,-0.041667
11290,1.12900000e+04,-5,-0.104167
11291,1.12910000e+04,-5,-0.104167
11292,1.12920000e+04,-5,-0.104167
11293,1.12930000e+04,-5,-0.104167
11294,1.12940000e+04,-5,-0.104167
11295,1.12950000e+04,0,0.000000
11296,1.12960000e+04,0,0.000000
11297,1.12970000e+04,0,0.000000
11298,1.12980000e+04,0,0.000000
11299,1.12990000e+04,0,0.000000
11300,1.13000000e+04,-3,-0.062500
11301,1.13010000e+04,-3,-0.062500
11302,1.13020000e+04,-3,-0.062500
11303,1.13030000e+04,-3,-0.062500
11304,1.13040000e+04,-3,-0.062500
11305,1.13050000e+04,-3,-0.062500
11306,1.13060000e+04,-3,-0.062500
11307,1.13070000e+04,-3,-0.062500
11308,1.13080000e+04,-3,-0.062500
11309,1.13090000e+04,-3,-0.062500
11310,1.13100000e+04,-2,-0.041667
11311,1.13110000e+04,-2,-0.041667
11312,1.13120000e+04,-2,-0.041667
11313,1.13130000e+04,-2,-0.041667
11314,1.13140000e+04,-2,-0.041667
11315,1.13150000e+04,-3,-0.062500
11316,1.13160000e+04,-3,-0.062500
11317,1.13170000e+04,-3,-0.062500
11318,1.13180000e+04,-3,-0.062500
11319,1.13190000e+04,-3,-0.062500
11320,1.13200000e+04,-2,-0.041667
11321,1.13210000e+04,-2,-0.041667
11322,1.13220000e+04,-2,-0.041667
11323,1.13230000e+04,-2,-0.041667
11324,1.13240000e+04,-2,-0.041667
11325,1.13250000e+04,0,0.000000
11326,1.13260000e+04,0,0.000000
11327,1.13270000e+04,0,0.000000
11328,1.13280000e+04,0,0.000000
11329,1.13290000e+04,0,0.000000
11330,1.13300000e+04,-4,-0.083333
11331,1.13310000e+04,-4,-0.083333
11332,1.13320000e+04,-4,-0.083333
11333,1.13330000e+04,-4,-0.083333
11334,1.13340000e+04,-4,-0.083333
11335,1.13350000e+04,-2,-0.041667
11336,1.13360000e+04,-2,-0.041667
11337,1.13370000e+04,-2,-0.041667
11338,1.13380000e+04,-2,-0.041667
11339,1.13390000e+04,-2,-0.041667
11340,1.13400000e+04,-2,-0.041667
11341,1.13410000e+04,-2,-0.041667
11342,1.13420000e+04,-2,-0.041667
11343,1.13430000e+04,-2,-0.041667
11344,1.13440000e+04,-2,-0.041667
11345,1.13450000e+04,1,0.020833
11346,1.13460000e+04,1,0.020833
11347,1.13470000e+04,1,0.020833
11348,1.13480000e+04,1,0.020833
11349,1.13490000e+04,1,0.020833
11350,1.13500000e+04,0,0.000000
11351,1.13510000e+04,0,0.000000
11352,1.13520000e+04,0,0.000000
11353,1.13530000e+04,0,0.000000
11354,1.13540000e+04,0,0.000000
11355,1.13550000e+04,-1,-0.020833
11356,1.13560000e+04,-1,-0.020833
11357,1.13570000e+04,-1,-0.020833
11358,1.13580000e+04,-1,-0.020833
11359,1.13590000e+04,-1,-0.020833
11360,1.13600000e+04,-1,-0.020833
11361,1.13610000e+04,-1,-0.020833
11362,1.13620000e+04,-1,-0.020833
11363,1.13630000e+04,-1,-0.020833
11364,1.13640000e+04,-1,-0.020833
11365,1.13650000e+04,2,0.041667
11366,1.13660000e+04,2,0.041667
11367,1.13670000e+04,2,0.041667
11368,1.13680000e+04,2,0.041667
11369,1.13690000e+04,2,0.041667
11370,1.13700000e+04,2,0.041667
11371,1.13710000e+04,2,0.041667
11372,1.13720000e+04,2,0.041667
11373,1.13730000e+04,2,0.041667
11374,1.13740000e+04,2,0.041667
11375,1.13750000e+04,0,0.000000
11376,1.13760000e+04,0,0.000000
11377,1.13770000e+04,0,0.000000
11378,1.13780000e+04,0,0.000000
11379,1.13790000e+04,0,0.000000
11380,1.13800000e+04,0,0.000000
11381,1.13810000e+04,0,0.000000
11382,1.13820000e+04,0,0.000000
11383,1.13830000e+04,0,0.000000
11384,1.13840000e+04,0,0.000000
11385,1.13850000e+04,0,0.000000
11386,1.13860000e+04,0,0.000000
11387,1.13870000e+04,0,0.000000
11388,1.13880000e+04,0,0.000000
11389,1.13890000e+04,0,0.000000
11390,1.13900000e+04,-1,-0.020833
11391,1.13910000e+04,-1,-0.020833
11392,1.13920000e+04,-1,-0.020833
11393,1.13930000e+04,-1,-0.020833
11394,1.13940000e+04,-1,-0.020833
11395,1.13950000e+04,2,0.041667
11396,1.13960000e+04,2,0.041667
11397,1.13970000e+04,2,0.041667
11398,1.13980000e+04,2,0.041667
11399,1.13990000e+04,2,0.041667
11400,1.14000000e+04,-1,-0.020833
11401,1.14010000e+04,-1,-0.020833
11402,1.14020000e+04,-1,-0.020833
11403,1.14030000e+04,-1,-0.020833
11404,1.14040000e+04,-1,-0.020833
11405,1.14050000e+04,5,0.104167
11406,1.14060000e+04,5,0.104167
11407,1.14070000e+04,5,0.104167
11408,1.14080000e+04,5,0.104167
11409,1.14090000e+04,5,0.104167
11410,1.14100000e+04,4,0.083333
11411,1.14110000e+04,4,0.083333
11412,1.14120000e+04,4,0.083333
11413,1.14130000e+04,4,0.083333
11414,1.14140000e+04,4,0.083333
11415,1.14150000e+04,0,0.000000
11416,1.14160000e+04,0,0.000000
11417,1.14170000e+04,0,0.000000
11418,1.14180000e+04,0,0.000000
11419,1.14190000e+04,0,0.000000
11420,1.14200000e+04,0,0.000000
11421,1.14210000e+04,0,0.000000
11422,1.14220000e+04,0,0.000000
11423,1.14230000e+04,0,0.000000
11424,1.14240000e+04,0,0.000000
11425,1.14250000e+04,1,0.020833
11426,1.14260000e+04,1,0.020833
11427,1.14270000e+04,1,0.020833
11428,1.14280000e+04,1,0.020833
11429,1.14290000e+04,1,0.020833
11430,1.14300000e+04,-1,-0.020833
11431,1.14310000e+04,-1,-0.020833
11432,1.14320000e+04,-1,-0.020833
11433,1.14330000e+04,-1,-0.020833
11434,1.14340000e+04,-1,-0.020833
11435,1.14350000e+04,4,0.083333
11436,1.14360000e+04,4,0.083333
11437,1.14370000e+04,4,0.083333
11438,1.14380000e+04,4,0.083333
11439,1.14390000e+04,4,0.083333
11440,1.14400000e+04,0,0.000000
11441,1.14410000e+04,0,0.000000
11442,1.14420000e+04,0,0.000000
11443,1.14430000e+04,0,0.000000
11444,1.14440000e+04,0,0.000000
11445,1.14450000e+04,2,0.041667
11446,1.14460000e+04,2,0.041667
11447,1.14470000e+04,2,0.041667
11448,1.14480000e+04,2,0.041667
11449,1.14490000e+04,2,0.041667
11450,1.14500000e+04,3,0.062500
11451,1.14510000e+04,3,0.062500
11452,1.14520000e+04,3,0.062500
11453,1.14530000e+04,3,0.062500
11454,1.14540000e+04,3,0.062500
11455,1.14550000e+04,4,0.083333
11456,1.14560000e+04,4,0.083333
11457,1.14570000e+04,4,0.083333
11458,1.14580000e+04,4,0.083333
11459,1.14590000e+04,4,0.083333
11460,1.14600000e+04,3,0.062500
11461,1.14610000e+04,3,0.062500
11462,1.14620000e+04,3,0.062500
11463,1.14630000e+04,3,0.062500
11464,1.14640000e+04,3,0.062500
11465,1.14650000e+04,8,0.166667
11466,1.14660000e+04,8,0.166667
11467,1.14670000e+04,8,0.166667
11468,1.14680000e+04,8,0.166667
11469,1.14690000e+04,8,0.166667
11470,1.14700000e+04,4,0.083333
11471,1.14710000e+04,4,0.083333
11472,1.14720000e+04,4,0.083333
11473,1.14730000e+04,4,0.083333
11474,1.14740000e+04,4,0.083333
11475,1.14750000e+04,4,0.083333
11476,1.14760000e+04,4,0.083333
11477,1.14770000e+04,4,0.083333
11478,1.14780000e+04,4,0.083333
11479,1.14790000e+04,4,0.083333
11480,1.14800000e+04,6,0.125000
11481,1.14810000e+04,6,0.125000
11482,1.14820000e+04,6,0.125000
11483,1.14830000e+04,6,0.125000
11484,1.14840000e+04,6,0.125000
11485,1.14850000e+04,9,0.187500
11486,1.14860000e+04,9,0.187500
11487,1.14870000e+04,9,0.187500
11488,1.14880000e+04,9,0.187500
11489,1.14890000e+04,9,0.187500
11490,1.14900000e+04,8,0.166667
11491,1.14910000e+04,8,0.166667
11492,1.14920000e+04,8,0.166667
11493,1.14930000e+04,8,0.166667
11494,1.14940000e+04,8,0.166667
11495,1.14950000e+04,7,0.145833
11496,1.14960000e+04,7,0.145833
11497,1.14970000e+04,7,0.145833
11498,1.14980000e+04,7,0.145833
11499,1.14990000e+04,7,0.145833
11500,1.15000000e+04,8,0.166667
11501,1.15010000e+04,8,0.166667
11502,1.15020000e+04,8,0.166667
11503,1.15030000e+04,8,0.166667
11504,1.15040000e+04,8,0.166667
11505,1.15050000e+04,6,0.125000
11506,1.15060000e+04,6,0.125000
11507,1.15070000e+04,6,0.125000
11508,1.15080000e+04,6,0.125000
11509,1.15090000e+04,6,0.125000
11510,1.15100000e+04,7,0.145833
11511,1.15110000e+04,7,0.145833
11512,1.15120000e+04,7,0.145833
11513,1.15130000e+04,7,0.145833
11514,1.15140000e+04,7,0.145833
11515,1.15150000e+04,8,0.166667
11516,1.15160000e+04,8,0.166667
11517,1.15170000e+04,8,0.166667
11518,1.15180000e+04,8,0.166667
11519,1.15190000e+04,8,0.166667
11520,1.15200000e+04,9,0.187500
11521,1.15210000e+04,9,0.187500
11522,1.15220000e+04,9,0.187500
11523,1.15230000e+04,9,0.187500
11524,1.15240000e+04,9,0.187500
11525,1.15250000e+04,8,0.166667
11526,1.15260000e+04,8,0.166667
11527,1.15270000e+04,8,0.166667
11528,1.15280000e+04,8,0.166667
11529,1.15290000e+04,8,0.166667
11530,1.15300000e+04,9,0.187500
11531,1.15310000e+04,9,0.187500
11532,1.15320000e+04,9,0.187500
11533,1.15330000e+04,9,0.187500
11534,1.15340000e+04,9,0.187500
11535,1.15350000e+04,7,0.145833
11536,1.15360000e+04,7,0.145833
11537,1.15370000e+04,7,0.145833
11538,1.15380000e+04,7,0.145833
11539,1.15390000e+04,7,0.145833
11540,1.15400000e+04,8,0.166667
11541,1.15410000e+04,8,0.166667
11542,1.15420000e+04,8,0.166667
11543,1.15430000e+04,8,0.166667
11544,1.15440000e+04,8,0.166667
11545,1.15450000e+04,8,0.166667
11546,1.15460000e+04,8,0.166667
11547,1.15470000e+04,8,0.166667
11548,1.15480000e+04,8,0.166667
11549,1.15490000e+04,8,0.166667
11550,1.15500000e+04,6,0.125000
11551,1.15510000e+04,6,0.125000
11552,1.15520000e+04,6,0.125000
11553,1.15530000e+04,6,0.125000
11554,1.15540000e+04,6,0.125000
11555,1.15550000e+04,7,0.145833
11556,1.15560000e+04,7,0.145833
11557,1.15570000e+04,7,0.145833
11558,1.15580000e+04,7,0.145833
11559,1.15590000e+04,7,0.145833
11560,1.15600000e+04,8,0.166667
11561,1.15610000e+04,8,0.166667
11562,1.15620000e+04,8,0.166667
11563,1.15630000e+04,8,0.166667
11564,1.15640000e+04,8,0.166667
11565,1.15650000e+04,11,0.229167
11566,1.15660000e+04,11,0.229167
11567,1.15670000e+04,11,0.229167
11568,1.15680000e+04,11,0.229167
11569,1.15690000e+04,11,0.229167
11570,1.15700000e+04,8,0.166667
11571,1.15710000e+04,8,0.166667
11572,1.15720000e+04,8,0.166667
11573,1.15730000e+04,8,0.166667
11574,1.15740000e+04,8,0.166667
11575,1.15750000e+04,11,0.229167
11576,1.15760000e+04,11,0.229167
11577,1.15770000e+04,11,0.229167
11578,1.15780000e+04,11,0.229167
11579,1.15790000e+04,11,0.229167
11580,1.15800000e+04,10,0.208333
11581,1.15810000e+04,10,0.208333
11582,1.15820000e+04,10,0.208333
11583,1.15830000e+04,10,0.208333
11584,1.15840000e+04,10,0.208333
11585,1.15850000e+04,16,0.333333
11586,1.15860000e+04,16,0.333333
11587,1.15870000e+04,16,0.333333
11588,1.15880000e+04,16,0.333333
11589,1.15890000e+04,16,0.333333
11590,1.15900000e+04,13,0.270833
11591,1.15910000e+04,13,0.270833
11592,1.15920000e+04,13,0.270833
11593,1.15930000e+04,13,0.270833
11594,1.15940000e+04,13,0.270833
11595,1.15950000e+04,11,0.229167
11596,1.15960000e+04,11,0.229167
11597,1.15970000e+04,11,0.229167
11598,1.15980000e+04,11,0.229167
11599,1.15990000e+04,11,0.229167
11600,1.16000000e+04,12,0.250000
11601,1.16010000e+04,12,0.250000
11602,1.16020000e+04,12,0.250000
11603,1.16030000e+04,12,0.250000
11604,1.16040000e+04,12,0.250000
11605,1.16050000e+04,15,0.312500
11606,1.16060000e+04,15,0.312500
11607,1.16070000e+04,15,0.312500
11608,1.16080000e+04,15,0.312500
11609,1.16090000e+04,15,0.312500
11610,1.16100000e+04,16,0.333333
11611,1.16110000e+04,16,0.333333
11612,1.16120000e+04,16,0.333333
11613,1.16130000e+04,16,0.333333
11614,1.16140000e+04,16,0.333333
11615,1.16150000e+04,16,0.333333
11616,1.16160000e+04,16,0.333333
11617,1.16170000e+04,16,0.333333
11618,1.16180000e+04,16,0.333333
11619,1.16190000e+04,16,0.333333
11620,1.16200000e+04,15,0.312500
11621,1.16210000e+04,15,0.312500
11622,1.16220000e+04,15,0.312500
11623,1.16230000e+04,15,0.312500
11624,1.16240000e+04,15,0.312500
11625,1.16250000e+04,15,0.312500
11626,1.16260000e+04,15,0.312500
11627,1.16270000e+04,15,0.312500
11628,1.16280000e+04,15,0.312500
11629,1.16290000e+04,15,0.312500
11630,1.16300000e+04,17,0.354167
11631,1.16310000e+04,17,0.354167
11632,1.16320000e+04,17,0.354167
11633,1.16330000e+04,17,0.354167
11634,1.16340000e+04,17,0.354167
11635,1.16350000e+04,16,0.333333
11636,1.16360000e+04,16,0.333333
11637,1.16370000e+04,16,0.333333
11638,1.16380000e+04,16,0.333333
11639,1.16390000e+04,16,0.333333
11640,1.16400000e+04,17,0.354167
11641,1.16410000e+04,17,0.354167
11642,1.16420000e+04,17,0.354167
11643,1.16430000e+04,17,0.354167
11644,1.16440000e+04,17,0.354167
11645,1.16450000e+04,12,0.250000
11646,1.16460000e+04,12,0.250000
11647,1.16470000e+04,12,0.250000
11648,1.16480000e+04,12,0.250000
11649,1.16490000e+04,12,0.250000
11650,1.16500000e+04,15,0.312500
11651,1.16510000e+04,15,0.312500
11652,1.16520000e+04,15,0.312500
11653,1.16530000e+04,15,0.312500
11654,1.16540000e+04,15,0.312500
11655,1.16550000e+04,14,0.291667
11656,1.16560000e+04,14,0.291667
11657,1.16570000e+04,14,0.291667
11658,1.16580000e+04,14,0.291667
11659,1.16590000e+04,14,0.291667
11660,1.16600000e+04,13,0.270833
11661,1.16610000e+04,13,0.270833
11662,1.16620000e+04,13,0.270833
11663,1.16630000e+04,13,0.270833
11664,1.16640000e+04,13,0.270833
11665,1.16650000e+04,14,0.291667
11666,1.16660000e+04,14,0.291667
11667,1.16670000e+04,14,0.291667
11668,1.16680000e+04,14,0.291667
11669,1.16690000e+04,14,0.291667
11670,1.16700000e+04,15,0.312500
11671,1.16710000e+04,15,0.312500
11672,1.16720000e+04,15,0.312500
11673,1.16730000e+04,15,0.312500
11674,1.16740000e+04,15,0.312500
11675,1.16750000e+04,18,0.375000
11676,1.16760000e+04,18,0.375000
11677,1.16770000e+04,18,0.375000
11678,1.16780000e+04,18,0.375000
11679,1.16790000e+04,18,0.375000
11680,1.16800000e+04,12,0.250000
11681,1.16810000e+04,12,0.250000
11682,1.16820000e+04,12,0.250000
11683,1.16830000e+04,12,0.250000
11684,1.16840000e+04,12,0.250000
11685,1.16850000e+04,17,0.354167
11686,1.16860000e+04,17,0.354167
11687,1.16870000e+04,17,0.354167
11688,1.16880000e+04,17,0.354167
11689,1.16890000e+04,17,0.354167
11690,1.16900000e+04,18,0.375000
11691,1.16910000e+04,18,0.375000
11692,1.16920000e+04,18,0.375000
11693,1.16930000e+04,18,0.375000
11694,1.16940000e+04,18,0.375000
11695,1.16950000e+04,19,0.395833
11696,1.16960000e+04,19,0.395833
11697,1.16970000e+04,19,0.395833
11698,1.16980000e+04,19,0.395833
11699,1.16990000e+04,19,0.395833
11700,1.17000000e+04,19,0.395833
11701,1.17010000e+04,19,0.395833
11702,1.17020000e+04,19,0.395833
11703,1.17030000e+04,19,0.395833
11704,1.17040000e+04,19,0.395833
11705,1.17050000e+04,16,0.333333
11706,1.17060000e+04,16,0.333333
11707,1.17070000e+04,16,0.333333
11708,1.17080000e+04,16,0.333333
11709,1.17090000e+04,16,0.333333
11710,1.17100000e+04,20,0.416667
11711,1.17110000e+04,20,0.416667
11712,1.17120000e+04,20,0.416667
11713,1.17130000e+04,20,0.416667
11714,1.17140000e+04,20,0.416667
11715,1.17150000e+04,18,0.375000
11716,1.17160000e+04,18,0.375000
11717,1.17170000e+04,18,0.375000
11718,1.17180000e+04,18,0.375000
11719,1.17190000e+04,18,0.375000
11720,1.17200000e+04,16,0.333333
11721,1.17210000e+04,16,0.333333
11722,1.17220000e+04,16,0.333333
11723,1.17230000e+04,16,0.333333
11724,1.17240000e+04,16,0.333333
11725,1.17250000e+04,17,0.354167
11726,1.17260000e+04,17,0.354167
11727,1.17270000e+04,17,0.354167
11728,1.17280000e+04,17,0.354167
11729,1.17290000e+04,17,0.354167
11730,1.17300000e+04,19,0.395833
11731,1.17310000e+04,19,0.395833
11732,1.17320000e+04,19,0.395833
11733,1.17330000e+04,19,0.395833
11734,1.17340000e+04,19,0.395833
11735,1.17350000e+04,18,0.375000
11736,1.17360000e+04,18,0.375000
11737,1.17370000e+04,18,0.375000
11738,1.17380000e+04,18,0.375000
11739,1.17390000e+04,18,0.375000
11740,1.17400000e+04,20,0.416667
11741,1.17410000e+04,20,0.416667
11742,1.17420000e+04,20,0.416667
11743,1.17430000e+04,20,0.416667
11744,1.17440000e+04,20,0.416667
11745,1.17450000e+04,22,0.458333
11746,1.17460000e+04,22,0.458333
11747,1.17470000e+04,22,0.458333
11748,1.17480000e+04,22,0.458333
11749,1.17490000e+04,22,0.458333
11750,1.17500000e+04,17,0.354167
11751,1.17510000e+04,17,0.354167
11752,1.17520000e+04,17,0.354167
11753,1.17530000e+04,17,0.354167
11754,1.17540000e+04,17,0.354167
11755,1.17550000e+04,18,0.375000
11756,1.17560000e+04,18,0.375000
11757,1.17570000e+04,18,0.375000
11758,1.17580000e+04,18,0.375000
11759,1.17590000e+04,18,0.375000
11760,1.17600000e+04,19,0.395833
11761,1.17610000e+04,19,0.395833
11762,1.17620000e+04,19,0.395833
11763,1.17630000e+04,19,0.395833
11764,1.17640000e+04,19,0.395833
11765,1.17650000e+04,16,0.333333
11766,1.17660000e+04,16,0.333333
11767,1.17670000e+04,16,0.333333
11768,1.17680000e+04,16,0.333333
11769,1.17690000e+04,16,0.333333
11770,1.17700000e+04,17,0.354167
11771,1.17710000e+04,17,0.354167
11772,1.17720000e+04,17,0.354167
11773,1.17730000e+04,17,0.354167
11774,1.17740000e+04,17,0.354167
11775,1.17750000e+04,14,0.291667
11776,1.17760000e+04,14,0.291667
11777,1.17770000e+04,14,0.291667
11778,1.17780000e+04,14,0.291667
11779,1.17790000e+04,14,0.291667
11780,1.17800000e+04,19,0.395833
11781,1.17810000e+04,19,0.395833
11782,1.17820000e+04,19,0.395833
11783,1.17830000e+04,19,0.395833
11784,1.17840000e+04,19,0.395833
11785,1.17850000e+04,18,0.375000
11786,1.17860000e+04,18,0.375000
11787,1.17870000e+04,18,0.375000
11788,1.17880000e+04,18,0.375000
11789,1.17890000e+04,18,0.375000
11790,1.17900000e+04,17,0.354167
11791,1.17910000e+04,17,0.354167
11792,1.17920000e+04,17,0.354167
11793,1.17930000e+04,17,0.354167
11794,1.17940000e+04,17,0.354167
11795,1.17950000e+04,18,0.375000
11796,1.17960000e+04,18,0.375000
11797,1.17970000e+04,18,0.375000
11798,1.17980000e+04,18,0.375000
11799,1.17990000e+04,18,0.375000
11800,1.18000000e+04,18,0.375000
11801,1.18010000e+04,18,0.375000
11802,1.18020000e+04,18,0.375000
11803,1.18030000e+04,18,0.375000
11804,1.18040000e+04,18,0.375000
11805,1.18050000e+04,19,0.395833
11806,1.18060000e+04,19,0.395833
11807,1.18070000e+04,19,0.395833
11808,1.18080000e+04,19,0.395833
11809,1.18090000e+04,19,0.395833
11810,1.18100000e+04,17,0.354167
11811,1.18110000e+04,17,0.354167
11812,1.18120000e+04,17,0.354167
11813,1.18130000e+04,17,0.354167
11814,1.18140000e+04,17,0.354167
11815,1.18150000e+04,18,0.375000
11816,1.18160000e+04,18,0.375000
11817,1.18170000e+04,18,0.375000
11818,1.18180000e+04,18,0.375000
11819,1.18190000e+04,18,0.375000
11820,1.18200000e+04,19,0.395833
11821,1.18210000e+04,19,0.395833
11822,1.18220000e+04,19,0.395833
11823,1.18230000e+04,19,0.395833
11824,1.18240000e+04,19,0.395833
11825,1.18250000e+04,15,0.312500
11826,1.18260000e+04,15,0.312500
11827,1.18270000e+04,15,0.312500
11828,1.18280000e+04,15,0.312500
11829,1.18290000e+04,15,0.312500
11830,1.18300000e+04,17,0.354167
11831,1.18310000e+04,17,0.354167
11832,1.18320000e+04,17,0.354167
11833,1.18330000e+04,17,0.354167
11834,1.18340000e+04,17,0.354167
11835,1.18350000e+04,19,0.395833
11836,1.18360000e+04,19,0.395833
11837,1.18370000e+04,19,0.395833
11838,1.18380000e+04,19,0.395833
11839,1.18390000e+04,19,0.395833
11840,1.18400000e+04,17,0.354167
11841,1.18410000e+04,17,0.354167
11842,1.18420000e+04,17,0.354167
11843,1.18430000e+04,17,0.354167
11844,1.18440000e+04,17,0.354167
11845,1.18450000e+04,17,0.354167
11846,1.18460000e+04,17,0.354167
11847,1.18470000e+04,17,0.354167
11848,1.18480000e+04,17,0.354167
11849,1.18490000e+04,17,0.354167
11850,1.18500000e+04,18,0.375000
11851,1.18510000e+04,18,0.375000
11852,1.18520000e+04,18,0.375000
11853,1.18530000e+04,18,0.375000
11854,1.18540000e+04,18,0.375000
11855,1.18550000e+04,21,0.437500
11856,1.18560000e+04,21,0.437500
11857,1.18570000e+04,21,0.437500
11858,1.18580000e+04,21,0.437500
11859,1.18590000e+04,21,0.437500
11860,1.18600000e+04,21,0.437500
11861,1.18610000e+04,21,0.437500
11862,1.18620000e+04,21,0.437500
11863,1.18630000e+04,21,0.437500
11864,1.18640000e+04,21,0.437500
11865,1.18650000e+04,21,0.437500
11866,1.18660000e+04,21,0.437500
11867,1.18670000e+04,21,0.437500
11868,1.18680000e+04,21,0.437500
11869,1.18690000e+04,21,0.437500
11870,1.18700000e+04,17,0.354167
11871,1.18710000e+04,17,0.354167
11872,1.18720000e+04,17,0.354167
11873,1.18730000e+04,17,0.354167
11874,1.18740000e+04,17,0.354167
11875,1.18750000e+04,21,0.437500
11876,1.18760000e+04,21,0.437500
11877,1.18770000e+04,21,0.437500
11878,1.18780000e+04,21,0.437500
11879,1.18790000e+04,21,0.437500
11880,1.18800000e+04,20,0.416667
11881,1.18810000e+04,20,0.416667
11882,1.18820000e+04,20,0.416667
11883,1.18830000e+04,20,0.416667
11884,1.18840000e+04,20,0.416667
11885,1.18850000e+04,22,0.458333
11886,1.18860000e+04,22,0.458333
11887,1.18870000e+04,22,0.458333
11888,1.18880000e+04,22,0.458333
11889,1.18890000e+04,22,0.458333
11890,1.18900000e+04,17,0.354167
11891,1.18910000e+04,17,0.354167
11892,1.18920000e+04,17,0.354167
11893,1.18930000e+04,17,0.354167
11894,1.18940000e+04,17,0.354167
11895,1.18950000e+04,22,0.458333
11896,1.18960000e+04,22,0.458333
11897,1.18970000e+04,22,0.458333
11898,1.18980000e+04,22,0.458333
11899,1.18990000e+04,22,0.458333
11900,1.19000000e+04,19,0.395833
11901,1.19010000e+04,19,0.395833
11902,1.19020000e+04,19,0.395833
11903,1.19030000e+04,19,0.395833
11904,1.19040000e+04,19,0.395833
11905,1.19050000e+04,20,0.416667
11906,1.19060000e+04,20,0.416667
11907,1.19070000e+04,20,0.416667
11908,1.19080000e+04,20,0.416667
11909,1.19090000e+04,20,0.416667
11910,1.19100000e+04,22,0.458333
11911,1.19110000e+04,22,0.458333
11912,1.19120000e+04,22,0.458333
11913,1.19130000e+04,22,0.458333
11914,1.19140000e+04,22,0.458333
11915,1.19150000e+04,20,0.416667
11916,1.19160000e+04,20,0.416667
11917,1.19170000e+04,20,0.416667
11918,1.19180000e+04,20,0.416667
11919,1.19190000e+04,20,0.416667
11920,1.19200000e+04,22,0.458333
11921,1.19210000e+04,22,0.458333
11922,1.19220000e+04,22,0.458333
11923,1.19230000e+04,22,0.458333
11924,1.19240000e+04,22,0.458333
11925,1.19250000e+04,22,0.458333
11926,1.19260000e+04,22,0.458333
11927,1.19270000e+04,22,0.458333
11928,1.19280000e+04,22,0.458333
11929,1.19290000e+04,22,0.458333
11930,1.19300000e+04,20,0.416667
11931,1.19310000e+04,20,0.416667
11932,1.19320000e+04,20,0.416667
11933,1.19330000e+04,20,0.416667
11934,1.19340000e+04,20,0.416667
11935,1.19350000e+04,20,0.416667
11936,1.19360000e+04,20,0.416667
11937,1.19370000e+04,20,0.416667
11938,1.19380000e+04,20,0.416667
11939,1.19390000e+04,20,0.416667
11940,1.19400000e+04,20,0.416667
11941,1.19410000e+04,20,0.416667
11942,1.19420000e+04,20,0.416667
11943,1.19430000e+04,20,0.416667
11944,1.19440000e+04,20,0.416667
11945,1.19450000e+04,20,0.416667
11946,1.19460000e+04,20,0.416667
11947,1.19470000e+04,20,0.416667
11948,1.19480000e+04,20,0.416667
11949,1.19490000e+04,20,0.416667
11950,1.19500000e+04,20,0.416667
11951,1.19510000e+04,20,0.416667
11952,1.19520000e+04,20,0.416667
11953,1.19530000e+04,20,0.416667
11954,1.19540000e+04,20,0.416667
11955,1.19550000e+04,21,0.437500
11956,1.19560000e+04,21,0.437500
11957,1.19570000e+04,21,0.437500
11958,1.19580000e+04,21,0.437500
11959,1.19590000e+04,21,0.437500
11960,1.19600000e+04,20,0.416667
11961,1.19610000e+04,20,0.416667
11962,1.19620000e+04,20,0.416667
11963,1.19630000e+04,20,0.416667
11964,1.19640000e+04,20,0.416667
11965,1.19650000e+04,22,0.458333
11966,1.19660000e+04,22,0.458333
11967,1.19670000e+04,22,0.458333
11968,1.19680000e+04,22,0.458333
11969,1.19690000e+04,22,0.458333
11970,1.19700000e+04,21,0.437500
11971,1.19710000e+04,21,0.437500
11972,1.19720000e+04,21,0.437500
11973,1.19730000e+04,21,0.437500
11974,1.19740000e+04,21,0.437500
11975,1.19750000e+04,23,0.479167
11976,1.19760000e+04,23,0.479167
11977,1.19770000e+04,23,0.479167
11978,1.19780000e+04,23,0.479167
11979,1.19790000e+04,23,0.479167
11980,1.19800000e+04,22,0.458333
11981,1.19810000e+04,22,0.458333
11982,1.19820000e+04,22,0.458333
11983,1.19830000e+04,22,0.458333
11984,1.19840000e+04,22,0.458333
11985,1.19850000e+04,20,0.416667
11986,1.19860000e+04,20,0.416667
11987,1.19870000e+04,20,0.416667
11988,1.19880000e+04,20,0.416667
11989,1.19890000e+04,20,0.416667
11990,1.19900000e+04,20,0.416667
11991,1.19910000e+04,20,0.416667
11992,1.19920000e+04,20,0.416667
11993,1.19930000e+04,20,0.416667
11994,1.19940000e+04,20,0.416667
11995,1.19950000e+04,16,0.333333
11996,1.19960000e+04,16,0.333333
11997,1.19970000e+04,16,0.333333
11998,1.19980000e+04,16,0.333333
11999,1.19990000e+04,16,0.333333
12000,1.20000000e+04,19,0.395833
12001,1.20010000e+04,19,0.395833
12002,1.20020000e+04,19,0.395833
12003,1.20030000e+04,19,0.395833
12004,1.20040000e+04,19,0.395833
12005,1.20050000e+04,22,0.458333
12006,1.20060000e+04,22,0.458333
12007,1.20070000e+04,22,0.458333
12008,1.20080000e+04,22,0.458333
12009,1.20090000e+04,22,0.458333
12010,1.20100000e+04,22,0.458333
12011,1.20110000e+04,22,0.458333
12012,1.20120000e+04,22,0.458333
12013,1.20130000e+04,22,0.458333
12014,1.20140000e+04,22,0.458333
12015,1.20150000e+04,22,0.458333
12016,1.20160000e+04,22,0.458333
12017,1.20170000e+04,22,0.458333
12018,1.20180000e+04,22,0.458333
12019,1.20190000e+04,22,0.458333
12020,1.20200000e+04,21,0.437500
12021,1.20210000e+04,21,0.437500
12022,1.20220000e+04,21,0.437500
12023,1.20230000e+04,21,0.437500
12024,1.20240000e+04,21,0.437500
12025,1.20250000e+04,20,0.416667
12026,1.20260000e+04,20,0.416667
12027,1.20270000e+04,20,0.416667
12028,1.20280000e+04,20,0.416667
12029,1.20290000e+04,20,0.416667
12030,1.20300000e+04,19,0.395833
12031,1.20310000e+04,19,0.395833
12032,1.20320000e+04,19,0.395833
12033,1.20330000e+04,19,0.395833
12034,1.20340000e+04,19,0.395833
12035,1.20350000e+04,18,0.375000
12036,1.20360000e+04,18,0.375000
12037,1.20370000e+04,18,0.375000
12038,1.20380000e+04,18,0.375000
12039,1.20390000e+04,18,0.375000
12040,1.20400000e+04,22,0.458333
12041,1.20410000e+04,22,0.458333
12042,1.20420000e+04,22,0.458333
12043,1.20430000e+04,22,0.458333
12044,1.20440000e+04,22,0.458333
12045,1.20450000e+04,20,0.416667
12046,1.20460000e+04,20,0.416667
12047,1.20470000e+04,20,0.416667
12048,1.20480000e+04,20,0.416667
12049,1.20490000e+04,20,0.416667
12050,1.20500000e+04,24,0.500000
12051,1.20510000e+04,24,0.500000
12052,1.20520000e+04,24,0.500000
12053,1.20530000e+04,24,0.500000
12054,1.20540000e+04,24,0.500000
12055,1.20550000e+04,17,0.354167
12056,1.20560000e+04,17,0.354167
12057,1.20570000e+04,17,0.354167
12058,1.20580000e+04,17,0.354167
12059,1.20590000e+04,17,0.354167
12060,1.20600000e+04,21,0.437500
12061,1.20610000e+04,21,0.437500
12062,1.20620000e+04,21,0.437500
12063,1.20630000e+04,21,0.437500
12064,1.20640000e+04,21,0.437500
12065,1.20650000e+04,21,0.437500
12066,1.20660000e+04,21,0.437500
12067,1.20670000e+04,21,0.437500
12068,1.20680000e+04,21,0.437500
12069,1.20690000e+04,21,0.437500
12070,1.20700000e+04,22,0.458333
12071,1.20710000e+04,22,0.458333
12072,1.20720000e+04,22,0.458333
12073,1.20730000e+04,22,0.458333
12074,1.20740000e+04,22,0.458333
12075,1.20750000e+04,19,0.395833
12076,1.20760000e+04,19,0.395833
12077,1.20770000e+04,19,0.395833
12078,1.20780000e+04,19,0.395833
12079,1.20790000e+04,19,0.395833
12080,1.20800000e+04,19,0.395833
12081,1.20810000e+04,19,0.395833
12082,1.20820000e+04,19,0.395833
12083,1.20830000e+04,19,0.395833
12084,1.20840000e+04,19,0.395833
12085,1.20850000e+04,20,0.416667
12086,1.20860000e+04,20,0.416667
12087,1.20870000e+04,20,0.416667
12088,1.20880000e+04,20,0.416667
12089,1.20890000e+04,20,0.416667
12090,1.20900000e+04,21,0.437500
12091,1.20910000e+04,21,0.437500
12092,1.20920000e+04,21,0.437500
12093,1.20930000e+04,21,0.437500
12094,1.20940000e+04,21,0.437500
12095,1.20950000e+04,20,0.416667
12096,1.20960000e+04,20,0.416667
12097,1.20970000e+04,20,0.416667
12098,1.20980000e+04,20,0.416667
12099,1.20990000e+04,20,0.416667
12100,1.21000000e+04,19,0.395833
12101,1.21010000e+04,19,0.395833
12102,1.21020000e+04,19,0.395833
12103,1.21030000e+04,19,0.395833
12104,1.21040000e+04,19,0.395833
12105,1.21050000e+04,19,0.395833
12106,1.21060000e+04,19,0.395833
12107,1.21070000e+04,19,0.395833
12108,1.21080000e+04,19,0.395833
12109,1.21090000e+04,19,0.395833
12110,1.21100000e+04,20,0.416667
12111,1.21110000e+04,20,0.416667
12112,1.21120000e+04,20,0.416667
12113,1.21130000e+04,20,0.416667
12114,1.21140000e+04,20,0.416667
12115,1.21150000e+04,21,0.437500
12116,1.21160000e+04,21,0.437500
12117,1.21170000e+04,21,0.437500
12118,1.21180000e+04,21,0.437500
12119,1.21190000e+04,21,0.437500
12120,1.21200000e+04,20,0.416667
12121,1.21210000e+04,20,0.416667
12122,1.21220000e+04,20,0.416667
12123,1.21230000e+04,20,0.416667
12124,1.21240000e+04,20,0.416667
12125,1.21250000e+04,20,0.416667
12126,1.21260000e+04,20,0.416667
12127,1.21270000e+04,20,0.416667
12128,1.21280000e+04,20,0.416667
12129,1.21290000e+04,20,0.416667
12130,1.21300000e+04,20,0.416667
12131,1.21310000e+04,20,0.416667
12132,1.21320000e+04,20,0.416667
12133,1.21330000e+04,20,0.416667
12134,1.21340000e+04,20,0.416667
12135,1.21350000e+04,22,0.458333
12136,1.21360000e+04,22,0.458333
12137,1.21370000e+04,22,0.458333
12138,1.21380000e+04,22,0.458333
12139,1.21390000e+04,22,0.458333
12140,1.21400000e+04,22,0.458333
12141,1.21410000e+04,22,0.458333
12142,1.21420000e+04,22,0.458333
12143,1.21430000e+04,22,0.458333
12144,1.21440000e+04,22,0.458333
12145,1.21450000e+04,23,0.479167
12146,1.21460000e+04,23,0.479167
12147,1.21470000e+04,23,0.479167
12148,1.21480000e+04,23,0.479167
12149,1.21490000e+04,23,0.479167
12150,1.21500000e+04,22,0.458333
12151,1.21510000e+04,22,0.458333
12152,1.21520000e+04,22,0.458333
12153,1.21530000e+04,22,0.458333
12154,1.21540000e+04,22,0.458333
12155,1.21550000e+04,22,0.458333
12156,1.21560000e+04,22,0.458333
12157,1.21570000e+04,22,0.458333
12158,1.21580000e+04,22,0.458333
12159,1.21590000e+04,22,0.458333
12160,1.21600000e+04,24,0.500000
12161,1.21610000e+04,24,0.500000
12162,1.21620000e+04,24,0.500000
12163,1.21630000e+04,24,0.500000
12164,1.21640000e+04,24,0.500000
12165,1.21650000e+04,22,0.458333
12166,1.21660000e+04,22,0.458333
12167,1.21670000e+04,22,0.458333
12168,1.21680000e+04,22,0.458333
12169,1.21690000e+04,22,0.458333
12170,1.21700000e+04,21,0.437500
12171,1.21710000e+04,21,0.437500
12172,1.21720000e+04,21,0.437500
12173,1.21730000e+04,21,0.437500
12174,1.21740000e+04,21,0.437500
12175,1.21750000e+04,26,0.541667
12176,1.21760000e+04,26,0.541667
12177,1.21770000e+04,26,0.541667
12178,1.21780000e+04,26,0.541667
12179,1.21790000e+04,26,0.541667
12180,1.21800000e+04,22,0.458333
12181,1.21810000e+04,22,0.458333
12182,1.21820000e+04,22,0.458333
12183,1.21830000e+04,22,0.458333
12184,1.21840000e+04,22,0.458333
12185,1.21850000e+04,20,0.416667
12186,1.21860000e+04,20,0.416667
12187,1.21870000e+04,20,0.416667
12188,1.21880000e+04,20,0.416667
12189,1.21890000e+04,20,0.416667
12190,1.21900000e+04,22,0.458333
12191,1.21910000e+04,22,0.458333
12192,1.21920000e+04,22,0.458333
12193,1.21930000e+04,22,0.458333
12194,1.21940000e+04,22,0.458333
12195,1.21950000e+04,22,0.458333
12196,1.21960000e+04,22,0.458333
12197,1.21970000e+04,22,0.458333
12198,1.21980000e+04,22,0.458333
12199,1.21990000e+04,22,0.458333
12200,1.22000000e+04,20,0.416667
12201,1.22010000e+04,20,0.416667
12202,1.22020000e+04,20,0.416667
12203,1.22030000e+04,20,0.416667
12204,1.22040000e+04,20,0.416667
12205,1.22050000e+04,22,0.458333
12206,1.22060000e+04,22,0.458333
12207,1.22070000e+04,22,0.458333
12208,1.22080000e+04,22,0.458333
12209,1.22090000e+04,22,0.458333
12210,1.22100000e+04,15,0.312500
12211,1.22110000e+04,15,0.312500
12212,1.22120000e+04,15,0.312500
12213,1.22130000e+04,15,0.312500
12214,1.22140000e+04,15,0.312500
12215,1.22150000e+04,22,0.458333
12216,1.22160000e+04,22,0.458333
12217,1.22170000e+04,22,0.458333
12218,1.22180000e+04,22,0.458333
12219,1.22190000e+04,22,0.458333
12220,1.22200000e+04,22,0.458333
12221,1.22210000e+04,22,0.458333
12222,1.22220000e+04,22,0.458333
12223,1.22230000e+04,22,0.458333
12224,1.22240000e+04,22,0.458333
12225,1.22250000e+04,23,0.479167
12226,1.22260000e+04,23,0.479167
12227,1.22270000e+04,23,0.479167
12228,1.22280000e+04,23,0.479167
12229,1.22290000e+04,23,0.479167
12230,1.22300000e+04,20,0.416667
12231,1.22310000e+04,20,0.416667
12232,1.22320000e+04,20,0.416667
12233,1.22330000e+04,20,0.416667
12234,1.22340000e+04,20,0.416667
12235,1.22350000e+04,21,0.437500
12236,1.22360000e+04,21,0.437500
12237,1.22370000e+04,21,0.437500
12238,1.22380000e+04,21,0.437500
12239,1.22390000e+04,21,0.437500
12240,1.22400000e+04,22,0.458333
12241,1.22410000e+04,22,0.458333
12242,1.22420000e+04,22,0.458333
12243,1.22430000e+04,22,0.458333
12244,1.22440000e+04,22,0.458333
12245,1.22450000e+04,22,0.458333
12246,1.22460000e+04,22,0.458333
12247,1.22470000e+04,22,0.458333
12248,1.22480000e+04,22,0.458333
12249,1.22490000e+04,22,0.458333
12250,1.22500000e+04,24,0.500000
12251,1.22510000e+04,24,0.500000
12252,1.22520000e+04,24,0.500000
12253,1.22530000e+04,24,0.500000
12254,1.22540000e+04,24,0.500000
12255,1.22550000e+04,22,0.458333
12256,1.22560000e+04,22,0.458333
12257,1.22570000e+04,22,0.458333
12258,1.22580000e+04,22,0.458333
12259,1.22590000e+04,22,0.458333
12260,1.22600000e+04,24,0.500000
12261,1.22610000e+04,24,0.500000
12262,1.22620000e+04,24,0.500000
12263,1.22630000e+04,24,0.500000
12264,1.22640000e+04,24,0.500000
12265,1.22650000e+04,22,0.458333
12266,1.22660000e+04,22,0.458333
12267,1.22670000e+04,22,0.458333
12268,1.22680000e+04,22,0.458333
12269,1.22690000e+04,22,0.458333
12270,1.22700000e+04,24,0.500000
12271,1.22710000e+04,24,0.500000
12272,1.22720000e+04,24,0.500000
12273,1.22730000e+04,24,0.500000
12274,1.22740000e+04,24,0.500000
12275,1.22750000e+04,25,0.520833
12276,1.22760000e+04,25,0.520833
12277,1.22770000e+04,25,0.520833
12278,1.22780000e+04,25,0.520833
12279,1.22790000e+04,25,0.520833
12280,1.22800000e+04,22,0.458333
12281,1.22810000e+04,22,0.458333
12282,1.22820000e+04,22,0.458333
12283,1.22830000e+04,22,0.458333
12284,1.22840000e+04,22,0.458333
12285,1.22850000e+04,22,0.458333
12286,1.22860000e+04,22,0.458333
12287,1.22870000e+04,22,0.458333
12288,1.22880000e+04,22,0.458333
12289,1.22890000e+04,22,0.458333
12290,1.22900000e+04,23,0.479167
12291,1.22910000e+04,23,0.479167
12292,1.22920000e+04,23,0.479167
12293,1.22930000e+04,23,0.479167
12294,1.22940000e+04,23,0.479167
12295,1.22950000e+04,20,0.416667
12296,1.22960000e+04,20,0.416667
12297,1.22970000e+04,20,0.416667
12298,1.22980000e+04,20,0.416667
12299,1.22990000e+04,20,0.416667
12300,1.23000000e+04,20,0.416667
12301,1.23010000e+04,20,0.416667
12302,1.23020000e+04,20,0.416667
12303,1.23030000e+04,20,0.416667
12304,1.23040000e+04,20,0.416667
12305,1.23050000e+04,22,0.458333
12306,1.23060000e+04,22,0.458333
12307,1.23070000e+04,22,0.458333
12308,1.23080000e+04,22,0.458333
12309,1.23090000e+04,22,0.458333
12310,1.23100000e+04,21,0.437500
12311,1.23110000e+04,21,0.437500
12312,1.23120000e+04,21,0.437500
12313,1.23130000e+04,21,0.437500
12314,1.23140000e+04,21,0.437500
12315,1.23150000e+04,21,0.437500
12316,1.23160000e+04,21,0.437500
12317,1.23170000e+04,21,0.437500
12318,1.23180000e+04,21,0.437500
12319,1.23190000e+04,21,0.437500
12320,1.23200000e+04,24,0.500000
12321,1.23210000e+04,24,0.500000
12322,1.23220000e+04,24,0.500000
12323,1.23230000e+04,24,0.500000
12324,1.23240000e+04,24,0.500000
12325,1.23250000e+04,22,0.458333
12326,1.23260000e+04,22,0.458333
12327,1.23270000e+04,22,0.458333
12328,1.23280000e+04,22,0.458333
12329,1.23290000e+04,22,0.458333
12330,1.23300000e+04,18,0.375000
12331,1.23310000e+04,18,0.375000
12332,1.23320000e+04,18,0.375000
12333,1.23330000e+04,18,0.375000
12334,1.23340000e+04,18,0.375000
12335,1.23350000e+04,19,0.395833
12336,1.23360000e+04,19,0.395833
12337,1.23370000e+04,19,0.395833
12338,1.23380000e+04,19,0.395833
12339,1.23390000e+04,19,0.395833
12340,1.23400000e+04,18,0.375000
12341,1.23410000e+04,18,0.375000
12342,1.23420000e+04,18,0.375000
12343,1.23430000e+04,18,0.375000
12344,1.23440000e+04,18,0.375000
12345,1.23450000e+04,20,0.416667
12346,1.23460000e+04,20,0.416667
12347,1.23470000e+04,20,0.416667
12348,1.23480000e+04,20,0.416667
12349,1.23490000e+04,20,0.416667
12350,1.23500000e+04,20,0.416667
12351,1.23510000e+04,20,0.416667
12352,1.23520000e+04,20,0.416667
12353,1.23530000e+04,20,0.416667
12354,1.23540000e+04,20,0.416667
12355,1.23550000e+04,16,0.333333
12356,1.23560000e+04,16,0.333333
12357,1.23570000e+04,16,0.333333
12358,1.23580000e+04,16,0.333333
12359,1.23590000e+04,16,0.333333
12360,1.23600000e+04,17,0.354167
12361,1.23610000e+04,17,0.354167
12362,1.23620000e+04,17,0.354167
12363,1.23630000e+04,17,0.354167
12364,1.23640000e+04,17,0.354167
12365,1.23650000e+04,17,0.354167
12366,1.23660000e+04,17,0.354167
12367,1.23670000e+04,17,0.354167
12368,1.23680000e+04,17,0.354167
12369,1.23690000e+04,17,0.354167
12370,1.23700000e+04,18,0.375000
12371,1.23710000e+04,18,0.375000
12372,1.23720000e+04,18,0.375000
12373,1.23730000e+04,18,0.375000
12374,1.23740000e+04,18,0.375000
12375,1.23750000e+04,20,0.416667
12376,1.23760000e+04,20,0.416667
12377,1.23770000e+04,20,0.416667
12378,1.23780000e+04,20,0.416667
12379,1.23790000e+04,20,0.416667
12380,1.23800000e+04,22,0.458333
12381,1.23810000e+04,22,0.458333
12382,1.23820000e+04,22,0.458333
12383,1.23830000e+04,22,0.458333
12384,1.23840000e+04,22,0.458333
12385,1.23850000e+04,18,0.375000
12386,1.23860000e+04,18,0.375000
12387,1.23870000e+04,18,0.375000
12388,1.23880000e+04,18,0.375000
12389,1.23890000e+04,18,0.375000
12390,1.23900000e+04,16,0.333333
12391,1.23910000e+04,16,0.333333
12392,1.23920000e+04,16,0.333333
12393,1.23930000e+04,16,0.333333
12394,1.23940000e+04,16,0.333333
12395,1.23950000e+04,19,0.395833
12396,1.23960000e+04,19,0.395833
12397,1.23970000e+04,19,0.395833
12398,1.23980000e+04,19,0.395833
12399,1.23990000e+04,19,0.395833
12400,1.24000000e+04,18,0.375000
12401,1.24010000e+04,18,0.375000
12402,1.24020000e+04,18,0.375000
12403,1.24030000e+04,18,0.375000
12404,1.24040000e+04,18,0.375000
12405,1.24050000e+04,20,0.416667
12406,1.24060000e+04,20,0.416667
12407,1.24070000e+04,20,0.416667
12408,1.24080000e+04,20,0.416667
12409,1.24090000e+04,20,0.416667
12410,1.24100000e+04,17,0.354167
12411,1.24110000e+04,17,0.354167
12412,1.24120000e+04,17,0.354167
12413,1.24130000e+04,17,0.354167
12414,1.24140000e+04,17,0.354167
12415,1.24150000e+04,17,0.354167
12416,1.24160000e+04,17,0.354167
12417,1.24170000e+04,17,0.354167
12418,1.24180000e+04,17,0.354167
12419,1.24190000e+04,17,0.354167
12420,1.24200000e+04,16,0.333333
12421,1.24210000e+04,16,0.333333
12422,1.24220000e+04,16,0.333333
12423,1.24230000e+04,16,0.333333
12424,1.24240000e+04,16,0.333333
12425,1.24250000e+04,16,0.333333
12426,1.24260000e+04,16,0.333333
12427,1.24270000e+04,16,0.333333
12428,1.24280000e+04,16,0.333333
12429,1.24290000e+04,16,0.333333
12430,1.24300000e+04,14,0.291667
12431,1.24310000e+04,14,0.291667
12432,1.24320000e+04,14,0.291667
12433,1.24330000e+04,14,0.291667
12434,1.24340000e+04,14,0.291667
12435,1.24350000e+04,13,0.270833
12436,1.24360000e+04,13,0.270833
12437,1.24370000e+04,13,0.270833
12438,1.24380000e+04,13,0.270833
12439,1.24390000e+04,13,0.270833
12440,1.24400000e+04,15,0.312500
12441,1.24410000e+04,15,0.312500
12442,1.24420000e+04,15,0.312500
12443,1.24430000e+04,15,0.312500
12444,1.24440000e+04,15,0.312500
12445,1.24450000e+04,15,0.312500
12446,1.24460000e+04,15,0.312500
12447,1.24470000e+04,15,0.312500
12448,1.24480000e+04,15,0.312500
12449,1.24490000e+04,15,0.312500
12450,1.24500000e+04,12,0.250000
12451,1.24510000e+04,12,0.250000
12452,1.24520000e+04,12,0.250000
12453,1.24530000e+04,12,0.250000
12454,1.24540000e+04,12,0.250000
12455,1.24550000e+04,15,0.312500
12456,1.24560000e+04,15,0.312500
12457,1.24570000e+04,15,0.312500
12458,1.24580000e+04,15,0.312500
12459,1.24590000e+04,15,0.312500
12460,1.24600000e+04,13,0.270833
12461,1.24610000e+04,13,0.270833
12462,1.24620000e+04,13,0.270833
12463,1.24630000e+04,13,0.270833
12464,1.24640000e+04,13,0.270833
12465,1.24650000e+04,14,0.291667
12466,1.24660000e+04,14,0.291667
12467,1.24670000e+04,14,0.291667
12468,1.24680000e+04,14,0.291667
12469,1.24690000e+04,14,0.291667
12470,1.24700000e+04,14,0.291667
12471,1.24710000e+04,14,0.291667
12472,1.24720000e+04,14,0.291667
12473,1.24730000e+04,14,0.291667
12474,1.24740000e+04,14,0.291667
12475,1.24750000e+04,9,0.187500
12476,1.24760000e+04,9,0.187500
12477,1.24770000e+04,9,0.187500
12478,1.24780000e+04,9,0.187500
12479,1.24790000e+04,9,0.187500
12480,1.24800000e+04,10,0.208333
12481,1.24810000e+04,10,0.208333
12482,1.24820000e+04,10,0.208333
12483,1.24830000e+04,10,0.208333
12484,1.24840000e+04,10,0.208333
12485,1.24850000e+04,13,0.270833
12486,1.24860000e+04,13,0.270833
12487,1.24870000e+04,13,0.270833
12488,1.24880000e+04,13,0.270833
12489,1.24890000e+04,13,0.270833
12490,1.24900000e+04,11,0.229167
12491,1.24910000e+04,11,0.229167
12492,1.24920000e+04,11,0.229167
12493,1.24930000e+04,11,0.229167
12494,1.24940000e+04,11,0.229167
12495,1.24950000e+04,12,0.250000
12496,1.24960000e+04,12,0.250000
12497,1.24970000e+04,12,0.250000
12498,1.24980000e+04,12,0.250000
12499,1.24990000e+04,12,0.250000
12500,1.25000000e+04,12,0.250000
12501,1.25010000e+04,12,0.250000
12502,1.25020000e+04,12,0.250000
12503,1.25030000e+04,12,0.250000
12504,1.25040000e+04,12,0.250000
12505,1.25050000e+04,12,0.250000
12506,1.25060000e+04,12,0.250000
12507,1.25070000e+04,12,0.250000
12508,1.25080000e+04,12,0.250000
12509,1.25090000e+04,12,0.250000
12510,1.25100000e+04,11,0.229167
12511,1.25110000e+04,11,0.229167
12512,1.25120000e+04,11,0.229167
12513,1.25130000e+04,11,0.229167
12514,1.25140000e+04,11,0.229167
12515,1.25150000e+04,13,0.270833
12516,1.25160000e+04,13,0.270833
12517,1.25170000e+04,13,0.270833
12518,1.25180000e+04,13,0.270833
12519,1.25190000e+04,13,0.270833
12520,1.25200000e+04,12,0.250000
12521,1.25210000e+04,12,0.250000
12522,1.25220000e+04,12,0.250000
12523,1.25230000e+04,12,0.250000
12524,1.25240000e+04,12,0.250000
12525,1.25250000e+04,9,0.187500
12526,1.25260000e+04,9,0.187500
12527,1.25270000e+04,9,0.187500
12528,1.25280000e+04,9,0.187500
12529,1.25290000e+04,9,0.187500
12530,1.25300000e+04,9,0.187500
12531,1.25310000e+04,9,0.187500
12532,1.25320000e+04,9,0.187500
12533,1.25330000e+04,9,0.187500
12534,1.25340000e+04,9,0.187500
12535,1.25350000e+04,13,0.270833
12536,1.25360000e+04,13,0.270833
12537,1.25370000e+04,13,0.270833
12538,1.25380000e+04,13,0.270833
12539,1.25390000e+04,13,0.270833
12540,1.25400000e+04,12,0.250000
12541,1.25410000e+04,12,0.250000
12542,1.25420000e+04,12,0.250000
12543,1.25430000e+04,12,0.250000
12544,1.25440000e+04,12,0.250000
12545,1.25450000e+04,11,0.229167
12546,1.25460000e+04,11,0.229167
12547,1.25470000e+04,11,0.229167
12548,1.25480000e+04,11,0.229167
12549,1.25490000e+04,11,0.229167
12550,1.25500000e+04,9,0.187500
12551,1.25510000e+04,9,0.187500
12552,1.25520000e+04,9,0.187500
12553,1.25530000e+04,9,0.187500
12554,1.25540000e+04,9,0.187500
12555,1.25550000e+04,7,0.145833
12556,1.25560000e+04,7,0.145833
12557,1.25570000e+04,7,0.145833
12558,1.25580000e+04,7,0.145833
12559,1.25590000e+04,7,0.145833
12560,1.25600000e+04,6,0.125000
12561,1.25610000e+04,6,0.125000
12562,1.25620000e+04,6,0.125000
12563,1.25630000e+04,6,0.125000
12564,1.25640000e+04,6,0.125000
12565,1.25650000e+04,10,0.208333
12566,1.25660000e+04,10,0.208333
12567,1.25670000e+04,10,0.208333
12568,1.25680000e+04,10,0.208333
12569,1.25690000e+04,10,0.208333
12570,1.25700000e+04,6,0.125000
12571,1.25710000e+04,6,0.125000
12572,1.25720000e+04,6,0.125000
12573,1.25730000e+04,6,0.125000
12574,1.25740000e+04,6,0.125000
12575,1.25750000e+04,7,0.145833
12576,1.25760000e+04,7,0.145833
12577,1.25770000e+04,7,0.145833
12578,1.25780000e+04,7,0.145833
12579,1.25790000e+04,7,0.145833
12580,1.25800000e+04,6,0.125000
12581,1.25810000e+04,6,0.125000
12582,1.25820000e+04,6,0.125000
12583,1.25830000e+04,6,0.125000
12584,1.25840000e+04,6,0.125000
12585,1.25850000e+04,6,0.125000
12586,1.25860000e+04,6,0.125000
12587,1.25870000e+04,6,0.125000
12588,1.25880000e+04,6,0.125000
12589,1.25890000e+04,6,0.125000
12590,1.25900000e+04,7,0.145833
12591,1.25910000e+04,7,0.145833
12592,1.25920000e+04,7,0.145833
12593,1.25930000e+04,7,0.145833
12594,1.25940000e+04,7,0.145833
12595,1.25950000e+04,5,0.104167
12596,1.25960000e+04,5,0.104167
12597,1.25970000e+04,5,0.104167
12598,1.25980000e+04,5,0.104167
12599,1.25990000e+04,5,0.104167
12600,1.26000000e+04,7,0.145833
12601,1.26010000e+04,7,0.145833
12602,1.26020000e+04,7,0.145833
12603,1.26030000e+04,7,0.145833
12604,1.26040000e+04,7,0.145833
12605,1.26050000e+04,8,0.166667
12606,1.26060000e+04,8,0.166667
12607,1.26070000e+04,8,0.166667
12608,1.26080000e+04,8,0.166667
12609,1.26090000e+04,8,0.166667
12610,1.26100000e+04,9,0.187500
12611,1.26110000e+04,9,0.187500
12612,1.26120000e+04,9,0.187500
12613,1.26130000e+04,9,0.187500
12614,1.26140000e+04,9,0.187500
12615,1.26150000e+04,6,0.125000
12616,1.26160000e+04,6,0.125000
12617,1.26170000e+04,6,0.125000
12618,1.26180000e+04,6,0.125000
12619,1.26190000e+04,6,0.125000
12620,1.26200000e+04,9,0.187500
12621,1.26210000e+04,9,0.187500
12622,1.26220000e+04,9,0.187500
12623,1.26230000e+04,9,0.187500
12624,1.26240000e+04,9,0.187500
12625,1.26250000e+04,6,0.125000
12626,1.26260000e+04,6,0.125000
12627,1.26270000e+04,6,0.125000
12628,1.26280000e+04,6,0.125000
12629,1.26290000e+04,6,0.125000
12630,1.26300000e+04,11,0.229167
12631,1.26310000e+04,11,0.229167
12632,1.26320000e+04,11,0.229167
12633,1.26330000e+04,11,0.229167
12634,1.26340000e+04,11,0.229167
12635,1.26350000e+04,5,0.104167
12636,1.26360000e+04,5,0.104167
12637,1.26370000e+04,5,0.104167
12638,1.26380000e+04,5,0.104167
12639,1.26390000e+04,5,0.104167
12640,1.26400000e+04,10,0.208333
12641,1.26410000e+04,10,0.208333
12642,1.26420000e+04,10,0.208333
12643,1.26430000e+04,10,0.208333
12644,1.26440000e+04,10,0.208333
12645,1.26450000e+04,8,0.166667
12646,1.26460000e+04,8,0.166667
12647,1.26470000e+04,8,0.166667
12648,1.26480000e+04,8,0.166667
12649,1.26490000e+04,8,0.166667
12650,1.26500000e+04,6,0.125000
12651,1.26510000e+04,6,0.125000
12652,1.26520000e+04,6,0.125000
12653,1.26530000e+04,6,0.125000
12654,1.26540000e+04,6,0.125000
12655,1.26550000e+04,3,0.062500
12656,1.26560000e+04,3,0.062500
12657,1.26570000e+04,3,0.062500
12658,1.26580000e+04,3,0.062500
12659,1.26590000e+04,3,0.062500
12660,1.26600000e+04,4,0.083333
12661,1.26610000e+04,4,0.083333
12662,1.26620000e+04,4,0.083333
12663,1.26630000e+04,4,0.083333
12664,1.26640000e+04,4,0.083333
12665,1.26650000e+04,7,0.145833
12666,1.26660000e+04,7,0.145833
12667,1.26670000e+04,7,0.145833
12668,1.26680000e+04,7,0.145833
12669,1.26690000e+04,7,0.145833
12670,1.26700000e+04,3,0.062500
12671,1.26710000e+04,3,0.062500
12672,1.26720000e+04,3,0.062500
12673,1.26730000e+04,3,0.062500
12674,1.26740000e+04,3,0.062500
12675,1.26750000e+04,5,0.104167
12676,1.26760000e+04,5,0.104167
12677,1.26770000e+04,5,0.104167
12678,1.26780000e+04,5,0.104167
12679,1.26790000e+04,5,0.104167
12680,1.26800000e+04,6,0.125000
12681,1.26810000e+04,6,0.125000
12682,1.26820000e+04,6,0.125000
12683,1.26830000e+04,6,0.125000
12684,1.26840000e+04,6,0.125000
12685,1.26850000e+04,2,0.041667
12686,1.26860000e+04,2,0.041667
12687,1.26870000e+04,2,0.041667
12688,1.26880000e+04,2,0.041667
12689,1.26890000e+04,2,0.041667
12690,1.26900000e+04,5,0.104167
12691,1.26910000e+04,5,0.104167
12692,1.26920000e+04,5,0.104167
12693,1.26930000e+04,5,0.104167
12694,1.26940000e+04,5,0.104167
12695,1.26950000e+04,4,0.083333
12696,1.26960000e+04,4,0.083333
12697,1.26970000e+04,4,0.083333
12698,1.26980000e+04,4,0.083333
12699,1.26990000e+04,4,0.083333
12700,1.27000000e+04,4,0.083333
12701,1.27010000e+04,4,0.083333
12702,1.27020000e+04,4,0.083333
12703,1.27030000e+04,4,0.083333
12704,1.27040000e+04,4,0.083333
12705,1.27050000e+04,3,0.062500
12706,1.27060000e+04,3,0.062500
12707,1.27070000e+04,3,0.062500
12708,1.27080000e+04,3,0.062500
12709,1.27090000e+04,3,0.062500
12710,1.27100000e+04,4,0.083333
12711,1.27110000e+04,4,0.083333
12712,1.27120000e+04,4,0.083333
12713,1.27130000e+04,4,0.083333
12714,1.27140000e+04,4,0.083333
12715,1.27150000e+04,6,0.125000
12716,1.27160000e+04,6,0.125000
12717,1.27170000e+04,6,0.125000
12718,1.27180000e+04,6,0.125000
12719,1.27190000e+04,6,0.125000
12720,1.27200000e+04,7,0.145833
12721,1.27210000e+04,7,0.145833
12722,1.27220000e+04,7,0.145833
12723,1.27230000e+04,7,0.145833
12724,1.27240000e+04,7,0.145833
12725,1.27250000e+04,1,0.020833
12726,1.27260000e+04,1,0.020833
12727,1.27270000e+04,1,0.020833
12728,1.27280000e+04,1,0.020833
12729,1.27290000e+04,1,0.020833
12730,1.27300000e+04,4,0.083333
12731,1.27310000e+04,4,0.083333
12732,1.27320000e+04,4,0.083333
12733,1.27330000e+04,4,0.083333
12734,1.27340000e+04,4,0.083333
12735,1.27350000e+04,7,0.145833
12736,1.27360000e+04,7,0.145833
12737,1.27370000e+04,7,0.145833
12738,1.27380000e+04,7,0.145833
12739,1.27390000e+04,7,0.145833
12740,1.27400000e+04,9,0.187500
12741,1.27410000e+04,9,0.187500
12742,1.27420000e+04,9,0.187500
12743,1.27430000e+04,9,0.187500
12744,1.27440000e+04,9,0.187500
12745,1.27450000e+04,4,0.083333
12746,1.27460000e+04,4,0.083333
12747,1.27470000e+04,4,0.083333
12748,1.27480000e+04,4,0.083333
12749,1.27490000e+04,4,0.083333
12750,1.27500000e+04,8,0.166667
12751,1.27510000e+04,8,0.166667
12752,1.27520000e+04,8,0.166667
12753,1.27530000e+04,8,0.166667
12754,1.27540000e+04,8,0.166667
12755,1.27550000e+04,3,0.062500
12756,1.27560000e+04,3,0.062500
12757,1.27570000e+04,3,0.062500
12758,1.27580000e+04,3,0.062500
12759,1.27590000e+04,3,0.062500
12760,1.27600000e+04,3,0.062500
12761,1.27610000e+04,3,0.062500
12762,1.27620000e+04,3,0.062500
12763,1.27630000e+04,3,0.062500
12764,1.27640000e+04,3,0.062500
12765,1.27650000e+04,5,0.104167
12766,1.27660000e+04,5,0.104167
12767,1.27670000e+04,5,0.104167
12768,1.27680000e+04,5,0.104167
12769,1.27690000e+04,5,0.104167
12770,1.27700000e+04,4,0.083333
12771,1.27710000e+04,4,0.083333
12772,1.27720000e+04,4,0.083333
12773,1.27730000e+04,4,0.083333
12774,1.27740000e+04,4,0.083333
12775,1.27750000e+04,6,0.125000
12776,1.27760000e+04,6,0.125000
12777,1.27770000e+04,6,0.125000
12778,1.27780000e+04,6,0.125000
12779,1.27790000e+04,6,0.125000
12780,1.27800000e+04,1,0.020833
12781,1.27810000e+04,1,0.020833
12782,1.27820000e+04,1,0.020833
12783,1.27830000e+04,1,0.020833
12784,1.27840000e+04,1,0.020833
12785,1.27850000e+04,1,0.020833
12786,1.27860000e+04,1,0.020833
12787,1.27870000e+04,1,0.020833
12788,1.27880000e+04,1,0.020833
12789,1.27890000e+04,1,0.020833
12790,1.27900000e+04,2,0.041667
12791,1.27910000e+04,2,0.041667
12792,1.27920000e+04,2,0.041667
12793,1.27930000e+04,2,0.041667
12794,1.27940000e+04,2,0.041667
12795,1.27950000e+04,4,0.083333
12796,1.27960000e+04,4,0.083333
12797,1.27970000e+04,4,0.083333
12798,1.27980000e+04,4,0.083333
12799,1.27990000e+04,4,0.083333
12800,1.28000000e+04,4,0.083333
12801,1.28010000e+04,4,0.083333
12802,1.28020000e+04,4,0.083333
12803,1.28030000e+04,4,0.083333
12804,1.28040000e+04,4,0.083333
12805,1.28050000e+04,2,0.041667
12806,1.28060000e+04,2,0.041667
12807,1.28070000e+04,2,0.041667
12808,1.28080000e+04,2,0.041667
12809,1.28090000e+04,2,0.041667
12810,1.28100000e+04,-1,-0.020833
12811,1.28110000e+04,-1,-0.020833
12812,1.28120000e+04,-1,-0.020833
12813,1.28130000e+04,-1,-0.020833
12814,1.28140000e+04,-1,-0.020833
12815,1.28150000e+04,2,0.041667
12816,1.28160000e+04,2,0.041667
12817,1.28170000e+04,2,0.041667
12818,1.28180000e+04,2,0.041667
12819,1.28190000e+04,2,0.041667
12820,1.28200000e+04,2,0.041667
12821,1.28210000e+04,2,0.041667
12822,1.28220000e+04,2,0.041667
12823,1.28230000e+04,2,0.041667
12824,1.28240000e+04,2,0.041667
12825,1.28250000e+04,-1,-0.020833
12826,1.28260000e+04,-1,-0.020833
12827,1.28270000e+04,-1,-0.020833
12828,1.28280000e+04,-1,-0.020833
12829,1.28290000e+04,-1,-0.020833
12830,1.28300000e+04,2,0.041667
12831,1.28310000e+04,2,0.041667
12832,1.28320000e+04,2,0.041667
12833,1.28330000e+04,2,0.041667
12834,1.28340000e+04,2,0.041667
12835,1.28350000e+04,0,0.000000
12836,1.28360000e+04,0,0.000000
12837,1.28370000e+04,0,0.000000
12838,1.28380000e+04,0,0.000000
12839,1.28390000e+04,0,0.000000
12840,1.28400000e+04,1,0.020833
12841,1.28410000e+04,1,0.020833
12842,1.28420000e+04,1,0.020833
12843,1.28430000e+04,1,0.020833
12844,1.28440000e+04,1,0.020833
12845,1.28450000e+04,3,0.062500
12846,1.28460000e+04,3,0.062500
12847,1.28470000e+04,3,0.062500
12848,1.28480000e+04,3,0.062500
12849,1.28490000e+04,3,0.062500
12850,1.28500000e+04,-3,-0.062500
12851,1.28510000e+04,-3,-0.062500
12852,1.28520000e+04,-3,-0.062500
12853,1.28530000e+04,-3,-0.062500
12854,1.28540000e+04,-3,-0.062500
12855,1.28550000e+04,3,0.062500
12856,1.28560000e+04,3,0.062500
12857,1.28570000e+04,3,0.062500
12858,1.28580000e+04,3,0.062500
12859,1.28590000e+04,3,0.062500
12860,1.28600000e+04,1,0.020833
12861,1.28610000e+04,1,0.020833
12862,1.28620000e+04,1,0.020833
12863,1.28630000e+04,1,0.020833
12864,1.28640000e+04,1,0.020833
12865,1.28650000e+04,4,0.083333
12866,1.28660000e+04,4,0.083333
12867,1.28670000e+04,4,0.083333
12868,1.28680000e+04,4,0.083333
12869,1.28690000e+04,4,0.083333
12870,1.28700000e+04,4,0.083333
12871,1.28710000e+04,4,0.083333
12872,1.28720000e+04,4,0.083333
12873,1.28730000e+04,4,0.083333
12874,1.28740000e+04,4,0.083333
12875,1.28750000e+04,-1,-0.020833
12876,1.28760000e+04,-1,-0.020833
12877,1.28770000e+04,-1,-0.020833
12878,1.28780000e+04,-1,-0.020833
12879,1.28790000e+04,-1,-0.020833
12880,1.28800000e+04,4,0.083333
12881,1.28810000e+04,4,0.083333
12882,1.28820000e+04,4,0.083333
12883,1.28830000e+04,4,0.083333
12884,1.28840000e+04,4,0.083333
12885,1.28850000e+04,-2,-0.041667
12886,1.28860000e+04,-2,-0.041667
12887,1.28870000e+04,-2,-0.041667
12888,1.28880000e+04,-2,-0.041667
12889,1.28890000e+04,-2,-0.041667
12890,1.28900000e+04,-4,-0.083333
12891,1.28910000e+04,-4,-0.083333
12892,1.28920000e+04,-4,-0.083333
12893,1.28930000e+04,-4,-0.083333
12894,1.28940000e+04,-4,-0.083333
12895,1.28950000e+04,-1,-0.020833
12896,1.28960000e+04,-1,-0.020833
12897,1.28970000e+04,-1,-0.020833
12898,1.28980000e+04,-1,-0.020833
12899,1.28990000e+04,-1,-0.020833
12900,1.29000000e+04,-4,-0.083333
12901,1.29010000e+04,-4,-0.083333
12902,1.29020000e+04,-4,-0.083333
12903,1.29030000e+04,-4,-0.083333
12904,1.29040000e+04,-4,-0.083333
12905,1.29050000e+04,-4,-0.083333
12906,1.29060000e+04,-4,-0.083333
12907,1.29070000e+04,-4,-0.083333
12908,1.29080000e+04,-4,-0.083333
12909,1.29090000e+04,-4,-0.083333
12910,1.29100000e+04,-3,-0.062500
12911,1.29110000e+04,-3,-0.062500
12912,1.29120000e+04,-3,-0.062500
12913,1.29130000e+04,-3,-0.062500
12914,1.29140000e+04,-3,-0.062500
12915,1.29150000e+04,-4,-0.083333
12916,1.29160000e+04,-4,-0.083333
12917,1.29170000e+04,-4,-0.083333
12918,1.29180000e+04,-4,-0.083333
12919,1.29190000e+04,-4,-0.083333
12920,1.29200000e+04,-3,-0.062500
12921,1.29210000e+04,-3,-0.062500
12922,1.29220000e+04,-3,-0.062500
12923,1.29230000e+04,-3,-0.062500
12924,1.29240000e+04,-3,-0.062500
12925,1.29250000e+04,-5,-0.104167
12926,1.29260000e+04,-5,-0.104167
12927,1.29270000e+04,-5,-0.104167
12928,1.29280000e+04,-5,-0.104167
12929,1.29290000e+04,-5,-0.104167
12930,1.29300000e+04,-3,-0.062500
12931,1.29310000e+04,-3,-0.062500
12932,1.29320000e+04,-3,-0.062500
12933,1.29330000e+04,-3,-0.062500
12934,1.29340000e+04,-3,-0.062500
12935,1.29350000e+04,-4,-0.083333
12936,1.29360000e+04,-4,-0.083333
12937,1.29370000e+04,-4,-0.083333
12938,1.29380000e+04,-4,-0.083333
12939,1.29390000e+04,-4,-0.083333
12940,1.29400000e+04,-1,-0.020833
12941,1.29410000e+04,-1,-0.020833
12942,1.29420000e+04,-1,-0.020833
12943,1.29430000e+04,-1,-0.020833
12944,1.29440000e+04,-1,-0.020833
12945,1.29450000e+04,-4,-0.083333
12946,1.29460000e+04,-4,-0.083333
12947,1.29470000e+04,-4,-0.083333
12948,1.29480000e+04,-4,-0.083333
12949,1.29490000e+04,-4,-0.083333
12950,1.29500000e+04,-8,-0.166667
12951,1.29510000e+04,-8,-0.166667
12952,1.29520000e+04,-8,-0.166667
12953,1.29530000e+04,-8,-0.166667
12954,1.29540000e+04,-8,-0.166667
12955,1.29550000e+04,-7,-0.145833
12956,1.29560000e+04,-7,-0.145833
12957,1.29570000e+04,-7,-0.145833
12958,1.29580000e+04,-7,-0.145833
12959,1.29590000e+04,-7,-0.145833
12960,1.29600000e+04,-8,-0.166667
12961,1.29610000e+04,-8,-0.166667
12962,1.29620000e+04,-8,-0.166667
12963,1.29630000e+04,-8,-0.166667
12964,1.29640000e+04,-8,-0.166667
12965,1.29650000e+04,-6,-0.125000
12966,1.29660000e+04,-6,-0.125000
12967,1.29670000e+04,-6,-0.125000
12968,1.29680000e+04,-6,-0.125000
12969,1.29690000e+04,-6,-0.125000
12970,1.29700000e+04,-5,-0.104167
12971,1.29710000e+04,-5,-0.104167
12972,1.29720000e+04,-5,-0.104167
12973,1.29730000e+04,-5,-0.104167
12974,1.29740000e+04,-5,-0.104167
12975,1.29750000e+04,-5,-0.104167
12976,1.29760000e+04,-5,-0.104167
12977,1.29770000e+04,-5,-0.104167
12978,1.29780000e+04,-5,-0.104167
12979,1.29790000e+04,-5,-0.104167
12980,1.29800000e+04,-4,-0.083333
12981,1.29810000e+04,-4,-0.083333
12982,1.29820000e+04,-4,-0.083333
12983,1.29830000e+04,-4,-0.083333
12984,1.29840000e+04,-4,-0.083333
12985,1.29850000e+04,-5,-0.104167
12986,1.29860000e+04,-5,-0.104167
12987,1.29870000e+04,-5,-0.104167
12988,1.29880000e+04,-5,-0.104167
12989,1.29890000e+04,-5,-0.104167
12990,1.29900000e+04,-7,-0.145833
12991,1.29910000e+04,-7,-0.145833
12992,1.29920000e+04,-7,-0.145833
12993,1.29930000e+04,-7,-0.145833
12994,1.29940000e+04,-7,-0.145833
12995,1.29950000e+04,-5,-0.104167
12996,1.29960000e+04,-5,-0.104167
12997,1.29970000e+04,-5,-0.104167
12998,1.29980000e+04,-5,-0.104167
12999,1.29990000e+04,-5,-0.104167
13000,1.30000000e+04,-8,-0.166667
13001,1.30010000e+04,-8,-0.166667
13002,1.30020000e+04,-8,-0.166667
13003,1.30030000e+04,-8,-0.166667
13004,1.30040000e+04,-8,-0.166667
13005,1.30050000e+04,-7,-0.145833
13006,1.30060000e+04,-7,-0.145833
13007,1.30070000e+04,-7,-0.145833
13008,1.30080000e+04,-7,-0.145833
13009,1.30090000e+04,-7,-0.145833
13010,1.30100000e+04,-8,-0.166667
13011,1.30110000e+04,-8,-0.166667
13012,1.30120000e+04,-8,-0.166667
13013,1.30130000e+04,-8,-0.166667
13014,1.30140000e+04,-8,-0.166667
13015,1.30150000e+04,-7,-0.145833
13016,1.30160000e+04,-7,-0.145833
13017,1.30170000e+04,-7,-0.145833
13018,1.30180000e+04,-7,-0.145833
13019,1.30190000e+04,-7,-0.145833
13020,1.30200000e+04,-13,-0.270833
13021,1.30210000e+04,-13,-0.270833
13022,1.30220000e+04,-13,-0.270833
13023,1.30230000e+04,-13,-0.270833
13024,1.30240000e+04,-13,-0.270833
13025,1.30250000e+04,-8,-0.166667
13026,1.30260000e+04,-8,-0.166667
13027,1.30270000e+04,-8,-0.166667
13028,1.30280000e+04,-8,-0.166667
13029,1.30290000e+04,-8,-0.166667
13030,1.30300000e+04,-12,-0.250000
13031,1.30310000e+04,-12,-0.250000
13032,1.30320000e+04,-12,-0.250000
13033,1.30330000e+04,-12,-0.250000
13034,1.30340000e+04,-12,-0.250000
13035,1.30350000e+04,-15,-0.312500
13036,1.30360000e+04,-15,-0.312500
13037,1.30370000e+04,-15,-0.312500
13038,1.30380000e+04,-15,-0.312500
13039,1.30390000e+04,-15,-0.312500
13040,1.30400000e+04,-13,-0.270833
13041,1.30410000e+04,-13,-0.270833
13042,1.30420000e+04,-13,-0.270833
13043,1.30430000e+04,-13,-0.270833
13044,1.30440000e+04,-13,-0.270833
13045,1.30450000e+04,-11,-0.229167
13046,1.30460000e+04,-11,-0.229167
13047,1.30470000e+04,-11,-0.229167
13048,1.30480000e+04,-11,-0.229167
13049,1.30490000e+04,-11,-0.229167
13050,1.30500000e+04,-12,-0.250000
13051,1.30510000e+04,-12,-0.250000
13052,1.30520000e+04,-12,-0.250000
13053,1.30530000e+04,-12,-0.250000
13054,1.30540000e+04,-12,-0.250000
13055,1.30550000e+04,-9,-0.187500
13056,1.30560000e+04,-9,-0.187500
13057,1.30570000e+04,-9,-0.187500
13058,1.30580000e+04,-9,-0.187500
13059,1.30590000e+04,-9,-0.187500
13060,1.30600000e+04,-12,-0.250000
13061,1.30610000e+04,-12,-0.250000
13062,1.30620000e+04,-12,-0.250000
13063,1.30630000e+04,-12,-0.250000
13064,1.30640000e+04,-12,-0.250000
13065,1.30650000e+04,-12,-0.250000
13066,1.30660000e+04,-12,-0.250000
13067,1.30670000e+04,-12,-0.250000
13068,1.30680000e+04,-12,-0.250000
13069,1.30690000e+04,-12,-0.250000
13070,1.30700000e+04,-14,-0.291667
13071,1.30710000e+04,-14,-0.291667
13072,1.30720000e+04,-14,-0.291667
13073,1.30730000e+04,-14,-0.291667
13074,1.30740000e+04,-14,-0.291667
13075,1.30750000e+04,-12,-0.250000
13076,1.30760000e+04,-12,-0.250000
13077,1.30770000e+04,-12,-0.250000
13078,1.30780000e+04,-12,-0.250000
13079,1.30790000e+04,-12,-0.250000
13080,1.30800000e+04,-16,-0.333333
13081,1.30810000e+04,-16,-0.333333
13082,1.30820000e+04,-16,-0.333333
13083,1.30830000e+04,-16,-0.333333
13084,1.30840000e+04,-16,-0.333333
13085,1.30850000e+04,-12,-0.250000
13086,1.30860000e+04,-12,-0.250000
13087,1.30870000e+04,-12,-0.250000
13088,1.30880000e+04,-12,-0.250000
13089,1.30890000e+04,-12,-0.250000
13090,1.30900000e+04,-14,-0.291667
13091,1.30910000e+04,-14,-0.291667
13092,1.30920000e+04,-14,-0.291667
13093,1.30930000e+04,-14,-0.291667
13094,1.30940000e+04,-14,-0.291667
13095,1.30950000e+04,-12,-0.250000
13096,1.30960000e+04,-12,-0.250000
13097,1.30970000e+04,-12,-0.250000
13098,1.30980000e+04,-12,-0.250000
13099,1.30990000e+04,-12,-0.250000
13100,1.31000000e+04,-15,-0.312500
13101,1.31010000e+04,-15,-0.312500
13102,1.31020000e+04,-15,-0.312500
13103,1.31030000e+04,-15,-0.312500
13104,1.31040000e+04,-15,-0.312500
13105,1.31050000e+04,-14,-0.291667
13106,1.31060000e+04,-14,-0.291667
13107,1.31070000e+04,-14,-0.291667
13108,1.31080000e+04,-14,-0.291667
13109,1.31090000e+04,-14,-0.291667
13110,1.31100000e+04,-11,-0.229167
13111,1.31110000e+04,-11,-0.229167
13112,1.31120000e+04,-11,-0.229167
13113,1.31130000e+04,-11,-0.229167
13114,1.31140000e+04,-11,-0.229167
13115,1.31150000e+04,-15,-0.312500
13116,1.31160000e+04,-15,-0.312500
13117,1.31170000e+04,-15,-0.312500
13118,1.31180000e+04,-15,-0.312500
13119,1.31190000e+04,-15,-0.312500
13120,1.31200000e+04,-14,-0.291667
13121,1.31210000e+04,-14,-0.291667
13122,1.31220000e+04,-14,-0.291667
13123,1.31230000e+04,-14,-0.291667
13124,1.31240000e+04,-14,-0.291667
13125,1.31250000e+04,-14,-0.291667
13126,1.31260000e+04,-14,-0.291667
13127,1.31270000e+04,-14,-0.291667
13128,1.31280000e+04,-14,-0.291667
13129,1.31290000e+04,-14,-0.291667
13130,1.31300000e+04,-13,-0.270833
13131,1.31310000e+04,-13,-0.270833
13132,1.31320000e+04,-13,-0.270833
13133,1.31330000e+04,-13,-0.270833
13134,1.31340000e+04,-13,-0.270833
13135,1.31350000e+04,-16,-0.333333
13136,1.31360000e+04,-16,-0.333333
13137,1.31370000e+04,-16,-0.333333
13138,1.31380000e+04,-16,-0.333333
13139,1.31390000e+04,-16,-0.333333
13140,1.31400000e+04,-14,-0.291667
13141,1.31410000e+04,-14,-0.291667
13142,1.31420000e+04,-14,-0.291667
13143,1.31430000e+04,-14,-0.291667
13144,1.31440000e+04,-14,-0.291667
13145,1.31450000e+04,-17,-0.354167
13146,1.31460000e+04,-17,-0.354167
13147,1.31470000e+04,-17,-0.354167
13148,1.31480000e+04,-17,-0.354167
13149,1.31490000e+04,-17,-0.354167
13150,1.31500000e+04,-16,-0.333333
13151,1.31510000e+04,-16,-0.333333
13152,1.31520000e+04,-16,-0.333333
13153,1.31530000e+04,-16,-0.333333
13154,1.31540000e+04,-16,-0.333333
13155,1.31550000e+04,-14,-0.291667
13156,1.31560000e+04,-14,-0.291667
13157,1.31570000e+04,-14,-0.291667
13158,1.31580000e+04,-14,-0.291667
13159,1.31590000e+04,-14,-0.291667
13160,1.31600000e+04,-17,-0.354167
13161,1.31610000e+04,-17,-0.354167
13162,1.31620000e+04,-17,-0.354167
13163,1.31630000e+04,-17,-0.354167
13164,1.31640000e+04,-17,-0.354167
13165,1.31650000e+04,-15,-0.312500
13166,1.31660000e+04,-15,-0.312500
13167,1.31670000e+04,-15,-0.312500
13168,1.31680000e+04,-15,-0.312500
13169,1.31690000e+04,-15,-0.312500
13170,1.31700000e+04,-17,-0.354167
13171,1.31710000e+04,-17,-0.354167
13172,1.31720000e+04,-17,-0.354167
13173,1.31730000e+04,-17,-0.354167
13174,1.31740000e+04,-17,-0.354167
13175,1.31750000e+04,-16,-0.333333
13176,1.31760000e+04,-16,-0.333333
13177,1.31770000e+04,-16,-0.333333
13178,1.31780000e+04,-16,-0.333333
13179,1.31790000e+04,-16,-0.333333
13180,1.31800000e+04,-16,-0.333333
13181,1.31810000e+04,-16,-0.333333
13182,1.31820000e+04,-16,-0.333333
13183,1.31830000e+04,-16,-0.333333
13184,1.31840000e+04,-16,-0.333333
13185,1.31850000e+04,-19,-0.395833
13186,1.31860000e+04,-19,-0.395833
13187,1.31870000e+04,-19,-0.395833
13188,1.31880000e+04,-19,-0.395833
13189,1.31890000e+04,-19,-0.395833
13190,1.31900000e+04,-15,-0.312500
13191,1.31910000e+04,-15,-0.312500
13192,1.31920000e+04,-15,-0.312500
13193,1.31930000e+04,-15,-0.312500
13194,1.31940000e+04,-15,-0.312500
13195,1.31950000e+04,-15,-0.312500
13196,1.31960000e+04,-15,-0.312500
13197,1.31970000e+04,-15,-0.312500
13198,1.31980000e+04,-15,-0.312500
13199,1.31990000e+04,-15,-0.312500
13200,1.32000000e+04,-15,-0.312500
13201,1.32010000e+04,-15,-0.312500
13202,1.32020000e+04,-15,-0.312500
13203,1.32030000e+04,-15,-0.312500
13204,1.32040000e+04,-15,-0.312500
13205,1.32050000e+04,-16,-0.333333
13206,1.32060000e+04,-16,-0.333333
13207,1.32070000e+04,-16,-0.333333
13208,1.32080000e+04,-16,-0.333333
13209,1.32090000e+04,-16,-0.333333
13210,1.32100000e+04,-16,-0.333333
13211,1.32110000e+04,-16,-0.333333
13212,1.32120000e+04,-16,-0.333333
13213,1.32130000e+04,-16,-0.333333
13214,1.32140000e+04,-16,-0.333333
13215,1.32150000e+04,-16,-0.333333
13216,1.32160000e+04,-16,-0.333333
13217,1.32170000e+04,-16,-0.333333
13218,1.32180000e+04,-16,-0.333333
13219,1.32190000e+04,-16,-0.333333
13220,1.32200000e+04,-16,-0.333333
13221,1.32210000e+04,-16,-0.333333
13222,1.32220000e+04,-16,-0.333333
13223,1.32230000e+04,-16,-0.333333
13224,1.32240000e+04,-16,-0.333333
13225,1.32250000e+04,-13,-0.270833
13226,1.32260000e+04,-13,-0.270833
13227,1.32270000e+04,-13,-0.270833
13228,1.32280000e+04,-13,-0.270833
13229,1.32290000e+04,-13,-0.270833
13230,1.32300000e+04,-16,-0.333333
13231,1.32310000e+04,-16,-0.333333
13232,1.32320000e+04,-16,-0.333333
13233,1.32330000e+04,-16,-0.333333
13234,1.32340000e+04,-16,-0.333333
13235,1.32350000e+04,-15,-0.312500
13236,1.32360000e+04,-15,-0.312500
13237,1.32370000e+04,-15,-0.312500
13238,1.32380000e+04,-15,-0.312500
13239,1.32390000e+04,-15,-0.312500
13240,1.32400000e+04,-13,-0.270833
13241,1.32410000e+04,-13,-0.270833
13242,1.32420000e+04,-13,-0.270833
13243,1.32430000e+04,-13,-0.270833
13244,1.32440000e+04,-13,-0.270833
13245,1.32450000e+04,-13,-0.270833
13246,1.32460000e+04,-13,-0.270833
13247,1.32470000e+04,-13,-0.270833
13248,1.32480000e+04,-13,-0.270833
13249,1.32490000e+04,-13,-0.270833
13250,1.32500000e+04,-14,-0.291667
13251,1.32510000e+04,-14,-0.291667
13252,1.32520000e+04,-14,-0.291667
13253,1.32530000e+04,-14,-0.291667
13254,1.32540000e+04,-14,-0.291667
13255,1.32550000e+04,-15,-0.312500
13256,1.32560000e+04,-15,-0.312500
13257,1.32570000e+04,-15,-0.312500
13258,1.32580000e+04,-15,-0.312500
13259,1.32590000e+04,-15,-0.312500
13260,1.32600000e+04,-14,-0.291667
13261,1.32610000e+04,-14,-0.291667
13262,1.32620000e+04,-14,-0.291667
13263,1.32630000e+04,-14,-0.291667
13264,1.32640000e+04,-14,-0.291667
13265,1.32650000e+04,-16,-0.333333
13266,1.32660000e+04,-16,-0.333333
13267,1.32670000e+04,-16,-0.333333
13268,1.32680000e+04,-16,-0.333333
13269,1.32690000e+04,-16,-0.333333
13270,1.32700000e+04,-17,-0.354167
13271,1.32710000e+04,-17,-0.354167
13272,1.32720000e+04,-17,-0.354167
13273,1.32730000e+04,-17,-0.354167
13274,1.32740000e+04,-17,-0.354167
13275,1.32750000e+04,-15,-0.312500
13276,1.32760000e+04,-15,-0.312500
13277,1.32770000e+04,-15,-0.312500
13278,1.32780000e+04,-15,-0.312500
13279,1.32790000e+04,-15,-0.312500
13280,1.32800000e+04,-13,-0.270833
13281,1.32810000e+04,-13,-0.270833
13282,1.32820000e+04,-13,-0.270833
13283,1.32830000e+04,-13,-0.270833
13284,1.32840000e+04,-13,-0.270833
13285,1.32850000e+04,-17,-0.354167
13286,1.32860000e+04,-17,-0.354167
13287,1.32870000e+04,-17,-0.354167
13288,1.32880000e+04,-17,-0.354167
13289,1.32890000e+04,-17,-0.354167
13290,1.32900000e+04,-15,-0.312500
13291,1.32910000e+04,-15,-0.312500
13292,1.32920000e+04,-15,-0.312500
13293,1.32930000e+04,-15,-0.312500
13294,1.32940000e+04,-15,-0.312500
13295,1.32950000e+04,-15,-0.312500
13296,1.32960000e+04,-15,-0.312500
13297,1.32970000e+04,-15,-0.312500
13298,1.32980000e+04,-15,-0.312500
13299,1.32990000e+04,-15,-0.312500
13300,1.33000000e+04,-13,-0.270833
13301,1.33010000e+04,-13,-0.270833
13302,1.33020000e+04,-13,-0.270833
13303,1.33030000e+04,-13,-0.270833
13304,1.33040000e+04,-13,-0.270833
13305,1.33050000e+04,-17,-0.354167
13306,1.33060000e+04,-17,-0.354167
13307,1.33070000e+04,-17,-0.354167
13308,1.33080000e+04,-17,-0.354167
13309,1.33090000e+04,-17,-0.354167
13310,1.33100000e+04,-13,-0.270833
13311,1.33110000e+04,-13,-0.270833
13312,1.33120000e+04,-13,-0.270833
13313,1.33130000e+04,-13,-0.270833
13314,1.33140000e+04,-13,-0.270833
13315,1.33150000e+04,-14,-0.291667
13316,1.33160000e+04,-14,-0.291667
13317,1.33170000e+04,-14,-0.291667
13318,1.33180000e+04,-14,-0.291667
13319,1.33190000e+04,-14,-0.291667
13320,1.33200000e+04,-17,-0.354167
13321,1.33210000e+04,-17,-0.354167
13322,1.33220000e+04,-17,-0.354167
13323,1.33230000e+04,-17,-0.354167
13324,1.33240000e+04,-17,-0.354167
13325,1.33250000e+04,-17,-0.354167
13326,1.33260000e+04,-17,-0.354167
13327,1.33270000e+04,-17,-0.354167
13328,1.33280000e+04,-17,-0.354167
13329,1.33290000e+04,-17,-0.354167
13330,1.33300000e+04,-18,-0.375000
13331,1.33310000e+04,-18,-0.375000
13332,1.33320000e+04,-18,-0.375000
13333,1.33330000e+04,-18,-0.375000
13334,1.33340000e+04,-18,-0.375000
13335,1.33350000e+04,-15,-0.312500
13336,1.33360000e+04,-15,-0.312500
13337,1.33370000e+04,-15,-0.312500
13338,1.33380000e+04,-15,-0.312500
13339,1.33390000e+04,-15,-0.312500
13340,1.33400000e+04,-20,-0.416667
13341,1.33410000e+04,-20,-0.416667
13342,1.33420000e+04,-20,-0.416667
13343,1.33430000e+04,-20,-0.416667
13344,1.33440000e+04,-20,-0.416667
13345,1.33450000e+04,-19,-0.395833
13346,1.33460000e+04,-19,-0.395833
13347,1.33470000e+04,-19,-0.395833
13348,1.33480000e+04,-19,-0.395833
13349,1.33490000e+04,-19,-0.395833
13350,1.33500000e+04,-17,-0.354167
13351,1.33510000e+04,-17,-0.354167
13352,1.33520000e+04,-17,-0.354167
13353,1.33530000e+04,-17,-0.354167
13354,1.33540000e+04,-17,-0.354167
13355,1.33550000e+04,-17,-0.354167
13356,1.33560000e+04,-17,-0.354167
13357,1.33570000e+04,-17,-0.354167
13358,1.33580000e+04,-17,-0.354167
13359,1.33590000e+04,-17,-0.354167
13360,1.33600000e+04,-17,-0.354167
13361,1.33610000e+04,-17,-0.354167
13362,1.33620000e+04,-17,-0.354167
13363,1.33630000e+04,-17,-0.354167
13364,1.33640000e+04,-17,-0.354167
13365,1.33650000e+04,-17,-0.354167
13366,1.33660000e+04,-17,-0.354167
13367,1.33670000e+04,-17,-0.354167
13368,1.33680000e+04,-17,-0.354167
13369,1.33690000e+04,-17,-0.354167
13370,1.33700000e+04,-17,-0.354167
13371,1.33710000e+04,-17,-0.354167
13372,1.33720000e+04,-17,-0.354167
13373,1.33730000e+04,-17,-0.354167
13374,1.33740000e+04,-17,-0.354167
13375,1.33750000e+04,-19,-0.395833
13376,1.33760000e+04,-19,-0.395833
13377,1.33770000e+04,-19,-0.395833
13378,1.33780000e+04,-19,-0.395833
13379,1.33790000e+04,-19,-0.395833
13380,1.33800000e+04,-20,-0.416667
13381,1.33810000e+04,-20,-0.416667
13382,1.33820000e+04,-20,-0.416667
13383,1.33830000e+04,-20,-0.416667
13384,1.33840000e+04,-20,-0.416667
13385,1.33850000e+04,-18,-0.375000
13386,1.33860000e+04,-18,-0.375000
13387,1.33870000e+04,-18,-0.375000
13388,1.33880000e+04,-18,-0.375000
13389,1.33890000e+04,-18,-0.375000
13390,1.33900000e+04,-21,-0.437500
13391,1.33910000e+04,-21,-0.437500
13392,1.33920000e+04,-21,-0.437500
13393,1.33930000e+04,-21,-0.437500
13394,1.33940000e+04,-21,-0.437500
13395,1.33950000e+04,-19,-0.395833
13396,1.33960000e+04,-19,-0.395833
13397,1.33970000e+04,-19,-0.395833
13398,1.33980000e+04,-19,-0.395833
13399,1.33990000e+04,-19,-0.395833
13400,1.34000000e+04,-19,-0.395833
13401,1.34010000e+04,-19,-0.395833
13402,1.34020000e+04,-19,-0.395833
13403,1.34030000e+04,-19,-0.395833
13404,1.34040000e+04,-19,-0.395833
13405,1.34050000e+04,-17,-0.354167
13406,1.34060000e+04,-17,-0.354167
13407,1.34070000e+04,-17,-0.354167
13408,1.34080000e+04,-17,-0.354167
13409,1.34090000e+04,-17,-0.354167
13410,1.34100000e+04,-17,-0.354167
13411,1.34110000e+04,-17,-0.354167
13412,1.34120000e+04,-17,-0.354167
13413,1.34130000e+04,-17,-0.354167
13414,1.34140000e+04,-17,-0.354167
13415,1.34150000e+04,-17,-0.354167
13416,1.34160000e+04,-17,-0.354167
13417,1.34170000e+04,-17,-0.354167
13418,1.34180000e+04,-17,-0.354167
13419,1.34190000e+04,-17,-0.354167
13420,1.34200000e+04,-17,-0.354167
13421,1.34210000e+04,-17,-0.354167
13422,1.34220000e+04,-17,-0.354167
13423,1.34230000e+04,-17,-0.354167
13424,1.34240000e+04,-17,-0.354167
13425,1.34250000e+04,-15,-0.312500
13426,1.34260000e+04,-15,-0.312500
13427,1.34270000e+04,-15,-0.312500
13428,1.34280000e+04,-15,-0.312500
13429,1.34290000e+04,-15,-0.312500
13430,1.34300000e+04,-17,-0.354167
13431,1.34310000e+04,-17,-0.354167
13432,1.34320000e+04,-17,-0.354167
13433,1.34330000e+04,-17,-0.354167
13434,1.34340000e+04,-17,-0.354167
13435,1.34350000e+04,-19,-0.395833
13436,1.34360000e+04,-19,-0.395833
13437,1.34370000e+04,-19,-0.395833
13438,1.34380000e+04,-19,-0.395833
13439,1.34390000e+04,-19,-0.395833
13440,1.34400000e+04,-17,-0.354167
13441,1.34410000e+04,-17,-0.354167
13442,1.34420000e+04,-17,-0.354167
13443,1.34430000e+04,-17,-0.354167
13444,1.34440000e+04,-17,-0.354167
13445,1.34450000e+04,-19,-0.395833
13446,1.34460000e+04,-19,-0.395833
13447,1.34470000e+04,-19,-0.395833
13448,1.34480000e+04,-19,-0.395833
13449,1.34490000e+04,-19,-0.395833
13450,1.34500000e+04,-16,-0.333333
13451,1.34510000e+04,-16,-0.333333
13452,1.34520000e+04,-16,-0.333333
13453,1.34530000e+04,-16,-0.333333
13454,1.34540000e+04,-16,-0.333333
13455,1.34550000e+04,-18,-0.375000
13456,1.34560000e+04,-18,-0.375000
13457,1.34570000e+04,-18,-0.375000
13458,1.34580000e+04,-18,-0.375000
13459,1.34590000e+04,-18,-0.375000
13460,1.34600000e+04,-17,-0.354167
13461,1.34610000e+04,-17,-0.354167
13462,1.34620000e+04,-17,-0.354167
13463,1.34630000e+04,-17,-0.354167
13464,1.34640000e+04,-17,-0.354167
13465,1.34650000e+04,-16,-0.333333
13466,1.34660000e+04,-16,-0.333333
13467,1.34670000e+04,-16,-0.333333
13468,1.34680000e+04,-16,-0.333333
13469,1.34690000e+04,-16,-0.333333
13470,1.34700000e+04,-20,-0.416667
13471,1.34710000e+04,-20,-0.416667
13472,1.34720000e+04,-20,-0.416667
13473,1.34730000e+04,-20,-0.416667
13474,1.34740000e+04,-20,-0.416667
13475,1.34750000e+04,-20,-0.416667
13476,1.34760000e+04,-20,-0.416667
13477,1.34770000e+04,-20,-0.416667
13478,1.34780000e+04,-20,-0.416667
13479,1.34790000e+04,-20,-0.416667
13480,1.34800000e+04,-21,-0.437500
13481,1.34810000e+04,-21,-0.437500
13482,1.34820000e+04,-21,-0.437500
13483,1.34830000e+04,-21,-0.437500
13484,1.34840000e+04,-21,-0.437500
13485,1.34850000e+04,-21,-0.437500
13486,1.34860000e+04,-21,-0.437500
13487,1.34870000e+04,-21,-0.437500
13488,1.34880000e+04,-21,-0.437500
13489,1.34890000e+04,-21,-0.437500
13490,1.34900000e+04,-19,-0.395833
13491,1.34910000e+04,-19,-0.395833
13492,1.34920000e+04,-19,-0.395833
13493,1.34930000e+04,-19,-0.395833
13494,1.34940000e+04,-19,-0.395833
13495,1.34950000e+04,-19,-0.395833
13496,1.34960000e+04,-19,-0.395833
13497,1.34970000e+04,-19,-0.395833
13498,1.34980000e+04,-19,-0.395833
13499,1.34990000e+04,-19,-0.395833
13500,1.35000000e+04,-16,-0.333333
13501,1.35010000e+04,-16,-0.333333
13502,1.35020000e+04,-16,-0.333333
13503,1.35030000e+04,-16,-0.333333
13504,1.35040000e+04,-16,-0.333333
13505,1.35050000e+04,-18,-0.375000
13506,1.35060000e+04,-18,-0.375000
13507,1.35070000e+04,-18,-0.375000
13508,1.35080000e+04,-18,-0.375000
13509,1.35090000e+04,-18,-0.375000
13510,1.35100000e+04,-20,-0.416667
13511,1.35110000e+04,-20,-0.416667
13512,1.35120000e+04,-20,-0.416667
13513,1.35130000e+04,-20,-0.416667
13514,1.35140000e+04,-20,-0.416667
13515,1.35150000e+04,-20,-0.416667
13516,1.35160000e+04,-20,-0.416667
13517,1.35170000e+04,-20,-0.416667
13518,1.35180000e+04,-20,-0.416667
13519,1.35190000e+04,-20,-0.416667
13520,1.35200000e+04,-19,-0.395833
13521,1.35210000e+04,-19,-0.395833
13522,1.35220000e+04,-19,-0.395833
13523,1.35230000e+04,-19,-0.395833
13524,1.35240000e+04,-19,-0.395833
13525,1.35250000e+04,-17,-0.354167
13526,1.35260000e+04,-17,-0.354167
13527,1.35270000e+04,-17,-0.354167
13528,1.35280000e+04,-17,-0.354167
13529,1.35290000e+04,-17,-0.354167
13530,1.35300000e+04,-17,-0.354167
13531,1.35310000e+04,-17,-0.354167
13532,1.35320000e+04,-17,-0.354167
13533,1.35330000e+04,-17,-0.354167
13534,1.35340000e+04,-17,-0.354167
13535,1.35350000e+04,-16,-0.333333
13536,1.35360000e+04,-16,-0.333333
13537,1.35370000e+04,-16,-0.333333
13538,1.35380000e+04,-16,-0.333333
13539,1.35390000e+04,-16,-0.333333
13540,1.35400000e+04,-14,-0.291667
13541,1.35410000e+04,-14,-0.291667
13542,1.35420000e+04,-14,-0.291667
13543,1.35430000e+04,-14,-0.291667
13544,1.35440000e+04,-14,-0.291667
13545,1.35450000e+04,-17,-0.354167
13546,1.35460000e+04,-17,-0.354167
13547,1.35470000e+04,-17,-0.354167
13548,1.35480000e+04,-17,-0.354167
13549,1.35490000e+04,-17,-0.354167
13550,1.35500000e+04,-20,-0.416667
13551,1.35510000e+04,-20,-0.416667
13552,1.35520000e+04,-20,-0.416667
13553,1.35530000e+04,-20,-0.416667
13554,1.35540000e+04,-20,-0.416667
13555,1.35550000e+04,-19,-0.395833
13556,1.35560000e+04,-19,-0.395833
13557,1.35570000e+04,-19,-0.395833
13558,1.35580000e+04,-19,-0.395833
13559,1.35590000e+04,-19,-0.395833
13560,1.35600000e+04,-17,-0.354167
13561,1.35610000e+04,-17,-0.354167
13562,1.35620000e+04,-17,-0.354167
13563,1.35630000e+04,-17,-0.354167
13564,1.35640000e+04,-17,-0.354167
13565,1.35650000e+04,-21,-0.437500
13566,1.35660000e+04,-21,-0.437500
13567,1.35670000e+04,-21,-0.437500
13568,1.35680000e+04,-21,-0.437500
13569,1.35690000e+04,-21,-0.437500
13570,1.35700000e+04,-19,-0.395833
13571,1.35710000e+04,-19,-0.395833
13572,1.35720000e+04,-19,-0.395833
13573,1.35730000e+04,-19,-0.395833
13574,1.35740000e+04,-19,-0.395833
13575,1.35750000e+04,-18,-0.375000
13576,1.35760000e+04,-18,-0.375000
13577,1.35770000e+04,-18,-0.375000
13578,1.35780000e+04,-18,-0.375000
13579,1.35790000e+04,-18,-0.375000
13580,1.35800000e+04,-19,-0.395833
13581,1.35810000e+04,-19,-0.395833
13582,1.35820000e+04,-19,-0.395833
13583,1.35830000e+04,-19,-0.395833
13584,1.35840000e+04,-19,-0.395833
13585,1.35850000e+04,-22,-0.458333
13586,1.35860000e+04,-22,-0.458333
13587,1.35870000e+04,-22,-0.458333
13588,1.35880000e+04,-22,-0.458333
13589,1.35890000e+04,-22,-0.458333
13590,1.35900000e+04,-20,-0.416667
13591,1.35910000e+04,-20,-0.416667
13592,1.35920000e+04,-20,-0.416667
13593,1.35930000e+04,-20,-0.416667
13594,1.35940000e+04,-20,-0.416667
13595,1.35950000e+04,-17,-0.354167
13596,1.35960000e+04,-17,-0.354167
13597,1.35970000e+04,-17,-0.354167
13598,1.35980000e+04,-17,-0.354167
13599,1.35990000e+04,-17,-0.354167
13600,1.36000000e+04,-21,-0.437500
13601,1.36010000e+04,-21,-0.437500
13602,1.36020000e+04,-21,-0.437500
13603,1.36030000e+04,-21,-0.437500
13604,1.36040000e+04,-21,-0.437500
13605,1.36050000e+04,-17,-0.354167
13606,1.36060000e+04,-17,-0.354167
13607,1.36070000e+04,-17,-0.354167
13608,1.36080000e+04,-17,-0.354167
13609,1.36090000e+04,-17,-0.354167
13610,1.36100000e+04,-19,-0.395833
13611,1.36110000e+04,-19,-0.395833
13612,1.36120000e+04,-19,-0.395833
13613,1.36130000e+04,-19,-0.395833
13614,1.36140000e+04,-19,-0.395833
13615,1.36150000e+04,-20,-0.416667
13616,1.36160000e+04,-20,-0.416667
13617,1.36170000e+04,-20,-0.416667
13618,1.36180000e+04,-20,-0.416667
13619,1.36190000e+04,-20,-0.416667
13620,1.36200000e+04,-20,-0.416667
13621,1.36210000e+04,-20,-0.416667
13622,1.36220000e+04,-20,-0.416667
13623,1.36230000e+04,-20,-0.416667
13624,1.36240000e+04,-20,-0.416667
13625,1.36250000e+04,-20,-0.416667
13626,1.36260000e+04,-20,-0.416667
13627,1.36270000e+04,-20,-0.416667
13628,1.36280000e+04,-20,-0.416667
13629,1.36290000e+04,-20,-0.416667
13630,1.36300000e+04,-17,-0.354167
13631,1.36310000e+04,-17,-0.354167
13632,1.36320000e+04,-17,-0.354167
13633,1.36330000e+04,-17,-0.354167
13634,1.36340000e+04,-17,-0.354167
13635,1.36350000e+04,-20,-0.416667
13636,1.36360000e+04,-20,-0.416667
13637,1.36370000e+04,-20,-0.416667
13638,1.36380000e+04,-20,-0.416667
13639,1.36390000e+04,-20,-0.416667
13640,1.36400000e+04,-17,-0.354167
13641,1.36410000e+04,-17,-0.354167
13642,1.36420000e+04,-17,-0.354167
13643,1.36430000e+04,-17,-0.354167
13644,1.36440000e+04,-17,-0.354167
13645,1.36450000e+04,-17,-0.354167
13646,1.36460000e+04,-17,-0.354167
13647,1.36470000e+04,-17,-0.354167
13648,1.36480000e+04,-17,-0.354167
13649,1.36490000e+04,-17,-0.354167
13650,1.36500000e+04,-16,-0.333333
13651,1.36510000e+04,-16,-0.333333
13652,1.36520000e+04,-16,-0.333333
13653,1.36530000e+04,-16,-0.333333
13654,1.36540000e+04,-16,-0.333333
13655,1.36550000e+04,-18,-0.375000
13656,1.36560000e+04,-18,-0.375000
13657,1.36570000e+04,-18,-0.375000
13658,1.36580000e+04,-18,-0.375000
13659,1.36590000e+04,-18,-0.375000
13660,1.36600000e+04,-17,-0.354167
13661,1.36610000e+04,-17,-0.354167
13662,1.36620000e+04,-17,-0.354167
13663,1.36630000e+04,-17,-0.354167
13664,1.36640000e+04,-17,-0.354167
13665,1.36650000e+04,-21,-0.437500
13666,1.36660000e+04,-21,-0.437500
13667,1.36670000e+04,-21,-0.437500
13668,1.36680000e+04,-21,-0.437500
13669,1.36690000e+04,-21,-0.437500
13670,1.36700000e+04,-19,-0.395833
13671,1.36710000e+04,-19,-0.395833
13672,1.36720000e+04,-19,-0.395833
13673,1.36730000e+04,-19,-0.395833
13674,1.36740000e+04,-19,-0.395833
13675,1.36750000e+04,-19,-0.395833
13676,1.36760000e+04,-19,-0.395833
13677,1.36770000e+04,-19,-0.395833
13678,1.36780000e+04,-19,-0.395833
13679,1.36790000e+04,-19,-0.395833
13680,1.36800000e+04,-17,-0.354167
13681,1.36810000e+04,-17,-0.354167
13682,1.36820000e+04,-17,-0.354167
13683,1.36830000e+04,-17,-0.354167
13684,1.36840000e+04,-17,-0.354167
13685,1.36850000e+04,-20,-0.416667
13686,1.36860000e+04,-20,-0.416667
13687,1.36870000e+04,-20,-0.416667
13688,1.36880000e+04,-20,-0.416667
13689,1.36890000e+04,-20,-0.416667
13690,1.36900000e+04,-20,-0.416667
13691,1.36910000e+04,-20,-0.416667
13692,1.36920000e+04,-20,-0.416667
13693,1.36930000e+04,-20,-0.416667
13694,1.36940000e+04,-20,-0.416667
13695,1.36950000e+04,-23,-0.479167
13696,1.36960000e+04,-23,-0.479167
13697,1.36970000e+04,-23,-0.479167
13698,1.36980000e+04,-23,-0.479167
13699,1.36990000e+04,-23,-0.479167
13700,1.37000000e+04,-21,-0.437500
13701,1.37010000e+04,-21,-0.437500
13702,1.37020000e+04,-21,-0.437500
13703,1.37030000e+04,-21,-0.437500
13704,1.37040000e+04,-21,-0.437500
13705,1.37050000e+04,-20,-0.416667
13706,1.37060000e+04,-20,-0.416667
13707,1.37070000e+04,-20,-0.416667
13708,1.37080000e+04,-20,-0.416667
13709,1.37090000e+04,-20,-0.416667
13710,1.37100000e+04,-21,-0.437500
13711,1.37110000e+04,-21,-0.437500
13712,1.37120000e+04,-21,-0.437500
13713,1.37130000e+04,-21,-0.437500
13714,1.37140000e+04,-21,-0.437500
13715,1.37150000e+04,-21,-0.437500
13716,1.37160000e+04,-21,-0.437500
13717,1.37170000e+04,-21,-0.437500
13718,1.37180000e+04,-21,-0.437500
13719,1.37190000e+04,-21,-0.437500
13720,1.37200000e+04,-19,-0.395833
13721,1.37210000e+04,-19,-0.395833
13722,1.37220000e+04,-19,-0.395833
13723,1.37230000e+04,-19,-0.395833
13724,1.37240000e+04,-19,-0.395833
13725,1.37250000e+04,-20,-0.416667
13726,1.37260000e+04,-20,-0.416667
13727,1.37270000e+04,-20,-0.416667
13728,1.37280000e+04,-20,-0.416667
13729,1.37290000e+04,-20,-0.416667
13730,1.37300000e+04,-21,-0.437500
13731,1.37310000e+04,-21,-0.437500
13732,1.37320000e+04,-21,-0.437500
13733,1.37330000e+04,-21,-0.437500
13734,1.37340000e+04,-21,-0.437500
13735,1.37350000e+04,-21,-0.437500
13736,1.37360000e+04,-21,-0.437500
13737,1.37370000e+04,-21,-0.437500
13738,1.37380000e+04,-21,-0.437500
13739,1.37390000e+04,-21,-0.437500
13740,1.37400000e+04,-19,-0.395833
13741,1.37410000e+04,-19,-0.395833
13742,1.37420000e+04,-19,-0.395833
13743,1.37430000e+04,-19,-0.395833
13744,1.37440000e+04,-19,-0.395833
13745,1.37450000e+04,-14,-0.291667
13746,1.37460000e+04,-14,-0.291667
13747,1.37470000e+04,-14,-0.291667
13748,1.37480000e+04,-14,-0.291667
13749,1.37490000e+04,-14,-0.291667
13750,1.37500000e+04,-19,-0.395833
13751,1.37510000e+04,-19,-0.395833
13752,1.37520000e+04,-19,-0.395833
13753,1.37530000e+04,-19,-0.395833
13754,1.37540000e+04,-19,-0.395833
13755,1.37550000e+04,-19,-0.395833
13756,1.37560000e+04,-19,-0.395833
13757,1.37570000e+04,-19,-0.395833
13758,1.37580000e+04,-19,-0.395833
13759,1.37590000e+04,-19,-0.395833
13760,1.37600000e+04,-16,-0.333333
13761,1.37610000e+04,-16,-0.333333
13762,1.37620000e+04,-16,-0.333333
13763,1.37630000e+04,-16,-0.333333
13764,1.37640000e+04,-16,-0.333333
13765,1.37650000e+04,-15,-0.312500
13766,1.37660000e+04,-15,-0.312500
13767,1.37670000e+04,-15,-0.312500
13768,1.37680000e+04,-15,-0.312500
13769,1.37690000e+04,-15,-0.312500
13770,1.37700000e+04,-17,-0.354167
13771,1.37710000e+04,-17,-0.354167
13772,1.37720000e+04,-17,-0.354167
13773,1.37730000e+04,-17,-0.354167
13774,1.37740000e+04,-17,-0.354167
13775,1.37750000e+04,-17,-0.354167
13776,1.37760000e+04,-17,-0.354167
13777,1.37770000e+04,-17,-0.354167
13778,1.37780000e+04,-17,-0.354167
13779,1.37790000e+04,-17,-0.354167
13780,1.37800000e+04,-16,-0.333333
13781,1.37810000e+04,-16,-0.333333
13782,1.37820000e+04,-16,-0.333333
13783,1.37830000e+04,-16,-0.333333
13784,1.37840000e+04,-16,-0.333333
13785,1.37850000e+04,-15,-0.312500
13786,1.37860000e+04,-15,-0.312500
13787,1.37870000e+04,-15,-0.312500
13788,1.37880000e+04,-15,-0.312500
13789,1.37890000e+04,-15,-0.312500
13790,1.37900000e+04,-17,-0.354167
13791,1.37910000e+04,-17,-0.354167
13792,1.37920000e+04,-17,-0.354167
13793,1.37930000e+04,-17,-0.354167
13794,1.37940000e+04,-17,-0.354167
13795,1.37950000e+04,-19,-0.395833
13796,1.37960000e+04,-19,-0.395833
13797,1.37970000e+04,-19,-0.395833
13798,1.37980000e+04,-19,-0.395833
13799,1.37990000e+04,-19,-0.395833
13800,1.38000000e+04,-16,-0.333333
13801,1.38010000e+04,-16,-0.333333
13802,1.38020000e+04,-16,-0.333333
13803,1.38030000e+04,-16,-0.333333
13804,1.38040000e+04,-16,-0.333333
13805,1.38050000e+04,-16,-0.333333
13806,1.38060000e+04,-16,-0.333333
13807,1.38070000e+04,-16,-0.333333
13808,1.38080000e+04,-16,-0.333333
13809,1.38090000e+04,-16,-0.333333
13810,1.38100000e+04,-20,-0.416667
13811,1.38110000e+04,-20,-0.416667
13812,1.38120000e+04,-20,-0.416667
13813,1.38130000e+04,-20,-0.416667
13814,1.38140000e+04,-20,-0.416667
13815,1.38150000e+04,-17,-0.354167
13816,1.38160000e+04,-17,-0.354167
13817,1.38170000e+04,-17,-0.354167
13818,1.38180000e+04,-17,-0.354167
13819,1.38190000e+04,-17,-0.354167
13820,1.38200000e+04,-18,-0.375000
13821,1.38210000e+04,-18,-0.375000
13822,1.38220000e+04,-18,-0.375000
13823,1.38230000e+04,-18,-0.375000
13824,1.38240000e+04,-18,-0.375000
13825,1.38250000e+04,-19,-0.395833
13826,1.38260000e+04,-19,-0.395833
13827,1.38270000e+04,-19,-0.395833
13828,1.38280000e+04,-19,-0.395833
13829,1.38290000e+04,-19,-0.395833
13830,1.38300000e+04,-17,-0.354167
13831,1.38310000e+04,-17,-0.354167
13832,1.38320000e+04,-17,-0.354167
13833,1.38330000e+04,-17,-0.354167
13834,1.38340000e+04,-17,-0.354167
13835,1.38350000e+04,-13,-0.270833
13836,1.38360000e+04,-13,-0.270833
13837,1.38370000e+04,-13,-0.270833
13838,1.38380000e+04,-13,-0.270833
13839,1.38390000e+04,-13,-0.270833
13840,1.38400000e+04,-13,-0.270833
13841,1.38410000e+04,-13,-0.270833
13842,1.38420000e+04,-13,-0.270833
13843,1.38430000e+04,-13,-0.270833
13844,1.38440000e+04,-13,-0.270833
13845,1.38450000e+04,-13,-0.270833
13846,1.38460000e+04,-13,-0.270833
13847,1.38470000e+04,-13,-0.270833
13848,1.38480000e+04,-13,-0.270833
13849,1.38490000e+04,-13,-0.270833
13850,1.38500000e+04,-13,-0.270833
13851,1.38510000e+04,-13,-0.270833
13852,1.38520000e+04,-13,-0.270833
13853,1.38530000e+04,-13,-0.270833
13854,1.38540000e+04,-13,-0.270833
13855,1.38550000e+04,-14,-0.291667
13856,1.38560000e+04,-14,-0.291667
13857,1.38570000e+04,-14,-0.291667
13858,1.38580000e+04,-14,-0.291667
13859,1.38590000e+04,-14,-0.291667
13860,1.38600000e+04,-11,-0.229167
13861,1.38610000e+04,-11,-0.229167
13862,1.38620000e+04,-11,-0.229167
13863,1.38630000e+04,-11,-0.229167
13864,1.38640000e+04,-11,-0.229167
13865,1.38650000e+04,-15,-0.312500
13866,1.38660000e+04,-15,-0.312500
13867,1.38670000e+04,-15,-0.312500
13868,1.38680000e+04,-15,-0.312500
13869,1.38690000e+04,-15,-0.312500
13870,1.38700000e+04,-15,-0.312500
13871,1.38710000e+04,-15,-0.312500
13872,1.38720000e+04,-15,-0.312500
13873,1.38730000e+04,-15,-0.312500
13874,1.38740000e+04,-15,-0.312500
13875,1.38750000e+04,-8,-0.166667
13876,1.38760000e+04,-8,-0.166667
13877,1.38770000e+04,-8,-0.166667
13878,1.38780000e+04,-8,-0.166667
13879,1.38790000e+04,-8,-0.166667
13880,1.38800000e+04,-7,-0.145833
13881,1.38810000e+04,-7,-0.145833
13882,1.38820000e+04,-7,-0.145833
13883,1.38830000e+04,-7,-0.145833
13884,1.38840000e+04,-7,-0.145833
13885,1.38850000e+04,-11,-0.229167
13886,1.38860000e+04,-11,-0.229167
13887,1.38870000e+04,-11,-0.229167
13888,1.38880000e+04,-11,-0.229167
13889,1.38890000e+04,-11,-0.229167
13890,1.38900000e+04,-11,-0.229167
13891,1.38910000e+04,-11,-0.229167
13892,1.38920000e+04,-11,-0.229167
13893,1.38930000e+04,-11,-0.229167
13894,1.38940000e+04,-11,-0.229167
13895,1.38950000e+04,-8,-0.166667
13896,1.38960000e+04,-8,-0.166667
13897,1.38970000e+04,-8,-0.166667
13898,1.38980000e+04,-8,-0.166667
13899,1.38990000e+04,-8,-0.166667
13900,1.39000000e+04,-9,-0.187500
13901,1.39010000e+04,-9,-0.187500
13902,1.39020000e+04,-9,-0.187500
13903,1.39030000e+04,-9,-0.187500
13904,1.39040000e+04,-9,-0.187500
13905,1.39050000e+04,-9,-0.187500
13906,1.39060000e+04,-9,-0.187500
13907,1.39070000e+04,-9,-0.187500
13908,1.39080000e+04,-9,-0.187500
13909,1.39090000e+04,-9,-0.187500
13910,1.39100000e+04,-6,-0.125000
13911,1.39110000e+04,-6,-0.125000
13912,1.39120000e+04,-6,-0.125000
13913,1.39130000e+04,-6,-0.125000
13914,1.39140000e+04,-6,-0.125000
13915,1.39150000e+04,-9,-0.187500
13916,1.39160000e+04,-9,-0.187500
13917,1.39170000e+04,-9,-0.187500
13918,1.39180000e+04,-9,-0.187500
13919,1.39190000e+04,-9,-0.187500
13920,1.39200000e+04,-11,-0.229167
13921,1.39210000e+04,-11,-0.229167
13922,1.39220000e+04,-11,-0.229167
13923,1.39230000e+04,-11,-0.229167
13924,1.39240000e+04,-11,-0.229167
13925,1.39250000e+04,-11,-0.229167
13926,1.39260000e+04,-11,-0.229167
13927,1.39270000e+04,-11,-0.229167
13928,1.39280000e+04,-11,-0.229167
13929,1.39290000e+04,-11,-0.229167
13930,1.39300000e+04,-11,-0.229167
13931,1.39310000e+04,-11,-0.229167
13932,1.39320000e+04,-11,-0.229167
13933,1.39330000e+04,-11,-0.229167
13934,1.39340000e+04,-11,-0.229167
13935,1.39350000e+04,-7,-0.145833
13936,1.39360000e+04,-7,-0.145833
13937,1.39370000e+04,-7,-0.145833
13938,1.39380000e+04,-7,-0.145833
13939,1.39390000e+04,-7,-0.145833
13940,1.39400000e+04,-9,-0.187500
13941,1.39410000e+04,-9,-0.187500
13942,1.39420000e+04,-9,-0.187500
13943,1.39430000e+04,-9,-0.187500
13944,1.39440000e+04,-9,-0.187500
13945,1.39450000e+04,-10,-0.208333
13946,1.39460000e+04,-10,-0.208333
13947,1.39470000e+04,-10,-0.208333
13948,1.39480000e+04,-10,-0.208333
13949,1.39490000e+04,-10,-0.208333
13950,1.39500000e+04,-11,-0.229167
13951,1.39510000e+04,-11,-0.229167
13952,1.39520000e+04,-11,-0.229167
13953,1.39530000e+04,-11,-0.229167
13954,1.39540000e+04,-11,-0.229167
13955,1.39550000e+04,-11,-0.229167
13956,1.39560000e+04,-11,-0.229167
13957,1.39570000e+04,-11,-0.229167
13958,1.39580000e+04,-11,-0.229167
13959,1.39590000e+04,-11,-0.229167
13960,1.39600000e+04,-10,-0.208333
13961,1.39610000e+04,-10,-0.208333
13962,1.39620000e+04,-10,-0.208333
13963,1.39630000e+04,-10,-0.208333
13964,1.39640000e+04,-10,-0.208333
13965,1.39650000e+04,-11,-0.229167
13966,1.39660000e+04,-11,-0.229167
13967,1.39670000e+04,-11,-0.229167
13968,1.39680000e+04,-11,-0.229167
13969,1.39690000e+04,-11,-0.229167
13970,1.39700000e+04,-6,-0.125000
13971,1.39710000e+04,-6,-0.125000
13972,1.39720000e+04,-6,-0.125000
13973,1.39730000e+04,-6,-0.125000
13974,1.39740000e+04,-6,-0.125000
13975,1.39750000e+04,-11,-0.229167
13976,1.39760000e+04,-11,-0.229167
13977,1.39770000e+04,-11,-0.229167
13978,1.39780000e+04,-11,-0.229167
13979,1.39790000e+04,-11,-0.229167
13980,1.39800000e+04,-11,-0.229167
13981,1.39810000e+04,-11,-0.229167
13982,1.39820000e+04,-11,-0.229167
13983,1.39830000e+04,-11,-0.229167
13984,1.39840000e+04,-11,-0.229167
13985,1.39850000e+04,-4,-0.083333
13986,1.39860000e+04,-4,-0.083333
13987,1.39870000e+04,-4,-0.083333
13988,1.39880000e+04,-4,-0.083333
13989,1.39890000e+04,-4,-0.083333
13990,1.39900000e+04,-6,-0.125000
13991,1.39910000e+04,-6,-0.125000
13992,1.39920000e+04,-6,-0.125000
13993,1.39930000e+04,-6,-0.125000
13994,1.39940000e+04,-6,-0.125000
13995,1.39950000e+04,-7,-0.145833
13996,1.39960000e+04,-7,-0.145833
13997,1.39970000e+04,-7,-0.145833
13998,1.39980000e+04,-7,-0.145833
13999,1.39990000e+04,-7,-0.145833
14000,1.40000000e+04,-4,-0.083333
14001,1.40010000e+04,-4,-0.083333
14002,1.40020000e+04,-4,-0.083333
14003,1.40030000e+04,-4,-0.083333
14004,1.40040000e+04,-4,-0.083333
14005,1.40050000e+04,-5,-0.104167
14006,1.40060000e+04,-5,-0.104167
14007,1.40070000e+04,-5,-0.104167
14008,1.40080000e+04,-5,-0.104167
14009,1.40090000e+04,-5,-0.104167
14010,1.40100000e+04,-4,-0.083333
14011,1.40110000e+04,-4,-0.083333
14012,1.40120000e+04,-4,-0.083333
14013,1.40130000e+04,-4,-0.083333
14014,1.40140000e+04,-4,-0.083333
14015,1.40150000e+04,-3,-0.062500
14016,1.40160000e+04,-3,-0.062500
14017,1.40170000e+04,-3,-0.062500
14018,1.40180000e+04,-3,-0.062500
14019,1.40190000e+04,-3,-0.062500
14020,1.40200000e+04,-7,-0.145833
14021,1.40210000e+04,-7,-0.145833
14022,1.40220000e+04,-7,-0.145833
14023,1.40230000e+04,-7,-0.145833
14024,1.40240000e+04,-7,-0.145833
14025,1.40250000e+04,-5,-0.104167
14026,1.40260000e+04,-5,-0.104167
14027,1.40270000e+04,-5,-0.104167
14028,1.40280000e+04,-5,-0.104167
14029,1.40290000e+04,-5,-0.104167
14030,1.40300000e+04,-9,-0.187500
14031,1.40310000e+04,-9,-0.187500
14032,1.40320000e+04,-9,-0.187500
14033,1.40330000e+04,-9,-0.187500
14034,1.40340000e+04,-9,-0.187500
14035,1.40350000e+04,-5,-0.104167
14036,1.40360000e+04,-5,-0.104167
14037,1.40370000e+04,-5,-0.104167
14038,1.40380000e+04,-5,-0.104167
14039,1.40390000e+04,-5,-0.104167
14040,1.40400000e+04,-5,-0.104167
14041,1.40410000e+04,-5,-0.104167
14042,1.40420000e+04,-5,-0.104167
14043,1.40430000e+04,-5,-0.104167
14044,1.40440000e+04,-5,-0.104167
14045,1.40450000e+04,-1,-0.020833
14046,1.40460000e+04,-1,-0.020833
14047,1.40470000e+04,-1,-0.020833
14048,1.40480000e+04,-1,-0.020833
14049,1.40490000e+04,-1,-0.020833
14050,1.40500000e+04,-3,-0.062500
14051,1.40510000e+04,-3,-0.062500
14052,1.40520000e+04,-3,-0.062500
14053,1.40530000e+04,-3,-0.062500
14054,1.40540000e+04,-3,-0.062500
14055,1.40550000e+04,-5,-0.104167
14056,1.40560000e+04,-5,-0.104167
14057,1.40570000e+04,-5,-0.104167
14058,1.40580000e+04,-5,-0.104167
14059,1.40590000e+04,-5,-0.104167
14060,1.40600000e+04,-3,-0.062500
14061,1.40610000e+04,-3,-0.062500
14062,1.40620000e+04,-3,-0.062500
14063,1.40630000e+04,-3,-0.062500
14064,1.40640000e+04,-3,-0.062500
14065,1.40650000e+04,-3,-0.062500
14066,1.40660000e+04,-3,-0.062500
14067,1.40670000e+04,-3,-0.062500
14068,1.40680000e+04,-3,-0.062500
14069,1.40690000e+04,-3,-0.062500
14070,1.40700000e+04,-6,-0.125000
14071,1.40710000e+04,-6,-0.125000
14072,1.40720000e+04,-6,-0.125000
14073,1.40730000e+04,-6,-0.125000
14074,1.40740000e+04,-6,-0.125000
14075,1.40750000e+04,-4,-0.083333
14076,1.40760000e+04,-4,-0.083333
14077,1.40770000e+04,-4,-0.083333
14078,1.40780000e+04,-4,-0.083333
14079,1.40790000e+04,-4,-0.083333
14080,1.40800000e+04,-6,-0.125000
14081,1.40810000e+04,-6,-0.125000
14082,1.40820000e+04,-6,-0.125000
14083,1.40830000e+04,-6,-0.125000
14084,1.40840000e+04,-6,-0.125000
14085,1.40850000e+04,-7,-0.145833
14086,1.40860000e+04,-7,-0.145833
14087,1.40870000e+04,-7,-0.145833
14088,1.40880000e+04,-7,-0.145833
14089,1.40890000e+04,-7,-0.145833
14090,1.40900000e+04,-5,-0.104167
14091,1.40910000e+04,-5,-0.104167
14092,1.40920000e+04,-5,-0.104167
14093,1.40930000e+04,-5,-0.104167
14094,1.40940000e+04,-5,-0.104167
14095,1.40950000e+04,-4,-0.083333
14096,1.40960000e+04,-4,-0.083333
14097,1.40970000e+04,-4,-0.083333
14098,1.40980000e+04,-4,-0.083333
14099,1.40990000e+04,-4,-0.083333
14100,1.41000000e+04,-1,-0.020833
14101,1.41010000e+04,-1,-0.020833
14102,1.41020000e+04,-1,-0.020833
14103,1.41030000e+04,-1,-0.020833
14104,1.41040000e+04,-1,-0.020833
14105,1.41050000e+04,-4,-0.083333
14106,1.41060000e+04,-4,-0.083333
14107,1.41070000e+04,-4,-0.083333
14108,1.41080000e+04,-4,-0.083333
14109,1.41090000e+04,-4,-0.083333
14110,1.41100000e+04,-3,-0.062500
14111,1.41110000e+04,-3,-0.062500
14112,1.41120000e+04,-3,-0.062500
14113,1.41130000e+04,-3,-0.062500
14114,1.41140000e+04,-3,-0.062500
14115,1.41150000e+04,-4,-0.083333
14116,1.41160000e+04,-4,-0.083333
14117,1.41170000e+04,-4,-0.083333
14118,1.41180000e+04,-4,-0.083333
14119,1.41190000e+04,-4,-0.083333
14120,1.41200000e+04,-3,-0.062500
14121,1.41210000e+04,-3,-0.062500
14122,1.41220000e+04,-3,-0.062500
14123,1.41230000e+04,-3,-0.062500
14124,1.41240000e+04,-3,-0.062500
14125,1.41250000e+04,-3,-0.062500
14126,1.41260000e+04,-3,-0.062500
14127,1.41270000e+04,-3,-0.062500
14128,1.41280000e+04,-3,-0.062500
14129,1.41290000e+04,-3,-0.062500
14130,1.41300000e+04,0,0.000000
14131,1.41310000e+04,0,0.000000
14132,1.41320000e+04,0,0.000000
14133,1.41330000e+04,0,0.000000
14134,1.41340000e+04,0,0.000000
14135,1.41350000e+04,0,0.000000
14136,1.41360000e+04,0,0.000000
14137,1.41370000e+04,0,0.000000
14138,1.41380000e+04,0,0.000000
14139,1.41390000e+04,0,0.000000
14140,1.41400000e+04,-3,-0.062500
14141,1.41410000e+04,-3,-0.062500
14142,1.41420000e+04,-3,-0.062500
14143,1.41430000e+04,-3,-0.062500
14144,1.41440000e+04,-3,-0.062500
14145,1.41450000e+04,-4,-0.083333
14146,1.41460000e+04,-4,-0.083333
14147,1.41470000e+04,-4,-0.083333
14148,1.41480000e+04,-4,-0.083333
14149,1.41490000e+04,-4,-0.083333
14150,1.41500000e+04,-3,-0.062500
14151,1.41510000e+04,-3,-0.062500
14152,1.41520000e+04,-3,-0.062500
14153,1.41530000e+04,-3,-0.062500
14154,1.41540000e+04,-3,-0.062500
14155,1.41550000e+04,-2,-0.041667
14156,1.41560000e+04,-2,-0.041667
14157,1.41570000e+04,-2,-0.041667
14158,1.41580000e+04,-2,-0.041667
14159,1.41590000e+04,-2,-0.041667
14160,1.41600000e+04,-5,-0.104167
14161,1.41610000e+04,-5,-0.104167
14162,1.41620000e+04,-5,-0.104167
14163,1.41630000e+04,-5,-0.104167
14164,1.41640000e+04,-5,-0.104167
14165,1.41650000e+04,-4,-0.083333
14166,1.41660000e+04,-4,-0.083333
14167,1.41670000e+04,-4,-0.083333
14168,1.41680000e+04,-4,-0.083333
14169,1.41690000e+04,-4,-0.083333
14170,1.41700000e+04,-4,-0.083333
14171,1.41710000e+04,-4,-0.083333
14172,1.41720000e+04,-4,-0.083333
14173,1.41730000e+04,-4,-0.083333
14174,1.41740000e+04,-4,-0.083333
14175,1.41750000e+04,-2,-0.041667
14176,1.41760000e+04,-2,-0.041667
14177,1.41770000e+04,-2,-0.041667
14178,1.41780000e+04,-2,-0.041667
14179,1.41790000e+04,-2,-0.041667
14180,1.41800000e+04,-4,-0.083333
14181,1.41810000e+04,-4,-0.083333
14182,1.41820000e+04,-4,-0.083333
14183,1.41830000e+04,-4,-0.083333
14184,1.41840000e+04,-4,-0.083333
14185,1.41850000e+04,-5,-0.104167
14186,1.41860000e+04,-5,-0.104167
14187,1.41870000e+04,-5,-0.104167
14188,1.41880000e+04,-5,-0.104167
14189,1.41890000e+04,-5,-0.104167
14190,1.41900000e+04,-5,-0.104167
14191,1.41910000e+04,-5,-0.104167
14192,1.41920000e+04,-5,-0.104167
14193,1.41930000e+04,-5,-0.104167
14194,1.41940000e+04,-5,-0.104167
14195,1.41950000e+04,-2,-0.041667
14196,1.41960000e+04,-2,-0.041667
14197,1.41970000e+04,-2,-0.041667
14198,1.41980000e+04,-2,-0.041667
14199,1.41990000e+04,-2,-0.041667
14200,1.42000000e+04,-4,-0.083333
14201,1.42010000e+04,-4,-0.083333
14202,1.42020000e+04,-4,-0.083333
14203,1.42030000e+04,-4,-0.083333
14204,1.42040000e+04,-4,-0.083333
14205,1.42050000e+04,-3,-0.062500
14206,1.42060000e+04,-3,-0.062500
14207,1.42070000e+04,-3,-0.062500
14208,1.42080000e+04,-3,-0.062500
14209,1.42090000e+04,-3,-0.062500
14210,1.42100000e+04,-2,-0.041667
14211,1.42110000e+04,-2,-0.041667
14212,1.42120000e+04,-2,-0.041667
14213,1.42130000e+04,-2,-0.041667
14214,1.42140000e+04,-2,-0.041667
14215,1.42150000e+04,-4,-0.083333
14216,1.42160000e+04,-4,-0.083333
14217,1.42170000e+04,-4,-0.083333
14218,1.42180000e+04,-4,-0.083333
14219,1.42190000e+04,-4,-0.083333
14220,1.42200000e+04,-3,-0.062500
14221,1.42210000e+04,-3,-0.062500
14222,1.42220000e+04,-3,-0.062500
14223,1.42230000e+04,-3,-0.062500
14224,1.42240000e+04,-3,-0.062500
14225,1.42250000e+04,-1,-0.020833
14226,1.42260000e+04,-1,-0.020833
14227,1.42270000e+04,-1,-0.020833
14228,1.42280000e+04,-1,-0.020833
14229,1.42290000e+04,-1,-0.020833
14230,1.42300000e+04,1,0.020833
14231,1.42310000e+04,1,0.020833
14232,1.42320000e+04,1,0.020833
14233,1.42330000e+04,1,0.020833
14234,1.42340000e+04,1,0.020833
14235,1.42350000e+04,0,0.000000
14236,1.42360000e+04,0,0.000000
14237,1.42370000e+04,0,0.000000
14238,1.42380000e+04,0,0.000000
14239,1.42390000e+04,0,0.000000
14240,1.42400000e+04,1,0.020833
14241,1.42410000e+04,1,0.020833
14242,1.42420000e+04,1,0.020833
14243,1.42430000e+04,1,0.020833
14244,1.42440000e+04,1,0.020833
14245,1.42450000e+04,1,0.020833
14246,1.42460000e+04,1,0.020833
14247,1.42470000e+04,1,0.020833
14248,1.42480000e+04,1,0.020833
14249,1.42490000e+04,1,0.020833
14250,1.42500000e+04,-2,-0.041667
14251,1.42510000e+04,-2,-0.041667
14252,1.42520000e+04,-2,-0.041667
14253,1.42530000e+04,-2,-0.041667
14254,1.42540000e+04,-2,-0.041667
14255,1.42550000e+04,-3,-0.062500
14256,1.42560000e+04,-3,-0.062500
14257,1.42570000e+04,-3,-0.062500
14258,1.42580000e+04,-3,-0.062500
14259,1.42590000e+04,-3,-0.062500
14260,1.42600000e+04,-1,-0.020833
14261,1.42610000e+04,-1,-0.020833
14262,1.42620000e+04,-1,-0.020833
14263,1.42630000e+04,-1,-0.020833
14264,1.42640000e+04,-1,-0.020833
14265,1.42650000e+04,2,0.041667
14266,1.42660000e+04,2,0.041667
14267,1.42670000e+04,2,0.041667
14268,1.42680000e+04,2,0.041667
14269,1.42690000e+04,2,0.041667
14270,1.42700000e+04,0,0.000000
14271,1.42710000e+04,0,0.000000
14272,1.42720000e+04,0,0.000000
14273,1.42730000e+04,0,0.000000
14274,1.42740000e+04,0,0.000000
14275,1.42750000e+04,0,0.000000
14276,1.42760000e+04,0,0.000000
14277,1.42770000e+04,0,0.000000
14278,1.42780000e+04,0,0.000000
14279,1.42790000e+04,0,0.000000
14280,1.42800000e+04,2,0.041667
14281,1.42810000e+04,2,0.041667
14282,1.42820000e+04,2,0.041667
14283,1.42830000e+04,2,0.041667
14284,1.42840000e+04,2,0.041667
14285,1.42850000e+04,-3,-0.062500
14286,1.42860000e+04,-3,-0.062500
14287,1.42870000e+04,-3,-0.062500
14288,1.42880000e+04,-3,-0.062500
14289,1.42890000e+04,-3,-0.062500
14290,1.42900000e+04,0,0.000000
14291,1.42910000e+04,0,0.000000
14292,1.42920000e+04,0,0.000000
14293,1.42930000e+04,0,0.000000
14294,1.42940000e+04,0,0.000000
14295,1.42950000e+04,0,0.000000
14296,1.42960000e+04,0,0.000000
14297,1.42970000e+04,0,0.000000
14298,1.42980000e+04,0,0.000000
14299,1.42990000e+04,0,0.000000
14300,1.43000000e+04,0,0.000000
14301,1.43010000e+04,0,0.000000
14302,1.43020000e+04,0,0.000000
14303,1.43030000e+04,0,0.000000
14304,1.43040000e+04,0,0.000000
14305,1.43050000e+04,1,0.020833
14306,1.43060000e+04,1,0.020833
14307,1.43070000e+04,1,0.020833
14308,1.43080000e+04,1,0.020833
14309,1.43090000e+04,1,0.020833
14310,1.43100000e+04,-1,-0.020833
14311,1.43110000e+04,-1,-0.020833
14312,1.43120000e+04,-1,-0.020833
14313,1.43130000e+04,-1,-0.020833
14314,1.43140000e+04,-1,-0.020833
14315,1.43150000e+04,3,0.062500
14316,1.43160000e+04,3,0.062500
14317,1.43170000e+04,3,0.062500
14318,1.43180000e+04,3,0.062500
14319,1.43190000e+04,3,0.062500
14320,1.43200000e+04,3,0.062500
14321,1.43210000e+04,3,0.062500
14322,1.43220000e+04,3,0.062500
14323,1.43230000e+04,3,0.062500
14324,1.43240000e+04,3,0.062500
14325,1.43250000e+04,4,0.083333
14326,1.43260000e+04,4,0.083333
14327,1.43270000e+04,4,0.083333
14328,1.43280000e+04,4,0.083333
14329,1.43290000e+04,4,0.083333
14330,1.43300000e+04,5,0.104167
14331,1.43310000e+04,5,0.104167
14332,1.43320000e+04,5,0.104167
14333,1.43330000e+04,5,0.104167
14334,1.43340000e+04,5,0.104167
14335,1.43350000e+04,4,0.083333
14336,1.43360000e+04,4,0.083333
14337,1.43370000e+04,4,0.083333
14338,1.43380000e+04,4,0.083333
14339,1.43390000e+04,4,0.083333
14340,1.43400000e+04,8,0.166667
14341,1.43410000e+04,8,0.166667
14342,1.43420000e+04,8,0.166667
14343,1.43430000e+04,8,0.166667
14344,1.43440000e+04,8,0.166667
14345,1.43450000e+04,4,0.083333
14346,1.43460000e+04,4,0.083333
14347,1.43470000e+04,4,0.083333
14348,1.43480000e+04,4,0.083333
14349,1.43490000e+04,4,0.083333
14350,1.43500000e+04,4,0.083333
14351,1.43510000e+04,4,0.083333
14352,1.43520000e+04,4,0.083333
14353,1.43530000e+04,4,0.083333
14354,1.43540000e+04,4,0.083333
14355,1.43550000e+04,8,0.166667
14356,1.43560000e+04,8,0.166667
14357,1.43570000e+04,8,0.166667
14358,1.43580000e+04,8,0.166667
14359,1.43590000e+04,8,0.166667
14360,1.43600000e+04,8,0.166667
14361,1.43610000e+04,8,0.166667
14362,1.43620000e+04,8,0.166667
14363,1.43630000e+04,8,0.166667
14364,1.43640000e+04,8,0.166667
14365,1.43650000e+04,8,0.166667
14366,1.43660000e+04,8,0.166667
14367,1.43670000e+04,8,0.166667
14368,1.43680000e+04,8,0.166667
14369,1.43690000e+04,8,0.166667
14370,1.43700000e+04,7,0.145833
14371,1.43710000e+04,7,0.145833
14372,1.43720000e+04,7,0.145833
14373,1.43730000e+04,7,0.145833
14374,1.43740000e+04,7,0.145833
14375,1.43750000e+04,7,0.145833
14376,1.43760000e+04,7,0.145833
14377,1.43770000e+04,7,0.145833
14378,1.43780000e+04,7,0.145833
14379,1.43790000e+04,7,0.145833
14380,1.43800000e+04,9,0.187500
14381,1.43810000e+04,9,0.187500
14382,1.43820000e+04,9,0.187500
14383,1.43830000e+04,9,0.187500
14384,1.43840000e+04,9,0.187500
14385,1.43850000e+04,5,0.104167
14386,1.43860000e+04,5,0.104167
14387,1.43870000e+04,5,0.104167
14388,1.43880000e+04,5,0.104167
14389,1.43890000e+04,5,0.104167
14390,1.43900000e+04,7,0.145833
14391,1.43910000e+04,7,0.145833
14392,1.43920000e+04,7,0.145833
14393,1.43930000e+04,7,0.145833
14394,1.43940000e+04,7,0.145833
14395,1.43950000e+04,7,0.145833
14396,1.43960000e+04,7,0.145833
14397,1.43970000e+04,7,0.145833
14398,1.43980000e+04,7,0.145833
14399,1.43990000e+04,7,0.145833
14400,1.44000000e+04,6,0.125000
14401,1.44010000e+04,6,0.125000
14402,1.44020000e+04,6,0.125000
14403,1.44030000e+04,6,0.125000
14404,1.44040000e+04,6,0.125000
14405,1.44050000e+04,10,0.208333
14406,1.44060000e+04,10,0.208333
14407,1.44070000e+04,10,0.208333
14408,1.44080000e+04,10,0.208333
14409,1.44090000e+04,10,0.208333
14410,1.44100000e+04,5,0.104167
14411,1.44110000e+04,5,0.104167
14412,1.44120000e+04,5,0.104167
14413,1.44130000e+04,5,0.104167
14414,1.44140000e+04,5,0.104167
14415,1.44150000e+04,6,0.125000
14416,1.44160000e+04,6,0.125000
14417,1.44170000e+04,6,0.125000
14418,1.44180000e+04,6,0.125000
14419,1.44190000e+04,6,0.125000
14420,1.44200000e+04,9,0.187500
14421,1.44210000e+04,9,0.187500
14422,1.44220000e+04,9,0.187500
14423,1.44230000e+04,9,0.187500
14424,1.44240000e+04,9,0.187500
14425,1.44250000e+04,9,0.187500
14426,1.44260000e+04,9,0.187500
14427,1.44270000e+04,9,0.187500
14428,1.44280000e+04,9,0.187500
14429,1.44290000e+04,9,0.187500
14430,1.44300000e+04,10,0.208333
14431,1.44310000e+04,10,0.208333
14432,1.44320000e+04,10,0.208333
14433,1.44330000e+04,10,0.208333
14434,1.44340000e+04,10,0.208333
14435,1.44350000e+04,12,0.250000
14436,1.44360000e+04,12,0.250000
14437,1.44370000e+04,12,0.250000
14438,1.44380000e+04,12,0.250000
14439,1.44390000e+04,12,0.250000
14440,1.44400000e+04,9,0.187500
14441,1.44410000e+04,9,0.187500
14442,1.44420000e+04,9,0.187500
14443,1.44430000e+04,9,0.187500
14444,1.44440000e+04,9,0.187500
14445,1.44450000e+04,9,0.187500
14446,1.44460000e+04,9,0.187500
14447,1.44470000e+04,9,0.187500
14448,1.44480000e+04,9,0.187500
14449,1.44490000e+04,9,0.187500
14450,1.44500000e+04,13,0.270833
14451,1.44510000e+04,13,0.270833
14452,1.44520000e+04,13,0.270833
14453,1.44530000e+04,13,0.270833
14454,1.44540000e+04,13,0.270833
14455,1.44550000e+04,14,0.291667
14456,1.44560000e+04,14,0.291667
14457,1.44570000e+04,14,0.291667
14458,1.44580000e+04,14,0.291667
14459,1.44590000e+04,14,0.291667
14460,1.44600000e+04,9,0.187500
14461,1.44610000e+04,9,0.187500
14462,1.44620000e+04,9,0.187500
14463,1.44630000e+04,9,0.187500
14464,1.44640000e+04,9,0.187500
14465,1.44650000e+04,12,0.250000
14466,1.44660000e+04,12,0.250000
14467,1.44670000e+04,12,0.250000
14468,1.44680000e+04,12,0.250000
14469,1.44690000e+04,12,0.250000
14470,1.44700000e+04,14,0.291667
14471,1.44710000e+04,14,0.291667
14472,1.44720000e+04,14,0.291667
14473,1.44730000e+04,14,0.291667
14474,1.44740000e+04,14,0.291667
14475,1.44750000e+04,12,0.250000
14476,1.44760000e+04,12,0.250000
14477,1.44770000e+04,12,0.250000
14478,1.44780000e+04,12,0.250000
14479,1.44790000e+04,12,0.250000
14480,1.44800000e+04,12,0.250000
14481,1.44810000e+04,12,0.250000
14482,1.44820000e+04,12,0.250000
14483,1.44830000e+04,12,0.250000
14484,1.44840000e+04,12,0.250000
14485,1.44850000e+04,12,0.250000
14486,1.44860000e+04,12,0.250000
14487,1.44870000e+04,12,0.250000
14488,1.44880000e+04,12,0.250000
14489,1.44890000e+04,12,0.250000
14490,1.44900000e+04,13,0.270833
14491,1.44910000e+04,13,0.270833
14492,1.44920000e+04,13,0.270833
14493,1.44930000e+04,13,0.270833
14494,1.44940000e+04,13,0.270833
14495,1.44950000e+04,13,0.270833
14496,1.44960000e+04,13,0.270833
14497,1.44970000e+04,13,0.270833
14498,1.44980000e+04,13,0.270833
14499,1.44990000e+04,13,0.270833
14500,1.45000000e+04,16,0.333333
14501,1.45010000e+04,16,0.333333
14502,1.45020000e+04,16,0.333333
14503,1.45030000e+04,16,0.333333
14504,1.45040000e+04,16,0.333333
14505,1.45050000e+04,14,0.291667
14506,1.45060000e+04,14,0.291667
14507,1.45070000e+04,14,0.291667
14508,1.45080000e+04,14,0.291667
14509,1.45090000e+04,14,0.291667
14510,1.45100000e+04,17,0.354167
14511,1.45110000e+04,17,0.354167
14512,1.45120000e+04,17,0.354167
14513,1.45130000e+04,17,0.354167
14514,1.45140000e+04,17,0.354167
14515,1.45150000e+04,13,0.270833
14516,1.45160000e+04,13,0.270833
14517,1.45170000e+04,13,0.270833
14518,1.45180000e+04,13,0.270833
14519,1.45190000e+04,13,0.270833
14520,1.45200000e+04,15,0.312500
14521,1.45210000e+04,15,0.312500
14522,1.45220000e+04,15,0.312500
14523,1.45230000e+04,15,0.312500
14524,1.45240000e+04,15,0.312500
14525,1.45250000e+04,16,0.333333
14526,1.45260000e+04,16,0.333333
14527,1.45270000e+04,16,0.333333
14528,1.45280000e+04,16,0.333333
14529,1.45290000e+04,16,0.333333
14530,1.45300000e+04,17,0.354167
14531,1.45310000e+04,17,0.354167
14532,1.45320000e+04,17,0.354167
14533,1.45330000e+04,17,0.354167
14534,1.45340000e+04,17,0.354167
14535,1.45350000e+04,11,0.229167
14536,1.45360000e+04,11,0.229167
14537,1.45370000e+04,11,0.229167
14538,1.45380000e+04,11,0.229167
14539,1.45390000e+04,11,0.229167
14540,1.45400000e+04,15,0.312500
14541,1.45410000e+04,15,0.312500
14542,1.45420000e+04,15,0.312500
14543,1.45430000e+04,15,0.312500
14544,1.45440000e+04,15,0.312500
14545,1.45450000e+04,16,0.333333
14546,1.45460000e+04,16,0.333333
14547,1.45470000e+04,16,0.333333
14548,1.45480000e+04,16,0.333333
14549,1.45490000e+04,16,0.333333
14550,1.45500000e+04,12,0.250000
14551,1.45510000e+04,12,0.250000
14552,1.45520000e+04,12,0.250000
14553,1.45530000e+04,12,0.250000
14554,1.45540000e+04,12,0.250000
14555,1.45550000e+04,14,0.291667
14556,1.45560000e+04,14,0.291667
14557,1.45570000e+04,14,0.291667
14558,1.45580000e+04,14,0.291667
14559,1.45590000e+04,14,0.291667
14560,1.45600000e+04,18,0.375000
14561,1.45610000e+04,18,0.375000
14562,1.45620000e+04,18,0.375000
14563,1.45630000e+04,18,0.375000
14564,1.45640000e+04,18,0.375000
14565,1.45650000e+04,19,0.395833
14566,1.45660000e+04,19,0.395833
14567,1.45670000e+04,19,0.395833
14568,1.45680000e+04,19,0.395833
14569,1.45690000e+04,19,0.395833
14570,1.45700000e+04,18,0.375000
14571,1.45710000e+04,18,0.375000
14572,1.45720000e+04,18,0.375000
14573,1.45730000e+04,18,0.375000
14574,1.45740000e+04,18,0.375000
14575,1.45750000e+04,16,0.333333
14576,1.45760000e+04,16,0.333333
14577,1.45770000e+04,16,0.333333
14578,1.45780000e+04,16,0.333333
14579,1.45790000e+04,16,0.333333
14580,1.45800000e+04,19,0.395833
14581,1.45810000e+04,19,0.395833
14582,1.45820000e+04,19,0.395833
14583,1.45830000e+04,19,0.395833
14584,1.45840000e+04,19,0.395833
14585,1.45850000e+04,16,0.333333
14586,1.45860000e+04,16,0.333333
14587,1.45870000e+04,16,0.333333
14588,1.45880000e+04,16,0.333333
14589,1.45890000e+04,16,0.333333
14590,1.45900000e+04,14,0.291667
14591,1.45910000e+04,14,0.291667
14592,1.45920000e+04,14,0.291667
14593,1.45930000e+04,14,0.291667
14594,1.45940000e+04,14,0.291667
14595,1.45950000e+04,16,0.333333
14596,1.45960000e+04,16,0.333333
14597,1.45970000e+04,16,0.333333
14598,1.45980000e+04,16,0.333333
14599,1.45990000e+04,16,0.333333
14600,1.46000000e+04,17,0.354167
14601,1.46010000e+04,17,0.354167
14602,1.46020000e+04,17,0.354167
14603,1.46030000e+04,17,0.354167
14604,1.46040000e+04,17,0.354167
14605,1.46050000e+04,18,0.375000
14606,1.46060000e+04,18,0.375000
14607,1.46070000e+04,18,0.375000
14608,1.46080000e+04,18,0.375000
14609,1.46090000e+04,18,0.375000
14610,1.46100000e+04,19,0.395833
14611,1.46110000e+04,19,0.395833
14612,1.46120000e+04,19,0.395833
14613,1.46130000e+04,19,0.395833
14614,1.46140000e+04,19,0.395833
14615,1.46150000e+04,16,0.333333
14616,1.46160000e+04,16,0.333333
14617,1.46170000e+04,16,0.333333
14618,1.46180000e+04,16,0.333333
14619,1.46190000e+04,16,0.333333
14620,1.46200000e+04,17,0.354167
14621,1.46210000e+04,17,0.354167
14622,1.46220000e+04,17,0.354167
14623,1.46230000e+04,17,0.354167
14624,1.46240000e+04,17,0.354167
14625,1.46250000e+04,17,0.354167
14626,1.46260000e+04,17,0.354167
14627,1.46270000e+04,17,0.354167
14628,1.46280000e+04,17,0.354167
14629,1.46290000e+04,17,0.354167
14630,1.46300000e+04,19,0.395833
14631,1.46310000e+04,19,0.395833
14632,1.46320000e+04,19,0.395833
14633,1.46330000e+04,19,0.395833
14634,1.46340000e+04,19,0.395833
14635,1.46350000e+04,15,0.312500
14636,1.46360000e+04,15,0.312500
14637,1.46370000e+04,15,0.312500
14638,1.46380000e+04,15,0.312500
14639,1.46390000e+04,15,0.312500
14640,1.46400000e+04,17,0.354167
14641,1.46410000e+04,17,0.354167
14642,1.46420000e+04,17,0.354167
14643,1.46430000e+04,17,0.354167
14644,1.46440000e+04,17,0.354167
14645,1.46450000e+04,18,0.375000
14646,1.46460000e+04,18,0.375000
14647,1.46470000e+04,18,0.375000
14648,1.46480000e+04,18,0.375000
14649,1.46490000e+04,18,0.375000
14650,1.46500000e+04,17,0.354167
14651,1.46510000e+04,17,0.354167
14652,1.46520000e+04,17,0.354167
14653,1.46530000e+04,17,0.354167
14654,1.46540000e+04,17,0.354167
14655,1.46550000e+04,17,0.354167
14656,1.46560000e+04,17,0.354167
14657,1.46570000e+04,17,0.354167
14658,1.46580000e+04,17,0.354167
14659,1.46590000e+04,17,0.354167
14660,1.46600000e+04,18,0.375000
14661,1.46610000e+04,18,0.375000
14662,1.46620000e+04,18,0.375000
14663,1.46630000e+04,18,0.375000
14664,1.46640000e+04,18,0.375000
14665,1.46650000e+04,16,0.333333
14666,1.46660000e+04,16,0.333333
14667,1.46670000e+04,16,0.333333
14668,1.46680000e+04,16,0.333333
14669,1.46690000e+04,16,0.333333
14670,1.46700000e+04,14,0.291667
14671,1.46710000e+04,14,0.291667
14672,1.46720000e+04,14,0.291667
14673,1.46730000e+04,14,0.291667
14674,1.46740000e+04,14,0.291667
14675,1.46750000e+04,17,0.354167
14676,1.46760000e+04,17,0.354167
14677,1.46770000e+04,17,0.354167
14678,1.46780000e+04,17,0.354167
14679,1.46790000e+04,17,0.354167
14680,1.46800000e+04,15,0.312500
14681,1.46810000e+04,15,0.312500
14682,1.46820000e+04,15,0.312500
14683,1.46830000e+04,15,0.312500
14684,1.46840000e+04,15,0.312500
14685,1.46850000e+04,15,0.312500
14686,1.46860000e+04,15,0.312500
14687,1.46870000e+04,15,0.312500
14688,1.46880000e+04,15,0.312500
14689,1.46890000e+04,15,0.312500
14690,1.46900000e+04,19,0.395833
14691,1.46910000e+04,19,0.395833
14692,1.46920000e+04,19,0.395833
14693,1.46930000e+04,19,0.395833
14694,1.46940000e+04,19,0.395833
14695,1.46950000e+04,17,0.354167
14696,1.46960000e+04,17,0.354167
14697,1.46970000e+04,17,0.354167
14698,1.46980000e+04,17,0.354167
14699,1.46990000e+04,17,0.354167
14700,1.47000000e+04,19,0.395833
14701,1.47010000e+04,19,0.395833
14702,1.47020000e+04,19,0.395833
14703,1.47030000e+04,19,0.395833
14704,1.47040000e+04,19,0.395833
14705,1.47050000e+04,19,0.395833
14706,1.47060000e+04,19,0.395833
14707,1.47070000e+04,19,0.395833
14708,1.47080000e+04,19,0.395833
14709,1.47090000e+04,19,0.395833
14710,1.47100000e+04,18,0.375000
14711,1.47110000e+04,18,0.375000
14712,1.47120000e+04,18,0.375000
14713,1.47130000e+04,18,0.375000
14714,1.47140000e+04,18,0.375000
14715,1.47150000e+04,20,0.416667
14716,1.47160000e+04,20,0.416667
14717,1.47170000e+04,20,0.416667
14718,1.47180000e+04,20,0.416667
14719,1.47190000e+04,20,0.416667
14720,1.47200000e+04,16,0.333333
14721,1.47210000e+04,16,0.333333
14722,1.47220000e+04,16,0.333333
14723,1.47230000e+04,16,0.333333
14724,1.47240000e+04,16,0.333333
14725,1.47250000e+04,13,0.270833
14726,1.47260000e+04,13,0.270833
14727,1.47270000e+04,13,0.270833
14728,1.47280000e+04,13,0.270833
14729,1.47290000e+04,13,0.270833
14730,1.47300000e+04,16,0.333333
14731,1.47310000e+04,16,0.333333
14732,1.47320000e+04,16,0.333333
14733,1.47330000e+04,16,0.333333
14734,1.47340000e+04,16,0.333333
14735,1.47350000e+04,18,0.375000
14736,1.47360000e+04,18,0.375000
14737,1.47370000e+04,18,0.375000
14738,1.47380000e+04,18,0.375000
14739,1.47390000e+04,18,0.375000
14740,1.47400000e+04,16,0.333333
14741,1.47410000e+04,16,0.333333
14742,1.47420000e+04,16,0.333333
14743,1.47430000e+04,16,0.333333
14744,1.47440000e+04,16,0.333333
14745,1.47450000e+04,17,0.354167
14746,1.47460000e+04,17,0.354167
14747,1.47470000e+04,17,0.354167
14748,1.47480000e+04,17,0.354167
14749,1.47490000e+04,17,0.354167
14750,1.47500000e+04,15,0.312500
14751,1.47510000e+04,15,0.312500
14752,1.47520000e+04,15,0.312500
14753,1.47530000e+04,15,0.312500
14754,1.47540000e+04,15,0.312500
14755,1.47550000e+04,17,0.354167
14756,1.47560000e+04,17,0.354167
14757,1.47570000e+04,17,0.354167
14758,1.47580000e+04,17,0.354167
14759,1.47590000e+04,17,0.354167
14760,1.47600000e+04,19,0.395833
14761,1.47610000e+04,19,0.395833
14762,1.47620000e+04,19,0.395833
14763,1.47630000e+04,19,0.395833
14764,1.47640000e+04,19,0.395833
14765,1.47650000e+04,20,0.416667
14766,1.47660000e+04,20,0.416667
14767,1.47670000e+04,20,0.416667
14768,1.47680000e+04,20,0.416667
14769,1.47690000e+04,20,0.416667
14770,1.47700000e+04,21,0.437500
14771,1.47710000e+04,21,0.437500
14772,1.47720000e+04,21,0.437500
14773,1.47730000e+04,21,0.437500
14774,1.47740000e+04,21,0.437500
14775,1.47750000e+04,20,0.416667
14776,1.47760000e+04,20,0.416667
14777,1.47770000e+04,20,0.416667
14778,1.47780000e+04,20,0.416667
14779,1.47790000e+04,20,0.416667
14780,1.47800000e+04,22,0.458333
14781,1.47810000e+04,22,0.458333
14782,1.47820000e+04,22,0.458333
14783,1.47830000e+04,22,0.458333
14784,1.47840000e+04,22,0.458333
14785,1.47850000e+04,19,0.395833
14786,1.47860000e+04,19,0.395833
14787,1.47870000e+04,19,0.395833
14788,1.47880000e+04,19,0.395833
14789,1.47890000e+04,19,0.395833
14790,1.47900000e+04,18,0.375000
14791,1.47910000e+04,18,0.375000
14792,1.47920000e+04,18,0.375000
14793,1.47930000e+04,18,0.375000
14794,1.47940000e+04,18,0.375000
14795,1.47950000e+04,22,0.458333
14796,1.47960000e+04,22,0.458333
14797,1.47970000e+04,22,0.458333
14798,1.47980000e+04,22,0.458333
14799,1.47990000e+04,22,0.458333
14800,1.48000000e+04,20,0.416667
14801,1.48010000e+04,20,0.416667
14802,1.48020000e+04,20,0.416667
14803,1.48030000e+04,20,0.416667
14804,1.48040000e+04,20,0.416667
14805,1.48050000e+04,19,0.395833
14806,1.48060000e+04,19,0.395833
14807,1.48070000e+04,19,0.395833
14808,1.48080000e+04,19,0.395833
14809,1.48090000e+04,19,0.395833
14810,1.48100000e+04,22,0.458333
14811,1.48110000e+04,22,0.458333
14812,1.48120000e+04,22,0.458333
14813,1.48130000e+04,22,0.458333
14814,1.48140000e+04,22,0.458333
14815,1.48150000e+04,22,0.458333
14816,1.48160000e+04,22,0.458333
14817,1.48170000e+04,22,0.458333
14818,1.48180000e+04,22,0.458333
14819,1.48190000e+04,22,0.458333
14820,1.48200000e+04,17,0.354167
14821,1.48210000e+04,17,0.354167
14822,1.48220000e+04,17,0.354167
14823,1.48230000e+04,17,0.354167
14824,1.48240000e+04,17,0.354167
14825,1.48250000e+04,18,0.375000
14826,1.48260000e+04,18,0.375000
14827,1.48270000e+04,18,0.375000
14828,1.48280000e+04,18,0.375000
14829,1.48290000e+04,18,0.375000
14830,1.48300000e+04,20,0.416667
14831,1.48310000e+04,20,0.416667
14832,1.48320000e+04,20,0.416667
14833,1.48330000e+04,20,0.416667
14834,1.48340000e+04,20,0.416667
14835,1.48350000e+04,17,0.354167
14836,1.48360000e+04,17,0.354167
14837,1.48370000e+04,17,0.354167
14838,1.48380000e+04,17,0.354167
14839,1.48390000e+04,17,0.354167
14840,1.48400000e+04,20,0.416667
14841,1.48410000e+04,20,0.416667
14842,1.48420000e+04,20,0.416667
14843,1.48430000e+04,20,0.416667
14844,1.48440000e+04,20,0.416667
14845,1.48450000e+04,22,0.458333
14846,1.48460000e+04,22,0.458333
14847,1.48470000e+04,22,0.458333
14848,1.48480000e+04,22,0.458333
14849,1.48490000e+04,22,0.458333
14850,1.48500000e+04,17,0.354167
14851,1.48510000e+04,17,0.354167
14852,1.48520000e+04,17,0.354167
14853,1.48530000e+04,17,0.354167
14854,1.48540000e+04,17,0.354167
14855,1.48550000e+04,17,0.354167
14856,1.48560000e+04,17,0.354167
14857,1.48570000e+04,17,0.354167
14858,1.48580000e+04,17,0.354167
14859,1.48590000e+04,17,0.354167
14860,1.48600000e+04,21,0.437500
14861,1.48610000e+04,21,0.437500
14862,1.48620000e+04,21,0.437500
14863,1.48630000e+04,21,0.437500
14864,1.48640000e+04,21,0.437500
14865,1.48650000e+04,22,0.458333
14866,1.48660000e+04,22,0.458333
14867,1.48670000e+04,22,0.458333
14868,1.48680000e+04,22,0.458333
14869,1.48690000e+04,22,0.458333
14870,1.48700000e+04,19,0.395833
14871,1.48710000e+04,19,0.395833
14872,1.48720000e+04,19,0.395833
14873,1.48730000e+04,19,0.395833
14874,1.48740000e+04,19,0.395833
14875,1.48750000e+04,22,0.458333
14876,1.48760000e+04,22,0.458333
14877,1.48770000e+04,22,0.458333
14878,1.48780000e+04,22,0.458333
14879,1.48790000e+04,22,0.458333
14880,1.48800000e+04,22,0.458333
14881,1.48810000e+04,22,0.458333
14882,1.48820000e+04,22,0.458333
14883,1.48830000e+04,22,0.458333
14884,1.48840000e+04,22,0.458333
14885,1.48850000e+04,22,0.458333
14886,1.48860000e+04,22,0.458333
14887,1.48870000e+04,22,0.458333
14888,1.48880000e+04,22,0.458333
14889,1.48890000e+04,22,0.458333
14890,1.48900000e+04,20,0.416667
14891,1.48910000e+04,20,0.416667
14892,1.48920000e+04,20,0.416667
14893,1.48930000e+04,20,0.416667
14894,1.48940000e+04,20,0.416667
14895,1.48950000e+04,22,0.458333
14896,1.48960000e+04,22,0.458333
14897,1.48970000e+04,22,0.458333
14898,1.48980000e+04,22,0.458333
14899,1.48990000e+04,22,0.458333
14900,1.49000000e+04,20,0.416667
14901,1.49010000e+04,20,0.416667
14902,1.49020000e+04,20,0.416667
14903,1.49030000e+04,20,0.416667
14904,1.49040000e+04,20,0.416667
14905,1.49050000e+04,22,0.458333
14906,1.49060000e+04,22,0.458333
14907,1.49070000e+04,22,0.458333
14908,1.49080000e+04,22,0.458333
14909,1.49090000e+04,22,0.458333
14910,1.49100000e+04,19,0.395833
14911,1.49110000e+04,19,0.395833
14912,1.49120000e+04,19,0.395833
14913,1.49130000e+04,19,0.395833
14914,1.49140000e+04,19,0.395833
14915,1.49150000e+04,21,0.437500
14916,1.49160000e+04,21,0.437500
14917,1.49170000e+04,21,0.437500
14918,1.49180000e+04,21,0.437500
14919,1.49190000e+04,21,0.437500
14920,1.49200000e+04,22,0.458333
14921,1.49210000e+04,22,0.458333
14922,1.49220000e+04,22,0.458333
14923,1.49230000e+04,22,0.458333
14924,1.49240000e+04,22,0.458333
14925,1.49250000e+04,22,0.458333
14926,1.49260000e+04,22,0.458333
14927,1.49270000e+04,22,0.458333
14928,1.49280000e+04,22,0.458333
14929,1.49290000e+04,22,0.458333
14930,1.49300000e+04,20,0.416667
14931,1.49310000e+04,20,0.416667
14932,1.49320000e+04,20,0.416667
14933,1.49330000e+04,20,0.416667
14934,1.49340000e+04,20,0.416667
14935,1.49350000e+04,18,0.375000
14936,1.49360000e+04,18,0.375000
14937,1.49370000e+04,18,0.375000
14938,1.49380000e+04,18,0.375000
14939,1.49390000e+04,18,0.375000
14940,1.49400000e+04,19,0.395833
14941,1.49410000e+04,19,0.395833
14942,1.49420000e+04,19,0.395833
14943,1.49430000e+04,19,0.395833
14944,1.49440000e+04,19,0.395833
14945,1.49450000e+04,16,0.333333
14946,1.49460000e+04,16,0.333333
14947,1.49470000e+04,16,0.333333
14948,1.49480000e+04,16,0.333333
14949,1.49490000e+04,16,0.333333
14950,1.49500000e+04,18,0.375000
14951,1.49510000e+04,18,0.375000
14952,1.49520000e+04,18,0.375000
14953,1.49530000e+04,18,0.375000
14954,1.49540000e+04,18,0.375000
14955,1.49550000e+04,17,0.354167
14956,1.49560000e+04,17,0.354167
14957,1.49570000e+04,17,0.354167
14958,1.49580000e+04,17,0.354167
14959,1.49590000e+04,17,0.354167
14960,1.49600000e+04,17,0.354167
14961,1.49610000e+04,17,0.354167
14962,1.49620000e+04,17,0.354167
14963,1.49630000e+04,17,0.354167
14964,1.49640000e+04,17,0.354167
14965,1.49650000e+04,18,0.375000
14966,1.49660000e+04,18,0.375000
14967,1.49670000e+04,18,0.375000
14968,1.49680000e+04,18,0.375000
14969,1.49690000e+04,18,0.375000
14970,1.49700000e+04,19,0.395833
14971,1.49710000e+04,19,0.395833
14972,1.49720000e+04,19,0.395833
14973,1.49730000e+04,19,0.395833
14974,1.49740000e+04,19,0.395833
14975,1.49750000e+04,19,0.395833
14976,1.49760000e+04,19,0.395833
14977,1.49770000e+04,19,0.395833
14978,1.49780000e+04,19,0.395833
14979,1.49790000e+04,19,0.395833
14980,1.49800000e+04,19,0.395833
14981,1.49810000e+04,19,0.395833
14982,1.49820000e+04,19,0.395833
14983,1.49830000e+04,19,0.395833
14984,1.49840000e+04,19,0.395833
14985,1.49850000e+04,22,0.458333
14986,1.49860000e+04,22,0.458333
14987,1.49870000e+04,22,0.458333
14988,1.49880000e+04,22,0.458333
14989,1.49890000e+04,22,0.458333
14990,1.49900000e+04,20,0.416667
14991,1.49910000e+04,20,0.416667
14992,1.49920000e+04,20,0.416667
14993,1.49930000e+04,20,0.416667
14994,1.49940000e+04,20,0.416667
14995,1.49950000e+04,21,0.437500
14996,1.49960000e+04,21,0.437500
14997,1.49970000e+04,21,0.437500
14998,1.49980000e+04,21,0.437500
14999,1.49990000e+04,21,0.437500
15000,1.50000000e+04,18,0.375000
15001,1.50010000e+04,18,0.375000
15002,1.50020000e+04,18,0.375000
15003,1.50030000e+04,18,0.375000
15004,1.50040000e+04,18,0.375000
15005,1.50050000e+04,20,0.416667
15006,1.50060000e+04,20,0.416667
15007,1.50070000e+04,20,0.416667
15008,1.50080000e+04,20,0.416667
15009,1.50090000e+04,20,0.416667
15010,1.50100000e+04,21,0.437500
15011,1.50110000e+04,21,0.437500
15012,1.50120000e+04,21,0.437500
15013,1.50130000e+04,21,0.437500
15014,1.50140000e+04,21,0.437500
15015,1.50150000e+04,22,0.458333
15016,1.50160000e+04,22,0.458333
15017,1.50170000e+04,22,0.458333
15018,1.50180000e+04,22,0.458333
15019,1.50190000e+04,22,0.458333
15020,1.50200000e+04,24,0.500000
15021,1.50210000e+04,24,0.500000
15022,1.50220000e+04,24,0.500000
15023,1.50230000e+04,24,0.500000
15024,1.50240000e+04,24,0.500000
15025,1.50250000e+04,22,0.458333
15026,1.50260000e+04,22,0.458333
15027,1.50270000e+04,22,0.458333
15028,1.50280000e+04,22,0.458333
15029,1.50290000e+04,22,0.458333
15030,1.50300000e+04,23,0.479167
15031,1.50310000e+04,23,0.479167
15032,1.50320000e+04,23,0.479167
15033,1.50330000e+04,23,0.479167
15034,1.50340000e+04,23,0.479167
15035,1.50350000e+04,22,0.458333
15036,1.50360000e+04,22,0.458333
15037,1.50370000e+04,22,0.458333
15038,1.50380000e+04,22,0.458333
15039,1.50390000e+04,22,0.458333
15040,1.50400000e+04,21,0.437500
15041,1.50410000e+04,21,0.437500
15042,1.50420000e+04,21,0.437500
15043,1.50430000e+04,21,0.437500
15044,1.50440000e+04,21,0.437500
15045,1.50450000e+04,22,0.458333
15046,1.50460000e+04,22,0.458333
15047,1.50470000e+04,22,0.458333
15048,1.50480000e+04,22,0.458333
15049,1.50490000e+04,22,0.458333
15050,1.50500000e+04,21,0.437500
15051,1.50510000e+04,21,0.437500
15052,1.50520000e+04,21,0.437500
15053,1.50530000e+04,21,0.437500
15054,1.50540000e+04,21,0.437500
15055,1.50550000e+04,19,0.395833
15056,1.50560000e+04,19,0.395833
15057,1.50570000e+04,19,0.395833
15058,1.50580000e+04,19,0.395833
15059,1.50590000e+04,19,0.395833
15060,1.50600000e+04,22,0.458333
15061,1.50610000e+04,22,0.458333
15062,1.50620000e+04,22,0.458333
15063,1.50630000e+04,22,0.458333
15064,1.50640000e+04,22,0.458333
15065,1.50650000e+04,21,0.437500
15066,1.50660000e+04,21,0.437500
15067,1.50670000e+04,21,0.437500
15068,1.50680000e+04,21,0.437500
15069,1.50690000e+04,21,0.437500
15070,1.50700000e+04,20,0.416667
15071,1.50710000e+04,20,0.416667
15072,1.50720000e+04,20,0.416667
15073,1.50730000e+04,20,0.416667
15074,1.50740000e+04,20,0.416667
15075,1.50750000e+04,22,0.458333
15076,1.50760000e+04,22,0.458333
15077,1.50770000e+04,22,0.458333
15078,1.50780000e+04,22,0.458333
15079,1.50790000e+04,22,0.458333
15080,1.50800000e+04,19,0.395833
15081,1.50810000e+04,19,0.395833
15082,1.50820000e+04,19,0.395833
15083,1.50830000e+04,19,0.395833
15084,1.50840000e+04,19,0.395833
15085,1.50850000e+04,22,0.458333
15086,1.50860000e+04,22,0.458333
15087,1.50870000e+04,22,0.458333
15088,1.50880000e+04,22,0.458333
15089,1.50890000e+04,22,0.458333
15090,1.50900000e+04,21,0.437500
15091,1.50910000e+04,21,0.437500
15092,1.50920000e+04,21,0.437500
15093,1.50930000e+04,21,0.437500
15094,1.50940000e+04,21,0.437500
15095,1.50950000e+04,20,0.416667
15096,1.50960000e+04,20,0.416667
15097,1.50970000e+04,20,0.416667
15098,1.50980000e+04,20,0.416667
15099,1.50990000e+04,20,0.416667
15100,1.51000000e+04,20,0.416667
15101,1.51010000e+04,20,0.416667
15102,1.51020000e+04,20,0.416667
15103,1.51030000e+04,20,0.416667
15104,1.51040000e+04,20,0.416667
15105,1.51050000e+04,22,0.458333
15106,1.51060000e+04,22,0.458333
15107,1.51070000e+04,22,0.458333
15108,1.51080000e+04,22,0.458333
15109,1.51090000e+04,22,0.458333
15110,1.51100000e+04,20,0.416667
15111,1.51110000e+04,20,0.416667
15112,1.51120000e+04,20,0.416667
15113,1.51130000e+04,20,0.416667
15114,1.51140000e+04,20,0.416667
15115,1.51150000e+04,19,0.395833
15116,1.51160000e+04,19,0.395833
15117,1.51170000e+04,19,0.395833
15118,1.51180000e+04,19,0.395833
15119,1.51190000e+04,19,0.395833
15120,1.51200000e+04,21,0.437500
15121,1.51210000e+04,21,0.437500
15122,1.51220000e+04,21,0.437500
15123,1.51230000e+04,21,0.437500
15124,1.51240000e+04,21,0.437500
15125,1.51250000e+04,22,0.458333
15126,1.51260000e+04,22,0.458333
15127,1.51270000e+04,22,0.458333
15128,1.51280000e+04,22,0.458333
15129,1.51290000e+04,22,0.458333
15130,1.51300000e+04,24,0.500000
15131,1.51310000e+04,24,0.500000
15132,1.51320000e+04,24,0.500000
15133,1.51330000e+04,24,0.500000
15134,1.51340000e+04,24,0.500000
15135,1.51350000e+04,22,0.458333
15136,1.51360000e+04,22,0.458333
15137,1.51370000e+04,22,0.458333
15138,1.51380000e+04,22,0.458333
15139,1.51390000e+04,22,0.458333
15140,1.51400000e+04,23,0.479167
15141,1.51410000e+04,23,0.479167
15142,1.51420000e+04,23,0.479167
15143,1.51430000e+04,23,0.479167
15144,1.51440000e+04,23,0.479167
15145,1.51450000e+04,22,0.458333
15146,1.51460000e+04,22,0.458333
15147,1.51470000e+04,22,0.458333
15148,1.51480000e+04,22,0.458333
15149,1.51490000e+04,22,0.458333
15150,1.51500000e+04,20,0.416667
15151,1.51510000e+04,20,0.416667
15152,1.51520000e+04,20,0.416667
15153,1.51530000e+04,20,0.416667
15154,1.51540000e+04,20,0.416667
15155,1.51550000e+04,22,0.458333
15156,1.51560000e+04,22,0.458333
15157,1.51570000e+04,22,0.458333
15158,1.51580000e+04,22,0.458333
15159,1.51590000e+04,22,0.458333
15160,1.51600000e+04,19,0.395833
15161,1.51610000e+04,19,0.395833
15162,1.51620000e+04,19,0.395833
15163,1.51630000e+04,19,0.395833
15164,1.51640000e+04,19,0.395833
15165,1.51650000e+04,22,0.458333
15166,1.51660000e+04,22,0.458333
15167,1.51670000e+04,22,0.458333
15168,1.51680000e+04,22,0.458333
15169,1.51690000e+04,22,0.458333
15170,1.51700000e+04,20,0.416667
15171,1.51710000e+04,20,0.416667
15172,1.51720000e+04,20,0.416667
15173,1.51730000e+04,20,0.416667
15174,1.51740000e+04,20,0.416667
15175,1.51750000e+04,22,0.458333
15176,1.51760000e+04,22,0.458333
15177,1.51770000e+04,22,0.458333
15178,1.51780000e+04,22,0.458333
15179,1.51790000e+04,22,0.458333
15180,1.51800000e+04,19,0.395833
15181,1.51810000e+04,19,0.395833
15182,1.51820000e+04,19,0.395833
15183,1.51830000e+04,19,0.395833
15184,1.51840000e+04,19,0.395833
15185,1.51850000e+04,20,0.416667
15186,1.51860000e+04,20,0.416667
15187,1.51870000e+04,20,0.416667
15188,1.51880000e+04,20,0.416667
15189,1.51890000e+04,20,0.416667
15190,1.51900000e+04,18,0.375000
15191,1.51910000e+04,18,0.375000
15192,1.51920000e+04,18,0.375000
15193,1.51930000e+04,18,0.375000
15194,1.51940000e+04,18,0.375000
15195,1.51950000e+04,18,0.375000
15196,1.51960000e+04,18,0.375000
15197,1.51970000e+04,18,0.375000
15198,1.51980000e+04,18,0.375000
15199,1.51990000e+04,18,0.375000
15200,1.52000000e+04,20,0.416667
15201,1.52010000e+04,20,0.416667
15202,1.52020000e+04,20,0.416667
15203,1.52030000e+04,20,0.416667
15204,1.52040000e+04,20,0.416667
15205,1.52050000e+04,17,0.354167
15206,1.52060000e+04,17,0.354167
15207,1.52070000e+04,17,0.354167
15208,1.52080000e+04,17,0.354167
15209,1.52090000e+04,17,0.354167
15210,1.52100000e+04,16,0.333333
15211,1.52110000e+04,16,0.333333
15212,1.52120000e+04,16,0.333333
15213,1.52130000e+04,16,0.333333
15214,1.52140000e+04,16,0.333333
15215,1.52150000e+04,21,0.437500
15216,1.52160000e+04,21,0.437500
15217,1.52170000e+04,21,0.437500
15218,1.52180000e+04,21,0.437500
15219,1.52190000e+04,21,0.437500
15220,1.52200000e+04,16,0.333333
15221,1.52210000e+04,16,0.333333
15222,1.52220000e+04,16,0.333333
15223,1.52230000e+04,16,0.333333
15224,1.52240000e+04,16,0.333333
15225,1.52250000e+04,18,0.375000
15226,1.52260000e+04,18,0.375000
15227,1.52270000e+04,18,0.375000
15228,1.52280000e+04,18,0.375000
15229,1.52290000e+04,18,0.375000
15230,1.52300000e+04,17,0.354167
15231,1.52310000e+04,17,0.354167
15232,1.52320000e+04,17,0.354167
15233,1.52330000e+04,17,0.354167
15234,1.52340000e+04,17,0.354167
15235,1.52350000e+04,20,0.416667
15236,1.52360000e+04,20,0.416667
15237,1.52370000e+04,20,0.416667
15238,1.52380000e+04,20,0.416667
15239,1.52390000e+04,20,0.416667
15240,1.52400000e+04,21,0.437500
15241,1.52410000e+04,21,0.437500
15242,1.52420000e+04,21,0.437500
15243,1.52430000e+04,21,0.437500
15244,1.52440000e+04,21,0.437500
15245,1.52450000e+04,20,0.416667
15246,1.52460000e+04,20,0.416667
15247,1.52470000e+04,20,0.416667
15248,1.52480000e+04,20,0.416667
15249,1.52490000e+04,20,0.416667
15250,1.52500000e+04,21,0.437500
15251,1.52510000e+04,21,0.437500
15252,1.52520000e+04,21,0.437500
15253,1.52530000e+04,21,0.437500
15254,1.52540000e+04,21,0.437500
15255,1.52550000e+04,17,0.354167
15256,1.52560000e+04,17,0.354167
15257,1.52570000e+04,17,0.354167
15258,1.52580000e+04,17,0.354167
15259,1.52590000e+04,17,0.354167
15260,1.52600000e+04,19,0.395833
15261,1.52610000e+04,19,0.395833
15262,1.52620000e+04,19,0.395833
15263,1.52630000e+04,19,0.395833
15264,1.52640000e+04,19,0.395833
15265,1.52650000e+04,18,0.375000
15266,1.52660000e+04,18,0.375000
15267,1.52670000e+04,18,0.375000
15268,1.52680000e+04,18,0.375000
15269,1.52690000e+04,18,0.375000
15270,1.52700000e+04,23,0.479167
15271,1.52710000e+04,23,0.479167
15272,1.52720000e+04,23,0.479167
15273,1.52730000e+04,23,0.479167
15274,1.52740000e+04,23,0.479167
15275,1.52750000e+04,16,0.333333
15276,1.52760000e+04,16,0.333333
15277,1.52770000e+04,16,0.333333
15278,1.52780000e+04,16,0.333333
15279,1.52790000e+04,16,0.333333
15280,1.52800000e+04,15,0.312500
15281,1.52810000e+04,15,0.312500
15282,1.52820000e+04,15,0.312500
15283,1.52830000e+04,15,0.312500
15284,1.52840000e+04,15,0.312500
15285,1.52850000e+04,15,0.312500
15286,1.52860000e+04,15,0.312500
15287,1.52870000e+04,15,0.312500
15288,1.52880000e+04,15,0.312500
15289,1.52890000e+04,15,0.312500
15290,1.52900000e+04,18,0.375000
15291,1.52910000e+04,18,0.375000
15292,1.52920000e+04,18,0.375000
15293,1.52930000e+04,18,0.375000
15294,1.52940000e+04,18,0.375000
15295,1.52950000e+04,16,0.333333
15296,1.52960000e+04,16,0.333333
15297,1.52970000e+04,16,0.333333
15298,1.52980000e+04,16,0.333333
15299,1.52990000e+04,16,0.333333
15300,1.53000000e+04,13,0.270833
15301,1.53010000e+04,13,0.270833
15302,1.53020000e+04,13,0.270833
15303,1.53030000e+04,13,0.270833
15304,1.53040000e+04,13,0.270833
15305,1.53050000e+04,11,0.229167
15306,1.53060000e+04,11,0.229167
15307,1.53070000e+04,11,0.229167
15308,1.53080000e+04,11,0.229167
15309,1.53090000e+04,11,0.229167
15310,1.53100000e+04,15,0.312500
15311,1.53110000e+04,15,0.312500
15312,1.53120000e+04,15,0.312500
15313,1.53130000e+04,15,0.312500
15314,1.53140000e+04,15,0.312500
15315,1.53150000e+04,12,0.250000
15316,1.53160000e+04,12,0.250000
15317,1.53170000e+04,12,0.250000
15318,1.53180000e+04,12,0.250000
15319,1.53190000e+04,12,0.250000
15320,1.53200000e+04,12,0.250000
15321,1.53210000e+04,12,0.250000
15322,1.53220000e+04,12,0.250000
15323,1.53230000e+04,12,0.250000
15324,1.53240000e+04,12,0.250000
15325,1.53250000e+04,9,0.187500
15326,1.53260000e+04,9,0.187500
15327,1.53270000e+04,9,0.187500
15328,1.53280000e+04,9,0.187500
15329,1.53290000e+04,9,0.187500
15330,1.53300000e+04,13,0.270833
15331,1.53310000e+04,13,0.270833
15332,1.53320000e+04,13,0.270833
15333,1.53330000e+04,13,0.270833
15334,1.53340000e+04,13,0.270833
15335,1.53350000e+04,11,0.229167
15336,1.53360000e+04,11,0.229167
15337,1.53370000e+04,11,0.229167
15338,1.53380000e+04,11,0.229167
15339,1.53390000e+04,11,0.229167
15340,1.53400000e+04,12,0.250000
15341,1.53410000e+04,12,0.250000
15342,1.53420000e+04,12,0.250000
15343,1.53430000e+04,12,0.250000
15344,1.53440000e+04,12,0.250000
15345,1.53450000e+04,11,0.229167
15346,1.53460000e+04,11,0.229167
15347,1.53470000e+04,11,0.229167
15348,1.53480000e+04,11,0.229167
15349,1.53490000e+04,11,0.229167
15350,1.53500000e+04,12,0.250000
15351,1.53510000e+04,12,0.250000
15352,1.53520000e+04,12,0.250000
15353,1.53530000e+04,12,0.250000
15354,1.53540000e+04,12,0.250000
15355,1.53550000e+04,12,0.250000
15356,1.53560000e+04,12,0.250000
15357,1.53570000e+04,12,0.250000
15358,1.53580000e+04,12,0.250000
15359,1.53590000e+04,12,0.250000
15360,1.53600000e+04,10,0.208333
15361,1.53610000e+04,10,0.208333
15362,1.53620000e+04,10,0.208333
15363,1.53630000e+04,10,0.208333
15364,1.53640000e+04,10,0.208333
15365,1.53650000e+04,10,0.208333
15366,1.53660000e+04,10,0.208333
15367,1.53670000e+04,10,0.208333
15368,1.53680000e+04,10,0.208333
15369,1.53690000e+04,10,0.208333
15370,1.53700000e+04,8,0.166667
15371,1.53710000e+04,8,0.166667
15372,1.53720000e+04,8,0.166667
15373,1.53730000e+04,8,0.166667
15374,1.53740000e+04,8,0.166667
15375,1.53750000e+04,9,0.187500
15376,1.53760000e+04,9,0.187500
15377,1.53770000e+04,9,0.187500
15378,1.53780000e+04,9,0.187500
15379,1.53790000e+04,9,0.187500
15380,1.53800000e+04,8,0.166667
15381,1.53810000e+04,8,0.166667
15382,1.53820000e+04,8,0.166667
15383,1.53830000e+04,8,0.166667
15384,1.53840000e+04,8,0.166667
15385,1.53850000e+04,14,0.291667
15386,1.53860000e+04,14,0.291667
15387,1.53870000e+04,14,0.291667
15388,1.53880000e+04,14,0.291667
15389,1.53890000e+04,14,0.291667
15390,1.53900000e+04,11,0.229167
15391,1.53910000e+04,11,0.229167
15392,1.53920000e+04,11,0.229167
15393,1.53930000e+04,11,0.229167
15394,1.53940000e+04,11,0.229167
15395,1.53950000e+04,12,0.250000
15396,1.53960000e+04,12,0.250000
15397,1.53970000e+04,12,0.250000
15398,1.53980000e+04,12,0.250000
15399,1.53990000e+04,12,0.250000
15400,1.54000000e+04,11,0.229167
15401,1.54010000e+04,11,0.229167
15402,1.54020000e+04,11,0.229167
15403,1.54030000e+04,11,0.229167
15404,1.54040000e+04,11,0.229167
15405,1.54050000e+04,11,0.229167
15406,1.54060000e+04,11,0.229167
15407,1.54070000e+04,11,0.229167
15408,1.54080000e+04,11,0.229167
15409,1.54090000e+04,11,0.229167
15410,1.54100000e+04,9,0.187500
15411,1.54110000e+04,9,0.187500
15412,1.54120000e+04,9,0.187500
15413,1.54130000e+04,9,0.187500
15414,1.54140000e+04,9,0.187500
15415,1.54150000e+04,8,0.166667
15416,1.54160000e+04,8,0.166667
15417,1.54170000e+04,8,0.166667
15418,1.54180000e+04,8,0.166667
15419,1.54190000e+04,8,0.166667
15420,1.54200000e+04,11,0.229167
15421,1.54210000e+04,11,0.229167
15422,1.54220000e+04,11,0.229167
15423,1.54230000e+04,11,0.229167
15424,1.54240000e+04,11,0.229167
15425,1.54250000e+04,7,0.145833
15426,1.54260000e+04,7,0.145833
15427,1.54270000e+04,7,0.145833
15428,1.54280000e+04,7,0.145833
15429,1.54290000e+04,7,0.145833
15430,1.54300000e+04,9,0.187500
15431,1.54310000e+04,9,0.187500
15432,1.54320000e+04,9,0.187500
15433,1.54330000e+04,9,0.187500
15434,1.54340000e+04,9,0.187500
15435,1.54350000e+04,6,0.125000
15436,1.54360000e+04,6,0.125000
15437,1.54370000e+04,6,0.125000
15438,1.54380000e+04,6,0.125000
15439,1.54390000e+04,6,0.125000
15440,1.54400000e+04,6,0.125000
15441,1.54410000e+04,6,0.125000
15442,1.54420000e+04,6,0.125000
15443,1.54430000e+04,6,0.125000
15444,1.54440000e+04,6,0.125000
15445,1.54450000e+04,6,0.125000
15446,1.54460000e+04,6,0.125000
15447,1.54470000e+04,6,0.125000
15448,1.54480000e+04,6,0.125000
15449,1.54490000e+04,6,0.125000
15450,1.54500000e+04,4,0.083333
15451,1.54510000e+04,4,0.083333
15452,1.54520000e+04,4,0.083333
15453,1.54530000e+04,4,0.083333
15454,1.54540000e+04,4,0.083333
15455,1.54550000e+04,8,0.166667
15456,1.54560000e+04,8,0.166667
15457,1.54570000e+04,8,0.166667
15458,1.54580000e+04,8,0.166667
15459,1.54590000e+04,8,0.166667
15460,1.54600000e+04,5,0.104167
15461,1.54610000e+04,5,0.104167
15462,1.54620000e+04,5,0.104167
15463,1.54630000e+04,5,0.104167
15464,1.54640000e+04,5,0.104167
15465,1.54650000e+04,7,0.145833
15466,1.54660000e+04,7,0.145833
15467,1.54670000e+04,7,0.145833
15468,1.54680000e+04,7,0.145833
15469,1.54690000e+04,7,0.145833
15470,1.54700000e+04,5,0.104167
15471,1.54710000e+04,5,0.104167
15472,1.54720000e+04,5,0.104167
15473,1.54730000e+04,5,0.104167
15474,1.54740000e+04,5,0.104167
15475,1.54750000e+04,7,0.145833
15476,1.54760000e+04,7,0.145833
15477,1.54770000e+04,7,0.145833
15478,1.54780000e+04,7,0.145833
15479,1.54790000e+04,7,0.145833
15480,1.54800000e+04,8,0.166667
15481,1.54810000e+04,8,0.166667
15482,1.54820000e+04,8,0.166667
15483,1.54830000e+04,8,0.166667
15484,1.54840000e+04,8,0.166667
15485,1.54850000e+04,9,0.187500
15486,1.54860000e+04,9,0.187500
15487,1.54870000e+04,9,0.187500
15488,1.54880000e+04,9,0.187500
15489,1.54890000e+04,9,0.187500
15490,1.54900000e+04,7,0.145833
15491,1.54910000e+04,7,0.145833
15492,1.54920000e+04,7,0.145833
15493,1.54930000e+04,7,0.145833
15494,1.54940000e+04,7,0.145833
15495,1.54950000e+04,6,0.125000
15496,1.54960000e+04,6,0.125000
15497,1.54970000e+04,6,0.125000
15498,1.54980000e+04,6,0.125000
15499,1.54990000e+04,6,0.125000
15500,1.55000000e+04,7,0.145833
15501,1.55010000e+04,7,0.145833
15502,1.55020000e+04,7,0.145833
15503,1.55030000e+04,7,0.145833
15504,1.55040000e+04,7,0.145833
15505,1.55050000e+04,7,0.145833
15506,1.55060000e+04,7,0.145833
15507,1.55070000e+04,7,0.145833
15508,1.55080000e+04,7,0.145833
15509,1.55090000e+04,7,0.145833
15510,1.55100000e+04,5,0.104167
15511,1.55110000e+04,5,0.104167
15512,1.55120000e+04,5,0.104167
15513,1.55130000e+04,5,0.104167
15514,1.55140000e+04,5,0.104167
15515,1.55150000e+04,5,0.104167
15516,1.55160000e+04,5,0.104167
15517,1.55170000e+04,5,0.104167
15518,1.55180000e+04,5,0.104167
15519,1.55190000e+04,5,0.104167
15520,1.55200000e+04,6,0.125000
15521,1.55210000e+04,6,0.125000
15522,1.55220000e+04,6,0.125000
15523,1.55230000e+04,6,0.125000
15524,1.55240000e+04,6,0.125000
15525,1.55250000e+04,5,0.104167
15526,1.55260000e+04,5,0.104167
15527,1.55270000e+04,5,0.104167
15528,1.55280000e+04,5,0.104167
15529,1.55290000e+04,5,0.104167
15530,1.55300000e+04,4,0.083333
15531,1.55310000e+04,4,0.083333
15532,1.55320000e+04,4,0.083333
15533,1.55330000e+04,4,0.083333
15534,1.55340000e+04,4,0.083333
15535,1.55350000e+04,7,0.145833
15536,1.55360000e+04,7,0.145833
15537,1.55370000e+04,7,0.145833
15538,1.55380000e+04,7,0.145833
15539,1.55390000e+04,7,0.145833
15540,1.55400000e+04,5,0.104167
15541,1.55410000e+04,5,0.104167
15542,1.55420000e+04,5,0.104167
15543,1.55430000e+04,5,0.104167
15544,1.55440000e+04,5,0.104167
15545,1.55450000e+04,4,0.083333
15546,1.55460000e+04,4,0.083333
15547,1.55470000e+04,4,0.083333
15548,1.55480000e+04,4,0.083333
15549,1.55490000e+04,4,0.083333
15550,1.55500000e+04,6,0.125000
15551,1.55510000e+04,6,0.125000
15552,1.55520000e+04,6,0.125000
15553,1.55530000e+04,6,0.125000
15554,1.55540000e+04,6,0.125000
15555,1.55550000e+04,2,0.041667
15556,1.55560000e+04,2,0.041667
15557,1.55570000e+04,2,0.041667
15558,1.55580000e+04,2,0.041667
15559,1.55590000e+04,2,0.041667
15560,1.55600000e+04,4,0.083333
15561,1.55610000e+04,4,0.083333
15562,1.55620000e+04,4,0.083333
15563,1.55630000e+04,4,0.083333
15564,1.55640000e+04,4,0.083333
15565,1.55650000e+04,3,0.062500
15566,1.55660000e+04,3,0.062500
15567,1.55670000e+04,3,0.062500
15568,1.55680000e+04,3,0.062500
15569,1.55690000e+04,3,0.062500
15570,1.55700000e+04,4,0.083333
15571,1.55710000e+04,4,0.083333
15572,1.55720000e+04,4,0.083333
15573,1.55730000e+04,4,0.083333
15574,1.55740000e+04,4,0.083333
15575,1.55750000e+04,5,0.104167
15576,1.55760000e+04,5,0.104167
15577,1.55770000e+04,5,0.104167
15578,1.55780000e+04,5,0.104167
15579,1.55790000e+04,5,0.104167
15580,1.55800000e+04,4,0.083333
15581,1.55810000e+04,4,0.083333
15582,1.55820000e+04,4,0.083333
15583,1.55830000e+04,4,0.083333
15584,1.55840000e+04,4,0.083333
15585,1.55850000e+04,6,0.125000
15586,1.55860000e+04,6,0.125000
15587,1.55870000e+04,6,0.125000
15588,1.55880000e+04,6,0.125000
15589,1.55890000e+04,6,0.125000
15590,1.55900000e+04,4,0.083333
15591,1.55910000e+04,4,0.083333
15592,1.55920000e+04,4,0.083333
15593,1.55930000e+04,4,0.083333
15594,1.55940000e+04,4,0.083333
15595,1.55950000e+04,5,0.104167
15596,1.55960000e+04,5,0.104167
15597,1.55970000e+04,5,0.104167
15598,1.55980000e+04,5,0.104167
15599,1.55990000e+04,5,0.104167
15600,1.56000000e+04,3,0.062500
15601,1.56010000e+04,3,0.062500
15602,1.56020000e+04,3,0.062500
15603,1.56030000e+04,3,0.062500
15604,1.56040000e+04,3,0.062500
15605,1.56050000e+04,4,0.083333
15606,1.56060000e+04,4,0.083333
15607,1.56070000e+04,4,0.083333
15608,1.56080000e+04,4,0.083333
15609,1.56090000e+04,4,0.083333
15610,1.56100000e+04,7,0.145833
15611,1.56110000e+04,7,0.145833
15612,1.56120000e+04,7,0.145833
15613,1.56130000e+04,7,0.145833
15614,1.56140000e+04,7,0.145833
15615,1.56150000e+04,5,0.104167
15616,1.56160000e+04,5,0.104167
15617,1.56170000e+04,5,0.104167
15618,1.56180000e+04,5,0.104167
15619,1.56190000e+04,5,0.104167
15620,1.56200000e+04,3,0.062500
15621,1.56210000e+04,3,0.062500
15622,1.56220000e+04,3,0.062500
15623,1.56230000e+04,3,0.062500
15624,1.56240000e+04,3,0.062500
15625,1.56250000e+04,3,0.062500
15626,1.56260000e+04,3,0.062500
15627,1.56270000e+04,3,0.062500
15628,1.56280000e+04,3,0.062500
15629,1.56290000e+04,3,0.062500
15630,1.56300000e+04,6,0.125000
15631,1.56310000e+04,6,0.125000
15632,1.56320000e+04,6,0.125000
15633,1.56330000e+04,6,0.125000
15634,1.56340000e+04,6,0.125000
15635,1.56350000e+04,4,0.083333
15636,1.56360000e+04,4,0.083333
15637,1.56370000e+04,4,0.083333
15638,1.56380000e+04,4,0.083333
15639,1.56390000e+04,4,0.083333
15640,1.56400000e+04,6,0.125000
15641,1.56410000e+04,6,0.125000
15642,1.56420000e+04,6,0.125000
15643,1.56430000e+04,6,0.125000
15644,1.56440000e+04,6,0.125000
15645,1.56450000e+04,3,0.062500
15646,1.56460000e+04,3,0.062500
15647,1.56470000e+04,3,0.062500
15648,1.56480000e+04,3,0.062500
15649,1.56490000e+04,3,0.062500
15650,1.56500000e+04,2,0.041667
15651,1.56510000e+04,2,0.041667
15652,1.56520000e+04,2,0.041667
15653,1.56530000e+04,2,0.041667
15654,1.56540000e+04,2,0.041667
15655,1.56550000e+04,4,0.083333
15656,1.56560000e+04,4,0.083333
15657,1.56570000e+04,4,0.083333
15658,1.56580000e+04,4,0.083333
15659,1.56590000e+04,4,0.083333
15660,1.56600000e+04,3,0.062500
15661,1.56610000e+04,3,0.062500
15662,1.56620000e+04,3,0.062500
15663,1.56630000e+04,3,0.062500
15664,1.56640000e+04,3,0.062500
15665,1.56650000e+04,2,0.041667
15666,1.56660000e+04,2,0.041667
15667,1.56670000e+04,2,0.041667
15668,1.56680000e+04,2,0.041667
15669,1.56690000e+04,2,0.041667
15670,1.56700000e+04,3,0.062500
15671,1.56710000e+04,3,0.062500
15672,1.56720000e+04,3,0.062500
15673,1.56730000e+04,3,0.062500
15674,1.56740000e+04,3,0.062500
15675,1.56750000e+04,2,0.041667
15676,1.56760000e+04,2,0.041667
15677,1.56770000e+04,2,0.041667
15678,1.56780000e+04,2,0.041667
15679,1.56790000e+04,2,0.041667
15680,1.56800000e+04,3,0.062500
15681,1.56810000e+04,3,0.062500
15682,1.56820000e+04,3,0.062500
15683,1.56830000e+04,3,0.062500
15684,1.56840000e+04,3,0.062500
15685,1.56850000e+04,5,0.104167
15686,1.56860000e+04,5,0.104167
15687,1.56870000e+04,5,0.104167
15688,1.56880000e+04,5,0.104167
15689,1.56890000e+04,5,0.104167
15690,1.56900000e+04,1,0.020833
15691,1.56910000e+04,1,0.020833
15692,1.56920000e+04,1,0.020833
15693,1.56930000e+04,1,0.020833
15694,1.56940000e+04,1,0.020833
15695,1.56950000e+04,5,0.104167
15696,1.56960000e+04,5,0.104167
15697,1.56970000e+04,5,0.104167
15698,1.56980000e+04,5,0.104167
15699,1.56990000e+04,5,0.104167
15700,1.57000000e+04,1,0.020833
15701,1.57010000e+04,1,0.020833
15702,1.57020000e+04,1,0.020833
15703,1.57030000e+04,1,0.020833
15704,1.57040000e+04,1,0.020833
15705,1.57050000e+04,4,0.083333
15706,1.57060000e+04,4,0.083333
15707,1.57070000e+04,4,0.083333
15708,1.57080000e+04,4,0.083333
15709,1.57090000e+04,4,0.083333
15710,1.57100000e+04,3,0.062500
15711,1.57110000e+04,3,0.062500
15712,1.57120000e+04,3,0.062500
15713,1.57130000e+04,3,0.062500
15714,1.57140000e+04,3,0.062500
15715,1.57150000e+04,-1,-0.020833
15716,1.57160000e+04,-1,-0.020833
15717,1.57170000e+04,-1,-0.020833
15718,1.57180000e+04,-1,-0.020833
15719,1.57190000e+04,-1,-0.020833
15720,1.57200000e+04,1,0.020833
15721,1.57210000e+04,1,0.020833
15722,1.57220000e+04,1,0.020833
15723,1.57230000e+04,1,0.020833
15724,1.57240000e+04,1,0.020833
15725,1.57250000e+04,1,0.020833
15726,1.57260000e+04,1,0.020833
15727,1.57270000e+04,1,0.020833
15728,1.57280000e+04,1,0.020833
15729,1.57290000e+04,1,0.020833
15730,1.57300000e+04,1,0.020833
15731,1.57310000e+04,1,0.020833
15732,1.57320000e+04,1,0.020833
15733,1.57330000e+04,1,0.020833
15734,1.57340000e+04,1,0.020833
15735,1.57350000e+04,4,0.083333
15736,1.57360000e+04,4,0.083333
15737,1.57370000e+04,4,0.083333
15738,1.57380000e+04,4,0.083333
15739,1.57390000e+04,4,0.083333
15740,1.57400000e+04,1,0.020833
15741,1.57410000e+04,1,0.020833
15742,1.57420000e+04,1,0.020833
15743,1.57430000e+04,1,0.020833
15744,1.57440000e+04,1,0.020833
15745,1.57450000e+04,1,0.020833
15746,1.57460000e+04,1,0.020833
15747,1.57470000e+04,1,0.020833
15748,1.57480000e+04,1,0.020833
15749,1.57490000e+04,1,0.020833
15750,1.57500000e+04,2,0.041667
15751,1.57510000e+04,2,0.041667
15752,1.57520000e+04,2,0.041667
15753,1.57530000e+04,2,0.041667
15754,1.57540000e+04,2,0.041667
15755,1.57550000e+04,1,0.020833
15756,1.57560000e+04,1,0.020833
15757,1.57570000e+04,1,0.020833
15758,1.57580000e+04,1,0.020833
15759,1.57590000e+04,1,0.020833
15760,1.57600000e+04,0,0.000000
15761,1.57610000e+04,0,0.000000
15762,1.57620000e+04,0,0.000000
15763,1.57630000e+04,0,0.000000
15764,1.57640000e+04,0,0.000000
15765,1.57650000e+04,-2,-0.041667
15766,1.57660000e+04,-2,-0.041667
15767,1.57670000e+04,-2,-0.041667
15768,1.57680000e+04,-2,-0.041667
15769,1.57690000e+04,-2,-0.041667
15770,1.57700000e+04,1,0.020833
15771,1.57710000e+04,1,0.020833
15772,1.57720000e+04,1,0.020833
15773,1.57730000e+04,1,0.020833
15774,1.57740000e+04,1,0.020833
15775,1.57750000e+04,-2,-0.041667
15776,1.57760000e+04,-2,-0.041667
15777,1.57770000e+04,-2,-0.041667
15778,1.57780000e+04,-2,-0.041667
15779,1.57790000e+04,-2,-0.041667
15780,1.57800000e+04,-1,-0.020833
15781,1.57810000e+04,-1,-0.020833
15782,1.57820000e+04,-1,-0.020833
15783,1.57830000e+04,-1,-0.020833
15784,1.57840000e+04,-1,-0.020833
15785,1.57850000e+04,-5,-0.104167
15786,1.57860000e+04,-5,-0.104167
15787,1.57870000e+04,-5,-0.104167
15788,1.57880000e+04,-5,-0.104167
15789,1.57890000e+04,-5,-0.104167
15790,1.57900000e+04,-6,-0.125000
15791,1.57910000e+04,-6,-0.125000
15792,1.57920000e+04,-6,-0.125000
15793,1.57930000e+04,-6,-0.125000
15794,1.57940000e+04,-6,-0.125000
15795,1.57950000e+04,-5,-0.104167
15796,1.57960000e+04,-5,-0.104167
15797,1.57970000e+04,-5,-0.104167
15798,1.57980000e+04,-5,-0.104167
15799,1.57990000e+04,-5,-0.104167
15800,1.58000000e+04,-5,-0.104167
15801,1.58010000e+04,-5,-0.104167
15802,1.58020000e+04,-5,-0.104167
15803,1.58030000e+04,-5,-0.104167
15804,1.58040000e+04,-5,-0.104167
15805,1.58050000e+04,-8,-0.166667
15806,1.58060000e+04,-8,-0.166667
15807,1.58070000e+04,-8,-0.166667
15808,1.58080000e+04,-8,-0.166667
15809,1.58090000e+04,-8,-0.166667
15810,1.58100000e+04,-5,-0.104167
15811,1.58110000e+04,-5,-0.104167
15812,1.58120000e+04,-5,-0.104167
15813,1.58130000e+04,-5,-0.104167
15814,1.58140000e+04,-5,-0.104167
15815,1.58150000e+04,-6,-0.125000
15816,1.58160000e+04,-6,-0.125000
15817,1.58170000e+04,-6,-0.125000
15818,1.58180000e+04,-6,-0.125000
15819,1.58190000e+04,-6,-0.125000
15820,1.58200000e+04,-5,-0.104167
15821,1.58210000e+04,-5,-0.104167
15822,1.58220000e+04,-5,-0.104167
15823,1.58230000e+04,-5,-0.104167
15824,1.58240000e+04,-5,-0.104167
15825,1.58250000e+04,-7,-0.145833
15826,1.58260000e+04,-7,-0.145833
15827,1.58270000e+04,-7,-0.145833
15828,1.58280000e+04,-7,-0.145833
15829,1.58290000e+04,-7,-0.145833
15830,1.58300000e+04,-7,-0.145833
15831,1.58310000e+04,-7,-0.145833
15832,1.58320000e+04,-7,-0.145833
15833,1.58330000e+04,-7,-0.145833
15834,1.58340000e+04,-7,-0.145833
15835,1.58350000e+04,-5,-0.104167
15836,1.58360000e+04,-5,-0.104167
15837,1.58370000e+04,-5,-0.104167
15838,1.58380000e+04,-5,-0.104167
15839,1.58390000e+04,-5,-0.104167
15840,1.58400000e+04,-7,-0.145833
15841,1.58410000e+04,-7,-0.145833
15842,1.58420000e+04,-7,-0.145833
15843,1.58430000e+04,-7,-0.145833
15844,1.58440000e+04,-7,-0.145833
15845,1.58450000e+04,-8,-0.166667
15846,1.58460000e+04,-8,-0.166667
15847,1.58470000e+04,-8,-0.166667
15848,1.58480000e+04,-8,-0.166667
15849,1.58490000e+04,-8,-0.166667
15850,1.58500000e+04,-5,-0.104167
15851,1.58510000e+04,-5,-0.104167
15852,1.58520000e+04,-5,-0.104167
15853,1.58530000e+04,-5,-0.104167
15854,1.58540000e+04,-5,-0.104167
15855,1.58550000e+04,-8,-0.166667
15856,1.58560000e+04,-8,-0.166667
15857,1.58570000e+04,-8,-0.166667
15858,1.58580000e+04,-8,-0.166667
15859,1.58590000e+04,-8,-0.166667
15860,1.58600000e+04,-8,-0.166667
15861,1.58610000e+04,-8,-0.166667
15862,1.58620000e+04,-8,-0.166667
15863,1.58630000e+04,-8,-0.166667
15864,1.58640000e+04,-8,-0.166667
15865,1.58650000e+04,-8,-0.166667
15866,1.58660000e+04,-8,-0.166667
15867,1.58670000e+04,-8,-0.166667
15868,1.58680000e+04,-8,-0.166667
15869,1.58690000e+04,-8,-0.166667
15870,1.58700000e+04,-11,-0.229167
15871,1.58710000e+04,-11,-0.229167
15872,1.58720000e+04,-11,-0.229167
15873,1.58730000e+04,-11,-0.229167
15874,1.58740000e+04,-11,-0.229167
15875,1.58750000e+04,-7,-0.145833
15876,1.58760000e+04,-7,-0.145833
15877,1.58770000e+04,-7,-0.145833
15878,1.58780000e+04,-7,-0.145833
15879,1.58790000e+04,-7,-0.145833
15880,1.58800000e+04,-7,-0.145833
15881,1.58810000e+04,-7,-0.145833
15882,1.58820000e+04,-7,-0.145833
15883,1.58830000e+04,-7,-0.145833
15884,1.58840000e+04,-7,-0.145833
15885,1.58850000e+04,-11,-0.229167
15886,1.58860000e+04,-11,-0.229167
15887,1.58870000e+04,-11,-0.229167
15888,1.58880000e+04,-11,-0.229167
15889,1.58890000e+04,-11,-0.229167
15890,1.58900000e+04,-10,-0.208333
15891,1.58910000e+04,-10,-0.208333
15892,1.58920000e+04,-10,-0.208333
15893,1.58930000e+04,-10,-0.208333
15894,1.58940000e+04,-10,-0.208333
15895,1.58950000e+04,-9,-0.187500
15896,1.58960000e+04,-9,-0.187500
15897,1.58970000e+04,-9,-0.187500
15898,1.58980000e+04,-9,-0.187500
15899,1.58990000e+04,-9,-0.187500
15900,1.59000000e+04,-13,-0.270833
15901,1.59010000e+04,-13,-0.270833
15902,1.59020000e+04,-13,-0.270833
15903,1.59030000e+04,-13,-0.270833
15904,1.59040000e+04,-13,-0.270833
15905,1.59050000e+04,-12,-0.250000
15906,1.59060000e+04,-12,-0.250000
15907,1.59070000e+04,-12,-0.250000
15908,1.59080000e+04,-12,-0.250000
15909,1.59090000e+04,-12,-0.250000
15910,1.59100000e+04,-13,-0.270833
15911,1.59110000e+04,-13,-0.270833
15912,1.59120000e+04,-13,-0.270833
15913,1.59130000e+04,-13,-0.270833
15914,1.59140000e+04,-13,-0.270833
15915,1.59150000e+04,-13,-0.270833
15916,1.59160000e+04,-13,-0.270833
15917,1.59170000e+04,-13,-0.270833
15918,1.59180000e+04,-13,-0.270833
15919,1.59190000e+04,-13,-0.270833
15920,1.59200000e+04,-12,-0.250000
15921,1.59210000e+04,-12,-0.250000
15922,1.59220000e+04,-12,-0.250000
15923,1.59230000e+04,-12,-0.250000
15924,1.59240000e+04,-12,-0.250000
15925,1.59250000e+04,-12,-0.250000
15926,1.59260000e+04,-12,-0.250000
15927,1.59270000e+04,-12,-0.250000
15928,1.59280000e+04,-12,-0.250000
15929,1.59290000e+04,-12,-0.250000
15930,1.59300000e+04,-15,-0.312500
15931,1.59310000e+04,-15,-0.312500
15932,1.59320000e+04,-15,-0.312500
15933,1.59330000e+04,-15,-0.312500
15934,1.59340000e+04,-15,-0.312500
15935,1.59350000e+04,-12,-0.250000
15936,1.59360000e+04,-12,-0.250000
15937,1.59370000e+04,-12,-0.250000
15938,1.59380000e+04,-12,-0.250000
15939,1.59390000e+04,-12,-0.250000
15940,1.59400000e+04,-14,-0.291667
15941,1.59410000e+04,-14,-0.291667
15942,1.59420000e+04,-14,-0.291667
15943,1.59430000e+04,-14,-0.291667
15944,1.59440000e+04,-14,-0.291667
15945,1.59450000e+04,-12,-0.250000
15946,1.59460000e+04,-12,-0.250000
15947,1.59470000e+04,-12,-0.250000
15948,1.59480000e+04,-12,-0.250000
15949,1.59490000e+04,-12,-0.250000
15950,1.59500000e+04,-13,-0.270833
15951,1.59510000e+04,-13,-0.270833
15952,1.59520000e+04,-13,-0.270833
15953,1.59530000e+04,-13,-0.270833
15954,1.59540000e+04,-13,-0.270833
15955,1.59550000e+04,-9,-0.187500
15956,1.59560000e+04,-9,-0.187500
15957,1.59570000e+04,-9,-0.187500
15958,1.59580000e+04,-9,-0.187500
15959,1.59590000e+04,-9,-0.187500
15960,1.59600000e+04,-13,-0.270833
15961,1.59610000e+04,-13,-0.270833
15962,1.59620000e+04,-13,-0.270833
15963,1.59630000e+04,-13,-0.270833
15964,1.59640000e+04,-13,-0.270833
15965,1.59650000e+04,-14,-0.291667
15966,1.59660000e+04,-14,-0.291667
15967,1.59670000e+04,-14,-0.291667
15968,1.59680000e+04,-14,-0.291667
15969,1.59690000e+04,-14,-0.291667
15970,1.59700000e+04,-14,-0.291667
15971,1.59710000e+04,-14,-0.291667
15972,1.59720000e+04,-14,-0.291667
15973,1.59730000e+04,-14,-0.291667
15974,1.59740000e+04,-14,-0.291667
15975,1.59750000e+04,-15,-0.312500
15976,1.59760000e+04,-15,-0.312500
15977,1.59770000e+04,-15,-0.312500
15978,1.59780000e+04,-15,-0.312500
15979,1.59790000e+04,-15,-0.312500
15980,1.59800000e+04,-13,-0.270833
15981,1.59810000e+04,-13,-0.270833
15982,1.59820000e+04,-13,-0.270833
15983,1.59830000e+04,-13,-0.270833
15984,1.59840000e+04,-13,-0.270833
15985,1.59850000e+04,-12,-0.250000
15986,1.59860000e+04,-12,-0.250000
15987,1.59870000e+04,-12,-0.250000
15988,1.59880000e+04,-12,-0.250000
15989,1.59890000e+04,-12,-0.250000
15990,1.59900000e+04,-15,-0.312500
15991,1.59910000e+04,-15,-0.312500
15992,1.59920000e+04,-15,-0.312500
15993,1.59930000e+04,-15,-0.312500
15994,1.59940000e+04,-15,-0.312500
15995,1.59950000e+04,-15,-0.312500
15996,1.59960000e+04,-15,-0.312500
15997,1.59970000e+04,-15,-0.312500
15998,1.59980000e+04,-15,-0.312500
15999,1.59990000e+04,-15,-0.312500
16000,1.60000000e+04,-14,-0.291667
16001,1.60010000e+04,-14,-0.291667
16002,1.60020000e+04,-14,-0.291667
16003,1.60030000e+04,-14,-0.291667
16004,1.60040000e+04,-14,-0.291667
16005,1.60050000e+04,-15,-0.312500
16006,1.60060000e+04,-15,-0.312500
16007,1.60070000e+04,-15,-0.312500
16008,1.60080000e+04,-15,-0.312500
16009,1.60090000e+04,-15,-0.312500
16010,1.60100000e+04,-17,-0.354167
16011,1.60110000e+04,-17,-0.354167
16012,1.60120000e+04,-17,-0.354167
16013,1.60130000e+04,-17,-0.354167
16014,1.60140000e+04,-17,-0.354167
16015,1.60150000e+04,-16,-0.333333
16016,1.60160000e+04,-16,-0.333333
16017,1.60170000e+04,-16,-0.333333
16018,1.60180000e+04,-16,-0.333333
16019,1.60190000e+04,-16,-0.333333
16020,1.60200000e+04,-14,-0.291667
16021,1.60210000e+04,-14,-0.291667
16022,1.60220000e+04,-14,-0.291667
16023,1.60230000e+04,-14,-0.291667
16024,1.60240000e+04,-14,-0.291667
16025,1.60250000e+04,-21,-0.437500
16026,1.60260000e+04,-21,-0.437500
16027,1.60270000e+04,-21,-0.437500
16028,1.60280000e+04,-21,-0.437500
16029,1.60290000e+04,-21,-0.437500
16030,1.60300000e+04,-16,-0.333333
16031,1.60310000e+04,-16,-0.333333
16032,1.60320000e+04,-16,-0.333333
16033,1.60330000e+04,-16,-0.333333
16034,1.60340000e+04,-16,-0.333333
16035,1.60350000e+04,-13,-0.270833
16036,1.60360000e+04,-13,-0.270833
16037,1.60370000e+04,-13,-0.270833
16038,1.60380000e+04,-13,-0.270833
16039,1.60390000e+04,-13,-0.270833
16040,1.60400000e+04,-15,-0.312500
16041,1.60410000e+04,-15,-0.312500
16042,1.60420000e+04,-15,-0.312500
16043,1.60430000e+04,-15,-0.312500
16044,1.60440000e+04,-15,-0.312500
16045,1.60450000e+04,-15,-0.312500
16046,1.60460000e+04,-15,-0.312500
16047,1.60470000e+04,-15,-0.312500
16048,1.60480000e+04,-15,-0.312500
16049,1.60490000e+04,-15,-0.312500
16050,1.60500000e+04,-15,-0.312500
16051,1.60510000e+04,-15,-0.312500
16052,1.60520000e+04,-15,-0.312500
16053,1.60530000e+04,-15,-0.312500
16054,1.60540000e+04,-15,-0.312500
16055,1.60550000e+04,-11,-0.229167
16056,1.60560000e+04,-11,-0.229167
16057,1.60570000e+04,-11,-0.229167
16058,1.60580000e+04,-11,-0.229167
16059,1.60590000e+04,-11,-0.229167
16060,1.60600000e+04,-17,-0.354167
16061,1.60610000e+04,-17,-0.354167
16062,1.60620000e+04,-17,-0.354167
16063,1.60630000e+04,-17,-0.354167
16064,1.60640000e+04,-17,-0.354167
16065,1.60650000e+04,-11,-0.229167
16066,1.60660000e+04,-11,-0.229167
16067,1.60670000e+04,-11,-0.229167
16068,1.60680000e+04,-11,-0.229167
16069,1.60690000e+04,-11,-0.229167
16070,1.60700000e+04,-16,-0.333333
16071,1.60710000e+04,-16,-0.333333
16072,1.60720000e+04,-16,-0.333333
16073,1.60730000e+04,-16,-0.333333
16074,1.60740000e+04,-16,-0.333333
16075,1.60750000e+04,-14,-0.291667
16076,1.60760000e+04,-14,-0.291667
16077,1.60770000e+04,-14,-0.291667
16078,1.60780000e+04,-14,-0.291667
16079,1.60790000e+04,-14,-0.291667
16080,1.60800000e+04,-15,-0.312500
16081,1.60810000e+04,-15,-0.312500
16082,1.60820000e+04,-15,-0.312500
16083,1.60830000e+04,-15,-0.312500
16084,1.60840000e+04,-15,-0.312500
16085,1.60850000e+04,-17,-0.354167
16086,1.60860000e+04,-17,-0.354167
16087,1.60870000e+04,-17,-0.354167
16088,1.60880000e+04,-17,-0.354167
16089,1.60890000e+04,-17,-0.354167
16090,1.60900000e+04,-11,-0.229167
16091,1.60910000e+04,-11,-0.229167
16092,1.60920000e+04,-11,-0.229167
16093,1.60930000e+04,-11,-0.229167
16094,1.60940000e+04,-11,-0.229167
16095,1.60950000e+04,-16,-0.333333
16096,1.60960000e+04,-16,-0.333333
16097,1.60970000e+04,-16,-0.333333
16098,1.60980000e+04,-16,-0.333333
16099,1.60990000e+04,-16,-0.333333
16100,1.61000000e+04,-14,-0.291667
16101,1.61010000e+04,-14,-0.291667
16102,1.61020000e+04,-14,-0.291667
16103,1.61030000e+04,-14,-0.291667
16104,1.61040000e+04,-14,-0.291667
16105,1.61050000e+04,-12,-0.250000
16106,1.61060000e+04,-12,-0.250000
16107,1.61070000e+04,-12,-0.250000
16108,1.61080000e+04,-12,-0.250000
16109,1.61090000e+04,-12,-0.250000
16110,1.61100000e+04,-16,-0.333333
16111,1.61110000e+04,-16,-0.333333
16112,1.61120000e+04,-16,-0.333333
16113,1.61130000e+04,-16,-0.333333
16114,1.61140000e+04,-16,-0.333333
16115,1.61150000e+04,-17,-0.354167
16116,1.61160000e+04,-17,-0.354167
16117,1.61170000e+04,-17,-0.354167
16118,1.61180000e+04,-17,-0.354167
16119,1.61190000e+04,-17,-0.354167
16120,1.61200000e+04,-16,-0.333333
16121,1.61210000e+04,-16,-0.333333
16122,1.61220000e+04,-16,-0.333333
16123,1.61230000e+04,-16,-0.333333
16124,1.61240000e+04,-16,-0.333333
16125,1.61250000e+04,-17,-0.354167
16126,1.61260000e+04,-17,-0.354167
16127,1.61270000e+04,-17,-0.354167
16128,1.61280000e+04,-17,-0.354167
16129,1.61290000e+04,-17,-0.354167
16130,1.61300000e+04,-16,-0.333333
16131,1.61310000e+04,-16,-0.333333
16132,1.61320000e+04,-16,-0.333333
16133,1.61330000e+04,-16,-0.333333
16134,1.61340000e+04,-16,-0.333333
16135,1.61350000e+04,-12,-0.250000
16136,1.61360000e+04,-12,-0.250000
16137,1.61370000e+04,-12,-0.250000
16138,1.61380000e+04,-12,-0.250000
16139,1.61390000e+04,-12,-0.250000
16140,1.61400000e+04,-16,-0.333333
16141,1.61410000e+04,-16,-0.333333
16142,1.61420000e+04,-16,-0.333333
16143,1.61430000e+04,-16,-0.333333
16144,1.61440000e+04,-16,-0.333333
16145,1.61450000e+04,-17,-0.354167
16146,1.61460000e+04,-17,-0.354167
16147,1.61470000e+04,-17,-0.354167
16148,1.61480000e+04,-17,-0.354167
16149,1.61490000e+04,-17,-0.354167
16150,1.61500000e+04,-19,-0.395833
16151,1.61510000e+04,-19,-0.395833
16152,1.61520000e+04,-19,-0.395833
16153,1.61530000e+04,-19,-0.395833
16154,1.61540000e+04,-19,-0.395833
16155,1.61550000e+04,-14,-0.291667
16156,1.61560000e+04,-14,-0.291667
16157,1.61570000e+04,-14,-0.291667
16158,1.61580000e+04,-14,-0.291667
16159,1.61590000e+04,-14,-0.291667
16160,1.61600000e+04,-15,-0.312500
16161,1.61610000e+04,-15,-0.312500
16162,1.61620000e+04,-15,-0.312500
16163,1.61630000e+04,-15,-0.312500
16164,1.61640000e+04,-15,-0.312500
16165,1.61650000e+04,-19,-0.395833
16166,1.61660000e+04,-19,-0.395833
16167,1.61670000e+04,-19,-0.395833
16168,1.61680000e+04,-19,-0.395833
16169,1.61690000e+04,-19,-0.395833
16170,1.61700000e+04,-13,-0.270833
16171,1.61710000e+04,-13,-0.270833
16172,1.61720000e+04,-13,-0.270833
16173,1.61730000e+04,-13,-0.270833
16174,1.61740000e+04,-13,-0.270833
16175,1.61750000e+04,-17,-0.354167
16176,1.61760000e+04,-17,-0.354167
16177,1.61770000e+04,-17,-0.354167
16178,1.61780000e+04,-17,-0.354167
16179,1.61790000e+04,-17,-0.354167
16180,1.61800000e+04,-17,-0.354167
16181,1.61810000e+04,-17,-0.354167
16182,1.61820000e+04,-17,-0.354167
16183,1.61830000e+04,-17,-0.354167
16184,1.61840000e+04,-17,-0.354167
16185,1.61850000e+04,-17,-0.354167
16186,1.61860000e+04,-17,-0.354167
16187,1.61870000e+04,-17,-0.354167
16188,1.61880000e+04,-17,-0.354167
16189,1.61890000e+04,-17,-0.354167
16190,1.61900000e+04,-15,-0.312500
16191,1.61910000e+04,-15,-0.312500
16192,1.61920000e+04,-15,-0.312500
16193,1.61930000e+04,-15,-0.312500
16194,1.61940000e+04,-15,-0.312500
16195,1.61950000e+04,-19,-0.395833
16196,1.61960000e+04,-19,-0.395833
16197,1.61970000e+04,-19,-0.395833
16198,1.61980000e+04,-19,-0.395833
16199,1.61990000e+04,-19,-0.395833
16200,1.62000000e+04,-16,-0.333333
16201,1.62010000e+04,-16,-0.333333
16202,1.62020000e+04,-16,-0.333333
16203,1.62030000e+04,-16,-0.333333
16204,1.62040000e+04,-16,-0.333333
16205,1.62050000e+04,-17,-0.354167
16206,1.62060000e+04,-17,-0.354167
16207,1.62070000e+04,-17,-0.354167
16208,1.62080000e+04,-17,-0.354167
16209,1.62090000e+04,-17,-0.354167
16210,1.62100000e+04,-20,-0.416667
16211,1.62110000e+04,-20,-0.416667
16212,1.62120000e+04,-20,-0.416667
16213,1.62130000e+04,-20,-0.416667
16214,1.62140000e+04,-20,-0.416667
16215,1.62150000e+04,-20,-0.416667
16216,1.62160000e+04,-20,-0.416667
16217,1.62170000e+04,-20,-0.416667
16218,1.62180000e+04,-20,-0.416667
16219,1.62190000e+04,-20,-0.416667
16220,1.62200000e+04,-17,-0.354167
16221,1.62210000e+04,-17,-0.354167
16222,1.62220000e+04,-17,-0.354167
16223,1.62230000e+04,-17,-0.354167
16224,1.62240000e+04,-17,-0.354167
16225,1.62250000e+04,-18,-0.375000
16226,1.62260000e+04,-18,-0.375000
16227,1.62270000e+04,-18,-0.375000
16228,1.62280000e+04,-18,-0.375000
16229,1.62290000e+04,-18,-0.375000
16230,1.62300000e+04,-17,-0.354167
16231,1.62310000e+04,-17,-0.354167
16232,1.62320000e+04,-17,-0.354167
16233,1.62330000e+04,-17,-0.354167
16234,1.62340000e+04,-17,-0.354167
16235,1.62350000e+04,-19,-0.395833
16236,1.62360000e+04,-19,-0.395833
16237,1.62370000e+04,-19,-0.395833
16238,1.62380000e+04,-19,-0.395833
16239,1.62390000e+04,-19,-0.395833
16240,1.62400000e+04,-16,-0.333333
16241,1.62410000e+04,-16,-0.333333
16242,1.62420000e+04,-16,-0.333333
16243,1.62430000e+04,-16,-0.333333
16244,1.62440000e+04,-16,-0.333333
16245,1.62450000e+04,-19,-0.395833
16246,1.62460000e+04,-19,-0.395833
16247,1.62470000e+04,-19,-0.395833
16248,1.62480000e+04,-19,-0.395833
16249,1.62490000e+04,-19,-0.395833
16250,1.62500000e+04,-20,-0.416667
16251,1.62510000e+04,-20,-0.416667
16252,1.62520000e+04,-20,-0.416667
16253,1.62530000e+04,-20,-0.416667
16254,1.62540000e+04,-20,-0.416667
16255,1.62550000e+04,-17,-0.354167
16256,1.62560000e+04,-17,-0.354167
16257,1.62570000e+04,-17,-0.354167
16258,1.62580000e+04,-17,-0.354167
16259,1.62590000e+04,-17,-0.354167
16260,1.62600000e+04,-19,-0.395833
16261,1.62610000e+04,-19,-0.395833
16262,1.62620000e+04,-19,-0.395833
16263,1.62630000e+04,-19,-0.395833
16264,1.62640000e+04,-19,-0.395833
16265,1.62650000e+04,-19,-0.395833
16266,1.62660000e+04,-19,-0.395833
16267,1.62670000e+04,-19,-0.395833
16268,1.62680000e+04,-19,-0.395833
16269,1.62690000e+04,-19,-0.395833
16270,1.62700000e+04,-19,-0.395833
16271,1.62710000e+04,-19,-0.395833
16272,1.62720000e+04,-19,-0.395833
16273,1.62730000e+04,-19,-0.395833
16274,1.62740000e+04,-19,-0.395833
16275,1.62750000e+04,-22,-0.458333
16276,1.62760000e+04,-22,-0.458333
16277,1.62770000e+04,-22,-0.458333
16278,1.62780000e+04,-22,-0.458333
16279,1.62790000e+04,-22,-0.458333
16280,1.62800000e+04,-20,-0.416667
16281,1.62810000e+04,-20,-0.416667
16282,1.62820000e+04,-20,-0.416667
16283,1.62830000e+04,-20,-0.416667
16284,1.62840000e+04,-20,-0.416667
16285,1.62850000e+04,-20,-0.416667
16286,1.62860000e+04,-20,-0.416667
16287,1.62870000e+04,-20,-0.416667
16288,1.62880000e+04,-20,-0.416667
16289,1.62890000e+04,-20,-0.416667
16290,1.62900000e+04,-21,-0.437500
16291,1.62910000e+04,-21,-0.437500
16292,1.62920000e+04,-21,-0.437500
16293,1.62930000e+04,-21,-0.437500
16294,1.62940000e+04,-21,-0.437500
16295,1.62950000e+04,-17,-0.354167
16296,1.62960000e+04,-17,-0.354167
16297,1.62970000e+04,-17,-0.354167
16298,1.62980000e+04,-17,-0.354167
16299,1.62990000e+04,-17,-0.354167
16300,1.63000000e+04,-15,-0.312500
16301,1.63010000e+04,-15,-0.312500
16302,1.63020000e+04,-15,-0.312500
16303,1.63030000e+04,-15,-0.312500
16304,1.63040000e+04,-15,-0.312500
16305,1.63050000e+04,-15,-0.312500
16306,1.63060000e+04,-15,-0.312500
16307,1.63070000e+04,-15,-0.312500
16308,1.63080000e+04,-15,-0.312500
16309,1.63090000e+04,-15,-0.312500
16310,1.63100000e+04,-17,-0.354167
16311,1.63110000e+04,-17,-0.354167
16312,1.63120000e+04,-17,-0.354167
16313,1.63130000e+04,-17,-0.354167
16314,1.63140000e+04,-17,-0.354167
16315,1.63150000e+04,-20,-0.416667
16316,1.63160000e+04,-20,-0.416667
16317,1.63170000e+04,-20,-0.416667
16318,1.63180000e+04,-20,-0.416667
16319,1.63190000e+04,-20,-0.416667
16320,1.63200000e+04,-17,-0.354167
16321,1.63210000e+04,-17,-0.354167
16322,1.63220000e+04,-17,-0.354167
16323,1.63230000e+04,-17,-0.354167
16324,1.63240000e+04,-17,-0.354167
16325,1.63250000e+04,-20,-0.416667
16326,1.63260000e+04,-20,-0.416667
16327,1.63270000e+04,-20,-0.416667
16328,1.63280000e+04,-20,-0.416667
16329,1.63290000e+04,-20,-0.416667
16330,1.63300000e+04,-17,-0.354167
16331,1.63310000e+04,-17,-0.354167
16332,1.63320000e+04,-17,-0.354167
16333,1.63330000e+04,-17,-0.354167
16334,1.63340000e+04,-17,-0.354167
16335,1.63350000e+04,-19,-0.395833
16336,1.63360000e+04,-19,-0.395833
16337,1.63370000e+04,-19,-0.395833
16338,1.63380000e+04,-19,-0.395833
16339,1.63390000e+04,-19,-0.395833
16340,1.63400000e+04,-14,-0.291667
16341,1.63410000e+04,-14,-0.291667
16342,1.63420000e+04,-14,-0.291667
16343,1.63430000e+04,-14,-0.291667
16344,1.63440000e+04,-14,-0.291667
16345,1.63450000e+04,-20,-0.416667
16346,1.63460000e+04,-20,-0.416667
16347,1.63470000e+04,-20,-0.416667
16348,1.63480000e+04,-20,-0.416667
16349,1.63490000e+04,-20,-0.416667
16350,1.63500000e+04,-17,-0.354167
16351,1.63510000e+04,-17,-0.354167
16352,1.63520000e+04,-17,-0.354167
16353,1.63530000e+04,-17,-0.354167
16354,1.63540000e+04,-17,-0.354167
16355,1.63550000e+04,-17,-0.354167
16356,1.63560000e+04,-17,-0.354167
16357,1.63570000e+04,-17,-0.354167
16358,1.63580000e+04,-17,-0.354167
16359,1.63590000e+04,-17,-0.354167
16360,1.63600000e+04,-19,-0.395833
16361,1.63610000e+04,-19,-0.395833
16362,1.63620000e+04,-19,-0.395833
16363,1.63630000e+04,-19,-0.395833
16364,1.63640000e+04,-19,-0.395833
16365,1.63650000e+04,-17,-0.354167
16366,1.63660000e+04,-17,-0.354167
16367,1.63670000e+04,-17,-0.354167
16368,1.63680000e+04,-17,-0.354167
16369,1.63690000e+04,-17,-0.354167
16370,1.63700000e+04,-17,-0.354167
16371,1.63710000e+04,-17,-0.354167
16372,1.63720000e+04,-17,-0.354167
16373,1.63730000e+04,-17,-0.354167
16374,1.63740000e+04,-17,-0.354167
16375,1.63750000e+04,-14,-0.291667
16376,1.63760000e+04,-14,-0.291667
16377,1.63770000e+04,-14,-0.291667
16378,1.63780000e+04,-14,-0.291667
16379,1.63790000e+04,-14,-0.291667
16380,1.63800000e+04,-17,-0.354167
16381,1.63810000e+04,-17,-0.354167
16382,1.63820000e+04,-17,-0.354167
16383,1.63830000e+04,-17,-0.354167
16384,1.63840000e+04,-17,-0.354167
16385,1.63850000e+04,-19,-0.395833
16386,1.63860000e+04,-19,-0.395833
16387,1.63870000e+04,-19,-0.395833
16388,1.63880000e+04,-19,-0.395833
16389,1.63890000e+04,-19,-0.395833
16390,1.63900000e+04,-17,-0.354167
16391,1.63910000e+04,-17,-0.354167
16392,1.63920000e+04,-17,-0.354167
16393,1.63930000e+04,-17,-0.354167
16394,1.63940000e+04,-17,-0.354167
16395,1.63950000e+04,-17,-0.354167
16396,1.63960000e+04,-17,-0.354167
16397,1.63970000e+04,-17,-0.354167
16398,1.63980000e+04,-17,-0.354167
16399,1.63990000e+04,-17,-0.354167
16400,1.64000000e+04,-15,-0.312500
16401,1.64010000e+04,-15,-0.312500
16402,1.64020000e+04,-15,-0.312500
16403,1.64030000e+04,-15,-0.312500
16404,1.64040000e+04,-15,-0.312500
16405,1.64050000e+04,-15,-0.312500
16406,1.64060000e+04,-15,-0.312500
16407,1.64070000e+04,-15,-0.312500
16408,1.64080000e+04,-15,-0.312500
16409,1.64090000e+04,-15,-0.312500
16410,1.64100000e+04,-17,-0.354167
16411,1.64110000e+04,-17,-0.354167
16412,1.64120000e+04,-17,-0.354167
16413,1.64130000e+04,-17,-0.354167
16414,1.64140000e+04,-17,-0.354167
16415,1.64150000e+04,-15,-0.312500
16416,1.64160000e+04,-15,-0.312500
16417,1.64170000e+04,-15,-0.312500
16418,1.64180000e+04,-15,-0.312500
16419,1.64190000e+04,-15,-0.312500
16420,1.64200000e+04,-15,-0.312500
16421,1.64210000e+04,-15,-0.312500
16422,1.64220000e+04,-15,-0.312500
16423,1.64230000e+04,-15,-0.312500
16424,1.64240000e+04,-15,-0.312500
16425,1.64250000e+04,-17,-0.354167
16426,1.64260000e+04,-17,-0.354167
16427,1.64270000e+04,-17,-0.354167
16428,1.64280000e+04,-17,-0.354167
16429,1.64290000e+04,-17,-0.354167
16430,1.64300000e+04,-17,-0.354167
16431,1.64310000e+04,-17,-0.354167
16432,1.64320000e+04,-17,-0.354167
16433,1.64330000e+04,-17,-0.354167
16434,1.64340000e+04,-17,-0.354167
16435,1.64350000e+04,-19,-0.395833
16436,1.64360000e+04,-19,-0.395833
16437,1.64370000e+04,-19,-0.395833
16438,1.64380000e+04,-19,-0.395833
16439,1.64390000e+04,-19,-0.395833
16440,1.64400000e+04,-18,-0.375000
16441,1.64410000e+04,-18,-0.375000
16442,1.64420000e+04,-18,-0.375000
16443,1.64430000e+04,-18,-0.375000
16444,1.64440000e+04,-18,-0.375000
16445,1.64450000e+04,-19,-0.395833
16446,1.64460000e+04,-19,-0.395833
16447,1.64470000e+04,-19,-0.395833
16448,1.64480000e+04,-19,-0.395833
16449,1.64490000e+04,-19,-0.395833
16450,1.64500000e+04,-20,-0.416667
16451,1.64510000e+04,-20,-0.416667
16452,1.64520000e+04,-20,-0.416667
16453,1.64530000e+04,-20,-0.416667
16454,1.64540000e+04,-20,-0.416667
16455,1.64550000e+04,-21,-0.437500
16456,1.64560000e+04,-21,-0.437500
16457,1.64570000e+04,-21,-0.437500
16458,1.64580000e+04,-21,-0.437500
16459,1.64590000e+04,-21,-0.437500
16460,1.64600000e+04,-21,-0.437500
16461,1.64610000e+04,-21,-0.437500
16462,1.64620000e+04,-21,-0.437500
16463,1.64630000e+04,-21,-0.437500
16464,1.64640000e+04,-21,-0.437500
16465,1.64650000e+04,-21,-0.437500
16466,1.64660000e+04,-21,-0.437500
16467,1.64670000e+04,-21,-0.437500
16468,1.64680000e+04,-21,-0.437500
16469,1.64690000e+04,-21,-0.437500
16470,1.64700000e+04,-17,-0.354167
16471,1.64710000e+04,-17,-0.354167
16472,1.64720000e+04,-17,-0.354167
16473,1.64730000e+04,-17,-0.354167
16474,1.64740000e+04,-17,-0.354167
16475,1.64750000e+04,-21,-0.437500
16476,1.64760000e+04,-21,-0.437500
16477,1.64770000e+04,-21,-0.437500
16478,1.64780000e+04,-21,-0.437500
16479,1.64790000e+04,-21,-0.437500
16480,1.64800000e+04,-20,-0.416667
16481,1.64810000e+04,-20,-0.416667
16482,1.64820000e+04,-20,-0.416667
16483,1.64830000e+04,-20,-0.416667
16484,1.64840000e+04,-20,-0.416667
16485,1.64850000e+04,-20,-0.416667
16486,1.64860000e+04,-20,-0.416667
16487,1.64870000e+04,-20,-0.416667
16488,1.64880000e+04,-20,-0.416667
16489,1.64890000e+04,-20,-0.416667
16490,1.64900000e+04,-21,-0.437500
16491,1.64910000e+04,-21,-0.437500
16492,1.64920000e+04,-21,-0.437500
16493,1.64930000e+04,-21,-0.437500
16494,1.64940000e+04,-21,-0.437500
16495,1.64950000e+04,-17,-0.354167
16496,1.64960000e+04,-17,-0.354167
16497,1.64970000e+04,-17,-0.354167
16498,1.64980000e+04,-17,-0.354167
16499,1.64990000e+04,-17,-0.354167
16500,1.65000000e+04,-19,-0.395833
16501,1.65010000e+04,-19,-0.395833
16502,1.65020000e+04,-19,-0.395833
16503,1.65030000e+04,-19,-0.395833
16504,1.65040000e+04,-19,-0.395833
16505,1.65050000e+04,-19,-0.395833
16506,1.65060000e+04,-19,-0.395833
16507,1.65070000e+04,-19,-0.395833
16508,1.65080000e+04,-19,-0.395833
16509,1.65090000e+04,-19,-0.395833
16510,1.65100000e+04,-19,-0.395833
16511,1.65110000e+04,-19,-0.395833
16512,1.65120000e+04,-19,-0.395833
16513,1.65130000e+04,-19,-0.395833
16514,1.65140000e+04,-19,-0.395833
16515,1.65150000e+04,-17,-0.354167
16516,1.65160000e+04,-17,-0.354167
16517,1.65170000e+04,-17,-0.354167
16518,1.65180000e+04,-17,-0.354167
16519,1.65190000e+04,-17,-0.354167
16520,1.65200000e+04,-17,-0.354167
16521,1.65210000e+04,-17,-0.354167
16522,1.65220000e+04,-17,-0.354167
16523,1.65230000e+04,-17,-0.354167
16524,1.65240000e+04,-17,-0.354167
16525,1.65250000e+04,-16,-0.333333
16526,1.65260000e+04,-16,-0.333333
16527,1.65270000e+04,-16,-0.333333
16528,1.65280000e+04,-16,-0.333333
16529,1.65290000e+04,-16,-0.333333
16530,1.65300000e+04,-19,-0.395833
16531,1.65310000e+04,-19,-0.395833
16532,1.65320000e+04,-19,-0.395833
16533,1.65330000e+04,-19,-0.395833
16534,1.65340000e+04,-19,-0.395833
16535,1.65350000e+04,-19,-0.395833
16536,1.65360000e+04,-19,-0.395833
16537,1.65370000e+04,-19,-0.395833
16538,1.65380000e+04,-19,-0.395833
16539,1.65390000e+04,-19,-0.395833
16540,1.65400000e+04,-17,-0.354167
16541,1.65410000e+04,-17,-0.354167
16542,1.65420000e+04,-17,-0.354167
16543,1.65430000e+04,-17,-0.354167
16544,1.65440000e+04,-17,-0.354167
16545,1.65450000e+04,-19,-0.395833
16546,1.65460000e+04,-19,-0.395833
16547,1.65470000e+04,-19,-0.395833
16548,1.65480000e+04,-19,-0.395833
16549,1.65490000e+04,-19,-0.395833
16550,1.65500000e+04,-16,-0.333333
16551,1.65510000e+04,-16,-0.333333
16552,1.65520000e+04,-16,-0.333333
16553,1.65530000e+04,-16,-0.333333
16554,1.65540000e+04,-16,-0.333333
16555,1.65550000e+04,-19,-0.395833
16556,1.65560000e+04,-19,-0.395833
16557,1.65570000e+04,-19,-0.395833
16558,1.65580000e+04,-19,-0.395833
16559,1.65590000e+04,-19,-0.395833
16560,1.65600000e+04,-20,-0.416667
16561,1.65610000e+04,-20,-0.416667
16562,1.65620000e+04,-20,-0.416667
16563,1.65630000e+04,-20,-0.416667
16564,1.65640000e+04,-20,-0.416667
16565,1.65650000e+04,-22,-0.458333
16566,1.65660000e+04,-22,-0.458333
16567,1.65670000e+04,-22,-0.458333
16568,1.65680000e+04,-22,-0.458333
16569,1.65690000e+04,-22,-0.458333
16570,1.65700000e+04,-21,-0.437500
16571,1.65710000e+04,-21,-0.437500
16572,1.65720000e+04,-21,-0.437500
16573,1.65730000e+04,-21,-0.437500
16574,1.65740000e+04,-21,-0.437500
16575,1.65750000e+04,-22,-0.458333
16576,1.65760000e+04,-22,-0.458333
16577,1.65770000e+04,-22,-0.458333
16578,1.65780000e+04,-22,-0.458333
16579,1.65790000e+04,-22,-0.458333
16580,1.65800000e+04,-20,-0.416667
16581,1.65810000e+04,-20,-0.416667
16582,1.65820000e+04,-20,-0.416667
16583,1.65830000e+04,-20,-0.416667
16584,1.65840000e+04,-20,-0.416667
16585,1.65850000e+04,-22,-0.458333
16586,1.65860000e+04,-22,-0.458333
16587,1.65870000e+04,-22,-0.458333
16588,1.65880000e+04,-22,-0.458333
16589,1.65890000e+04,-22,-0.458333
16590,1.65900000e+04,-20,-0.416667
16591,1.65910000e+04,-20,-0.416667
16592,1.65920000e+04,-20,-0.416667
16593,1.65930000e+04,-20,-0.416667
16594,1.65940000e+04,-20,-0.416667
16595,1.65950000e+04,-20,-0.416667
16596,1.65960000e+04,-20,-0.416667
16597,1.65970000e+04,-20,-0.416667
16598,1.65980000e+04,-20,-0.416667
16599,1.65990000e+04,-20,-0.416667
16600,1.66000000e+04,-22,-0.458333
16601,1.66010000e+04,-22,-0.458333
16602,1.66020000e+04,-22,-0.458333
16603,1.66030000e+04,-22,-0.458333
16604,1.66040000e+04,-22,-0.458333
16605,1.66050000e+04,-20,-0.416667
16606,1.66060000e+04,-20,-0.416667
16607,1.66070000e+04,-20,-0.416667
16608,1.66080000e+04,-20,-0.416667
16609,1.66090000e+04,-20,-0.416667
16610,1.66100000e+04,-17,-0.354167
16611,1.66110000e+04,-17,-0.354167
16612,1.66120000e+04,-17,-0.354167
16613,1.66130000e+04,-17,-0.354167
16614,1.66140000e+04,-17,-0.354167
16615,1.66150000e+04,-21,-0.437500
16616,1.66160000e+04,-21,-0.437500
16617,1.66170000e+04,-21,-0.437500
16618,1.66180000e+04,-21,-0.437500
16619,1.66190000e+04,-21,-0.437500
16620,1.66200000e+04,-17,-0.354167
16621,1.66210000e+04,-17,-0.354167
16622,1.66220000e+04,-17,-0.354167
16623,1.66230000e+04,-17,-0.354167
16624,1.66240000e+04,-17,-0.354167
16625,1.66250000e+04,-17,-0.354167
16626,1.66260000e+04,-17,-0.354167
16627,1.66270000e+04,-17,-0.354167
16628,1.66280000e+04,-17,-0.354167
16629,1.66290000e+04,-17,-0.354167
16630,1.66300000e+04,-16,-0.333333
16631,1.66310000e+04,-16,-0.333333
16632,1.66320000e+04,-16,-0.333333
16633,1.66330000e+04,-16,-0.333333
16634,1.66340000e+04,-16,-0.333333
16635,1.66350000e+04,-15,-0.312500
16636,1.66360000e+04,-15,-0.312500
16637,1.66370000e+04,-15,-0.312500
16638,1.66380000e+04,-15,-0.312500
16639,1.66390000e+04,-15,-0.312500
16640,1.66400000e+04,-20,-0.416667
16641,1.66410000e+04,-20,-0.416667
16642,1.66420000e+04,-20,-0.416667
16643,1.66430000e+04,-20,-0.416667
16644,1.66440000e+04,-20,-0.416667
16645,1.66450000e+04,-17,-0.354167
16646,1.66460000e+04,-17,-0.354167
16647,1.66470000e+04,-17,-0.354167
16648,1.66480000e+04,-17,-0.354167
16649,1.66490000e+04,-17,-0.354167
16650,1.66500000e+04,-19,-0.395833
16651,1.66510000e+04,-19,-0.395833
16652,1.66520000e+04,-19,-0.395833
16653,1.66530000e+04,-19,-0.395833
16654,1.66540000e+04,-19,-0.395833
16655,1.66550000e+04,-15,-0.312500
16656,1.66560000e+04,-15,-0.312500
16657,1.66570000e+04,-15,-0.312500
16658,1.66580000e+04,-15,-0.312500
16659,1.66590000e+04,-15,-0.312500
16660,1.66600000e+04,-17,-0.354167
16661,1.66610000e+04,-17,-0.354167
16662,1.66620000e+04,-17,-0.354167
16663,1.66630000e+04,-17,-0.354167
16664,1.66640000e+04,-17,-0.354167
16665,1.66650000e+04,-17,-0.354167
16666,1.66660000e+04,-17,-0.354167
16667,1.66670000e+04,-17,-0.354167
16668,1.66680000e+04,-17,-0.354167
16669,1.66690000e+04,-17,-0.354167
16670,1.66700000e+04,-16,-0.333333
16671,1.66710000e+04,-16,-0.333333
16672,1.66720000e+04,-16,-0.333333
16673,1.66730000e+04,-16,-0.333333
16674,1.66740000e+04,-16,-0.333333
16675,1.66750000e+04,-15,-0.312500
16676,1.66760000e+04,-15,-0.312500
16677,1.66770000e+04,-15,-0.312500
16678,1.66780000e+04,-15,-0.312500
16679,1.66790000e+04,-15,-0.312500
16680,1.66800000e+04,-19,-0.395833
16681,1.66810000e+04,-19,-0.395833
16682,1.66820000e+04,-19,-0.395833
16683,1.66830000e+04,-19,-0.395833
16684,1.66840000e+04,-19,-0.395833
16685,1.66850000e+04,-16,-0.333333
16686,1.66860000e+04,-16,-0.333333
16687,1.66870000e+04,-16,-0.333333
16688,1.66880000e+04,-16,-0.333333
16689,1.66890000e+04,-16,-0.333333
16690,1.66900000e+04,-15,-0.312500
16691,1.66910000e+04,-15,-0.312500
16692,1.66920000e+04,-15,-0.312500
16693,1.66930000e+04,-15,-0.312500
16694,1.66940000e+04,-15,-0.312500
16695,1.66950000e+04,-16,-0.333333
16696,1.66960000e+04,-16,-0.333333
16697,1.66970000e+04,-16,-0.333333
16698,1.66980000e+04,-16,-0.333333
16699,1.66990000e+04,-16,-0.333333
16700,1.67000000e+04,-16,-0.333333
16701,1.67010000e+04,-16,-0.333333
16702,1.67020000e+04,-16,-0.333333
16703,1.67030000e+04,-16,-0.333333
16704,1.67040000e+04,-16,-0.333333
16705,1.67050000e+04,-17,-0.354167
16706,1.67060000e+04,-17,-0.354167
16707,1.67070000e+04,-17,-0.354167
16708,1.67080000e+04,-17,-0.354167
16709,1.67090000e+04,-17,-0.354167
16710,1.67100000e+04,-14,-0.291667
16711,1.67110000e+04,-14,-0.291667
16712,1.67120000e+04,-14,-0.291667
16713,1.67130000e+04,-14,-0.291667
16714,1.67140000e+04,-14,-0.291667
16715,1.67150000e+04,-12,-0.250000
16716,1.67160000e+04,-12,-0.250000
16717,1.67170000e+04,-12,-0.250000
16718,1.67180000e+04,-12,-0.250000
16719,1.67190000e+04,-12,-0.250000
16720,1.67200000e+04,-14,-0.291667
16721,1.67210000e+04,-14,-0.291667
16722,1.67220000e+04,-14,-0.291667
16723,1.67230000e+04,-14,-0.291667
16724,1.67240000e+04,-14,-0.291667
16725,1.67250000e+04,-16,-0.333333
16726,1.67260000e+04,-16,-0.333333
16727,1.67270000e+04,-16,-0.333333
16728,1.67280000e+04,-16,-0.333333
16729,1.67290000e+04,-16,-0.333333
16730,1.67300000e+04,-12,-0.250000
16731,1.67310000e+04,-12,-0.250000
16732,1.67320000e+04,-12,-0.250000
16733,1.67330000e+04,-12,-0.250000
16734,1.67340000e+04,-12,-0.250000
16735,1.67350000e+04,-15,-0.312500
16736,1.67360000e+04,-15,-0.312500
16737,1.67370000e+04,-15,-0.312500
16738,1.67380000e+04,-15,-0.312500
16739,1.67390000e+04,-15,-0.312500
16740,1.67400000e+04,-12,-0.250000
16741,1.67410000e+04,-12,-0.250000
16742,1.67420000e+04,-12,-0.250000
16743,1.67430000e+04,-12,-0.250000
16744,1.67440000e+04,-12,-0.250000
16745,1.67450000e+04,-9,-0.187500
16746,1.67460000e+04,-9,-0.187500
16747,1.67470000e+04,-9,-0.187500
16748,1.67480000e+04,-9,-0.187500
16749,1.67490000e+04,-9,-0.187500
16750,1.67500000e+04,-10,-0.208333
16751,1.67510000e+04,-10,-0.208333
16752,1.67520000e+04,-10,-0.208333
16753,1.67530000e+04,-10,-0.208333
16754,1.67540000e+04,-10,-0.208333
16755,1.67550000e+04,-10,-0.208333
16756,1.67560000e+04,-10,-0.208333
16757,1.67570000e+04,-10,-0.208333
16758,1.67580000e+04,-10,-0.208333
16759,1.67590000e+04,-10,-0.208333
16760,1.67600000e+04,-11,-0.229167
16761,1.67610000e+04,-11,-0.229167
16762,1.67620000e+04,-11,-0.229167
16763,1.67630000e+04,-11,-0.229167
16764,1.67640000e+04,-11,-0.229167
16765,1.67650000e+04,-11,-0.229167
16766,1.67660000e+04,-11,-0.229167
16767,1.67670000e+04,-11,-0.229167
16768,1.67680000e+04,-11,-0.229167
16769,1.67690000e+04,-11,-0.229167
16770,1.67700000e+04,-9,-0.187500
16771,1.67710000e+04,-9,-0.187500
16772,1.67720000e+04,-9,-0.187500
16773,1.67730000e+04,-9,-0.187500
16774,1.67740000e+04,-9,-0.187500
16775,1.67750000e+04,-13,-0.270833
16776,1.67760000e+04,-13,-0.270833
16777,1.67770000e+04,-13,-0.270833
16778,1.67780000e+04,-13,-0.270833
16779,1.67790000e+04,-13,-0.270833
16780,1.67800000e+04,-9,-0.187500
16781,1.67810000e+04,-9,-0.187500
16782,1.67820000e+04,-9,-0.187500
16783,1.67830000e+04,-9,-0.187500
16784,1.67840000e+04,-9,-0.187500
16785,1.67850000e+04,-7,-0.145833
16786,1.67860000e+04,-7,-0.145833
16787,1.67870000e+04,-7,-0.145833
16788,1.67880000e+04,-7,-0.145833
16789,1.67890000e+04,-7,-0.145833
16790,1.67900000e+04,-10,-0.208333
16791,1.67910000e+04,-10,-0.208333
16792,1.67920000e+04,-10,-0.208333
16793,1.67930000e+04,-10,-0.208333
16794,1.67940000e+04,-10,-0.208333
16795,1.67950000e+04,-7,-0.145833
16796,1.67960000e+04,-7,-0.145833
16797,1.67970000e+04,-7,-0.145833
16798,1.67980000e+04,-7,-0.145833
16799,1.67990000e+04,-7,-0.145833
16800,1.68000000e+04,-9,-0.187500
16801,1.68010000e+04,-9,-0.187500
16802,1.68020000e+04,-9,-0.187500
16803,1.68030000e+04,-9,-0.187500
16804,1.68040000e+04,-9,-0.187500
16805,1.68050000e+04,-9,-0.187500
16806,1.68060000e+04,-9,-0.187500
16807,1.68070000e+04,-9,-0.187500
16808,1.68080000e+04,-9,-0.187500
16809,1.68090000e+04,-9,-0.187500
16810,1.68100000e+04,-10,-0.208333
16811,1.68110000e+04,-10,-0.208333
16812,1.68120000e+04,-10,-0.208333
16813,1.68130000e+04,-10,-0.208333
16814,1.68140000e+04,-10,-0.208333
16815,1.68150000e+04,-10,-0.208333
16816,1.68160000e+04,-10,-0.208333
16817,1.68170000e+04,-10,-0.208333
16818,1.68180000e+04,-10,-0.208333
16819,1.68190000e+04,-10,-0.208333
16820,1.68200000e+04,-9,-0.187500
16821,1.68210000e+04,-9,-0.187500
16822,1.68220000e+04,-9,-0.187500
16823,1.68230000e+04,-9,-0.187500
16824,1.68240000e+04,-9,-0.187500
16825,1.68250000e+04,-9,-0.187500
16826,1.68260000e+04,-9,-0.187500
16827,1.68270000e+04,-9,-0.187500
16828,1.68280000e+04,-9,-0.187500
16829,1.68290000e+04,-9,-0.187500
16830,1.68300000e+04,-12,-0.250000
16831,1.68310000e+04,-12,-0.250000
16832,1.68320000e+04,-12,-0.250000
16833,1.68330000e+04,-12,-0.250000
16834,1.68340000e+04,-12,-0.250000
16835,1.68350000e+04,-6,-0.125000
16836,1.68360000e+04,-6,-0.125000
16837,1.68370000e+04,-6,-0.125000
16838,1.68380000e+04,-6,-0.125000
16839,1.68390000e+04,-6,-0.125000
16840,1.68400000e+04,-5,-0.104167
16841,1.68410000e+04,-5,-0.104167
16842,1.68420000e+04,-5,-0.104167
16843,1.68430000e+04,-5,-0.104167
16844,1.68440000e+04,-5,-0.104167
16845,1.68450000e+04,-11,-0.229167
16846,1.68460000e+04,-11,-0.229167
16847,1.68470000e+04,-11,-0.229167
16848,1.68480000e+04,-11,-0.229167
16849,1.68490000e+04,-11,-0.229167
16850,1.68500000e+04,-5,-0.104167
16851,1.68510000e+04,-5,-0.104167
16852,1.68520000e+04,-5,-0.104167
16853,1.68530000e+04,-5,-0.104167
16854,1.68540000e+04,-5,-0.104167
16855,1.68550000e+04,-4,-0.083333
16856,1.68560000e+04,-4,-0.083333
16857,1.68570000e+04,-4,-0.083333
16858,1.68580000e+04,-4,-0.083333
16859,1.68590000e+04,-4,-0.083333
16860,1.68600000e+04,-5,-0.104167
16861,1.68610000e+04,-5,-0.104167
16862,1.68620000e+04,-5,-0.104167
16863,1.68630000e+04,-5,-0.104167
16864,1.68640000e+04,-5,-0.104167
16865,1.68650000e+04,-10,-0.208333
16866,1.68660000e+04,-10,-0.208333
16867,1.68670000e+04,-10,-0.208333
16868,1.68680000e+04,-10,-0.208333
16869,1.68690000e+04,-10,-0.208333
16870,1.68700000e+04,-3,-0.062500
16871,1.68710000e+04,-3,-0.062500
16872,1.68720000e+04,-3,-0.062500
16873,1.68730000e+04,-3,-0.062500
16874,1.68740000e+04,-3,-0.062500
16875,1.68750000e+04,-6,-0.125000
16876,1.68760000e+04,-6,-0.125000
16877,1.68770000e+04,-6,-0.125000
16878,1.68780000e+04,-6,-0.125000
16879,1.68790000e+04,-6,-0.125000
16880,1.68800000e+04,-3,-0.062500
16881,1.68810000e+04,-3,-0.062500
16882,1.68820000e+04,-3,-0.062500
16883,1.68830000e+04,-3,-0.062500
16884,1.68840000e+04,-3,-0.062500
16885,1.68850000e+04,-4,-0.083333
16886,1.68860000e+04,-4,-0.083333
16887,1.68870000e+04,-4,-0.083333
16888,1.68880000e+04,-4,-0.083333
16889,1.68890000e+04,-4,-0.083333
16890,1.68900000e+04,-4,-0.083333
16891,1.68910000e+04,-4,-0.083333
16892,1.68920000e+04,-4,-0.083333
16893,1.68930000e+04,-4,-0.083333
16894,1.68940000e+04,-4,-0.083333
16895,1.68950000e+04,-6,-0.125000
16896,1.68960000e+04,-6,-0.125000
16897,1.68970000e+04,-6,-0.125000
16898,1.68980000e+04,-6,-0.125000
16899,1.68990000e+04,-6,-0.125000
16900,1.69000000e+04,-3,-0.062500
16901,1.69010000e+04,-3,-0.062500
16902,1.69020000e+04,-3,-0.062500
16903,1.69030000e+04,-3,-0.062500
16904,1.69040000e+04,-3,-0.062500
16905,1.69050000e+04,-6,-0.125000
16906,1.69060000e+04,-6,-0.125000
16907,1.69070000e+04,-6,-0.125000
16908,1.69080000e+04,-6,-0.125000
16909,1.69090000e+04,-6,-0.125000
16910,1.69100000e+04,-3,-0.062500
16911,1.69110000e+04,-3,-0.062500
16912,1.69120000e+04,-3,-0.062500
16913,1.69130000e+04,-3,-0.062500
16914,1.69140000e+04,-3,-0.062500
16915,1.69150000e+04,-1,-0.020833
16916,1.69160000e+04,-1,-0.020833
16917,1.69170000e+04,-1,-0.020833
16918,1.69180000e+04,-1,-0.020833
16919,1.69190000e+04,-1,-0.020833
16920,1.69200000e+04,-4,-0.083333
16921,1.69210000e+04,-4,-0.083333
16922,1.69220000e+04,-4,-0.083333
16923,1.69230000e+04,-4,-0.083333
16924,1.69240000e+04,-4,-0.083333
16925,1.69250000e+04,-7,-0.145833
16926,1.69260000e+04,-7,-0.145833
16927,1.69270000e+04,-7,-0.145833
16928,1.69280000e+04,-7,-0.145833
16929,1.69290000e+04,-7,-0.145833
16930,1.69300000e+04,-6,-0.125000
16931,1.69310000e+04,-6,-0.125000
16932,1.69320000e+04,-6,-0.125000
16933,1.69330000e+04,-6,-0.125000
16934,1.69340000e+04,-6,-0.125000
16935,1.69350000e+04,-4,-0.083333
16936,1.69360000e+04,-4,-0.083333
16937,1.69370000e+04,-4,-0.083333
16938,1.69380000e+04,-4,-0.083333
16939,1.69390000e+04,-4,-0.083333
16940,1.69400000e+04,-5,-0.104167
16941,1.69410000e+04,-5,-0.104167
16942,1.69420000e+04,-5,-0.104167
16943,1.69430000e+04,-5,-0.104167
16944,1.69440000e+04,-5,-0.104167
16945,1.69450000e+04,-7,-0.145833
16946,1.69460000e+04,-7,-0.145833
16947,1.69470000e+04,-7,-0.145833
16948,1.69480000e+04,-7,-0.145833
16949,1.69490000e+04,-7,-0.145833
16950,1.69500000e+04,-5,-0.104167
16951,1.69510000e+04,-5,-0.104167
16952,1.69520000e+04,-5,-0.104167
16953,1.69530000e+04,-5,-0.104167
16954,1.69540000e+04,-5,-0.104167
16955,1.69550000e+04,-3,-0.062500
16956,1.69560000e+04,-3,-0.062500
16957,1.69570000e+04,-3,-0.062500
16958,1.69580000e+04,-3,-0.062500
16959,1.69590000e+04,-3,-0.062500
16960,1.69600000e+04,-1,-0.020833
16961,1.69610000e+04,-1,-0.020833
16962,1.69620000e+04,-1,-0.020833
16963,1.69630000e+04,-1,-0.020833
16964,1.69640000e+04,-1,-0.020833
16965,1.69650000e+04,-3,-0.062500
16966,1.69660000e+04,-3,-0.062500
16967,1.69670000e+04,-3,-0.062500
16968,1.69680000e+04,-3,-0.062500
16969,1.69690000e+04,-3,-0.062500
16970,1.69700000e+04,-3,-0.062500
16971,1.69710000e+04,-3,-0.062500
16972,1.69720000e+04,-3,-0.062500
16973,1.69730000e+04,-3,-0.062500
16974,1.69740000e+04,-3,-0.062500
16975,1.69750000e+04,-3,-0.062500
16976,1.69760000e+04,-3,-0.062500
16977,1.69770000e+04,-3,-0.062500
16978,1.69780000e+04,-3,-0.062500
16979,1.69790000e+04,-3,-0.062500
16980,1.69800000e+04,-2,-0.041667
16981,1.69810000e+04,-2,-0.041667
16982,1.69820000e+04,-2,-0.041667
16983,1.69830000e+04,-2,-0.041667
16984,1.69840000e+04,-2,-0.041667
16985,1.69850000e+04,-2,-0.041667
16986,1.69860000e+04,-2,-0.041667
16987,1.69870000e+04,-2,-0.041667
16988,1.69880000e+04,-2,-0.041667
16989,1.69890000e+04,-2,-0.041667
16990,1.69900000e+04,-1,-0.020833
16991,1.69910000e+04,-1,-0.020833
16992,1.69920000e+04,-1,-0.020833
16993,1.69930000e+04,-1,-0.020833
16994,1.69940000e+04,-1,-0.020833
16995,1.69950000e+04,-1,-0.020833
16996,1.69960000e+04,-1,-0.020833
16997,1.69970000e+04,-1,-0.020833
16998,1.69980000e+04,-1,-0.020833
16999,1.69990000e+04,-1,-0.020833
17000,1.70000000e+04,1,0.020833
17001,1.70010000e+04,1,0.020833
17002,1.70020000e+04,1,0.020833
17003,1.70030000e+04,1,0.020833
17004,1.70040000e+04,1,0.020833
17005,1.70050000e+04,-4,-0.083333
17006,1.70060000e+04,-4,-0.083333
17007,1.70070000e+04,-4,-0.083333
17008,1.70080000e+04,-4,-0.083333
17009,1.70090000e+04,-4,-0.083333
17010,1.70100000e+04,-1,-0.020833
17011,1.70110000e+04,-1,-0.020833
17012,1.70120000e+04,-1,-0.020833
17013,1.70130000e+04,-1,-0.020833
17014,1.70140000e+04,-1,-0.020833
17015,1.70150000e+04,-1,-0.020833
17016,1.70160000e+04,-1,-0.020833
17017,1.70170000e+04,-1,-0.020833
17018,1.70180000e+04,-1,-0.020833
17019,1.70190000e+04,-1,-0.020833
17020,1.70200000e+04,-1,-0.020833
17021,1.70210000e+04,-1,-0.020833
17022,1.70220000e+04,-1,-0.020833
17023,1.70230000e+04,-1,-0.020833
17024,1.70240000e+04,-1,-0.020833
17025,1.70250000e+04,-1,-0.020833
17026,1.70260000e+04,-1,-0.020833
17027,1.70270000e+04,-1,-0.020833
17028,1.70280000e+04,-1,-0.020833
17029,1.70290000e+04,-1,-0.020833
17030,1.70300000e+04,1,0.020833
17031,1.70310000e+04,1,0.020833
17032,1.70320000e+04,1,0.020833
17033,1.70330000e+04,1,0.020833
17034,1.70340000e+04,1,0.020833
17035,1.70350000e+04,-1,-0.020833
17036,1.70360000e+04,-1,-0.020833
17037,1.70370000e+04,-1,-0.020833
17038,1.70380000e+04,-1,-0.020833
17039,1.70390000e+04,-1,-0.020833
17040,1.70400000e+04,-1,-0.020833
17041,1.70410000e+04,-1,-0.020833
17042,1.70420000e+04,-1,-0.020833
17043,1.70430000e+04,-1,-0.020833
17044,1.70440000e+04,-1,-0.020833
17045,1.70450000e+04,-3,-0.062500
17046,1.70460000e+04,-3,-0.062500
17047,1.70470000e+04,-3,-0.062500
17048,1.70480000e+04,-3,-0.062500
17049,1.70490000e+04,-3,-0.062500
17050,1.70500000e+04,2,0.041667
17051,1.70510000e+04,2,0.041667
17052,1.70520000e+04,2,0.041667
17053,1.70530000e+04,2,0.041667
17054,1.70540000e+04,2,0.041667
17055,1.70550000e+04,-1,-0.020833
17056,1.70560000e+04,-1,-0.020833
17057,1.70570000e+04,-1,-0.020833
17058,1.70580000e+04,-1,-0.020833
17059,1.70590000e+04,-1,-0.020833
17060,1.70600000e+04,-1,-0.020833
17061,1.70610000e+04,-1,-0.020833
17062,1.70620000e+04,-1,-0.020833
17063,1.70630000e+04,-1,-0.020833
17064,1.70640000e+04,-1,-0.020833
17065,1.70650000e+04,-3,-0.062500
17066,1.70660000e+04,-3,-0.062500
17067,1.70670000e+04,-3,-0.062500
17068,1.70680000e+04,-3,-0.062500
17069,1.70690000e+04,-3,-0.062500
17070,1.70700000e+04,1,0.020833
17071,1.70710000e+04,1,0.020833
17072,1.70720000e+04,1,0.020833
17073,1.70730000e+04,1,0.020833
17074,1.70740000e+04,1,0.020833
17075,1.70750000e+04,-2,-0.041667
17076,1.70760000e+04,-2,-0.041667
17077,1.70770000e+04,-2,-0.041667
17078,1.70780000e+04,-2,-0.041667
17079,1.70790000e+04,-2,-0.041667
17080,1.70800000e+04,0,0.000000
17081,1.70810000e+04,0,0.000000
17082,1.70820000e+04,0,0.000000
17083,1.70830000e+04,0,0.000000
17084,1.70840000e+04,0,0.000000
17085,1.70850000e+04,1,0.020833
17086,1.70860000e+04,1,0.020833
17087,1.70870000e+04,1,0.020833
17088,1.70880000e+04,1,0.020833
17089,1.70890000e+04,1,0.020833
17090,1.70900000e+04,-2,-0.041667
17091,1.70910000e+04,-2,-0.041667
17092,1.70920000e+04,-2,-0.041667
17093,1.70930000e+04,-2,-0.041667
17094,1.70940000e+04,-2,-0.041667
17095,1.70950000e+04,-1,-0.020833
17096,1.70960000e+04,-1,-0.020833
17097,1.70970000e+04,-1,-0.020833
17098,1.70980000e+04,-1,-0.020833
17099,1.70990000e+04,-1,-0.020833
17100,1.71000000e+04,0,0.000000
17101,1.71010000e+04,0,0.000000
17102,1.71020000e+04,0,0.000000
17103,1.71030000e+04,0,0.000000
17104,1.71040000e+04,0,0.000000
17105,1.71050000e+04,0,0.000000
17106,1.71060000e+04,0,0.000000
17107,1.71070000e+04,0,0.000000
17108,1.71080000e+04,0,0.000000
17109,1.71090000e+04,0,0.000000
17110,1.71100000e+04,1,0.020833
17111,1.71110000e+04,1,0.020833
17112,1.71120000e+04,1,0.020833
17113,1.71130000e+04,1,0.020833
17114,1.71140000e+04,1,0.020833
17115,1.71150000e+04,-1,-0.020833
17116,1.71160000e+04,-1,-0.020833
17117,1.71170000e+04,-1,-0.020833
17118,1.71180000e+04,-1,-0.020833
17119,1.71190000e+04,-1,-0.020833
17120,1.71200000e+04,3,0.062500
17121,1.71210000e+04,3,0.062500
17122,1.71220000e+04,3,0.062500
17123,1.71230000e+04,3,0.062500
17124,1.71240000e+04,3,0.062500
17125,1.71250000e+04,1,0.020833
17126,1.71260000e+04,1,0.020833
17127,1.71270000e+04,1,0.020833
17128,1.71280000e+04,1,0.020833
17129,1.71290000e+04,1,0.020833
17130,1.71300000e+04,1,0.020833
17131,1.71310000e+04,1,0.020833
17132,1.71320000e+04,1,0.020833
17133,1.71330000e+04,1,0.020833
17134,1.71340000e+04,1,0.020833
17135,1.71350000e+04,1,0.020833
17136,1.71360000e+04,1,0.020833
17137,1.71370000e+04,1,0.020833
17138,1.71380000e+04,1,0.020833
17139,1.71390000e+04,1,0.020833
17140,1.71400000e+04,3,0.062500
17141,1.71410000e+04,3,0.062500
17142,1.71420000e+04,3,0.062500
17143,1.71430000e+04,3,0.062500
17144,1.71440000e+04,3,0.062500
17145,1.71450000e+04,4,0.083333
17146,1.71460000e+04,4,0.083333
17147,1.71470000e+04,4,0.083333
17148,1.71480000e+04,4,0.083333
17149,1.71490000e+04,4,0.083333
17150,1.71500000e+04,-1,-0.020833
17151,1.71510000e+04,-1,-0.020833
17152,1.71520000e+04,-1,-0.020833
17153,1.71530000e+04,-1,-0.020833
17154,1.71540000e+04,-1,-0.020833
17155,1.71550000e+04,1,0.020833
17156,1.71560000e+04,1,0.020833
17157,1.71570000e+04,1,0.020833
17158,1.71580000e+04,1,0.020833
17159,1.71590000e+04,1,0.020833
17160,1.71600000e+04,0,0.000000
17161,1.71610000e+04,0,0.000000
17162,1.71620000e+04,0,0.000000
17163,1.71630000e+04,0,0.000000
17164,1.71640000e+04,0,0.000000
17165,1.71650000e+04,4,0.083333
17166,1.71660000e+04,4,0.083333
17167,1.71670000e+04,4,0.083333
17168,1.71680000e+04,4,0.083333
17169,1.71690000e+04,4,0.083333
17170,1.71700000e+04,-1,-0.020833
17171,1.71710000e+04,-1,-0.020833
17172,1.71720000e+04,-1,-0.020833
17173,1.71730000e+04,-1,-0.020833
17174,1.71740000e+04,-1,-0.020833
17175,1.71750000e+04,-1,-0.020833
17176,1.71760000e+04,-1,-0.020833
17177,1.71770000e+04,-1,-0.020833
17178,1.71780000e+04,-1,-0.020833
17179,1.71790000e+04,-1,-0.020833
17180,1.71800000e+04,2,0.041667
17181,1.71810000e+04,2,0.041667
17182,1.71820000e+04,2,0.041667
17183,1.71830000e+04,2,0.041667
17184,1.71840000e+04,2,0.041667
17185,1.71850000e+04,3,0.062500
17186,1.71860000e+04,3,0.062500
17187,1.71870000e+04,3,0.062500
17188,1.71880000e+04,3,0.062500
17189,1.71890000e+04,3,0.062500
17190,1.71900000e+04,1,0.020833
17191,1.71910000e+04,1,0.020833
17192,1.71920000e+04,1,0.020833
17193,1.71930000e+04,1,0.020833
17194,1.71940000e+04,1,0.020833
17195,1.71950000e+04,4,0.083333
17196,1.71960000e+04,4,0.083333
17197,1.71970000e+04,4,0.083333
17198,1.71980000e+04,4,0.083333
17199,1.71990000e+04,4,0.083333
17200,1.72000000e+04,4,0.083333
17201,1.72010000e+04,4,0.083333
17202,1.72020000e+04,4,0.083333
17203,1.72030000e+04,4,0.083333
17204,1.72040000e+04,4,0.083333
17205,1.72050000e+04,6,0.125000
17206,1.72060000e+04,6,0.125000
17207,1.72070000e+04,6,0.125000
17208,1.72080000e+04,6,0.125000
17209,1.72090000e+04,6,0.125000
17210,1.72100000e+04,6,0.125000
17211,1.72110000e+04,6,0.125000
17212,1.72120000e+04,6,0.125000
17213,1.72130000e+04,6,0.125000
17214,1.72140000e+04,6,0.125000
17215,1.72150000e+04,3,0.062500
17216,1.72160000e+04,3,0.062500
17217,1.72170000e+04,3,0.062500
17218,1.72180000e+04,3,0.062500
17219,1.72190000e+04,3,0.062500
17220,1.72200000e+04,6,0.125000
17221,1.72210000e+04,6,0.125000
17222,1.72220000e+04,6,0.125000
17223,1.72230000e+04,6,0.125000
17224,1.72240000e+04,6,0.125000
17225,1.72250000e+04,6,0.125000
17226,1.72260000e+04,6,0.125000
17227,1.72270000e+04,6,0.125000
17228,1.72280000e+04,6,0.125000
17229,1.72290000e+04,6,0.125000
17230,1.72300000e+04,4,0.083333
17231,1.72310000e+04,4,0.083333
17232,1.72320000e+04,4,0.083333
17233,1.72330000e+04,4,0.083333
17234,1.72340000e+04,4,0.083333
17235,1.72350000e+04,10,0.208333
17236,1.72360000e+04,10,0.208333
17237,1.72370000e+04,10,0.208333
17238,1.72380000e+04,10,0.208333
17239,1.72390000e+04,10,0.208333
17240,1.72400000e+04,9,0.187500
17241,1.72410000e+04,9,0.187500
17242,1.72420000e+04,9,0.187500
17243,1.72430000e+04,9,0.187500
17244,1.72440000e+04,9,0.187500
17245,1.72450000e+04,8,0.166667
17246,1.72460000e+04,8,0.166667
17247,1.72470000e+04,8,0.166667
17248,1.72480000e+04,8,0.166667
17249,1.72490000e+04,8,0.166667
17250,1.72500000e+04,9,0.187500
17251,1.72510000e+04,9,0.187500
17252,1.72520000e+04,9,0.187500
17253,1.72530000e+04,9,0.187500
17254,1.72540000e+04,9,0.187500
17255,1.72550000e+04,4,0.083333
17256,1.72560000e+04,4,0.083333
17257,1.72570000e+04,4,0.083333
17258,1.72580000e+04,4,0.083333
17259,1.72590000e+04,4,0.083333
17260,1.72600000e+04,7,0.145833
17261,1.72610000e+04,7,0.145833
17262,1.72620000e+04,7,0.145833
17263,1.72630000e+04,7,0.145833
17264,1.72640000e+04,7,0.145833
17265,1.72650000e+04,8,0.166667
17266,1.72660000e+04,8,0.166667
17267,1.72670000e+04,8,0.166667
17268,1.72680000e+04,8,0.166667
17269,1.72690000e+04,8,0.166667
17270,1.72700000e+04,7,0.145833
17271,1.72710000e+04,7,0.145833
17272,1.72720000e+04,7,0.145833
17273,1.72730000e+04,7,0.145833
17274,1.72740000e+04,7,0.145833
17275,1.72750000e+04,9,0.187500
17276,1.72760000e+04,9,0.187500
17277,1.72770000e+04,9,0.187500
17278,1.72780000e+04,9,0.187500
17279,1.72790000e+04,9,0.187500
17280,1.72800000e+04,10,0.208333
17281,1.72810000e+04,10,0.208333
17282,1.72820000e+04,10,0.208333
17283,1.72830000e+04,10,0.208333
17284,1.72840000e+04,10,0.208333
17285,1.72850000e+04,11,0.229167
17286,1.72860000e+04,11,0.229167
17287,1.72870000e+04,11,0.229167
17288,1.72880000e+04,11,0.229167
17289,1.72890000e+04,11,0.229167
17290,1.72900000e+04,10,0.208333
17291,1.72910000e+04,10,0.208333
17292,1.72920000e+04,10,0.208333
17293,1.72930000e+04,10,0.208333
17294,1.72940000e+04,10,0.208333
17295,1.72950000e+04,10,0.208333
17296,1.72960000e+04,10,0.208333
17297,1.72970000e+04,10,0.208333
17298,1.72980000e+04,10,0.208333
17299,1.72990000e+04,10,0.208333
17300,1.73000000e+04,8,0.166667
17301,1.73010000e+04,8,0.166667
17302,1.73020000e+04,8,0.166667
17303,1.73030000e+04,8,0.166667
17304,1.73040000e+04,8,0.166667
17305,1.73050000e+04,11,0.229167
17306,1.73060000e+04,11,0.229167
17307,1.73070000e+04,11,0.229167
17308,1.73080000e+04,11,0.229167
17309,1.73090000e+04,11,0.229167
17310,1.73100000e+04,12,0.250000
17311,1.73110000e+04,12,0.250000
17312,1.73120000e+04,12,0.250000
17313,1.73130000e+04,12,0.250000
17314,1.73140000e+04,12,0.250000
17315,1.73150000e+04,15,0.312500
17316,1.73160000e+04,15,0.312500
17317,1.73170000e+04,15,0.312500
17318,1.73180000e+04,15,0.312500
17319,1.73190000e+04,15,0.312500
17320,1.73200000e+04,11,0.229167
17321,1.73210000e+04,11,0.229167
17322,1.73220000e+04,11,0.229167
17323,1.73230000e+04,11,0.229167
17324,1.73240000e+04,11,0.229167
17325,1.73250000e+04,13,0.270833
17326,1.73260000e+04,13,0.270833
17327,1.73270000e+04,13,0.270833
17328,1.73280000e+04,13,0.270833
17329,1.73290000e+04,13,0.270833
17330,1.73300000e+04,16,0.333333
17331,1.73310000e+04,16,0.333333
17332,1.73320000e+04,16,0.333333
17333,1.73330000e+04,16,0.333333
17334,1.73340000e+04,16,0.333333
17335,1.73350000e+04,11,0.229167
17336,1.73360000e+04,11,0.229167
17337,1.73370000e+04,11,0.229167
17338,1.73380000e+04,11,0.229167
17339,1.73390000e+04,11,0.229167
17340,1.73400000e+04,13,0.270833
17341,1.73410000e+04,13,0.270833
17342,1.73420000e+04,13,0.270833
17343,1.73430000e+04,13,0.270833
17344,1.73440000e+04,13,0.270833
17345,1.73450000e+04,16,0.333333
17346,1.73460000e+04,16,0.333333
17347,1.73470000e+04,16,0.333333
17348,1.73480000e+04,16,0.333333
17349,1.73490000e+04,16,0.333333
17350,1.73500000e+04,17,0.354167
17351,1.73510000e+04,17,0.354167
17352,1.73520000e+04,17,0.354167
17353,1.73530000e+04,17,0.354167
17354,1.73540000e+04,17,0.354167
17355,1.73550000e+04,16,0.333333
17356,1.73560000e+04,16,0.333333
17357,1.73570000e+04,16,0.333333
17358,1.73580000e+04,16,0.333333
17359,1.73590000e+04,16,0.333333
17360,1.73600000e+04,15,0.312500
17361,1.73610000e+04,15,0.312500
17362,1.73620000e+04,15,0.312500
17363,1.73630000e+04,15,0.312500
17364,1.73640000e+04,15,0.312500
17365,1.73650000e+04,14,0.291667
17366,1.73660000e+04,14,0.291667
17367,1.73670000e+04,14,0.291667
17368,1.73680000e+04,14,0.291667
17369,1.73690000e+04,14,0.291667
17370,1.73700000e+04,15,0.312500
17371,1.73710000e+04,15,0.312500
17372,1.73720000e+04,15,0.312500
17373,1.73730000e+04,15,0.312500
17374,1.73740000e+04,15,0.312500
17375,1.73750000e+04,14,0.291667
17376,1.73760000e+04,14,0.291667
17377,1.73770000e+04,14,0.291667
17378,1.73780000e+04,14,0.291667
17379,1.73790000e+04,14,0.291667
17380,1.73800000e+04,15,0.312500
17381,1.73810000e+04,15,0.312500
17382,1.73820000e+04,15,0.312500
17383,1.73830000e+04,15,0.312500
17384,1.73840000e+04,15,0.312500
17385,1.73850000e+04,19,0.395833
17386,1.73860000e+04,19,0.395833
17387,1.73870000e+04,19,0.395833
17388,1.73880000e+04,19,0.395833
17389,1.73890000e+04,19,0.395833
17390,1.73900000e+04,13,0.270833
17391,1.73910000e+04,13,0.270833
17392,1.73920000e+04,13,0.270833
17393,1.73930000e+04,13,0.270833
17394,1.73940000e+04,13,0.270833
17395,1.73950000e+04,12,0.250000
17396,1.73960000e+04,12,0.250000
17397,1.73970000e+04,12,0.250000
17398,1.73980000e+04,12,0.250000
17399,1.73990000e+04,12,0.250000
17400,1.74000000e+04,17,0.354167
17401,1.74010000e+04,17,0.354167
17402,1.74020000e+04,17,0.354167
17403,1.74030000e+04,17,0.354167
17404,1.74040000e+04,17,0.354167
17405,1.74050000e+04,16,0.333333
17406,1.74060000e+04,16,0.333333
17407,1.74070000e+04,16,0.333333
17408,1.74080000e+04,16,0.333333
17409,1.74090000e+04,16,0.333333
17410,1.74100000e+04,12,0.250000
17411,1.74110000e+04,12,0.250000
17412,1.74120000e+04,12,0.250000
17413,1.74130000e+04,12,0.250000
17414,1.74140000e+04,12,0.250000
17415,1.74150000e+04,18,0.375000
17416,1.74160000e+04,18,0.375000
17417,1.74170000e+04,18,0.375000
17418,1.74180000e+04,18,0.375000
17419,1.74190000e+04,18,0.375000
17420,1.74200000e+04,18,0.375000
17421,1.74210000e+04,18,0.375000
17422,1.74220000e+04,18,0.375000
17423,1.74230000e+04,18,0.375000
17424,1.74240000e+04,18,0.375000
17425,1.74250000e+04,16,0.333333
17426,1.74260000e+04,16,0.333333
17427,1.74270000e+04,16,0.333333
17428,1.74280000e+04,16,0.333333
17429,1.74290000e+04,16,0.333333
17430,1.74300000e+04,15,0.312500
17431,1.74310000e+04,15,0.312500
17432,1.74320000e+04,15,0.312500
17433,1.74330000e+04,15,0.312500
17434,1.74340000e+04,15,0.312500
17435,1.74350000e+04,16,0.333333
17436,1.74360000e+04,16,0.333333
17437,1.74370000e+04,16,0.333333
17438,1.74380000e+04,16,0.333333
17439,1.74390000e+04,16,0.333333
17440,1.74400000e+04,17,0.354167
17441,1.74410000e+04,17,0.354167
17442,1.74420000e+04,17,0.354167
17443,1.74430000e+04,17,0.354167
17444,1.74440000e+04,17,0.354167
17445,1.74450000e+04,15,0.312500
17446,1.74460000e+04,15,0.312500
17447,1.74470000e+04,15,0.312500
17448,1.74480000e+04,15,0.312500
17449,1.74490000e+04,15,0.312500
17450,1.74500000e+04,18,0.375000
17451,1.74510000e+04,18,0.375000
17452,1.74520000e+04,18,0.375000
17453,1.74530000e+04,18,0.375000
17454,1.74540000e+04,18,0.375000
17455,1.74550000e+04,17,0.354167
17456,1.74560000e+04,17,0.354167
17457,1.74570000e+04,17,0.354167
17458,1.74580000e+04,17,0.354167
17459,1.74590000e+04,17,0.354167
17460,1.74600000e+04,21,0.437500
17461,1.74610000e+04,21,0.437500
17462,1.74620000e+04,21,0.437500
17463,1.74630000e+04,21,0.437500
17464,1.74640000e+04,21,0.437500
17465,1.74650000e+04,18,0.375000
17466,1.74660000e+04,18,0.375000
17467,1.74670000e+04,18,0.375000
17468,1.74680000e+04,18,0.375000
17469,1.74690000e+04,18,0.375000
17470,1.74700000e+04,18,0.375000
17471,1.74710000e+04,18,0.375000
17472,1.74720000e+04,18,0.375000
17473,1.74730000e+04,18,0.375000
17474,1.74740000e+04,18,0.375000
17475,1.74750000e+04,17,0.354167
17476,1.74760000e+04,17,0.354167
17477,1.74770000e+04,17,0.354167
17478,1.74780000e+04,17,0.354167
17479,1.74790000e+04,17,0.354167
17480,1.74800000e+04,18,0.375000
17481,1.74810000e+04,18,0.375000
17482,1.74820000e+04,18,0.375000
17483,1.74830000e+04,18,0.375000
17484,1.74840000e+04,18,0.375000
17485,1.74850000e+04,18,0.375000
17486,1.74860000e+04,18,0.375000
17487,1.74870000e+04,18,0.375000
17488,1.74880000e+04,18,0.375000
17489,1.74890000e+04,18,0.375000
17490,1.74900000e+04,15,0.312500
17491,1.74910000e+04,15,0.312500
17492,1.74920000e+04,15,0.312500
17493,1.74930000e+04,15,0.312500
17494,1.74940000e+04,15,0.312500
17495,1.74950000e+04,19,0.395833
17496,1.74960000e+04,19,0.395833
17497,1.74970000e+04,19,0.395833
17498,1.74980000e+04,19,0.395833
17499,1.74990000e+04,19,0.395833
17500,1.75000000e+04,17,0.354167
17501,1.75010000e+04,17,0.354167
17502,1.75020000e+04,17,0.354167
17503,1.75030000e+04,17,0.354167
17504,1.75040000e+04,17,0.354167
17505,1.75050000e+04,17,0.354167
17506,1.75060000e+04,17,0.354167
17507,1.75070000e+04,17,0.354167
17508,1.75080000e+04,17,0.354167
17509,1.75090000e+04,17,0.354167
17510,1.75100000e+04,16,0.333333
17511,1.75110000e+04,16,0.333333
17512,1.75120000e+04,16,0.333333
17513,1.75130000e+04,16,0.333333
17514,1.75140000e+04,16,0.333333
17515,1.75150000e+04,19,0.395833
17516,1.75160000e+04,19,0.395833
17517,1.75170000e+04,19,0.395833
17518,1.75180000e+04,19,0.395833
17519,1.75190000e+04,19,0.395833
17520,1.75200000e+04,13,0.270833
17521,1.75210000e+04,13,0.270833
17522,1.75220000e+04,13,0.270833
17523,1.75230000e+04,13,0.270833
17524,1.75240000e+04,13,0.270833
17525,1.75250000e+04,18,0.375000
17526,1.75260000e+04,18,0.375000
17527,1.75270000e+04,18,0.375000
17528,1.75280000e+04,18,0.375000
17529,1.75290000e+04,18,0.375000
17530,1.75300000e+04,17,0.354167
17531,1.75310000e+04,17,0.354167
17532,1.75320000e+04,17,0.354167
17533,1.75330000e+04,17,0.354167
17534,1.75340000e+04,17,0.354167
17535,1.75350000e+04,16,0.333333
17536,1.75360000e+04,16,0.333333
17537,1.75370000e+04,16,0.333333
17538,1.75380000e+04,16,0.333333
17539,1.75390000e+04,16,0.333333
17540,1.75400000e+04,15,0.312500
17541,1.75410000e+04,15,0.312500
17542,1.75420000e+04,15,0.312500
17543,1.75430000e+04,15,0.312500
17544,1.75440000e+04,15,0.312500
17545,1.75450000e+04,12,0.250000
17546,1.75460000e+04,12,0.250000
17547,1.75470000e+04,12,0.250000
17548,1.75480000e+04,12,0.250000
17549,1.75490000e+04,12,0.250000
17550,1.75500000e+04,18,0.375000
17551,1.75510000e+04,18,0.375000
17552,1.75520000e+04,18,0.375000
17553,1.75530000e+04,18,0.375000
17554,1.75540000e+04,18,0.375000
17555,1.75550000e+04,18,0.375000
17556,1.75560000e+04,18,0.375000
17557,1.75570000e+04,18,0.375000
17558,1.75580000e+04,18,0.375000
17559,1.75590000e+04,18,0.375000
17560,1.75600000e+04,17,0.354167
17561,1.75610000e+04,17,0.354167
17562,1.75620000e+04,17,0.354167
17563,1.75630000e+04,17,0.354167
17564,1.75640000e+04,17,0.354167
17565,1.75650000e+04,17,0.354167
17566,1.75660000e+04,17,0.354167
17567,1.75670000e+04,17,0.354167
17568,1.75680000e+04,17,0.354167
17569,1.75690000e+04,17,0.354167
17570,1.75700000e+04,17,0.354167
17571,1.75710000e+04,17,0.354167
17572,1.75720000e+04,17,0.354167
17573,1.75730000e+04,17,0.354167
17574,1.75740000e+04,17,0.354167
17575,1.75750000e+04,18,0.375000
17576,1.75760000e+04,18,0.375000
17577,1.75770000e+04,18,0.375000
17578,1.75780000e+04,18,0.375000
17579,1.75790000e+04,18,0.375000
17580,1.75800000e+04,18,0.375000
17581,1.75810000e+04,18,0.375000
17582,1.75820000e+04,18,0.375000
17583,1.75830000e+04,18,0.375000
17584,1.75840000e+04,18,0.375000
17585,1.75850000e+04,18,0.375000
17586,1.75860000e+04,18,0.375000
17587,1.75870000e+04,18,0.375000
17588,1.75880000e+04,18,0.375000
17589,1.75890000e+04,18,0.375000
17590,1.75900000e+04,15,0.312500
17591,1.75910000e+04,15,0.312500
17592,1.75920000e+04,15,0.312500
17593,1.75930000e+04,15,0.312500
17594,1.75940000e+04,15,0.312500
17595,1.75950000e+04,17,0.354167
17596,1.75960000e+04,17,0.354167
17597,1.75970000e+04,17,0.354167
17598,1.75980000e+04,17,0.354167
17599,1.75990000e+04,17,0.354167
17600,1.76000000e+04,15,0.312500
17601,1.76010000e+04,15,0.312500
17602,1.76020000e+04,15,0.312500
17603,1.76030000e+04,15,0.312500
17604,1.76040000e+04,15,0.312500
17605,1.76050000e+04,21,0.437500
17606,1.76060000e+04,21,0.437500
17607,1.76070000e+04,21,0.437500
17608,1.76080000e+04,21,0.437500
17609,1.76090000e+04,21,0.437500
17610,1.76100000e+04,18,0.375000
17611,1.76110000e+04,18,0.375000
17612,1.76120000e+04,18,0.375000
17613,1.76130000e+04,18,0.375000
17614,1.76140000e+04,18,0.375000
17615,1.76150000e+04,20,0.416667
17616,1.76160000e+04,20,0.416667
17617,1.76170000e+04,20,0.416667
17618,1.76180000e+04,20,0.416667
17619,1.76190000e+04,20,0.416667
17620,1.76200000e+04,19,0.395833
17621,1.76210000e+04,19,0.395833
17622,1.76220000e+04,19,0.395833
17623,1.76230000e+04,19,0.395833
17624,1.76240000e+04,19,0.395833
17625,1.76250000e+04,19,0.395833
17626,1.76260000e+04,19,0.395833
17627,1.76270000e+04,19,0.395833
17628,1.76280000e+04,19,0.395833
17629,1.76290000e+04,19,0.395833
17630,1.76300000e+04,20,0.416667
17631,1.76310000e+04,20,0.416667
17632,1.76320000e+04,20,0.416667
17633,1.76330000e+04,20,0.416667
17634,1.76340000e+04,20,0.416667
17635,1.76350000e+04,19,0.395833
17636,1.76360000e+04,19,0.395833
17637,1.76370000e+04,19,0.395833
17638,1.76380000e+04,19,0.395833
17639,1.76390000e+04,19,0.395833
17640,1.76400000e+04,18,0.375000
17641,1.76410000e+04,18,0.375000
17642,1.76420000e+04,18,0.375000
17643,1.76430000e+04,18,0.375000
17644,1.76440000e+04,18,0.375000
17645,1.76450000e+04,19,0.395833
17646,1.76460000e+04,19,0.395833
17647,1.76470000e+04,19,0.395833
17648,1.76480000e+04,19,0.395833
17649,1.76490000e+04,19,0.395833
17650,1.76500000e+04,19,0.395833
17651,1.76510000e+04,19,0.395833
17652,1.76520000e+04,19,0.395833
17653,1.76530000e+04,19,0.395833
17654,1.76540000e+04,19,0.395833
17655,1.76550000e+04,21,0.437500
17656,1.76560000e+04,21,0.437500
17657,1.76570000e+04,21,0.437500
17658,1.76580000e+04,21,0.437500
17659,1.76590000e+04,21,0.437500
17660,1.76600000e+04,22,0.458333
17661,1.76610000e+04,22,0.458333
17662,1.76620000e+04,22,0.458333
17663,1.76630000e+04,22,0.458333
17664,1.76640000e+04,22,0.458333
17665,1.76650000e+04,22,0.458333
17666,1.76660000e+04,22,0.458333
17667,1.76670000e+04,22,0.458333
17668,1.76680000e+04,22,0.458333
17669,1.76690000e+04,22,0.458333
17670,1.76700000e+04,21,0.437500
17671,1.76710000e+04,21,0.437500
17672,1.76720000e+04,21,0.437500
17673,1.76730000e+04,21,0.437500
17674,1.76740000e+04,21,0.437500
17675,1.76750000e+04,20,0.416667
17676,1.76760000e+04,20,0.416667
17677,1.76770000e+04,20,0.416667
17678,1.76780000e+04,20,0.416667
17679,1.76790000e+04,20,0.416667
17680,1.76800000e+04,19,0.395833
17681,1.76810000e+04,19,0.395833
17682,1.76820000e+04,19,0.395833
17683,1.76830000e+04,19,0.395833
17684,1.76840000e+04,19,0.395833
17685,1.76850000e+04,22,0.458333
17686,1.76860000e+04,22,0.458333
17687,1.76870000e+04,22,0.458333
17688,1.76880000e+04,22,0.458333
17689,1.76890000e+04,22,0.458333
17690,1.76900000e+04,22,0.458333
17691,1.76910000e+04,22,0.458333
17692,1.76920000e+04,22,0.458333
17693,1.76930000e+04,22,0.458333
17694,1.76940000e+04,22,0.458333
17695,1.76950000e+04,18,0.375000
17696,1.76960000e+04,18,0.375000
17697,1.76970000e+04,18,0.375000
17698,1.76980000e+04,18,0.375000
17699,1.76990000e+04,18,0.375000
17700,1.77000000e+04,21,0.437500
17701,1.77010000e+04,21,0.437500
17702,1.77020000e+04,21,0.437500
17703,1.77030000e+04,21,0.437500
17704,1.77040000e+04,21,0.437500
17705,1.77050000e+04,22,0.458333
17706,1.77060000e+04,22,0.458333
17707,1.77070000e+04,22,0.458333
17708,1.77080000e+04,22,0.458333
17709,1.77090000e+04,22,0.458333
17710,1.77100000e+04,20,0.416667
17711,1.77110000e+04,20,0.416667
17712,1.77120000e+04,20,0.416667
17713,1.77130000e+04,20,0.416667
17714,1.77140000e+04,20,0.416667
17715,1.77150000e+04,22,0.458333
17716,1.77160000e+04,22,0.458333
17717,1.77170000e+04,22,0.458333
17718,1.77180000e+04,22,0.458333
17719,1.77190000e+04,22,0.458333
17720,1.77200000e+04,21,0.437500
17721,1.77210000e+04,21,0.437500
17722,1.77220000e+04,21,0.437500
17723,1.77230000e+04,21,0.437500
17724,1.77240000e+04,21,0.437500
17725,1.77250000e+04,21,0.437500
17726,1.77260000e+04,21,0.437500
17727,1.77270000e+04,21,0.437500
17728,1.77280000e+04,21,0.437500
17729,1.77290000e+04,21,0.437500
17730,1.77300000e+04,20,0.416667
17731,1.77310000e+04,20,0.416667
17732,1.77320000e+04,20,0.416667
17733,1.77330000e+04,20,0.416667
17734,1.77340000e+04,20,0.416667
17735,1.77350000e+04,20,0.416667
17736,1.77360000e+04,20,0.416667
17737,1.77370000e+04,20,0.416667
17738,1.77380000e+04,20,0.416667
17739,1.77390000e+04,20,0.416667
17740,1.77400000e+04,18,0.375000
17741,1.77410000e+04,18,0.375000
17742,1.77420000e+04,18,0.375000
17743,1.77430000e+04,18,0.375000
17744,1.77440000e+04,18,0.375000
17745,1.77450000e+04,19,0.395833
17746,1.77460000e+04,19,0.395833
17747,1.77470000e+04,19,0.395833
17748,1.77480000e+04,19,0.395833
17749,1.77490000e+04,19,0.395833
17750,1.77500000e+04,21,0.437500
17751,1.77510000e+04,21,0.437500
17752,1.77520000e+04,21,0.437500
17753,1.77530000e+04,21,0.437500
17754,1.77540000e+04,21,0.437500
17755,1.77550000e+04,22,0.458333
17756,1.77560000e+04,22,0.458333
17757,1.77570000e+04,22,0.458333
17758,1.77580000e+04,22,0.458333
17759,1.77590000e+04,22,0.458333
17760,1.77600000e+04,22,0.458333
17761,1.77610000e+04,22,0.458333
17762,1.77620000e+04,22,0.458333
17763,1.77630000e+04,22,0.458333
17764,1.77640000e+04,22,0.458333
17765,1.77650000e+04,21,0.437500
17766,1.77660000e+04,21,0.437500
17767,1.77670000e+04,21,0.437500
17768,1.77680000e+04,21,0.437500
17769,1.77690000e+04,21,0.437500
17770,1.77700000e+04,21,0.437500
17771,1.77710000e+04,21,0.437500
17772,1.77720000e+04,21,0.437500
17773,1.77730000e+04,21,0.437500
17774,1.77740000e+04,21,0.437500
17775,1.77750000e+04,24,0.500000
17776,1.77760000e+04,24,0.500000
17777,1.77770000e+04,24,0.500000
17778,1.77780000e+04,24,0.500000
17779,1.77790000e+04,24,0.500000
17780,1.77800000e+04,22,0.458333
17781,1.77810000e+04,22,0.458333
17782,1.77820000e+04,22,0.458333
17783,1.77830000e+04,22,0.458333
17784,1.77840000e+04,22,0.458333
17785,1.77850000e+04,20,0.416667
17786,1.77860000e+04,20,0.416667
17787,1.77870000e+04,20,0.416667
17788,1.77880000e+04,20,0.416667
17789,1.77890000e+04,20,0.416667
17790,1.77900000e+04,22,0.458333
17791,1.77910000e+04,22,0.458333
17792,1.77920000e+04,22,0.458333
17793,1.77930000e+04,22,0.458333
17794,1.77940000e+04,22,0.458333
17795,1.77950000e+04,22,0.458333
17796,1.77960000e+04,22,0.458333
17797,1.77970000e+04,22,0.458333
17798,1.77980000e+04,22,0.458333
17799,1.77990000e+04,22,0.458333
17800,1.78000000e+04,22,0.458333
17801,1.78010000e+04,22,0.458333
17802,1.78020000e+04,22,0.458333
17803,1.78030000e+04,22,0.458333
17804,1.78040000e+04,22,0.458333
17805,1.78050000e+04,20,0.416667
17806,1.78060000e+04,20,0.416667
17807,1.78070000e+04,20,0.416667
17808,1.78080000e+04,20,0.416667
17809,1.78090000e+04,20,0.416667
17810,1.78100000e+04,20,0.416667
17811,1.78110000e+04,20,0.416667
17812,1.78120000e+04,20,0.416667
17813,1.78130000e+04,20,0.416667
17814,1.78140000e+04,20,0.416667
17815,1.78150000e+04,19,0.395833
17816,1.78160000e+04,19,0.395833
17817,1.78170000e+04,19,0.395833
17818,1.78180000e+04,19,0.395833
17819,1.78190000e+04,19,0.395833
17820,1.78200000e+04,19,0.395833
17821,1.78210000e+04,19,0.395833
17822,1.78220000e+04,19,0.395833
17823,1.78230000e+04,19,0.395833
17824,1.78240000e+04,19,0.395833
17825,1.78250000e+04,21,0.437500
17826,1.78260000e+04,21,0.437500
17827,1.78270000e+04,21,0.437500
17828,1.78280000e+04,21,0.437500
17829,1.78290000e+04,21,0.437500
17830,1.78300000e+04,21,0.437500
17831,1.78310000e+04,21,0.437500
17832,1.78320000e+04,21,0.437500
17833,1.78330000e+04,21,0.437500
17834,1.78340000e+04,21,0.437500
17835,1.78350000e+04,17,0.354167
17836,1.78360000e+04,17,0.354167
17837,1.78370000e+04,17,0.354167
17838,1.78380000e+04,17,0.354167
17839,1.78390000e+04,17,0.354167
17840,1.78400000e+04,14,0.291667
17841,1.78410000e+04,14,0.291667
17842,1.78420000e+04,14,0.291667
17843,1.78430000e+04,14,0.291667
17844,1.78440000e+04,14,0.291667
17845,1.78450000e+04,20,0.416667
17846,1.78460000e+04,20,0.416667
17847,1.78470000e+04,20,0.416667
17848,1.78480000e+04,20,0.416667
17849,1.78490000e+04,20,0.416667
17850,1.78500000e+04,19,0.395833
17851,1.78510000e+04,19,0.395833
17852,1.78520000e+04,19,0.395833
17853,1.78530000e+04,19,0.395833
17854,1.78540000e+04,19,0.395833
17855,1.78550000e+04,18,0.375000
17856,1.78560000e+04,18,0.375000
17857,1.78570000e+04,18,0.375000
17858,1.78580000e+04,18,0.375000
17859,1.78590000e+04,18,0.375000
17860,1.78600000e+04,21,0.437500
17861,1.78610000e+04,21,0.437500
17862,1.78620000e+04,21,0.437500
17863,1.78630000e+04,21,0.437500
17864,1.78640000e+04,21,0.437500
17865,1.78650000e+04,20,0.416667
17866,1.78660000e+04,20,0.416667
17867,1.78670000e+04,20,0.416667
17868,1.78680000e+04,20,0.416667
17869,1.78690000e+04,20,0.416667
17870,1.78700000e+04,21,0.437500
17871,1.78710000e+04,21,0.437500
17872,1.78720000e+04,21,0.437500
17873,1.78730000e+04,21,0.437500
17874,1.78740000e+04,21,0.437500
17875,1.78750000e+04,23,0.479167
17876,1.78760000e+04,23,0.479167
17877,1.78770000e+04,23,0.479167
17878,1.78780000e+04,23,0.479167
17879,1.78790000e+04,23,0.479167
17880,1.78800000e+04,23,0.479167
17881,1.78810000e+04,23,0.479167
17882,1.78820000e+04,23,0.479167
17883,1.78830000e+04,23,0.479167
17884,1.78840000e+04,23,0.479167
17885,1.78850000e+04,20,0.416667
17886,1.78860000e+04,20,0.416667
17887,1.78870000e+04,20,0.416667
17888,1.78880000e+04,20,0.416667
17889,1.78890000e+04,20,0.416667
17890,1.78900000e+04,22,0.458333
17891,1.78910000e+04,22,0.458333
17892,1.78920000e+04,22,0.458333
17893,1.78930000e+04,22,0.458333
17894,1.78940000e+04,22,0.458333
17895,1.78950000e+04,22,0.458333
17896,1.78960000e+04,22,0.458333
17897,1.78970000e+04,22,0.458333
17898,1.78980000e+04,22,0.458333
17899,1.78990000e+04,22,0.458333
17900,1.79000000e+04,23,0.479167
17901,1.79010000e+04,23,0.479167
17902,1.79020000e+04,23,0.479167
17903,1.79030000e+04,23,0.479167
17904,1.79040000e+04,23,0.479167
17905,1.79050000e+04,23,0.479167
17906,1.79060000e+04,23,0.479167
17907,1.79070000e+04,23,0.479167
17908,1.79080000e+04,23,0.479167
17909,1.79090000e+04,23,0.479167
17910,1.79100000e+04,20,0.416667
17911,1.79110000e+04,20,0.416667
17912,1.79120000e+04,20,0.416667
17913,1.79130000e+04,20,0.416667
17914,1.79140000e+04,20,0.416667
17915,1.79150000e+04,20,0.416667
17916,1.79160000e+04,20,0.416667
17917,1.79170000e+04,20,0.416667
17918,1.79180000e+04,20,0.416667
17919,1.79190000e+04,20,0.416667
17920,1.79200000e+04,21,0.437500
17921,1.79210000e+04,21,0.437500
17922,1.79220000e+04,21,0.437500
17923,1.79230000e+04,21,0.437500
17924,1.79240000e+04,21,0.437500
17925,1.79250000e+04,21,0.437500
17926,1.79260000e+04,21,0.437500
17927,1.79270000e+04,21,0.437500
17928,1.79280000e+04,21,0.437500
17929,1.79290000e+04,21,0.437500
17930,1.79300000e+04,21,0.437500
17931,1.79310000e+04,21,0.437500
17932,1.79320000e+04,21,0.437500
17933,1.79330000e+04,21,0.437500
17934,1.79340000e+04,21,0.437500
17935,1.79350000e+04,20,0.416667
17936,1.79360000e+04,20,0.416667
17937,1.79370000e+04,20,0.416667
17938,1.79380000e+04,20,0.416667
17939,1.79390000e+04,20,0.416667
17940,1.79400000e+04,22,0.458333
17941,1.79410000e+04,22,0.458333
17942,1.79420000e+04,22,0.458333
17943,1.79430000e+04,22,0.458333
17944,1.79440000e+04,22,0.458333
17945,1.79450000e+04,22,0.458333
17946,1.79460000e+04,22,0.458333
17947,1.79470000e+04,22,0.458333
17948,1.79480000e+04,22,0.458333
17949,1.79490000e+04,22,0.458333
17950,1.79500000e+04,21,0.437500
17951,1.79510000e+04,21,0.437500
17952,1.79520000e+04,21,0.437500
17953,1.79530000e+04,21,0.437500
17954,1.79540000e+04,21,0.437500
17955,1.79550000e+04,22,0.458333
17956,1.79560000e+04,22,0.458333
17957,1.79570000e+04,22,0.458333
17958,1.79580000e+04,22,0.458333
17959,1.79590000e+04,22,0.458333
17960,1.79600000e+04,22,0.458333
17961,1.79610000e+04,22,0.458333
17962,1.79620000e+04,22,0.458333
17963,1.79630000e+04,22,0.458333
17964,1.79640000e+04,22,0.458333
17965,1.79650000e+04,19,0.395833
17966,1.79660000e+04,19,0.395833
17967,1.79670000e+04,19,0.395833
17968,1.79680000e+04,19,0.395833
17969,1.79690000e+04,19,0.395833
17970,1.79700000e+04,20,0.416667
17971,1.79710000e+04,20,0.416667
17972,1.79720000e+04,20,0.416667
17973,1.79730000e+04,20,0.416667
17974,1.79740000e+04,20,0.416667
17975,1.79750000e+04,22,0.458333
17976,1.79760000e+04,22,0.458333
17977,1.79770000e+04,22,0.458333
17978,1.79780000e+04,22,0.458333
17979,1.79790000e+04,22,0.458333
17980,1.79800000e+04,22,0.458333
17981,1.79810000e+04,22,0.458333
17982,1.79820000e+04,22,0.458333
17983,1.79830000e+04,22,0.458333
17984,1.79840000e+04,22,0.458333
17985,1.79850000e+04,22,0.458333
17986,1.79860000e+04,22,0.458333
17987,1.79870000e+04,22,0.458333
17988,1.79880000e+04,22,0.458333
17989,1.79890000e+04,22,0.458333
17990,1.79900000e+04,20,0.416667
17991,1.79910000e+04,20,0.416667
17992,1.79920000e+04,20,0.416667
17993,1.79930000e+04,20,0.416667
17994,1.79940000e+04,20,0.416667
17995,1.79950000e+04,20,0.416667
17996,1.79960000e+04,20,0.416667
17997,1.79970000e+04,20,0.416667
17998,1.79980000e+04,20,0.416667
17999,1.79990000e+04,20,0.416667
18000,1.80000000e+04,22,0.458333
18001,1.80010000e+04,22,0.458333
18002,1.80020000e+04,22,0.458333
18003,1.80030000e+04,22,0.458333
18004,1.80040000e+04,22,0.458333
18005,1.80050000e+04,20,0.416667
18006,1.80060000e+04,20,0.416667
18007,1.80070000e+04,20,0.416667
18008,1.80080000e+04,20,0.416667
18009,1.80090000e+04,20,0.416667
18010,1.80100000e+04,23,0.479167
18011,1.80110000e+04,23,0.479167
18012,1.80120000e+04,23,0.479167
18013,1.80130000e+04,23,0.479167
18014,1.80140000e+04,23,0.479167
18015,1.80150000e+04,24,0.500000
18016,1.80160000e+04,24,0.500000
18017,1.80170000e+04,24,0.500000
18018,1.80180000e+04,24,0.500000
18019,1.80190000e+04,24,0.500000
18020,1.80200000e+04,24,0.500000
18021,1.80210000e+04,24,0.500000
18022,1.80220000e+04,24,0.500000
18023,1.80230000e+04,24,0.500000
18024,1.80240000e+04,24,0.500000
18025,1.80250000e+04,25,0.520833
18026,1.80260000e+04,25,0.520833
18027,1.80270000e+04,25,0.520833
18028,1.80280000e+04,25,0.520833
18029,1.80290000e+04,25,0.520833
18030,1.80300000e+04,23,0.479167
18031,1.80310000e+04,23,0.479167
18032,1.80320000e+04,23,0.479167
18033,1.80330000e+04,23,0.479167
18034,1.80340000e+04,23,0.479167
18035,1.80350000e+04,24,0.500000
18036,1.80360000e+04,24,0.500000
18037,1.80370000e+04,24,0.500000
18038,1.80380000e+04,24,0.500000
18039,1.80390000e+04,24,0.500000
18040,1.80400000e+04,22,0.458333
18041,1.80410000e+04,22,0.458333
18042,1.80420000e+04,22,0.458333
18043,1.80430000e+04,22,0.458333
18044,1.80440000e+04,22,0.458333
18045,1.80450000e+04,22,0.458333
18046,1.80460000e+04,22,0.458333
18047,1.80470000e+04,22,0.458333
18048,1.80480000e+04,22,0.458333
18049,1.80490000e+04,22,0.458333
18050,1.80500000e+04,22,0.458333
18051,1.80510000e+04,22,0.458333
18052,1.80520000e+04,22,0.458333
18053,1.80530000e+04,22,0.458333
18054,1.80540000e+04,22,0.458333
18055,1.80550000e+04,22,0.458333
18056,1.80560000e+04,22,0.458333
18057,1.80570000e+04,22,0.458333
18058,1.80580000e+04,22,0.458333
18059,1.80590000e+04,22,0.458333
18060,1.80600000e+04,22,0.458333
18061,1.80610000e+04,22,0.458333
18062,1.80620000e+04,22,0.458333
18063,1.80630000e+04,22,0.458333
18064,1.80640000e+04,22,0.458333
18065,1.80650000e+04,22,0.458333
18066,1.80660000e+04,22,0.458333
18067,1.80670000e+04,22,0.458333
18068,1.80680000e+04,22,0.458333
18069,1.80690000e+04,22,0.458333
18070,1.80700000e+04,22,0.458333
18071,1.80710000e+04,22,0.458333
18072,1.80720000e+04,22,0.458333
18073,1.80730000e+04,22,0.458333
18074,1.80740000e+04,22,0.458333
18075,1.80750000e+04,19,0.395833
18076,1.80760000e+04,19,0.395833
18077,1.80770000e+04,19,0.395833
18078,1.80780000e+04,19,0.395833
18079,1.80790000e+04,19,0.395833
18080,1.80800000e+04,20,0.416667
18081,1.80810000e+04,20,0.416667
18082,1.80820000e+04,20,0.416667
18083,1.80830000e+04,20,0.416667
18084,1.80840000e+04,20,0.416667
18085,1.80850000e+04,21,0.437500
18086,1.80860000e+04,21,0.437500
18087,1.80870000e+04,21,0.437500
18088,1.80880000e+04,21,0.437500
18089,1.80890000e+04,21,0.437500
18090,1.80900000e+04,22,0.458333
18091,1.80910000e+04,22,0.458333
18092,1.80920000e+04,22,0.458333
18093,1.80930000e+04,22,0.458333
18094,1.80940000e+04,22,0.458333
18095,1.80950000e+04,20,0.416667
18096,1.80960000e+04,20,0.416667
18097,1.80970000e+04,20,0.416667
18098,1.80980000e+04,20,0.416667
18099,1.80990000e+04,20,0.416667
18100,1.81000000e+04,16,0.333333
18101,1.81010000e+04,16,0.333333
18102,1.81020000e+04,16,0.333333
18103,1.81030000e+04,16,0.333333
18104,1.81040000e+04,16,0.333333
18105,1.81050000e+04,17,0.354167
18106,1.81060000e+04,17,0.354167
18107,1.81070000e+04,17,0.354167
18108,1.81080000e+04,17,0.354167
18109,1.81090000e+04,17,0.354167
18110,1.81100000e+04,22,0.458333
18111,1.81110000e+04,22,0.458333
18112,1.81120000e+04,22,0.458333
18113,1.81130000e+04,22,0.458333
18114,1.81140000e+04,22,0.458333
18115,1.81150000e+04,20,0.416667
18116,1.81160000e+04,20,0.416667
18117,1.81170000e+04,20,0.416667
18118,1.81180000e+04,20,0.416667
18119,1.81190000e+04,20,0.416667
18120,1.81200000e+04,19,0.395833
18121,1.81210000e+04,19,0.395833
18122,1.81220000e+04,19,0.395833
18123,1.81230000e+04,19,0.395833
18124,1.81240000e+04,19,0.395833
18125,1.81250000e+04,16,0.333333
18126,1.81260000e+04,16,0.333333
18127,1.81270000e+04,16,0.333333
18128,1.81280000e+04,16,0.333333
18129,1.81290000e+04,16,0.333333
18130,1.81300000e+04,22,0.458333
18131,1.81310000e+04,22,0.458333
18132,1.81320000e+04,22,0.458333
18133,1.81330000e+04,22,0.458333
18134,1.81340000e+04,22,0.458333
18135,1.81350000e+04,20,0.416667
18136,1.81360000e+04,20,0.416667
18137,1.81370000e+04,20,0.416667
18138,1.81380000e+04,20,0.416667
18139,1.81390000e+04,20,0.416667
18140,1.81400000e+04,21,0.437500
18141,1.81410000e+04,21,0.437500
18142,1.81420000e+04,21,0.437500
18143,1.81430000e+04,21,0.437500
18144,1.81440000e+04,21,0.437500
18145,1.81450000e+04,19,0.395833
18146,1.81460000e+04,19,0.395833
18147,1.81470000e+04,19,0.395833
18148,1.81480000e+04,19,0.395833
18149,1.81490000e+04,19,0.395833
18150,1.81500000e+04,18,0.375000
18151,1.81510000e+04,18,0.375000
18152,1.81520000e+04,18,0.375000
18153,1.81530000e+04,18,0.375000
18154,1.81540000e+04,18,0.375000
18155,1.81550000e+04,18,0.375000
18156,1.81560000e+04,18,0.375000
18157,1.81570000e+04,18,0.375000
18158,1.81580000e+04,18,0.375000
18159,1.81590000e+04,18,0.375000
18160,1.81600000e+04,14,0.291667
18161,1.81610000e+04,14,0.291667
18162,1.81620000e+04,14,0.291667
18163,1.81630000e+04,14,0.291667
18164,1.81640000e+04,14,0.291667
18165,1.81650000e+04,15,0.312500
18166,1.81660000e+04,15,0.312500
18167,1.81670000e+04,15,0.312500
18168,1.81680000e+04,15,0.312500
18169,1.81690000e+04,15,0.312500
18170,1.81700000e+04,12,0.250000
18171,1.81710000e+04,12,0.250000
18172,1.81720000e+04,12,0.250000
18173,1.81730000e+04,12,0.250000
18174,1.81740000e+04,12,0.250000
18175,1.81750000e+04,14,0.291667
18176,1.81760000e+04,14,0.291667
18177,1.81770000e+04,14,0.291667
18178,1.81780000e+04,14,0.291667
18179,1.81790000e+04,14,0.291667
18180,1.81800000e+04,16,0.333333
18181,1.81810000e+04,16,0.333333
18182,1.81820000e+04,16,0.333333
18183,1.81830000e+04,16,0.333333
18184,1.81840000e+04,16,0.333333
18185,1.81850000e+04,15,0.312500
18186,1.81860000e+04,15,0.312500
18187,1.81870000e+04,15,0.312500
18188,1.81880000e+04,15,0.312500
18189,1.81890000e+04,15,0.312500
18190,1.81900000e+04,12,0.250000
18191,1.81910000e+04,12,0.250000
18192,1.81920000e+04,12,0.250000
18193,1.81930000e+04,12,0.250000
18194,1.81940000e+04,12,0.250000
18195,1.81950000e+04,15,0.312500
18196,1.81960000e+04,15,0.312500
18197,1.81970000e+04,15,0.312500
18198,1.81980000e+04,15,0.312500
18199,1.81990000e+04,15,0.312500
18200,1.82000000e+04,13,0.270833
18201,1.82010000e+04,13,0.270833
18202,1.82020000e+04,13,0.270833
18203,1.82030000e+04,13,0.270833
18204,1.82040000e+04,13,0.270833
18205,1.82050000e+04,12,0.250000
18206,1.82060000e+04,12,0.250000
18207,1.82070000e+04,12,0.250000
18208,1.82080000e+04,12,0.250000
18209,1.82090000e+04,12,0.250000
18210,1.82100000e+04,11,0.229167
18211,1.82110000e+04,11,0.229167
18212,1.82120000e+04,11,0.229167
18213,1.82130000e+04,11,0.229167
18214,1.82140000e+04,11,0.229167
18215,1.82150000e+04,10,0.208333
18216,1.82160000e+04,10,0.208333
18217,1.82170000e+04,10,0.208333
18218,1.82180000e+04,10,0.208333
18219,1.82190000e+04,10,0.208333
18220,1.82200000e+04,14,0.291667
18221,1.82210000e+04,14,0.291667
18222,1.82220000e+04,14,0.291667
18223,1.82230000e+04,14,0.291667
18224,1.82240000e+04,14,0.291667
18225,1.82250000e+04,11,0.229167
18226,1.82260000e+04,11,0.229167
18227,1.82270000e+04,11,0.229167
18228,1.82280000e+04,11,0.229167
18229,1.82290000e+04,11,0.229167
18230,1.82300000e+04,8,0.166667
18231,1.82310000e+04,8,0.166667
18232,1.82320000e+04,8,0.166667
18233,1.82330000e+04,8,0.166667
18234,1.82340000e+04,8,0.166667
18235,1.82350000e+04,10,0.208333
18236,1.82360000e+04,10,0.208333
18237,1.82370000e+04,10,0.208333
18238,1.82380000e+04,10,0.208333
18239,1.82390000e+04,10,0.208333
18240,1.82400000e+04,10,0.208333
18241,1.82410000e+04,10,0.208333
18242,1.82420000e+04,10,0.208333
18243,1.82430000e+04,10,0.208333
18244,1.82440000e+04,10,0.208333
18245,1.82450000e+04,11,0.229167
18246,1.82460000e+04,11,0.229167
18247,1.82470000e+04,11,0.229167
18248,1.82480000e+04,11,0.229167
18249,1.82490000e+04,11,0.229167
18250,1.82500000e+04,10,0.208333
18251,1.82510000e+04,10,0.208333
18252,1.82520000e+04,10,0.208333
18253,1.82530000e+04,10,0.208333
18254,1.82540000e+04,10,0.208333
18255,1.82550000e+04,9,0.187500
18256,1.82560000e+04,9,0.187500
18257,1.82570000e+04,9,0.187500
18258,1.82580000e+04,9,0.187500
18259,1.82590000e+04,9,0.187500
18260,1.82600000e+04,14,0.291667
18261,1.82610000e+04,14,0.291667
18262,1.82620000e+04,14,0.291667
18263,1.82630000e+04,14,0.291667
18264,1.82640000e+04,14,0.291667
18265,1.82650000e+04,12,0.250000
18266,1.82660000e+04,12,0.250000
18267,1.82670000e+04,12,0.250000
18268,1.82680000e+04,12,0.250000
18269,1.82690000e+04,12,0.250000
18270,1.82700000e+04,12,0.250000
18271,1.82710000e+04,12,0.250000
18272,1.82720000e+04,12,0.250000
18273,1.82730000e+04,12,0.250000
18274,1.82740000e+04,12,0.250000
18275,1.82750000e+04,10,0.208333
18276,1.82760000e+04,10,0.208333
18277,1.82770000e+04,10,0.208333
18278,1.82780000e+04,10,0.208333
18279,1.82790000e+04,10,0.208333
18280,1.82800000e+04,9,0.187500
18281,1.82810000e+04,9,0.187500
18282,1.82820000e+04,9,0.187500
18283,1.82830000e+04,9,0.187500
18284,1.82840000e+04,9,0.187500
18285,1.82850000e+04,8,0.166667
18286,1.82860000e+04,8,0.166667
18287,1.82870000e+04,8,0.166667
18288,1.82880000e+04,8,0.166667
18289,1.82890000e+04,8,0.166667
18290,1.82900000e+04,9,0.187500
18291,1.82910000e+04,9,0.187500
18292,1.82920000e+04,9,0.187500
18293,1.82930000e+04,9,0.187500
18294,1.82940000e+04,9,0.187500
18295,1.82950000e+04,9,0.187500
18296,1.82960000e+04,9,0.187500
18297,1.82970000e+04,9,0.187500
18298,1.82980000e+04,9,0.187500
18299,1.82990000e+04,9,0.187500
18300,1.83000000e+04,10,0.208333
18301,1.83010000e+04,10,0.208333
18302,1.83020000e+04,10,0.208333
18303,1.83030000e+04,10,0.208333
18304,1.83040000e+04,10,0.208333
18305,1.83050000e+04,8,0.166667
18306,1.83060000e+04,8,0.166667
18307,1.83070000e+04,8,0.166667
18308,1.83080000e+04,8,0.166667
18309,1.83090000e+04,8,0.166667
18310,1.83100000e+04,8,0.166667
18311,1.83110000e+04,8,0.166667
18312,1.83120000e+04,8,0.166667
18313,1.83130000e+04,8,0.166667
18314,1.83140000e+04,8,0.166667
18315,1.83150000e+04,5,0.104167
18316,1.83160000e+04,5,0.104167
18317,1.83170000e+04,5,0.104167
18318,1.83180000e+04,5,0.104167
18319,1.83190000e+04,5,0.104167
18320,1.83200000e+04,8,0.166667
18321,1.83210000e+04,8,0.166667
18322,1.83220000e+04,8,0.166667
18323,1.83230000e+04,8,0.166667
18324,1.83240000e+04,8,0.166667
18325,1.83250000e+04,7,0.145833
18326,1.83260000e+04,7,0.145833
18327,1.83270000e+04,7,0.145833
18328,1.83280000e+04,7,0.145833
18329,1.83290000e+04,7,0.145833
18330,1.83300000e+04,7,0.145833
18331,1.83310000e+04,7,0.145833
18332,1.83320000e+04,7,0.145833
18333,1.83330000e+04,7,0.145833
18334,1.83340000e+04,7,0.145833
18335,1.83350000e+04,10,0.208333
18336,1.83360000e+04,10,0.208333
18337,1.83370000e+04,10,0.208333
18338,1.83380000e+04,10,0.208333
18339,1.83390000e+04,10,0.208333
18340,1.83400000e+04,6,0.125000
18341,1.83410000e+04,6,0.125000
18342,1.83420000e+04,6,0.125000
18343,1.83430000e+04,6,0.125000
18344,1.83440000e+04,6,0.125000
18345,1.83450000e+04,8,0.166667
18346,1.83460000e+04,8,0.166667
18347,1.83470000e+04,8,0.166667
18348,1.83480000e+04,8,0.166667
18349,1.83490000e+04,8,0.166667
18350,1.83500000e+04,10,0.208333
18351,1.83510000e+04,10,0.208333
18352,1.83520000e+04,10,0.208333
18353,1.83530000e+04,10,0.208333
18354,1.83540000e+04,10,0.208333
18355,1.83550000e+04,9,0.187500
18356,1.83560000e+04,9,0.187500
18357,1.83570000e+04,9,0.187500
18358,1.83580000e+04,9,0.187500
18359,1.83590000e+04,9,0.187500
18360,1.83600000e+04,9,0.187500
18361,1.83610000e+04,9,0.187500
18362,1.83620000e+04,9,0.187500
18363,1.83630000e+04,9,0.187500
18364,1.83640000e+04,9,0.187500
18365,1.83650000e+04,9,0.187500
18366,1.83660000e+04,9,0.187500
18367,1.83670000e+04,9,0.187500
18368,1.83680000e+04,9,0.187500
18369,1.83690000e+04,9,0.187500
18370,1.83700000e+04,7,0.145833
18371,1.83710000e+04,7,0.145833
18372,1.83720000e+04,7,0.145833
18373,1.83730000e+04,7,0.145833
18374,1.83740000e+04,7,0.145833
18375,1.83750000e+04,8,0.166667
18376,1.83760000e+04,8,0.166667
18377,1.83770000e+04,8,0.166667
18378,1.83780000e+04,8,0.166667
18379,1.83790000e+04,8,0.166667
18380,1.83800000e+04,7,0.145833
18381,1.83810000e+04,7,0.145833
18382,1.83820000e+04,7,0.145833
18383,1.83830000e+04,7,0.145833
18384,1.83840000e+04,7,0.145833
18385,1.83850000e+04,7,0.145833
18386,1.83860000e+04,7,0.145833
18387,1.83870000e+04,7,0.145833
18388,1.83880000e+04,7,0.145833
18389,1.83890000e+04,7,0.145833
18390,1.83900000e+04,9,0.187500
18391,1.83910000e+04,9,0.187500
18392,1.83920000e+04,9,0.187500
18393,1.83930000e+04,9,0.187500
18394,1.83940000e+04,9,0.187500
18395,1.83950000e+04,7,0.145833
18396,1.83960000e+04,7,0.145833
18397,1.83970000e+04,7,0.145833
18398,1.83980000e+04,7,0.145833
18399,1.83990000e+04,7,0.145833
18400,1.84000000e+04,2,0.041667
18401,1.84010000e+04,2,0.041667
18402,1.84020000e+04,2,0.041667
18403,1.84030000e+04,2,0.041667
18404,1.84040000e+04,2,0.041667
18405,1.84050000e+04,3,0.062500
18406,1.84060000e+04,3,0.062500
18407,1.84070000e+04,3,0.062500
18408,1.84080000e+04,3,0.062500
18409,1.84090000e+04,3,0.062500
18410,1.84100000e+04,7,0.145833
18411,1.84110000e+04,7,0.145833
18412,1.84120000e+04,7,0.145833
18413,1.84130000e+04,7,0.145833
18414,1.84140000e+04,7,0.145833
18415,1.84150000e+04,4,0.083333
18416,1.84160000e+04,4,0.083333
18417,1.84170000e+04,4,0.083333
18418,1.84180000e+04,4,0.083333
18419,1.84190000e+04,4,0.083333
18420,1.84200000e+04,5,0.104167
18421,1.84210000e+04,5,0.104167
18422,1.84220000e+04,5,0.104167
18423,1.84230000e+04,5,0.104167
18424,1.84240000e+04,5,0.104167
18425,1.84250000e+04,6,0.125000
18426,1.84260000e+04,6,0.125000
18427,1.84270000e+04,6,0.125000
18428,1.84280000e+04,6,0.125000
18429,1.84290000e+04,6,0.125000
18430,1.84300000e+04,8,0.166667
18431,1.84310000e+04,8,0.166667
18432,1.84320000e+04,8,0.166667
18433,1.84330000e+04,8,0.166667
18434,1.84340000e+04,8,0.166667
18435,1.84350000e+04,5,0.104167
18436,1.84360000e+04,5,0.104167
18437,1.84370000e+04,5,0.104167
18438,1.84380000e+04,5,0.104167
18439,1.84390000e+04,5,0.104167
18440,1.84400000e+04,4,0.083333
18441,1.84410000e+04,4,0.083333
18442,1.84420000e+04,4,0.083333
18443,1.84430000e+04,4,0.083333
18444,1.84440000e+04,4,0.083333
18445,1.84450000e+04,7,0.145833
18446,1.84460000e+04,7,0.145833
18447,1.84470000e+04,7,0.145833
18448,1.84480000e+04,7,0.145833
18449,1.84490000e+04,7,0.145833
18450,1.84500000e+04,8,0.166667
18451,1.84510000e+04,8,0.166667
18452,1.84520000e+04,8,0.166667
18453,1.84530000e+04,8,0.166667
18454,1.84540000e+04,8,0.166667
18455,1.84550000e+04,4,0.083333
18456,1.84560000e+04,4,0.083333
18457,1.84570000e+04,4,0.083333
18458,1.84580000e+04,4,0.083333
18459,1.84590000e+04,4,0.083333
18460,1.84600000e+04,4,0.083333
18461,1.84610000e+04,4,0.083333
18462,1.84620000e+04,4,0.083333
18463,1.84630000e+04,4,0.083333
18464,1.84640000e+04,4,0.083333
18465,1.84650000e+04,8,0.166667
18466,1.84660000e+04,8,0.166667
18467,1.84670000e+04,8,0.166667
18468,1.84680000e+04,8,0.166667
18469,1.84690000e+04,8,0.166667
18470,1.84700000e+04,4,0.083333
18471,1.84710000e+04,4,0.083333
18472,1.84720000e+04,4,0.083333
18473,1.84730000e+04,4,0.083333
18474,1.84740000e+04,4,0.083333
18475,1.84750000e+04,5,0.104167
18476,1.84760000e+04,5,0.104167
18477,1.84770000e+04,5,0.104167
18478,1.84780000e+04,5,0.104167
18479,1.84790000e+04,5,0.104167
18480,1.84800000e+04,3,0.062500
18481,1.84810000e+04,3,0.062500
18482,1.84820000e+04,3,0.062500
18483,1.84830000e+04,3,0.062500
18484,1.84840000e+04,3,0.062500
18485,1.84850000e+04,4,0.083333
18486,1.84860000e+04,4,0.083333
18487,1.84870000e+04,4,0.083333
18488,1.84880000e+04,4,0.083333
18489,1.84890000e+04,4,0.083333
18490,1.84900000e+04,8,0.166667
18491,1.84910000e+04,8,0.166667
18492,1.84920000e+04,8,0.166667
18493,1.84930000e+04,8,0.166667
18494,1.84940000e+04,8,0.166667
18495,1.84950000e+04,6,0.125000
18496,1.84960000e+04,6,0.125000
18497,1.84970000e+04,6,0.125000
18498,1.84980000e+04,6,0.125000
18499,1.84990000e+04,6,0.125000
18500,1.85000000e+04,6,0.125000
18501,1.85010000e+04,6,0.125000
18502,1.85020000e+04,6,0.125000
18503,1.85030000e+04,6,0.125000
18504,1.85040000e+04,6,0.125000
18505,1.85050000e+04,4,0.083333
18506,1.85060000e+04,4,0.083333
18507,1.85070000e+04,4,0.083333
18508,1.85080000e+04,4,0.083333
18509,1.85090000e+04,4,0.083333
18510,1.85100000e+04,5,0.104167
18511,1.85110000e+04,5,0.104167
18512,1.85120000e+04,5,0.104167
18513,1.85130000e+04,5,0.104167
18514,1.85140000e+04,5,0.104167
18515,1.85150000e+04,5,0.104167
18516,1.85160000e+04,5,0.104167
18517,1.85170000e+04,5,0.104167
18518,1.85180000e+04,5,0.104167
18519,1.85190000e+04,5,0.104167
18520,1.85200000e+04,5,0.104167
18521,1.85210000e+04,5,0.104167
18522,1.85220000e+04,5,0.104167
18523,1.85230000e+04,5,0.104167
18524,1.85240000e+04,5,0.104167
18525,1.85250000e+04,5,0.104167
18526,1.85260000e+04,5,0.104167
18527,1.85270000e+04,5,0.104167
18528,1.85280000e+04,5,0.104167
18529,1.85290000e+04,5,0.104167
18530,1.85300000e+04,4,0.083333
18531,1.85310000e+04,4,0.083333
18532,1.85320000e+04,4,0.083333
18533,1.85330000e+04,4,0.083333
18534,1.85340000e+04,4,0.083333
18535,1.85350000e+04,5,0.104167
18536,1.85360000e+04,5,0.104167
18537,1.85370000e+04,5,0.104167
18538,1.85380000e+04,5,0.104167
18539,1.85390000e+04,5,0.104167
18540,1.85400000e+04,3,0.062500
18541,1.85410000e+04,3,0.062500
18542,1.85420000e+04,3,0.062500
18543,1.85430000e+04,3,0.062500
18544,1.85440000e+04,3,0.062500
18545,1.85450000e+04,4,0.083333
18546,1.85460000e+04,4,0.083333
18547,1.85470000e+04,4,0.083333
18548,1.85480000e+04,4,0.083333
18549,1.85490000e+04,4,0.083333
18550,1.85500000e+04,4,0.083333
18551,1.85510000e+04,4,0.083333
18552,1.85520000e+04,4,0.083333
18553,1.85530000e+04,4,0.083333
18554,1.85540000e+04,4,0.083333
18555,1.85550000e+04,4,0.083333
18556,1.85560000e+04,4,0.083333
18557,1.85570000e+04,4,0.083333
18558,1.85580000e+04,4,0.083333
18559,1.85590000e+04,4,0.083333
18560,1.85600000e+04,3,0.062500
18561,1.85610000e+04,3,0.062500
18562,1.85620000e+04,3,0.062500
18563,1.85630000e+04,3,0.062500
18564,1.85640000e+04,3,0.062500
18565,1.85650000e+04,1,0.020833
18566,1.85660000e+04,1,0.020833
18567,1.85670000e+04,1,0.020833
18568,1.85680000e+04,1,0.020833
18569,1.85690000e+04,1,0.020833
18570,1.85700000e+04,4,0.083333
18571,1.85710000e+04,4,0.083333
18572,1.85720000e+04,4,0.083333
18573,1.85730000e+04,4,0.083333
18574,1.85740000e+04,4,0.083333
18575,1.85750000e+04,6,0.125000
18576,1.85760000e+04,6,0.125000
18577,1.85770000e+04,6,0.125000
18578,1.85780000e+04,6,0.125000
18579,1.85790000e+04,6,0.125000
18580,1.85800000e+04,2,0.041667
18581,1.85810000e+04,2,0.041667
18582,1.85820000e+04,2,0.041667
18583,1.85830000e+04,2,0.041667
18584,1.85840000e+04,2,0.041667
18585,1.85850000e+04,4,0.083333
18586,1.85860000e+04,4,0.083333
18587,1.85870000e+04,4,0.083333
18588,1.85880000e+04,4,0.083333
18589,1.85890000e+04,4,0.083333
18590,1.85900000e+04,2,0.041667
18591,1.85910000e+04,2,0.041667
18592,1.85920000e+04,2,0.041667
18593,1.85930000e+04,2,0.041667
18594,1.85940000e+04,2,0.041667
18595,1.85950000e+04,4,0.083333
18596,1.85960000e+04,4,0.083333
18597,1.85970000e+04,4,0.083333
18598,1.85980000e+04,4,0.083333
18599,1.85990000e+04,4,0.083333
18600,1.86000000e+04,4,0.083333
18601,1.86010000e+04,4,0.083333
18602,1.86020000e+04,4,0.083333
18603,1.86030000e+04,4,0.083333
18604,1.86040000e+04,4,0.083333
18605,1.86050000e+04,1,0.020833
18606,1.86060000e+04,1,0.020833
18607,1.86070000e+04,1,0.020833
18608,1.86080000e+04,1,0.020833
18609,1.86090000e+04,1,0.020833
18610,1.86100000e+04,4,0.083333
18611,1.86110000e+04,4,0.083333
18612,1.86120000e+04,4,0.083333
18613,1.86130000e+04,4,0.083333
18614,1.86140000e+04,4,0.083333
18615,1.86150000e+04,4,0.083333
18616,1.86160000e+04,4,0.083333
18617,1.86170000e+04,4,0.083333
18618,1.86180000e+04,4,0.083333
18619,1.86190000e+04,4,0.083333
18620,1.86200000e+04,1,0.020833
18621,1.86210000e+04,1,0.020833
18622,1.86220000e+04,1,0.020833
18623,1.86230000e+04,1,0.020833
18624,1.86240000e+04,1,0.020833
18625,1.86250000e+04,1,0.020833
18626,1.86260000e+04,1,0.020833
18627,1.86270000e+04,1,0.020833
18628,1.86280000e+04,1,0.020833
18629,1.86290000e+04,1,0.020833
18630,1.86300000e+04,0,0.000000
18631,1.86310000e+04,0,0.000000
18632,1.86320000e+04,0,0.000000
18633,1.86330000e+04,0,0.000000
18634,1.86340000e+04,0,0.000000
18635,1.86350000e+04,-3,-0.062500
18636,1.86360000e+04,-3,-0.062500
18637,1.86370000e+04,-3,-0.062500
18638,1.86380000e+04,-3,-0.062500
18639,1.86390000e+04,-3,-0.062500
18640,1.86400000e+04,0,0.000000
18641,1.86410000e+04,0,0.000000
18642,1.86420000e+04,0,0.000000
18643,1.86430000e+04,0,0.000000
18644,1.86440000e+04,0,0.000000
18645,1.86450000e+04,-1,-0.020833
18646,1.86460000e+04,-1,-0.020833
18647,1.86470000e+04,-1,-0.020833
18648,1.86480000e+04,-1,-0.020833
18649,1.86490000e+04,-1,-0.020833
18650,1.86500000e+04,-3,-0.062500
18651,1.86510000e+04,-3,-0.062500
18652,1.86520000e+04,-3,-0.062500
18653,1.86530000e+04,-3,-0.062500
18654,1.86540000e+04,-3,-0.062500
18655,1.86550000e+04,-5,-0.104167
18656,1.86560000e+04,-5,-0.104167
18657,1.86570000e+04,-5,-0.104167
18658,1.86580000e+04,-5,-0.104167
18659,1.86590000e+04,-5,-0.104167
18660,1.86600000e+04,-1,-0.020833
18661,1.86610000e+04,-1,-0.020833
18662,1.86620000e+04,-1,-0.020833
18663,1.86630000e+04,-1,-0.020833
18664,1.86640000e+04,-1,-0.020833
18665,1.86650000e+04,-7,-0.145833
18666,1.86660000e+04,-7,-0.145833
18667,1.86670000e+04,-7,-0.145833
18668,1.86680000e+04,-7,-0.145833
18669,1.86690000e+04,-7,-0.145833
18670,1.86700000e+04,-4,-0.083333
18671,1.86710000e+04,-4,-0.083333
18672,1.86720000e+04,-4,-0.083333
18673,1.86730000e+04,-4,-0.083333
18674,1.86740000e+04,-4,-0.083333
18675,1.86750000e+04,-4,-0.083333
18676,1.86760000e+04,-4,-0.083333
18677,1.86770000e+04,-4,-0.083333
18678,1.86780000e+04,-4,-0.083333
18679,1.86790000e+04,-4,-0.083333
18680,1.86800000e+04,-5,-0.104167
18681,1.86810000e+04,-5,-0.104167
18682,1.86820000e+04,-5,-0.104167
18683,1.86830000e+04,-5,-0.104167
18684,1.86840000e+04,-5,-0.104167
18685,1.86850000e+04,-8,-0.166667
18686,1.86860000e+04,-8,-0.166667
18687,1.86870000e+04,-8,-0.166667
18688,1.86880000e+04,-8,-0.166667
18689,1.86890000e+04,-8,-0.166667
18690,1.86900000e+04,-4,-0.083333
18691,1.86910000e+04,-4,-0.083333
18692,1.86920000e+04,-4,-0.083333
18693,1.86930000e+04,-4,-0.083333
18694,1.86940000e+04,-4,-0.083333
18695,1.86950000e+04,-4,-0.083333
18696,1.86960000e+04,-4,-0.083333
18697,1.86970000e+04,-4,-0.083333
18698,1.86980000e+04,-4,-0.083333
18699,1.86990000e+04,-4,-0.083333
18700,1.87000000e+04,-4,-0.083333
18701,1.87010000e+04,-4,-0.083333
18702,1.87020000e+04,-4,-0.083333
18703,1.87030000e+04,-4,-0.083333
18704,1.87040000e+04,-4,-0.083333
18705,1.87050000e+04,-5,-0.104167
18706,1.87060000e+04,-5,-0.104167
18707,1.87070000e+04,-5,-0.104167
18708,1.87080000e+04,-5,-0.104167
18709,1.87090000e+04,-5,-0.104167
18710,1.87100000e+04,-7,-0.145833
18711,1.87110000e+04,-7,-0.145833
18712,1.87120000e+04,-7,-0.145833
18713,1.87130000e+04,-7,-0.145833
18714,1.87140000e+04,-7,-0.145833
18715,1.87150000e+04,-5,-0.104167
18716,1.87160000e+04,-5,-0.104167
18717,1.87170000e+04,-5,-0.104167
18718,1.87180000e+04,-5,-0.104167
18719,1.87190000e+04,-5,-0.104167
18720,1.87200000e+04,-7,-0.145833
18721,1.87210000e+04,-7,-0.145833
18722,1.87220000e+04,-7,-0.145833
18723,1.87230000e+04,-7,-0.145833
18724,1.87240000e+04,-7,-0.145833
18725,1.87250000e+04,-3,-0.062500
18726,1.87260000e+04,-3,-0.062500
18727,1.87270000e+04,-3,-0.062500
18728,1.87280000e+04,-3,-0.062500
18729,1.87290000e+04,-3,-0.062500
18730,1.87300000e+04,-5,-0.104167
18731,1.87310000e+04,-5,-0.104167
18732,1.87320000e+04,-5,-0.104167
18733,1.87330000e+04,-5,-0.104167
18734,1.87340000e+04,-5,-0.104167
18735,1.87350000e+04,-8,-0.166667
18736,1.87360000e+04,-8,-0.166667
18737,1.87370000e+04,-8,-0.166667
18738,1.87380000e+04,-8,-0.166667
18739,1.87390000e+04,-8,-0.166667
18740,1.87400000e+04,-6,-0.125000
18741,1.87410000e+04,-6,-0.125000
18742,1.87420000e+04,-6,-0.125000
18743,1.87430000e+04,-6,-0.125000
18744,1.87440000e+04,-6,-0.125000
18745,1.87450000e+04,-7,-0.145833
18746,1.87460000e+04,-7,-0.145833
18747,1.87470000e+04,-7,-0.145833
18748,1.87480000e+04,-7,-0.145833
18749,1.87490000e+04,-7,-0.145833
18750,1.87500000e+04,-8,-0.166667
18751,1.87510000e+04,-8,-0.166667
18752,1.87520000e+04,-8,-0.166667
18753,1.87530000e+04,-8,-0.166667
18754,1.87540000e+04,-8,-0.166667
18755,1.87550000e+04,-8,-0.166667
18756,1.87560000e+04,-8,-0.166667
18757,1.87570000e+04,-8,-0.166667
18758,1.87580000e+04,-8,-0.166667
18759,1.87590000e+04,-8,-0.166667
18760,1.87600000e+04,-11,-0.229167
18761,1.87610000e+04,-11,-0.229167
18762,1.87620000e+04,-11,-0.229167
18763,1.87630000e+04,-11,-0.229167
18764,1.87640000e+04,-11,-0.229167
18765,1.87650000e+04,-12,-0.250000
18766,1.87660000e+04,-12,-0.250000
18767,1.87670000e+04,-12,-0.250000
18768,1.87680000e+04,-12,-0.250000
18769,1.87690000e+04,-12,-0.250000
18770,1.87700000e+04,-9,-0.187500
18771,1.87710000e+04,-9,-0.187500
18772,1.87720000e+04,-9,-0.187500
18773,1.87730000e+04,-9,-0.187500
18774,1.87740000e+04,-9,-0.187500
18775,1.87750000e+04,-13,-0.270833
18776,1.87760000e+04,-13,-0.270833
18777,1.87770000e+04,-13,-0.270833
18778,1.87780000e+04,-13,-0.270833
18779,1.87790000e+04,-13,-0.270833
18780,1.87800000e+04,-13,-0.270833
18781,1.87810000e+04,-13,-0.270833
18782,1.87820000e+04,-13,-0.270833
18783,1.87830000e+04,-13,-0.270833
18784,1.87840000e+04,-13,-0.270833
18785,1.87850000e+04,-8,-0.166667
18786,1.87860000e+04,-8,-0.166667
18787,1.87870000e+04,-8,-0.166667
18788,1.87880000e+04,-8,-0.166667
18789,1.87890000e+04,-8,-0.166667
18790,1.87900000e+04,-12,-0.250000
18791,1.87910000e+04,-12,-0.250000
18792,1.87920000e+04,-12,-0.250000
18793,1.87930000e+04,-12,-0.250000
18794,1.87940000e+04,-12,-0.250000
18795,1.87950000e+04,-11,-0.229167
18796,1.87960000e+04,-11,-0.229167
18797,1.87970000e+04,-11,-0.229167
18798,1.87980000e+04,-11,-0.229167
18799,1.87990000e+04,-11,-0.229167
18800,1.88000000e+04,-14,-0.291667
18801,1.88010000e+04,-14,-0.291667
18802,1.88020000e+04,-14,-0.291667
18803,1.88030000e+04,-14,-0.291667
18804,1.88040000e+04,-14,-0.291667
18805,1.88050000e+04,-11,-0.229167
18806,1.88060000e+04,-11,-0.229167
18807,1.88070000e+04,-11,-0.229167
18808,1.88080000e+04,-11,-0.229167
18809,1.88090000e+04,-11,-0.229167
18810,1.88100000e+04,-12,-0.250000
18811,1.88110000e+04,-12,-0.250000
18812,1.88120000e+04,-12,-0.250000
18813,1.88130000e+04,-12,-0.250000
18814,1.88140000e+04,-12,-0.250000
18815,1.88150000e+04,-11,-0.229167
18816,1.88160000e+04,-11,-0.229167
18817,1.88170000e+04,-11,-0.229167
18818,1.88180000e+04,-11,-0.229167
18819,1.88190000e+04,-11,-0.229167
18820,1.88200000e+04,-14,-0.291667
18821,1.88210000e+04,-14,-0.291667
18822,1.88220000e+04,-14,-0.291667
18823,1.88230000e+04,-14,-0.291667
18824,1.88240000e+04,-14,-0.291667
18825,1.88250000e+04,-8,-0.166667
18826,1.88260000e+04,-8,-0.166667
18827,1.88270000e+04,-8,-0.166667
18828,1.88280000e+04,-8,-0.166667
18829,1.88290000e+04,-8,-0.166667
18830,1.88300000e+04,-12,-0.250000
18831,1.88310000e+04,-12,-0.250000
18832,1.88320000e+04,-12,-0.250000
18833,1.88330000e+04,-12,-0.250000
18834,1.88340000e+04,-12,-0.250000
18835,1.88350000e+04,-10,-0.208333
18836,1.88360000e+04,-10,-0.208333
18837,1.88370000e+04,-10,-0.208333
18838,1.88380000e+04,-10,-0.208333
18839,1.88390000e+04,-10,-0.208333
18840,1.88400000e+04,-12,-0.250000
18841,1.88410000e+04,-12,-0.250000
18842,1.88420000e+04,-12,-0.250000
18843,1.88430000e+04,-12,-0.250000
18844,1.88440000e+04,-12,-0.250000
18845,1.88450000e+04,-14,-0.291667
18846,1.88460000e+04,-14,-0.291667
18847,1.88470000e+04,-14,-0.291667
18848,1.88480000e+04,-14,-0.291667
18849,1.88490000e+04,-14,-0.291667
18850,1.88500000e+04,-13,-0.270833
18851,1.88510000e+04,-13,-0.270833
18852,1.88520000e+04,-13,-0.270833
18853,1.88530000e+04,-13,-0.270833
18854,1.88540000e+04,-13,-0.270833
18855,1.88550000e+04,-9,-0.187500
18856,1.88560000e+04,-9,-0.187500
18857,1.88570000e+04,-9,-0.187500
18858,1.88580000e+04,-9,-0.187500
18859,1.88590000e+04,-9,-0.187500
18860,1.88600000e+04,-12,-0.250000
18861,1.88610000e+04,-12,-0.250000
18862,1.88620000e+04,-12,-0.250000
18863,1.88630000e+04,-12,-0.250000
18864,1.88640000e+04,-12,-0.250000
18865,1.88650000e+04,-14,-0.291667
18866,1.88660000e+04,-14,-0.291667
18867,1.88670000e+04,-14,-0.291667
18868,1.88680000e+04,-14,-0.291667
18869,1.88690000e+04,-14,-0.291667
18870,1.88700000e+04,-13,-0.270833
18871,1.88710000e+04,-13,-0.270833
18872,1.88720000e+04,-13,-0.270833
18873,1.88730000e+04,-13,-0.270833
18874,1.88740000e+04,-13,-0.270833
18875,1.88750000e+04,-15,-0.312500
18876,1.88760000e+04,-15,-0.312500
18877,1.88770000e+04,-15,-0.312500
18878,1.88780000e+04,-15,-0.312500
18879,1.88790000e+04,-15,-0.312500
18880,1.88800000e+04,-13,-0.270833
18881,1.88810000e+04,-13,-0.270833
18882,1.88820000e+04,-13,-0.270833
18883,1.88830000e+04,-13,-0.270833
18884,1.88840000e+04,-13,-0.270833
18885,1.88850000e+04,-14,-0.291667
18886,1.88860000e+04,-14,-0.291667
18887,1.88870000e+04,-14,-0.291667
18888,1.88880000e+04,-14,-0.291667
18889,1.88890000e+04,-14,-0.291667
18890,1.88900000e+04,-15,-0.312500
18891,1.88910000e+04,-15,-0.312500
18892,1.88920000e+04,-15,-0.312500
18893,1.88930000e+04,-15,-0.312500
18894,1.88940000e+04,-15,-0.312500
18895,1.88950000e+04,-13,-0.270833
18896,1.88960000e+04,-13,-0.270833
18897,1.88970000e+04,-13,-0.270833
18898,1.88980000e+04,-13,-0.270833
18899,1.88990000e+04,-13,-0.270833
18900,1.89000000e+04,-15,-0.312500
18901,1.89010000e+04,-15,-0.312500
18902,1.89020000e+04,-15,-0.312500
18903,1.89030000e+04,-15,-0.312500
18904,1.89040000e+04,-15,-0.312500
18905,1.89050000e+04,-15,-0.312500
18906,1.89060000e+04,-15,-0.312500
18907,1.89070000e+04,-15,-0.312500
18908,1.89080000e+04,-15,-0.312500
18909,1.89090000e+04,-15,-0.312500
18910,1.89100000e+04,-14,-0.291667
18911,1.89110000e+04,-14,-0.291667
18912,1.89120000e+04,-14,-0.291667
18913,1.89130000e+04,-14,-0.291667
18914,1.89140000e+04,-14,-0.291667
18915,1.89150000e+04,-12,-0.250000
18916,1.89160000e+04,-12,-0.250000
18917,1.89170000e+04,-12,-0.250000
18918,1.89180000e+04,-12,-0.250000
18919,1.89190000e+04,-12,-0.250000
18920,1.89200000e+04,-17,-0.354167
18921,1.89210000e+04,-17,-0.354167
18922,1.89220000e+04,-17,-0.354167
18923,1.89230000e+04,-17,-0.354167
18924,1.89240000e+04,-17,-0.354167
18925,1.89250000e+04,-14,-0.291667
18926,1.89260000e+04,-14,-0.291667
18927,1.89270000e+04,-14,-0.291667
18928,1.89280000e+04,-14,-0.291667
18929,1.89290000e+04,-14,-0.291667
18930,1.89300000e+04,-11,-0.229167
18931,1.89310000e+04,-11,-0.229167
18932,1.89320000e+04,-11,-0.229167
18933,1.89330000e+04,-11,-0.229167
18934,1.89340000e+04,-11,-0.229167
18935,1.89350000e+04,-18,-0.375000
18936,1.89360000e+04,-18,-0.375000
18937,1.89370000e+04,-18,-0.375000
18938,1.89380000e+04,-18,-0.375000
18939,1.89390000e+04,-18,-0.375000
18940,1.89400000e+04,-15,-0.312500
18941,1.89410000e+04,-15,-0.312500
18942,1.89420000e+04,-15,-0.312500
18943,1.89430000e+04,-15,-0.312500
18944,1.89440000e+04,-15,-0.312500
18945,1.89450000e+04,-11,-0.229167
18946,1.89460000e+04,-11,-0.229167
18947,1.89470000e+04,-11,-0.229167
18948,1.89480000e+04,-11,-0.229167
18949,1.89490000e+04,-11,-0.229167
18950,1.89500000e+04,-15,-0.312500
18951,1.89510000e+04,-15,-0.312500
18952,1.89520000e+04,-15,-0.312500
18953,1.89530000e+04,-15,-0.312500
18954,1.89540000e+04,-15,-0.312500
18955,1.89550000e+04,-15,-0.312500
18956,1.89560000e+04,-15,-0.312500
18957,1.89570000e+04,-15,-0.312500
18958,1.89580000e+04,-15,-0.312500
18959,1.89590000e+04,-15,-0.312500
18960,1.89600000e+04,-13,-0.270833
18961,1.89610000e+04,-13,-0.270833
18962,1.89620000e+04,-13,-0.270833
18963,1.89630000e+04,-13,-0.270833
18964,1.89640000e+04,-13,-0.270833
18965,1.89650000e+04,-15,-0.312500
18966,1.89660000e+04,-15,-0.312500
18967,1.89670000e+04,-15,-0.312500
18968,1.89680000e+04,-15,-0.312500
18969,1.89690000e+04,-15,-0.312500
18970,1.89700000e+04,-15,-0.312500
18971,1.89710000e+04,-15,-0.312500
18972,1.89720000e+04,-15,-0.312500
18973,1.89730000e+04,-15,-0.312500
18974,1.89740000e+04,-15,-0.312500
18975,1.89750000e+04,-15,-0.312500
18976,1.89760000e+04,-15,-0.312500
18977,1.89770000e+04,-15,-0.312500
18978,1.89780000e+04,-15,-0.312500
18979,1.89790000e+04,-15,-0.312500
18980,1.89800000e+04,-15,-0.312500
18981,1.89810000e+04,-15,-0.312500
18982,1.89820000e+04,-15,-0.312500
18983,1.89830000e+04,-15,-0.312500
18984,1.89840000e+04,-15,-0.312500
18985,1.89850000e+04,-13,-0.270833
18986,1.89860000e+04,-13,-0.270833
18987,1.89870000e+04,-13,-0.270833
18988,1.89880000e+04,-13,-0.270833
18989,1.89890000e+04,-13,-0.270833
18990,1.89900000e+04,-14,-0.291667
18991,1.89910000e+04,-14,-0.291667
18992,1.89920000e+04,-14,-0.291667
18993,1.89930000e+04,-14,-0.291667
18994,1.89940000e+04,-14,-0.291667
18995,1.89950000e+04,-14,-0.291667
18996,1.89960000e+04,-14,-0.291667
18997,1.89970000e+04,-14,-0.291667
18998,1.89980000e+04,-14,-0.291667
18999,1.89990000e+04,-14,-0.291667
19000,1.90000000e+04,-15,-0.312500
19001,1.90010000e+04,-15,-0.312500
19002,1.90020000e+04,-15,-0.312500
19003,1.90030000e+04,-15,-0.312500
19004,1.90040000e+04,-15,-0.312500
19005,1.90050000e+04,-14,-0.291667
19006,1.90060000e+04,-14,-0.291667
19007,1.90070000e+04,-14,-0.291667
19008,1.90080000e+04,-14,-0.291667
19009,1.90090000e+04,-14,-0.291667
19010,1.90100000e+04,-15,-0.312500
19011,1.90110000e+04,-15,-0.312500
19012,1.90120000e+04,-15,-0.312500
19013,1.90130000e+04,-15,-0.312500
19014,1.90140000e+04,-15,-0.312500
19015,1.90150000e+04,-15,-0.312500
19016,1.90160000e+04,-15,-0.312500
19017,1.90170000e+04,-15,-0.312500
19018,1.90180000e+04,-15,-0.312500
19019,1.90190000e+04,-15,-0.312500
19020,1.90200000e+04,-14,-0.291667
19021,1.90210000e+04,-14,-0.291667
19022,1.90220000e+04,-14,-0.291667
19023,1.90230000e+04,-14,-0.291667
19024,1.90240000e+04,-14,-0.291667
19025,1.90250000e+04,-16,-0.333333
19026,1.90260000e+04,-16,-0.333333
19027,1.90270000e+04,-16,-0.333333
19028,1.90280000e+04,-16,-0.333333
19029,1.90290000e+04,-16,-0.333333
19030,1.90300000e+04,-17,-0.354167
19031,1.90310000e+04,-17,-0.354167
19032,1.90320000e+04,-17,-0.354167
19033,1.90330000e+04,-17,-0.354167
19034,1.90340000e+04,-17,-0.354167
19035,1.90350000e+04,-17,-0.354167
19036,1.90360000e+04,-17,-0.354167
19037,1.90370000e+04,-17,-0.354167
19038,1.90380000e+04,-17,-0.354167
19039,1.90390000e+04,-17,-0.354167
19040,1.90400000e+04,-15,-0.312500
19041,1.90410000e+04,-15,-0.312500
19042,1.90420000e+04,-15,-0.312500
19043,1.90430000e+04,-15,-0.312500
19044,1.90440000e+04,-15,-0.312500
19045,1.90450000e+04,-14,-0.291667
19046,1.90460000e+04,-14,-0.291667
19047,1.90470000e+04,-14,-0.291667
19048,1.90480000e+04,-14,-0.291667
19049,1.90490000e+04,-14,-0.291667
19050,1.90500000e+04,-17,-0.354167
19051,1.90510000e+04,-17,-0.354167
19052,1.90520000e+04,-17,-0.354167
19053,1.90530000e+04,-17,-0.354167
19054,1.90540000e+04,-17,-0.354167
19055,1.90550000e+04,-18,-0.375000
19056,1.90560000e+04,-18,-0.375000
19057,1.90570000e+04,-18,-0.375000
19058,1.90580000e+04,-18,-0.375000
19059,1.90590000e+04,-18,-0.375000
19060,1.90600000e+04,-17,-0.354167
19061,1.90610000e+04,-17,-0.354167
19062,1.90620000e+04,-17,-0.354167
19063,1.90630000e+04,-17,-0.354167
19064,1.90640000e+04,-17,-0.354167
19065,1.90650000e+04,-15,-0.312500
19066,1.90660000e+04,-15,-0.312500
19067,1.90670000e+04,-15,-0.312500
19068,1.90680000e+04,-15,-0.312500
19069,1.90690000e+04,-15,-0.312500
19070,1.90700000e+04,-16,-0.333333
19071,1.90710000e+04,-16,-0.333333
19072,1.90720000e+04,-16,-0.333333
19073,1.90730000e+04,-16,-0.333333
19074,1.90740000e+04,-16,-0.333333
19075,1.90750000e+04,-15,-0.312500
19076,1.90760000e+04,-15,-0.312500
19077,1.90770000e+04,-15,-0.312500
19078,1.90780000e+04,-15,-0.312500
19079,1.90790000e+04,-15,-0.312500
19080,1.90800000e+04,-18,-0.375000
19081,1.90810000e+04,-18,-0.375000
19082,1.90820000e+04,-18,-0.375000
19083,1.90830000e+04,-18,-0.375000
19084,1.90840000e+04,-18,-0.375000
19085,1.90850000e+04,-17,-0.354167
19086,1.90860000e+04,-17,-0.354167
19087,1.90870000e+04,-17,-0.354167
19088,1.90880000e+04,-17,-0.354167
19089,1.90890000e+04,-17,-0.354167
19090,1.90900000e+04,-19,-0.395833
19091,1.90910000e+04,-19,-0.395833
19092,1.90920000e+04,-19,-0.395833
19093,1.90930000e+04,-19,-0.395833
19094,1.90940000e+04,-19,-0.395833
19095,1.90950000e+04,-20,-0.416667
19096,1.90960000e+04,-20,-0.416667
19097,1.90970000e+04,-20,-0.416667
19098,1.90980000e+04,-20,-0.416667
19099,1.90990000e+04,-20,-0.416667
19100,1.91000000e+04,-15,-0.312500
19101,1.91010000e+04,-15,-0.312500
19102,1.91020000e+04,-15,-0.312500
19103,1.91030000e+04,-15,-0.312500
19104,1.91040000e+04,-15,-0.312500
19105,1.91050000e+04,-16,-0.333333
19106,1.91060000e+04,-16,-0.333333
19107,1.91070000e+04,-16,-0.333333
19108,1.91080000e+04,-16,-0.333333
19109,1.91090000e+04,-16,-0.333333
19110,1.91100000e+04,-17,-0.354167
19111,1.91110000e+04,-17,-0.354167
19112,1.91120000e+04,-17,-0.354167
19113,1.91130000e+04,-17,-0.354167
19114,1.91140000e+04,-17,-0.354167
19115,1.91150000e+04,-19,-0.395833
19116,1.91160000e+04,-19,-0.395833
19117,1.91170000e+04,-19,-0.395833
19118,1.91180000e+04,-19,-0.395833
19119,1.91190000e+04,-19,-0.395833
19120,1.91200000e+04,-20,-0.416667
19121,1.91210000e+04,-20,-0.416667
19122,1.91220000e+04,-20,-0.416667
19123,1.91230000e+04,-20,-0.416667
19124,1.91240000e+04,-20,-0.416667
19125,1.91250000e+04,-16,-0.333333
19126,1.91260000e+04,-16,-0.333333
19127,1.91270000e+04,-16,-0.333333
19128,1.91280000e+04,-16,-0.333333
19129,1.91290000e+04,-16,-0.333333
19130,1.91300000e+04,-19,-0.395833
19131,1.91310000e+04,-19,-0.395833
19132,1.91320000e+04,-19,-0.395833
19133,1.91330000e+04,-19,-0.395833
19134,1.91340000e+04,-19,-0.395833
19135,1.91350000e+04,-18,-0.375000
19136,1.91360000e+04,-18,-0.375000
19137,1.91370000e+04,-18,-0.375000
19138,1.91380000e+04,-18,-0.375000
19139,1.91390000e+04,-18,-0.375000
19140,1.91400000e+04,-19,-0.395833
19141,1.91410000e+04,-19,-0.395833
19142,1.91420000e+04,-19,-0.395833
19143,1.91430000e+04,-19,-0.395833
19144,1.91440000e+04,-19,-0.395833
19145,1.91450000e+04,-18,-0.375000
19146,1.91460000e+04,-18,-0.375000
19147,1.91470000e+04,-18,-0.375000
19148,1.91480000e+04,-18,-0.375000
19149,1.91490000e+04,-18,-0.375000
19150,1.91500000e+04,-16,-0.333333
19151,1.91510000e+04,-16,-0.333333
19152,1.91520000e+04,-16,-0.333333
19153,1.91530000e+04,-16,-0.333333
19154,1.91540000e+04,-16,-0.333333
19155,1.91550000e+04,-17,-0.354167
19156,1.91560000e+04,-17,-0.354167
19157,1.91570000e+04,-17,-0.354167
19158,1.91580000e+04,-17,-0.354167
19159,1.91590000e+04,-17,-0.354167
19160,1.91600000e+04,-17,-0.354167
19161,1.91610000e+04,-17,-0.354167
19162,1.91620000e+04,-17,-0.354167
19163,1.91630000e+04,-17,-0.354167
19164,1.91640000e+04,-17,-0.354167
19165,1.91650000e+04,-17,-0.354167
19166,1.91660000e+04,-17,-0.354167
19167,1.91670000e+04,-17,-0.354167
19168,1.91680000e+04,-17,-0.354167
19169,1.91690000e+04,-17,-0.354167
19170,1.91700000e+04,-17,-0.354167
19171,1.91710000e+04,-17,-0.354167
19172,1.91720000e+04,-17,-0.354167
19173,1.91730000e+04,-17,-0.354167
19174,1.91740000e+04,-17,-0.354167
19175,1.91750000e+04,-17,-0.354167
19176,1.91760000e+04,-17,-0.354167
19177,1.91770000e+04,-17,-0.354167
19178,1.91780000e+04,-17,-0.354167
19179,1.91790000e+04,-17,-0.354167
19180,1.91800000e+04,-18,-0.375000
19181,1.91810000e+04,-18,-0.375000
19182,1.91820000e+04,-18,-0.375000
19183,1.91830000e+04,-18,-0.375000
19184,1.91840000e+04,-18,-0.375000
19185,1.91850000e+04,-17,-0.354167
19186,1.91860000e+04,-17,-0.354167
19187,1.91870000e+04,-17,-0.354167
19188,1.91880000e+04,-17,-0.354167
19189,1.91890000e+04,-17,-0.354167
19190,1.91900000e+04,-18,-0.375000
19191,1.91910000e+04,-18,-0.375000
19192,1.91920000e+04,-18,-0.375000
19193,1.91930000e+04,-18,-0.375000
19194,1.91940000e+04,-18,-0.375000
19195,1.91950000e+04,-16,-0.333333
19196,1.91960000e+04,-16,-0.333333
19197,1.91970000e+04,-16,-0.333333
19198,1.91980000e+04,-16,-0.333333
19199,1.91990000e+04,-16,-0.333333
19200,1.92000000e+04,-19,-0.395833
19201,1.92010000e+04,-19,-0.395833
19202,1.92020000e+04,-19,-0.395833
19203,1.92030000e+04,-19,-0.395833
19204,1.92040000e+04,-19,-0.395833
19205,1.92050000e+04,-20,-0.416667
19206,1.92060000e+04,-20,-0.416667
19207,1.92070000e+04,-20,-0.416667
19208,1.92080000e+04,-20,-0.416667
19209,1.92090000e+04,-20,-0.416667
19210,1.92100000e+04,-17,-0.354167
19211,1.92110000e+04,-17,-0.354167
19212,1.92120000e+04,-17,-0.354167
19213,1.92130000e+04,-17,-0.354167
19214,1.92140000e+04,-17,-0.354167
19215,1.92150000e+04,-20,-0.416667
19216,1.92160000e+04,-20,-0.416667
19217,1.92170000e+04,-20,-0.416667
19218,1.92180000e+04,-20,-0.416667
19219,1.92190000e+04,-20,-0.416667
19220,1.92200000e+04,-17,-0.354167
19221,1.92210000e+04,-17,-0.354167
19222,1.92220000e+04,-17,-0.354167
19223,1.92230000e+04,-17,-0.354167
19224,1.92240000e+04,-17,-0.354167
19225,1.92250000e+04,-19,-0.395833
19226,1.92260000e+04,-19,-0.395833
19227,1.92270000e+04,-19,-0.395833
19228,1.92280000e+04,-19,-0.395833
19229,1.92290000e+04,-19,-0.395833
19230,1.92300000e+04,-17,-0.354167
19231,1.92310000e+04,-17,-0.354167
19232,1.92320000e+04,-17,-0.354167
19233,1.92330000e+04,-17,-0.354167
19234,1.92340000e+04,-17,-0.354167
19235,1.92350000e+04,-17,-0.354167
19236,1.92360000e+04,-17,-0.354167
19237,1.92370000e+04,-17,-0.354167
19238,1.92380000e+04,-17,-0.354167
19239,1.92390000e+04,-17,-0.354167
19240,1.92400000e+04,-14,-0.291667
19241,1.92410000e+04,-14,-0.291667
19242,1.92420000e+04,-14,-0.291667
19243,1.92430000e+04,-14,-0.291667
19244,1.92440000e+04,-14,-0.291667
19245,1.92450000e+04,-17,-0.354167
19246,1.92460000e+04,-17,-0.354167
19247,1.92470000e+04,-17,-0.354167
19248,1.92480000e+04,-17,-0.354167
19249,1.92490000e+04,-17,-0.354167
19250,1.92500000e+04,-14,-0.291667
19251,1.92510000e+04,-14,-0.291667
19252,1.92520000e+04,-14,-0.291667
19253,1.92530000e+04,-14,-0.291667
19254,1.92540000e+04,-14,-0.291667
19255,1.92550000e+04,-16,-0.333333
19256,1.92560000e+04,-16,-0.333333
19257,1.92570000e+04,-16,-0.333333
19258,1.92580000e+04,-16,-0.333333
19259,1.92590000e+04,-16,-0.333333
19260,1.92600000e+04,-20,-0.416667
19261,1.92610000e+04,-20,-0.416667
19262,1.92620000e+04,-20,-0.416667
19263,1.92630000e+04,-20,-0.416667
19264,1.92640000e+04,-20,-0.416667
19265,1.92650000e+04,-19,-0.395833
19266,1.92660000e+04,-19,-0.395833
19267,1.92670000e+04,-19,-0.395833
19268,1.92680000e+04,-19,-0.395833
19269,1.92690000e+04,-19,-0.395833
19270,1.92700000e+04,-20,-0.416667
19271,1.92710000e+04,-20,-0.416667
19272,1.92720000e+04,-20,-0.416667
19273,1.92730000e+04,-20,-0.416667
19274,1.92740000e+04,-20,-0.416667
19275,1.92750000e+04,-15,-0.312500
19276,1.92760000e+04,-15,-0.312500
19277,1.92770000e+04,-15,-0.312500
19278,1.92780000e+04,-15,-0.312500
19279,1.92790000e+04,-15,-0.312500
19280,1.92800000e+04,-17,-0.354167
19281,1.92810000e+04,-17,-0.354167
19282,1.92820000e+04,-17,-0.354167
19283,1.92830000e+04,-17,-0.354167
19284,1.92840000e+04,-17,-0.354167
19285,1.92850000e+04,-15,-0.312500
19286,1.92860000e+04,-15,-0.312500
19287,1.92870000e+04,-15,-0.312500
19288,1.92880000e+04,-15,-0.312500
19289,1.92890000e+04,-15,-0.312500
19290,1.92900000e+04,-16,-0.333333
19291,1.92910000e+04,-16,-0.333333
19292,1.92920000e+04,-16,-0.333333
19293,1.92930000e+04,-16,-0.333333
19294,1.92940000e+04,-16,-0.333333
19295,1.92950000e+04,-16,-0.333333
19296,1.92960000e+04,-16,-0.333333
19297,1.92970000e+04,-16,-0.333333
19298,1.92980000e+04,-16,-0.333333
19299,1.92990000e+04,-16,-0.333333
19300,1.93000000e+04,-17,-0.354167
19301,1.93010000e+04,-17,-0.354167
19302,1.93020000e+04,-17,-0.354167
19303,1.93030000e+04,-17,-0.354167
19304,1.93040000e+04,-17,-0.354167
19305,1.93050000e+04,-19,-0.395833
19306,1.93060000e+04,-19,-0.395833
19307,1.93070000e+04,-19,-0.395833
19308,1.93080000e+04,-19,-0.395833
19309,1.93090000e+04,-19,-0.395833
19310,1.93100000e+04,-19,-0.395833
19311,1.93110000e+04,-19,-0.395833
19312,1.93120000e+04,-19,-0.395833
19313,1.93130000e+04,-19,-0.395833
19314,1.93140000e+04,-19,-0.395833
19315,1.93150000e+04,-19,-0.395833
19316,1.93160000e+04,-19,-0.395833
19317,1.93170000e+04,-19,-0.395833
19318,1.93180000e+04,-19,-0.395833
19319,1.93190000e+04,-19,-0.395833
19320,1.93200000e+04,-19,-0.395833
19321,1.93210000e+04,-19,-0.395833
19322,1.93220000e+04,-19,-0.395833
19323,1.93230000e+04,-19,-0.395833
19324,1.93240000e+04,-19,-0.395833
19325,1.93250000e+04,-21,-0.437500
19326,1.93260000e+04,-21,-0.437500
19327,1.93270000e+04,-21,-0.437500
19328,1.93280000e+04,-21,-0.437500
19329,1.93290000e+04,-21,-0.437500
19330,1.93300000e+04,-19,-0.395833
19331,1.93310000e+04,-19,-0.395833
19332,1.93320000e+04,-19,-0.395833
19333,1.93330000e+04,-19,-0.395833
19334,1.93340000e+04,-19,-0.395833
19335,1.93350000e+04,-19,-0.395833
19336,1.93360000e+04,-19,-0.395833
19337,1.93370000e+04,-19,-0.395833
19338,1.93380000e+04,-19,-0.395833
19339,1.93390000e+04,-19,-0.395833
19340,1.93400000e+04,-21,-0.437500
19341,1.93410000e+04,-21,-0.437500
19342,1.93420000e+04,-21,-0.437500
19343,1.93430000e+04,-21,-0.437500
19344,1.93440000e+04,-21,-0.437500
19345,1.93450000e+04,-21,-0.437500
19346,1.93460000e+04,-21,-0.437500
19347,1.93470000e+04,-21,-0.437500
19348,1.93480000e+04,-21,-0.437500
19349,1.93490000e+04,-21,-0.437500
19350,1.93500000e+04,-19,-0.395833
19351,1.93510000e+04,-19,-0.395833
19352,1.93520000e+04,-19,-0.395833
19353,1.93530000e+04,-19,-0.395833
19354,1.93540000e+04,-19,-0.395833
19355,1.93550000e+04,-20,-0.416667
19356,1.93560000e+04,-20,-0.416667
19357,1.93570000e+04,-20,-0.416667
19358,1.93580000e+04,-20,-0.416667
19359,1.93590000e+04,-20,-0.416667
19360,1.93600000e+04,-20,-0.416667
19361,1.93610000e+04,-20,-0.416667
19362,1.93620000e+04,-20,-0.416667
19363,1.93630000e+04,-20,-0.416667
19364,1.93640000e+04,-20,-0.416667
19365,1.93650000e+04,-19,-0.395833
19366,1.93660000e+04,-19,-0.395833
19367,1.93670000e+04,-19,-0.395833
19368,1.93680000e+04,-19,-0.395833
19369,1.93690000e+04,-19,-0.395833
19370,1.93700000e+04,-19,-0.395833
19371,1.93710000e+04,-19,-0.395833
19372,1.93720000e+04,-19,-0.395833
19373,1.93730000e+04,-19,-0.395833
19374,1.93740000e+04,-19,-0.395833
19375,1.93750000e+04,-17,-0.354167
19376,1.93760000e+04,-17,-0.354167
19377,1.93770000e+04,-17,-0.354167
19378,1.93780000e+04,-17,-0.354167
19379,1.93790000e+04,-17,-0.354167
19380,1.93800000e+04,-17,-0.354167
19381,1.93810000e+04,-17,-0.354167
19382,1.93820000e+04,-17,-0.354167
19383,1.93830000e+04,-17,-0.354167
19384,1.93840000e+04,-17,-0.354167
19385,1.93850000e+04,-17,-0.354167
19386,1.93860000e+04,-17,-0.354167
19387,1.93870000e+04,-17,-0.354167
19388,1.93880000e+04,-17,-0.354167
19389,1.93890000e+04,-17,-0.354167
19390,1.93900000e+04,-18,-0.375000
19391,1.93910000e+04,-18,-0.375000
19392,1.93920000e+04,-18,-0.375000
19393,1.93930000e+04,-18,-0.375000
19394,1.93940000e+04,-18,-0.375000
19395,1.93950000e+04,-17,-0.354167
19396,1.93960000e+04,-17,-0.354167
19397,1.93970000e+04,-17,-0.354167
19398,1.93980000e+04,-17,-0.354167
19399,1.93990000e+04,-17,-0.354167
19400,1.94000000e+04,-19,-0.395833
19401,1.94010000e+04,-19,-0.395833
19402,1.94020000e+04,-19,-0.395833
19403,1.94030000e+04,-19,-0.395833
19404,1.94040000e+04,-19,-0.395833
19405,1.94050000e+04,-17,-0.354167
19406,1.94060000e+04,-17,-0.354167
19407,1.94070000e+04,-17,-0.354167
19408,1.94080000e+04,-17,-0.354167
19409,1.94090000e+04,-17,-0.354167
19410,1.94100000e+04,-20,-0.416667
19411,1.94110000e+04,-20,-0.416667
19412,1.94120000e+04,-20,-0.416667
19413,1.94130000e+04,-20,-0.416667
19414,1.94140000e+04,-20,-0.416667
19415,1.94150000e+04,-15,-0.312500
19416,1.94160000e+04,-15,-0.312500
19417,1.94170000e+04,-15,-0.312500
19418,1.94180000e+04,-15,-0.312500
19419,1.94190000e+04,-15,-0.312500
19420,1.94200000e+04,-20,-0.416667
19421,1.94210000e+04,-20,-0.416667
19422,1.94220000e+04,-20,-0.416667
19423,1.94230000e+04,-20,-0.416667
19424,1.94240000e+04,-20,-0.416667
19425,1.94250000e+04,-18,-0.375000
19426,1.94260000e+04,-18,-0.375000
19427,1.94270000e+04,-18,-0.375000
19428,1.94280000e+04,-18,-0.375000
19429,1.94290000e+04,-18,-0.375000
19430,1.94300000e+04,-22,-0.458333
19431,1.94310000e+04,-22,-0.458333
19432,1.94320000e+04,-22,-0.458333
19433,1.94330000e+04,-22,-0.458333
19434,1.94340000e+04,-22,-0.458333
19435,1.94350000e+04,-17,-0.354167
19436,1.94360000e+04,-17,-0.354167
19437,1.94370000e+04,-17,-0.354167
19438,1.94380000e+04,-17,-0.354167
19439,1.94390000e+04,-17,-0.354167
19440,1.94400000e+04,-21,-0.437500
19441,1.94410000e+04,-21,-0.437500
19442,1.94420000e+04,-21,-0.437500
19443,1.94430000e+04,-21,-0.437500
19444,1.94440000e+04,-21,-0.437500
19445,1.94450000e+04,-22,-0.458333
19446,1.94460000e+04,-22,-0.458333
19447,1.94470000e+04,-22,-0.458333
19448,1.94480000e+04,-22,-0.458333
19449,1.94490000e+04,-22,-0.458333
19450,1.94500000e+04,-20,-0.416667
19451,1.94510000e+04,-20,-0.416667
19452,1.94520000e+04,-20,-0.416667
19453,1.94530000e+04,-20,-0.416667
19454,1.94540000e+04,-20,-0.416667
19455,1.94550000e+04,-20,-0.416667
19456,1.94560000e+04,-20,-0.416667
19457,1.94570000e+04,-20,-0.416667
19458,1.94580000e+04,-20,-0.416667
19459,1.94590000e+04,-20,-0.416667
19460,1.94600000e+04,-21,-0.437500
19461,1.94610000e+04,-21,-0.437500
19462,1.94620000e+04,-21,-0.437500
19463,1.94630000e+04,-21,-0.437500
19464,1.94640000e+04,-21,-0.437500
19465,1.94650000e+04,-19,-0.395833
19466,1.94660000e+04,-19,-0.395833
19467,1.94670000e+04,-19,-0.395833
19468,1.94680000e+04,-19,-0.395833
19469,1.94690000e+04,-19,-0.395833
19470,1.94700000e+04,-17,-0.354167
19471,1.94710000e+04,-17,-0.354167
19472,1.94720000e+04,-17,-0.354167
19473,1.94730000e+04,-17,-0.354167
19474,1.94740000e+04,-17,-0.354167
19475,1.94750000e+04,-19,-0.395833
19476,1.94760000e+04,-19,-0.395833
19477,1.94770000e+04,-19,-0.395833
19478,1.94780000e+04,-19,-0.395833
19479,1.94790000e+04,-19,-0.395833
19480,1.94800000e+04,-19,-0.395833
19481,1.94810000e+04,-19,-0.395833
19482,1.94820000e+04,-19,-0.395833
19483,1.94830000e+04,-19,-0.395833
19484,1.94840000e+04,-19,-0.395833
19485,1.94850000e+04,-18,-0.375000
19486,1.94860000e+04,-18,-0.375000
19487,1.94870000e+04,-18,-0.375000
19488,1.94880000e+04,-18,-0.375000
19489,1.94890000e+04,-18,-0.375000
19490,1.94900000e+04,-17,-0.354167
19491,1.94910000e+04,-17,-0.354167
19492,1.94920000e+04,-17,-0.354167
19493,1.94930000e+04,-17,-0.354167
19494,1.94940000e+04,-17,-0.354167
19495,1.94950000e+04,-20,-0.416667
19496,1.94960000e+04,-20,-0.416667
19497,1.94970000e+04,-20,-0.416667
19498,1.94980000e+04,-20,-0.416667
19499,1.94990000e+04,-20,-0.416667
19500,1.95000000e+04,-17,-0.354167
19501,1.95010000e+04,-17,-0.354167
19502,1.95020000e+04,-17,-0.354167
19503,1.95030000e+04,-17,-0.354167
19504,1.95040000e+04,-17,-0.354167
19505,1.95050000e+04,-17,-0.354167
19506,1.95060000e+04,-17,-0.354167
19507,1.95070000e+04,-17,-0.354167
19508,1.95080000e+04,-17,-0.354167
19509,1.95090000e+04,-17,-0.354167
19510,1.95100000e+04,-17,-0.354167
19511,1.95110000e+04,-17,-0.354167
19512,1.95120000e+04,-17,-0.354167
19513,1.95130000e+04,-17,-0.354167
19514,1.95140000e+04,-17,-0.354167
19515,1.95150000e+04,-17,-0.354167
19516,1.95160000e+04,-17,-0.354167
19517,1.95170000e+04,-17,-0.354167
19518,1.95180000e+04,-17,-0.354167
19519,1.95190000e+04,-17,-0.354167
19520,1.95200000e+04,-17,-0.354167
19521,1.95210000e+04,-17,-0.354167
19522,1.95220000e+04,-17,-0.354167
19523,1.95230000e+04,-17,-0.354167
19524,1.95240000e+04,-17,-0.354167
19525,1.95250000e+04,-14,-0.291667
19526,1.95260000e+04,-14,-0.291667
19527,1.95270000e+04,-14,-0.291667
19528,1.95280000e+04,-14,-0.291667
19529,1.95290000e+04,-14,-0.291667
19530,1.95300000e+04,-15,-0.312500
19531,1.95310000e+04,-15,-0.312500
19532,1.95320000e+04,-15,-0.312500
19533,1.95330000e+04,-15,-0.312500
19534,1.95340000e+04,-15,-0.312500
19535,1.95350000e+04,-16,-0.333333
19536,1.95360000e+04,-16,-0.333333
19537,1.95370000e+04,-16,-0.333333
19538,1.95380000e+04,-16,-0.333333
19539,1.95390000e+04,-16,-0.333333
19540,1.95400000e+04,-16,-0.333333
19541,1.95410000e+04,-16,-0.333333
19542,1.95420000e+04,-16,-0.333333
19543,1.95430000e+04,-16,-0.333333
19544,1.95440000e+04,-16,-0.333333
19545,1.95450000e+04,-17,-0.354167
19546,1.95460000e+04,-17,-0.354167
19547,1.95470000e+04,-17,-0.354167
19548,1.95480000e+04,-17,-0.354167
19549,1.95490000e+04,-17,-0.354167
19550,1.95500000e+04,-20,-0.416667
19551,1.95510000e+04,-20,-0.416667
19552,1.95520000e+04,-20,-0.416667
19553,1.95530000e+04,-20,-0.416667
19554,1.95540000e+04,-20,-0.416667
19555,1.95550000e+04,-17,-0.354167
19556,1.95560000e+04,-17,-0.354167
19557,1.95570000e+04,-17,-0.354167
19558,1.95580000e+04,-17,-0.354167
19559,1.95590000e+04,-17,-0.354167
19560,1.95600000e+04,-17,-0.354167
19561,1.95610000e+04,-17,-0.354167
19562,1.95620000e+04,-17,-0.354167
19563,1.95630000e+04,-17,-0.354167
19564,1.95640000e+04,-17,-0.354167
19565,1.95650000e+04,-18,-0.375000
19566,1.95660000e+04,-18,-0.375000
19567,1.95670000e+04,-18,-0.375000
19568,1.95680000e+04,-18,-0.375000
19569,1.95690000e+04,-18,-0.375000
19570,1.95700000e+04,-17,-0.354167
19571,1.95710000e+04,-17,-0.354167
19572,1.95720000e+04,-17,-0.354167
19573,1.95730000e+04,-17,-0.354167
19574,1.95740000e+04,-17,-0.354167
19575,1.95750000e+04,-17,-0.354167
19576,1.95760000e+04,-17,-0.354167
19577,1.95770000e+04,-17,-0.354167
19578,1.95780000e+04,-17,-0.354167
19579,1.95790000e+04,-17,-0.354167
19580,1.95800000e+04,-15,-0.312500
19581,1.95810000e+04,-15,-0.312500
19582,1.95820000e+04,-15,-0.312500
19583,1.95830000e+04,-15,-0.312500
19584,1.95840000e+04,-15,-0.312500
19585,1.95850000e+04,-14,-0.291667
19586,1.95860000e+04,-14,-0.291667
19587,1.95870000e+04,-14,-0.291667
19588,1.95880000e+04,-14,-0.291667
19589,1.95890000e+04,-14,-0.291667
19590,1.95900000e+04,-14,-0.291667
19591,1.95910000e+04,-14,-0.291667
19592,1.95920000e+04,-14,-0.291667
19593,1.95930000e+04,-14,-0.291667
19594,1.95940000e+04,-14,-0.291667
19595,1.95950000e+04,-13,-0.270833
19596,1.95960000e+04,-13,-0.270833
19597,1.95970000e+04,-13,-0.270833
19598,1.95980000e+04,-13,-0.270833
19599,1.95990000e+04,-13,-0.270833
19600,1.96000000e+04,-16,-0.333333
19601,1.96010000e+04,-16,-0.333333
19602,1.96020000e+04,-16,-0.333333
19603,1.96030000e+04,-16,-0.333333
19604,1.96040000e+04,-16,-0.333333
19605,1.96050000e+04,-13,-0.270833
19606,1.96060000e+04,-13,-0.270833
19607,1.96070000e+04,-13,-0.270833
19608,1.96080000e+04,-13,-0.270833
19609,1.96090000e+04,-13,-0.270833
19610,1.96100000e+04,-13,-0.270833
19611,1.96110000e+04,-13,-0.270833
19612,1.96120000e+04,-13,-0.270833
19613,1.96130000e+04,-13,-0.270833
19614,1.96140000e+04,-13,-0.270833
19615,1.96150000e+04,-11,-0.229167
19616,1.96160000e+04,-11,-0.229167
19617,1.96170000e+04,-11,-0.229167
19618,1.96180000e+04,-11,-0.229167
19619,1.96190000e+04,-11,-0.229167
19620,1.96200000e+04,-11,-0.229167
19621,1.96210000e+04,-11,-0.229167
19622,1.96220000e+04,-11,-0.229167
19623,1.96230000e+04,-11,-0.229167
19624,1.96240000e+04,-11,-0.229167
19625,1.96250000e+04,-12,-0.250000
19626,1.96260000e+04,-12,-0.250000
19627,1.96270000e+04,-12,-0.250000
19628,1.96280000e+04,-12,-0.250000
19629,1.96290000e+04,-12,-0.250000
19630,1.96300000e+04,-11,-0.229167
19631,1.96310000e+04,-11,-0.229167
19632,1.96320000e+04,-11,-0.229167
19633,1.96330000e+04,-11,-0.229167
19634,1.96340000e+04,-11,-0.229167
19635,1.96350000e+04,-12,-0.250000
19636,1.96360000e+04,-12,-0.250000
19637,1.96370000e+04,-12,-0.250000
19638,1.96380000e+04,-12,-0.250000
19639,1.96390000e+04,-12,-0.250000
19640,1.96400000e+04,-9,-0.187500
19641,1.96410000e+04,-9,-0.187500
19642,1.96420000e+04,-9,-0.187500
19643,1.96430000e+04,-9,-0.187500
19644,1.96440000e+04,-9,-0.187500
19645,1.96450000e+04,-12,-0.250000
19646,1.96460000e+04,-12,-0.250000
19647,1.96470000e+04,-12,-0.250000
19648,1.96480000e+04,-12,-0.250000
19649,1.96490000e+04,-12,-0.250000
19650,1.96500000e+04,-8,-0.166667
19651,1.96510000e+04,-8,-0.166667
19652,1.96520000e+04,-8,-0.166667
19653,1.96530000e+04,-8,-0.166667
19654,1.96540000e+04,-8,-0.166667
19655,1.96550000e+04,-9,-0.187500
19656,1.96560000e+04,-9,-0.187500
19657,1.96570000e+04,-9,-0.187500
19658,1.96580000e+04,-9,-0.187500
19659,1.96590000e+04,-9,-0.187500
19660,1.96600000e+04,-10,-0.208333
19661,1.96610000e+04,-10,-0.208333
19662,1.96620000e+04,-10,-0.208333
19663,1.96630000e+04,-10,-0.208333
19664,1.96640000e+04,-10,-0.208333
19665,1.96650000e+04,-7,-0.145833
19666,1.96660000e+04,-7,-0.145833
19667,1.96670000e+04,-7,-0.145833
19668,1.96680000e+04,-7,-0.145833
19669,1.96690000e+04,-7,-0.145833
19670,1.96700000e+04,-8,-0.166667
19671,1.96710000e+04,-8,-0.166667
19672,1.96720000e+04,-8,-0.166667
19673,1.96730000e+04,-8,-0.166667
19674,1.96740000e+04,-8,-0.166667
19675,1.96750000e+04,-8,-0.166667
19676,1.96760000e+04,-8,-0.166667
19677,1.96770000e+04,-8,-0.166667
19678,1.96780000e+04,-8,-0.166667
19679,1.96790000e+04,-8,-0.166667
19680,1.96800000e+04,-8,-0.166667
19681,1.96810000e+04,-8,-0.166667
19682,1.96820000e+04,-8,-0.166667
19683,1.96830000e+04,-8,-0.166667
19684,1.96840000e+04,-8,-0.166667
19685,1.96850000e+04,-8,-0.166667
19686,1.96860000e+04,-8,-0.166667
19687,1.96870000e+04,-8,-0.166667
19688,1.96880000e+04,-8,-0.166667
19689,1.96890000e+04,-8,-0.166667
19690,1.96900000e+04,-9,-0.187500
19691,1.96910000e+04,-9,-0.187500
19692,1.96920000e+04,-9,-0.187500
19693,1.96930000e+04,-9,-0.187500
19694,1.96940000e+04,-9,-0.187500
19695,1.96950000e+04,-9,-0.187500
19696,1.96960000e+04,-9,-0.187500
19697,1.96970000e+04,-9,-0.187500
19698,1.96980000e+04,-9,-0.187500
19699,1.96990000e+04,-9,-0.187500
19700,1.97000000e+04,-7,-0.145833
19701,1.97010000e+04,-7,-0.145833
19702,1.97020000e+04,-7,-0.145833
19703,1.97030000e+04,-7,-0.145833
19704,1.97040000e+04,-7,-0.145833
19705,1.97050000e+04,-7,-0.145833
19706,1.97060000e+04,-7,-0.145833
19707,1.97070000e+04,-7,-0.145833
19708,1.97080000e+04,-7,-0.145833
19709,1.97090000e+04,-7,-0.145833
19710,1.97100000e+04,-5,-0.104167
19711,1.97110000e+04,-5,-0.104167
19712,1.97120000e+04,-5,-0.104167
19713,1.97130000e+04,-5,-0.104167
19714,1.97140000e+04,-5,-0.104167
19715,1.97150000e+04,-6,-0.125000
19716,1.97160000e+04,-6,-0.125000
19717,1.97170000e+04,-6,-0.125000
19718,1.97180000e+04,-6,-0.125000
19719,1.97190000e+04,-6,-0.125000
19720,1.97200000e+04,-7,-0.145833
19721,1.97210000e+04,-7,-0.145833
19722,1.97220000e+04,-7,-0.145833
19723,1.97230000e+04,-7,-0.145833
19724,1.97240000e+04,-7,-0.145833
19725,1.97250000e+04,-7,-0.145833
19726,1.97260000e+04,-7,-0.145833
19727,1.97270000e+04,-7,-0.145833
19728,1.97280000e+04,-7,-0.145833
19729,1.97290000e+04,-7,-0.145833
19730,1.97300000e+04,-7,-0.145833
19731,1.97310000e+04,-7,-0.145833
19732,1.97320000e+04,-7,-0.145833
19733,1.97330000e+04,-7,-0.145833
19734,1.97340000e+04,-7,-0.145833
19735,1.97350000e+04,-4,-0.083333
19736,1.97360000e+04,-4,-0.083333
19737,1.97370000e+04,-4,-0.083333
19738,1.97380000e+04,-4,-0.083333
19739,1.97390000e+04,-4,-0.083333
19740,1.97400000e+04,-4,-0.083333
19741,1.97410000e+04,-4,-0.083333
19742,1.97420000e+04,-4,-0.083333
19743,1.97430000e+04,-4,-0.083333
19744,1.97440000e+04,-4,-0.083333
19745,1.97450000e+04,-4,-0.083333
19746,1.97460000e+04,-4,-0.083333
19747,1.97470000e+04,-4,-0.083333
19748,1.97480000e+04,-4,-0.083333
19749,1.97490000e+04,-4,-0.083333
19750,1.97500000e+04,-5,-0.104167
19751,1.97510000e+04,-5,-0.104167
19752,1.97520000e+04,-5,-0.104167
19753,1.97530000e+04,-5,-0.104167
19754,1.97540000e+04,-5,-0.104167
19755,1.97550000e+04,-3,-0.062500
19756,1.97560000e+04,-3,-0.062500
19757,1.97570000e+04,-3,-0.062500
19758,1.97580000e+04,-3,-0.062500
19759,1.97590000e+04,-3,-0.062500
19760,1.97600000e+04,-6,-0.125000
19761,1.97610000e+04,-6,-0.125000
19762,1.97620000e+04,-6,-0.125000
19763,1.97630000e+04,-6,-0.125000
19764,1.97640000e+04,-6,-0.125000
19765,1.97650000e+04,-5,-0.104167
19766,1.97660000e+04,-5,-0.104167
19767,1.97670000e+04,-5,-0.104167
19768,1.97680000e+04,-5,-0.104167
19769,1.97690000e+04,-5,-0.104167
19770,1.97700000e+04,-5,-0.104167
19771,1.97710000e+04,-5,-0.104167
19772,1.97720000e+04,-5,-0.104167
19773,1.97730000e+04,-5,-0.104167
19774,1.97740000e+04,-5,-0.104167
19775,1.97750000e+04,-2,-0.041667
19776,1.97760000e+04,-2,-0.041667
19777,1.97770000e+04,-2,-0.041667
19778,1.97780000e+04,-2,-0.041667
19779,1.97790000e+04,-2,-0.041667
19780,1.97800000e+04,-4,-0.083333
19781,1.97810000e+04,-4,-0.083333
19782,1.97820000e+04,-4,-0.083333
19783,1.97830000e+04,-4,-0.083333
19784,1.97840000e+04,-4,-0.083333
19785,1.97850000e+04,-2,-0.041667
19786,1.97860000e+04,-2,-0.041667
19787,1.97870000e+04,-2,-0.041667
19788,1.97880000e+04,-2,-0.041667
19789,1.97890000e+04,-2,-0.041667
19790,1.97900000e+04,-4,-0.083333
19791,1.97910000e+04,-4,-0.083333
19792,1.97920000e+04,-4,-0.083333
19793,1.97930000e+04,-4,-0.083333
19794,1.97940000e+04,-4,-0.083333
19795,1.97950000e+04,-4,-0.083333
19796,1.97960000e+04,-4,-0.083333
19797,1.97970000e+04,-4,-0.083333
19798,1.97980000e+04,-4,-0.083333
19799,1.97990000e+04,-4,-0.083333
19800,1.98000000e+04,-5,-0.104167
19801,1.98010000e+04,-5,-0.104167
19802,1.98020000e+04,-5,-0.104167
19803,1.98030000e+04,-5,-0.104167
19804,1.98040000e+04,-5,-0.104167
19805,1.98050000e+04,-6,-0.125000
19806,1.98060000e+04,-6,-0.125000
19807,1.98070000e+04,-6,-0.125000
19808,1.98080000e+04,-6,-0.125000
19809,1.98090000e+04,-6,-0.125000
19810,1.98100000e+04,-4,-0.083333
19811,1.98110000e+04,-4,-0.083333
19812,1.98120000e+04,-4,-0.083333
19813,1.98130000e+04,-4,-0.083333
19814,1.98140000e+04,-4,-0.083333
19815,1.98150000e+04,-3,-0.062500
19816,1.98160000e+04,-3,-0.062500
19817,1.98170000e+04,-3,-0.062500
19818,1.98180000e+04,-3,-0.062500
19819,1.98190000e+04,-3,-0.062500
19820,1.98200000e+04,-3,-0.062500
19821,1.98210000e+04,-3,-0.062500
19822,1.98220000e+04,-3,-0.062500
19823,1.98230000e+04,-3,-0.062500
19824,1.98240000e+04,-3,-0.062500
19825,1.98250000e+04,-3,-0.062500
19826,1.98260000e+04,-3,-0.062500
19827,1.98270000e+04,-3,-0.062500
19828,1.98280000e+04,-3,-0.062500
19829,1.98290000e+04,-3,-0.062500
19830,1.98300000e+04,-2,-0.041667
19831,1.98310000e+04,-2,-0.041667
19832,1.98320000e+04,-2,-0.041667
19833,1.98330000e+04,-2,-0.041667
19834,1.98340000e+04,-2,-0.041667
19835,1.98350000e+04,-4,-0.083333
19836,1.98360000e+04,-4,-0.083333
19837,1.98370000e+04,-4,-0.083333
19838,1.98380000e+04,-4,-0.083333
19839,1.98390000e+04,-4,-0.083333
19840,1.98400000e+04,-5,-0.104167
19841,1.98410000e+04,-5,-0.104167
19842,1.98420000e+04,-5,-0.104167
19843,1.98430000e+04,-5,-0.104167
19844,1.98440000e+04,-5,-0.104167
19845,1.98450000e+04,-4,-0.083333
19846,1.98460000e+04,-4,-0.083333
19847,1.98470000e+04,-4,-0.083333
19848,1.98480000e+04,-4,-0.083333
19849,1.98490000e+04,-4,-0.083333
19850,1.98500000e+04,-1,-0.020833
19851,1.98510000e+04,-1,-0.020833
19852,1.98520000e+04,-1,-0.020833
19853,1.98530000e+04,-1,-0.020833
19854,1.98540000e+04,-1,-0.020833
19855,1.98550000e+04,-5,-0.104167
19856,1.98560000e+04,-5,-0.104167
19857,1.98570000e+04,-5,-0.104167
19858,1.98580000e+04,-5,-0.104167
19859,1.98590000e+04,-5,-0.104167
19860,1.98600000e+04,-2,-0.041667
19861,1.98610000e+04,-2,-0.041667
19862,1.98620000e+04,-2,-0.041667
19863,1.98630000e+04,-2,-0.041667
19864,1.98640000e+04,-2,-0.041667
19865,1.98650000e+04,-2,-0.041667
19866,1.98660000e+04,-2,-0.041667
19867,1.98670000e+04,-2,-0.041667
19868,1.98680000e+04,-2,-0.041667
19869,1.98690000e+04,-2,-0.041667
19870,1.98700000e+04,-1,-0.020833
19871,1.98710000e+04,-1,-0.020833
19872,1.98720000e+04,-1,-0.020833
19873,1.98730000e+04,-1,-0.020833
19874,1.98740000e+04,-1,-0.020833
19875,1.98750000e+04,-2,-0.041667
19876,1.98760000e+04,-2,-0.041667
19877,1.98770000e+04,-2,-0.041667
19878,1.98780000e+04,-2,-0.041667
19879,1.98790000e+04,-2,-0.041667
19880,1.98800000e+04,2,0.041667
19881,1.98810000e+04,2,0.041667
19882,1.98820000e+04,2,0.041667
19883,1.98830000e+04,2,0.041667
19884,1.98840000e+04,2,0.041667
19885,1.98850000e+04,-5,-0.104167
19886,1.98860000e+04,-5,-0.104167
19887,1.98870000e+04,-5,-0.104167
19888,1.98880000e+04,-5,-0.104167
19889,1.98890000e+04,-5,-0.104167
19890,1.98900000e+04,-1,-0.020833
19891,1.98910000e+04,-1,-0.020833
19892,1.98920000e+04,-1,-0.020833
19893,1.98930000e+04,-1,-0.020833
19894,1.98940000e+04,-1,-0.020833
19895,1.98950000e+04,-4,-0.083333
19896,1.98960000e+04,-4,-0.083333
19897,1.98970000e+04,-4,-0.083333
19898,1.98980000e+04,-4,-0.083333
19899,1.98990000e+04,-4,-0.083333
19900,1.99000000e+04,-2,-0.041667
19901,1.99010000e+04,-2,-0.041667
19902,1.99020000e+04,-2,-0.041667
19903,1.99030000e+04,-2,-0.041667
19904,1.99040000e+04,-2,-0.041667
19905,1.99050000e+04,-3,-0.062500
19906,1.99060000e+04,-3,-0.062500
19907,1.99070000e+04,-3,-0.062500
19908,1.99080000e+04,-3,-0.062500
19909,1.99090000e+04,-3,-0.062500
19910,1.99100000e+04,-4,-0.083333
19911,1.99110000e+04,-4,-0.083333
19912,1.99120000e+04,-4,-0.083333
19913,1.99130000e+04,-4,-0.083333
19914,1.99140000e+04,-4,-0.083333
19915,1.99150000e+04,-5,-0.104167
19916,1.99160000e+04,-5,-0.104167
19917,1.99170000e+04,-5,-0.104167
19918,1.99180000e+04,-5,-0.104167
19919,1.99190000e+04,-5,-0.104167
19920,1.99200000e+04,-4,-0.083333
19921,1.99210000e+04,-4,-0.083333
19922,1.99220000e+04,-4,-0.083333
19923,1.99230000e+04,-4,-0.083333
19924,1.99240000e+04,-4,-0.083333
19925,1.99250000e+04,-1,-0.020833
19926,1.99260000e+04,-1,-0.020833
19927,1.99270000e+04,-1,-0.020833
19928,1.99280000e+04,-1,-0.020833
19929,1.99290000e+04,-1,-0.020833
19930,1.99300000e+04,-5,-0.104167
19931,1.99310000e+04,-5,-0.104167
19932,1.99320000e+04,-5,-0.104167
19933,1.99330000e+04,-5,-0.104167
19934,1.99340000e+04,-5,-0.104167
19935,1.99350000e+04,-2,-0.041667
19936,1.99360000e+04,-2,-0.041667
19937,1.99370000e+04,-2,-0.041667
19938,1.99380000e+04,-2,-0.041667
19939,1.99390000e+04,-2,-0.041667
19940,1.99400000e+04,0,0.000000
19941,1.99410000e+04,0,0.000000
19942,1.99420000e+04,0,0.000000
19943,1.99430000e+04,0,0.000000
19944,1.99440000e+04,0,0.000000
19945,1.99450000e+04,-5,-0.104167
19946,1.99460000e+04,-5,-0.104167
19947,1.99470000e+04,-5,-0.104167
19948,1.99480000e+04,-5,-0.104167
19949,1.99490000e+04,-5,-0.104167
19950,1.99500000e+04,0,0.000000
19951,1.99510000e+04,0,0.000000
19952,1.99520000e+04,0,0.000000
19953,1.99530000e+04,0,0.000000
19954,1.99540000e+04,0,0.000000
19955,1.99550000e+04,0,0.000000
19956,1.99560000e+04,0,0.000000
19957,1.99570000e+04,0,0.000000
19958,1.99580000e+04,0,0.000000
19959,1.99590000e+04,0,0.000000
19960,1.99600000e+04,-1,-0.020833
19961,1.99610000e+04,-1,-0.020833
19962,1.99620000e+04,-1,-0.020833
19963,1.99630000e+04,-1,-0.020833
19964,1.99640000e+04,-1,-0.020833
19965,1.99650000e+04,-1,-0.020833
19966,1.99660000e+04,-1,-0.020833
19967,1.99670000e+04,-1,-0.020833
19968,1.99680000e+04,-1,-0.020833
19969,1.99690000e+04,-1,-0.020833
19970,1.99700000e+04,2,0.041667
19971,1.99710000e+04,2,0.041667
19972,1.99720000e+04,2,0.041667
19973,1.99730000e+04,2,0.041667
19974,1.99740000e+04,2,0.041667
19975,1.99750000e+04,1,0.020833
19976,1.99760000e+04,1,0.020833
19977,1.99770000e+04,1,0.020833
19978,1.99780000e+04,1,0.020833
19979,1.99790000e+04,1,0.020833
19980,1.99800000e+04,-4,-0.083333
19981,1.99810000e+04,-4,-0.083333
19982,1.99820000e+04,-4,-0.083333
19983,1.99830000e+04,-4,-0.083333
19984,1.99840000e+04,-4,-0.083333
19985,1.99850000e+04,2,0.041667
19986,1.99860000e+04,2,0.041667
19987,1.99870000e+04,2,0.041667
19988,1.99880000e+04,2,0.041667
19989,1.99890000e+04,2,0.041667
19990,1.99900000e+04,3,0.062500
19991,1.99910000e+04,3,0.062500
19992,1.99920000e+04,3,0.062500
19993,1.99930000e+04,3,0.062500
19994,1.99940000e+04,3,0.062500
19995,1.99950000e+04,0,0.000000
19996,1.99960000e+04,0,0.000000
19997,1.99970000e+04,0,0.000000
19998,1.99980000e+04,0,0.000000
19999,1.99990000e+04,0,0.000000
20000,2.00000000e+04,2,0.041667
20001,2.00010000e+04,2,0.041667
20002,2.00020000e+04,2,0.041667
20003,2.00030000e+04,2,0.041667
20004,2.00040000e+04,2,0.041667
20005,2.00050000e+04,-2,-0.041667
20006,2.00060000e+04,-2,-0.041667
20007,2.00070000e+04,-2,-0.041667
20008,2.00080000e+04,-2,-0.041667
20009,2.00090000e+04,-2,-0.041667
20010,2.00100000e+04,3,0.062500
20011,2.00110000e+04,3,0.062500
20012,2.00120000e+04,3,0.062500
20013,2.00130000e+04,3,0.062500
20014,2.00140000e+04,3,0.062500
20015,2.00150000e+04,1,0.020833
20016,2.00160000e+04,1,0.020833
20017,2.00170000e+04,1,0.020833
20018,2.00180000e+04,1,0.020833
20019,2.00190000e+04,1,0.020833
20020,2.00200000e+04,1,0.020833
20021,2.00210000e+04,1,0.020833
20022,2.00220000e+04,1,0.020833
20023,2.00230000e+04,1,0.020833
20024,2.00240000e+04,1,0.020833
20025,2.00250000e+04,-1,-0.020833
20026,2.00260000e+04,-1,-0.020833
20027,2.00270000e+04,-1,-0.020833
20028,2.00280000e+04,-1,-0.020833
20029,2.00290000e+04,-1,-0.020833
20030,2.00300000e+04,2,0.041667
20031,2.00310000e+04,2,0.041667
20032,2.00320000e+04,2,0.041667
20033,2.00330000e+04,2,0.041667
20034,2.00340000e+04,2,0.041667
20035,2.00350000e+04,2,0.041667
20036,2.00360000e+04,2,0.041667
20037,2.00370000e+04,2,0.041667
20038,2.00380000e+04,2,0.041667
20039,2.00390000e+04,2,0.041667
20040,2.00400000e+04,0,0.000000
20041,2.00410000e+04,0,0.000000
20042,2.00420000e+04,0,0.000000
20043,2.00430000e+04,0,0.000000
20044,2.00440000e+04,0,0.000000
20045,2.00450000e+04,1,0.020833
20046,2.00460000e+04,1,0.020833
20047,2.00470000e+04,1,0.020833
20048,2.00480000e+04,1,0.020833
20049,2.00490000e+04,1,0.020833
20050,2.00500000e+04,1,0.020833
20051,2.00510000e+04,1,0.020833
20052,2.00520000e+04,1,0.020833
20053,2.00530000e+04,1,0.020833
20054,2.00540000e+04,1,0.020833
20055,2.00550000e+04,2,0.041667
20056,2.00560000e+04,2,0.041667
20057,2.00570000e+04,2,0.041667
20058,2.00580000e+04,2,0.041667
20059,2.00590000e+04,2,0.041667
20060,2.00600000e+04,2,0.041667
20061,2.00610000e+04,2,0.041667
20062,2.00620000e+04,2,0.041667
20063,2.00630000e+04,2,0.041667
20064,2.00640000e+04,2,0.041667
20065,2.00650000e+04,2,0.041667
20066,2.00660000e+04,2,0.041667
20067,2.00670000e+04,2,0.041667
20068,2.00680000e+04,2,0.041667
20069,2.00690000e+04,2,0.041667
20070,2.00700000e+04,3,0.062500
20071,2.00710000e+04,3,0.062500
20072,2.00720000e+04,3,0.062500
20073,2.00730000e+04,3,0.062500
20074,2.00740000e+04,3,0.062500
20075,2.00750000e+04,4,0.083333
20076,2.00760000e+04,4,0.083333
20077,2.00770000e+04,4,0.083333
20078,2.00780000e+04,4,0.083333
20079,2.00790000e+04,4,0.083333
20080,2.00800000e+04,7,0.145833
20081,2.00810000e+04,7,0.145833
20082,2.00820000e+04,7,0.145833
20083,2.00830000e+04,7,0.145833
20084,2.00840000e+04,7,0.145833
20085,2.00850000e+04,7,0.145833
20086,2.00860000e+04,7,0.145833
20087,2.00870000e+04,7,0.145833
20088,2.00880000e+04,7,0.145833
20089,2.00890000e+04,7,0.145833
20090,2.00900000e+04,6,0.125000
20091,2.00910000e+04,6,0.125000
20092,2.00920000e+04,6,0.125000
20093,2.00930000e+04,6,0.125000
20094,2.00940000e+04,6,0.125000
20095,2.00950000e+04,7,0.145833
20096,2.00960000e+04,7,0.145833
20097,2.00970000e+04,7,0.145833
20098,2.00980000e+04,7,0.145833
20099,2.00990000e+04,7,0.145833
20100,2.01000000e+04,7,0.145833
20101,2.01010000e+04,7,0.145833
20102,2.01020000e+04,7,0.145833
20103,2.01030000e+04,7,0.145833
20104,2.01040000e+04,7,0.145833
20105,2.01050000e+04,7,0.145833
20106,2.01060000e+04,7,0.145833
20107,2.01070000e+04,7,0.145833
20108,2.01080000e+04,7,0.145833
20109,2.01090000e+04,7,0.145833
20110,2.01100000e+04,7,0.145833
20111,2.01110000e+04,7,0.145833
20112,2.01120000e+04,7,0.145833
20113,2.01130000e+04,7,0.145833
20114,2.01140000e+04,7,0.145833
20115,2.01150000e+04,8,0.166667
20116,2.01160000e+04,8,0.166667
20117,2.01170000e+04,8,0.166667
20118,2.01180000e+04,8,0.166667
20119,2.01190000e+04,8,0.166667
20120,2.01200000e+04,5,0.104167
20121,2.01210000e+04,5,0.104167
20122,2.01220000e+04,5,0.104167
20123,2.01230000e+04,5,0.104167
20124,2.01240000e+04,5,0.104167
20125,2.01250000e+04,8,0.166667
20126,2.01260000e+04,8,0.166667
20127,2.01270000e+04,8,0.166667
20128,2.01280000e+04,8,0.166667
20129,2.01290000e+04,8,0.166667
20130,2.01300000e+04,7,0.145833
20131,2.01310000e+04,7,0.145833
20132,2.01320000e+04,7,0.145833
20133,2.01330000e+04,7,0.145833
20134,2.01340000e+04,7,0.145833
20135,2.01350000e+04,5,0.104167
20136,2.01360000e+04,5,0.104167
20137,2.01370000e+04,5,0.104167
20138,2.01380000e+04,5,0.104167
20139,2.01390000e+04,5,0.104167
20140,2.01400000e+04,9,0.187500
20141,2.01410000e+04,9,0.187500
20142,2.01420000e+04,9,0.187500
20143,2.01430000e+04,9,0.187500
20144,2.01440000e+04,9,0.187500
20145,2.01450000e+04,11,0.229167
20146,2.01460000e+04,11,0.229167
20147,2.01470000e+04,11,0.229167
20148,2.01480000e+04,11,0.229167
20149,2.01490000e+04,11,0.229167
20150,2.01500000e+04,8,0.166667
20151,2.01510000e+04,8,0.166667
20152,2.01520000e+04,8,0.166667
20153,2.01530000e+04,8,0.166667
20154,2.01540000e+04,8,0.166667
20155,2.01550000e+04,13,0.270833
20156,2.01560000e+04,13,0.270833
20157,2.01570000e+04,13,0.270833
20158,2.01580000e+04,13,0.270833
20159,2.01590000e+04,13,0.270833
20160,2.01600000e+04,7,0.145833
20161,2.01610000e+04,7,0.145833
20162,2.01620000e+04,7,0.145833
20163,2.01630000e+04,7,0.145833
20164,2.01640000e+04,7,0.145833
20165,2.01650000e+04,12,0.250000
20166,2.01660000e+04,12,0.250000
20167,2.01670000e+04,12,0.250000
20168,2.01680000e+04,12,0.250000
20169,2.01690000e+04,12,0.250000
20170,2.01700000e+04,9,0.187500
20171,2.01710000e+04,9,0.187500
20172,2.01720000e+04,9,0.187500
20173,2.01730000e+04,9,0.187500
20174,2.01740000e+04,9,0.187500
20175,2.01750000e+04,11,0.229167
20176,2.01760000e+04,11,0.229167
20177,2.01770000e+04,11,0.229167
20178,2.01780000e+04,11,0.229167
20179,2.01790000e+04,11,0.229167
20180,2.01800000e+04,13,0.270833
20181,2.01810000e+04,13,0.270833
20182,2.01820000e+04,13,0.270833
20183,2.01830000e+04,13,0.270833
20184,2.01840000e+04,13,0.270833
20185,2.01850000e+04,15,0.312500
20186,2.01860000e+04,15,0.312500
20187,2.01870000e+04,15,0.312500
20188,2.01880000e+04,15,0.312500
20189,2.01890000e+04,15,0.312500
20190,2.01900000e+04,14,0.291667
20191,2.01910000e+04,14,0.291667
20192,2.01920000e+04,14,0.291667
20193,2.01930000e+04,14,0.291667
20194,2.01940000e+04,14,0.291667
20195,2.01950000e+04,13,0.270833
20196,2.01960000e+04,13,0.270833
20197,2.01970000e+04,13,0.270833
20198,2.01980000e+04,13,0.270833
20199,2.01990000e+04,13,0.270833
20200,2.02000000e+04,13,0.270833
20201,2.02010000e+04,13,0.270833
20202,2.02020000e+04,13,0.270833
20203,2.02030000e+04,13,0.270833
20204,2.02040000e+04,13,0.270833
20205,2.02050000e+04,16,0.333333
20206,2.02060000e+04,16,0.333333
20207,2.02070000e+04,16,0.333333
20208,2.02080000e+04,16,0.333333
20209,2.02090000e+04,16,0.333333
20210,2.02100000e+04,13,0.270833
20211,2.02110000e+04,13,0.270833
20212,2.02120000e+04,13,0.270833
20213,2.02130000e+04,13,0.270833
20214,2.02140000e+04,13,0.270833
20215,2.02150000e+04,12,0.250000
20216,2.02160000e+04,12,0.250000
20217,2.02170000e+04,12,0.250000
20218,2.02180000e+04,12,0.250000
20219,2.02190000e+04,12,0.250000
20220,2.02200000e+04,13,0.270833
20221,2.02210000e+04,13,0.270833
20222,2.02220000e+04,13,0.270833
20223,2.02230000e+04,13,0.270833
20224,2.02240000e+04,13,0.270833
20225,2.02250000e+04,15,0.312500
20226,2.02260000e+04,15,0.312500
20227,2.02270000e+04,15,0.312500
20228,2.02280000e+04,15,0.312500
20229,2.02290000e+04,15,0.312500
20230,2.02300000e+04,17,0.354167
20231,2.02310000e+04,17,0.354167
20232,2.02320000e+04,17,0.354167
20233,2.02330000e+04,17,0.354167
20234,2.02340000e+04,17,0.354167
20235,2.02350000e+04,14,0.291667
20236,2.02360000e+04,14,0.291667
20237,2.02370000e+04,14,0.291667
20238,2.02380000e+04,14,0.291667
20239,2.02390000e+04,14,0.291667
20240,2.02400000e+04,19,0.395833
20241,2.02410000e+04,19,0.395833
20242,2.02420000e+04,19,0.395833
20243,2.02430000e+04,19,0.395833
20244,2.02440000e+04,19,0.395833
20245,2.02450000e+04,14,0.291667
20246,2.02460000e+04,14,0.291667
20247,2.02470000e+04,14,0.291667
20248,2.02480000e+04,14,0.291667
20249,2.02490000e+04,14,0.291667
20250,2.02500000e+04,15,0.312500
20251,2.02510000e+04,15,0.312500
20252,2.02520000e+04,15,0.312500
20253,2.02530000e+04,15,0.312500
20254,2.02540000e+04,15,0.312500
20255,2.02550000e+04,17,0.354167
20256,2.02560000e+04,17,0.354167
20257,2.02570000e+04,17,0.354167
20258,2.02580000e+04,17,0.354167
20259,2.02590000e+04,17,0.354167
20260,2.02600000e+04,16,0.333333
20261,2.02610000e+04,16,0.333333
20262,2.02620000e+04,16,0.333333
20263,2.02630000e+04,16,0.333333
20264,2.02640000e+04,16,0.333333
20265,2.02650000e+04,16,0.333333
20266,2.02660000e+04,16,0.333333
20267,2.02670000e+04,16,0.333333
20268,2.02680000e+04,16,0.333333
20269,2.02690000e+04,16,0.333333
20270,2.02700000e+04,15,0.312500
20271,2.02710000e+04,15,0.312500
20272,2.02720000e+04,15,0.312500
20273,2.02730000e+04,15,0.312500
20274,2.02740000e+04,15,0.312500
20275,2.02750000e+04,15,0.312500
20276,2.02760000e+04,15,0.312500
20277,2.02770000e+04,15,0.312500
20278,2.02780000e+04,15,0.312500
20279,2.02790000e+04,15,0.312500
20280,2.02800000e+04,17,0.354167
20281,2.02810000e+04,17,0.354167
20282,2.02820000e+04,17,0.354167
20283,2.02830000e+04,17,0.354167
20284,2.02840000e+04,17,0.354167
20285,2.02850000e+04,16,0.333333
20286,2.02860000e+04,16,0.333333
20287,2.02870000e+04,16,0.333333
20288,2.02880000e+04,16,0.333333
20289,2.02890000e+04,16,0.333333
20290,2.02900000e+04,15,0.312500
20291,2.02910000e+04,15,0.312500
20292,2.02920000e+04,15,0.312500
20293,2.02930000e+04,15,0.312500
20294,2.02940000e+04,15,0.312500
20295,2.02950000e+04,14,0.291667
20296,2.02960000e+04,14,0.291667
20297,2.02970000e+04,14,0.291667
20298,2.02980000e+04,14,0.291667
20299,2.02990000e+04,14,0.291667
20300,2.03000000e+04,17,0.354167
20301,2.03010000e+04,17,0.354167
20302,2.03020000e+04,17,0.354167
20303,2.03030000e+04,17,0.354167
20304,2.03040000e+04,17,0.354167
20305,2.03050000e+04,17,0.354167
20306,2.03060000e+04,17,0.354167
20307,2.03070000e+04,17,0.354167
20308,2.03080000e+04,17,0.354167
20309,2.03090000e+04,17,0.354167
20310,2.03100000e+04,17,0.354167
20311,2.03110000e+04,17,0.354167
20312,2.03120000e+04,17,0.354167
20313,2.03130000e+04,17,0.354167
20314,2.03140000e+04,17,0.354167
20315,2.03150000e+04,19,0.395833
20316,2.03160000e+04,19,0.395833
20317,2.03170000e+04,19,0.395833
20318,2.03180000e+04,19,0.395833
20319,2.03190000e+04,19,0.395833
20320,2.03200000e+04,18,0.375000
20321,2.03210000e+04,18,0.375000
20322,2.03220000e+04,18,0.375000
20323,2.03230000e+04,18,0.375000
20324,2.03240000e+04,18,0.375000
20325,2.03250000e+04,21,0.437500
20326,2.03260000e+04,21,0.437500
20327,2.03270000e+04,21,0.437500
20328,2.03280000e+04,21,0.437500
20329,2.03290000e+04,21,0.437500
20330,2.03300000e+04,16,0.333333
20331,2.03310000e+04,16,0.333333
20332,2.03320000e+04,16,0.333333
20333,2.03330000e+04,16,0.333333
20334,2.03340000e+04,16,0.333333
20335,2.03350000e+04,21,0.437500
20336,2.03360000e+04,21,0.437500
20337,2.03370000e+04,21,0.437500
20338,2.03380000e+04,21,0.437500
20339,2.03390000e+04,21,0.437500
20340,2.03400000e+04,18,0.375000
20341,2.03410000e+04,18,0.375000
20342,2.03420000e+04,18,0.375000
20343,2.03430000e+04,18,0.375000
20344,2.03440000e+04,18,0.375000
20345,2.03450000e+04,18,0.375000
20346,2.03460000e+04,18,0.375000
20347,2.03470000e+04,18,0.375000
20348,2.03480000e+04,18,0.375000
20349,2.03490000e+04,18,0.375000
20350,2.03500000e+04,17,0.354167
20351,2.03510000e+04,17,0.354167
20352,2.03520000e+04,17,0.354167
20353,2.03530000e+04,17,0.354167
20354,2.03540000e+04,17,0.354167
20355,2.03550000e+04,17,0.354167
20356,2.03560000e+04,17,0.354167
20357,2.03570000e+04,17,0.354167
20358,2.03580000e+04,17,0.354167
20359,2.03590000e+04,17,0.354167
20360,2.03600000e+04,19,0.395833
20361,2.03610000e+04,19,0.395833
20362,2.03620000e+04,19,0.395833
20363,2.03630000e+04,19,0.395833
20364,2.03640000e+04,19,0.395833
20365,2.03650000e+04,15,0.312500
20366,2.03660000e+04,15,0.312500
20367,2.03670000e+04,15,0.312500
20368,2.03680000e+04,15,0.312500
20369,2.03690000e+04,15,0.312500
20370,2.03700000e+04,18,0.375000
20371,2.03710000e+04,18,0.375000
20372,2.03720000e+04,18,0.375000
20373,2.03730000e+04,18,0.375000
20374,2.03740000e+04,18,0.375000
20375,2.03750000e+04,16,0.333333
20376,2.03760000e+04,16,0.333333
20377,2.03770000e+04,16,0.333333
20378,2.03780000e+04,16,0.333333
20379,2.03790000e+04,16,0.333333
20380,2.03800000e+04,17,0.354167
20381,2.03810000e+04,17,0.354167
20382,2.03820000e+04,17,0.354167
20383,2.03830000e+04,17,0.354167
20384,2.03840000e+04,17,0.354167
20385,2.03850000e+04,17,0.354167
20386,2.03860000e+04,17,0.354167
20387,2.03870000e+04,17,0.354167
20388,2.03880000e+04,17,0.354167
20389,2.03890000e+04,17,0.354167
20390,2.03900000e+04,16,0.333333
20391,2.03910000e+04,16,0.333333
20392,2.03920000e+04,16,0.333333
20393,2.03930000e+04,16,0.333333
20394,2.03940000e+04,16,0.333333
20395,2.03950000e+04,16,0.333333
20396,2.03960000e+04,16,0.333333
20397,2.03970000e+04,16,0.333333
20398,2.03980000e+04,16,0.333333
20399,2.03990000e+04,16,0.333333
20400,2.04000000e+04,13,0.270833
20401,2.04010000e+04,13,0.270833
20402,2.04020000e+04,13,0.270833
20403,2.04030000e+04,13,0.270833
20404,2.04040000e+04,13,0.270833
20405,2.04050000e+04,17,0.354167
20406,2.04060000e+04,17,0.354167
20407,2.04070000e+04,17,0.354167
20408,2.04080000e+04,17,0.354167
20409,2.04090000e+04,17,0.354167
20410,2.04100000e+04,17,0.354167
20411,2.04110000e+04,17,0.354167
20412,2.04120000e+04,17,0.354167
20413,2.04130000e+04,17,0.354167
20414,2.04140000e+04,17,0.354167
20415,2.04150000e+04,18,0.375000
20416,2.04160000e+04,18,0.375000
20417,2.04170000e+04,18,0.375000
20418,2.04180000e+04,18,0.375000
20419,2.04190000e+04,18,0.375000
20420,2.04200000e+04,18,0.375000
20421,2.04210000e+04,18,0.375000
20422,2.04220000e+04,18,0.375000
20423,2.04230000e+04,18,0.375000
20424,2.04240000e+04,18,0.375000
20425,2.04250000e+04,16,0.333333
20426,2.04260000e+04,16,0.333333
20427,2.04270000e+04,16,0.333333
20428,2.04280000e+04,16,0.333333
20429,2.04290000e+04,16,0.333333
20430,2.04300000e+04,17,0.354167
20431,2.04310000e+04,17,0.354167
20432,2.04320000e+04,17,0.354167
20433,2.04330000e+04,17,0.354167
20434,2.04340000e+04,17,0.354167
20435,2.04350000e+04,17,0.354167
20436,2.04360000e+04,17,0.354167
20437,2.04370000e+04,17,0.354167
20438,2.04380000e+04,17,0.354167
20439,2.04390000e+04,17,0.354167
20440,2.04400000e+04,20,0.416667
20441,2.04410000e+04,20,0.416667
20442,2.04420000e+04,20,0.416667
20443,2.04430000e+04,20,0.416667
20444,2.04440000e+04,20,0.416667
20445,2.04450000e+04,16,0.333333
20446,2.04460000e+04,16,0.333333
20447,2.04470000e+04,16,0.333333
20448,2.04480000e+04,16,0.333333
20449,2.04490000e+04,16,0.333333
20450,2.04500000e+04,13,0.270833
20451,2.04510000e+04,13,0.270833
20452,2.04520000e+04,13,0.270833
20453,2.04530000e+04,13,0.270833
20454,2.04540000e+04,13,0.270833
20455,2.04550000e+04,15,0.312500
20456,2.04560000e+04,15,0.312500
20457,2.04570000e+04,15,0.312500
20458,2.04580000e+04,15,0.312500
20459,2.04590000e+04,15,0.312500
20460,2.04600000e+04,21,0.437500
20461,2.04610000e+04,21,0.437500
20462,2.04620000e+04,21,0.437500
20463,2.04630000e+04,21,0.437500
20464,2.04640000e+04,21,0.437500
20465,2.04650000e+04,18,0.375000
20466,2.04660000e+04,18,0.375000
20467,2.04670000e+04,18,0.375000
20468,2.04680000e+04,18,0.375000
20469,2.04690000e+04,18,0.375000
20470,2.04700000e+04,18,0.375000
20471,2.04710000e+04,18,0.375000
20472,2.04720000e+04,18,0.375000
20473,2.04730000e+04,18,0.375000
20474,2.04740000e+04,18,0.375000
20475,2.04750000e+04,17,0.354167
20476,2.04760000e+04,17,0.354167
20477,2.04770000e+04,17,0.354167
20478,2.04780000e+04,17,0.354167
20479,2.04790000e+04,17,0.354167
20480,2.04800000e+04,17,0.354167
20481,2.04810000e+04,17,0.354167
20482,2.04820000e+04,17,0.354167
20483,2.04830000e+04,17,0.354167
20484,2.04840000e+04,17,0.354167
20485,2.04850000e+04,20,0.416667
20486,2.04860000e+04,20,0.416667
20487,2.04870000e+04,20,0.416667
20488,2.04880000e+04,20,0.416667
20489,2.04890000e+04,20,0.416667
20490,2.04900000e+04,17,0.354167
20491,2.04910000e+04,17,0.354167
20492,2.04920000e+04,17,0.354167
20493,2.04930000e+04,17,0.354167
20494,2.04940000e+04,17,0.354167
20495,2.04950000e+04,17,0.354167
20496,2.04960000e+04,17,0.354167
20497,2.04970000e+04,17,0.354167
20498,2.04980000e+04,17,0.354167
20499,2.04990000e+04,17,0.354167
20500,2.05000000e+04,20,0.416667
20501,2.05010000e+04,20,0.416667
20502,2.05020000e+04,20,0.416667
20503,2.05030000e+04,20,0.416667
20504,2.05040000e+04,20,0.416667
20505,2.05050000e+04,22,0.458333
20506,2.05060000e+04,22,0.458333
20507,2.05070000e+04,22,0.458333
20508,2.05080000e+04,22,0.458333
20509,2.05090000e+04,22,0.458333
20510,2.05100000e+04,20,0.416667
20511,2.05110000e+04,20,0.416667
20512,2.05120000e+04,20,0.416667
20513,2.05130000e+04,20,0.416667
20514,2.05140000e+04,20,0.416667
20515,2.05150000e+04,20,0.416667
20516,2.05160000e+04,20,0.416667
20517,2.05170000e+04,20,0.416667
20518,2.05180000e+04,20,0.416667
20519,2.05190000e+04,20,0.416667
20520,2.05200000e+04,19,0.395833
20521,2.05210000e+04,19,0.395833
20522,2.05220000e+04,19,0.395833
20523,2.05230000e+04,19,0.395833
20524,2.05240000e+04,19,0.395833
20525,2.05250000e+04,18,0.375000
20526,2.05260000e+04,18,0.375000
20527,2.05270000e+04,18,0.375000
20528,2.05280000e+04,18,0.375000
20529,2.05290000e+04,18,0.375000
20530,2.05300000e+04,23,0.479167
20531,2.05310000e+04,23,0.479167
20532,2.05320000e+04,23,0.479167
20533,2.05330000e+04,23,0.479167
20534,2.05340000e+04,23,0.479167
20535,2.05350000e+04,19,0.395833
20536,2.05360000e+04,19,0.395833
20537,2.05370000e+04,19,0.395833
20538,2.05380000e+04,19,0.395833
20539,2.05390000e+04,19,0.395833
20540,2.05400000e+04,18,0.375000
20541,2.05410000e+04,18,0.375000
20542,2.05420000e+04,18,0.375000
20543,2.05430000e+04,18,0.375000
20544,2.05440000e+04,18,0.375000
20545,2.05450000e+04,22,0.458333
20546,2.05460000e+04,22,0.458333
20547,2.05470000e+04,22,0.458333
20548,2.05480000e+04,22,0.458333
20549,2.05490000e+04,22,0.458333
20550,2.05500000e+04,21,0.437500
20551,2.05510000e+04,21,0.437500
20552,2.05520000e+04,21,0.437500
20553,2.05530000e+04,21,0.437500
20554,2.05540000e+04,21,0.437500
20555,2.05550000e+04,20,0.416667
20556,2.05560000e+04,20,0.416667
20557,2.05570000e+04,20,0.416667
20558,2.05580000e+04,20,0.416667
20559,2.05590000e+04,20,0.416667
20560,2.05600000e+04,19,0.395833
20561,2.05610000e+04,19,0.395833
20562,2.05620000e+04,19,0.395833
20563,2.05630000e+04,19,0.395833
20564,2.05640000e+04,19,0.395833
20565,2.05650000e+04,20,0.416667
20566,2.05660000e+04,20,0.416667
20567,2.05670000e+04,20,0.416667
20568,2.05680000e+04,20,0.416667
20569,2.05690000e+04,20,0.416667
20570,2.05700000e+04,23,0.479167
20571,2.05710000e+04,23,0.479167
20572,2.05720000e+04,23,0.479167
20573,2.05730000e+04,23,0.479167
20574,2.05740000e+04,23,0.479167
20575,2.05750000e+04,22,0.458333
20576,2.05760000e+04,22,0.458333
20577,2.05770000e+04,22,0.458333
20578,2.05780000e+04,22,0.458333
20579,2.05790000e+04,22,0.458333
20580,2.05800000e+04,18,0.375000
20581,2.05810000e+04,18,0.375000
20582,2.05820000e+04,18,0.375000
20583,2.05830000e+04,18,0.375000
20584,2.05840000e+04,18,0.375000
20585,2.05850000e+04,20,0.416667
20586,2.05860000e+04,20,0.416667
20587,2.05870000e+04,20,0.416667
20588,2.05880000e+04,20,0.416667
20589,2.05890000e+04,20,0.416667
20590,2.05900000e+04,16,0.333333
20591,2.05910000e+04,16,0.333333
20592,2.05920000e+04,16,0.333333
20593,2.05930000e+04,16,0.333333
20594,2.05940000e+04,16,0.333333
20595,2.05950000e+04,22,0.458333
20596,2.05960000e+04,22,0.458333
20597,2.05970000e+04,22,0.458333
20598,2.05980000e+04,22,0.458333
20599,2.05990000e+04,22,0.458333
20600,2.06000000e+04,19,0.395833
20601,2.06010000e+04,19,0.395833
20602,2.06020000e+04,19,0.395833
20603,2.06030000e+04,19,0.395833
20604,2.06040000e+04,19,0.395833
20605,2.06050000e+04,21,0.437500
20606,2.06060000e+04,21,0.437500
20607,2.06070000e+04,21,0.437500
20608,2.06080000e+04,21,0.437500
20609,2.06090000e+04,21,0.437500
20610,2.06100000e+04,24,0.500000
20611,2.06110000e+04,24,0.500000
20612,2.06120000e+04,24,0.500000
20613,2.06130000e+04,24,0.500000
20614,2.06140000e+04,24,0.500000
20615,2.06150000e+04,22,0.458333
20616,2.06160000e+04,22,0.458333
20617,2.06170000e+04,22,0.458333
20618,2.06180000e+04,22,0.458333
20619,2.06190000e+04,22,0.458333
20620,2.06200000e+04,17,0.354167
20621,2.06210000e+04,17,0.354167
20622,2.06220000e+04,17,0.354167
20623,2.06230000e+04,17,0.354167
20624,2.06240000e+04,17,0.354167
20625,2.06250000e+04,21,0.437500
20626,2.06260000e+04,21,0.437500
20627,2.06270000e+04,21,0.437500
20628,2.06280000e+04,21,0.437500
20629,2.06290000e+04,21,0.437500
20630,2.06300000e+04,22,0.458333
20631,2.06310000e+04,22,0.458333
20632,2.06320000e+04,22,0.458333
20633,2.06330000e+04,22,0.458333
20634,2.06340000e+04,22,0.458333
20635,2.06350000e+04,22,0.458333
20636,2.06360000e+04,22,0.458333
20637,2.06370000e+04,22,0.458333
20638,2.06380000e+04,22,0.458333
20639,2.06390000e+04,22,0.458333
20640,2.06400000e+04,21,0.437500
20641,2.06410000e+04,21,0.437500
20642,2.06420000e+04,21,0.437500
20643,2.06430000e+04,21,0.437500
20644,2.06440000e+04,21,0.437500
20645,2.06450000e+04,19,0.395833
20646,2.06460000e+04,19,0.395833
20647,2.06470000e+04,19,0.395833
20648,2.06480000e+04,19,0.395833
20649,2.06490000e+04,19,0.395833
20650,2.06500000e+04,21,0.437500
20651,2.06510000e+04,21,0.437500
20652,2.06520000e+04,21,0.437500
20653,2.06530000e+04,21,0.437500
20654,2.06540000e+04,21,0.437500
20655,2.06550000e+04,21,0.437500
20656,2.06560000e+04,21,0.437500
20657,2.06570000e+04,21,0.437500
20658,2.06580000e+04,21,0.437500
20659,2.06590000e+04,21,0.437500
20660,2.06600000e+04,20,0.416667
20661,2.06610000e+04,20,0.416667
20662,2.06620000e+04,20,0.416667
20663,2.06630000e+04,20,0.416667
20664,2.06640000e+04,20,0.416667
20665,2.06650000e+04,22,0.458333
20666,2.06660000e+04,22,0.458333
20667,2.06670000e+04,22,0.458333
20668,2.06680000e+04,22,0.458333
20669,2.06690000e+04,22,0.458333
20670,2.06700000e+04,22,0.458333
20671,2.06710000e+04,22,0.458333
20672,2.06720000e+04,22,0.458333
20673,2.06730000e+04,22,0.458333
20674,2.06740000e+04,22,0.458333
20675,2.06750000e+04,20,0.416667
20676,2.06760000e+04,20,0.416667
20677,2.06770000e+04,20,0.416667
20678,2.06780000e+04,20,0.416667
20679,2.06790000e+04,20,0.416667
20680,2.06800000e+04,21,0.437500
20681,2.06810000e+04,21,0.437500
20682,2.06820000e+04,21,0.437500
20683,2.06830000e+04,21,0.437500
20684,2.06840000e+04,21,0.437500
20685,2.06850000e+04,16,0.333333
20686,2.06860000e+04,16,0.333333
20687,2.06870000e+04,16,0.333333
20688,2.06880000e+04,16,0.333333
20689,2.06890000e+04,16,0.333333
20690,2.06900000e+04,20,0.416667
20691,2.06910000e+04,20,0.416667
20692,2.06920000e+04,20,0.416667
20693,2.06930000e+04,20,0.416667
20694,2.06940000e+04,20,0.416667
20695,2.06950000e+04,17,0.354167
20696,2.06960000e+04,17,0.354167
20697,2.06970000e+04,17,0.354167
20698,2.06980000e+04,17,0.354167
20699,2.06990000e+04,17,0.354167
20700,2.07000000e+04,17,0.354167
20701,2.07010000e+04,17,0.354167
20702,2.07020000e+04,17,0.354167
20703,2.07030000e+04,17,0.354167
20704,2.07040000e+04,17,0.354167
20705,2.07050000e+04,20,0.416667
20706,2.07060000e+04,20,0.416667
20707,2.07070000e+04,20,0.416667
20708,2.07080000e+04,20,0.416667
20709,2.07090000e+04,20,0.416667
20710,2.07100000e+04,18,0.375000
20711,2.07110000e+04,18,0.375000
20712,2.07120000e+04,18,0.375000
20713,2.07130000e+04,18,0.375000
20714,2.07140000e+04,18,0.375000
20715,2.07150000e+04,19,0.395833
20716,2.07160000e+04,19,0.395833
20717,2.07170000e+04,19,0.395833
20718,2.07180000e+04,19,0.395833
20719,2.07190000e+04,19,0.395833
20720,2.07200000e+04,17,0.354167
20721,2.07210000e+04,17,0.354167
20722,2.07220000e+04,17,0.354167
20723,2.07230000e+04,17,0.354167
20724,2.07240000e+04,17,0.354167
20725,2.07250000e+04,20,0.416667
20726,2.07260000e+04,20,0.416667
20727,2.07270000e+04,20,0.416667
20728,2.07280000e+04,20,0.416667
20729,2.07290000e+04,20,0.416667
20730,2.07300000e+04,20,0.416667
20731,2.07310000e+04,20,0.416667
20732,2.07320000e+04,20,0.416667
20733,2.07330000e+04,20,0.416667
20734,2.07340000e+04,20,0.416667
20735,2.07350000e+04,19,0.395833
20736,2.07360000e+04,19,0.395833
20737,2.07370000e+04,19,0.395833
20738,2.07380000e+04,19,0.395833
20739,2.07390000e+04,19,0.395833
20740,2.07400000e+04,22,0.458333
20741,2.07410000e+04,22,0.458333
20742,2.07420000e+04,22,0.458333
20743,2.07430000e+04,22,0.458333
20744,2.07440000e+04,22,0.458333
20745,2.07450000e+04,22,0.458333
20746,2.07460000e+04,22,0.458333
20747,2.07470000e+04,22,0.458333
20748,2.07480000e+04,22,0.458333
20749,2.07490000e+04,22,0.458333
20750,2.07500000e+04,18,0.375000
20751,2.07510000e+04,18,0.375000
20752,2.07520000e+04,18,0.375000
20753,2.07530000e+04,18,0.375000
20754,2.07540000e+04,18,0.375000
20755,2.07550000e+04,22,0.458333
20756,2.07560000e+04,22,0.458333
20757,2.07570000e+04,22,0.458333
20758,2.07580000e+04,22,0.458333
20759,2.07590000e+04,22,0.458333
20760,2.07600000e+04,21,0.437500
20761,2.07610000e+04,21,0.437500
20762,2.07620000e+04,21,0.437500
20763,2.07630000e+04,21,0.437500
20764,2.07640000e+04,21,0.437500
20765,2.07650000e+04,20,0.416667
20766,2.07660000e+04,20,0.416667
20767,2.07670000e+04,20,0.416667
20768,2.07680000e+04,20,0.416667
20769,2.07690000e+04,20,0.416667
20770,2.07700000e+04,20,0.416667
20771,2.07710000e+04,20,0.416667
20772,2.07720000e+04,20,0.416667
20773,2.07730000e+04,20,0.416667
20774,2.07740000e+04,20,0.416667
20775,2.07750000e+04,22,0.458333
20776,2.07760000e+04,22,0.458333
20777,2.07770000e+04,22,0.458333
20778,2.07780000e+04,22,0.458333
20779,2.07790000e+04,22,0.458333
20780,2.07800000e+04,22,0.458333
20781,2.07810000e+04,22,0.458333
20782,2.07820000e+04,22,0.458333
20783,2.07830000e+04,22,0.458333
20784,2.07840000e+04,22,0.458333
20785,2.07850000e+04,21,0.437500
20786,2.07860000e+04,21,0.437500
20787,2.07870000e+04,21,0.437500
20788,2.07880000e+04,21,0.437500
20789,2.07890000e+04,21,0.437500
20790,2.07900000e+04,22,0.458333
20791,2.07910000e+04,22,0.458333
20792,2.07920000e+04,22,0.458333
20793,2.07930000e+04,22,0.458333
20794,2.07940000e+04,22,0.458333
20795,2.07950000e+04,22,0.458333
20796,2.07960000e+04,22,0.458333
20797,2.07970000e+04,22,0.458333
20798,2.07980000e+04,22,0.458333
20799,2.07990000e+04,22,0.458333
20800,2.08000000e+04,21,0.437500
20801,2.08010000e+04,21,0.437500
20802,2.08020000e+04,21,0.437500
20803,2.08030000e+04,21,0.437500
20804,2.08040000e+04,21,0.437500
20805,2.08050000e+04,17,0.354167
20806,2.08060000e+04,17,0.354167
20807,2.08070000e+04,17,0.354167
20808,2.08080000e+04,17,0.354167
20809,2.08090000e+04,17,0.354167
20810,2.08100000e+04,19,0.395833
20811,2.08110000e+04,19,0.395833
20812,2.08120000e+04,19,0.395833
20813,2.08130000e+04,19,0.395833
20814,2.08140000e+04,19,0.395833
20815,2.08150000e+04,20,0.416667
20816,2.08160000e+04,20,0.416667
20817,2.08170000e+04,20,0.416667
20818,2.08180000e+04,20,0.416667
20819,2.08190000e+04,20,0.416667
20820,2.08200000e+04,20,0.416667
20821,2.08210000e+04,20,0.416667
20822,2.08220000e+04,20,0.416667
20823,2.08230000e+04,20,0.416667
20824,2.08240000e+04,20,0.416667
20825,2.08250000e+04,17,0.354167
20826,2.08260000e+04,17,0.354167
20827,2.08270000e+04,17,0.354167
20828,2.08280000e+04,17,0.354167
20829,2.08290000e+04,17,0.354167
20830,2.08300000e+04,21,0.437500
20831,2.08310000e+04,21,0.437500
20832,2.08320000e+04,21,0.437500
20833,2.08330000e+04,21,0.437500
20834,2.08340000e+04,21,0.437500
20835,2.08350000e+04,22,0.458333
20836,2.08360000e+04,22,0.458333
20837,2.08370000e+04,22,0.458333
20838,2.08380000e+04,22,0.458333
20839,2.08390000e+04,22,0.458333
20840,2.08400000e+04,20,0.416667
20841,2.08410000e+04,20,0.416667
20842,2.08420000e+04,20,0.416667
20843,2.08430000e+04,20,0.416667
20844,2.08440000e+04,20,0.416667
20845,2.08450000e+04,20,0.416667
20846,2.08460000e+04,20,0.416667
20847,2.08470000e+04,20,0.416667
20848,2.08480000e+04,20,0.416667
20849,2.08490000e+04,20,0.416667
20850,2.08500000e+04,22,0.458333
20851,2.08510000e+04,22,0.458333
20852,2.08520000e+04,22,0.458333
20853,2.08530000e+04,22,0.458333
20854,2.08540000e+04,22,0.458333
20855,2.08550000e+04,21,0.437500
20856,2.08560000e+04,21,0.437500
20857,2.08570000e+04,21,0.437500
20858,2.08580000e+04,21,0.437500
20859,2.08590000e+04,21,0.437500
20860,2.08600000e+04,23,0.479167
20861,2.08610000e+04,23,0.479167
20862,2.08620000e+04,23,0.479167
20863,2.08630000e+04,23,0.479167
20864,2.08640000e+04,23,0.479167
20865,2.08650000e+04,22,0.458333
20866,2.08660000e+04,22,0.458333
20867,2.08670000e+04,22,0.458333
20868,2.08680000e+04,22,0.458333
20869,2.08690000e+04,22,0.458333
20870,2.08700000e+04,23,0.479167
20871,2.08710000e+04,23,0.479167
20872,2.08720000e+04,23,0.479167
20873,2.08730000e+04,23,0.479167
20874,2.08740000e+04,23,0.479167
20875,2.08750000e+04,23,0.479167
20876,2.08760000e+04,23,0.479167
20877,2.08770000e+04,23,0.479167
20878,2.08780000e+04,23,0.479167
20879,2.08790000e+04,23,0.479167
20880,2.08800000e+04,21,0.437500
20881,2.08810000e+04,21,0.437500
20882,2.08820000e+04,21,0.437500
20883,2.08830000e+04,21,0.437500
20884,2.08840000e+04,21,0.437500
20885,2.08850000e+04,22,0.458333
20886,2.08860000e+04,22,0.458333
20887,2.08870000e+04,22,0.458333
20888,2.08880000e+04,22,0.458333
20889,2.08890000e+04,22,0.458333
20890,2.08900000e+04,22,0.458333
20891,2.08910000e+04,22,0.458333
20892,2.08920000e+04,22,0.458333
20893,2.08930000e+04,22,0.458333
20894,2.08940000e+04,22,0.458333
20895,2.08950000e+04,22,0.458333
20896,2.08960000e+04,22,0.458333
20897,2.08970000e+04,22,0.458333
20898,2.08980000e+04,22,0.458333
20899,2.08990000e+04,22,0.458333
20900,2.09000000e+04,22,0.458333
20901,2.09010000e+04,22,0.458333
20902,2.09020000e+04,22,0.458333
20903,2.09030000e+04,22,0.458333
20904,2.09040000e+04,22,0.458333
20905,2.09050000e+04,22,0.458333
20906,2.09060000e+04,22,0.458333
20907,2.09070000e+04,22,0.458333
20908,2.09080000e+04,22,0.458333
20909,2.09090000e+04,22,0.458333
20910,2.09100000e+04,22,0.458333
20911,2.09110000e+04,22,0.458333
20912,2.09120000e+04,22,0.458333
20913,2.09130000e+04,22,0.458333
20914,2.09140000e+04,22,0.458333
20915,2.09150000e+04,22,0.458333
20916,2.09160000e+04,22,0.458333
20917,2.09170000e+04,22,0.458333
20918,2.09180000e+04,22,0.458333
20919,2.09190000e+04,22,0.458333
20920,2.09200000e+04,21,0.437500
20921,2.09210000e+04,21,0.437500
20922,2.09220000e+04,21,0.437500
20923,2.09230000e+04,21,0.437500
20924,2.09240000e+04,21,0.437500
20925,2.09250000e+04,20,0.416667
20926,2.09260000e+04,20,0.416667
20927,2.09270000e+04,20,0.416667
20928,2.09280000e+04,20,0.416667
20929,2.09290000e+04,20,0.416667
20930,2.09300000e+04,22,0.458333
20931,2.09310000e+04,22,0.458333
20932,2.09320000e+04,22,0.458333
20933,2.09330000e+04,22,0.458333
20934,2.09340000e+04,22,0.458333
20935,2.09350000e+04,21,0.437500
20936,2.09360000e+04,21,0.437500
20937,2.09370000e+04,21,0.437500
20938,2.09380000e+04,21,0.437500
20939,2.09390000e+04,21,0.437500
20940,2.09400000e+04,17,0.354167
20941,2.09410000e+04,17,0.354167
20942,2.09420000e+04,17,0.354167
20943,2.09430000e+04,17,0.354167
20944,2.09440000e+04,17,0.354167
20945,2.09450000e+04,22,0.458333
20946,2.09460000e+04,22,0.458333
20947,2.09470000e+04,22,0.458333
20948,2.09480000e+04,22,0.458333
20949,2.09490000e+04,22,0.458333
20950,2.09500000e+04,20,0.416667
20951,2.09510000e+04,20,0.416667
20952,2.09520000e+04,20,0.416667
20953,2.09530000e+04,20,0.416667
20954,2.09540000e+04,20,0.416667
20955,2.09550000e+04,16,0.333333
20956,2.09560000e+04,16,0.333333
20957,2.09570000e+04,16,0.333333
20958,2.09580000e+04,16,0.333333
20959,2.09590000e+04,16,0.333333
20960,2.09600000e+04,20,0.416667
20961,2.09610000e+04,20,0.416667
20962,2.09620000e+04,20,0.416667
20963,2.09630000e+04,20,0.416667
20964,2.09640000e+04,20,0.416667
20965,2.09650000e+04,18,0.375000
20966,2.09660000e+04,18,0.375000
20967,2.09670000e+04,18,0.375000
20968,2.09680000e+04,18,0.375000
20969,2.09690000e+04,18,0.375000
20970,2.09700000e+04,19,0.395833
20971,2.09710000e+04,19,0.395833
20972,2.09720000e+04,19,0.395833
20973,2.09730000e+04,19,0.395833
20974,2.09740000e+04,19,0.395833
20975,2.09750000e+04,20,0.416667
20976,2.09760000e+04,20,0.416667
20977,2.09770000e+04,20,0.416667
20978,2.09780000e+04,20,0.416667
20979,2.09790000e+04,20,0.416667
20980,2.09800000e+04,19,0.395833
20981,2.09810000e+04,19,0.395833
20982,2.09820000e+04,19,0.395833
20983,2.09830000e+04,19,0.395833
20984,2.09840000e+04,19,0.395833
20985,2.09850000e+04,21,0.437500
20986,2.09860000e+04,21,0.437500
20987,2.09870000e+04,21,0.437500
20988,2.09880000e+04,21,0.437500
20989,2.09890000e+04,21,0.437500
20990,2.09900000e+04,22,0.458333
20991,2.09910000e+04,22,0.458333
20992,2.09920000e+04,22,0.458333
20993,2.09930000e+04,22,0.458333
20994,2.09940000e+04,22,0.458333
20995,2.09950000e+04,21,0.437500
20996,2.09960000e+04,21,0.437500
20997,2.09970000e+04,21,0.437500
20998,2.09980000e+04,21,0.437500
20999,2.09990000e+04,21,0.437500
21000,2.10000000e+04,20,0.416667
21001,2.10010000e+04,20,0.416667
21002,2.10020000e+04,20,0.416667
21003,2.10030000e+04,20,0.416667
21004,2.10040000e+04,20,0.416667
21005,2.10050000e+04,21,0.437500
21006,2.10060000e+04,21,0.437500
21007,2.10070000e+04,21,0.437500
21008,2.10080000e+04,21,0.437500
21009,2.10090000e+04,21,0.437500
21010,2.10100000e+04,20,0.416667
21011,2.10110000e+04,20,0.416667
21012,2.10120000e+04,20,0.416667
21013,2.10130000e+04,20,0.416667
21014,2.10140000e+04,20,0.416667
21015,2.10150000e+04,17,0.354167
21016,2.10160000e+04,17,0.354167
21017,2.10170000e+04,17,0.354167
21018,2.10180000e+04,17,0.354167
21019,2.10190000e+04,17,0.354167
21020,2.10200000e+04,17,0.354167
21021,2.10210000e+04,17,0.354167
21022,2.10220000e+04,17,0.354167
21023,2.10230000e+04,17,0.354167
21024,2.10240000e+04,17,0.354167
21025,2.10250000e+04,18,0.375000
21026,2.10260000e+04,18,0.375000
21027,2.10270000e+04,18,0.375000
21028,2.10280000e+04,18,0.375000
21029,2.10290000e+04,18,0.375000
21030,2.10300000e+04,17,0.354167
21031,2.10310000e+04,17,0.354167
21032,2.10320000e+04,17,0.354167
21033,2.10330000e+04,17,0.354167
21034,2.10340000e+04,17,0.354167
21035,2.10350000e+04,17,0.354167
21036,2.10360000e+04,17,0.354167
21037,2.10370000e+04,17,0.354167
21038,2.10380000e+04,17,0.354167
21039,2.10390000e+04,17,0.354167
21040,2.10400000e+04,16,0.333333
21041,2.10410000e+04,16,0.333333
21042,2.10420000e+04,16,0.333333
21043,2.10430000e+04,16,0.333333
21044,2.10440000e+04,16,0.333333
21045,2.10450000e+04,16,0.333333
21046,2.10460000e+04,16,0.333333
21047,2.10470000e+04,16,0.333333
21048,2.10480000e+04,16,0.333333
21049,2.10490000e+04,16,0.333333
21050,2.10500000e+04,10,0.208333
21051,2.10510000e+04,10,0.208333
21052,2.10520000e+04,10,0.208333
21053,2.10530000e+04,10,0.208333
21054,2.10540000e+04,10,0.208333
21055,2.10550000e+04,10,0.208333
21056,2.10560000e+04,10,0.208333
21057,2.10570000e+04,10,0.208333
21058,2.10580000e+04,10,0.208333
21059,2.10590000e+04,10,0.208333
21060,2.10600000e+04,13,0.270833
21061,2.10610000e+04,13,0.270833
21062,2.10620000e+04,13,0.270833
21063,2.10630000e+04,13,0.270833
21064,2.10640000e+04,13,0.270833
21065,2.10650000e+04,12,0.250000
21066,2.10660000e+04,12,0.250000
21067,2.10670000e+04,12,0.250000
21068,2.10680000e+04,12,0.250000
21069,2.10690000e+04,12,0.250000
21070,2.10700000e+04,10,0.208333
21071,2.10710000e+04,10,0.208333
21072,2.10720000e+04,10,0.208333
21073,2.10730000e+04,10,0.208333
21074,2.10740000e+04,10,0.208333
21075,2.10750000e+04,12,0.250000
21076,2.10760000e+04,12,0.250000
21077,2.10770000e+04,12,0.250000
21078,2.10780000e+04,12,0.250000
21079,2.10790000e+04,12,0.250000
21080,2.10800000e+04,10,0.208333
21081,2.10810000e+04,10,0.208333
21082,2.10820000e+04,10,0.208333
21083,2.10830000e+04,10,0.208333
21084,2.10840000e+04,10,0.208333
21085,2.10850000e+04,10,0.208333
21086,2.10860000e+04,10,0.208333
21087,2.10870000e+04,10,0.208333
21088,2.10880000e+04,10,0.208333
21089,2.10890000e+04,10,0.208333
21090,2.10900000e+04,8,0.166667
21091,2.10910000e+04,8,0.166667
21092,2.10920000e+04,8,0.166667
21093,2.10930000e+04,8,0.166667
21094,2.10940000e+04,8,0.166667
21095,2.10950000e+04,9,0.187500
21096,2.10960000e+04,9,0.187500
21097,2.10970000e+04,9,0.187500
21098,2.10980000e+04,9,0.187500
21099,2.10990000e+04,9,0.187500
21100,2.11000000e+04,11,0.229167
21101,2.11010000e+04,11,0.229167
21102,2.11020000e+04,11,0.229167
21103,2.11030000e+04,11,0.229167
21104,2.11040000e+04,11,0.229167
21105,2.11050000e+04,13,0.270833
21106,2.11060000e+04,13,0.270833
21107,2.11070000e+04,13,0.270833
21108,2.11080000e+04,13,0.270833
21109,2.11090000e+04,13,0.270833
21110,2.11100000e+04,12,0.250000
21111,2.11110000e+04,12,0.250000
21112,2.11120000e+04,12,0.250000
21113,2.11130000e+04,12,0.250000
21114,2.11140000e+04,12,0.250000
21115,2.11150000e+04,12,0.250000
21116,2.11160000e+04,12,0.250000
21117,2.11170000e+04,12,0.250000
21118,2.11180000e+04,12,0.250000
21119,2.11190000e+04,12,0.250000
21120,2.11200000e+04,11,0.229167
21121,2.11210000e+04,11,0.229167
21122,2.11220000e+04,11,0.229167
21123,2.11230000e+04,11,0.229167
21124,2.11240000e+04,11,0.229167
21125,2.11250000e+04,10,0.208333
21126,2.11260000e+04,10,0.208333
21127,2.11270000e+04,10,0.208333
21128,2.11280000e+04,10,0.208333
21129,2.11290000e+04,10,0.208333
21130,2.11300000e+04,14,0.291667
21131,2.11310000e+04,14,0.291667
21132,2.11320000e+04,14,0.291667
21133,2.11330000e+04,14,0.291667
21134,2.11340000e+04,14,0.291667
21135,2.11350000e+04,13,0.270833
21136,2.11360000e+04,13,0.270833
21137,2.11370000e+04,13,0.270833
21138,2.11380000e+04,13,0.270833
21139,2.11390000e+04,13,0.270833
21140,2.11400000e+04,12,0.250000
21141,2.11410000e+04,12,0.250000
21142,2.11420000e+04,12,0.250000
21143,2.11430000e+04,12,0.250000
21144,2.11440000e+04,12,0.250000
21145,2.11450000e+04,10,0.208333
21146,2.11460000e+04,10,0.208333
21147,2.11470000e+04,10,0.208333
21148,2.11480000e+04,10,0.208333
21149,2.11490000e+04,10,0.208333
21150,2.11500000e+04,8,0.166667
21151,2.11510000e+04,8,0.166667
21152,2.11520000e+04,8,0.166667
21153,2.11530000e+04,8,0.166667
21154,2.11540000e+04,8,0.166667
21155,2.11550000e+04,10,0.208333
21156,2.11560000e+04,10,0.208333
21157,2.11570000e+04,10,0.208333
21158,2.11580000e+04,10,0.208333
21159,2.11590000e+04,10,0.208333
21160,2.11600000e+04,8,0.166667
21161,2.11610000e+04,8,0.166667
21162,2.11620000e+04,8,0.166667
21163,2.11630000e+04,8,0.166667
21164,2.11640000e+04,8,0.166667
21165,2.11650000e+04,8,0.166667
21166,2.11660000e+04,8,0.166667
21167,2.11670000e+04,8,0.166667
21168,2.11680000e+04,8,0.166667
21169,2.11690000e+04,8,0.166667
21170,2.11700000e+04,7,0.145833
21171,2.11710000e+04,7,0.145833
21172,2.11720000e+04,7,0.145833
21173,2.11730000e+04,7,0.145833
21174,2.11740000e+04,7,0.145833
21175,2.11750000e+04,7,0.145833
21176,2.11760000e+04,7,0.145833
21177,2.11770000e+04,7,0.145833
21178,2.11780000e+04,7,0.145833
21179,2.11790000e+04,7,0.145833
21180,2.11800000e+04,7,0.145833
21181,2.11810000e+04,7,0.145833
21182,2.11820000e+04,7,0.145833
21183,2.11830000e+04,7,0.145833
21184,2.11840000e+04,7,0.145833
21185,2.11850000e+04,4,0.083333
21186,2.11860000e+04,4,0.083333
21187,2.11870000e+04,4,0.083333
21188,2.11880000e+04,4,0.083333
21189,2.11890000e+04,4,0.083333
21190,2.11900000e+04,9,0.187500
21191,2.11910000e+04,9,0.187500
21192,2.11920000e+04,9,0.187500
21193,2.11930000e+04,9,0.187500
21194,2.11940000e+04,9,0.187500
21195,2.11950000e+04,3,0.062500
21196,2.11960000e+04,3,0.062500
21197,2.11970000e+04,3,0.062500
21198,2.11980000e+04,3,0.062500
21199,2.11990000e+04,3,0.062500
21200,2.12000000e+04,5,0.104167
21201,2.12010000e+04,5,0.104167
21202,2.12020000e+04,5,0.104167
21203,2.12030000e+04,5,0.104167
21204,2.12040000e+04,5,0.104167
21205,2.12050000e+04,7,0.145833
21206,2.12060000e+04,7,0.145833
21207,2.12070000e+04,7,0.145833
21208,2.12080000e+04,7,0.145833
21209,2.12090000e+04,7,0.145833
21210,2.12100000e+04,7,0.145833
21211,2.12110000e+04,7,0.145833
21212,2.12120000e+04,7,0.145833
21213,2.12130000e+04,7,0.145833
21214,2.12140000e+04,7,0.145833
21215,2.12150000e+04,5,0.104167
21216,2.12160000e+04,5,0.104167
21217,2.12170000e+04,5,0.104167
21218,2.12180000e+04,5,0.104167
21219,2.12190000e+04,5,0.104167
21220,2.12200000e+04,6,0.125000
21221,2.12210000e+04,6,0.125000
21222,2.12220000e+04,6,0.125000
21223,2.12230000e+04,6,0.125000
21224,2.12240000e+04,6,0.125000
21225,2.12250000e+04,8,0.166667
21226,2.12260000e+04,8,0.166667
21227,2.12270000e+04,8,0.166667
21228,2.12280000e+04,8,0.166667
21229,2.12290000e+04,8,0.166667
21230,2.12300000e+04,5,0.104167
21231,2.12310000e+04,5,0.104167
21232,2.12320000e+04,5,0.104167
21233,2.12330000e+04,5,0.104167
21234,2.12340000e+04,5,0.104167
21235,2.12350000e+04,8,0.166667
21236,2.12360000e+04,8,0.166667
21237,2.12370000e+04,8,0.166667
21238,2.12380000e+04,8,0.166667
21239,2.12390000e+04,8,0.166667
21240,2.12400000e+04,7,0.145833
21241,2.12410000e+04,7,0.145833
21242,2.12420000e+04,7,0.145833
21243,2.12430000e+04,7,0.145833
21244,2.12440000e+04,7,0.145833
21245,2.12450000e+04,8,0.166667
21246,2.12460000e+04,8,0.166667
21247,2.12470000e+04,8,0.166667
21248,2.12480000e+04,8,0.166667
21249,2.12490000e+04,8,0.166667
21250,2.12500000e+04,8,0.166667
21251,2.12510000e+04,8,0.166667
21252,2.12520000e+04,8,0.166667
21253,2.12530000e+04,8,0.166667
21254,2.12540000e+04,8,0.166667
21255,2.12550000e+04,7,0.145833
21256,2.12560000e+04,7,0.145833
21257,2.12570000e+04,7,0.145833
21258,2.12580000e+04,7,0.145833
21259,2.12590000e+04,7,0.145833
21260,2.12600000e+04,6,0.125000
21261,2.12610000e+04,6,0.125000
21262,2.12620000e+04,6,0.125000
21263,2.12630000e+04,6,0.125000
21264,2.12640000e+04,6,0.125000
21265,2.12650000e+04,6,0.125000
21266,2.12660000e+04,6,0.125000
21267,2.12670000e+04,6,0.125000
21268,2.12680000e+04,6,0.125000
21269,2.12690000e+04,6,0.125000
21270,2.12700000e+04,7,0.145833
21271,2.12710000e+04,7,0.145833
21272,2.12720000e+04,7,0.145833
21273,2.12730000e+04,7,0.145833
21274,2.12740000e+04,7,0.145833
21275,2.12750000e+04,5,0.104167
21276,2.12760000e+04,5,0.104167
21277,2.12770000e+04,5,0.104167
21278,2.12780000e+04,5,0.104167
21279,2.12790000e+04,5,0.104167
21280,2.12800000e+04,7,0.145833
21281,2.12810000e+04,7,0.145833
21282,2.12820000e+04,7,0.145833
21283,2.12830000e+04,7,0.145833
21284,2.12840000e+04,7,0.145833
21285,2.12850000e+04,6,0.125000
21286,2.12860000e+04,6,0.125000
21287,2.12870000e+04,6,0.125000
21288,2.12880000e+04,6,0.125000
21289,2.12890000e+04,6,0.125000
21290,2.12900000e+04,2,0.041667
21291,2.12910000e+04,2,0.041667
21292,2.12920000e+04,2,0.041667
21293,2.12930000e+04,2,0.041667
21294,2.12940000e+04,2,0.041667
21295,2.12950000e+04,5,0.104167
21296,2.12960000e+04,5,0.104167
21297,2.12970000e+04,5,0.104167
21298,2.12980000e+04,5,0.104167
21299,2.12990000e+04,5,0.104167
21300,2.13000000e+04,6,0.125000
21301,2.13010000e+04,6,0.125000
21302,2.13020000e+04,6,0.125000
21303,2.13030000e+04,6,0.125000
21304,2.13040000e+04,6,0.125000
21305,2.13050000e+04,4,0.083333
21306,2.13060000e+04,4,0.083333
21307,2.13070000e+04,4,0.083333
21308,2.13080000e+04,4,0.083333
21309,2.13090000e+04,4,0.083333
21310,2.13100000e+04,4,0.083333
21311,2.13110000e+04,4,0.083333
21312,2.13120000e+04,4,0.083333
21313,2.13130000e+04,4,0.083333
21314,2.13140000e+04,4,0.083333
21315,2.13150000e+04,2,0.041667
21316,2.13160000e+04,2,0.041667
21317,2.13170000e+04,2,0.041667
21318,2.13180000e+04,2,0.041667
21319,2.13190000e+04,2,0.041667
21320,2.13200000e+04,5,0.104167
21321,2.13210000e+04,5,0.104167
21322,2.13220000e+04,5,0.104167
21323,2.13230000e+04,5,0.104167
21324,2.13240000e+04,5,0.104167
21325,2.13250000e+04,3,0.062500
21326,2.13260000e+04,3,0.062500
21327,2.13270000e+04,3,0.062500
21328,2.13280000e+04,3,0.062500
21329,2.13290000e+04,3,0.062500
21330,2.13300000e+04,2,0.041667
21331,2.13310000e+04,2,0.041667
21332,2.13320000e+04,2,0.041667
21333,2.13330000e+04,2,0.041667
21334,2.13340000e+04,2,0.041667
21335,2.13350000e+04,6,0.125000
21336,2.13360000e+04,6,0.125000
21337,2.13370000e+04,6,0.125000
21338,2.13380000e+04,6,0.125000
21339,2.13390000e+04,6,0.125000
21340,2.13400000e+04,4,0.083333
21341,2.13410000e+04,4,0.083333
21342,2.13420000e+04,4,0.083333
21343,2.13430000e+04,4,0.083333
21344,2.13440000e+04,4,0.083333
21345,2.13450000e+04,5,0.104167
21346,2.13460000e+04,5,0.104167
21347,2.13470000e+04,5,0.104167
21348,2.13480000e+04,5,0.104167
21349,2.13490000e+04,5,0.104167
21350,2.13500000e+04,5,0.104167
21351,2.13510000e+04,5,0.104167
21352,2.13520000e+04,5,0.104167
21353,2.13530000e+04,5,0.104167
21354,2.13540000e+04,5,0.104167
21355,2.13550000e+04,8,0.166667
21356,2.13560000e+04,8,0.166667
21357,2.13570000e+04,8,0.166667
21358,2.13580000e+04,8,0.166667
21359,2.13590000e+04,8,0.166667
21360,2.13600000e+04,6,0.125000
21361,2.13610000e+04,6,0.125000
21362,2.13620000e+04,6,0.125000
21363,2.13630000e+04,6,0.125000
21364,2.13640000e+04,6,0.125000
21365,2.13650000e+04,3,0.062500
21366,2.13660000e+04,3,0.062500
21367,2.13670000e+04,3,0.062500
21368,2.13680000e+04,3,0.062500
21369,2.13690000e+04,3,0.062500
21370,2.13700000e+04,3,0.062500
21371,2.13710000e+04,3,0.062500
21372,2.13720000e+04,3,0.062500
21373,2.13730000e+04,3,0.062500
21374,2.13740000e+04,3,0.062500
21375,2.13750000e+04,5,0.104167
21376,2.13760000e+04,5,0.104167
21377,2.13770000e+04,5,0.104167
21378,2.13780000e+04,5,0.104167
21379,2.13790000e+04,5,0.104167
21380,2.13800000e+04,5,0.104167
21381,2.13810000e+04,5,0.104167
21382,2.13820000e+04,5,0.104167
21383,2.13830000e+04,5,0.104167
21384,2.13840000e+04,5,0.104167
21385,2.13850000e+04,3,0.062500
21386,2.13860000e+04,3,0.062500
21387,2.13870000e+04,3,0.062500
21388,2.13880000e+04,3,0.062500
21389,2.13890000e+04,3,0.062500
21390,2.13900000e+04,6,0.125000
21391,2.13910000e+04,6,0.125000
21392,2.13920000e+04,6,0.125000
21393,2.13930000e+04,6,0.125000
21394,2.13940000e+04,6,0.125000
21395,2.13950000e+04,5,0.104167
21396,2.13960000e+04,5,0.104167
21397,2.13970000e+04,5,0.104167
21398,2.13980000e+04,5,0.104167
21399,2.13990000e+04,5,0.104167
21400,2.14000000e+04,4,0.083333
21401,2.14010000e+04,4,0.083333
21402,2.14020000e+04,4,0.083333
21403,2.14030000e+04,4,0.083333
21404,2.14040000e+04,4,0.083333
21405,2.14050000e+04,3,0.062500
21406,2.14060000e+04,3,0.062500
21407,2.14070000e+04,3,0.062500
21408,2.14080000e+04,3,0.062500
21409,2.14090000e+04,3,0.062500
21410,2.14100000e+04,3,0.062500
21411,2.14110000e+04,3,0.062500
21412,2.14120000e+04,3,0.062500
21413,2.14130000e+04,3,0.062500
21414,2.14140000e+04,3,0.062500
21415,2.14150000e+04,4,0.083333
21416,2.14160000e+04,4,0.083333
21417,2.14170000e+04,4,0.083333
21418,2.14180000e+04,4,0.083333
21419,2.14190000e+04,4,0.083333
21420,2.14200000e+04,1,0.020833
21421,2.14210000e+04,1,0.020833
21422,2.14220000e+04,1,0.020833
21423,2.14230000e+04,1,0.020833
21424,2.14240000e+04,1,0.020833
21425,2.14250000e+04,1,0.020833
21426,2.14260000e+04,1,0.020833
21427,2.14270000e+04,1,0.020833
21428,2.14280000e+04,1,0.020833
21429,2.14290000e+04,1,0.020833
21430,2.14300000e+04,3,0.062500
21431,2.14310000e+04,3,0.062500
21432,2.14320000e+04,3,0.062500
21433,2.14330000e+04,3,0.062500
21434,2.14340000e+04,3,0.062500
21435,2.14350000e+04,3,0.062500
21436,2.14360000e+04,3,0.062500
21437,2.14370000e+04,3,0.062500
21438,2.14380000e+04,3,0.062500
21439,2.14390000e+04,3,0.062500
21440,2.14400000e+04,1,0.020833
21441,2.14410000e+04,1,0.020833
21442,2.14420000e+04,1,0.020833
21443,2.14430000e+04,1,0.020833
21444,2.14440000e+04,1,0.020833
21445,2.14450000e+04,5,0.104167
21446,2.14460000e+04,5,0.104167
21447,2.14470000e+04,5,0.104167
21448,2.14480000e+04,5,0.104167
21449,2.14490000e+04,5,0.104167
21450,2.14500000e+04,5,0.104167
21451,2.14510000e+04,5,0.104167
21452,2.14520000e+04,5,0.104167
21453,2.14530000e+04,5,0.104167
21454,2.14540000e+04,5,0.104167
21455,2.14550000e+04,4,0.083333
21456,2.14560000e+04,4,0.083333
21457,2.14570000e+04,4,0.083333
21458,2.14580000e+04,4,0.083333
21459,2.14590000e+04,4,0.083333
21460,2.14600000e+04,4,0.083333
21461,2.14610000e+04,4,0.083333
21462,2.14620000e+04,4,0.083333
21463,2.14630000e+04,4,0.083333
21464,2.14640000e+04,4,0.083333
21465,2.14650000e+04,4,0.083333
21466,2.14660000e+04,4,0.083333
21467,2.14670000e+04,4,0.083333
21468,2.14680000e+04,4,0.083333
21469,2.14690000e+04,4,0.083333
21470,2.14700000e+04,0,0.000000
21471,2.14710000e+04,0,0.000000
21472,2.14720000e+04,0,0.000000
21473,2.14730000e+04,0,0.000000
21474,2.14740000e+04,0,0.000000
21475,2.14750000e+04,2,0.041667
21476,2.14760000e+04,2,0.041667
21477,2.14770000e+04,2,0.041667
21478,2.14780000e+04,2,0.041667
21479,2.14790000e+04,2,0.041667
21480,2.14800000e+04,2,0.041667
21481,2.14810000e+04,2,0.041667
21482,2.14820000e+04,2,0.041667
21483,2.14830000e+04,2,0.041667
21484,2.14840000e+04,2,0.041667
21485,2.14850000e+04,1,0.020833
21486,2.14860000e+04,1,0.020833
21487,2.14870000e+04,1,0.020833
21488,2.14880000e+04,1,0.020833
21489,2.14890000e+04,1,0.020833
21490,2.14900000e+04,1,0.020833
21491,2.14910000e+04,1,0.020833
21492,2.14920000e+04,1,0.020833
21493,2.14930000e+04,1,0.020833
21494,2.14940000e+04,1,0.020833
21495,2.14950000e+04,2,0.041667
21496,2.14960000e+04,2,0.041667
21497,2.14970000e+04,2,0.041667
21498,2.14980000e+04,2,0.041667
21499,2.14990000e+04,2,0.041667
21500,2.15000000e+04,-1,-0.020833
21501,2.15010000e+04,-1,-0.020833
21502,2.15020000e+04,-1,-0.020833
21503,2.15030000e+04,-1,-0.020833
21504,2.15040000e+04,-1,-0.020833
21505,2.15050000e+04,2,0.041667
21506,2.15060000e+04,2,0.041667
21507,2.15070000e+04,2,0.041667
21508,2.15080000e+04,2,0.041667
21509,2.15090000e+04,2,0.041667
21510,2.15100000e+04,1,0.020833
21511,2.15110000e+04,1,0.020833
21512,2.15120000e+04,1,0.020833
21513,2.15130000e+04,1,0.020833
21514,2.15140000e+04,1,0.020833
21515,2.15150000e+04,-3,-0.062500
21516,2.15160000e+04,-3,-0.062500
21517,2.15170000e+04,-3,-0.062500
21518,2.15180000e+04,-3,-0.062500
21519,2.15190000e+04,-3,-0.062500
21520,2.15200000e+04,-3,-0.062500
21521,2.15210000e+04,-3,-0.062500
21522,2.15220000e+04,-3,-0.062500
21523,2.15230000e+04,-3,-0.062500
21524,2.15240000e+04,-3,-0.062500
21525,2.15250000e+04,-3,-0.062500
21526,2.15260000e+04,-3,-0.062500
21527,2.15270000e+04,-3,-0.062500
21528,2.15280000e+04,-3,-0.062500
21529,2.15290000e+04,-3,-0.062500
21530,2.15300000e+04,-4,-0.083333
21531,2.15310000e+04,-4,-0.083333
21532,2.15320000e+04,-4,-0.083333
21533,2.15330000e+04,-4,-0.083333
21534,2.15340000e+04,-4,-0.083333
21535,2.15350000e+04,-7,-0.145833
21536,2.15360000e+04,-7,-0.145833
21537,2.15370000e+04,-7,-0.145833
21538,2.15380000e+04,-7,-0.145833
21539,2.15390000e+04,-7,-0.145833
21540,2.15400000e+04,-7,-0.145833
21541,2.15410000e+04,-7,-0.145833
21542,2.15420000e+04,-7,-0.145833
21543,2.15430000e+04,-7,-0.145833
21544,2.15440000e+04,-7,-0.145833
21545,2.15450000e+04,-4,-0.083333
21546,2.15460000e+04,-4,-0.083333
21547,2.15470000e+04,-4,-0.083333
21548,2.15480000e+04,-4,-0.083333
21549,2.15490000e+04,-4,-0.083333
21550,2.15500000e+04,-4,-0.083333
21551,2.15510000e+04,-4,-0.083333
21552,2.15520000e+04,-4,-0.083333
21553,2.15530000e+04,-4,-0.083333
21554,2.15540000e+04,-4,-0.083333
21555,2.15550000e+04,-5,-0.104167
21556,2.15560000e+04,-5,-0.104167
21557,2.15570000e+04,-5,-0.104167
21558,2.15580000e+04,-5,-0.104167
21559,2.15590000e+04,-5,-0.104167
21560,2.15600000e+04,-8,-0.166667
21561,2.15610000e+04,-8,-0.166667
21562,2.15620000e+04,-8,-0.166667
21563,2.15630000e+04,-8,-0.166667
21564,2.15640000e+04,-8,-0.166667
21565,2.15650000e+04,-5,-0.104167
21566,2.15660000e+04,-5,-0.104167
21567,2.15670000e+04,-5,-0.104167
21568,2.15680000e+04,-5,-0.104167
21569,2.15690000e+04,-5,-0.104167
21570,2.15700000e+04,-5,-0.104167
21571,2.15710000e+04,-5,-0.104167
21572,2.15720000e+04,-5,-0.104167
21573,2.15730000e+04,-5,-0.104167
21574,2.15740000e+04,-5,-0.104167
21575,2.15750000e+04,-7,-0.145833
21576,2.15760000e+04,-7,-0.145833
21577,2.15770000e+04,-7,-0.145833
21578,2.15780000e+04,-7,-0.145833
21579,2.15790000e+04,-7,-0.145833
21580,2.15800000e+04,-4,-0.083333
21581,2.15810000e+04,-4,-0.083333
21582,2.15820000e+04,-4,-0.083333
21583,2.15830000e+04,-4,-0.083333
21584,2.15840000e+04,-4,-0.083333
21585,2.15850000e+04,-5,-0.104167
21586,2.15860000e+04,-5,-0.104167
21587,2.15870000e+04,-5,-0.104167
21588,2.15880000e+04,-5,-0.104167
21589,2.15890000e+04,-5,-0.104167
21590,2.15900000e+04,-6,-0.125000
21591,2.15910000e+04,-6,-0.125000
21592,2.15920000e+04,-6,-0.125000
21593,2.15930000e+04,-6,-0.125000
21594,2.15940000e+04,-6,-0.125000
21595,2.15950000e+04,-4,-0.083333
21596,2.15960000e+04,-4,-0.083333
21597,2.15970000e+04,-4,-0.083333
21598,2.15980000e+04,-4,-0.083333
21599,2.15990000e+04,-4,-0.083333
21600,2.16000000e+04,-4,-0.083333
21601,2.16010000e+04,-4,-0.083333
21602,2.16020000e+04,-4,-0.083333
21603,2.16030000e+04,-4,-0.083333
21604,2.16040000e+04,-4,-0.083333
21605,2.16050000e+04,-8,-0.166667
21606,2.16060000e+04,-8,-0.166667
21607,2.16070000e+04,-8,-0.166667
21608,2.16080000e+04,-8,-0.166667
21609,2.16090000e+04,-8,-0.166667
21610,2.16100000e+04,-6,-0.125000
21611,2.16110000e+04,-6,-0.125000
21612,2.16120000e+04,-6,-0.125000
21613,2.16130000e+04,-6,-0.125000
21614,2.16140000e+04,-6,-0.125000
21615,2.16150000e+04,-7,-0.145833
21616,2.16160000e+04,-7,-0.145833
21617,2.16170000e+04,-7,-0.145833
21618,2.16180000e+04,-7,-0.145833
21619,2.16190000e+04,-7,-0.145833
21620,2.16200000e+04,-8,-0.166667
21621,2.16210000e+04,-8,-0.166667
21622,2.16220000e+04,-8,-0.166667
21623,2.16230000e+04,-8,-0.166667
21624,2.16240000e+04,-8,-0.166667
21625,2.16250000e+04,-9,-0.187500
21626,2.16260000e+04,-9,-0.187500
21627,2.16270000e+04,-9,-0.187500
21628,2.16280000e+04,-9,-0.187500
21629,2.16290000e+04,-9,-0.187500
21630,2.16300000e+04,-9,-0.187500
21631,2.16310000e+04,-9,-0.187500
21632,2.16320000e+04,-9,-0.187500
21633,2.16330000e+04,-9,-0.187500
21634,2.16340000e+04,-9,-0.187500
21635,2.16350000e+04,-11,-0.229167
21636,2.16360000e+04,-11,-0.229167
21637,2.16370000e+04,-11,-0.229167
21638,2.16380000e+04,-11,-0.229167
21639,2.16390000e+04,-11,-0.229167
21640,2.16400000e+04,-11,-0.229167
21641,2.16410000e+04,-11,-0.229167
21642,2.16420000e+04,-11,-0.229167
21643,2.16430000e+04,-11,-0.229167
21644,2.16440000e+04,-11,-0.229167
21645,2.16450000e+04,-12,-0.250000
21646,2.16460000e+04,-12,-0.250000
21647,2.16470000e+04,-12,-0.250000
21648,2.16480000e+04,-12,-0.250000
21649,2.16490000e+04,-12,-0.250000
21650,2.16500000e+04,-12,-0.250000
21651,2.16510000e+04,-12,-0.250000
21652,2.16520000e+04,-12,-0.250000
21653,2.16530000e+04,-12,-0.250000
21654,2.16540000e+04,-12,-0.250000
21655,2.16550000e+04,-13,-0.270833
21656,2.16560000e+04,-13,-0.270833
21657,2.16570000e+04,-13,-0.270833
21658,2.16580000e+04,-13,-0.270833
21659,2.16590000e+04,-13,-0.270833
21660,2.16600000e+04,-12,-0.250000
21661,2.16610000e+04,-12,-0.250000
21662,2.16620000e+04,-12,-0.250000
21663,2.16630000e+04,-12,-0.250000
21664,2.16640000e+04,-12,-0.250000
21665,2.16650000e+04,-12,-0.250000
21666,2.16660000e+04,-12,-0.250000
21667,2.16670000e+04,-12,-0.250000
21668,2.16680000e+04,-12,-0.250000
21669,2.16690000e+04,-12,-0.250000
21670,2.16700000e+04,-13,-0.270833
21671,2.16710000e+04,-13,-0.270833
21672,2.16720000e+04,-13,-0.270833
21673,2.16730000e+04,-13,-0.270833
21674,2.16740000e+04,-13,-0.270833
21675,2.16750000e+04,-15,-0.312500
21676,2.16760000e+04,-15,-0.312500
21677,2.16770000e+04,-15,-0.312500
21678,2.16780000e+04,-15,-0.312500
21679,2.16790000e+04,-15,-0.312500
21680,2.16800000e+04,-13,-0.270833
21681,2.16810000e+04,-13,-0.270833
21682,2.16820000e+04,-13,-0.270833
21683,2.16830000e+04,-13,-0.270833
21684,2.16840000e+04,-13,-0.270833
21685,2.16850000e+04,-14,-0.291667
21686,2.16860000e+04,-14,-0.291667
21687,2.16870000e+04,-14,-0.291667
21688,2.16880000e+04,-14,-0.291667
21689,2.16890000e+04,-14,-0.291667
21690,2.16900000e+04,-12,-0.250000
21691,2.16910000e+04,-12,-0.250000
21692,2.16920000e+04,-12,-0.250000
21693,2.16930000e+04,-12,-0.250000
21694,2.16940000e+04,-12,-0.250000
21695,2.16950000e+04,-11,-0.229167
21696,2.16960000e+04,-11,-0.229167
21697,2.16970000e+04,-11,-0.229167
21698,2.16980000e+04,-11,-0.229167
21699,2.16990000e+04,-11,-0.229167
21700,2.17000000e+04,-12,-0.250000
21701,2.17010000e+04,-12,-0.250000
21702,2.17020000e+04,-12,-0.250000
21703,2.17030000e+04,-12,-0.250000
21704,2.17040000e+04,-12,-0.250000
21705,2.17050000e+04,-14,-0.291667
21706,2.17060000e+04,-14,-0.291667
21707,2.17070000e+04,-14,-0.291667
21708,2.17080000e+04,-14,-0.291667
21709,2.17090000e+04,-14,-0.291667
21710,2.17100000e+04,-13,-0.270833
21711,2.17110000e+04,-13,-0.270833
21712,2.17120000e+04,-13,-0.270833
21713,2.17130000e+04,-13,-0.270833
21714,2.17140000e+04,-13,-0.270833
21715,2.17150000e+04,-11,-0.229167
21716,2.17160000e+04,-11,-0.229167
21717,2.17170000e+04,-11,-0.229167
21718,2.17180000e+04,-11,-0.229167
21719,2.17190000e+04,-11,-0.229167
21720,2.17200000e+04,-11,-0.229167
21721,2.17210000e+04,-11,-0.229167
21722,2.17220000e+04,-11,-0.229167
21723,2.17230000e+04,-11,-0.229167
21724,2.17240000e+04,-11,-0.229167
21725,2.17250000e+04,-12,-0.250000
21726,2.17260000e+04,-12,-0.250000
21727,2.17270000e+04,-12,-0.250000
21728,2.17280000e+04,-12,-0.250000
21729,2.17290000e+04,-12,-0.250000
21730,2.17300000e+04,-15,-0.312500
21731,2.17310000e+04,-15,-0.312500
21732,2.17320000e+04,-15,-0.312500
21733,2.17330000e+04,-15,-0.312500
21734,2.17340000e+04,-15,-0.312500
21735,2.17350000e+04,-13,-0.270833
21736,2.17360000e+04,-13,-0.270833
21737,2.17370000e+04,-13,-0.270833
21738,2.17380000e+04,-13,-0.270833
21739,2.17390000e+04,-13,-0.270833
21740,2.17400000e+04,-13,-0.270833
21741,2.17410000e+04,-13,-0.270833
21742,2.17420000e+04,-13,-0.270833
21743,2.17430000e+04,-13,-0.270833
21744,2.17440000e+04,-13,-0.270833
21745,2.17450000e+04,-13,-0.270833
21746,2.17460000e+04,-13,-0.270833
21747,2.17470000e+04,-13,-0.270833
21748,2.17480000e+04,-13,-0.270833
21749,2.17490000e+04,-13,-0.270833
21750,2.17500000e+04,-13,-0.270833
21751,2.17510000e+04,-13,-0.270833
21752,2.17520000e+04,-13,-0.270833
21753,2.17530000e+04,-13,-0.270833
21754,2.17540000e+04,-13,-0.270833
21755,2.17550000e+04,-14,-0.291667
21756,2.17560000e+04,-14,-0.291667
21757,2.17570000e+04,-14,-0.291667
21758,2.17580000e+04,-14,-0.291667
21759,2.17590000e+04,-14,-0.291667
21760,2.17600000e+04,-16,-0.333333
21761,2.17610000e+04,-16,-0.333333
21762,2.17620000e+04,-16,-0.333333
21763,2.17630000e+04,-16,-0.333333
21764,2.17640000e+04,-16,-0.333333
21765,2.17650000e+04,-15,-0.312500
21766,2.17660000e+04,-15,-0.312500
21767,2.17670000e+04,-15,-0.312500
21768,2.17680000e+04,-15,-0.312500
21769,2.17690000e+04,-15,-0.312500
21770,2.17700000e+04,-14,-0.291667
21771,2.17710000e+04,-14,-0.291667
21772,2.17720000e+04,-14,-0.291667
21773,2.17730000e+04,-14,-0.291667
21774,2.17740000e+04,-14,-0.291667
21775,2.17750000e+04,-19,-0.395833
21776,2.17760000e+04,-19,-0.395833
21777,2.17770000e+04,-19,-0.395833
21778,2.17780000e+04,-19,-0.395833
21779,2.17790000e+04,-19,-0.395833
21780,2.17800000e+04,-19,-0.395833
21781,2.17810000e+04,-19,-0.395833
21782,2.17820000e+04,-19,-0.395833
21783,2.17830000e+04,-19,-0.395833
21784,2.17840000e+04,-19,-0.395833
21785,2.17850000e+04,-15,-0.312500
21786,2.17860000e+04,-15,-0.312500
21787,2.17870000e+04,-15,-0.312500
21788,2.17880000e+04,-15,-0.312500
21789,2.17890000e+04,-15,-0.312500
21790,2.17900000e+04,-13,-0.270833
21791,2.17910000e+04,-13,-0.270833
21792,2.17920000e+04,-13,-0.270833
21793,2.17930000e+04,-13,-0.270833
21794,2.17940000e+04,-13,-0.270833
21795,2.17950000e+04,-15,-0.312500
21796,2.17960000e+04,-15,-0.312500
21797,2.17970000e+04,-15,-0.312500
21798,2.17980000e+04,-15,-0.312500
21799,2.17990000e+04,-15,-0.312500
21800,2.18000000e+04,-15,-0.312500
21801,2.18010000e+04,-15,-0.312500
21802,2.18020000e+04,-15,-0.312500
21803,2.18030000e+04,-15,-0.312500
21804,2.18040000e+04,-15,-0.312500
21805,2.18050000e+04,-14,-0.291667
21806,2.18060000e+04,-14,-0.291667
21807,2.18070000e+04,-14,-0.291667
21808,2.18080000e+04,-14,-0.291667
21809,2.18090000e+04,-14,-0.291667
21810,2.18100000e+04,-13,-0.270833
21811,2.18110000e+04,-13,-0.270833
21812,2.18120000e+04,-13,-0.270833
21813,2.18130000e+04,-13,-0.270833
21814,2.18140000e+04,-13,-0.270833
21815,2.18150000e+04,-17,-0.354167
21816,2.18160000e+04,-17,-0.354167
21817,2.18170000e+04,-17,-0.354167
21818,2.18180000e+04,-17,-0.354167
21819,2.18190000e+04,-17,-0.354167
21820,2.18200000e+04,-15,-0.312500
21821,2.18210000e+04,-15,-0.312500
21822,2.18220000e+04,-15,-0.312500
21823,2.18230000e+04,-15,-0.312500
21824,2.18240000e+04,-15,-0.312500
21825,2.18250000e+04,-13,-0.270833
21826,2.18260000e+04,-13,-0.270833
21827,2.18270000e+04,-13,-0.270833
21828,2.18280000e+04,-13,-0.270833
21829,2.18290000e+04,-13,-0.270833
21830,2.18300000e+04,-17,-0.354167
21831,2.18310000e+04,-17,-0.354167
21832,2.18320000e+04,-17,-0.354167
21833,2.18330000e+04,-17,-0.354167
21834,2.18340000e+04,-17,-0.354167
21835,2.18350000e+04,-13,-0.270833
21836,2.18360000e+04,-13,-0.270833
21837,2.18370000e+04,-13,-0.270833
21838,2.18380000e+04,-13,-0.270833
21839,2.18390000e+04,-13,-0.270833
21840,2.18400000e+04,-16,-0.333333
21841,2.18410000e+04,-16,-0.333333
21842,2.18420000e+04,-16,-0.333333
21843,2.18430000e+04,-16,-0.333333
21844,2.18440000e+04,-16,-0.333333
21845,2.18450000e+04,-13,-0.270833
21846,2.18460000e+04,-13,-0.270833
21847,2.18470000e+04,-13,-0.270833
21848,2.18480000e+04,-13,-0.270833
21849,2.18490000e+04,-13,-0.270833
21850,2.18500000e+04,-19,-0.395833
21851,2.18510000e+04,-19,-0.395833
21852,2.18520000e+04,-19,-0.395833
21853,2.18530000e+04,-19,-0.395833
21854,2.18540000e+04,-19,-0.395833
21855,2.18550000e+04,-15,-0.312500
21856,2.18560000e+04,-15,-0.312500
21857,2.18570000e+04,-15,-0.312500
21858,2.18580000e+04,-15,-0.312500
21859,2.18590000e+04,-15,-0.312500
21860,2.18600000e+04,-15,-0.312500
21861,2.18610000e+04,-15,-0.312500
21862,2.18620000e+04,-15,-0.312500
21863,2.18630000e+04,-15,-0.312500
21864,2.18640000e+04,-15,-0.312500
21865,2.18650000e+04,-16,-0.333333
21866,2.18660000e+04,-16,-0.333333
21867,2.18670000e+04,-16,-0.333333
21868,2.18680000e+04,-16,-0.333333
21869,2.18690000e+04,-16,-0.333333
21870,2.18700000e+04,-16,-0.333333
21871,2.18710000e+04,-16,-0.333333
21872,2.18720000e+04,-16,-0.333333
21873,2.18730000e+04,-16,-0.333333
21874,2.18740000e+04,-16,-0.333333
21875,2.18750000e+04,-15,-0.312500
21876,2.18760000e+04,-15,-0.312500
21877,2.18770000e+04,-15,-0.312500
21878,2.18780000e+04,-15,-0.312500
21879,2.18790000e+04,-15,-0.312500
21880,2.18800000e+04,-15,-0.312500
21881,2.18810000e+04,-15,-0.312500
21882,2.18820000e+04,-15,-0.312500
21883,2.18830000e+04,-15,-0.312500
21884,2.18840000e+04,-15,-0.312500
21885,2.18850000e+04,-12,-0.250000
21886,2.18860000e+04,-12,-0.250000
21887,2.18870000e+04,-12,-0.250000
21888,2.18880000e+04,-12,-0.250000
21889,2.18890000e+04,-12,-0.250000
21890,2.18900000e+04,-17,-0.354167
21891,2.18910000e+04,-17,-0.354167
21892,2.18920000e+04,-17,-0.354167
21893,2.18930000e+04,-17,-0.354167
21894,2.18940000e+04,-17,-0.354167
21895,2.18950000e+04,-14,-0.291667
21896,2.18960000e+04,-14,-0.291667
21897,2.18970000e+04,-14,-0.291667
21898,2.18980000e+04,-14,-0.291667
21899,2.18990000e+04,-14,-0.291667
21900,2.19000000e+04,-13,-0.270833
21901,2.19010000e+04,-13,-0.270833
21902,2.19020000e+04,-13,-0.270833
21903,2.19030000e+04,-13,-0.270833
21904,2.19040000e+04,-13,-0.270833
21905,2.19050000e+04,-15,-0.312500
21906,2.19060000e+04,-15,-0.312500
21907,2.19070000e+04,-15,-0.312500
21908,2.19080000e+04,-15,-0.312500
21909,2.19090000e+04,-15,-0.312500
21910,2.19100000e+04,-15,-0.312500
21911,2.19110000e+04,-15,-0.312500
21912,2.19120000e+04,-15,-0.312500
21913,2.19130000e+04,-15,-0.312500
21914,2.19140000e+04,-15,-0.312500
21915,2.19150000e+04,-12,-0.250000
21916,2.19160000e+04,-12,-0.250000
21917,2.19170000e+04,-12,-0.250000
21918,2.19180000e+04,-12,-0.250000
21919,2.19190000e+04,-12,-0.250000
21920,2.19200000e+04,-16,-0.333333
21921,2.19210000e+04,-16,-0.333333
21922,2.19220000e+04,-16,-0.333333
21923,2.19230000e+04,-16,-0.333333
21924,2.19240000e+04,-16,-0.333333
21925,2.19250000e+04,-19,-0.395833
21926,2.19260000e+04,-19,-0.395833
21927,2.19270000e+04,-19,-0.395833
21928,2.19280000e+04,-19,-0.395833
21929,2.19290000e+04,-19,-0.395833
21930,2.19300000e+04,-18,-0.375000
21931,2.19310000e+04,-18,-0.375000
21932,2.19320000e+04,-18,-0.375000
21933,2.19330000e+04,-18,-0.375000
21934,2.19340000e+04,-18,-0.375000
21935,2.19350000e+04,-17,-0.354167
21936,2.19360000e+04,-17,-0.354167
21937,2.19370000e+04,-17,-0.354167
21938,2.19380000e+04,-17,-0.354167
21939,2.19390000e+04,-17,-0.354167
21940,2.19400000e+04,-17,-0.354167
21941,2.19410000e+04,-17,-0.354167
21942,2.19420000e+04,-17,-0.354167
21943,2.19430000e+04,-17,-0.354167
21944,2.19440000e+04,-17,-0.354167
21945,2.19450000e+04,-17,-0.354167
21946,2.19460000e+04,-17,-0.354167
21947,2.19470000e+04,-17,-0.354167
21948,2.19480000e+04,-17,-0.354167
21949,2.19490000e+04,-17,-0.354167
21950,2.19500000e+04,-14,-0.291667
21951,2.19510000e+04,-14,-0.291667
21952,2.19520000e+04,-14,-0.291667
21953,2.19530000e+04,-14,-0.291667
21954,2.19540000e+04,-14,-0.291667
21955,2.19550000e+04,-19,-0.395833
21956,2.19560000e+04,-19,-0.395833
21957,2.19570000e+04,-19,-0.395833
21958,2.19580000e+04,-19,-0.395833
21959,2.19590000e+04,-19,-0.395833
21960,2.19600000e+04,-17,-0.354167
21961,2.19610000e+04,-17,-0.354167
21962,2.19620000e+04,-17,-0.354167
21963,2.19630000e+04,-17,-0.354167
21964,2.19640000e+04,-17,-0.354167
21965,2.19650000e+04,-17,-0.354167
21966,2.19660000e+04,-17,-0.354167
21967,2.19670000e+04,-17,-0.354167
21968,2.19680000e+04,-17,-0.354167
21969,2.19690000e+04,-17,-0.354167
21970,2.19700000e+04,-19,-0.395833
21971,2.19710000e+04,-19,-0.395833
21972,2.19720000e+04,-19,-0.395833
21973,2.19730000e+04,-19,-0.395833
21974,2.19740000e+04,-19,-0.395833
21975,2.19750000e+04,-15,-0.312500
21976,2.19760000e+04,-15,-0.312500
21977,2.19770000e+04,-15,-0.312500
21978,2.19780000e+04,-15,-0.312500
21979,2.19790000e+04,-15,-0.312500
21980,2.19800000e+04,-20,-0.416667
21981,2.19810000e+04,-20,-0.416667
21982,2.19820000e+04,-20,-0.416667
21983,2.19830000e+04,-20,-0.416667
21984,2.19840000e+04,-20,-0.416667
21985,2.19850000e+04,-17,-0.354167
21986,2.19860000e+04,-17,-0.354167
21987,2.19870000e+04,-17,-0.354167
21988,2.19880000e+04,-17,-0.354167
21989,2.19890000e+04,-17,-0.354167
21990,2.19900000e+04,-19,-0.395833
21991,2.19910000e+04,-19,-0.395833
21992,2.19920000e+04,-19,-0.395833
21993,2.19930000e+04,-19,-0.395833
21994,2.19940000e+04,-19,-0.395833
21995,2.19950000e+04,-17,-0.354167
21996,2.19960000e+04,-17,-0.354167
21997,2.19970000e+04,-17,-0.354167
21998,2.19980000e+04,-17,-0.354167
21999,2.19990000e+04,-17,-0.354167
22000,2.20000000e+04,-21,-0.437500
22001,2.20010000e+04,-21,-0.437500
22002,2.20020000e+04,-21,-0.437500
22003,2.20030000e+04,-21,-0.437500
22004,2.20040000e+04,-21,-0.437500
22005,2.20050000e+04,-17,-0.354167
22006,2.20060000e+04,-17,-0.354167
22007,2.20070000e+04,-17,-0.354167
22008,2.20080000e+04,-17,-0.354167
22009,2.20090000e+04,-17,-0.354167
22010,2.20100000e+04,-19,-0.395833
22011,2.20110000e+04,-19,-0.395833
22012,2.20120000e+04,-19,-0.395833
22013,2.20130000e+04,-19,-0.395833
22014,2.20140000e+04,-19,-0.395833
22015,2.20150000e+04,-17,-0.354167
22016,2.20160000e+04,-17,-0.354167
22017,2.20170000e+04,-17,-0.354167
22018,2.20180000e+04,-17,-0.354167
22019,2.20190000e+04,-17,-0.354167
22020,2.20200000e+04,-17,-0.354167
22021,2.20210000e+04,-17,-0.354167
22022,2.20220000e+04,-17,-0.354167
22023,2.20230000e+04,-17,-0.354167
22024,2.20240000e+04,-17,-0.354167
22025,2.20250000e+04,-21,-0.437500
22026,2.20260000e+04,-21,-0.437500
22027,2.20270000e+04,-21,-0.437500
22028,2.20280000e+04,-21,-0.437500
22029,2.20290000e+04,-21,-0.437500
22030,2.20300000e+04,-16,-0.333333
22031,2.20310000e+04,-16,-0.333333
22032,2.20320000e+04,-16,-0.333333
22033,2.20330000e+04,-16,-0.333333
22034,2.20340000e+04,-16,-0.333333
22035,2.20350000e+04,-19,-0.395833
22036,2.20360000e+04,-19,-0.395833
22037,2.20370000e+04,-19,-0.395833
22038,2.20380000e+04,-19,-0.395833
22039,2.20390000e+04,-19,-0.395833
22040,2.20400000e+04,-20,-0.416667
22041,2.20410000e+04,-20,-0.416667
22042,2.20420000e+04,-20,-0.416667
22043,2.20430000e+04,-20,-0.416667
22044,2.20440000e+04,-20,-0.416667
22045,2.20450000e+04,-15,-0.312500
22046,2.20460000e+04,-15,-0.312500
22047,2.20470000e+04,-15,-0.312500
22048,2.20480000e+04,-15,-0.312500
22049,2.20490000e+04,-15,-0.312500
22050,2.20500000e+04,-17,-0.354167
22051,2.20510000e+04,-17,-0.354167
22052,2.20520000e+04,-17,-0.354167
22053,2.20530000e+04,-17,-0.354167
22054,2.20540000e+04,-17,-0.354167
22055,2.20550000e+04,-17,-0.354167
22056,2.20560000e+04,-17,-0.354167
22057,2.20570000e+04,-17,-0.354167
22058,2.20580000e+04,-17,-0.354167
22059,2.20590000e+04,-17,-0.354167
22060,2.20600000e+04,-19,-0.395833
22061,2.20610000e+04,-19,-0.395833
22062,2.20620000e+04,-19,-0.395833
22063,2.20630000e+04,-19,-0.395833
22064,2.20640000e+04,-19,-0.395833
22065,2.20650000e+04,-16,-0.333333
22066,2.20660000e+04,-16,-0.333333
22067,2.20670000e+04,-16,-0.333333
22068,2.20680000e+04,-16,-0.333333
22069,2.20690000e+04,-16,-0.333333
22070,2.20700000e+04,-19,-0.395833
22071,2.20710000e+04,-19,-0.395833
22072,2.20720000e+04,-19,-0.395833
22073,2.20730000e+04,-19,-0.395833
22074,2.20740000e+04,-19,-0.395833
22075,2.20750000e+04,-20,-0.416667
22076,2.20760000e+04,-20,-0.416667
22077,2.20770000e+04,-20,-0.416667
22078,2.20780000e+04,-20,-0.416667
22079,2.20790000e+04,-20,-0.416667
22080,2.20800000e+04,-20,-0.416667
22081,2.20810000e+04,-20,-0.416667
22082,2.20820000e+04,-20,-0.416667
22083,2.20830000e+04,-20,-0.416667
22084,2.20840000e+04,-20,-0.416667
22085,2.20850000e+04,-21,-0.437500
22086,2.20860000e+04,-21,-0.437500
22087,2.20870000e+04,-21,-0.437500
22088,2.20880000e+04,-21,-0.437500
22089,2.20890000e+04,-21,-0.437500
22090,2.20900000e+04,-19,-0.395833
22091,2.20910000e+04,-19,-0.395833
22092,2.20920000e+04,-19,-0.395833
22093,2.20930000e+04,-19,-0.395833
22094,2.20940000e+04,-19,-0.395833
22095,2.20950000e+04,-21,-0.437500
22096,2.20960000e+04,-21,-0.437500
22097,2.20970000e+04,-21,-0.437500
22098,2.20980000e+04,-21,-0.437500
22099,2.20990000e+04,-21,-0.437500
22100,2.21000000e+04,-16,-0.333333
22101,2.21010000e+04,-16,-0.333333
22102,2.21020000e+04,-16,-0.333333
22103,2.21030000e+04,-16,-0.333333
22104,2.21040000e+04,-16,-0.333333
22105,2.21050000e+04,-16,-0.333333
22106,2.21060000e+04,-16,-0.333333
22107,2.21070000e+04,-16,-0.333333
22108,2.21080000e+04,-16,-0.333333
22109,2.21090000e+04,-16,-0.333333
22110,2.21100000e+04,-20,-0.416667
22111,2.21110000e+04,-20,-0.416667
22112,2.21120000e+04,-20,-0.416667
22113,2.21130000e+04,-20,-0.416667
22114,2.21140000e+04,-20,-0.416667
22115,2.21150000e+04,-21,-0.437500
22116,2.21160000e+04,-21,-0.437500
22117,2.21170000e+04,-21,-0.437500
22118,2.21180000e+04,-21,-0.437500
22119,2.21190000e+04,-21,-0.437500
22120,2.21200000e+04,-15,-0.312500
22121,2.21210000e+04,-15,-0.312500
22122,2.21220000e+04,-15,-0.312500
22123,2.21230000e+04,-15,-0.312500
22124,2.21240000e+04,-15,-0.312500
22125,2.21250000e+04,-16,-0.333333
22126,2.21260000e+04,-16,-0.333333
22127,2.21270000e+04,-16,-0.333333
22128,2.21280000e+04,-16,-0.333333
22129,2.21290000e+04,-16,-0.333333
22130,2.21300000e+04,-18,-0.375000
22131,2.21310000e+04,-18,-0.375000
22132,2.21320000e+04,-18,-0.375000
22133,2.21330000e+04,-18,-0.375000
22134,2.21340000e+04,-18,-0.375000
22135,2.21350000e+04,-17,-0.354167
22136,2.21360000e+04,-17,-0.354167
22137,2.21370000e+04,-17,-0.354167
22138,2.21380000e+04,-17,-0.354167
22139,2.21390000e+04,-17,-0.354167
22140,2.21400000e+04,-17,-0.354167
22141,2.21410000e+04,-17,-0.354167
22142,2.21420000e+04,-17,-0.354167
22143,2.21430000e+04,-17,-0.354167
22144,2.21440000e+04,-17,-0.354167
22145,2.21450000e+04,-18,-0.375000
22146,2.21460000e+04,-18,-0.375000
22147,2.21470000e+04,-18,-0.375000
22148,2.21480000e+04,-18,-0.375000
22149,2.21490000e+04,-18,-0.375000
22150,2.21500000e+04,-15,-0.312500
22151,2.21510000e+04,-15,-0.312500
22152,2.21520000e+04,-15,-0.312500
22153,2.21530000e+04,-15,-0.312500
22154,2.21540000e+04,-15,-0.312500
22155,2.21550000e+04,-17,-0.354167
22156,2.21560000e+04,-17,-0.354167
22157,2.21570000e+04,-17,-0.354167
22158,2.21580000e+04,-17,-0.354167
22159,2.21590000e+04,-17,-0.354167
22160,2.21600000e+04,-15,-0.312500
22161,2.21610000e+04,-15,-0.312500
22162,2.21620000e+04,-15,-0.312500
22163,2.21630000e+04,-15,-0.312500
22164,2.21640000e+04,-15,-0.312500
22165,2.21650000e+04,-19,-0.395833
22166,2.21660000e+04,-19,-0.395833
22167,2.21670000e+04,-19,-0.395833
22168,2.21680000e+04,-19,-0.395833
22169,2.21690000e+04,-19,-0.395833
22170,2.21700000e+04,-19,-0.395833
22171,2.21710000e+04,-19,-0.395833
22172,2.21720000e+04,-19,-0.395833
22173,2.21730000e+04,-19,-0.395833
22174,2.21740000e+04,-19,-0.395833
22175,2.21750000e+04,-17,-0.354167
22176,2.21760000e+04,-17,-0.354167
22177,2.21770000e+04,-17,-0.354167
22178,2.21780000e+04,-17,-0.354167
22179,2.21790000e+04,-17,-0.354167
22180,2.21800000e+04,-17,-0.354167
22181,2.21810000e+04,-17,-0.354167
22182,2.21820000e+04,-17,-0.354167
22183,2.21830000e+04,-17,-0.354167
22184,2.21840000e+04,-17,-0.354167
22185,2.21850000e+04,-18,-0.375000
22186,2.21860000e+04,-18,-0.375000
22187,2.21870000e+04,-18,-0.375000
22188,2.21880000e+04,-18,-0.375000
22189,2.21890000e+04,-18,-0.375000
22190,2.21900000e+04,-20,-0.416667
22191,2.21910000e+04,-20,-0.416667
22192,2.21920000e+04,-20,-0.416667
22193,2.21930000e+04,-20,-0.416667
22194,2.21940000e+04,-20,-0.416667
22195,2.21950000e+04,-20,-0.416667
22196,2.21960000e+04,-20,-0.416667
22197,2.21970000e+04,-20,-0.416667
22198,2.21980000e+04,-20,-0.416667
22199,2.21990000e+04,-20,-0.416667
22200,2.22000000e+04,-20,-0.416667
22201,2.22010000e+04,-20,-0.416667
22202,2.22020000e+04,-20,-0.416667
22203,2.22030000e+04,-20,-0.416667
22204,2.22040000e+04,-20,-0.416667
22205,2.22050000e+04,-24,-0.500000
22206,2.22060000e+04,-24,-0.500000
22207,2.22070000e+04,-24,-0.500000
22208,2.22080000e+04,-24,-0.500000
22209,2.22090000e+04,-24,-0.500000
22210,2.22100000e+04,-21,-0.437500
22211,2.22110000e+04,-21,-0.437500
22212,2.22120000e+04,-21,-0.437500
22213,2.22130000e+04,-21,-0.437500
22214,2.22140000e+04,-21,-0.437500
22215,2.22150000e+04,-21,-0.437500
22216,2.22160000e+04,-21,-0.437500
22217,2.22170000e+04,-21,-0.437500
22218,2.22180000e+04,-21,-0.437500
22219,2.22190000e+04,-21,-0.437500
22220,2.22200000e+04,-20,-0.416667
22221,2.22210000e+04,-20,-0.416667
22222,2.22220000e+04,-20,-0.416667
22223,2.22230000e+04,-20,-0.416667
22224,2.22240000e+04,-20,-0.416667
22225,2.22250000e+04,-20,-0.416667
22226,2.22260000e+04,-20,-0.416667
22227,2.22270000e+04,-20,-0.416667
22228,2.22280000e+04,-20,-0.416667
22229,2.22290000e+04,-20,-0.416667
22230,2.22300000e+04,-21,-0.437500
22231,2.22310000e+04,-21,-0.437500
22232,2.22320000e+04,-21,-0.437500
22233,2.22330000e+04,-21,-0.437500
22234,2.22340000e+04,-21,-0.437500
22235,2.22350000e+04,-21,-0.437500
22236,2.22360000e+04,-21,-0.437500
22237,2.22370000e+04,-21,-0.437500
22238,2.22380000e+04,-21,-0.437500
22239,2.22390000e+04,-21,-0.437500
22240,2.22400000e+04,-19,-0.395833
22241,2.22410000e+04,-19,-0.395833
22242,2.22420000e+04,-19,-0.395833
22243,2.22430000e+04,-19,-0.395833
22244,2.22440000e+04,-19,-0.395833
22245,2.22450000e+04,-19,-0.395833
22246,2.22460000e+04,-19,-0.395833
22247,2.22470000e+04,-19,-0.395833
22248,2.22480000e+04,-19,-0.395833
22249,2.22490000e+04,-19,-0.395833
22250,2.22500000e+04,-17,-0.354167
22251,2.22510000e+04,-17,-0.354167
22252,2.22520000e+04,-17,-0.354167
22253,2.22530000e+04,-17,-0.354167
22254,2.22540000e+04,-17,-0.354167
22255,2.22550000e+04,-16,-0.333333
22256,2.22560000e+04,-16,-0.333333
22257,2.22570000e+04,-16,-0.333333
22258,2.22580000e+04,-16,-0.333333
22259,2.22590000e+04,-16,-0.333333
22260,2.22600000e+04,-21,-0.437500
22261,2.22610000e+04,-21,-0.437500
22262,2.22620000e+04,-21,-0.437500
22263,2.22630000e+04,-21,-0.437500
22264,2.22640000e+04,-21,-0.437500
22265,2.22650000e+04,-20,-0.416667
22266,2.22660000e+04,-20,-0.416667
22267,2.22670000e+04,-20,-0.416667
22268,2.22680000e+04,-20,-0.416667
22269,2.22690000e+04,-20,-0.416667
22270,2.22700000e+04,-17,-0.354167
22271,2.22710000e+04,-17,-0.354167
22272,2.22720000e+04,-17,-0.354167
22273,2.22730000e+04,-17,-0.354167
22274,2.22740000e+04,-17,-0.354167
22275,2.22750000e+04,-20,-0.416667
22276,2.22760000e+04,-20,-0.416667
22277,2.22770000e+04,-20,-0.416667
22278,2.22780000e+04,-20,-0.416667
22279,2.22790000e+04,-20,-0.416667
22280,2.22800000e+04,-19,-0.395833
22281,2.22810000e+04,-19,-0.395833
22282,2.22820000e+04,-19,-0.395833
22283,2.22830000e+04,-19,-0.395833
22284,2.22840000e+04,-19,-0.395833
22285,2.22850000e+04,-21,-0.437500
22286,2.22860000e+04,-21,-0.437500
22287,2.22870000e+04,-21,-0.437500
22288,2.22880000e+04,-21,-0.437500
22289,2.22890000e+04,-21,-0.437500
22290,2.22900000e+04,-20,-0.416667
22291,2.22910000e+04,-20,-0.416667
22292,2.22920000e+04,-20,-0.416667
22293,2.22930000e+04,-20,-0.416667
22294,2.22940000e+04,-20,-0.416667
22295,2.22950000e+04,-17,-0.354167
22296,2.22960000e+04,-17,-0.354167
22297,2.22970000e+04,-17,-0.354167
22298,2.22980000e+04,-17,-0.354167
22299,2.22990000e+04,-17,-0.354167
22300,2.23000000e+04,-21,-0.437500
22301,2.23010000e+04,-21,-0.437500
22302,2.23020000e+04,-21,-0.437500
22303,2.23030000e+04,-21,-0.437500
22304,2.23040000e+04,-21,-0.437500
22305,2.23050000e+04,-21,-0.437500
22306,2.23060000e+04,-21,-0.437500
22307,2.23070000e+04,-21,-0.437500
22308,2.23080000e+04,-21,-0.437500
22309,2.23090000e+04,-21,-0.437500
22310,2.23100000e+04,-20,-0.416667
22311,2.23110000e+04,-20,-0.416667
22312,2.23120000e+04,-20,-0.416667
22313,2.23130000e+04,-20,-0.416667
22314,2.23140000e+04,-20,-0.416667
22315,2.23150000e+04,-22,-0.458333
22316,2.23160000e+04,-22,-0.458333
22317,2.23170000e+04,-22,-0.458333
22318,2.23180000e+04,-22,-0.458333
22319,2.23190000e+04,-22,-0.458333
22320,2.23200000e+04,-20,-0.416667
22321,2.23210000e+04,-20,-0.416667
22322,2.23220000e+04,-20,-0.416667
22323,2.23230000e+04,-20,-0.416667
22324,2.23240000e+04,-20,-0.416667
22325,2.23250000e+04,-21,-0.437500
22326,2.23260000e+04,-21,-0.437500
22327,2.23270000e+04,-21,-0.437500
22328,2.23280000e+04,-21,-0.437500
22329,2.23290000e+04,-21,-0.437500
22330,2.23300000e+04,-21,-0.437500
22331,2.23310000e+04,-21,-0.437500
22332,2.23320000e+04,-21,-0.437500
22333,2.23330000e+04,-21,-0.437500
22334,2.23340000e+04,-21,-0.437500
22335,2.23350000e+04,-21,-0.437500
22336,2.23360000e+04,-21,-0.437500
22337,2.23370000e+04,-21,-0.437500
22338,2.23380000e+04,-21,-0.437500
22339,2.23390000e+04,-21,-0.437500
22340,2.23400000e+04,-19,-0.395833
22341,2.23410000e+04,-19,-0.395833
22342,2.23420000e+04,-19,-0.395833
22343,2.23430000e+04,-19,-0.395833
22344,2.23440000e+04,-19,-0.395833
22345,2.23450000e+04,-20,-0.416667
22346,2.23460000e+04,-20,-0.416667
22347,2.23470000e+04,-20,-0.416667
22348,2.23480000e+04,-20,-0.416667
22349,2.23490000e+04,-20,-0.416667
22350,2.23500000e+04,-17,-0.354167
22351,2.23510000e+04,-17,-0.354167
22352,2.23520000e+04,-17,-0.354167
22353,2.23530000e+04,-17,-0.354167
22354,2.23540000e+04,-17,-0.354167
22355,2.23550000e+04,-22,-0.458333
22356,2.23560000e+04,-22,-0.458333
22357,2.23570000e+04,-22,-0.458333
22358,2.23580000e+04,-22,-0.458333
22359,2.23590000e+04,-22,-0.458333
22360,2.23600000e+04,-21,-0.437500
22361,2.23610000e+04,-21,-0.437500
22362,2.23620000e+04,-21,-0.437500
22363,2.23630000e+04,-21,-0.437500
22364,2.23640000e+04,-21,-0.437500
22365,2.23650000e+04,-18,-0.375000
22366,2.23660000e+04,-18,-0.375000
22367,2.23670000e+04,-18,-0.375000
22368,2.23680000e+04,-18,-0.375000
22369,2.23690000e+04,-18,-0.375000
22370,2.23700000e+04,-17,-0.354167
22371,2.23710000e+04,-17,-0.354167
22372,2.23720000e+04,-17,-0.354167
22373,2.23730000e+04,-17,-0.354167
22374,2.23740000e+04,-17,-0.354167
22375,2.23750000e+04,-19,-0.395833
22376,2.23760000e+04,-19,-0.395833
22377,2.23770000e+04,-19,-0.395833
22378,2.23780000e+04,-19,-0.395833
22379,2.23790000e+04,-19,-0.395833
22380,2.23800000e+04,-17,-0.354167
22381,2.23810000e+04,-17,-0.354167
22382,2.23820000e+04,-17,-0.354167
22383,2.23830000e+04,-17,-0.354167
22384,2.23840000e+04,-17,-0.354167
22385,2.23850000e+04,-17,-0.354167
22386,2.23860000e+04,-17,-0.354167
22387,2.23870000e+04,-17,-0.354167
22388,2.23880000e+04,-17,-0.354167
22389,2.23890000e+04,-17,-0.354167
22390,2.23900000e+04,-17,-0.354167
22391,2.23910000e+04,-17,-0.354167
22392,2.23920000e+04,-17,-0.354167
22393,2.23930000e+04,-17,-0.354167
22394,2.23940000e+04,-17,-0.354167
22395,2.23950000e+04,-16,-0.333333
22396,2.23960000e+04,-16,-0.333333
22397,2.23970000e+04,-16,-0.333333
22398,2.23980000e+04,-16,-0.333333
22399,2.23990000e+04,-16,-0.333333
22400,2.24000000e+04,-16,-0.333333
22401,2.24010000e+04,-16,-0.333333
22402,2.24020000e+04,-16,-0.333333
22403,2.24030000e+04,-16,-0.333333
22404,2.24040000e+04,-16,-0.333333
22405,2.24050000e+04,-17,-0.354167
22406,2.24060000e+04,-17,-0.354167
22407,2.24070000e+04,-17,-0.354167
22408,2.24080000e+04,-17,-0.354167
22409,2.24090000e+04,-17,-0.354167
22410,2.24100000e+04,-19,-0.395833
22411,2.24110000e+04,-19,-0.395833
22412,2.24120000e+04,-19,-0.395833
22413,2.24130000e+04,-19,-0.395833
22414,2.24140000e+04,-19,-0.395833
22415,2.24150000e+04,-15,-0.312500
22416,2.24160000e+04,-15,-0.312500
22417,2.24170000e+04,-15,-0.312500
22418,2.24180000e+04,-15,-0.312500
22419,2.24190000e+04,-15,-0.312500
22420,2.24200000e+04,-19,-0.395833
22421,2.24210000e+04,-19,-0.395833
22422,2.24220000e+04,-19,-0.395833
22423,2.24230000e+04,-19,-0.395833
22424,2.24240000e+04,-19,-0.395833
22425,2.24250000e+04,-18,-0.375000
22426,2.24260000e+04,-18,-0.375000
22427,2.24270000e+04,-18,-0.375000
22428,2.24280000e+04,-18,-0.375000
22429,2.24290000e+04,-18,-0.375000
22430,2.24300000e+04,-19,-0.395833
22431,2.24310000e+04,-19,-0.395833
22432,2.24320000e+04,-19,-0.395833
22433,2.24330000e+04,-19,-0.395833
22434,2.24340000e+04,-19,-0.395833
22435,2.24350000e+04,-15,-0.312500
22436,2.24360000e+04,-15,-0.312500
22437,2.24370000e+04,-15,-0.312500
22438,2.24380000e+04,-15,-0.312500
22439,2.24390000e+04,-15,-0.312500
22440,2.24400000e+04,-16,-0.333333
22441,2.24410000e+04,-16,-0.333333
22442,2.24420000e+04,-16,-0.333333
22443,2.24430000e+04,-16,-0.333333
22444,2.24440000e+04,-16,-0.333333
22445,2.24450000e+04,-19,-0.395833
22446,2.24460000e+04,-19,-0.395833
22447,2.24470000e+04,-19,-0.395833
22448,2.24480000e+04,-19,-0.395833
22449,2.24490000e+04,-19,-0.395833
22450,2.24500000e+04,-16,-0.333333
22451,2.24510000e+04,-16,-0.333333
22452,2.24520000e+04,-16,-0.333333
22453,2.24530000e+04,-16,-0.333333
22454,2.24540000e+04,-16,-0.333333
22455,2.24550000e+04,-13,-0.270833
22456,2.24560000e+04,-13,-0.270833
22457,2.24570000e+04,-13,-0.270833
22458,2.24580000e+04,-13,-0.270833
22459,2.24590000e+04,-13,-0.270833
22460,2.24600000e+04,-13,-0.270833
22461,2.24610000e+04,-13,-0.270833
22462,2.24620000e+04,-13,-0.270833
22463,2.24630000e+04,-13,-0.270833
22464,2.24640000e+04,-13,-0.270833
22465,2.24650000e+04,-17,-0.354167
22466,2.24660000e+04,-17,-0.354167
22467,2.24670000e+04,-17,-0.354167
22468,2.24680000e+04,-17,-0.354167
22469,2.24690000e+04,-17,-0.354167
22470,2.24700000e+04,-11,-0.229167
22471,2.24710000e+04,-11,-0.229167
22472,2.24720000e+04,-11,-0.229167
22473,2.24730000e+04,-11,-0.229167
22474,2.24740000e+04,-11,-0.229167
22475,2.24750000e+04,-13,-0.270833
22476,2.24760000e+04,-13,-0.270833
22477,2.24770000e+04,-13,-0.270833
22478,2.24780000e+04,-13,-0.270833
22479,2.24790000e+04,-13,-0.270833
22480,2.24800000e+04,-13,-0.270833
22481,2.24810000e+04,-13,-0.270833
22482,2.24820000e+04,-13,-0.270833
22483,2.24830000e+04,-13,-0.270833
22484,2.24840000e+04,-13,-0.270833
22485,2.24850000e+04,-11,-0.229167
22486,2.24860000e+04,-11,-0.229167
22487,2.24870000e+04,-11,-0.229167
22488,2.24880000e+04,-11,-0.229167
22489,2.24890000e+04,-11,-0.229167
22490,2.24900000e+04,-15,-0.312500
22491,2.24910000e+04,-15,-0.312500
22492,2.24920000e+04,-15,-0.312500
22493,2.24930000e+04,-15,-0.312500
22494,2.24940000e+04,-15,-0.312500
22495,2.24950000e+04,-12,-0.250000
22496,2.24960000e+04,-12,-0.250000
22497,2.24970000e+04,-12,-0.250000
22498,2.24980000e+04,-12,-0.250000
22499,2.24990000e+04,-12,-0.250000
22500,2.25000000e+04,-11,-0.229167
22501,2.25010000e+04,-11,-0.229167
22502,2.25020000e+04,-11,-0.229167
22503,2.25030000e+04,-11,-0.229167
22504,2.25040000e+04,-11,-0.229167
22505,2.25050000e+04,-14,-0.291667
22506,2.25060000e+04,-14,-0.291667
22507,2.25070000e+04,-14,-0.291667
22508,2.25080000e+04,-14,-0.291667
22509,2.25090000e+04,-14,-0.291667
22510,2.25100000e+04,-11,-0.229167
22511,2.25110000e+04,-11,-0.229167
22512,2.25120000e+04,-11,-0.229167
22513,2.25130000e+04,-11,-0.229167
22514,2.25140000e+04,-11,-0.229167
22515,2.25150000e+04,-11,-0.229167
22516,2.25160000e+04,-11,-0.229167
22517,2.25170000e+04,-11,-0.229167
22518,2.25180000e+04,-11,-0.229167
22519,2.25190000e+04,-11,-0.229167
22520,2.25200000e+04,-7,-0.145833
22521,2.25210000e+04,-7,-0.145833
22522,2.25220000e+04,-7,-0.145833
22523,2.25230000e+04,-7,-0.145833
22524,2.25240000e+04,-7,-0.145833
22525,2.25250000e+04,-8,-0.166667
22526,2.25260000e+04,-8,-0.166667
22527,2.25270000e+04,-8,-0.166667
22528,2.25280000e+04,-8,-0.166667
22529,2.25290000e+04,-8,-0.166667
22530,2.25300000e+04,-9,-0.187500
22531,2.25310000e+04,-9,-0.187500
22532,2.25320000e+04,-9,-0.187500
22533,2.25330000e+04,-9,-0.187500
22534,2.25340000e+04,-9,-0.187500
22535,2.25350000e+04,-11,-0.229167
22536,2.25360000e+04,-11,-0.229167
22537,2.25370000e+04,-11,-0.229167
22538,2.25380000e+04,-11,-0.229167
22539,2.25390000e+04,-11,-0.229167
22540,2.25400000e+04,-9,-0.187500
22541,2.25410000e+04,-9,-0.187500
22542,2.25420000e+04,-9,-0.187500
22543,2.25430000e+04,-9,-0.187500
22544,2.25440000e+04,-9,-0.187500
22545,2.25450000e+04,-13,-0.270833
22546,2.25460000e+04,-13,-0.270833
22547,2.25470000e+04,-13,-0.270833
22548,2.25480000e+04,-13,-0.270833
22549,2.25490000e+04,-13,-0.270833
22550,2.25500000e+04,-9,-0.187500
22551,2.25510000e+04,-9,-0.187500
22552,2.25520000e+04,-9,-0.187500
22553,2.25530000e+04,-9,-0.187500
22554,2.25540000e+04,-9,-0.187500
22555,2.25550000e+04,-9,-0.187500
22556,2.25560000e+04,-9,-0.187500
22557,2.25570000e+04,-9,-0.187500
22558,2.25580000e+04,-9,-0.187500
22559,2.25590000e+04,-9,-0.187500
22560,2.25600000e+04,-12,-0.250000
22561,2.25610000e+04,-12,-0.250000
22562,2.25620000e+04,-12,-0.250000
22563,2.25630000e+04,-12,-0.250000
22564,2.25640000e+04,-12,-0.250000
22565,2.25650000e+04,-5,-0.104167
22566,2.25660000e+04,-5,-0.104167
22567,2.25670000e+04,-5,-0.104167
22568,2.25680000e+04,-5,-0.104167
22569,2.25690000e+04,-5,-0.104167
22570,2.25700000e+04,-12,-0.250000
22571,2.25710000e+04,-12,-0.250000
22572,2.25720000e+04,-12,-0.250000
22573,2.25730000e+04,-12,-0.250000
22574,2.25740000e+04,-12,-0.250000
22575,2.25750000e+04,-11,-0.229167
22576,2.25760000e+04,-11,-0.229167
22577,2.25770000e+04,-11,-0.229167
22578,2.25780000e+04,-11,-0.229167
22579,2.25790000e+04,-11,-0.229167
22580,2.25800000e+04,-8,-0.166667
22581,2.25810000e+04,-8,-0.166667
22582,2.25820000e+04,-8,-0.166667
22583,2.25830000e+04,-8,-0.166667
22584,2.25840000e+04,-8,-0.166667
22585,2.25850000e+04,-9,-0.187500
22586,2.25860000e+04,-9,-0.187500
22587,2.25870000e+04,-9,-0.187500
22588,2.25880000e+04,-9,-0.187500
22589,2.25890000e+04,-9,-0.187500
22590,2.25900000e+04,-6,-0.125000
22591,2.25910000e+04,-6,-0.125000
22592,2.25920000e+04,-6,-0.125000
22593,2.25930000e+04,-6,-0.125000
22594,2.25940000e+04,-6,-0.125000
22595,2.25950000e+04,-7,-0.145833
22596,2.25960000e+04,-7,-0.145833
22597,2.25970000e+04,-7,-0.145833
22598,2.25980000e+04,-7,-0.145833
22599,2.25990000e+04,-7,-0.145833
22600,2.26000000e+04,-11,-0.229167
22601,2.26010000e+04,-11,-0.229167
22602,2.26020000e+04,-11,-0.229167
22603,2.26030000e+04,-11,-0.229167
22604,2.26040000e+04,-11,-0.229167
22605,2.26050000e+04,-5,-0.104167
22606,2.26060000e+04,-5,-0.104167
22607,2.26070000e+04,-5,-0.104167
22608,2.26080000e+04,-5,-0.104167
22609,2.26090000e+04,-5,-0.104167
22610,2.26100000e+04,-7,-0.145833
22611,2.26110000e+04,-7,-0.145833
22612,2.26120000e+04,-7,-0.145833
22613,2.26130000e+04,-7,-0.145833
22614,2.26140000e+04,-7,-0.145833
22615,2.26150000e+04,-7,-0.145833
22616,2.26160000e+04,-7,-0.145833
22617,2.26170000e+04,-7,-0.145833
22618,2.26180000e+04,-7,-0.145833
22619,2.26190000e+04,-7,-0.145833
22620,2.26200000e+04,-4,-0.083333
22621,2.26210000e+04,-4,-0.083333
22622,2.26220000e+04,-4,-0.083333
22623,2.26230000e+04,-4,-0.083333
22624,2.26240000e+04,-4,-0.083333
22625,2.26250000e+04,-4,-0.083333
22626,2.26260000e+04,-4,-0.083333
22627,2.26270000e+04,-4,-0.083333
22628,2.26280000e+04,-4,-0.083333
22629,2.26290000e+04,-4,-0.083333
22630,2.26300000e+04,-4,-0.083333
22631,2.26310000e+04,-4,-0.083333
22632,2.26320000e+04,-4,-0.083333
22633,2.26330000e+04,-4,-0.083333
22634,2.26340000e+04,-4,-0.083333
22635,2.26350000e+04,-8,-0.166667
22636,2.26360000e+04,-8,-0.166667
22637,2.26370000e+04,-8,-0.166667
22638,2.26380000e+04,-8,-0.166667
22639,2.26390000e+04,-8,-0.166667
22640,2.26400000e+04,-3,-0.062500
22641,2.26410000e+04,-3,-0.062500
22642,2.26420000e+04,-3,-0.062500
22643,2.26430000e+04,-3,-0.062500
22644,2.26440000e+04,-3,-0.062500
22645,2.26450000e+04,-7,-0.145833
22646,2.26460000e+04,-7,-0.145833
22647,2.26470000e+04,-7,-0.145833
22648,2.26480000e+04,-7,-0.145833
22649,2.26490000e+04,-7,-0.145833
22650,2.26500000e+04,-6,-0.125000
22651,2.26510000e+04,-6,-0.125000
22652,2.26520000e+04,-6,-0.125000
22653,2.26530000e+04,-6,-0.125000
22654,2.26540000e+04,-6,-0.125000
22655,2.26550000e+04,-7,-0.145833
22656,2.26560000e+04,-7,-0.145833
22657,2.26570000e+04,-7,-0.145833
22658,2.26580000e+04,-7,-0.145833
22659,2.26590000e+04,-7,-0.145833
22660,2.26600000e+04,-6,-0.125000
22661,2.26610000e+04,-6,-0.125000
22662,2.26620000e+04,-6,-0.125000
22663,2.26630000e+04,-6,-0.125000
22664,2.26640000e+04,-6,-0.125000
22665,2.26650000e+04,-4,-0.083333
22666,2.26660000e+04,-4,-0.083333
22667,2.26670000e+04,-4,-0.083333
22668,2.26680000e+04,-4,-0.083333
22669,2.26690000e+04,-4,-0.083333
22670,2.26700000e+04,-7,-0.145833
22671,2.26710000e+04,-7,-0.145833
22672,2.26720000e+04,-7,-0.145833
22673,2.26730000e+04,-7,-0.145833
22674,2.26740000e+04,-7,-0.145833
22675,2.26750000e+04,-7,-0.145833
22676,2.26760000e+04,-7,-0.145833
22677,2.26770000e+04,-7,-0.145833
22678,2.26780000e+04,-7,-0.145833
22679,2.26790000e+04,-7,-0.145833
22680,2.26800000e+04,-5,-0.104167
22681,2.26810000e+04,-5,-0.104167
22682,2.26820000e+04,-5,-0.104167
22683,2.26830000e+04,-5,-0.104167
22684,2.26840000e+04,-5,-0.104167
22685,2.26850000e+04,-5,-0.104167
22686,2.26860000e+04,-5,-0.104167
22687,2.26870000e+04,-5,-0.104167
22688,2.26880000e+04,-5,-0.104167
22689,2.26890000e+04,-5,-0.104167
22690,2.26900000e+04,-7,-0.145833
22691,2.26910000e+04,-7,-0.145833
22692,2.26920000e+04,-7,-0.145833
22693,2.26930000e+04,-7,-0.145833
22694,2.26940000e+04,-7,-0.145833
22695,2.26950000e+04,-5,-0.104167
22696,2.26960000e+04,-5,-0.104167
22697,2.26970000e+04,-5,-0.104167
22698,2.26980000e+04,-5,-0.104167
22699,2.26990000e+04,-5,-0.104167
22700,2.27000000e+04,-5,-0.104167
22701,2.27010000e+04,-5,-0.104167
22702,2.27020000e+04,-5,-0.104167
22703,2.27030000e+04,-5,-0.104167
22704,2.27040000e+04,-5,-0.104167
22705,2.27050000e+04,-5,-0.104167
22706,2.27060000e+04,-5,-0.104167
22707,2.27070000e+04,-5,-0.104167
22708,2.27080000e+04,-5,-0.104167
22709,2.27090000e+04,-5,-0.104167
22710,2.27100000e+04,-2,-0.041667
22711,2.27110000e+04,-2,-0.041667
22712,2.27120000e+04,-2,-0.041667
22713,2.27130000e+04,-2,-0.041667
22714,2.27140000e+04,-2,-0.041667
22715,2.27150000e+04,-4,-0.083333
22716,2.27160000e+04,-4,-0.083333
22717,2.27170000e+04,-4,-0.083333
22718,2.27180000e+04,-4,-0.083333
22719,2.27190000e+04,-4,-0.083333
22720,2.27200000e+04,-4,-0.083333
22721,2.27210000e+04,-4,-0.083333
22722,2.27220000e+04,-4,-0.083333
22723,2.27230000e+04,-4,-0.083333
22724,2.27240000e+04,-4,-0.083333
22725,2.27250000e+04,-3,-0.062500
22726,2.27260000e+04,-3,-0.062500
22727,2.27270000e+04,-3,-0.062500
22728,2.27280000e+04,-3,-0.062500
22729,2.27290000e+04,-3,-0.062500
22730,2.27300000e+04,-4,-0.083333
22731,2.27310000e+04,-4,-0.083333
22732,2.27320000e+04,-4,-0.083333
22733,2.27330000e+04,-4,-0.083333
22734,2.27340000e+04,-4,-0.083333
22735,2.27350000e+04,1,0.020833
22736,2.27360000e+04,1,0.020833
22737,2.27370000e+04,1,0.020833
22738,2.27380000e+04,1,0.020833
22739,2.27390000e+04,1,0.020833
22740,2.27400000e+04,-3,-0.062500
22741,2.27410000e+04,-3,-0.062500
22742,2.27420000e+04,-3,-0.062500
22743,2.27430000e+04,-3,-0.062500
22744,2.27440000e+04,-3,-0.062500
22745,2.27450000e+04,-4,-0.083333
22746,2.27460000e+04,-4,-0.083333
22747,2.27470000e+04,-4,-0.083333
22748,2.27480000e+04,-4,-0.083333
22749,2.27490000e+04,-4,-0.083333
22750,2.27500000e+04,-4,-0.083333
22751,2.27510000e+04,-4,-0.083333
22752,2.27520000e+04,-4,-0.083333
22753,2.27530000e+04,-4,-0.083333
22754,2.27540000e+04,-4,-0.083333
22755,2.27550000e+04,-4,-0.083333
22756,2.27560000e+04,-4,-0.083333
22757,2.27570000e+04,-4,-0.083333
22758,2.27580000e+04,-4,-0.083333
22759,2.27590000e+04,-4,-0.083333
22760,2.27600000e+04,-3,-0.062500
22761,2.27610000e+04,-3,-0.062500
22762,2.27620000e+04,-3,-0.062500
22763,2.27630000e+04,-3,-0.062500
22764,2.27640000e+04,-3,-0.062500
22765,2.27650000e+04,-1,-0.020833
22766,2.27660000e+04,-1,-0.020833
22767,2.27670000e+04,-1,-0.020833
22768,2.27680000e+04,-1,-0.020833
22769,2.27690000e+04,-1,-0.020833
22770,2.27700000e+04,-1,-0.020833
22771,2.27710000e+04,-1,-0.020833
22772,2.27720000e+04,-1,-0.020833
22773,2.27730000e+04,-1,-0.020833
22774,2.27740000e+04,-1,-0.020833
22775,2.27750000e+04,-2,-0.041667
22776,2.27760000e+04,-2,-0.041667
22777,2.27770000e+04,-2,-0.041667
22778,2.27780000e+04,-2,-0.041667
22779,2.27790000e+04,-2,-0.041667
22780,2.27800000e+04,-5,-0.104167
22781,2.27810000e+04,-5,-0.104167
22782,2.27820000e+04,-5,-0.104167
22783,2.27830000e+04,-5,-0.104167
22784,2.27840000e+04,-5,-0.104167
22785,2.27850000e+04,-4,-0.083333
22786,2.27860000e+04,-4,-0.083333
22787,2.27870000e+04,-4,-0.083333
22788,2.27880000e+04,-4,-0.083333
22789,2.27890000e+04,-4,-0.083333
22790,2.27900000e+04,-1,-0.020833
22791,2.27910000e+04,-1,-0.020833
22792,2.27920000e+04,-1,-0.020833
22793,2.27930000e+04,-1,-0.020833
22794,2.27940000e+04,-1,-0.020833
22795,2.27950000e+04,-4,-0.083333
22796,2.27960000e+04,-4,-0.083333
22797,2.27970000e+04,-4,-0.083333
22798,2.27980000e+04,-4,-0.083333
22799,2.27990000e+04,-4,-0.083333
22800,2.28000000e+04,-5,-0.104167
22801,2.28010000e+04,-5,-0.104167
22802,2.28020000e+04,-5,-0.104167
22803,2.28030000e+04,-5,-0.104167
22804,2.28040000e+04,-5,-0.104167
22805,2.28050000e+04,-4,-0.083333
22806,2.28060000e+04,-4,-0.083333
22807,2.28070000e+04,-4,-0.083333
22808,2.28080000e+04,-4,-0.083333
22809,2.28090000e+04,-4,-0.083333
22810,2.28100000e+04,1,0.020833
22811,2.28110000e+04,1,0.020833
22812,2.28120000e+04,1,0.020833
22813,2.28130000e+04,1,0.020833
22814,2.28140000e+04,1,0.020833
22815,2.28150000e+04,-4,-0.083333
22816,2.28160000e+04,-4,-0.083333
22817,2.28170000e+04,-4,-0.083333
22818,2.28180000e+04,-4,-0.083333
22819,2.28190000e+04,-4,-0.083333
22820,2.28200000e+04,1,0.020833
22821,2.28210000e+04,1,0.020833
22822,2.28220000e+04,1,0.020833
22823,2.28230000e+04,1,0.020833
22824,2.28240000e+04,1,0.020833
22825,2.28250000e+04,-1,-0.020833
22826,2.28260000e+04,-1,-0.020833
22827,2.28270000e+04,-1,-0.020833
22828,2.28280000e+04,-1,-0.020833
22829,2.28290000e+04,-1,-0.020833
22830,2.28300000e+04,-1,-0.020833
22831,2.28310000e+04,-1,-0.020833
22832,2.28320000e+04,-1,-0.020833
22833,2.28330000e+04,-1,-0.020833
22834,2.28340000e+04,-1,-0.020833
22835,2.28350000e+04,-2,-0.041667
22836,2.28360000e+04,-2,-0.041667
22837,2.28370000e+04,-2,-0.041667
22838,2.28380000e+04,-2,-0.041667
22839,2.28390000e+04,-2,-0.041667
22840,2.28400000e+04,-3,-0.062500
22841,2.28410000e+04,-3,-0.062500
22842,2.28420000e+04,-3,-0.062500
22843,2.28430000e+04,-3,-0.062500
22844,2.28440000e+04,-3,-0.062500
22845,2.28450000e+04,-3,-0.062500
22846,2.28460000e+04,-3,-0.062500
22847,2.28470000e+04,-3,-0.062500
22848,2.28480000e+04,-3,-0.062500
22849,2.28490000e+04,-3,-0.062500
22850,2.28500000e+04,3,0.062500
22851,2.28510000e+04,3,0.062500
22852,2.28520000e+04,3,0.062500
22853,2.28530000e+04,3,0.062500
22854,2.28540000e+04,3,0.062500
22855,2.28550000e+04,-1,-0.020833
22856,2.28560000e+04,-1,-0.020833
22857,2.28570000e+04,-1,-0.020833
22858,2.28580000e+04,-1,-0.020833
22859,2.28590000e+04,-1,-0.020833
22860,2.28600000e+04,1,0.020833
22861,2.28610000e+04,1,0.020833
22862,2.28620000e+04,1,0.020833
22863,2.28630000e+04,1,0.020833
22864,2.28640000e+04,1,0.020833
22865,2.28650000e+04,0,0.000000
22866,2.28660000e+04,0,0.000000
22867,2.28670000e+04,0,0.000000
22868,2.28680000e+04,0,0.000000
22869,2.28690000e+04,0,0.000000
22870,2.28700000e+04,1,0.020833
22871,2.28710000e+04,1,0.020833
22872,2.28720000e+04,1,0.020833
22873,2.28730000e+04,1,0.020833
22874,2.28740000e+04,1,0.020833
22875,2.28750000e+04,-4,-0.083333
22876,2.28760000e+04,-4,-0.083333
22877,2.28770000e+04,-4,-0.083333
22878,2.28780000e+04,-4,-0.083333
22879,2.28790000e+04,-4,-0.083333
22880,2.28800000e+04,1,0.020833
22881,2.28810000e+04,1,0.020833
22882,2.28820000e+04,1,0.020833
22883,2.28830000e+04,1,0.020833
22884,2.28840000e+04,1,0.020833
22885,2.28850000e+04,-3,-0.062500
22886,2.28860000e+04,-3,-0.062500
22887,2.28870000e+04,-3,-0.062500
22888,2.28880000e+04,-3,-0.062500
22889,2.28890000e+04,-3,-0.062500
22890,2.28900000e+04,1,0.020833
22891,2.28910000e+04,1,0.020833
22892,2.28920000e+04,1,0.020833
22893,2.28930000e+04,1,0.020833
22894,2.28940000e+04,1,0.020833
22895,2.28950000e+04,2,0.041667
22896,2.28960000e+04,2,0.041667
22897,2.28970000e+04,2,0.041667
22898,2.28980000e+04,2,0.041667
22899,2.28990000e+04,2,0.041667
22900,2.29000000e+04,-1,-0.020833
22901,2.29010000e+04,-1,-0.020833
22902,2.29020000e+04,-1,-0.020833
22903,2.29030000e+04,-1,-0.020833
22904,2.29040000e+04,-1,-0.020833
22905,2.29050000e+04,0,0.000000
22906,2.29060000e+04,0,0.000000
22907,2.29070000e+04,0,0.000000
22908,2.29080000e+04,0,0.000000
22909,2.29090000e+04,0,0.000000
22910,2.29100000e+04,-1,-0.020833
22911,2.29110000e+04,-1,-0.020833
22912,2.29120000e+04,-1,-0.020833
22913,2.29130000e+04,-1,-0.020833
22914,2.29140000e+04,-1,-0.020833
22915,2.29150000e+04,-1,-0.020833
22916,2.29160000e+04,-1,-0.020833
22917,2.29170000e+04,-1,-0.020833
22918,2.29180000e+04,-1,-0.020833
22919,2.29190000e+04,-1,-0.020833
22920,2.29200000e+04,0,0.000000
22921,2.29210000e+04,0,0.000000
22922,2.29220000e+04,0,0.000000
22923,2.29230000e+04,0,0.000000
22924,2.29240000e+04,0,0.000000
22925,2.29250000e+04,2,0.041667
22926,2.29260000e+04,2,0.041667
22927,2.29270000e+04,2,0.041667
22928,2.29280000e+04,2,0.041667
22929,2.29290000e+04,2,0.041667
22930,2.29300000e+04,1,0.020833
22931,2.29310000e+04,1,0.020833
22932,2.29320000e+04,1,0.020833
22933,2.29330000e+04,1,0.020833
22934,2.29340000e+04,1,0.020833
22935,2.29350000e+04,0,0.000000
22936,2.29360000e+04,0,0.000000
22937,2.29370000e+04,0,0.000000
22938,2.29380000e+04,0,0.000000
22939,2.29390000e+04,0,0.000000
22940,2.29400000e+04,4,0.083333
22941,2.29410000e+04,4,0.083333
22942,2.29420000e+04,4,0.083333
22943,2.29430000e+04,4,0.083333
22944,2.29440000e+04,4,0.083333
22945,2.29450000e+04,3,0.062500
22946,2.29460000e+04,3,0.062500
22947,2.29470000e+04,3,0.062500
22948,2.29480000e+04,3,0.062500
22949,2.29490000e+04,3,0.062500
22950,2.29500000e+04,2,0.041667
22951,2.29510000e+04,2,0.041667
22952,2.29520000e+04,2,0.041667
22953,2.29530000e+04,2,0.041667
22954,2.29540000e+04,2,0.041667
22955,2.29550000e+04,5,0.104167
22956,2.29560000e+04,5,0.104167
22957,2.29570000e+04,5,0.104167
22958,2.29580000e+04,5,0.104167
22959,2.29590000e+04,5,0.104167
22960,2.29600000e+04,5,0.104167
22961,2.29610000e+04,5,0.104167
22962,2.29620000e+04,5,0.104167
22963,2.29630000e+04,5,0.104167
22964,2.29640000e+04,5,0.104167
22965,2.29650000e+04,7,0.145833
22966,2.29660000e+04,7,0.145833
22967,2.29670000e+04,7,0.145833
22968,2.29680000e+04,7,0.145833
22969,2.29690000e+04,7,0.145833
22970,2.29700000e+04,7,0.145833
22971,2.29710000e+04,7,0.145833
22972,2.29720000e+04,7,0.145833
22973,2.29730000e+04,7,0.145833
22974,2.29740000e+04,7,0.145833
22975,2.29750000e+04,4,0.083333
22976,2.29760000e+04,4,0.083333
22977,2.29770000e+04,4,0.083333
22978,2.29780000e+04,4,0.083333
22979,2.29790000e+04,4,0.083333
22980,2.29800000e+04,8,0.166667
22981,2.29810000e+04,8,0.166667
22982,2.29820000e+04,8,0.166667
22983,2.29830000e+04,8,0.166667
22984,2.29840000e+04,8,0.166667
22985,2.29850000e+04,6,0.125000
22986,2.29860000e+04,6,0.125000
22987,2.29870000e+04,6,0.125000
22988,2.29880000e+04,6,0.125000
22989,2.29890000e+04,6,0.125000
22990,2.29900000e+04,7,0.145833
22991,2.29910000e+04,7,0.145833
22992,2.29920000e+04,7,0.145833
22993,2.29930000e+04,7,0.145833
22994,2.29940000e+04,7,0.145833
22995,2.29950000e+04,6,0.125000
22996,2.29960000e+04,6,0.125000
22997,2.29970000e+04,6,0.125000
22998,2.29980000e+04,6,0.125000
22999,2.29990000e+04,6,0.125000
23000,2.30000000e+04,6,0.125000
23001,2.30010000e+04,6,0.125000
23002,2.30020000e+04,6,0.125000
23003,2.30030000e+04,6,0.125000
23004,2.30040000e+04,6,0.125000
23005,2.30050000e+04,8,0.166667
23006,2.30060000e+04,8,0.166667
23007,2.30070000e+04,8,0.166667
23008,2.30080000e+04,8,0.166667
23009,2.30090000e+04,8,0.166667
23010,2.30100000e+04,6,0.125000
23011,2.30110000e+04,6,0.125000
23012,2.30120000e+04,6,0.125000
23013,2.30130000e+04,6,0.125000
23014,2.30140000e+04,6,0.125000
23015,2.30150000e+04,8,0.166667
23016,2.30160000e+04,8,0.166667
23017,2.30170000e+04,8,0.166667
23018,2.30180000e+04,8,0.166667
23019,2.30190000e+04,8,0.166667
23020,2.30200000e+04,9,0.187500
23021,2.30210000e+04,9,0.187500
23022,2.30220000e+04,9,0.187500
23023,2.30230000e+04,9,0.187500
23024,2.30240000e+04,9,0.187500
23025,2.30250000e+04,7,0.145833
23026,2.30260000e+04,7,0.145833
23027,2.30270000e+04,7,0.145833
23028,2.30280000e+04,7,0.145833
23029,2.30290000e+04,7,0.145833
23030,2.30300000e+04,10,0.208333
23031,2.30310000e+04,10,0.208333
23032,2.30320000e+04,10,0.208333
23033,2.30330000e+04,10,0.208333
23034,2.30340000e+04,10,0.208333
23035,2.30350000e+04,7,0.145833
23036,2.30360000e+04,7,0.145833
23037,2.30370000e+04,7,0.145833
23038,2.30380000e+04,7,0.145833
23039,2.30390000e+04,7,0.145833
23040,2.30400000e+04,12,0.250000
23041,2.30410000e+04,12,0.250000
23042,2.30420000e+04,12,0.250000
23043,2.30430000e+04,12,0.250000
23044,2.30440000e+04,12,0.250000
23045,2.30450000e+04,7,0.145833
23046,2.30460000e+04,7,0.145833
23047,2.30470000e+04,7,0.145833
23048,2.30480000e+04,7,0.145833
23049,2.30490000e+04,7,0.145833
23050,2.30500000e+04,8,0.166667
23051,2.30510000e+04,8,0.166667
23052,2.30520000e+04,8,0.166667
23053,2.30530000e+04,8,0.166667
23054,2.30540000e+04,8,0.166667
23055,2.30550000e+04,9,0.187500
23056,2.30560000e+04,9,0.187500
23057,2.30570000e+04,9,0.187500
23058,2.30580000e+04,9,0.187500
23059,2.30590000e+04,9,0.187500
23060,2.30600000e+04,11,0.229167
23061,2.30610000e+04,11,0.229167
23062,2.30620000e+04,11,0.229167
23063,2.30630000e+04,11,0.229167
23064,2.30640000e+04,11,0.229167
23065,2.30650000e+04,13,0.270833
23066,2.30660000e+04,13,0.270833
23067,2.30670000e+04,13,0.270833
23068,2.30680000e+04,13,0.270833
23069,2.30690000e+04,13,0.270833
23070,2.30700000e+04,12,0.250000
23071,2.30710000e+04,12,0.250000
23072,2.30720000e+04,12,0.250000
23073,2.30730000e+04,12,0.250000
23074,2.30740000e+04,12,0.250000
23075,2.30750000e+04,9,0.187500
23076,2.30760000e+04,9,0.187500
23077,2.30770000e+04,9,0.187500
23078,2.30780000e+04,9,0.187500
23079,2.30790000e+04,9,0.187500
23080,2.30800000e+04,13,0.270833
23081,2.30810000e+04,13,0.270833
23082,2.30820000e+04,13,0.270833
23083,2.30830000e+04,13,0.270833
23084,2.30840000e+04,13,0.270833
23085,2.30850000e+04,14,0.291667
23086,2.30860000e+04,14,0.291667
23087,2.30870000e+04,14,0.291667
23088,2.30880000e+04,14,0.291667
23089,2.30890000e+04,14,0.291667
23090,2.30900000e+04,17,0.354167
23091,2.30910000e+04,17,0.354167
23092,2.30920000e+04,17,0.354167
23093,2.30930000e+04,17,0.354167
23094,2.30940000e+04,17,0.354167
23095,2.30950000e+04,10,0.208333
23096,2.30960000e+04,10,0.208333
23097,2.30970000e+04,10,0.208333
23098,2.30980000e+04,10,0.208333
23099,2.30990000e+04,10,0.208333
23100,2.31000000e+04,15,0.312500
23101,2.31010000e+04,15,0.312500
23102,2.31020000e+04,15,0.312500
23103,2.31030000e+04,15,0.312500
23104,2.31040000e+04,15,0.312500
23105,2.31050000e+04,13,0.270833
23106,2.31060000e+04,13,0.270833
23107,2.31070000e+04,13,0.270833
23108,2.31080000e+04,13,0.270833
23109,2.31090000e+04,13,0.270833
23110,2.31100000e+04,16,0.333333
23111,2.31110000e+04,16,0.333333
23112,2.31120000e+04,16,0.333333
23113,2.31130000e+04,16,0.333333
23114,2.31140000e+04,16,0.333333
23115,2.31150000e+04,17,0.354167
23116,2.31160000e+04,17,0.354167
23117,2.31170000e+04,17,0.354167
23118,2.31180000e+04,17,0.354167
23119,2.31190000e+04,17,0.354167
23120,2.31200000e+04,16,0.333333
23121,2.31210000e+04,16,0.333333
23122,2.31220000e+04,16,0.333333
23123,2.31230000e+04,16,0.333333
23124,2.31240000e+04,16,0.333333
23125,2.31250000e+04,15,0.312500
23126,2.31260000e+04,15,0.312500
23127,2.31270000e+04,15,0.312500
23128,2.31280000e+04,15,0.312500
23129,2.31290000e+04,15,0.312500
23130,2.31300000e+04,10,0.208333
23131,2.31310000e+04,10,0.208333
23132,2.31320000e+04,10,0.208333
23133,2.31330000e+04,10,0.208333
23134,2.31340000e+04,10,0.208333
23135,2.31350000e+04,15,0.312500
23136,2.31360000e+04,15,0.312500
23137,2.31370000e+04,15,0.312500
23138,2.31380000e+04,15,0.312500
23139,2.31390000e+04,15,0.312500
23140,2.31400000e+04,16,0.333333
23141,2.31410000e+04,16,0.333333
23142,2.31420000e+04,16,0.333333
23143,2.31430000e+04,16,0.333333
23144,2.31440000e+04,16,0.333333
23145,2.31450000e+04,14,0.291667
23146,2.31460000e+04,14,0.291667
23147,2.31470000e+04,14,0.291667
23148,2.31480000e+04,14,0.291667
23149,2.31490000e+04,14,0.291667
23150,2.31500000e+04,12,0.250000
23151,2.31510000e+04,12,0.250000
23152,2.31520000e+04,12,0.250000
23153,2.31530000e+04,12,0.250000
23154,2.31540000e+04,12,0.250000
23155,2.31550000e+04,15,0.312500
23156,2.31560000e+04,15,0.312500
23157,2.31570000e+04,15,0.312500
23158,2.31580000e+04,15,0.312500
23159,2.31590000e+04,15,0.312500
23160,2.31600000e+04,13,0.270833
23161,2.31610000e+04,13,0.270833
23162,2.31620000e+04,13,0.270833
23163,2.31630000e+04,13,0.270833
23164,2.31640000e+04,13,0.270833
23165,2.31650000e+04,16,0.333333
23166,2.31660000e+04,16,0.333333
23167,2.31670000e+04,16,0.333333
23168,2.31680000e+04,16,0.333333
23169,2.31690000e+04,16,0.333333
23170,2.31700000e+04,18,0.375000
23171,2.31710000e+04,18,0.375000
23172,2.31720000e+04,18,0.375000
23173,2.31730000e+04,18,0.375000
23174,2.31740000e+04,18,0.375000
23175,2.31750000e+04,13,0.270833
23176,2.31760000e+04,13,0.270833
23177,2.31770000e+04,13,0.270833
23178,2.31780000e+04,13,0.270833
23179,2.31790000e+04,13,0.270833
23180,2.31800000e+04,16,0.333333
23181,2.31810000e+04,16,0.333333
23182,2.31820000e+04,16,0.333333
23183,2.31830000e+04,16,0.333333
23184,2.31840000e+04,16,0.333333
23185,2.31850000e+04,17,0.354167
23186,2.31860000e+04,17,0.354167
23187,2.31870000e+04,17,0.354167
23188,2.31880000e+04,17,0.354167
23189,2.31890000e+04,17,0.354167
23190,2.31900000e+04,16,0.333333
23191,2.31910000e+04,16,0.333333
23192,2.31920000e+04,16,0.333333
23193,2.31930000e+04,16,0.333333
23194,2.31940000e+04,16,0.333333
23195,2.31950000e+04,19,0.395833
23196,2.31960000e+04,19,0.395833
23197,2.31970000e+04,19,0.395833
23198,2.31980000e+04,19,0.395833
23199,2.31990000e+04,19,0.395833
23200,2.32000000e+04,17,0.354167
23201,2.32010000e+04,17,0.354167
23202,2.32020000e+04,17,0.354167
23203,2.32030000e+04,17,0.354167
23204,2.32040000e+04,17,0.354167
23205,2.32050000e+04,20,0.416667
23206,2.32060000e+04,20,0.416667
23207,2.32070000e+04,20,0.416667
23208,2.32080000e+04,20,0.416667
23209,2.32090000e+04,20,0.416667
23210,2.32100000e+04,19,0.395833
23211,2.32110000e+04,19,0.395833
23212,2.32120000e+04,19,0.395833
23213,2.32130000e+04,19,0.395833
23214,2.32140000e+04,19,0.395833
23215,2.32150000e+04,18,0.375000
23216,2.32160000e+04,18,0.375000
23217,2.32170000e+04,18,0.375000
23218,2.32180000e+04,18,0.375000
23219,2.32190000e+04,18,0.375000
23220,2.32200000e+04,18,0.375000
23221,2.32210000e+04,18,0.375000
23222,2.32220000e+04,18,0.375000
23223,2.32230000e+04,18,0.375000
23224,2.32240000e+04,18,0.375000
23225,2.32250000e+04,17,0.354167
23226,2.32260000e+04,17,0.354167
23227,2.32270000e+04,17,0.354167
23228,2.32280000e+04,17,0.354167
23229,2.32290000e+04,17,0.354167
23230,2.32300000e+04,17,0.354167
23231,2.32310000e+04,17,0.354167
23232,2.32320000e+04,17,0.354167
23233,2.32330000e+04,17,0.354167
23234,2.32340000e+04,17,0.354167
23235,2.32350000e+04,16,0.333333
23236,2.32360000e+04,16,0.333333
23237,2.32370000e+04,16,0.333333
23238,2.32380000e+04,16,0.333333
23239,2.32390000e+04,16,0.333333
23240,2.32400000e+04,16,0.333333
23241,2.32410000e+04,16,0.333333
23242,2.32420000e+04,16,0.333333
23243,2.32430000e+04,16,0.333333
23244,2.32440000e+04,16,0.333333
23245,2.32450000e+04,16,0.333333
23246,2.32460000e+04,16,0.333333
23247,2.32470000e+04,16,0.333333
23248,2.32480000e+04,16,0.333333
23249,2.32490000e+04,16,0.333333
23250,2.32500000e+04,18,0.375000
23251,2.32510000e+04,18,0.375000
23252,2.32520000e+04,18,0.375000
23253,2.32530000e+04,18,0.375000
23254,2.32540000e+04,18,0.375000
23255,2.32550000e+04,15,0.312500
23256,2.32560000e+04,15,0.312500
23257,2.32570000e+04,15,0.312500
23258,2.32580000e+04,15,0.312500
23259,2.32590000e+04,15,0.312500
23260,2.32600000e+04,14,0.291667
23261,2.32610000e+04,14,0.291667
23262,2.32620000e+04,14,0.291667
23263,2.32630000e+04,14,0.291667
23264,2.32640000e+04,14,0.291667
23265,2.32650000e+04,13,0.270833
23266,2.32660000e+04,13,0.270833
23267,2.32670000e+04,13,0.270833
23268,2.32680000e+04,13,0.270833
23269,2.32690000e+04,13,0.270833
23270,2.32700000e+04,14,0.291667
23271,2.32710000e+04,14,0.291667
23272,2.32720000e+04,14,0.291667
23273,2.32730000e+04,14,0.291667
23274,2.32740000e+04,14,0.291667
23275,2.32750000e+04,19,0.395833
23276,2.32760000e+04,19,0.395833
23277,2.32770000e+04,19,0.395833
23278,2.32780000e+04,19,0.395833
23279,2.32790000e+04,19,0.395833
23280,2.32800000e+04,16,0.333333
23281,2.32810000e+04,16,0.333333
23282,2.32820000e+04,16,0.333333
23283,2.32830000e+04,16,0.333333
23284,2.32840000e+04,16,0.333333
23285,2.32850000e+04,17,0.354167
23286,2.32860000e+04,17,0.354167
23287,2.32870000e+04,17,0.354167
23288,2.32880000e+04,17,0.354167
23289,2.32890000e+04,17,0.354167
23290,2.32900000e+04,15,0.312500
23291,2.32910000e+04,15,0.312500
23292,2.32920000e+04,15,0.312500
23293,2.32930000e+04,15,0.312500
23294,2.32940000e+04,15,0.312500
23295,2.32950000e+04,16,0.333333
23296,2.32960000e+04,16,0.333333
23297,2.32970000e+04,16,0.333333
23298,2.32980000e+04,16,0.333333
23299,2.32990000e+04,16,0.333333
23300,2.33000000e+04,16,0.333333
23301,2.33010000e+04,16,0.333333
23302,2.33020000e+04,16,0.333333
23303,2.33030000e+04,16,0.333333
23304,2.33040000e+04,16,0.333333
23305,2.33050000e+04,16,0.333333
23306,2.33060000e+04,16,0.333333
23307,2.33070000e+04,16,0.333333
23308,2.33080000e+04,16,0.333333
23309,2.33090000e+04,16,0.333333
23310,2.33100000e+04,15,0.312500
23311,2.33110000e+04,15,0.312500
23312,2.33120000e+04,15,0.312500
23313,2.33130000e+04,15,0.312500
23314,2.33140000e+04,15,0.312500
23315,2.33150000e+04,17,0.354167
23316,2.33160000e+04,17,0.354167
23317,2.33170000e+04,17,0.354167
23318,2.33180000e+04,17,0.354167
23319,2.33190000e+04,17,0.354167
23320,2.33200000e+04,18,0.375000
23321,2.33210000e+04,18,0.375000
23322,2.33220000e+04,18,0.375000
23323,2.33230000e+04,18,0.375000
23324,2.33240000e+04,18,0.375000
23325,2.33250000e+04,15,0.312500
23326,2.33260000e+04,15,0.312500
23327,2.33270000e+04,15,0.312500
23328,2.33280000e+04,15,0.312500
23329,2.33290000e+04,15,0.312500
23330,2.33300000e+04,18,0.375000
23331,2.33310000e+04,18,0.375000
23332,2.33320000e+04,18,0.375000
23333,2.33330000e+04,18,0.375000
23334,2.33340000e+04,18,0.375000
23335,2.33350000e+04,18,0.375000
23336,2.33360000e+04,18,0.375000
23337,2.33370000e+04,18,0.375000
23338,2.33380000e+04,18,0.375000
23339,2.33390000e+04,18,0.375000
23340,2.33400000e+04,17,0.354167
23341,2.33410000e+04,17,0.354167
23342,2.33420000e+04,17,0.354167
23343,2.33430000e+04,17,0.354167
23344,2.33440000e+04,17,0.354167
23345,2.33450000e+04,17,0.354167
23346,2.33460000e+04,17,0.354167
23347,2.33470000e+04,17,0.354167
23348,2.33480000e+04,17,0.354167
23349,2.33490000e+04,17,0.354167
23350,2.33500000e+04,20,0.416667
23351,2.33510000e+04,20,0.416667
23352,2.33520000e+04,20,0.416667
23353,2.33530000e+04,20,0.416667
23354,2.33540000e+04,20,0.416667
23355,2.33550000e+04,21,0.437500
23356,2.33560000e+04,21,0.437500
23357,2.33570000e+04,21,0.437500
23358,2.33580000e+04,21,0.437500
23359,2.33590000e+04,21,0.437500
23360,2.33600000e+04,15,0.312500
23361,2.33610000e+04,15,0.312500
23362,2.33620000e+04,15,0.312500
23363,2.33630000e+04,15,0.312500
23364,2.33640000e+04,15,0.312500
23365,2.33650000e+04,17,0.354167
23366,2.33660000e+04,17,0.354167
23367,2.33670000e+04,17,0.354167
23368,2.33680000e+04,17,0.354167
23369,2.33690000e+04,17,0.354167
23370,2.33700000e+04,19,0.395833
23371,2.33710000e+04,19,0.395833
23372,2.33720000e+04,19,0.395833
23373,2.33730000e+04,19,0.395833
23374,2.33740000e+04,19,0.395833
23375,2.33750000e+04,22,0.458333
23376,2.33760000e+04,22,0.458333
23377,2.33770000e+04,22,0.458333
23378,2.33780000e+04,22,0.458333
23379,2.33790000e+04,22,0.458333
23380,2.33800000e+04,19,0.395833
23381,2.33810000e+04,19,0.395833
23382,2.33820000e+04,19,0.395833
23383,2.33830000e+04,19,0.395833
23384,2.33840000e+04,19,0.395833
23385,2.33850000e+04,18,0.375000
23386,2.33860000e+04,18,0.375000
23387,2.33870000e+04,18,0.375000
23388,2.33880000e+04,18,0.375000
23389,2.33890000e+04,18,0.375000
23390,2.33900000e+04,21,0.437500
23391,2.33910000e+04,21,0.437500
23392,2.33920000e+04,21,0.437500
23393,2.33930000e+04,21,0.437500
23394,2.33940000e+04,21,0.437500
23395,2.33950000e+04,19,0.395833
23396,2.33960000e+04,19,0.395833
23397,2.33970000e+04,19,0.395833
23398,2.33980000e+04,19,0.395833
23399,2.33990000e+04,19,0.395833
23400,2.34000000e+04,20,0.416667
23401,2.34010000e+04,20,0.416667
23402,2.34020000e+04,20,0.416667
23403,2.34030000e+04,20,0.416667
23404,2.34040000e+04,20,0.416667
23405,2.34050000e+04,20,0.416667
23406,2.34060000e+04,20,0.416667
23407,2.34070000e+04,20,0.416667
23408,2.34080000e+04,20,0.416667
23409,2.34090000e+04,20,0.416667
23410,2.34100000e+04,20,0.416667
23411,2.34110000e+04,20,0.416667
23412,2.34120000e+04,20,0.416667
23413,2.34130000e+04,20,0.416667
23414,2.34140000e+04,20,0.416667
23415,2.34150000e+04,20,0.416667
23416,2.34160000e+04,20,0.416667
23417,2.34170000e+04,20,0.416667
23418,2.34180000e+04,20,0.416667
23419,2.34190000e+04,20,0.416667
23420,2.34200000e+04,20,0.416667
23421,2.34210000e+04,20,0.416667
23422,2.34220000e+04,20,0.416667
23423,2.34230000e+04,20,0.416667
23424,2.34240000e+04,20,0.416667
23425,2.34250000e+04,19,0.395833
23426,2.34260000e+04,19,0.395833
23427,2.34270000e+04,19,0.395833
23428,2.34280000e+04,19,0.395833
23429,2.34290000e+04,19,0.395833
23430,2.34300000e+04,19,0.395833
23431,2.34310000e+04,19,0.395833
23432,2.34320000e+04,19,0.395833
23433,2.34330000e+04,19,0.395833
23434,2.34340000e+04,19,0.395833
23435,2.34350000e+04,20,0.416667
23436,2.34360000e+04,20,0.416667
23437,2.34370000e+04,20,0.416667
23438,2.34380000e+04,20,0.416667
23439,2.34390000e+04,20,0.416667
23440,2.34400000e+04,20,0.416667
23441,2.34410000e+04,20,0.416667
23442,2.34420000e+04,20,0.416667
23443,2.34430000e+04,20,0.416667
23444,2.34440000e+04,20,0.416667
23445,2.34450000e+04,20,0.416667
23446,2.34460000e+04,20,0.416667
23447,2.34470000e+04,20,0.416667
23448,2.34480000e+04,20,0.416667
23449,2.34490000e+04,20,0.416667
23450,2.34500000e+04,19,0.395833
23451,2.34510000e+04,19,0.395833
23452,2.34520000e+04,19,0.395833
23453,2.34530000e+04,19,0.395833
23454,2.34540000e+04,19,0.395833
23455,2.34550000e+04,21,0.437500
23456,2.34560000e+04,21,0.437500
23457,2.34570000e+04,21,0.437500
23458,2.34580000e+04,21,0.437500
23459,2.34590000e+04,21,0.437500
23460,2.34600000e+04,22,0.458333
23461,2.34610000e+04,22,0.458333
23462,2.34620000e+04,22,0.458333
23463,2.34630000e+04,22,0.458333
23464,2.34640000e+04,22,0.458333
23465,2.34650000e+04,21,0.437500
23466,2.34660000e+04,21,0.437500
23467,2.34670000e+04,21,0.437500
23468,2.34680000e+04,21,0.437500
23469,2.34690000e+04,21,0.437500
23470,2.34700000e+04,18,0.375000
23471,2.34710000e+04,18,0.375000
23472,2.34720000e+04,18,0.375000
23473,2.34730000e+04,18,0.375000
23474,2.34740000e+04,18,0.375000
23475,2.34750000e+04,22,0.458333
23476,2.34760000e+04,22,0.458333
23477,2.34770000e+04,22,0.458333
23478,2.34780000e+04,22,0.458333
23479,2.34790000e+04,22,0.458333
23480,2.34800000e+04,16,0.333333
23481,2.34810000e+04,16,0.333333
23482,2.34820000e+04,16,0.333333
23483,2.34830000e+04,16,0.333333
23484,2.34840000e+04,16,0.333333
23485,2.34850000e+04,19,0.395833
23486,2.34860000e+04,19,0.395833
23487,2.34870000e+04,19,0.395833
23488,2.34880000e+04,19,0.395833
23489,2.34890000e+04,19,0.395833
23490,2.34900000e+04,20,0.416667
23491,2.34910000e+04,20,0.416667
23492,2.34920000e+04,20,0.416667
23493,2.34930000e+04,20,0.416667
23494,2.34940000e+04,20,0.416667
23495,2.34950000e+04,17,0.354167
23496,2.34960000e+04,17,0.354167
23497,2.34970000e+04,17,0.354167
23498,2.34980000e+04,17,0.354167
23499,2.34990000e+04,17,0.354167
23500,2.35000000e+04,20,0.416667
23501,2.35010000e+04,20,0.416667
23502,2.35020000e+04,20,0.416667
23503,2.35030000e+04,20,0.416667
23504,2.35040000e+04,20,0.416667
23505,2.35050000e+04,22,0.458333
23506,2.35060000e+04,22,0.458333
23507,2.35070000e+04,22,0.458333
23508,2.35080000e+04,22,0.458333
23509,2.35090000e+04,22,0.458333
23510,2.35100000e+04,18,0.375000
23511,2.35110000e+04,18,0.375000
23512,2.35120000e+04,18,0.375000
23513,2.35130000e+04,18,0.375000
23514,2.35140000e+04,18,0.375000
23515,2.35150000e+04,21,0.437500
23516,2.35160000e+04,21,0.437500
23517,2.35170000e+04,21,0.437500
23518,2.35180000e+04,21,0.437500
23519,2.35190000e+04,21,0.437500
23520,2.35200000e+04,19,0.395833
23521,2.35210000e+04,19,0.395833
23522,2.35220000e+04,19,0.395833
23523,2.35230000e+04,19,0.395833
23524,2.35240000e+04,19,0.395833
23525,2.35250000e+04,23,0.479167
23526,2.35260000e+04,23,0.479167
23527,2.35270000e+04,23,0.479167
23528,2.35280000e+04,23,0.479167
23529,2.35290000e+04,23,0.479167
23530,2.35300000e+04,20,0.416667
23531,2.35310000e+04,20,0.416667
23532,2.35320000e+04,20,0.416667
23533,2.35330000e+04,20,0.416667
23534,2.35340000e+04,20,0.416667
23535,2.35350000e+04,20,0.416667
23536,2.35360000e+04,20,0.416667
23537,2.35370000e+04,20,0.416667
23538,2.35380000e+04,20,0.416667
23539,2.35390000e+04,20,0.416667
23540,2.35400000e+04,20,0.416667
23541,2.35410000e+04,20,0.416667
23542,2.35420000e+04,20,0.416667
23543,2.35430000e+04,20,0.416667
23544,2.35440000e+04,20,0.416667
23545,2.35450000e+04,17,0.354167
23546,2.35460000e+04,17,0.354167
23547,2.35470000e+04,17,0.354167
23548,2.35480000e+04,17,0.354167
23549,2.35490000e+04,17,0.354167
23550,2.35500000e+04,17,0.354167
23551,2.35510000e+04,17,0.354167
23552,2.35520000e+04,17,0.354167
23553,2.35530000e+04,17,0.354167
23554,2.35540000e+04,17,0.354167
23555,2.35550000e+04,22,0.458333
23556,2.35560000e+04,22,0.458333
23557,2.35570000e+04,22,0.458333
23558,2.35580000e+04,22,0.458333
23559,2.35590000e+04,22,0.458333
23560,2.35600000e+04,18,0.375000
23561,2.35610000e+04,18,0.375000
23562,2.35620000e+04,18,0.375000
23563,2.35630000e+04,18,0.375000
23564,2.35640000e+04,18,0.375000
23565,2.35650000e+04,17,0.354167
23566,2.35660000e+04,17,0.354167
23567,2.35670000e+04,17,0.354167
23568,2.35680000e+04,17,0.354167
23569,2.35690000e+04,17,0.354167
23570,2.35700000e+04,13,0.270833
23571,2.35710000e+04,13,0.270833
23572,2.35720000e+04,13,0.270833
23573,2.35730000e+04,13,0.270833
23574,2.35740000e+04,13,0.270833
23575,2.35750000e+04,19,0.395833
23576,2.35760000e+04,19,0.395833
23577,2.35770000e+04,19,0.395833
23578,2.35780000e+04,19,0.395833
23579,2.35790000e+04,19,0.395833
23580,2.35800000e+04,20,0.416667
23581,2.35810000e+04,20,0.416667
23582,2.35820000e+04,20,0.416667
23583,2.35830000e+04,20,0.416667
23584,2.35840000e+04,20,0.416667
23585,2.35850000e+04,18,0.375000
23586,2.35860000e+04,18,0.375000
23587,2.35870000e+04,18,0.375000
23588,2.35880000e+04,18,0.375000
23589,2.35890000e+04,18,0.375000
23590,2.35900000e+04,15,0.312500
23591,2.35910000e+04,15,0.312500
23592,2.35920000e+04,15,0.312500
23593,2.35930000e+04,15,0.312500
23594,2.35940000e+04,15,0.312500
23595,2.35950000e+04,20,0.416667
23596,2.35960000e+04,20,0.416667
23597,2.35970000e+04,20,0.416667
23598,2.35980000e+04,20,0.416667
23599,2.35990000e+04,20,0.416667
23600,2.36000000e+04,20,0.416667
23601,2.36010000e+04,20,0.416667
23602,2.36020000e+04,20,0.416667
23603,2.36030000e+04,20,0.416667
23604,2.36040000e+04,20,0.416667
23605,2.36050000e+04,17,0.354167
23606,2.36060000e+04,17,0.354167
23607,2.36070000e+04,17,0.354167
23608,2.36080000e+04,17,0.354167
23609,2.36090000e+04,17,0.354167
23610,2.36100000e+04,21,0.437500
23611,2.36110000e+04,21,0.437500
23612,2.36120000e+04,21,0.437500
23613,2.36130000e+04,21,0.437500
23614,2.36140000e+04,21,0.437500
23615,2.36150000e+04,21,0.437500
23616,2.36160000e+04,21,0.437500
23617,2.36170000e+04,21,0.437500
23618,2.36180000e+04,21,0.437500
23619,2.36190000e+04,21,0.437500
23620,2.36200000e+04,18,0.375000
23621,2.36210000e+04,18,0.375000
23622,2.36220000e+04,18,0.375000
23623,2.36230000e+04,18,0.375000
23624,2.36240000e+04,18,0.375000
23625,2.36250000e+04,22,0.458333
23626,2.36260000e+04,22,0.458333
23627,2.36270000e+04,22,0.458333
23628,2.36280000e+04,22,0.458333
23629,2.36290000e+04,22,0.458333
23630,2.36300000e+04,22,0.458333
23631,2.36310000e+04,22,0.458333
23632,2.36320000e+04,22,0.458333
23633,2.36330000e+04,22,0.458333
23634,2.36340000e+04,22,0.458333
23635,2.36350000e+04,19,0.395833
23636,2.36360000e+04,19,0.395833
23637,2.36370000e+04,19,0.395833
23638,2.36380000e+04,19,0.395833
23639,2.36390000e+04,19,0.395833
23640,2.36400000e+04,22,0.458333
23641,2.36410000e+04,22,0.458333
23642,2.36420000e+04,22,0.458333
23643,2.36430000e+04,22,0.458333
23644,2.36440000e+04,22,0.458333
23645,2.36450000e+04,23,0.479167
23646,2.36460000e+04,23,0.479167
23647,2.36470000e+04,23,0.479167
23648,2.36480000e+04,23,0.479167
23649,2.36490000e+04,23,0.479167
23650,2.36500000e+04,22,0.458333
23651,2.36510000e+04,22,0.458333
23652,2.36520000e+04,22,0.458333
23653,2.36530000e+04,22,0.458333
23654,2.36540000e+04,22,0.458333
23655,2.36550000e+04,22,0.458333
23656,2.36560000e+04,22,0.458333
23657,2.36570000e+04,22,0.458333
23658,2.36580000e+04,22,0.458333
23659,2.36590000e+04,22,0.458333
23660,2.36600000e+04,19,0.395833
23661,2.36610000e+04,19,0.395833
23662,2.36620000e+04,19,0.395833
23663,2.36630000e+04,19,0.395833
23664,2.36640000e+04,19,0.395833
23665,2.36650000e+04,20,0.416667
23666,2.36660000e+04,20,0.416667
23667,2.36670000e+04,20,0.416667
23668,2.36680000e+04,20,0.416667
23669,2.36690000e+04,20,0.416667
23670,2.36700000e+04,21,0.437500
23671,2.36710000e+04,21,0.437500
23672,2.36720000e+04,21,0.437500
23673,2.36730000e+04,21,0.437500
23674,2.36740000e+04,21,0.437500
23675,2.36750000e+04,18,0.375000
23676,2.36760000e+04,18,0.375000
23677,2.36770000e+04,18,0.375000
23678,2.36780000e+04,18,0.375000
23679,2.36790000e+04,18,0.375000
23680,2.36800000e+04,19,0.395833
23681,2.36810000e+04,19,0.395833
23682,2.36820000e+04,19,0.395833
23683,2.36830000e+04,19,0.395833
23684,2.36840000e+04,19,0.395833
23685,2.36850000e+04,21,0.437500
23686,2.36860000e+04,21,0.437500
23687,2.36870000e+04,21,0.437500
23688,2.36880000e+04,21,0.437500
23689,2.36890000e+04,21,0.437500
23690,2.36900000e+04,21,0.437500
23691,2.36910000e+04,21,0.437500
23692,2.36920000e+04,21,0.437500
23693,2.36930000e+04,21,0.437500
23694,2.36940000e+04,21,0.437500
23695,2.36950000e+04,20,0.416667
23696,2.36960000e+04,20,0.416667
23697,2.36970000e+04,20,0.416667
23698,2.36980000e+04,20,0.416667
23699,2.36990000e+04,20,0.416667
23700,2.37000000e+04,20,0.416667
23701,2.37010000e+04,20,0.416667
23702,2.37020000e+04,20,0.416667
23703,2.37030000e+04,20,0.416667
23704,2.37040000e+04,20,0.416667
23705,2.37050000e+04,20,0.416667
23706,2.37060000e+04,20,0.416667
23707,2.37070000e+04,20,0.416667
23708,2.37080000e+04,20,0.416667
23709,2.37090000e+04,20,0.416667
23710,2.37100000e+04,19,0.395833
23711,2.37110000e+04,19,0.395833
23712,2.37120000e+04,19,0.395833
23713,2.37130000e+04,19,0.395833
23714,2.37140000e+04,19,0.395833
23715,2.37150000e+04,18,0.375000
23716,2.37160000e+04,18,0.375000
23717,2.37170000e+04,18,0.375000
23718,2.37180000e+04,18,0.375000
23719,2.37190000e+04,18,0.375000
23720,2.37200000e+04,22,0.458333
23721,2.37210000e+04,22,0.458333
23722,2.37220000e+04,22,0.458333
23723,2.37230000e+04,22,0.458333
23724,2.37240000e+04,22,0.458333
23725,2.37250000e+04,22,0.458333
23726,2.37260000e+04,22,0.458333
23727,2.37270000e+04,22,0.458333
23728,2.37280000e+04,22,0.458333
23729,2.37290000e+04,22,0.458333
23730,2.37300000e+04,20,0.416667
23731,2.37310000e+04,20,0.416667
23732,2.37320000e+04,20,0.416667
23733,2.37330000e+04,20,0.416667
23734,2.37340000e+04,20,0.416667
23735,2.37350000e+04,20,0.416667
23736,2.37360000e+04,20,0.416667
23737,2.37370000e+04,20,0.416667
23738,2.37380000e+04,20,0.416667
23739,2.37390000e+04,20,0.416667
23740,2.37400000e+04,20,0.416667
23741,2.37410000e+04,20,0.416667
23742,2.37420000e+04,20,0.416667
23743,2.37430000e+04,20,0.416667
23744,2.37440000e+04,20,0.416667
23745,2.37450000e+04,23,0.479167
23746,2.37460000e+04,23,0.479167
23747,2.37470000e+04,23,0.479167
23748,2.37480000e+04,23,0.479167
23749,2.37490000e+04,23,0.479167
23750,2.37500000e+04,22,0.458333
23751,2.37510000e+04,22,0.458333
23752,2.37520000e+04,22,0.458333
23753,2.37530000e+04,22,0.458333
23754,2.37540000e+04,22,0.458333
23755,2.37550000e+04,22,0.458333
23756,2.37560000e+04,22,0.458333
23757,2.37570000e+04,22,0.458333
23758,2.37580000e+04,22,0.458333
23759,2.37590000e+04,22,0.458333
23760,2.37600000e+04,22,0.458333
23761,2.37610000e+04,22,0.458333
23762,2.37620000e+04,22,0.458333
23763,2.37630000e+04,22,0.458333
23764,2.37640000e+04,22,0.458333
23765,2.37650000e+04,20,0.416667
23766,2.37660000e+04,20,0.416667
23767,2.37670000e+04,20,0.416667
23768,2.37680000e+04,20,0.416667
23769,2.37690000e+04,20,0.416667
23770,2.37700000e+04,22,0.458333
23771,2.37710000e+04,22,0.458333
23772,2.37720000e+04,22,0.458333
23773,2.37730000e+04,22,0.458333
23774,2.37740000e+04,22,0.458333
23775,2.37750000e+04,22,0.458333
23776,2.37760000e+04,22,0.458333
23777,2.37770000e+04,22,0.458333
23778,2.37780000e+04,22,0.458333
23779,2.37790000e+04,22,0.458333
23780,2.37800000e+04,23,0.479167
23781,2.37810000e+04,23,0.479167
23782,2.37820000e+04,23,0.479167
23783,2.37830000e+04,23,0.479167
23784,2.37840000e+04,23,0.479167
23785,2.37850000e+04,20,0.416667
23786,2.37860000e+04,20,0.416667
23787,2.37870000e+04,20,0.416667
23788,2.37880000e+04,20,0.416667
23789,2.37890000e+04,20,0.416667
23790,2.37900000e+04,23,0.479167
23791,2.37910000e+04,23,0.479167
23792,2.37920000e+04,23,0.479167
23793,2.37930000e+04,23,0.479167
23794,2.37940000e+04,23,0.479167
23795,2.37950000e+04,22,0.458333
23796,2.37960000e+04,22,0.458333
23797,2.37970000e+04,22,0.458333
23798,2.37980000e+04,22,0.458333
23799,2.37990000e+04,22,0.458333
23800,2.38000000e+04,22,0.458333
23801,2.38010000e+04,22,0.458333
23802,2.38020000e+04,22,0.458333
23803,2.38030000e+04,22,0.458333
23804,2.38040000e+04,22,0.458333
23805,2.38050000e+04,21,0.437500
23806,2.38060000e+04,21,0.437500
23807,2.38070000e+04,21,0.437500
23808,2.38080000e+04,21,0.437500
23809,2.38090000e+04,21,0.437500
23810,2.38100000e+04,19,0.395833
23811,2.38110000e+04,19,0.395833
23812,2.38120000e+04,19,0.395833
23813,2.38130000e+04,19,0.395833
23814,2.38140000e+04,19,0.395833
23815,2.38150000e+04,19,0.395833
23816,2.38160000e+04,19,0.395833
23817,2.38170000e+04,19,0.395833
23818,2.38180000e+04,19,0.395833
23819,2.38190000e+04,19,0.395833
23820,2.38200000e+04,22,0.458333
23821,2.38210000e+04,22,0.458333
23822,2.38220000e+04,22,0.458333
23823,2.38230000e+04,22,0.458333
23824,2.38240000e+04,22,0.458333
23825,2.38250000e+04,19,0.395833
23826,2.38260000e+04,19,0.395833
23827,2.38270000e+04,19,0.395833
23828,2.38280000e+04,19,0.395833
23829,2.38290000e+04,19,0.395833
23830,2.38300000e+04,20,0.416667
23831,2.38310000e+04,20,0.416667
23832,2.38320000e+04,20,0.416667
23833,2.38330000e+04,20,0.416667
23834,2.38340000e+04,20,0.416667
23835,2.38350000e+04,19,0.395833
23836,2.38360000e+04,19,0.395833
23837,2.38370000e+04,19,0.395833
23838,2.38380000e+04,19,0.395833
23839,2.38390000e+04,19,0.395833
23840,2.38400000e+04,18,0.375000
23841,2.38410000e+04,18,0.375000
23842,2.38420000e+04,18,0.375000
23843,2.38430000e+04,18,0.375000
23844,2.38440000e+04,18,0.375000
23845,2.38450000e+04,18,0.375000
23846,2.38460000e+04,18,0.375000
23847,2.38470000e+04,18,0.375000
23848,2.38480000e+04,18,0.375000
23849,2.38490000e+04,18,0.375000
23850,2.38500000e+04,14,0.291667
23851,2.38510000e+04,14,0.291667
23852,2.38520000e+04,14,0.291667
23853,2.38530000e+04,14,0.291667
23854,2.38540000e+04,14,0.291667
23855,2.38550000e+04,19,0.395833
23856,2.38560000e+04,19,0.395833
23857,2.38570000e+04,19,0.395833
23858,2.38580000e+04,19,0.395833
23859,2.38590000e+04,19,0.395833
23860,2.38600000e+04,18,0.375000
23861,2.38610000e+04,18,0.375000
23862,2.38620000e+04,18,0.375000
23863,2.38630000e+04,18,0.375000
23864,2.38640000e+04,18,0.375000
23865,2.38650000e+04,20,0.416667
23866,2.38660000e+04,20,0.416667
23867,2.38670000e+04,20,0.416667
23868,2.38680000e+04,20,0.416667
23869,2.38690000e+04,20,0.416667
23870,2.38700000e+04,19,0.395833
23871,2.38710000e+04,19,0.395833
23872,2.38720000e+04,19,0.395833
23873,2.38730000e+04,19,0.395833
23874,2.38740000e+04,19,0.395833
23875,2.38750000e+04,19,0.395833
23876,2.38760000e+04,19,0.395833
23877,2.38770000e+04,19,0.395833
23878,2.38780000e+04,19,0.395833
23879,2.38790000e+04,19,0.395833
23880,2.38800000e+04,17,0.354167
23881,2.38810000e+04,17,0.354167
23882,2.38820000e+04,17,0.354167
23883,2.38830000e+04,17,0.354167
23884,2.38840000e+04,17,0.354167
23885,2.38850000e+04,17,0.354167
23886,2.38860000e+04,17,0.354167
23887,2.38870000e+04,17,0.354167
23888,2.38880000e+04,17,0.354167
23889,2.38890000e+04,17,0.354167
23890,2.38900000e+04,21,0.437500
23891,2.38910000e+04,21,0.437500
23892,2.38920000e+04,21,0.437500
23893,2.38930000e+04,21,0.437500
23894,2.38940000e+04,21,0.437500
23895,2.38950000e+04,20,0.416667
23896,2.38960000e+04,20,0.416667
23897,2.38970000e+04,20,0.416667
23898,2.38980000e+04,20,0.416667
23899,2.38990000e+04,20,0.416667
23900,2.39000000e+04,17,0.354167
23901,2.39010000e+04,17,0.354167
23902,2.39020000e+04,17,0.354167
23903,2.39030000e+04,17,0.354167
23904,2.39040000e+04,17,0.354167
23905,2.39050000e+04,15,0.312500
23906,2.39060000e+04,15,0.312500
23907,2.39070000e+04,15,0.312500
23908,2.39080000e+04,15,0.312500
23909,2.39090000e+04,15,0.312500
23910,2.39100000e+04,16,0.333333
23911,2.39110000e+04,16,0.333333
23912,2.39120000e+04,16,0.333333
23913,2.39130000e+04,16,0.333333
23914,2.39140000e+04,16,0.333333
23915,2.39150000e+04,16,0.333333
23916,2.39160000e+04,16,0.333333
23917,2.39170000e+04,16,0.333333
23918,2.39180000e+04,16,0.333333
23919,2.39190000e+04,16,0.333333
23920,2.39200000e+04,14,0.291667
23921,2.39210000e+04,14,0.291667
23922,2.39220000e+04,14,0.291667
23923,2.39230000e+04,14,0.291667
23924,2.39240000e+04,14,0.291667
23925,2.39250000e+04,13,0.270833
23926,2.39260000e+04,13,0.270833
23927,2.39270000e+04,13,0.270833
23928,2.39280000e+04,13,0.270833
23929,2.39290000e+04,13,0.270833
23930,2.39300000e+04,14,0.291667
23931,2.39310000e+04,14,0.291667
23932,2.39320000e+04,14,0.291667
23933,2.39330000e+04,14,0.291667
23934,2.39340000e+04,14,0.291667
23935,2.39350000e+04,12,0.250000
23936,2.39360000e+04,12,0.250000
23937,2.39370000e+04,12,0.250000
23938,2.39380000e+04,12,0.250000
23939,2.39390000e+04,12,0.250000
23940,2.39400000e+04,12,0.250000
23941,2.39410000e+04,12,0.250000
23942,2.39420000e+04,12,0.250000
23943,2.39430000e+04,12,0.250000
23944,2.39440000e+04,12,0.250000
23945,2.39450000e+04,9,0.187500
23946,2.39460000e+04,9,0.187500
23947,2.39470000e+04,9,0.187500
23948,2.39480000e+04,9,0.187500
23949,2.39490000e+04,9,0.187500
23950,2.39500000e+04,10,0.208333
23951,2.39510000e+04,10,0.208333
23952,2.39520000e+04,10,0.208333
23953,2.39530000e+04,10,0.208333
23954,2.39540000e+04,10,0.208333
23955,2.39550000e+04,10,0.208333
23956,2.39560000e+04,10,0.208333
23957,2.39570000e+04,10,0.208333
23958,2.39580000e+04,10,0.208333
23959,2.39590000e+04,10,0.208333
23960,2.39600000e+04,8,0.166667
23961,2.39610000e+04,8,0.166667
23962,2.39620000e+04,8,0.166667
23963,2.39630000e+04,8,0.166667
23964,2.39640000e+04,8,0.166667
23965,2.39650000e+04,10,0.208333
23966,2.39660000e+04,10,0.208333
23967,2.39670000e+04,10,0.208333
23968,2.39680000e+04,10,0.208333
23969,2.39690000e+04,10,0.208333
23970,2.39700000e+04,10,0.208333
23971,2.39710000e+04,10,0.208333
23972,2.39720000e+04,10,0.208333
23973,2.39730000e+04,10,0.208333
23974,2.39740000e+04,10,0.208333
23975,2.39750000e+04,11,0.229167
23976,2.39760000e+04,11,0.229167
23977,2.39770000e+04,11,0.229167
23978,2.39780000e+04,11,0.229167
23979,2.39790000e+04,11,0.229167
23980,2.39800000e+04,9,0.187500
23981,2.39810000e+04,9,0.187500
23982,2.39820000e+04,9,0.187500
23983,2.39830000e+04,9,0.187500
23984,2.39840000e+04,9,0.187500
23985,2.39850000e+04,13,0.270833
23986,2.39860000e+04,13,0.270833
23987,2.39870000e+04,13,0.270833
23988,2.39880000e+04,13,0.270833
23989,2.39890000e+04,13,0.270833
23990,2.39900000e+04,13,0.270833
23991,2.39910000e+04,13,0.270833
23992,2.39920000e+04,13,0.270833
23993,2.39930000e+04,13,0.270833
23994,2.39940000e+04,13,0.270833
23995,2.39950000e+04,12,0.250000
23996,2.39960000e+04,12,0.250000
23997,2.39970000e+04,12,0.250000
23998,2.39980000e+04,12,0.250000
23999,2.39990000e+04,12,0.250000
24000,2.40000000e+04,13,0.270833
24001,2.40010000e+04,13,0.270833
24002,2.40020000e+04,13,0.270833
24003,2.40030000e+04,13,0.270833
24004,2.40040000e+04,13,0.270833
24005,2.40050000e+04,10,0.208333
24006,2.40060000e+04,10,0.208333
24007,2.40070000e+04,10,0.208333
24008,2.40080000e+04,10,0.208333
24009,2.40090000e+04,10,0.208333
24010,2.40100000e+04,13,0.270833
24011,2.40110000e+04,13,0.270833
24012,2.40120000e+04,13,0.270833
24013,2.40130000e+04,13,0.270833
24014,2.40140000e+04,13,0.270833
24015,2.40150000e+04,8,0.166667
24016,2.40160000e+04,8,0.166667
24017,2.40170000e+04,8,0.166667
24018,2.40180000e+04,8,0.166667
24019,2.40190000e+04,8,0.166667
24020,2.40200000e+04,12,0.250000
24021,2.40210000e+04,12,0.250000
24022,2.40220000e+04,12,0.250000
24023,2.40230000e+04,12,0.250000
24024,2.40240000e+04,12,0.250000
24025,2.40250000e+04,8,0.166667
24026,2.40260000e+04,8,0.166667
24027,2.40270000e+04,8,0.166667
24028,2.40280000e+04,8,0.166667
24029,2.40290000e+04,8,0.166667
24030,2.40300000e+04,10,0.208333
24031,2.40310000e+04,10,0.208333
24032,2.40320000e+04,10,0.208333
24033,2.40330000e+04,10,0.208333
24034,2.40340000e+04,10,0.208333
24035,2.40350000e+04,6,0.125000
24036,2.40360000e+04,6,0.125000
24037,2.40370000e+04,6,0.125000
24038,2.40380000e+04,6,0.125000
24039,2.40390000e+04,6,0.125000
24040,2.40400000e+04,8,0.166667
24041,2.40410000e+04,8,0.166667
24042,2.40420000e+04,8,0.166667
24043,2.40430000e+04,8,0.166667
24044,2.40440000e+04,8,0.166667
24045,2.40450000e+04,8,0.166667
24046,2.40460000e+04,8,0.166667
24047,2.40470000e+04,8,0.166667
24048,2.40480000e+04,8,0.166667
24049,2.40490000e+04,8,0.166667
24050,2.40500000e+04,7,0.145833
24051,2.40510000e+04,7,0.145833
24052,2.40520000e+04,7,0.145833
24053,2.40530000e+04,7,0.145833
24054,2.40540000e+04,7,0.145833
24055,2.40550000e+04,5,0.104167
24056,2.40560000e+04,5,0.104167
24057,2.40570000e+04,5,0.104167
24058,2.40580000e+04,5,0.104167
24059,2.40590000e+04,5,0.104167
24060,2.40600000e+04,8,0.166667
24061,2.40610000e+04,8,0.166667
24062,2.40620000e+04,8,0.166667
24063,2.40630000e+04,8,0.166667
24064,2.40640000e+04,8,0.166667
24065,2.40650000e+04,7,0.145833
24066,2.40660000e+04,7,0.145833
24067,2.40670000e+04,7,0.145833
24068,2.40680000e+04,7,0.145833
24069,2.40690000e+04,7,0.145833
24070,2.40700000e+04,7,0.145833
24071,2.40710000e+04,7,0.145833
24072,2.40720000e+04,7,0.145833
24073,2.40730000e+04,7,0.145833
24074,2.40740000e+04,7,0.145833
24075,2.40750000e+04,6,0.125000
24076,2.40760000e+04,6,0.125000
24077,2.40770000e+04,6,0.125000
24078,2.40780000e+04,6,0.125000
24079,2.40790000e+04,6,0.125000
24080,2.40800000e+04,8,0.166667
24081,2.40810000e+04,8,0.166667
24082,2.40820000e+04,8,0.166667
24083,2.40830000e+04,8,0.166667
24084,2.40840000e+04,8,0.166667
24085,2.40850000e+04,5,0.104167
24086,2.40860000e+04,5,0.104167
24087,2.40870000e+04,5,0.104167
24088,2.40880000e+04,5,0.104167
24089,2.40890000e+04,5,0.104167
24090,2.40900000e+04,7,0.145833
24091,2.40910000e+04,7,0.145833
24092,2.40920000e+04,7,0.145833
24093,2.40930000e+04,7,0.145833
24094,2.40940000e+04,7,0.145833
24095,2.40950000e+04,7,0.145833
24096,2.40960000e+04,7,0.145833
24097,2.40970000e+04,7,0.145833
24098,2.40980000e+04,7,0.145833
24099,2.40990000e+04,7,0.145833
24100,2.41000000e+04,8,0.166667
24101,2.41010000e+04,8,0.166667
24102,2.41020000e+04,8,0.166667
24103,2.41030000e+04,8,0.166667
24104,2.41040000e+04,8,0.166667
24105,2.41050000e+04,6,0.125000
24106,2.41060000e+04,6,0.125000
24107,2.41070000e+04,6,0.125000
24108,2.41080000e+04,6,0.125000
24109,2.41090000e+04,6,0.125000
24110,2.41100000e+04,7,0.145833
24111,2.41110000e+04,7,0.145833
24112,2.41120000e+04,7,0.145833
24113,2.41130000e+04,7,0.145833
24114,2.41140000e+04,7,0.145833
24115,2.41150000e+04,6,0.125000
24116,2.41160000e+04,6,0.125000
24117,2.41170000e+04,6,0.125000
24118,2.41180000e+04,6,0.125000
24119,2.41190000e+04,6,0.125000
24120,2.41200000e+04,7,0.145833
24121,2.41210000e+04,7,0.145833
24122,2.41220000e+04,7,0.145833
24123,2.41230000e+04,7,0.145833
24124,2.41240000e+04,7,0.145833
24125,2.41250000e+04,8,0.166667
24126,2.41260000e+04,8,0.166667
24127,2.41270000e+04,8,0.166667
24128,2.41280000e+04,8,0.166667
24129,2.41290000e+04,8,0.166667
24130,2.41300000e+04,5,0.104167
24131,2.41310000e+04,5,0.104167
24132,2.41320000e+04,5,0.104167
24133,2.41330000e+04,5,0.104167
24134,2.41340000e+04,5,0.104167
24135,2.41350000e+04,9,0.187500
24136,2.41360000e+04,9,0.187500
24137,2.41370000e+04,9,0.187500
24138,2.41380000e+04,9,0.187500
24139,2.41390000e+04,9,0.187500
24140,2.41400000e+04,5,0.104167
24141,2.41410000e+04,5,0.104167
24142,2.41420000e+04,5,0.104167
24143,2.41430000e+04,5,0.104167
24144,2.41440000e+04,5,0.104167
24145,2.41450000e+04,4,0.083333
24146,2.41460000e+04,4,0.083333
24147,2.41470000e+04,4,0.083333
24148,2.41480000e+04,4,0.083333
24149,2.41490000e+04,4,0.083333
24150,2.41500000e+04,4,0.083333
24151,2.41510000e+04,4,0.083333
24152,2.41520000e+04,4,0.083333
24153,2.41530000e+04,4,0.083333
24154,2.41540000e+04,4,0.083333
24155,2.41550000e+04,6,0.125000
24156,2.41560000e+04,6,0.125000
24157,2.41570000e+04,6,0.125000
24158,2.41580000e+04,6,0.125000
24159,2.41590000e+04,6,0.125000
24160,2.41600000e+04,3,0.062500
24161,2.41610000e+04,3,0.062500
24162,2.41620000e+04,3,0.062500
24163,2.41630000e+04,3,0.062500
24164,2.41640000e+04,3,0.062500
24165,2.41650000e+04,5,0.104167
24166,2.41660000e+04,5,0.104167
24167,2.41670000e+04,5,0.104167
24168,2.41680000e+04,5,0.104167
24169,2.41690000e+04,5,0.104167
24170,2.41700000e+04,5,0.104167
24171,2.41710000e+04,5,0.104167
24172,2.41720000e+04,5,0.104167
24173,2.41730000e+04,5,0.104167
24174,2.41740000e+04,5,0.104167
24175,2.41750000e+04,5,0.104167
24176,2.41760000e+04,5,0.104167
24177,2.41770000e+04,5,0.104167
24178,2.41780000e+04,5,0.104167
24179,2.41790000e+04,5,0.104167
24180,2.41800000e+04,6,0.125000
24181,2.41810000e+04,6,0.125000
24182,2.41820000e+04,6,0.125000
24183,2.41830000e+04,6,0.125000
24184,2.41840000e+04,6,0.125000
24185,2.41850000e+04,4,0.083333
24186,2.41860000e+04,4,0.083333
24187,2.41870000e+04,4,0.083333
24188,2.41880000e+04,4,0.083333
24189,2.41890000e+04,4,0.083333
24190,2.41900000e+04,2,0.041667
24191,2.41910000e+04,2,0.041667
24192,2.41920000e+04,2,0.041667
24193,2.41930000e+04,2,0.041667
24194,2.41940000e+04,2,0.041667
24195,2.41950000e+04,7,0.145833
24196,2.41960000e+04,7,0.145833
24197,2.41970000e+04,7,0.145833
24198,2.41980000e+04,7,0.145833
24199,2.41990000e+04,7,0.145833
24200,2.42000000e+04,4,0.083333
24201,2.42010000e+04,4,0.083333
24202,2.42020000e+04,4,0.083333
24203,2.42030000e+04,4,0.083333
24204,2.42040000e+04,4,0.083333
24205,2.42050000e+04,4,0.083333
24206,2.42060000e+04,4,0.083333
24207,2.42070000e+04,4,0.083333
24208,2.42080000e+04,4,0.083333
24209,2.42090000e+04,4,0.083333
24210,2.42100000e+04,7,0.145833
24211,2.42110000e+04,7,0.145833
24212,2.42120000e+04,7,0.145833
24213,2.42130000e+04,7,0.145833
24214,2.42140000e+04,7,0.145833
24215,2.42150000e+04,5,0.104167
24216,2.42160000e+04,5,0.104167
24217,2.42170000e+04,5,0.104167
24218,2.42180000e+04,5,0.104167
24219,2.42190000e+04,5,0.104167
24220,2.42200000e+04,3,0.062500
24221,2.42210000e+04,3,0.062500
24222,2.42220000e+04,3,0.062500
24223,2.42230000e+04,3,0.062500
24224,2.42240000e+04,3,0.062500
24225,2.42250000e+04,6,0.125000
24226,2.42260000e+04,6,0.125000
24227,2.42270000e+04,6,0.125000
24228,2.42280000e+04,6,0.125000
24229,2.42290000e+04,6,0.125000
24230,2.42300000e+04,6,0.125000
24231,2.42310000e+04,6,0.125000
24232,2.42320000e+04,6,0.125000
24233,2.42330000e+04,6,0.125000
24234,2.42340000e+04,6,0.125000
24235,2.42350000e+04,3,0.062500
24236,2.42360000e+04,3,0.062500
24237,2.42370000e+04,3,0.062500
24238,2.42380000e+04,3,0.062500
24239,2.42390000e+04,3,0.062500
24240,2.42400000e+04,4,0.083333
24241,2.42410000e+04,4,0.083333
24242,2.42420000e+04,4,0.083333
24243,2.42430000e+04,4,0.083333
24244,2.42440000e+04,4,0.083333
24245,2.42450000e+04,7,0.145833
24246,2.42460000e+04,7,0.145833
24247,2.42470000e+04,7,0.145833
24248,2.42480000e+04,7,0.145833
24249,2.42490000e+04,7,0.145833
24250,2.42500000e+04,3,0.062500
24251,2.42510000e+04,3,0.062500
24252,2.42520000e+04,3,0.062500
24253,2.42530000e+04,3,0.062500
24254,2.42540000e+04,3,0.062500
24255,2.42550000e+04,3,0.062500
24256,2.42560000e+04,3,0.062500
24257,2.42570000e+04,3,0.062500
24258,2.42580000e+04,3,0.062500
24259,2.42590000e+04,3,0.062500
24260,2.42600000e+04,7,0.145833
24261,2.42610000e+04,7,0.145833
24262,2.42620000e+04,7,0.145833
24263,2.42630000e+04,7,0.145833
24264,2.42640000e+04,7,0.145833
24265,2.42650000e+04,6,0.125000
24266,2.42660000e+04,6,0.125000
24267,2.42670000e+04,6,0.125000
24268,2.42680000e+04,6,0.125000
24269,2.42690000e+04,6,0.125000
24270,2.42700000e+04,2,0.041667
24271,2.42710000e+04,2,0.041667
24272,2.42720000e+04,2,0.041667
24273,2.42730000e+04,2,0.041667
24274,2.42740000e+04,2,0.041667
24275,2.42750000e+04,1,0.020833
24276,2.42760000e+04,1,0.020833
24277,2.42770000e+04,1,0.020833
24278,2.42780000e+04,1,0.020833
24279,2.42790000e+04,1,0.020833
24280,2.42800000e+04,-2,-0.041667
24281,2.42810000e+04,-2,-0.041667
24282,2.42820000e+04,-2,-0.041667
24283,2.42830000e+04,-2,-0.041667
24284,2.42840000e+04,-2,-0.041667
24285,2.42850000e+04,5,0.104167
24286,2.42860000e+04,5,0.104167
24287,2.42870000e+04,5,0.104167
24288,2.42880000e+04,5,0.104167
24289,2.42890000e+04,5,0.104167
24290,2.42900000e+04,4,0.083333
24291,2.42910000e+04,4,0.083333
24292,2.42920000e+04,4,0.083333
24293,2.42930000e+04,4,0.083333
24294,2.42940000e+04,4,0.083333
24295,2.42950000e+04,1,0.020833
24296,2.42960000e+04,1,0.020833
24297,2.42970000e+04,1,0.020833
24298,2.42980000e+04,1,0.020833
24299,2.42990000e+04,1,0.020833
24300,2.43000000e+04,4,0.083333
24301,2.43010000e+04,4,0.083333
24302,2.43020000e+04,4,0.083333
24303,2.43030000e+04,4,0.083333
24304,2.43040000e+04,4,0.083333
24305,2.43050000e+04,3,0.062500
24306,2.43060000e+04,3,0.062500
24307,2.43070000e+04,3,0.062500
24308,2.43080000e+04,3,0.062500
24309,2.43090000e+04,3,0.062500
24310,2.43100000e+04,3,0.062500
24311,2.43110000e+04,3,0.062500
24312,2.43120000e+04,3,0.062500
24313,2.43130000e+04,3,0.062500
24314,2.43140000e+04,3,0.062500
24315,2.43150000e+04,2,0.041667
24316,2.43160000e+04,2,0.041667
24317,2.43170000e+04,2,0.041667
24318,2.43180000e+04,2,0.041667
24319,2.43190000e+04,2,0.041667
24320,2.43200000e+04,4,0.083333
24321,2.43210000e+04,4,0.083333
24322,2.43220000e+04,4,0.083333
24323,2.43230000e+04,4,0.083333
24324,2.43240000e+04,4,0.083333
24325,2.43250000e+04,2,0.041667
24326,2.43260000e+04,2,0.041667
24327,2.43270000e+04,2,0.041667
24328,2.43280000e+04,2,0.041667
24329,2.43290000e+04,2,0.041667
24330,2.43300000e+04,2,0.041667
24331,2.43310000e+04,2,0.041667
24332,2.43320000e+04,2,0.041667
24333,2.43330000e+04,2,0.041667
24334,2.43340000e+04,2,0.041667
24335,2.43350000e+04,2,0.041667
24336,2.43360000e+04,2,0.041667
24337,2.43370000e+04,2,0.041667
24338,2.43380000e+04,2,0.041667
24339,2.43390000e+04,2,0.041667
24340,2.43400000e+04,3,0.062500
24341,2.43410000e+04,3,0.062500
24342,2.43420000e+04,3,0.062500
24343,2.43430000e+04,3,0.062500
24344,2.43440000e+04,3,0.062500
24345,2.43450000e+04,1,0.020833
24346,2.43460000e+04,1,0.020833
24347,2.43470000e+04,1,0.020833
24348,2.43480000e+04,1,0.020833
24349,2.43490000e+04,1,0.020833
24350,2.43500000e+04,4,0.083333
24351,2.43510000e+04,4,0.083333
24352,2.43520000e+04,4,0.083333
24353,2.43530000e+04,4,0.083333
24354,2.43540000e+04,4,0.083333
24355,2.43550000e+04,3,0.062500
24356,2.43560000e+04,3,0.062500
24357,2.43570000e+04,3,0.062500
24358,2.43580000e+04,3,0.062500
24359,2.43590000e+04,3,0.062500
24360,2.43600000e+04,4,0.083333
24361,2.43610000e+04,4,0.083333
24362,2.43620000e+04,4,0.083333
24363,2.43630000e+04,4,0.083333
24364,2.43640000e+04,4,0.083333
24365,2.43650000e+04,1,0.020833
24366,2.43660000e+04,1,0.020833
24367,2.43670000e+04,1,0.020833
24368,2.43680000e+04,1,0.020833
24369,2.43690000e+04,1,0.020833
24370,2.43700000e+04,0,0.000000
24371,2.43710000e+04,0,0.000000
24372,2.43720000e+04,0,0.000000
24373,2.43730000e+04,0,0.000000
24374,2.43740000e+04,0,0.000000
24375,2.43750000e+04,3,0.062500
24376,2.43760000e+04,3,0.062500
24377,2.43770000e+04,3,0.062500
24378,2.43780000e+04,3,0.062500
24379,2.43790000e+04,3,0.062500
24380,2.43800000e+04,-1,-0.020833
24381,2.43810000e+04,-1,-0.020833
24382,2.43820000e+04,-1,-0.020833
24383,2.43830000e+04,-1,-0.020833
24384,2.43840000e+04,-1,-0.020833
24385,2.43850000e+04,-3,-0.062500
24386,2.43860000e+04,-3,-0.062500
24387,2.43870000e+04,-3,-0.062500
24388,2.43880000e+04,-3,-0.062500
24389,2.43890000e+04,-3,-0.062500
24390,2.43900000e+04,-5,-0.104167
24391,2.43910000e+04,-5,-0.104167
24392,2.43920000e+04,-5,-0.104167
24393,2.43930000e+04,-5,-0.104167
24394,2.43940000e+04,-5,-0.104167
24395,2.43950000e+04,0,0.000000
24396,2.43960000e+04,0,0.000000
24397,2.43970000e+04,0,0.000000
24398,2.43980000e+04,0,0.000000
24399,2.43990000e+04,0,0.000000
24400,2.44000000e+04,-2,-0.041667
24401,2.44010000e+04,-2,-0.041667
24402,2.44020000e+04,-2,-0.041667
24403,2.44030000e+04,-2,-0.041667
24404,2.44040000e+04,-2,-0.041667
24405,2.44050000e+04,-4,-0.083333
24406,2.44060000e+04,-4,-0.083333
24407,2.44070000e+04,-4,-0.083333
24408,2.44080000e+04,-4,-0.083333
24409,2.44090000e+04,-4,-0.083333
24410,2.44100000e+04,-5,-0.104167
24411,2.44110000e+04,-5,-0.104167
24412,2.44120000e+04,-5,-0.104167
24413,2.44130000e+04,-5,-0.104167
24414,2.44140000e+04,-5,-0.104167
24415,2.44150000e+04,-4,-0.083333
24416,2.44160000e+04,-4,-0.083333
24417,2.44170000e+04,-4,-0.083333
24418,2.44180000e+04,-4,-0.083333
24419,2.44190000e+04,-4,-0.083333
24420,2.44200000e+04,-7,-0.145833
24421,2.44210000e+04,-7,-0.145833
24422,2.44220000e+04,-7,-0.145833
24423,2.44230000e+04,-7,-0.145833
24424,2.44240000e+04,-7,-0.145833
24425,2.44250000e+04,-4,-0.083333
24426,2.44260000e+04,-4,-0.083333
24427,2.44270000e+04,-4,-0.083333
24428,2.44280000e+04,-4,-0.083333
24429,2.44290000e+04,-4,-0.083333
24430,2.44300000e+04,-3,-0.062500
24431,2.44310000e+04,-3,-0.062500
24432,2.44320000e+04,-3,-0.062500
24433,2.44330000e+04,-3,-0.062500
24434,2.44340000e+04,-3,-0.062500
24435,2.44350000e+04,-5,-0.104167
24436,2.44360000e+04,-5,-0.104167
24437,2.44370000e+04,-5,-0.104167
24438,2.44380000e+04,-5,-0.104167
24439,2.44390000e+04,-5,-0.104167
24440,2.44400000e+04,-4,-0.083333
24441,2.44410000e+04,-4,-0.083333
24442,2.44420000e+04,-4,-0.083333
24443,2.44430000e+04,-4,-0.083333
24444,2.44440000e+04,-4,-0.083333
24445,2.44450000e+04,-6,-0.125000
24446,2.44460000e+04,-6,-0.125000
24447,2.44470000e+04,-6,-0.125000
24448,2.44480000e+04,-6,-0.125000
24449,2.44490000e+04,-6,-0.125000
24450,2.44500000e+04,-6,-0.125000
24451,2.44510000e+04,-6,-0.125000
24452,2.44520000e+04,-6,-0.125000
24453,2.44530000e+04,-6,-0.125000
24454,2.44540000e+04,-6,-0.125000
24455,2.44550000e+04,-7,-0.145833
24456,2.44560000e+04,-7,-0.145833
24457,2.44570000e+04,-7,-0.145833
24458,2.44580000e+04,-7,-0.145833
24459,2.44590000e+04,-7,-0.145833
24460,2.44600000e+04,-7,-0.145833
24461,2.44610000e+04,-7,-0.145833
24462,2.44620000e+04,-7,-0.145833
24463,2.44630000e+04,-7,-0.145833
24464,2.44640000e+04,-7,-0.145833
24465,2.44650000e+04,-5,-0.104167
24466,2.44660000e+04,-5,-0.104167
24467,2.44670000e+04,-5,-0.104167
24468,2.44680000e+04,-5,-0.104167
24469,2.44690000e+04,-5,-0.104167
24470,2.44700000e+04,-11,-0.229167
24471,2.44710000e+04,-11,-0.229167
24472,2.44720000e+04,-11,-0.229167
24473,2.44730000e+04,-11,-0.229167
24474,2.44740000e+04,-11,-0.229167
24475,2.44750000e+04,-4,-0.083333
24476,2.44760000e+04,-4,-0.083333
24477,2.44770000e+04,-4,-0.083333
24478,2.44780000e+04,-4,-0.083333
24479,2.44790000e+04,-4,-0.083333
24480,2.44800000e+04,-9,-0.187500
24481,2.44810000e+04,-9,-0.187500
24482,2.44820000e+04,-9,-0.187500
24483,2.44830000e+04,-9,-0.187500
24484,2.44840000e+04,-9,-0.187500
24485,2.44850000e+04,-7,-0.145833
24486,2.44860000e+04,-7,-0.145833
24487,2.44870000e+04,-7,-0.145833
24488,2.44880000e+04,-7,-0.145833
24489,2.44890000e+04,-7,-0.145833
24490,2.44900000e+04,-7,-0.145833
24491,2.44910000e+04,-7,-0.145833
24492,2.44920000e+04,-7,-0.145833
24493,2.44930000e+04,-7,-0.145833
24494,2.44940000e+04,-7,-0.145833
24495,2.44950000e+04,-11,-0.229167
24496,2.44960000e+04,-11,-0.229167
24497,2.44970000e+04,-11,-0.229167
24498,2.44980000e+04,-11,-0.229167
24499,2.44990000e+04,-11,-0.229167
24500,2.45000000e+04,-9,-0.187500
24501,2.45010000e+04,-9,-0.187500
24502,2.45020000e+04,-9,-0.187500
24503,2.45030000e+04,-9,-0.187500
24504,2.45040000e+04,-9,-0.187500
24505,2.45050000e+04,-8,-0.166667
24506,2.45060000e+04,-8,-0.166667
24507,2.45070000e+04,-8,-0.166667
24508,2.45080000e+04,-8,-0.166667
24509,2.45090000e+04,-8,-0.166667
24510,2.45100000e+04,-14,-0.291667
24511,2.45110000e+04,-14,-0.291667
24512,2.45120000e+04,-14,-0.291667
24513,2.45130000e+04,-14,-0.291667
24514,2.45140000e+04,-14,-0.291667
24515,2.45150000e+04,-14,-0.291667
24516,2.45160000e+04,-14,-0.291667
24517,2.45170000e+04,-14,-0.291667
24518,2.45180000e+04,-14,-0.291667
24519,2.45190000e+04,-14,-0.291667
24520,2.45200000e+04,-12,-0.250000
24521,2.45210000e+04,-12,-0.250000
24522,2.45220000e+04,-12,-0.250000
24523,2.45230000e+04,-12,-0.250000
24524,2.45240000e+04,-12,-0.250000
24525,2.45250000e+04,-12,-0.250000
24526,2.45260000e+04,-12,-0.250000
24527,2.45270000e+04,-12,-0.250000
24528,2.45280000e+04,-12,-0.250000
24529,2.45290000e+04,-12,-0.250000
24530,2.45300000e+04,-12,-0.250000
24531,2.45310000e+04,-12,-0.250000
24532,2.45320000e+04,-12,-0.250000
24533,2.45330000e+04,-12,-0.250000
24534,2.45340000e+04,-12,-0.250000
24535,2.45350000e+04,-12,-0.250000
24536,2.45360000e+04,-12,-0.250000
24537,2.45370000e+04,-12,-0.250000
24538,2.45380000e+04,-12,-0.250000
24539,2.45390000e+04,-12,-0.250000
24540,2.45400000e+04,-11,-0.229167
24541,2.45410000e+04,-11,-0.229167
24542,2.45420000e+04,-11,-0.229167
24543,2.45430000e+04,-11,-0.229167
24544,2.45440000e+04,-11,-0.229167
24545,2.45450000e+04,-9,-0.187500
24546,2.45460000e+04,-9,-0.187500
24547,2.45470000e+04,-9,-0.187500
24548,2.45480000e+04,-9,-0.187500
24549,2.45490000e+04,-9,-0.187500
24550,2.45500000e+04,-13,-0.270833
24551,2.45510000e+04,-13,-0.270833
24552,2.45520000e+04,-13,-0.270833
24553,2.45530000e+04,-13,-0.270833
24554,2.45540000e+04,-13,-0.270833
24555,2.45550000e+04,-12,-0.250000
24556,2.45560000e+04,-12,-0.250000
24557,2.45570000e+04,-12,-0.250000
24558,2.45580000e+04,-12,-0.250000
24559,2.45590000e+04,-12,-0.250000
24560,2.45600000e+04,-11,-0.229167
24561,2.45610000e+04,-11,-0.229167
24562,2.45620000e+04,-11,-0.229167
24563,2.45630000e+04,-11,-0.229167
24564,2.45640000e+04,-11,-0.229167
24565,2.45650000e+04,-13,-0.270833
24566,2.45660000e+04,-13,-0.270833
24567,2.45670000e+04,-13,-0.270833
24568,2.45680000e+04,-13,-0.270833
24569,2.45690000e+04,-13,-0.270833
24570,2.45700000e+04,-12,-0.250000
24571,2.45710000e+04,-12,-0.250000
24572,2.45720000e+04,-12,-0.250000
24573,2.45730000e+04,-12,-0.250000
24574,2.45740000e+04,-12,-0.250000
24575,2.45750000e+04,-11,-0.229167
24576,2.45760000e+04,-11,-0.229167
24577,2.45770000e+04,-11,-0.229167
24578,2.45780000e+04,-11,-0.229167
24579,2.45790000e+04,-11,-0.229167
24580,2.45800000e+04,-13,-0.270833
24581,2.45810000e+04,-13,-0.270833
24582,2.45820000e+04,-13,-0.270833
24583,2.45830000e+04,-13,-0.270833
24584,2.45840000e+04,-13,-0.270833
24585,2.45850000e+04,-14,-0.291667
24586,2.45860000e+04,-14,-0.291667
24587,2.45870000e+04,-14,-0.291667
24588,2.45880000e+04,-14,-0.291667
24589,2.45890000e+04,-14,-0.291667
24590,2.45900000e+04,-12,-0.250000
24591,2.45910000e+04,-12,-0.250000
24592,2.45920000e+04,-12,-0.250000
24593,2.45930000e+04,-12,-0.250000
24594,2.45940000e+04,-12,-0.250000
24595,2.45950000e+04,-13,-0.270833
24596,2.45960000e+04,-13,-0.270833
24597,2.45970000e+04,-13,-0.270833
24598,2.45980000e+04,-13,-0.270833
24599,2.45990000e+04,-13,-0.270833
24600,2.46000000e+04,-12,-0.250000
24601,2.46010000e+04,-12,-0.250000
24602,2.46020000e+04,-12,-0.250000
24603,2.46030000e+04,-12,-0.250000
24604,2.46040000e+04,-12,-0.250000
24605,2.46050000e+04,-14,-0.291667
24606,2.46060000e+04,-14,-0.291667
24607,2.46070000e+04,-14,-0.291667
24608,2.46080000e+04,-14,-0.291667
24609,2.46090000e+04,-14,-0.291667
24610,2.46100000e+04,-14,-0.291667
24611,2.46110000e+04,-14,-0.291667
24612,2.46120000e+04,-14,-0.291667
24613,2.46130000e+04,-14,-0.291667
24614,2.46140000e+04,-14,-0.291667
24615,2.46150000e+04,-17,-0.354167
24616,2.46160000e+04,-17,-0.354167
24617,2.46170000e+04,-17,-0.354167
24618,2.46180000e+04,-17,-0.354167
24619,2.46190000e+04,-17,-0.354167
24620,2.46200000e+04,-18,-0.375000
24621,2.46210000e+04,-18,-0.375000
24622,2.46220000e+04,-18,-0.375000
24623,2.46230000e+04,-18,-0.375000
24624,2.46240000e+04,-18,-0.375000
24625,2.46250000e+04,-12,-0.250000
24626,2.46260000e+04,-12,-0.250000
24627,2.46270000e+04,-12,-0.250000
24628,2.46280000e+04,-12,-0.250000
24629,2.46290000e+04,-12,-0.250000
24630,2.46300000e+04,-17,-0.354167
24631,2.46310000e+04,-17,-0.354167
24632,2.46320000e+04,-17,-0.354167
24633,2.46330000e+04,-17,-0.354167
24634,2.46340000e+04,-17,-0.354167
24635,2.46350000e+04,-15,-0.312500
24636,2.46360000e+04,-15,-0.312500
24637,2.46370000e+04,-15,-0.312500
24638,2.46380000e+04,-15,-0.312500
24639,2.46390000e+04,-15,-0.312500
24640,2.46400000e+04,-15,-0.312500
24641,2.46410000e+04,-15,-0.312500
24642,2.46420000e+04,-15,-0.312500
24643,2.46430000e+04,-15,-0.312500
24644,2.46440000e+04,-15,-0.312500
24645,2.46450000e+04,-16,-0.333333
24646,2.46460000e+04,-16,-0.333333
24647,2.46470000e+04,-16,-0.333333
24648,2.46480000e+04,-16,-0.333333
24649,2.46490000e+04,-16,-0.333333
24650,2.46500000e+04,-19,-0.395833
24651,2.46510000e+04,-19,-0.395833
24652,2.46520000e+04,-19,-0.395833
24653,2.46530000e+04,-19,-0.395833
24654,2.46540000e+04,-19,-0.395833
24655,2.46550000e+04,-16,-0.333333
24656,2.46560000e+04,-16,-0.333333
24657,2.46570000e+04,-16,-0.333333
24658,2.46580000e+04,-16,-0.333333
24659,2.46590000e+04,-16,-0.333333
24660,2.46600000e+04,-17,-0.354167
24661,2.46610000e+04,-17,-0.354167
24662,2.46620000e+04,-17,-0.354167
24663,2.46630000e+04,-17,-0.354167
24664,2.46640000e+04,-17,-0.354167
24665,2.46650000e+04,-17,-0.354167
24666,2.46660000e+04,-17,-0.354167
24667,2.46670000e+04,-17,-0.354167
24668,2.46680000e+04,-17,-0.354167
24669,2.46690000e+04,-17,-0.354167
24670,2.46700000e+04,-15,-0.312500
24671,2.46710000e+04,-15,-0.312500
24672,2.46720000e+04,-15,-0.312500
24673,2.46730000e+04,-15,-0.312500
24674,2.46740000e+04,-15,-0.312500
24675,2.46750000e+04,-14,-0.291667
24676,2.46760000e+04,-14,-0.291667
24677,2.46770000e+04,-14,-0.291667
24678,2.46780000e+04,-14,-0.291667
24679,2.46790000e+04,-14,-0.291667
24680,2.46800000e+04,-13,-0.270833
24681,2.46810000e+04,-13,-0.270833
24682,2.46820000e+04,-13,-0.270833
24683,2.46830000e+04,-13,-0.270833
24684,2.46840000e+04,-13,-0.270833
24685,2.46850000e+04,-14,-0.291667
24686,2.46860000e+04,-14,-0.291667
24687,2.46870000e+04,-14,-0.291667
24688,2.46880000e+04,-14,-0.291667
24689,2.46890000e+04,-14,-0.291667
24690,2.46900000e+04,-15,-0.312500
24691,2.46910000e+04,-15,-0.312500
24692,2.46920000e+04,-15,-0.312500
24693,2.46930000e+04,-15,-0.312500
24694,2.46940000e+04,-15,-0.312500
24695,2.46950000e+04,-15,-0.312500
24696,2.46960000e+04,-15,-0.312500
24697,2.46970000e+04,-15,-0.312500
24698,2.46980000e+04,-15,-0.312500
24699,2.46990000e+04,-15,-0.312500
24700,2.47000000e+04,-15,-0.312500
24701,2.47010000e+04,-15,-0.312500
24702,2.47020000e+04,-15,-0.312500
24703,2.47030000e+04,-15,-0.312500
24704,2.47040000e+04,-15,-0.312500
24705,2.47050000e+04,-12,-0.250000
24706,2.47060000e+04,-12,-0.250000
24707,2.47070000e+04,-12,-0.250000
24708,2.47080000e+04,-12,-0.250000
24709,2.47090000e+04,-12,-0.250000
24710,2.47100000e+04,-13,-0.270833
24711,2.47110000e+04,-13,-0.270833
24712,2.47120000e+04,-13,-0.270833
24713,2.47130000e+04,-13,-0.270833
24714,2.47140000e+04,-13,-0.270833
24715,2.47150000e+04,-11,-0.229167
24716,2.47160000e+04,-11,-0.229167
24717,2.47170000e+04,-11,-0.229167
24718,2.47180000e+04,-11,-0.229167
24719,2.47190000e+04,-11,-0.229167
24720,2.47200000e+04,-14,-0.291667
24721,2.47210000e+04,-14,-0.291667
24722,2.47220000e+04,-14,-0.291667
24723,2.47230000e+04,-14,-0.291667
24724,2.47240000e+04,-14,-0.291667
24725,2.47250000e+04,-14,-0.291667
24726,2.47260000e+04,-14,-0.291667
24727,2.47270000e+04,-14,-0.291667
24728,2.47280000e+04,-14,-0.291667
24729,2.47290000e+04,-14,-0.291667
24730,2.47300000e+04,-14,-0.291667
24731,2.47310000e+04,-14,-0.291667
24732,2.47320000e+04,-14,-0.291667
24733,2.47330000e+04,-14,-0.291667
24734,2.47340000e+04,-14,-0.291667
24735,2.47350000e+04,-15,-0.312500
24736,2.47360000e+04,-15,-0.312500
24737,2.47370000e+04,-15,-0.312500
24738,2.47380000e+04,-15,-0.312500
24739,2.47390000e+04,-15,-0.312500
24740,2.47400000e+04,-16,-0.333333
24741,2.47410000e+04,-16,-0.333333
24742,2.47420000e+04,-16,-0.333333
24743,2.47430000e+04,-16,-0.333333
24744,2.47440000e+04,-16,-0.333333
24745,2.47450000e+04,-17,-0.354167
24746,2.47460000e+04,-17,-0.354167
24747,2.47470000e+04,-17,-0.354167
24748,2.47480000e+04,-17,-0.354167
24749,2.47490000e+04,-17,-0.354167
24750,2.47500000e+04,-15,-0.312500
24751,2.47510000e+04,-15,-0.312500
24752,2.47520000e+04,-15,-0.312500
24753,2.47530000e+04,-15,-0.312500
24754,2.47540000e+04,-15,-0.312500
24755,2.47550000e+04,-15,-0.312500
24756,2.47560000e+04,-15,-0.312500
24757,2.47570000e+04,-15,-0.312500
24758,2.47580000e+04,-15,-0.312500
24759,2.47590000e+04,-15,-0.312500
24760,2.47600000e+04,-17,-0.354167
24761,2.47610000e+04,-17,-0.354167
24762,2.47620000e+04,-17,-0.354167
24763,2.47630000e+04,-17,-0.354167
24764,2.47640000e+04,-17,-0.354167
24765,2.47650000e+04,-16,-0.333333
24766,2.47660000e+04,-16,-0.333333
24767,2.47670000e+04,-16,-0.333333
24768,2.47680000e+04,-16,-0.333333
24769,2.47690000e+04,-16,-0.333333
24770,2.47700000e+04,-12,-0.250000
24771,2.47710000e+04,-12,-0.250000
24772,2.47720000e+04,-12,-0.250000
24773,2.47730000e+04,-12,-0.250000
24774,2.47740000e+04,-12,-0.250000
24775,2.47750000e+04,-15,-0.312500
24776,2.47760000e+04,-15,-0.312500
24777,2.47770000e+04,-15,-0.312500
24778,2.47780000e+04,-15,-0.312500
24779,2.47790000e+04,-15,-0.312500
24780,2.47800000e+04,-19,-0.395833
24781,2.47810000e+04,-19,-0.395833
24782,2.47820000e+04,-19,-0.395833
24783,2.47830000e+04,-19,-0.395833
24784,2.47840000e+04,-19,-0.395833
24785,2.47850000e+04,-16,-0.333333
24786,2.47860000e+04,-16,-0.333333
24787,2.47870000e+04,-16,-0.333333
24788,2.47880000e+04,-16,-0.333333
24789,2.47890000e+04,-16,-0.333333
24790,2.47900000e+04,-15,-0.312500
24791,2.47910000e+04,-15,-0.312500
24792,2.47920000e+04,-15,-0.312500
24793,2.47930000e+04,-15,-0.312500
24794,2.47940000e+04,-15,-0.312500
24795,2.47950000e+04,-17,-0.354167
24796,2.47960000e+04,-17,-0.354167
24797,2.47970000e+04,-17,-0.354167
24798,2.47980000e+04,-17,-0.354167
24799,2.47990000e+04,-17,-0.354167
24800,2.48000000e+04,-15,-0.312500
24801,2.48010000e+04,-15,-0.312500
24802,2.48020000e+04,-15,-0.312500
24803,2.48030000e+04,-15,-0.312500
24804,2.48040000e+04,-15,-0.312500
24805,2.48050000e+04,-15,-0.312500
24806,2.48060000e+04,-15,-0.312500
24807,2.48070000e+04,-15,-0.312500
24808,2.48080000e+04,-15,-0.312500
24809,2.48090000e+04,-15,-0.312500
24810,2.48100000e+04,-19,-0.395833
24811,2.48110000e+04,-19,-0.395833
24812,2.48120000e+04,-19,-0.395833
24813,2.48130000e+04,-19,-0.395833
24814,2.48140000e+04,-19,-0.395833
24815,2.48150000e+04,-16,-0.333333
24816,2.48160000e+04,-16,-0.333333
24817,2.48170000e+04,-16,-0.333333
24818,2.48180000e+04,-16,-0.333333
24819,2.48190000e+04,-16,-0.333333
24820,2.48200000e+04,-17,-0.354167
24821,2.48210000e+04,-17,-0.354167
24822,2.48220000e+04,-17,-0.354167
24823,2.48230000e+04,-17,-0.354167
24824,2.48240000e+04,-17,-0.354167
24825,2.48250000e+04,-17,-0.354167
24826,2.48260000e+04,-17,-0.354167
24827,2.48270000e+04,-17,-0.354167
24828,2.48280000e+04,-17,-0.354167
24829,2.48290000e+04,-17,-0.354167
24830,2.48300000e+04,-15,-0.312500
24831,2.48310000e+04,-15,-0.312500
24832,2.48320000e+04,-15,-0.312500
24833,2.48330000e+04,-15,-0.312500
24834,2.48340000e+04,-15,-0.312500
24835,2.48350000e+04,-15,-0.312500
24836,2.48360000e+04,-15,-0.312500
24837,2.48370000e+04,-15,-0.312500
24838,2.48380000e+04,-15,-0.312500
24839,2.48390000e+04,-15,-0.312500
24840,2.48400000e+04,-19,-0.395833
24841,2.48410000e+04,-19,-0.395833
24842,2.48420000e+04,-19,-0.395833
24843,2.48430000e+04,-19,-0.395833
24844,2.48440000e+04,-19,-0.395833
24845,2.48450000e+04,-17,-0.354167
24846,2.48460000e+04,-17,-0.354167
24847,2.48470000e+04,-17,-0.354167
24848,2.48480000e+04,-17,-0.354167
24849,2.48490000e+04,-17,-0.354167
24850,2.48500000e+04,-20,-0.416667
24851,2.48510000e+04,-20,-0.416667
24852,2.48520000e+04,-20,-0.416667
24853,2.48530000e+04,-20,-0.416667
24854,2.48540000e+04,-20,-0.416667
24855,2.48550000e+04,-17,-0.354167
24856,2.48560000e+04,-17,-0.354167
24857,2.48570000e+04,-17,-0.354167
24858,2.48580000e+04,-17,-0.354167
24859,2.48590000e+04,-17,-0.354167
24860,2.48600000e+04,-20,-0.416667
24861,2.48610000e+04,-20,-0.416667
24862,2.48620000e+04,-20,-0.416667
24863,2.48630000e+04,-20,-0.416667
24864,2.48640000e+04,-20,-0.416667
24865,2.48650000e+04,-16,-0.333333
24866,2.48660000e+04,-16,-0.333333
24867,2.48670000e+04,-16,-0.333333
24868,2.48680000e+04,-16,-0.333333
24869,2.48690000e+04,-16,-0.333333
24870,2.48700000e+04,-17,-0.354167
24871,2.48710000e+04,-17,-0.354167
24872,2.48720000e+04,-17,-0.354167
24873,2.48730000e+04,-17,-0.354167
24874,2.48740000e+04,-17,-0.354167
24875,2.48750000e+04,-18,-0.375000
24876,2.48760000e+04,-18,-0.375000
24877,2.48770000e+04,-18,-0.375000
24878,2.48780000e+04,-18,-0.375000
24879,2.48790000e+04,-18,-0.375000
24880,2.48800000e+04,-19,-0.395833
24881,2.48810000e+04,-19,-0.395833
24882,2.48820000e+04,-19,-0.395833
24883,2.48830000e+04,-19,-0.395833
24884,2.48840000e+04,-19,-0.395833
24885,2.48850000e+04,-17,-0.354167
24886,2.48860000e+04,-17,-0.354167
24887,2.48870000e+04,-17,-0.354167
24888,2.48880000e+04,-17,-0.354167
24889,2.48890000e+04,-17,-0.354167
24890,2.48900000e+04,-16,-0.333333
24891,2.48910000e+04,-16,-0.333333
24892,2.48920000e+04,-16,-0.333333
24893,2.48930000e+04,-16,-0.333333
24894,2.48940000e+04,-16,-0.333333
24895,2.48950000e+04,-17,-0.354167
24896,2.48960000e+04,-17,-0.354167
24897,2.48970000e+04,-17,-0.354167
24898,2.48980000e+04,-17,-0.354167
24899,2.48990000e+04,-17,-0.354167
24900,2.49000000e+04,-17,-0.354167
24901,2.49010000e+04,-17,-0.354167
24902,2.49020000e+04,-17,-0.354167
24903,2.49030000e+04,-17,-0.354167
24904,2.49040000e+04,-17,-0.354167
24905,2.49050000e+04,-17,-0.354167
24906,2.49060000e+04,-17,-0.354167
24907,2.49070000e+04,-17,-0.354167
24908,2.49080000e+04,-17,-0.354167
24909,2.49090000e+04,-17,-0.354167
24910,2.49100000e+04,-20,-0.416667
24911,2.49110000e+04,-20,-0.416667
24912,2.49120000e+04,-20,-0.416667
24913,2.49130000e+04,-20,-0.416667
24914,2.49140000e+04,-20,-0.416667
24915,2.49150000e+04,-20,-0.416667
24916,2.49160000e+04,-20,-0.416667
24917,2.49170000e+04,-20,-0.416667
24918,2.49180000e+04,-20,-0.416667
24919,2.49190000e+04,-20,-0.416667
24920,2.49200000e+04,-17,-0.354167
24921,2.49210000e+04,-17,-0.354167
24922,2.49220000e+04,-17,-0.354167
24923,2.49230000e+04,-17,-0.354167
24924,2.49240000e+04,-17,-0.354167
24925,2.49250000e+04,-17,-0.354167
24926,2.49260000e+04,-17,-0.354167
24927,2.49270000e+04,-17,-0.354167
24928,2.49280000e+04,-17,-0.354167
24929,2.49290000e+04,-17,-0.354167
24930,2.49300000e+04,-17,-0.354167
24931,2.49310000e+04,-17,-0.354167
24932,2.49320000e+04,-17,-0.354167
24933,2.49330000e+04,-17,-0.354167
24934,2.49340000e+04,-17,-0.354167
24935,2.49350000e+04,-15,-0.312500
24936,2.49360000e+04,-15,-0.312500
24937,2.49370000e+04,-15,-0.312500
24938,2.49380000e+04,-15,-0.312500
24939,2.49390000e+04,-15,-0.312500
24940,2.49400000e+04,-15,-0.312500
24941,2.49410000e+04,-15,-0.312500
24942,2.49420000e+04,-15,-0.312500
24943,2.49430000e+04,-15,-0.312500
24944,2.49440000e+04,-15,-0.312500
24945,2.49450000e+04,-17,-0.354167
24946,2.49460000e+04,-17,-0.354167
24947,2.49470000e+04,-17,-0.354167
24948,2.49480000e+04,-17,-0.354167
24949,2.49490000e+04,-17,-0.354167
24950,2.49500000e+04,-17,-0.354167
24951,2.49510000e+04,-17,-0.354167
24952,2.49520000e+04,-17,-0.354167
24953,2.49530000e+04,-17,-0.354167
24954,2.49540000e+04,-17,-0.354167
24955,2.49550000e+04,-17,-0.354167
24956,2.49560000e+04,-17,-0.354167
24957,2.49570000e+04,-17,-0.354167
24958,2.49580000e+04,-17,-0.354167
24959,2.49590000e+04,-17,-0.354167
24960,2.49600000e+04,-18,-0.375000
24961,2.49610000e+04,-18,-0.375000
24962,2.49620000e+04,-18,-0.375000
24963,2.49630000e+04,-18,-0.375000
24964,2.49640000e+04,-18,-0.375000
24965,2.49650000e+04,-17,-0.354167
24966,2.49660000e+04,-17,-0.354167
24967,2.49670000e+04,-17,-0.354167
24968,2.49680000e+04,-17,-0.354167
24969,2.49690000e+04,-17,-0.354167
24970,2.49700000e+04,-19,-0.395833
24971,2.49710000e+04,-19,-0.395833
24972,2.49720000e+04,-19,-0.395833
24973,2.49730000e+04,-19,-0.395833
24974,2.49740000e+04,-19,-0.395833
24975,2.49750000e+04,-15,-0.312500
24976,2.49760000e+04,-15,-0.312500
24977,2.49770000e+04,-15,-0.312500
24978,2.49780000e+04,-15,-0.312500
24979,2.49790000e+04,-15,-0.312500
24980,2.49800000e+04,-19,-0.395833
24981,2.49810000e+04,-19,-0.395833
24982,2.49820000e+04,-19,-0.395833
24983,2.49830000e+04,-19,-0.395833
24984,2.49840000e+04,-19,-0.395833
24985,2.49850000e+04,-16,-0.333333
24986,2.49860000e+04,-16,-0.333333
24987,2.49870000e+04,-16,-0.333333
24988,2.49880000e+04,-16,-0.333333
24989,2.49890000e+04,-16,-0.333333
24990,2.49900000e+04,-17,-0.354167
24991,2.49910000e+04,-17,-0.354167
24992,2.49920000e+04,-17,-0.354167
24993,2.49930000e+04,-17,-0.354167
24994,2.49940000e+04,-17,-0.354167
24995,2.49950000e+04,-19,-0.395833
24996,2.49960000e+04,-19,-0.395833
24997,2.49970000e+04,-19,-0.395833
24998,2.49980000e+04,-19,-0.395833
24999,2.49990000e+04,-19,-0.395833
25000,2.50000000e+04,-15,-0.312500
25001,2.50010000e+04,-15,-0.312500
25002,2.50020000e+04,-15,-0.312500
25003,2.50030000e+04,-15,-0.312500
25004,2.50040000e+04,-15,-0.312500
25005,2.50050000e+04,-16,-0.333333
25006,2.50060000e+04,-16,-0.333333
25007,2.50070000e+04,-16,-0.333333
25008,2.50080000e+04,-16,-0.333333
25009,2.50090000e+04,-16,-0.333333
25010,2.50100000e+04,-16,-0.333333
25011,2.50110000e+04,-16,-0.333333
25012,2.50120000e+04,-16,-0.333333
25013,2.50130000e+04,-16,-0.333333
25014,2.50140000e+04,-16,-0.333333
25015,2.50150000e+04,-15,-0.312500
25016,2.50160000e+04,-15,-0.312500
25017,2.50170000e+04,-15,-0.312500
25018,2.50180000e+04,-15,-0.312500
25019,2.50190000e+04,-15,-0.312500
25020,2.50200000e+04,-19,-0.395833
25021,2.50210000e+04,-19,-0.395833
25022,2.50220000e+04,-19,-0.395833
25023,2.50230000e+04,-19,-0.395833
25024,2.50240000e+04,-19,-0.395833
