Sample_Index,Time_Relative_Trigger_s,Raw_Count,Voltage_V
0,0.00000000e+00,-3164,-131.833333
1,1.00000000e+00,-3164,-131.833333
2,2.00000000e+00,-3164,-131.833333
3,3.00000000e+00,-3164,-131.833333
4,4.00000000e+00,-3164,-131.833333
5,5.00000000e+00,-3154,-131.416667
6,6.00000000e+00,-3154,-131.416667
7,7.00000000e+00,-3154,-131.416667
8,8.00000000e+00,-3154,-131.416667
9,9.00000000e+00,-3154,-131.416667
10,1.00000000e+01,-3142,-130.916667
11,1.10000000e+01,-3142,-130.916667
12,1.20000000e+01,-3142,-130.916667
13,1.30000000e+01,-3142,-130.916667
14,1.40000000e+01,-3142,-130.916667
15,1.50000000e+01,-3129,-130.375000
16,1.60000000e+01,-3129,-130.375000
17,1.70000000e+01,-3129,-130.375000
18,1.80000000e+01,-3129,-130.375000
19,1.90000000e+01,-3129,-130.375000
20,2.00000000e+01,-3118,-129.916667
21,2.10000000e+01,-3118,-129.916667
22,2.20000000e+01,-3118,-129.916667
23,2.30000000e+01,-3118,-129.916667
24,2.40000000e+01,-3118,-129.916667
25,2.50000000e+01,-3107,-129.458333
26,2.60000000e+01,-3107,-129.458333
27,2.70000000e+01,-3107,-129.458333
28,2.80000000e+01,-3107,-129.458333
29,2.90000000e+01,-3107,-129.458333
30,3.00000000e+01,-3099,-129.125000
31,3.10000000e+01,-3099,-129.125000
32,3.20000000e+01,-3099,-129.125000
33,3.30000000e+01,-3099,-129.125000
34,3.40000000e+01,-3099,-129.125000
35,3.50000000e+01,-3086,-128.583333
36,3.60000000e+01,-3086,-128.583333
37,3.70000000e+01,-3086,-128.583333
38,3.80000000e+01,-3086,-128.583333
39,3.90000000e+01,-3086,-128.583333
40,4.00000000e+01,-3080,-128.333333
41,4.10000000e+01,-3080,-128.333333
42,4.20000000e+01,-3080,-128.333333
43,4.30000000e+01,-3080,-128.333333
44,4.40000000e+01,-3080,-128.333333
45,4.50000000e+01,-3075,-128.125000
46,4.60000000e+01,-3075,-128.125000
47,4.70000000e+01,-3075,-128.125000
48,4.80000000e+01,-3075,-128.125000
49,4.90000000e+01,-3075,-128.125000
50,5.00000000e+01,-3065,-127.708333
51,5.10000000e+01,-3065,-127.708333
52,5.20000000e+01,-3065,-127.708333
53,5.30000000e+01,-3065,-127.708333
54,5.40000000e+01,-3065,-127.708333
55,5.50000000e+01,-3060,-127.500000
56,5.60000000e+01,-3060,-127.500000
57,5.70000000e+01,-3060,-127.500000
58,5.80000000e+01,-3060,-127.500000
59,5.90000000e+01,-3060,-127.500000
60,6.00000000e+01,-3051,-127.125000
61,6.10000000e+01,-3051,-127.125000
62,6.20000000e+01,-3051,-127.125000
63,6.30000000e+01,-3051,-127.125000
64,6.40000000e+01,-3051,-127.125000
65,6.50000000e+01,-3049,-127.041667
66,6.60000000e+01,-3049,-127.041667
67,6.70000000e+01,-3049,-127.041667
68,6.80000000e+01,-3049,-127.041667
69,6.90000000e+01,-3049,-127.041667
70,7.00000000e+01,-3037,-126.541667
71,7.10000000e+01,-3037,-126.541667
72,7.20000000e+01,-3037,-126.541667
73,7.30000000e+01,-3037,-126.541667
74,7.40000000e+01,-3037,-126.541667
75,7.50000000e+01,-3031,-126.291667
76,7.60000000e+01,-3031,-126.291667
77,7.70000000e+01,-3031,-126.291667
78,7.80000000e+01,-3031,-126.291667
79,7.90000000e+01,-3031,-126.291667
80,8.00000000e+01,-3020,-125.833333
81,8.10000000e+01,-3020,-125.833333
82,8.20000000e+01,-3020,-125.833333
83,8.30000000e+01,-3020,-125.833333
84,8.40000000e+01,-3020,-125.833333
85,8.50000000e+01,-3012,-125.500000
86,8.60000000e+01,-3012,-125.500000
87,8.70000000e+01,-3012,-125.500000
88,8.80000000e+01,-3012,-125.500000
89,8.90000000e+01,-3012,-125.500000
90,9.00000000e+01,-2999,-124.958333
91,9.10000000e+01,-2999,-124.958333
92,9.20000000e+01,-2999,-124.958333
93,9.30000000e+01,-2999,-124.958333
94,9.40000000e+01,-2999,-124.958333
95,9.50000000e+01,-2984,-124.333333
96,9.60000000e+01,-2984,-124.333333
97,9.70000000e+01,-2984,-124.333333
98,9.80000000e+01,-2984,-124.333333
99,9.90000000e+01,-2984,-124.333333
100,1.00000000e+02,-2969,-123.708333
101,1.01000000e+02,-2969,-123.708333
102,1.02000000e+02,-2969,-123.708333
103,1.03000000e+02,-2969,-123.708333
104,1.04000000e+02,-2969,-123.708333
105,1.05000000e+02,-2951,-122.958333
106,1.06000000e+02,-2951,-122.958333
107,1.07000000e+02,-2951,-122.958333
108,1.08000000e+02,-2951,-122.958333
109,1.09000000e+02,-2951,-122.958333
110,1.10000000e+02,-2929,-122.041667
111,1.11000000e+02,-2929,-122.041667
112,1.12000000e+02,-2929,-122.041667
113,1.13000000e+02,-2929,-122.041667
114,1.14000000e+02,-2929,-122.041667
115,1.15000000e+02,-2905,-121.041667
116,1.16000000e+02,-2905,-121.041667
117,1.17000000e+02,-2905,-121.041667
118,1.18000000e+02,-2905,-121.041667
119,1.19000000e+02,-2905,-121.041667
120,1.20000000e+02,-2889,-120.375000
121,1.21000000e+02,-2889,-120.375000
122,1.22000000e+02,-2889,-120.375000
123,1.23000000e+02,-2889,-120.375000
124,1.24000000e+02,-2889,-120.375000
125,1.25000000e+02,-2868,-119.500000
126,1.26000000e+02,-2868,-119.500000
127,1.27000000e+02,-2868,-119.500000
128,1.28000000e+02,-2868,-119.500000
129,1.29000000e+02,-2868,-119.500000
130,1.30000000e+02,-2844,-118.500000
131,1.31000000e+02,-2844,-118.500000
132,1.32000000e+02,-2844,-118.500000
133,1.33000000e+02,-2844,-118.500000
134,1.34000000e+02,-2844,-118.500000
135,1.35000000e+02,-2824,-117.666667
136,1.36000000e+02,-2824,-117.666667
137,1.37000000e+02,-2824,-117.666667
138,1.38000000e+02,-2824,-117.666667
139,1.39000000e+02,-2824,-117.666667
140,1.40000000e+02,-2804,-116.833333
141,1.41000000e+02,-2804,-116.833333
142,1.42000000e+02,-2804,-116.833333
143,1.43000000e+02,-2804,-116.833333
144,1.44000000e+02,-2804,-116.833333
145,1.45000000e+02,-2786,-116.083333
146,1.46000000e+02,-2786,-116.083333
147,1.47000000e+02,-2786,-116.083333
148,1.48000000e+02,-2786,-116.083333
149,1.49000000e+02,-2786,-116.083333
150,1.50000000e+02,-2770,-115.416667
151,1.51000000e+02,-2770,-115.416667
152,1.52000000e+02,-2770,-115.416667
153,1.53000000e+02,-2770,-115.416667
154,1.54000000e+02,-2770,-115.416667
155,1.55000000e+02,-2753,-114.708333
156,1.56000000e+02,-2753,-114.708333
157,1.57000000e+02,-2753,-114.708333
158,1.58000000e+02,-2753,-114.708333
159,1.59000000e+02,-2753,-114.708333
160,1.60000000e+02,-2738,-114.083333
161,1.61000000e+02,-2738,-114.083333
162,1.62000000e+02,-2738,-114.083333
163,1.63000000e+02,-2738,-114.083333
164,1.64000000e+02,-2738,-114.083333
165,1.65000000e+02,-2725,-113.541667
166,1.66000000e+02,-2725,-113.541667
167,1.67000000e+02,-2725,-113.541667
168,1.68000000e+02,-2725,-113.541667
169,1.69000000e+02,-2725,-113.541667
170,1.70000000e+02,-2714,-113.083333
171,1.71000000e+02,-2714,-113.083333
172,1.72000000e+02,-2714,-113.083333
173,1.73000000e+02,-2714,-113.083333
174,1.74000000e+02,-2714,-113.083333
175,1.75000000e+02,-2701,-112.541667
176,1.76000000e+02,-2701,-112.541667
177,1.77000000e+02,-2701,-112.541667
178,1.78000000e+02,-2701,-112.541667
179,1.79000000e+02,-2701,-112.541667
180,1.80000000e+02,-2690,-112.083333
181,1.81000000e+02,-2690,-112.083333
182,1.82000000e+02,-2690,-112.083333
183,1.83000000e+02,-2690,-112.083333
184,1.84000000e+02,-2690,-112.083333
185,1.85000000e+02,-2677,-111.541667
186,1.86000000e+02,-2677,-111.541667
187,1.87000000e+02,-2677,-111.541667
188,1.88000000e+02,-2677,-111.541667
189,1.89000000e+02,-2677,-111.541667
190,1.90000000e+02,-2670,-111.250000
191,1.91000000e+02,-2670,-111.250000
192,1.92000000e+02,-2670,-111.250000
193,1.93000000e+02,-2670,-111.250000
194,1.94000000e+02,-2670,-111.250000
195,1.95000000e+02,-2655,-110.625000
196,1.96000000e+02,-2655,-110.625000
197,1.97000000e+02,-2655,-110.625000
198,1.98000000e+02,-2655,-110.625000
199,1.99000000e+02,-2655,-110.625000
200,2.00000000e+02,-2641,-110.041667
201,2.01000000e+02,-2641,-110.041667
202,2.02000000e+02,-2641,-110.041667
203,2.03000000e+02,-2641,-110.041667
204,2.04000000e+02,-2641,-110.041667
205,2.05000000e+02,-2621,-109.208333
206,2.06000000e+02,-2621,-109.208333
207,2.07000000e+02,-2621,-109.208333
208,2.08000000e+02,-2621,-109.208333
209,2.09000000e+02,-2621,-109.208333
210,2.10000000e+02,-2601,-108.375000
211,2.11000000e+02,-2601,-108.375000
212,2.12000000e+02,-2601,-108.375000
213,2.13000000e+02,-2601,-108.375000
214,2.14000000e+02,-2601,-108.375000
215,2.15000000e+02,-2580,-107.500000
216,2.16000000e+02,-2580,-107.500000
217,2.17000000e+02,-2580,-107.500000
218,2.18000000e+02,-2580,-107.500000
219,2.19000000e+02,-2580,-107.500000
220,2.20000000e+02,-2557,-106.541667
221,2.21000000e+02,-2557,-106.541667
222,2.22000000e+02,-2557,-106.541667
223,2.23000000e+02,-2557,-106.541667
224,2.24000000e+02,-2557,-106.541667
225,2.25000000e+02,-2530,-105.416667
226,2.26000000e+02,-2530,-105.416667
227,2.27000000e+02,-2530,-105.416667
228,2.28000000e+02,-2530,-105.416667
229,2.29000000e+02,-2530,-105.416667
230,2.30000000e+02,-2501,-104.208333
231,2.31000000e+02,-2501,-104.208333
232,2.32000000e+02,-2501,-104.208333
233,2.33000000e+02,-2501,-104.208333
234,2.34000000e+02,-2501,-104.208333
235,2.35000000e+02,-2474,-103.083333
236,2.36000000e+02,-2474,-103.083333
237,2.37000000e+02,-2474,-103.083333
238,2.38000000e+02,-2474,-103.083333
239,2.39000000e+02,-2474,-103.083333
240,2.40000000e+02,-2448,-102.000000
241,2.41000000e+02,-2448,-102.000000
242,2.42000000e+02,-2448,-102.000000
243,2.43000000e+02,-2448,-102.000000
244,2.44000000e+02,-2448,-102.000000
245,2.45000000e+02,-2426,-101.083333
246,2.46000000e+02,-2426,-101.083333
247,2.47000000e+02,-2426,-101.083333
248,2.48000000e+02,-2426,-101.083333
249,2.49000000e+02,-2426,-101.083333
250,2.50000000e+02,-2401,-100.041667
251,2.51000000e+02,-2401,-100.041667
252,2.52000000e+02,-2401,-100.041667
253,2.53000000e+02,-2401,-100.041667
254,2.54000000e+02,-2401,-100.041667
255,2.55000000e+02,-2381,-99.208333
256,2.56000000e+02,-2381,-99.208333
257,2.57000000e+02,-2381,-99.208333
258,2.58000000e+02,-2381,-99.208333
259,2.59000000e+02,-2381,-99.208333
260,2.60000000e+02,-2362,-98.416667
261,2.61000000e+02,-2362,-98.416667
262,2.62000000e+02,-2362,-98.416667
263,2.63000000e+02,-2362,-98.416667
264,2.64000000e+02,-2362,-98.416667
265,2.65000000e+02,-2345,-97.708333
266,2.66000000e+02,-2345,-97.708333
267,2.67000000e+02,-2345,-97.708333
268,2.68000000e+02,-2345,-97.708333
269,2.69000000e+02,-2345,-97.708333
270,2.70000000e+02,-2328,-97.000000
271,2.71000000e+02,-2328,-97.000000
272,2.72000000e+02,-2328,-97.000000
273,2.73000000e+02,-2328,-97.000000
274,2.74000000e+02,-2328,-97.000000
275,2.75000000e+02,-2313,-96.375000
276,2.76000000e+02,-2313,-96.375000
277,2.77000000e+02,-2313,-96.375000
278,2.78000000e+02,-2313,-96.375000
279,2.79000000e+02,-2313,-96.375000
280,2.80000000e+02,-2302,-95.916667
281,2.81000000e+02,-2302,-95.916667
282,2.82000000e+02,-2302,-95.916667
283,2.83000000e+02,-2302,-95.916667
284,2.84000000e+02,-2302,-95.916667
285,2.85000000e+02,-2289,-95.375000
286,2.86000000e+02,-2289,-95.375000
287,2.87000000e+02,-2289,-95.375000
288,2.88000000e+02,-2289,-95.375000
289,2.89000000e+02,-2289,-95.375000
290,2.90000000e+02,-2279,-94.958333
291,2.91000000e+02,-2279,-94.958333
292,2.92000000e+02,-2279,-94.958333
293,2.93000000e+02,-2279,-94.958333
294,2.94000000e+02,-2279,-94.958333
295,2.95000000e+02,-2270,-94.583333
296,2.96000000e+02,-2270,-94.583333
297,2.97000000e+02,-2270,-94.583333
298,2.98000000e+02,-2270,-94.583333
299,2.99000000e+02,-2270,-94.583333
300,3.00000000e+02,-2256,-94.000000
301,3.01000000e+02,-2256,-94.000000
302,3.02000000e+02,-2256,-94.000000
303,3.03000000e+02,-2256,-94.000000
304,3.04000000e+02,-2256,-94.000000
305,3.05000000e+02,-2244,-93.500000
306,3.06000000e+02,-2244,-93.500000
307,3.07000000e+02,-2244,-93.500000
308,3.08000000e+02,-2244,-93.500000
309,3.09000000e+02,-2244,-93.500000
310,3.10000000e+02,-2231,-92.958333
311,3.11000000e+02,-2231,-92.958333
312,3.12000000e+02,-2231,-92.958333
313,3.13000000e+02,-2231,-92.958333
314,3.14000000e+02,-2231,-92.958333
315,3.15000000e+02,-2215,-92.291667
316,3.16000000e+02,-2215,-92.291667
317,3.17000000e+02,-2215,-92.291667
318,3.18000000e+02,-2215,-92.291667
319,3.19000000e+02,-2215,-92.291667
320,3.20000000e+02,-2198,-91.583333
321,3.21000000e+02,-2198,-91.583333
322,3.22000000e+02,-2198,-91.583333
323,3.23000000e+02,-2198,-91.583333
324,3.24000000e+02,-2198,-91.583333
325,3.25000000e+02,-2181,-90.875000
326,3.26000000e+02,-2181,-90.875000
327,3.27000000e+02,-2181,-90.875000
328,3.28000000e+02,-2181,-90.875000
329,3.29000000e+02,-2181,-90.875000
330,3.30000000e+02,-2160,-90.000000
331,3.31000000e+02,-2160,-90.000000
332,3.32000000e+02,-2160,-90.000000
333,3.33000000e+02,-2160,-90.000000
334,3.34000000e+02,-2160,-90.000000
335,3.35000000e+02,-2140,-89.166667
336,3.36000000e+02,-2140,-89.166667
337,3.37000000e+02,-2140,-89.166667
338,3.38000000e+02,-2140,-89.166667
339,3.39000000e+02,-2140,-89.166667
340,3.40000000e+02,-2116,-88.166667
341,3.41000000e+02,-2116,-88.166667
342,3.42000000e+02,-2116,-88.166667
343,3.43000000e+02,-2116,-88.166667
344,3.44000000e+02,-2116,-88.166667
345,3.45000000e+02,-2091,-87.125000
346,3.46000000e+02,-2091,-87.125000
347,3.47000000e+02,-2091,-87.125000
348,3.48000000e+02,-2091,-87.125000
349,3.49000000e+02,-2091,-87.125000
350,3.50000000e+02,-2073,-86.375000
351,3.51000000e+02,-2073,-86.375000
352,3.52000000e+02,-2073,-86.375000
353,3.53000000e+02,-2073,-86.375000
354,3.54000000e+02,-2073,-86.375000
355,3.55000000e+02,-2045,-85.208333
356,3.56000000e+02,-2045,-85.208333
357,3.57000000e+02,-2045,-85.208333
358,3.58000000e+02,-2045,-85.208333
359,3.59000000e+02,-2045,-85.208333
360,3.60000000e+02,-2023,-84.291667
361,3.61000000e+02,-2023,-84.291667
362,3.62000000e+02,-2023,-84.291667
363,3.63000000e+02,-2023,-84.291667
364,3.64000000e+02,-2023,-84.291667
365,3.65000000e+02,-2001,-83.375000
366,3.66000000e+02,-2001,-83.375000
367,3.67000000e+02,-2001,-83.375000
368,3.68000000e+02,-2001,-83.375000
369,3.69000000e+02,-2001,-83.375000
370,3.70000000e+02,-1979,-82.458333
371,3.71000000e+02,-1979,-82.458333
372,3.72000000e+02,-1979,-82.458333
373,3.73000000e+02,-1979,-82.458333
374,3.74000000e+02,-1979,-82.458333
375,3.75000000e+02,-1956,-81.500000
376,3.76000000e+02,-1956,-81.500000
377,3.77000000e+02,-1956,-81.500000
378,3.78000000e+02,-1956,-81.500000
379,3.79000000e+02,-1956,-81.500000
380,3.80000000e+02,-1936,-80.666667
381,3.81000000e+02,-1936,-80.666667
382,3.82000000e+02,-1936,-80.666667
383,3.83000000e+02,-1936,-80.666667
384,3.84000000e+02,-1936,-80.666667
385,3.85000000e+02,-1915,-79.791667
386,3.86000000e+02,-1915,-79.791667
387,3.87000000e+02,-1915,-79.791667
388,3.88000000e+02,-1915,-79.791667
389,3.89000000e+02,-1915,-79.791667
390,3.90000000e+02,-1893,-78.875000
391,3.91000000e+02,-1893,-78.875000
392,3.92000000e+02,-1893,-78.875000
393,3.93000000e+02,-1893,-78.875000
394,3.94000000e+02,-1893,-78.875000
395,3.95000000e+02,-1872,-78.000000
396,3.96000000e+02,-1872,-78.000000
397,3.97000000e+02,-1872,-78.000000
398,3.98000000e+02,-1872,-78.000000
399,3.99000000e+02,-1872,-78.000000
400,4.00000000e+02,-1850,-77.083333
401,4.01000000e+02,-1850,-77.083333
402,4.02000000e+02,-1850,-77.083333
403,4.03000000e+02,-1850,-77.083333
404,4.04000000e+02,-1850,-77.083333
405,4.05000000e+02,-1830,-76.250000
406,4.06000000e+02,-1830,-76.250000
407,4.07000000e+02,-1830,-76.250000
408,4.08000000e+02,-1830,-76.250000
409,4.09000000e+02,-1830,-76.250000
410,4.10000000e+02,-1809,-75.375000
411,4.11000000e+02,-1809,-75.375000
412,4.12000000e+02,-1809,-75.375000
413,4.13000000e+02,-1809,-75.375000
414,4.14000000e+02,-1809,-75.375000
415,4.15000000e+02,-1785,-74.375000
416,4.16000000e+02,-1785,-74.375000
417,4.17000000e+02,-1785,-74.375000
418,4.18000000e+02,-1785,-74.375000
419,4.19000000e+02,-1785,-74.375000
420,4.20000000e+02,-1764,-73.500000
421,4.21000000e+02,-1764,-73.500000
422,4.22000000e+02,-1764,-73.500000
423,4.23000000e+02,-1764,-73.500000
424,4.24000000e+02,-1764,-73.500000
425,4.25000000e+02,-1740,-72.500000
426,4.26000000e+02,-1740,-72.500000
427,4.27000000e+02,-1740,-72.500000
428,4.28000000e+02,-1740,-72.500000
429,4.29000000e+02,-1740,-72.500000
430,4.30000000e+02,-1714,-71.416667
431,4.31000000e+02,-1714,-71.416667
432,4.32000000e+02,-1714,-71.416667
433,4.33000000e+02,-1714,-71.416667
434,4.34000000e+02,-1714,-71.416667
435,4.35000000e+02,-1689,-70.375000
436,4.36000000e+02,-1689,-70.375000
437,4.37000000e+02,-1689,-70.375000
438,4.38000000e+02,-1689,-70.375000
439,4.39000000e+02,-1689,-70.375000
440,4.40000000e+02,-1655,-68.958333
441,4.41000000e+02,-1655,-68.958333
442,4.42000000e+02,-1655,-68.958333
443,4.43000000e+02,-1655,-68.958333
444,4.44000000e+02,-1655,-68.958333
445,4.45000000e+02,-1624,-67.666667
446,4.46000000e+02,-1624,-67.666667
447,4.47000000e+02,-1624,-67.666667
448,4.48000000e+02,-1624,-67.666667
449,4.49000000e+02,-1624,-67.666667
450,4.50000000e+02,-1591,-66.291667
451,4.51000000e+02,-1591,-66.291667
452,4.52000000e+02,-1591,-66.291667
453,4.53000000e+02,-1591,-66.291667
454,4.54000000e+02,-1591,-66.291667
455,4.55000000e+02,-1554,-64.750000
456,4.56000000e+02,-1554,-64.750000
457,4.57000000e+02,-1554,-64.750000
458,4.58000000e+02,-1554,-64.750000
459,4.59000000e+02,-1554,-64.750000
460,4.60000000e+02,-1521,-63.375000
461,4.61000000e+02,-1521,-63.375000
462,4.62000000e+02,-1521,-63.375000
463,4.63000000e+02,-1521,-63.375000
464,4.64000000e+02,-1521,-63.375000
465,4.65000000e+02,-1484,-61.833333
466,4.66000000e+02,-1484,-61.833333
467,4.67000000e+02,-1484,-61.833333
468,4.68000000e+02,-1484,-61.833333
469,4.69000000e+02,-1484,-61.833333
470,4.70000000e+02,-1445,-60.208333
471,4.71000000e+02,-1445,-60.208333
472,4.72000000e+02,-1445,-60.208333
473,4.73000000e+02,-1445,-60.208333
474,4.74000000e+02,-1445,-60.208333
475,4.75000000e+02,-1410,-58.750000
476,4.76000000e+02,-1410,-58.750000
477,4.77000000e+02,-1410,-58.750000
478,4.78000000e+02,-1410,-58.750000
479,4.79000000e+02,-1410,-58.750000
480,4.80000000e+02,-1373,-57.208333
481,4.81000000e+02,-1373,-57.208333
482,4.82000000e+02,-1373,-57.208333
483,4.83000000e+02,-1373,-57.208333
484,4.84000000e+02,-1373,-57.208333
485,4.85000000e+02,-1343,-55.958333
486,4.86000000e+02,-1343,-55.958333
487,4.87000000e+02,-1343,-55.958333
488,4.88000000e+02,-1343,-55.958333
489,4.89000000e+02,-1343,-55.958333
490,4.90000000e+02,-1308,-54.500000
491,4.91000000e+02,-1308,-54.500000
492,4.92000000e+02,-1308,-54.500000
493,4.93000000e+02,-1308,-54.500000
494,4.94000000e+02,-1308,-54.500000
495,4.95000000e+02,-1278,-53.250000
496,4.96000000e+02,-1278,-53.250000
497,4.97000000e+02,-1278,-53.250000
498,4.98000000e+02,-1278,-53.250000
499,4.99000000e+02,-1278,-53.250000
500,5.00000000e+02,-1247,-51.958333
501,5.01000000e+02,-1247,-51.958333
502,5.02000000e+02,-1247,-51.958333
503,5.03000000e+02,-1247,-51.958333
504,5.04000000e+02,-1247,-51.958333
505,5.05000000e+02,-1216,-50.666667
506,5.06000000e+02,-1216,-50.666667
507,5.07000000e+02,-1216,-50.666667
508,5.08000000e+02,-1216,-50.666667
509,5.09000000e+02,-1216,-50.666667
510,5.10000000e+02,-1187,-49.458333
511,5.11000000e+02,-1187,-49.458333
512,5.12000000e+02,-1187,-49.458333
513,5.13000000e+02,-1187,-49.458333
514,5.14000000e+02,-1187,-49.458333
515,5.15000000e+02,-1158,-48.250000
516,5.16000000e+02,-1158,-48.250000
517,5.17000000e+02,-1158,-48.250000
518,5.18000000e+02,-1158,-48.250000
519,5.19000000e+02,-1158,-48.250000
520,5.20000000e+02,-1126,-46.916667
521,5.21000000e+02,-1126,-46.916667
522,5.22000000e+02,-1126,-46.916667
523,5.23000000e+02,-1126,-46.916667
524,5.24000000e+02,-1126,-46.916667
525,5.25000000e+02,-1099,-45.791667
526,5.26000000e+02,-1099,-45.791667
527,5.27000000e+02,-1099,-45.791667
528,5.28000000e+02,-1099,-45.791667
529,5.29000000e+02,-1099,-45.791667
530,5.30000000e+02,-1074,-44.750000
531,5.31000000e+02,-1074,-44.750000
532,5.32000000e+02,-1074,-44.750000
533,5.33000000e+02,-1074,-44.750000
534,5.34000000e+02,-1074,-44.750000
535,5.35000000e+02,-1042,-43.416667
536,5.36000000e+02,-1042,-43.416667
537,5.37000000e+02,-1042,-43.416667
538,5.38000000e+02,-1042,-43.416667
539,5.39000000e+02,-1042,-43.416667
540,5.40000000e+02,-1016,-42.333333
541,5.41000000e+02,-1016,-42.333333
542,5.42000000e+02,-1016,-42.333333
543,5.43000000e+02,-1016,-42.333333
544,5.44000000e+02,-1016,-42.333333
545,5.45000000e+02,-981,-40.875000
546,5.46000000e+02,-981,-40.875000
547,5.47000000e+02,-981,-40.875000
548,5.48000000e+02,-981,-40.875000
549,5.49000000e+02,-981,-40.875000
550,5.50000000e+02,-953,-39.708333
551,5.51000000e+02,-953,-39.708333
552,5.52000000e+02,-953,-39.708333
553,5.53000000e+02,-953,-39.708333
554,5.54000000e+02,-953,-39.708333
555,5.55000000e+02,-920,-38.333333
556,5.56000000e+02,-920,-38.333333
557,5.57000000e+02,-920,-38.333333
558,5.58000000e+02,-920,-38.333333
559,5.59000000e+02,-920,-38.333333
560,5.60000000e+02,-886,-36.916667
561,5.61000000e+02,-886,-36.916667
562,5.62000000e+02,-886,-36.916667
563,5.63000000e+02,-886,-36.916667
564,5.64000000e+02,-886,-36.916667
565,5.65000000e+02,-853,-35.541667
566,5.66000000e+02,-853,-35.541667
567,5.67000000e+02,-853,-35.541667
568,5.68000000e+02,-853,-35.541667
569,5.69000000e+02,-853,-35.541667
570,5.70000000e+02,-818,-34.083333
571,5.71000000e+02,-818,-34.083333
572,5.72000000e+02,-818,-34.083333
573,5.73000000e+02,-818,-34.083333
574,5.74000000e+02,-818,-34.083333
575,5.75000000e+02,-785,-32.708333
576,5.76000000e+02,-785,-32.708333
577,5.77000000e+02,-785,-32.708333
578,5.78000000e+02,-785,-32.708333
579,5.79000000e+02,-785,-32.708333
580,5.80000000e+02,-751,-31.291667
581,5.81000000e+02,-751,-31.291667
582,5.82000000e+02,-751,-31.291667
583,5.83000000e+02,-751,-31.291667
584,5.84000000e+02,-751,-31.291667
585,5.85000000e+02,-710,-29.583333
586,5.86000000e+02,-710,-29.583333
587,5.87000000e+02,-710,-29.583333
588,5.88000000e+02,-710,-29.583333
589,5.89000000e+02,-710,-29.583333
590,5.90000000e+02,-678,-28.250000
591,5.91000000e+02,-678,-28.250000
592,5.92000000e+02,-678,-28.250000
593,5.93000000e+02,-678,-28.250000
594,5.94000000e+02,-678,-28.250000
595,5.95000000e+02,-640,-26.666667
596,5.96000000e+02,-640,-26.666667
597,5.97000000e+02,-640,-26.666667
598,5.98000000e+02,-640,-26.666667
599,5.99000000e+02,-640,-26.666667
600,6.00000000e+02,-606,-25.250000
601,6.01000000e+02,-606,-25.250000
602,6.02000000e+02,-606,-25.250000
603,6.03000000e+02,-606,-25.250000
604,6.04000000e+02,-606,-25.250000
605,6.05000000e+02,-573,-23.875000
606,6.06000000e+02,-573,-23.875000
607,6.07000000e+02,-573,-23.875000
608,6.08000000e+02,-573,-23.875000
609,6.09000000e+02,-573,-23.875000
610,6.10000000e+02,-546,-22.750000
611,6.11000000e+02,-546,-22.750000
612,6.12000000e+02,-546,-22.750000
613,6.13000000e+02,-546,-22.750000
614,6.14000000e+02,-546,-22.750000
615,6.15000000e+02,-511,-21.291667
616,6.16000000e+02,-511,-21.291667
617,6.17000000e+02,-511,-21.291667
618,6.18000000e+02,-511,-21.291667
619,6.19000000e+02,-511,-21.291667
620,6.20000000e+02,-479,-19.958333
621,6.21000000e+02,-479,-19.958333
622,6.22000000e+02,-479,-19.958333
623,6.23000000e+02,-479,-19.958333
624,6.24000000e+02,-479,-19.958333
625,6.25000000e+02,-448,-18.666667
626,6.26000000e+02,-448,-18.666667
627,6.27000000e+02,-448,-18.666667
628,6.28000000e+02,-448,-18.666667
629,6.29000000e+02,-448,-18.666667
630,6.30000000e+02,-416,-17.333333
631,6.31000000e+02,-416,-17.333333
632,6.32000000e+02,-416,-17.333333
633,6.33000000e+02,-416,-17.333333
634,6.34000000e+02,-416,-17.333333
635,6.35000000e+02,-381,-15.875000
636,6.36000000e+02,-381,-15.875000
637,6.37000000e+02,-381,-15.875000
638,6.38000000e+02,-381,-15.875000
639,6.39000000e+02,-381,-15.875000
640,6.40000000e+02,-347,-14.458333
641,6.41000000e+02,-347,-14.458333
642,6.42000000e+02,-347,-14.458333
643,6.43000000e+02,-347,-14.458333
644,6.44000000e+02,-347,-14.458333
645,6.45000000e+02,-314,-13.083333
646,6.46000000e+02,-314,-13.083333
647,6.47000000e+02,-314,-13.083333
648,6.48000000e+02,-314,-13.083333
649,6.49000000e+02,-314,-13.083333
650,6.50000000e+02,-280,-11.666667
651,6.51000000e+02,-280,-11.666667
652,6.52000000e+02,-280,-11.666667
653,6.53000000e+02,-280,-11.666667
654,6.54000000e+02,-280,-11.666667
655,6.55000000e+02,-243,-10.125000
656,6.56000000e+02,-243,-10.125000
657,6.57000000e+02,-243,-10.125000
658,6.58000000e+02,-243,-10.125000
659,6.59000000e+02,-243,-10.125000
660,6.60000000e+02,-207,-8.625000
661,6.61000000e+02,-207,-8.625000
662,6.62000000e+02,-207,-8.625000
663,6.63000000e+02,-207,-8.625000
664,6.64000000e+02,-207,-8.625000
665,6.65000000e+02,-167,-6.958333
666,6.66000000e+02,-167,-6.958333
667,6.67000000e+02,-167,-6.958333
668,6.68000000e+02,-167,-6.958333
669,6.69000000e+02,-167,-6.958333
670,6.70000000e+02,-129,-5.375000
671,6.71000000e+02,-129,-5.375000
672,6.72000000e+02,-129,-5.375000
673,6.73000000e+02,-129,-5.375000
674,6.74000000e+02,-129,-5.375000
675,6.75000000e+02,-88,-3.666667
676,6.76000000e+02,-88,-3.666667
677,6.77000000e+02,-88,-3.666667
678,6.78000000e+02,-88,-3.666667
679,6.79000000e+02,-88,-3.666667
680,6.80000000e+02,-50,-2.083333
681,6.81000000e+02,-50,-2.083333
682,6.82000000e+02,-50,-2.083333
683,6.83000000e+02,-50,-2.083333
684,6.84000000e+02,-50,-2.083333
685,6.85000000e+02,-11,-0.458333
686,6.86000000e+02,-11,-0.458333
687,6.87000000e+02,-11,-0.458333
688,6.88000000e+02,-11,-0.458333
689,6.89000000e+02,-11,-0.458333
690,6.90000000e+02,30,1.250000
691,6.91000000e+02,30,1.250000
692,6.92000000e+02,30,1.250000
693,6.93000000e+02,30,1.250000
694,6.94000000e+02,30,1.250000
695,6.95000000e+02,70,2.916667
696,6.96000000e+02,70,2.916667
697,6.97000000e+02,70,2.916667
698,6.98000000e+02,70,2.916667
699,6.99000000e+02,70,2.916667
700,7.00000000e+02,108,4.500000
701,7.01000000e+02,108,4.500000
702,7.02000000e+02,108,4.500000
703,7.03000000e+02,108,4.500000
704,7.04000000e+02,108,4.500000
705,7.05000000e+02,147,6.125000
706,7.06000000e+02,147,6.125000
707,7.07000000e+02,147,6.125000
708,7.08000000e+02,147,6.125000
709,7.09000000e+02,147,6.125000
710,7.10000000e+02,185,7.708333
711,7.11000000e+02,185,7.708333
712,7.12000000e+02,185,7.708333
713,7.13000000e+02,185,7.708333
714,7.14000000e+02,185,7.708333
715,7.15000000e+02,222,9.250000
716,7.16000000e+02,222,9.250000
717,7.17000000e+02,222,9.250000
718,7.18000000e+02,222,9.250000
719,7.19000000e+02,222,9.250000
720,7.20000000e+02,258,10.750000
721,7.21000000e+02,258,10.750000
722,7.22000000e+02,258,10.750000
723,7.23000000e+02,258,10.750000
724,7.24000000e+02,258,10.750000
725,7.25000000e+02,294,12.250000
726,7.26000000e+02,294,12.250000
727,7.27000000e+02,294,12.250000
728,7.28000000e+02,294,12.250000
729,7.29000000e+02,294,12.250000
730,7.30000000e+02,322,13.416667
731,7.31000000e+02,322,13.416667
732,7.32000000e+02,322,13.416667
733,7.33000000e+02,322,13.416667
734,7.34000000e+02,322,13.416667
735,7.35000000e+02,358,14.916667
736,7.36000000e+02,358,14.916667
737,7.37000000e+02,358,14.916667
738,7.38000000e+02,358,14.916667
739,7.39000000e+02,358,14.916667
740,7.40000000e+02,389,16.208333
741,7.41000000e+02,389,16.208333
742,7.42000000e+02,389,16.208333
743,7.43000000e+02,389,16.208333
744,7.44000000e+02,389,16.208333
745,7.45000000e+02,422,17.583333
746,7.46000000e+02,422,17.583333
747,7.47000000e+02,422,17.583333
748,7.48000000e+02,422,17.583333
749,7.49000000e+02,422,17.583333
750,7.50000000e+02,451,18.791667
751,7.51000000e+02,451,18.791667
752,7.52000000e+02,451,18.791667
753,7.53000000e+02,451,18.791667
754,7.54000000e+02,451,18.791667
755,7.55000000e+02,484,20.166667
756,7.56000000e+02,484,20.166667
757,7.57000000e+02,484,20.166667
758,7.58000000e+02,484,20.166667
759,7.59000000e+02,484,20.166667
760,7.60000000e+02,514,21.416667
761,7.61000000e+02,514,21.416667
762,7.62000000e+02,514,21.416667
763,7.63000000e+02,514,21.416667
764,7.64000000e+02,514,21.416667
765,7.65000000e+02,545,22.708333
766,7.66000000e+02,545,22.708333
767,7.67000000e+02,545,22.708333
768,7.68000000e+02,545,22.708333
769,7.69000000e+02,545,22.708333
770,7.70000000e+02,578,24.083333
771,7.71000000e+02,578,24.083333
772,7.72000000e+02,578,24.083333
773,7.73000000e+02,578,24.083333
774,7.74000000e+02,578,24.083333
775,7.75000000e+02,616,25.666667
776,7.76000000e+02,616,25.666667
777,7.77000000e+02,616,25.666667
778,7.78000000e+02,616,25.666667
779,7.79000000e+02,616,25.666667
780,7.80000000e+02,648,27.000000
781,7.81000000e+02,648,27.000000
782,7.82000000e+02,648,27.000000
783,7.83000000e+02,648,27.000000
784,7.84000000e+02,648,27.000000
785,7.85000000e+02,681,28.375000
786,7.86000000e+02,681,28.375000
787,7.87000000e+02,681,28.375000
788,7.88000000e+02,681,28.375000
789,7.89000000e+02,681,28.375000
790,7.90000000e+02,717,29.875000
791,7.91000000e+02,717,29.875000
792,7.92000000e+02,717,29.875000
793,7.93000000e+02,717,29.875000
794,7.94000000e+02,717,29.875000
795,7.95000000e+02,754,31.416667
796,7.96000000e+02,754,31.416667
797,7.97000000e+02,754,31.416667
798,7.98000000e+02,754,31.416667
799,7.99000000e+02,754,31.416667
800,8.00000000e+02,789,32.875000
801,8.01000000e+02,789,32.875000
802,8.02000000e+02,789,32.875000
803,8.03000000e+02,789,32.875000
804,8.04000000e+02,789,32.875000
805,8.05000000e+02,824,34.333333
806,8.06000000e+02,824,34.333333
807,8.07000000e+02,824,34.333333
808,8.08000000e+02,824,34.333333
809,8.09000000e+02,824,34.333333
810,8.10000000e+02,860,35.833333
811,8.11000000e+02,860,35.833333
812,8.12000000e+02,860,35.833333
813,8.13000000e+02,860,35.833333
814,8.14000000e+02,860,35.833333
815,8.15000000e+02,899,37.458333
816,8.16000000e+02,899,37.458333
817,8.17000000e+02,899,37.458333
818,8.18000000e+02,899,37.458333
819,8.19000000e+02,899,37.458333
820,8.20000000e+02,932,38.833333
821,8.21000000e+02,932,38.833333
822,8.22000000e+02,932,38.833333
823,8.23000000e+02,932,38.833333
824,8.24000000e+02,932,38.833333
825,8.25000000e+02,964,40.166667
826,8.26000000e+02,964,40.166667
827,8.27000000e+02,964,40.166667
828,8.28000000e+02,964,40.166667
829,8.29000000e+02,964,40.166667
830,8.30000000e+02,996,41.500000
831,8.31000000e+02,996,41.500000
832,8.32000000e+02,996,41.500000
833,8.33000000e+02,996,41.500000
834,8.34000000e+02,996,41.500000
835,8.35000000e+02,1028,42.833333
836,8.36000000e+02,1028,42.833333
837,8.37000000e+02,1028,42.833333
838,8.38000000e+02,1028,42.833333
839,8.39000000e+02,1028,42.833333
840,8.40000000e+02,1060,44.166667
841,8.41000000e+02,1060,44.166667
842,8.42000000e+02,1060,44.166667
843,8.43000000e+02,1060,44.166667
844,8.44000000e+02,1060,44.166667
845,8.45000000e+02,1090,45.416667
846,8.46000000e+02,1090,45.416667
847,8.47000000e+02,1090,45.416667
848,8.48000000e+02,1090,45.416667
849,8.49000000e+02,1090,45.416667
850,8.50000000e+02,1119,46.625000
851,8.51000000e+02,1119,46.625000
852,8.52000000e+02,1119,46.625000
853,8.53000000e+02,1119,46.625000
854,8.54000000e+02,1119,46.625000
855,8.55000000e+02,1148,47.833333
856,8.56000000e+02,1148,47.833333
857,8.57000000e+02,1148,47.833333
858,8.58000000e+02,1148,47.833333
859,8.59000000e+02,1148,47.833333
860,8.60000000e+02,1179,49.125000
861,8.61000000e+02,1179,49.125000
862,8.62000000e+02,1179,49.125000
863,8.63000000e+02,1179,49.125000
864,8.64000000e+02,1179,49.125000
865,8.65000000e+02,1210,50.416667
866,8.66000000e+02,1210,50.416667
867,8.67000000e+02,1210,50.416667
868,8.68000000e+02,1210,50.416667
869,8.69000000e+02,1210,50.416667
870,8.70000000e+02,1241,51.708333
871,8.71000000e+02,1241,51.708333
872,8.72000000e+02,1241,51.708333
873,8.73000000e+02,1241,51.708333
874,8.74000000e+02,1241,51.708333
875,8.75000000e+02,1275,53.125000
876,8.76000000e+02,1275,53.125000
877,8.77000000e+02,1275,53.125000
878,8.78000000e+02,1275,53.125000
879,8.79000000e+02,1275,53.125000
880,8.80000000e+02,1305,54.375000
881,8.81000000e+02,1305,54.375000
882,8.82000000e+02,1305,54.375000
883,8.83000000e+02,1305,54.375000
884,8.84000000e+02,1305,54.375000
885,8.85000000e+02,1338,55.750000
886,8.86000000e+02,1338,55.750000
887,8.87000000e+02,1338,55.750000
888,8.88000000e+02,1338,55.750000
889,8.89000000e+02,1338,55.750000
890,8.90000000e+02,1377,57.375000
891,8.91000000e+02,1377,57.375000
892,8.92000000e+02,1377,57.375000
893,8.93000000e+02,1377,57.375000
894,8.94000000e+02,1377,57.375000
895,8.95000000e+02,1412,58.833333
896,8.96000000e+02,1412,58.833333
897,8.97000000e+02,1412,58.833333
898,8.98000000e+02,1412,58.833333
899,8.99000000e+02,1412,58.833333
900,9.00000000e+02,1445,60.208333
901,9.01000000e+02,1445,60.208333
902,9.02000000e+02,1445,60.208333
903,9.03000000e+02,1445,60.208333
904,9.04000000e+02,1445,60.208333
905,9.05000000e+02,1484,61.833333
906,9.06000000e+02,1484,61.833333
907,9.07000000e+02,1484,61.833333
908,9.08000000e+02,1484,61.833333
909,9.09000000e+02,1484,61.833333
910,9.10000000e+02,1521,63.375000
911,9.11000000e+02,1521,63.375000
912,9.12000000e+02,1521,63.375000
913,9.13000000e+02,1521,63.375000
914,9.14000000e+02,1521,63.375000
915,9.15000000e+02,1556,64.833333
916,9.16000000e+02,1556,64.833333
917,9.17000000e+02,1556,64.833333
918,9.18000000e+02,1556,64.833333
919,9.19000000e+02,1556,64.833333
920,9.20000000e+02,1594,66.416667
921,9.21000000e+02,1594,66.416667
922,9.22000000e+02,1594,66.416667
923,9.23000000e+02,1594,66.416667
924,9.24000000e+02,1594,66.416667
925,9.25000000e+02,1627,67.791667
926,9.26000000e+02,1627,67.791667
927,9.27000000e+02,1627,67.791667
928,9.28000000e+02,1627,67.791667
929,9.29000000e+02,1627,67.791667
930,9.30000000e+02,1659,69.125000
931,9.31000000e+02,1659,69.125000
932,9.32000000e+02,1659,69.125000
933,9.33000000e+02,1659,69.125000
934,9.34000000e+02,1659,69.125000
935,9.35000000e+02,1691,70.458333
936,9.36000000e+02,1691,70.458333
937,9.37000000e+02,1691,70.458333
938,9.38000000e+02,1691,70.458333
939,9.39000000e+02,1691,70.458333
940,9.40000000e+02,1714,71.416667
941,9.41000000e+02,1714,71.416667
942,9.42000000e+02,1714,71.416667
943,9.43000000e+02,1714,71.416667
944,9.44000000e+02,1714,71.416667
945,9.45000000e+02,1744,72.666667
946,9.46000000e+02,1744,72.666667
947,9.47000000e+02,1744,72.666667
948,9.48000000e+02,1744,72.666667
949,9.49000000e+02,1744,72.666667
950,9.50000000e+02,1768,73.666667
951,9.51000000e+02,1768,73.666667
952,9.52000000e+02,1768,73.666667
953,9.53000000e+02,1768,73.666667
954,9.54000000e+02,1768,73.666667
955,9.55000000e+02,1793,74.708333
956,9.56000000e+02,1793,74.708333
957,9.57000000e+02,1793,74.708333
958,9.58000000e+02,1793,74.708333
959,9.59000000e+02,1793,74.708333
960,9.60000000e+02,1815,75.625000
961,9.61000000e+02,1815,75.625000
962,9.62000000e+02,1815,75.625000
963,9.63000000e+02,1815,75.625000
964,9.64000000e+02,1815,75.625000
965,9.65000000e+02,1837,76.541667
966,9.66000000e+02,1837,76.541667
967,9.67000000e+02,1837,76.541667
968,9.68000000e+02,1837,76.541667
969,9.69000000e+02,1837,76.541667
970,9.70000000e+02,1858,77.416667
971,9.71000000e+02,1858,77.416667
972,9.72000000e+02,1858,77.416667
973,9.73000000e+02,1858,77.416667
974,9.74000000e+02,1858,77.416667
975,9.75000000e+02,1880,78.333333
976,9.76000000e+02,1880,78.333333
977,9.77000000e+02,1880,78.333333
978,9.78000000e+02,1880,78.333333
979,9.79000000e+02,1880,78.333333
980,9.80000000e+02,1900,79.166667
981,9.81000000e+02,1900,79.166667
982,9.82000000e+02,1900,79.166667
983,9.83000000e+02,1900,79.166667
984,9.84000000e+02,1900,79.166667
985,9.85000000e+02,1921,80.041667
986,9.86000000e+02,1921,80.041667
987,9.87000000e+02,1921,80.041667
988,9.88000000e+02,1921,80.041667
989,9.89000000e+02,1921,80.041667
990,9.90000000e+02,1942,80.916667
991,9.91000000e+02,1942,80.916667
992,9.92000000e+02,1942,80.916667
993,9.93000000e+02,1942,80.916667
994,9.94000000e+02,1942,80.916667
995,9.95000000e+02,1965,81.875000
996,9.96000000e+02,1965,81.875000
997,9.97000000e+02,1965,81.875000
998,9.98000000e+02,1965,81.875000
999,9.99000000e+02,1965,81.875000
1000,1.00000000e+03,1987,82.791667
1001,1.00100000e+03,1987,82.791667
1002,1.00200000e+03,1987,82.791667
1003,1.00300000e+03,1987,82.791667
1004,1.00400000e+03,1987,82.791667
1005,1.00500000e+03,2006,83.583333
1006,1.00600000e+03,2006,83.583333
1007,1.00700000e+03,2006,83.583333
1008,1.00800000e+03,2006,83.583333
1009,1.00900000e+03,2006,83.583333
1010,1.01000000e+03,2028,84.500000
1011,1.01100000e+03,2028,84.500000
1012,1.01200000e+03,2028,84.500000
1013,1.01300000e+03,2028,84.500000
1014,1.01400000e+03,2028,84.500000
1015,1.01500000e+03,2052,85.500000
1016,1.01600000e+03,2052,85.500000
1017,1.01700000e+03,2052,85.500000
1018,1.01800000e+03,2052,85.500000
1019,1.01900000e+03,2052,85.500000
1020,1.02000000e+03,2077,86.541667
1021,1.02100000e+03,2077,86.541667
1022,1.02200000e+03,2077,86.541667
1023,1.02300000e+03,2077,86.541667
1024,1.02400000e+03,2077,86.541667
1025,1.02500000e+03,2103,87.625000
1026,1.02600000e+03,2103,87.625000
1027,1.02700000e+03,2103,87.625000
1028,1.02800000e+03,2103,87.625000
1029,1.02900000e+03,2103,87.625000
1030,1.03000000e+03,2124,88.500000
1031,1.03100000e+03,2124,88.500000
1032,1.03200000e+03,2124,88.500000
1033,1.03300000e+03,2124,88.500000
1034,1.03400000e+03,2124,88.500000
1035,1.03500000e+03,2149,89.541667
1036,1.03600000e+03,2149,89.541667
1037,1.03700000e+03,2149,89.541667
1038,1.03800000e+03,2149,89.541667
1039,1.03900000e+03,2149,89.541667
1040,1.04000000e+03,2175,90.625000
1041,1.04100000e+03,2175,90.625000
1042,1.04200000e+03,2175,90.625000
1043,1.04300000e+03,2175,90.625000
1044,1.04400000e+03,2175,90.625000
1045,1.04500000e+03,2194,91.416667
1046,1.04600000e+03,2194,91.416667
1047,1.04700000e+03,2194,91.416667
1048,1.04800000e+03,2194,91.416667
1049,1.04900000e+03,2194,91.416667
1050,1.05000000e+03,2214,92.250000
1051,1.05100000e+03,2214,92.250000
1052,1.05200000e+03,2214,92.250000
1053,1.05300000e+03,2214,92.250000
1054,1.05400000e+03,2214,92.250000
1055,1.05500000e+03,2232,93.000000
1056,1.05600000e+03,2232,93.000000
1057,1.05700000e+03,2232,93.000000
1058,1.05800000e+03,2232,93.000000
1059,1.05900000e+03,2232,93.000000
1060,1.06000000e+03,2247,93.625000
1061,1.06100000e+03,2247,93.625000
1062,1.06200000e+03,2247,93.625000
1063,1.06300000e+03,2247,93.625000
1064,1.06400000e+03,2247,93.625000
1065,1.06500000e+03,2268,94.500000
1066,1.06600000e+03,2268,94.500000
1067,1.06700000e+03,2268,94.500000
1068,1.06800000e+03,2268,94.500000
1069,1.06900000e+03,2268,94.500000
1070,1.07000000e+03,2278,94.916667
1071,1.07100000e+03,2278,94.916667
1072,1.07200000e+03,2278,94.916667
1073,1.07300000e+03,2278,94.916667
1074,1.07400000e+03,2278,94.916667
1075,1.07500000e+03,2296,95.666667
1076,1.07600000e+03,2296,95.666667
1077,1.07700000e+03,2296,95.666667
1078,1.07800000e+03,2296,95.666667
1079,1.07900000e+03,2296,95.666667
1080,1.08000000e+03,2307,96.125000
1081,1.08100000e+03,2307,96.125000
1082,1.08200000e+03,2307,96.125000
1083,1.08300000e+03,2307,96.125000
1084,1.08400000e+03,2307,96.125000
1085,1.08500000e+03,2318,96.583333
1086,1.08600000e+03,2318,96.583333
1087,1.08700000e+03,2318,96.583333
1088,1.08800000e+03,2318,96.583333
1089,1.08900000e+03,2318,96.583333
1090,1.09000000e+03,2330,97.083333
1091,1.09100000e+03,2330,97.083333
1092,1.09200000e+03,2330,97.083333
1093,1.09300000e+03,2330,97.083333
1094,1.09400000e+03,2330,97.083333
1095,1.09500000e+03,2341,97.541667
1096,1.09600000e+03,2341,97.541667
1097,1.09700000e+03,2341,97.541667
1098,1.09800000e+03,2341,97.541667
1099,1.09900000e+03,2341,97.541667
1100,1.10000000e+03,2355,98.125000
1101,1.10100000e+03,2355,98.125000
1102,1.10200000e+03,2355,98.125000
1103,1.10300000e+03,2355,98.125000
1104,1.10400000e+03,2355,98.125000
1105,1.10500000e+03,2370,98.750000
1106,1.10600000e+03,2370,98.750000
1107,1.10700000e+03,2370,98.750000
1108,1.10800000e+03,2370,98.750000
1109,1.10900000e+03,2370,98.750000
1110,1.11000000e+03,2387,99.458333
1111,1.11100000e+03,2387,99.458333
1112,1.11200000e+03,2387,99.458333
1113,1.11300000e+03,2387,99.458333
1114,1.11400000e+03,2387,99.458333
1115,1.11500000e+03,2408,100.333333
1116,1.11600000e+03,2408,100.333333
1117,1.11700000e+03,2408,100.333333
1118,1.11800000e+03,2408,100.333333
1119,1.11900000e+03,2408,100.333333
1120,1.12000000e+03,2425,101.041667
1121,1.12100000e+03,2425,101.041667
1122,1.12200000e+03,2425,101.041667
1123,1.12300000e+03,2425,101.041667
1124,1.12400000e+03,2425,101.041667
1125,1.12500000e+03,2444,101.833333
1126,1.12600000e+03,2444,101.833333
1127,1.12700000e+03,2444,101.833333
1128,1.12800000e+03,2444,101.833333
1129,1.12900000e+03,2444,101.833333
1130,1.13000000e+03,2473,103.041667
1131,1.13100000e+03,2473,103.041667
1132,1.13200000e+03,2473,103.041667
1133,1.13300000e+03,2473,103.041667
1134,1.13400000e+03,2473,103.041667
1135,1.13500000e+03,2496,104.000000
1136,1.13600000e+03,2496,104.000000
1137,1.13700000e+03,2496,104.000000
1138,1.13800000e+03,2496,104.000000
1139,1.13900000e+03,2496,104.000000
1140,1.14000000e+03,2522,105.083333
1141,1.14100000e+03,2522,105.083333
1142,1.14200000e+03,2522,105.083333
1143,1.14300000e+03,2522,105.083333
1144,1.14400000e+03,2522,105.083333
1145,1.14500000e+03,2551,106.291667
1146,1.14600000e+03,2551,106.291667
1147,1.14700000e+03,2551,106.291667
1148,1.14800000e+03,2551,106.291667
1149,1.14900000e+03,2551,106.291667
1150,1.15000000e+03,2575,107.291667
1151,1.15100000e+03,2575,107.291667
1152,1.15200000e+03,2575,107.291667
1153,1.15300000e+03,2575,107.291667
1154,1.15400000e+03,2575,107.291667
1155,1.15500000e+03,2598,108.250000
1156,1.15600000e+03,2598,108.250000
1157,1.15700000e+03,2598,108.250000
1158,1.15800000e+03,2598,108.250000
1159,1.15900000e+03,2598,108.250000
1160,1.16000000e+03,2622,109.250000
1161,1.16100000e+03,2622,109.250000
1162,1.16200000e+03,2622,109.250000
1163,1.16300000e+03,2622,109.250000
1164,1.16400000e+03,2622,109.250000
1165,1.16500000e+03,2638,109.916667
1166,1.16600000e+03,2638,109.916667
1167,1.16700000e+03,2638,109.916667
1168,1.16800000e+03,2638,109.916667
1169,1.16900000e+03,2638,109.916667
1170,1.17000000e+03,2659,110.791667
1171,1.17100000e+03,2659,110.791667
1172,1.17200000e+03,2659,110.791667
1173,1.17300000e+03,2659,110.791667
1174,1.17400000e+03,2659,110.791667
1175,1.17500000e+03,2671,111.291667
1176,1.17600000e+03,2671,111.291667
1177,1.17700000e+03,2671,111.291667
1178,1.17800000e+03,2671,111.291667
1179,1.17900000e+03,2671,111.291667
1180,1.18000000e+03,2684,111.833333
1181,1.18100000e+03,2684,111.833333
1182,1.18200000e+03,2684,111.833333
1183,1.18300000e+03,2684,111.833333
1184,1.18400000e+03,2684,111.833333
1185,1.18500000e+03,2696,112.333333
1186,1.18600000e+03,2696,112.333333
1187,1.18700000e+03,2696,112.333333
1188,1.18800000e+03,2696,112.333333
1189,1.18900000e+03,2696,112.333333
1190,1.19000000e+03,2708,112.833333
1191,1.19100000e+03,2708,112.833333
1192,1.19200000e+03,2708,112.833333
1193,1.19300000e+03,2708,112.833333
1194,1.19400000e+03,2708,112.833333
1195,1.19500000e+03,2716,113.166667
1196,1.19600000e+03,2716,113.166667
1197,1.19700000e+03,2716,113.166667
1198,1.19800000e+03,2716,113.166667
1199,1.19900000e+03,2716,113.166667
1200,1.20000000e+03,2725,113.541667
1201,1.20100000e+03,2725,113.541667
1202,1.20200000e+03,2725,113.541667
1203,1.20300000e+03,2725,113.541667
1204,1.20400000e+03,2725,113.541667
1205,1.20500000e+03,2734,113.916667
1206,1.20600000e+03,2734,113.916667
1207,1.20700000e+03,2734,113.916667
1208,1.20800000e+03,2734,113.916667
1209,1.20900000e+03,2734,113.916667
1210,1.21000000e+03,2745,114.375000
1211,1.21100000e+03,2745,114.375000
1212,1.21200000e+03,2745,114.375000
1213,1.21300000e+03,2745,114.375000
1214,1.21400000e+03,2745,114.375000
1215,1.21500000e+03,2761,115.041667
1216,1.21600000e+03,2761,115.041667
1217,1.21700000e+03,2761,115.041667
1218,1.21800000e+03,2761,115.041667
1219,1.21900000e+03,2761,115.041667
1220,1.22000000e+03,2773,115.541667
1221,1.22100000e+03,2773,115.541667
1222,1.22200000e+03,2773,115.541667
1223,1.22300000e+03,2773,115.541667
1224,1.22400000e+03,2773,115.541667
1225,1.22500000e+03,2788,116.166667
1226,1.22600000e+03,2788,116.166667
1227,1.22700000e+03,2788,116.166667
1228,1.22800000e+03,2788,116.166667
1229,1.22900000e+03,2788,116.166667
1230,1.23000000e+03,2804,116.833333
1231,1.23100000e+03,2804,116.833333
1232,1.23200000e+03,2804,116.833333
1233,1.23300000e+03,2804,116.833333
1234,1.23400000e+03,2804,116.833333
1235,1.23500000e+03,2819,117.458333
1236,1.23600000e+03,2819,117.458333
1237,1.23700000e+03,2819,117.458333
1238,1.23800000e+03,2819,117.458333
1239,1.23900000e+03,2819,117.458333
1240,1.24000000e+03,2839,118.291667
1241,1.24100000e+03,2839,118.291667
1242,1.24200000e+03,2839,118.291667
1243,1.24300000e+03,2839,118.291667
1244,1.24400000e+03,2839,118.291667
1245,1.24500000e+03,2858,119.083333
1246,1.24600000e+03,2858,119.083333
1247,1.24700000e+03,2858,119.083333
1248,1.24800000e+03,2858,119.083333
1249,1.24900000e+03,2858,119.083333
1250,1.25000000e+03,2875,119.791667
1251,1.25100000e+03,2875,119.791667
1252,1.25200000e+03,2875,119.791667
1253,1.25300000e+03,2875,119.791667
1254,1.25400000e+03,2875,119.791667
1255,1.25500000e+03,2899,120.791667
1256,1.25600000e+03,2899,120.791667
1257,1.25700000e+03,2899,120.791667
1258,1.25800000e+03,2899,120.791667
1259,1.25900000e+03,2899,120.791667
1260,1.26000000e+03,2919,121.625000
1261,1.26100000e+03,2919,121.625000
1262,1.26200000e+03,2919,121.625000
1263,1.26300000e+03,2919,121.625000
1264,1.26400000e+03,2919,121.625000
1265,1.26500000e+03,2938,122.416667
1266,1.26600000e+03,2938,122.416667
1267,1.26700000e+03,2938,122.416667
1268,1.26800000e+03,2938,122.416667
1269,1.26900000e+03,2938,122.416667
1270,1.27000000e+03,2960,123.333333
1271,1.27100000e+03,2960,123.333333
1272,1.27200000e+03,2960,123.333333
1273,1.27300000e+03,2960,123.333333
1274,1.27400000e+03,2960,123.333333
1275,1.27500000e+03,2983,124.291667
1276,1.27600000e+03,2983,124.291667
1277,1.27700000e+03,2983,124.291667
1278,1.27800000e+03,2983,124.291667
1279,1.27900000e+03,2983,124.291667
1280,1.28000000e+03,2997,124.875000
1281,1.28100000e+03,2997,124.875000
1282,1.28200000e+03,2997,124.875000
1283,1.28300000e+03,2997,124.875000
1284,1.28400000e+03,2997,124.875000
1285,1.28500000e+03,3014,125.583333
1286,1.28600000e+03,3014,125.583333
1287,1.28700000e+03,3014,125.583333
1288,1.28800000e+03,3014,125.583333
1289,1.28900000e+03,3014,125.583333
1290,1.29000000e+03,3025,126.041667
1291,1.29100000e+03,3025,126.041667
1292,1.29200000e+03,3025,126.041667
1293,1.29300000e+03,3025,126.041667
1294,1.29400000e+03,3025,126.041667
1295,1.29500000e+03,3036,126.500000
1296,1.29600000e+03,3036,126.500000
1297,1.29700000e+03,3036,126.500000
1298,1.29800000e+03,3036,126.500000
1299,1.29900000e+03,3036,126.500000
1300,1.30000000e+03,3045,126.875000
1301,1.30100000e+03,3045,126.875000
1302,1.30200000e+03,3045,126.875000
1303,1.30300000e+03,3045,126.875000
1304,1.30400000e+03,3045,126.875000
1305,1.30500000e+03,3053,127.208333
1306,1.30600000e+03,3053,127.208333
1307,1.30700000e+03,3053,127.208333
1308,1.30800000e+03,3053,127.208333
1309,1.30900000e+03,3053,127.208333
1310,1.31000000e+03,3060,127.500000
1311,1.31100000e+03,3060,127.500000
1312,1.31200000e+03,3060,127.500000
1313,1.31300000e+03,3060,127.500000
1314,1.31400000e+03,3060,127.500000
1315,1.31500000e+03,3069,127.875000
1316,1.31600000e+03,3069,127.875000
1317,1.31700000e+03,3069,127.875000
1318,1.31800000e+03,3069,127.875000
1319,1.31900000e+03,3069,127.875000
1320,1.32000000e+03,3074,128.083333
1321,1.32100000e+03,3074,128.083333
1322,1.32200000e+03,3074,128.083333
1323,1.32300000e+03,3074,128.083333
1324,1.32400000e+03,3074,128.083333
1325,1.32500000e+03,3078,128.250000
1326,1.32600000e+03,3078,128.250000
1327,1.32700000e+03,3078,128.250000
1328,1.32800000e+03,3078,128.250000
1329,1.32900000e+03,3078,128.250000
1330,1.33000000e+03,3085,128.541667
1331,1.33100000e+03,3085,128.541667
1332,1.33200000e+03,3085,128.541667
1333,1.33300000e+03,3085,128.541667
1334,1.33400000e+03,3085,128.541667
1335,1.33500000e+03,3093,128.875000
1336,1.33600000e+03,3093,128.875000
1337,1.33700000e+03,3093,128.875000
1338,1.33800000e+03,3093,128.875000
1339,1.33900000e+03,3093,128.875000
1340,1.34000000e+03,3099,129.125000
1341,1.34100000e+03,3099,129.125000
1342,1.34200000e+03,3099,129.125000
1343,1.34300000e+03,3099,129.125000
1344,1.34400000e+03,3099,129.125000
1345,1.34500000e+03,3109,129.541667
1346,1.34600000e+03,3109,129.541667
1347,1.34700000e+03,3109,129.541667
1348,1.34800000e+03,3109,129.541667
1349,1.34900000e+03,3109,129.541667
1350,1.35000000e+03,3118,129.916667
1351,1.35100000e+03,3118,129.916667
1352,1.35200000e+03,3118,129.916667
1353,1.35300000e+03,3118,129.916667
1354,1.35400000e+03,3118,129.916667
1355,1.35500000e+03,3129,130.375000
1356,1.35600000e+03,3129,130.375000
1357,1.35700000e+03,3129,130.375000
1358,1.35800000e+03,3129,130.375000
1359,1.35900000e+03,3129,130.375000
1360,1.36000000e+03,3141,130.875000
1361,1.36100000e+03,3141,130.875000
1362,1.36200000e+03,3141,130.875000
1363,1.36300000e+03,3141,130.875000
1364,1.36400000e+03,3141,130.875000
1365,1.36500000e+03,3155,131.458333
1366,1.36600000e+03,3155,131.458333
1367,1.36700000e+03,3155,131.458333
1368,1.36800000e+03,3155,131.458333
1369,1.36900000e+03,3155,131.458333
1370,1.37000000e+03,3165,131.875000
1371,1.37100000e+03,3165,131.875000
1372,1.37200000e+03,3165,131.875000
1373,1.37300000e+03,3165,131.875000
1374,1.37400000e+03,3165,131.875000
1375,1.37500000e+03,3177,132.375000
1376,1.37600000e+03,3177,132.375000
1377,1.37700000e+03,3177,132.375000
1378,1.37800000e+03,3177,132.375000
1379,1.37900000e+03,3177,132.375000
1380,1.38000000e+03,3191,132.958333
1381,1.38100000e+03,3191,132.958333
1382,1.38200000e+03,3191,132.958333
1383,1.38300000e+03,3191,132.958333
1384,1.38400000e+03,3191,132.958333
1385,1.38500000e+03,3204,133.500000
1386,1.38600000e+03,3204,133.500000
1387,1.38700000e+03,3204,133.500000
1388,1.38800000e+03,3204,133.500000
1389,1.38900000e+03,3204,133.500000
1390,1.39000000e+03,3214,133.916667
1391,1.39100000e+03,3214,133.916667
1392,1.39200000e+03,3214,133.916667
1393,1.39300000e+03,3214,133.916667
1394,1.39400000e+03,3214,133.916667
1395,1.39500000e+03,3218,134.083333
1396,1.39600000e+03,3218,134.083333
1397,1.39700000e+03,3218,134.083333
1398,1.39800000e+03,3218,134.083333
1399,1.39900000e+03,3218,134.083333
1400,1.40000000e+03,3222,134.250000
1401,1.40100000e+03,3222,134.250000
1402,1.40200000e+03,3222,134.250000
1403,1.40300000e+03,3222,134.250000
1404,1.40400000e+03,3222,134.250000
1405,1.40500000e+03,3222,134.250000
1406,1.40600000e+03,3222,134.250000
1407,1.40700000e+03,3222,134.250000
1408,1.40800000e+03,3222,134.250000
1409,1.40900000e+03,3222,134.250000
1410,1.41000000e+03,3215,133.958333
1411,1.41100000e+03,3215,133.958333
1412,1.41200000e+03,3215,133.958333
1413,1.41300000e+03,3215,133.958333
1414,1.41400000e+03,3215,133.958333
1415,1.41500000e+03,3210,133.750000
1416,1.41600000e+03,3210,133.750000
1417,1.41700000e+03,3210,133.750000
1418,1.41800000e+03,3210,133.750000
1419,1.41900000e+03,3210,133.750000
1420,1.42000000e+03,3201,133.375000
1421,1.42100000e+03,3201,133.375000
1422,1.42200000e+03,3201,133.375000
1423,1.42300000e+03,3201,133.375000
1424,1.42400000e+03,3201,133.375000
1425,1.42500000e+03,3188,132.833333
1426,1.42600000e+03,3188,132.833333
1427,1.42700000e+03,3188,132.833333
1428,1.42800000e+03,3188,132.833333
1429,1.42900000e+03,3188,132.833333
1430,1.43000000e+03,3175,132.291667
1431,1.43100000e+03,3175,132.291667
1432,1.43200000e+03,3175,132.291667
1433,1.43300000e+03,3175,132.291667
1434,1.43400000e+03,3175,132.291667
1435,1.43500000e+03,3162,131.750000
1436,1.43600000e+03,3162,131.750000
1437,1.43700000e+03,3162,131.750000
1438,1.43800000e+03,3162,131.750000
1439,1.43900000e+03,3162,131.750000
1440,1.44000000e+03,3149,131.208333
1441,1.44100000e+03,3149,131.208333
1442,1.44200000e+03,3149,131.208333
1443,1.44300000e+03,3149,131.208333
1444,1.44400000e+03,3149,131.208333
1445,1.44500000e+03,3139,130.791667
1446,1.44600000e+03,3139,130.791667
1447,1.44700000e+03,3139,130.791667
1448,1.44800000e+03,3139,130.791667
1449,1.44900000e+03,3139,130.791667
1450,1.45000000e+03,3126,130.250000
1451,1.45100000e+03,3126,130.250000
1452,1.45200000e+03,3126,130.250000
1453,1.45300000e+03,3126,130.250000
1454,1.45400000e+03,3126,130.250000
1455,1.45500000e+03,3118,129.916667
1456,1.45600000e+03,3118,129.916667
1457,1.45700000e+03,3118,129.916667
1458,1.45800000e+03,3118,129.916667
1459,1.45900000e+03,3118,129.916667
1460,1.46000000e+03,3103,129.291667
1461,1.46100000e+03,3103,129.291667
1462,1.46200000e+03,3103,129.291667
1463,1.46300000e+03,3103,129.291667
1464,1.46400000e+03,3103,129.291667
1465,1.46500000e+03,3095,128.958333
1466,1.46600000e+03,3095,128.958333
1467,1.46700000e+03,3095,128.958333
1468,1.46800000e+03,3095,128.958333
1469,1.46900000e+03,3095,128.958333
1470,1.47000000e+03,3085,128.541667
1471,1.47100000e+03,3085,128.541667
1472,1.47200000e+03,3085,128.541667
1473,1.47300000e+03,3085,128.541667
1474,1.47400000e+03,3085,128.541667
1475,1.47500000e+03,3080,128.333333
1476,1.47600000e+03,3080,128.333333
1477,1.47700000e+03,3080,128.333333
1478,1.47800000e+03,3080,128.333333
1479,1.47900000e+03,3080,128.333333
1480,1.48000000e+03,3072,128.000000
1481,1.48100000e+03,3072,128.000000
1482,1.48200000e+03,3072,128.000000
1483,1.48300000e+03,3072,128.000000
1484,1.48400000e+03,3072,128.000000
1485,1.48500000e+03,3065,127.708333
1486,1.48600000e+03,3065,127.708333
1487,1.48700000e+03,3065,127.708333
1488,1.48800000e+03,3065,127.708333
1489,1.48900000e+03,3065,127.708333
1490,1.49000000e+03,3058,127.416667
1491,1.49100000e+03,3058,127.416667
1492,1.49200000e+03,3058,127.416667
1493,1.49300000e+03,3058,127.416667
1494,1.49400000e+03,3058,127.416667
1495,1.49500000e+03,3052,127.166667
1496,1.49600000e+03,3052,127.166667
1497,1.49700000e+03,3052,127.166667
1498,1.49800000e+03,3052,127.166667
1499,1.49900000e+03,3052,127.166667
1500,1.50000000e+03,3044,126.833333
1501,1.50100000e+03,3044,126.833333
1502,1.50200000e+03,3044,126.833333
1503,1.50300000e+03,3044,126.833333
1504,1.50400000e+03,3044,126.833333
1505,1.50500000e+03,3035,126.458333
1506,1.50600000e+03,3035,126.458333
1507,1.50700000e+03,3035,126.458333
1508,1.50800000e+03,3035,126.458333
1509,1.50900000e+03,3035,126.458333
1510,1.51000000e+03,3030,126.250000
1511,1.51100000e+03,3030,126.250000
1512,1.51200000e+03,3030,126.250000
1513,1.51300000e+03,3030,126.250000
1514,1.51400000e+03,3030,126.250000
1515,1.51500000e+03,3019,125.791667
1516,1.51600000e+03,3019,125.791667
1517,1.51700000e+03,3019,125.791667
1518,1.51800000e+03,3019,125.791667
1519,1.51900000e+03,3019,125.791667
1520,1.52000000e+03,3008,125.333333
1521,1.52100000e+03,3008,125.333333
1522,1.52200000e+03,3008,125.333333
1523,1.52300000e+03,3008,125.333333
1524,1.52400000e+03,3008,125.333333
1525,1.52500000e+03,2995,124.791667
1526,1.52600000e+03,2995,124.791667
1527,1.52700000e+03,2995,124.791667
1528,1.52800000e+03,2995,124.791667
1529,1.52900000e+03,2995,124.791667
1530,1.53000000e+03,2978,124.083333
1531,1.53100000e+03,2978,124.083333
1532,1.53200000e+03,2978,124.083333
1533,1.53300000e+03,2978,124.083333
1534,1.53400000e+03,2978,124.083333
1535,1.53500000e+03,2965,123.541667
1536,1.53600000e+03,2965,123.541667
1537,1.53700000e+03,2965,123.541667
1538,1.53800000e+03,2965,123.541667
1539,1.53900000e+03,2965,123.541667
1540,1.54000000e+03,2941,122.541667
1541,1.54100000e+03,2941,122.541667
1542,1.54200000e+03,2941,122.541667
1543,1.54300000e+03,2941,122.541667
1544,1.54400000e+03,2941,122.541667
1545,1.54500000e+03,2919,121.625000
1546,1.54600000e+03,2919,121.625000
1547,1.54700000e+03,2919,121.625000
1548,1.54800000e+03,2919,121.625000
1549,1.54900000e+03,2919,121.625000
1550,1.55000000e+03,2901,120.875000
1551,1.55100000e+03,2901,120.875000
1552,1.55200000e+03,2901,120.875000
1553,1.55300000e+03,2901,120.875000
1554,1.55400000e+03,2901,120.875000
1555,1.55500000e+03,2881,120.041667
1556,1.55600000e+03,2881,120.041667
1557,1.55700000e+03,2881,120.041667
1558,1.55800000e+03,2881,120.041667
1559,1.55900000e+03,2881,120.041667
1560,1.56000000e+03,2859,119.125000
1561,1.56100000e+03,2859,119.125000
1562,1.56200000e+03,2859,119.125000
1563,1.56300000e+03,2859,119.125000
1564,1.56400000e+03,2859,119.125000
1565,1.56500000e+03,2837,118.208333
1566,1.56600000e+03,2837,118.208333
1567,1.56700000e+03,2837,118.208333
1568,1.56800000e+03,2837,118.208333
1569,1.56900000e+03,2837,118.208333
1570,1.57000000e+03,2818,117.416667
1571,1.57100000e+03,2818,117.416667
1572,1.57200000e+03,2818,117.416667
1573,1.57300000e+03,2818,117.416667
1574,1.57400000e+03,2818,117.416667
1575,1.57500000e+03,2801,116.708333
1576,1.57600000e+03,2801,116.708333
1577,1.57700000e+03,2801,116.708333
1578,1.57800000e+03,2801,116.708333
1579,1.57900000e+03,2801,116.708333
1580,1.58000000e+03,2782,115.916667
1581,1.58100000e+03,2782,115.916667
1582,1.58200000e+03,2782,115.916667
1583,1.58300000e+03,2782,115.916667
1584,1.58400000e+03,2782,115.916667
1585,1.58500000e+03,2763,115.125000
1586,1.58600000e+03,2763,115.125000
1587,1.58700000e+03,2763,115.125000
1588,1.58800000e+03,2763,115.125000
1589,1.58900000e+03,2763,115.125000
1590,1.59000000e+03,2751,114.625000
1591,1.59100000e+03,2751,114.625000
1592,1.59200000e+03,2751,114.625000
1593,1.59300000e+03,2751,114.625000
1594,1.59400000e+03,2751,114.625000
1595,1.59500000e+03,2732,113.833333
1596,1.59600000e+03,2732,113.833333
1597,1.59700000e+03,2732,113.833333
1598,1.59800000e+03,2732,113.833333
1599,1.59900000e+03,2732,113.833333
1600,1.60000000e+03,2719,113.291667
1601,1.60100000e+03,2719,113.291667
1602,1.60200000e+03,2719,113.291667
1603,1.60300000e+03,2719,113.291667
1604,1.60400000e+03,2719,113.291667
1605,1.60500000e+03,2709,112.875000
1606,1.60600000e+03,2709,112.875000
1607,1.60700000e+03,2709,112.875000
1608,1.60800000e+03,2709,112.875000
1609,1.60900000e+03,2709,112.875000
1610,1.61000000e+03,2696,112.333333
1611,1.61100000e+03,2696,112.333333
1612,1.61200000e+03,2696,112.333333
1613,1.61300000e+03,2696,112.333333
1614,1.61400000e+03,2696,112.333333
1615,1.61500000e+03,2686,111.916667
1616,1.61600000e+03,2686,111.916667
1617,1.61700000e+03,2686,111.916667
1618,1.61800000e+03,2686,111.916667
1619,1.61900000e+03,2686,111.916667
1620,1.62000000e+03,2675,111.458333
1621,1.62100000e+03,2675,111.458333
1622,1.62200000e+03,2675,111.458333
1623,1.62300000e+03,2675,111.458333
1624,1.62400000e+03,2675,111.458333
1625,1.62500000e+03,2667,111.125000
1626,1.62600000e+03,2667,111.125000
1627,1.62700000e+03,2667,111.125000
1628,1.62800000e+03,2667,111.125000
1629,1.62900000e+03,2667,111.125000
1630,1.63000000e+03,2653,110.541667
1631,1.63100000e+03,2653,110.541667
1632,1.63200000e+03,2653,110.541667
1633,1.63300000e+03,2653,110.541667
1634,1.63400000e+03,2653,110.541667
1635,1.63500000e+03,2635,109.791667
1636,1.63600000e+03,2635,109.791667
1637,1.63700000e+03,2635,109.791667
1638,1.63800000e+03,2635,109.791667
1639,1.63900000e+03,2635,109.791667
1640,1.64000000e+03,2617,109.041667
1641,1.64100000e+03,2617,109.041667
1642,1.64200000e+03,2617,109.041667
1643,1.64300000e+03,2617,109.041667
1644,1.64400000e+03,2617,109.041667
1645,1.64500000e+03,2596,108.166667
1646,1.64600000e+03,2596,108.166667
1647,1.64700000e+03,2596,108.166667
1648,1.64800000e+03,2596,108.166667
1649,1.64900000e+03,2596,108.166667
1650,1.65000000e+03,2570,107.083333
1651,1.65100000e+03,2570,107.083333
1652,1.65200000e+03,2570,107.083333
1653,1.65300000e+03,2570,107.083333
1654,1.65400000e+03,2570,107.083333
1655,1.65500000e+03,2546,106.083333
1656,1.65600000e+03,2546,106.083333
1657,1.65700000e+03,2546,106.083333
1658,1.65800000e+03,2546,106.083333
1659,1.65900000e+03,2546,106.083333
1660,1.66000000e+03,2519,104.958333
1661,1.66100000e+03,2519,104.958333
1662,1.66200000e+03,2519,104.958333
1663,1.66300000e+03,2519,104.958333
1664,1.66400000e+03,2519,104.958333
1665,1.66500000e+03,2491,103.791667
1666,1.66600000e+03,2491,103.791667
1667,1.66700000e+03,2491,103.791667
1668,1.66800000e+03,2491,103.791667
1669,1.66900000e+03,2491,103.791667
1670,1.67000000e+03,2464,102.666667
1671,1.67100000e+03,2464,102.666667
1672,1.67200000e+03,2464,102.666667
1673,1.67300000e+03,2464,102.666667
1674,1.67400000e+03,2464,102.666667
1675,1.67500000e+03,2437,101.541667
1676,1.67600000e+03,2437,101.541667
1677,1.67700000e+03,2437,101.541667
1678,1.67800000e+03,2437,101.541667
1679,1.67900000e+03,2437,101.541667
1680,1.68000000e+03,2415,100.625000
1681,1.68100000e+03,2415,100.625000
1682,1.68200000e+03,2415,100.625000
1683,1.68300000e+03,2415,100.625000
1684,1.68400000e+03,2415,100.625000
1685,1.68500000e+03,2396,99.833333
1686,1.68600000e+03,2396,99.833333
1687,1.68700000e+03,2396,99.833333
1688,1.68800000e+03,2396,99.833333
1689,1.68900000e+03,2396,99.833333
1690,1.69000000e+03,2374,98.916667
1691,1.69100000e+03,2374,98.916667
1692,1.69200000e+03,2374,98.916667
1693,1.69300000e+03,2374,98.916667
1694,1.69400000e+03,2374,98.916667
1695,1.69500000e+03,2355,98.125000
1696,1.69600000e+03,2355,98.125000
1697,1.69700000e+03,2355,98.125000
1698,1.69800000e+03,2355,98.125000
1699,1.69900000e+03,2355,98.125000
1700,1.70000000e+03,2340,97.500000
1701,1.70100000e+03,2340,97.500000
1702,1.70200000e+03,2340,97.500000
1703,1.70300000e+03,2340,97.500000
1704,1.70400000e+03,2340,97.500000
1705,1.70500000e+03,2323,96.791667
1706,1.70600000e+03,2323,96.791667
1707,1.70700000e+03,2323,96.791667
1708,1.70800000e+03,2323,96.791667
1709,1.70900000e+03,2323,96.791667
1710,1.71000000e+03,2311,96.291667
1711,1.71100000e+03,2311,96.291667
1712,1.71200000e+03,2311,96.291667
1713,1.71300000e+03,2311,96.291667
1714,1.71400000e+03,2311,96.291667
1715,1.71500000e+03,2298,95.750000
1716,1.71600000e+03,2298,95.750000
1717,1.71700000e+03,2298,95.750000
1718,1.71800000e+03,2298,95.750000
1719,1.71900000e+03,2298,95.750000
1720,1.72000000e+03,2285,95.208333
1721,1.72100000e+03,2285,95.208333
1722,1.72200000e+03,2285,95.208333
1723,1.72300000e+03,2285,95.208333
1724,1.72400000e+03,2285,95.208333
1725,1.72500000e+03,2275,94.791667
1726,1.72600000e+03,2275,94.791667
1727,1.72700000e+03,2275,94.791667
1728,1.72800000e+03,2275,94.791667
1729,1.72900000e+03,2275,94.791667
1730,1.73000000e+03,2261,94.208333
1731,1.73100000e+03,2261,94.208333
1732,1.73200000e+03,2261,94.208333
1733,1.73300000e+03,2261,94.208333
1734,1.73400000e+03,2261,94.208333
1735,1.73500000e+03,2253,93.875000
1736,1.73600000e+03,2253,93.875000
1737,1.73700000e+03,2253,93.875000
1738,1.73800000e+03,2253,93.875000
1739,1.73900000e+03,2253,93.875000
1740,1.74000000e+03,2238,93.250000
1741,1.74100000e+03,2238,93.250000
1742,1.74200000e+03,2238,93.250000
1743,1.74300000e+03,2238,93.250000
1744,1.74400000e+03,2238,93.250000
1745,1.74500000e+03,2224,92.666667
1746,1.74600000e+03,2224,92.666667
1747,1.74700000e+03,2224,92.666667
1748,1.74800000e+03,2224,92.666667
1749,1.74900000e+03,2224,92.666667
1750,1.75000000e+03,2209,92.041667
1751,1.75100000e+03,2209,92.041667
1752,1.75200000e+03,2209,92.041667
1753,1.75300000e+03,2209,92.041667
1754,1.75400000e+03,2209,92.041667
1755,1.75500000e+03,2191,91.291667
1756,1.75600000e+03,2191,91.291667
1757,1.75700000e+03,2191,91.291667
1758,1.75800000e+03,2191,91.291667
1759,1.75900000e+03,2191,91.291667
1760,1.76000000e+03,2170,90.416667
1761,1.76100000e+03,2170,90.416667
1762,1.76200000e+03,2170,90.416667
1763,1.76300000e+03,2170,90.416667
1764,1.76400000e+03,2170,90.416667
1765,1.76500000e+03,2152,89.666667
1766,1.76600000e+03,2152,89.666667
1767,1.76700000e+03,2152,89.666667
1768,1.76800000e+03,2152,89.666667
1769,1.76900000e+03,2152,89.666667
1770,1.77000000e+03,2129,88.708333
1771,1.77100000e+03,2129,88.708333
1772,1.77200000e+03,2129,88.708333
1773,1.77300000e+03,2129,88.708333
1774,1.77400000e+03,2129,88.708333
1775,1.77500000e+03,2109,87.875000
1776,1.77600000e+03,2109,87.875000
1777,1.77700000e+03,2109,87.875000
1778,1.77800000e+03,2109,87.875000
1779,1.77900000e+03,2109,87.875000
1780,1.78000000e+03,2081,86.708333
1781,1.78100000e+03,2081,86.708333
1782,1.78200000e+03,2081,86.708333
1783,1.78300000e+03,2081,86.708333
1784,1.78400000e+03,2081,86.708333
1785,1.78500000e+03,2061,85.875000
1786,1.78600000e+03,2061,85.875000
1787,1.78700000e+03,2061,85.875000
1788,1.78800000e+03,2061,85.875000
1789,1.78900000e+03,2061,85.875000
1790,1.79000000e+03,2037,84.875000
1791,1.79100000e+03,2037,84.875000
1792,1.79200000e+03,2037,84.875000
1793,1.79300000e+03,2037,84.875000
1794,1.79400000e+03,2037,84.875000
1795,1.79500000e+03,2018,84.083333
1796,1.79600000e+03,2018,84.083333
1797,1.79700000e+03,2018,84.083333
1798,1.79800000e+03,2018,84.083333
1799,1.79900000e+03,2018,84.083333
1800,1.80000000e+03,1995,83.125000
1801,1.80100000e+03,1995,83.125000
1802,1.80200000e+03,1995,83.125000
1803,1.80300000e+03,1995,83.125000
1804,1.80400000e+03,1995,83.125000
1805,1.80500000e+03,1972,82.166667
1806,1.80600000e+03,1972,82.166667
1807,1.80700000e+03,1972,82.166667
1808,1.80800000e+03,1972,82.166667
1809,1.80900000e+03,1972,82.166667
1810,1.81000000e+03,1948,81.166667
1811,1.81100000e+03,1948,81.166667
1812,1.81200000e+03,1948,81.166667
1813,1.81300000e+03,1948,81.166667
1814,1.81400000e+03,1948,81.166667
1815,1.81500000e+03,1928,80.333333
1816,1.81600000e+03,1928,80.333333
1817,1.81700000e+03,1928,80.333333
1818,1.81800000e+03,1928,80.333333
1819,1.81900000e+03,1928,80.333333
1820,1.82000000e+03,1905,79.375000
1821,1.82100000e+03,1905,79.375000
1822,1.82200000e+03,1905,79.375000
1823,1.82300000e+03,1905,79.375000
1824,1.82400000e+03,1905,79.375000
1825,1.82500000e+03,1886,78.583333
1826,1.82600000e+03,1886,78.583333
1827,1.82700000e+03,1886,78.583333
1828,1.82800000e+03,1886,78.583333
1829,1.82900000e+03,1886,78.583333
1830,1.83000000e+03,1862,77.583333
1831,1.83100000e+03,1862,77.583333
1832,1.83200000e+03,1862,77.583333
1833,1.83300000e+03,1862,77.583333
1834,1.83400000e+03,1862,77.583333
1835,1.83500000e+03,1842,76.750000
1836,1.83600000e+03,1842,76.750000
1837,1.83700000e+03,1842,76.750000
1838,1.83800000e+03,1842,76.750000
1839,1.83900000e+03,1842,76.750000
1840,1.84000000e+03,1819,75.791667
1841,1.84100000e+03,1819,75.791667
1842,1.84200000e+03,1819,75.791667
1843,1.84300000e+03,1819,75.791667
1844,1.84400000e+03,1819,75.791667
1845,1.84500000e+03,1803,75.125000
1846,1.84600000e+03,1803,75.125000
1847,1.84700000e+03,1803,75.125000
1848,1.84800000e+03,1803,75.125000
1849,1.84900000e+03,1803,75.125000
1850,1.85000000e+03,1776,74.000000
1851,1.85100000e+03,1776,74.000000
1852,1.85200000e+03,1776,74.000000
1853,1.85300000e+03,1776,74.000000
1854,1.85400000e+03,1776,74.000000
1855,1.85500000e+03,1756,73.166667
1856,1.85600000e+03,1756,73.166667
1857,1.85700000e+03,1756,73.166667
1858,1.85800000e+03,1756,73.166667
1859,1.85900000e+03,1756,73.166667
1860,1.86000000e+03,1729,72.041667
1861,1.86100000e+03,1729,72.041667
1862,1.86200000e+03,1729,72.041667
1863,1.86300000e+03,1729,72.041667
1864,1.86400000e+03,1729,72.041667
1865,1.86500000e+03,1704,71.000000
1866,1.86600000e+03,1704,71.000000
1867,1.86700000e+03,1704,71.000000
1868,1.86800000e+03,1704,71.000000
1869,1.86900000e+03,1704,71.000000
1870,1.87000000e+03,1672,69.666667
1871,1.87100000e+03,1672,69.666667
1872,1.87200000e+03,1672,69.666667
1873,1.87300000e+03,1672,69.666667
1874,1.87400000e+03,1672,69.666667
1875,1.87500000e+03,1645,68.541667
1876,1.87600000e+03,1645,68.541667
1877,1.87700000e+03,1645,68.541667
1878,1.87800000e+03,1645,68.541667
1879,1.87900000e+03,1645,68.541667
1880,1.88000000e+03,1611,67.125000
1881,1.88100000e+03,1611,67.125000
1882,1.88200000e+03,1611,67.125000
1883,1.88300000e+03,1611,67.125000
1884,1.88400000e+03,1611,67.125000
1885,1.88500000e+03,1579,65.791667
1886,1.88600000e+03,1579,65.791667
1887,1.88700000e+03,1579,65.791667
1888,1.88800000e+03,1579,65.791667
1889,1.88900000e+03,1579,65.791667
1890,1.89000000e+03,1542,64.250000
1891,1.89100000e+03,1542,64.250000
1892,1.89200000e+03,1542,64.250000
1893,1.89300000e+03,1542,64.250000
1894,1.89400000e+03,1542,64.250000
1895,1.89500000e+03,1504,62.666667
1896,1.89600000e+03,1504,62.666667
1897,1.89700000e+03,1504,62.666667
1898,1.89800000e+03,1504,62.666667
1899,1.89900000e+03,1504,62.666667
1900,1.90000000e+03,1465,61.041667
1901,1.90100000e+03,1465,61.041667
1902,1.90200000e+03,1465,61.041667
1903,1.90300000e+03,1465,61.041667
1904,1.90400000e+03,1465,61.041667
1905,1.90500000e+03,1433,59.708333
1906,1.90600000e+03,1433,59.708333
1907,1.90700000e+03,1433,59.708333
1908,1.90800000e+03,1433,59.708333
1909,1.90900000e+03,1433,59.708333
1910,1.91000000e+03,1392,58.000000
1911,1.91100000e+03,1392,58.000000
1912,1.91200000e+03,1392,58.000000
1913,1.91300000e+03,1392,58.000000
1914,1.91400000e+03,1392,58.000000
1915,1.91500000e+03,1361,56.708333
1916,1.91600000e+03,1361,56.708333
1917,1.91700000e+03,1361,56.708333
1918,1.91800000e+03,1361,56.708333
1919,1.91900000e+03,1361,56.708333
1920,1.92000000e+03,1327,55.291667
1921,1.92100000e+03,1327,55.291667
1922,1.92200000e+03,1327,55.291667
1923,1.92300000e+03,1327,55.291667
1924,1.92400000e+03,1327,55.291667
1925,1.92500000e+03,1295,53.958333
1926,1.92600000e+03,1295,53.958333
1927,1.92700000e+03,1295,53.958333
1928,1.92800000e+03,1295,53.958333
1929,1.92900000e+03,1295,53.958333
1930,1.93000000e+03,1267,52.791667
1931,1.93100000e+03,1267,52.791667
1932,1.93200000e+03,1267,52.791667
1933,1.93300000e+03,1267,52.791667
1934,1.93400000e+03,1267,52.791667
1935,1.93500000e+03,1233,51.375000
1936,1.93600000e+03,1233,51.375000
1937,1.93700000e+03,1233,51.375000
1938,1.93800000e+03,1233,51.375000
1939,1.93900000e+03,1233,51.375000
1940,1.94000000e+03,1204,50.166667
1941,1.94100000e+03,1204,50.166667
1942,1.94200000e+03,1204,50.166667
1943,1.94300000e+03,1204,50.166667
1944,1.94400000e+03,1204,50.166667
1945,1.94500000e+03,1175,48.958333
1946,1.94600000e+03,1175,48.958333
1947,1.94700000e+03,1175,48.958333
1948,1.94800000e+03,1175,48.958333
1949,1.94900000e+03,1175,48.958333
1950,1.95000000e+03,1149,47.875000
1951,1.95100000e+03,1149,47.875000
1952,1.95200000e+03,1149,47.875000
1953,1.95300000e+03,1149,47.875000
1954,1.95400000e+03,1149,47.875000
1955,1.95500000e+03,1119,46.625000
1956,1.95600000e+03,1119,46.625000
1957,1.95700000e+03,1119,46.625000
1958,1.95800000e+03,1119,46.625000
1959,1.95900000e+03,1119,46.625000
1960,1.96000000e+03,1090,45.416667
1961,1.96100000e+03,1090,45.416667
1962,1.96200000e+03,1090,45.416667
1963,1.96300000e+03,1090,45.416667
1964,1.96400000e+03,1090,45.416667
1965,1.96500000e+03,1060,44.166667
1966,1.96600000e+03,1060,44.166667
1967,1.96700000e+03,1060,44.166667
1968,1.96800000e+03,1060,44.166667
1969,1.96900000e+03,1060,44.166667
1970,1.97000000e+03,1034,43.083333
1971,1.97100000e+03,1034,43.083333
1972,1.97200000e+03,1034,43.083333
1973,1.97300000e+03,1034,43.083333
1974,1.97400000e+03,1034,43.083333
1975,1.97500000e+03,1003,41.791667
1976,1.97600000e+03,1003,41.791667
1977,1.97700000e+03,1003,41.791667
1978,1.97800000e+03,1003,41.791667
1979,1.97900000e+03,1003,41.791667
1980,1.98000000e+03,972,40.500000
1981,1.98100000e+03,972,40.500000
1982,1.98200000e+03,972,40.500000
1983,1.98300000e+03,972,40.500000
1984,1.98400000e+03,972,40.500000
1985,1.98500000e+03,939,39.125000
1986,1.98600000e+03,939,39.125000
1987,1.98700000e+03,939,39.125000
1988,1.98800000e+03,939,39.125000
1989,1.98900000e+03,939,39.125000
1990,1.99000000e+03,908,37.833333
1991,1.99100000e+03,908,37.833333
1992,1.99200000e+03,908,37.833333
1993,1.99300000e+03,908,37.833333
1994,1.99400000e+03,908,37.833333
1995,1.99500000e+03,873,36.375000
1996,1.99600000e+03,873,36.375000
1997,1.99700000e+03,873,36.375000
1998,1.99800000e+03,873,36.375000
1999,1.99900000e+03,873,36.375000
2000,2.00000000e+03,837,34.875000
2001,2.00100000e+03,837,34.875000
2002,2.00200000e+03,837,34.875000
2003,2.00300000e+03,837,34.875000
2004,2.00400000e+03,837,34.875000
2005,2.00500000e+03,804,33.500000
2006,2.00600000e+03,804,33.500000
2007,2.00700000e+03,804,33.500000
2008,2.00800000e+03,804,33.500000
2009,2.00900000e+03,804,33.500000
2010,2.01000000e+03,769,32.041667
2011,2.01100000e+03,769,32.041667
2012,2.01200000e+03,769,32.041667
2013,2.01300000e+03,769,32.041667
2014,2.01400000e+03,769,32.041667
2015,2.01500000e+03,730,30.416667
2016,2.01600000e+03,730,30.416667
2017,2.01700000e+03,730,30.416667
2018,2.01800000e+03,730,30.416667
2019,2.01900000e+03,730,30.416667
2020,2.02000000e+03,698,29.083333
2021,2.02100000e+03,698,29.083333
2022,2.02200000e+03,698,29.083333
2023,2.02300000e+03,698,29.083333
2024,2.02400000e+03,698,29.083333
2025,2.02500000e+03,661,27.541667
2026,2.02600000e+03,661,27.541667
2027,2.02700000e+03,661,27.541667
2028,2.02800000e+03,661,27.541667
2029,2.02900000e+03,661,27.541667
2030,2.03000000e+03,629,26.208333
2031,2.03100000e+03,629,26.208333
2032,2.03200000e+03,629,26.208333
2033,2.03300000e+03,629,26.208333
2034,2.03400000e+03,629,26.208333
2035,2.03500000e+03,594,24.750000
2036,2.03600000e+03,594,24.750000
2037,2.03700000e+03,594,24.750000
2038,2.03800000e+03,594,24.750000
2039,2.03900000e+03,594,24.750000
2040,2.04000000e+03,563,23.458333
2041,2.04100000e+03,563,23.458333
2042,2.04200000e+03,563,23.458333
2043,2.04300000e+03,563,23.458333
2044,2.04400000e+03,563,23.458333
2045,2.04500000e+03,529,22.041667
2046,2.04600000e+03,529,22.041667
2047,2.04700000e+03,529,22.041667
2048,2.04800000e+03,529,22.041667
2049,2.04900000e+03,529,22.041667
2050,2.05000000e+03,498,20.750000
2051,2.05100000e+03,498,20.750000
2052,2.05200000e+03,498,20.750000
2053,2.05300000e+03,498,20.750000
2054,2.05400000e+03,498,20.750000
2055,2.05500000e+03,471,19.625000
2056,2.05600000e+03,471,19.625000
2057,2.05700000e+03,471,19.625000
2058,2.05800000e+03,471,19.625000
2059,2.05900000e+03,471,19.625000
2060,2.06000000e+03,435,18.125000
2061,2.06100000e+03,435,18.125000
2062,2.06200000e+03,435,18.125000
2063,2.06300000e+03,435,18.125000
2064,2.06400000e+03,435,18.125000
2065,2.06500000e+03,400,16.666667
2066,2.06600000e+03,400,16.666667
2067,2.06700000e+03,400,16.666667
2068,2.06800000e+03,400,16.666667
2069,2.06900000e+03,400,16.666667
2070,2.07000000e+03,369,15.375000
2071,2.07100000e+03,369,15.375000
2072,2.07200000e+03,369,15.375000
2073,2.07300000e+03,369,15.375000
2074,2.07400000e+03,369,15.375000
2075,2.07500000e+03,332,13.833333
2076,2.07600000e+03,332,13.833333
2077,2.07700000e+03,332,13.833333
2078,2.07800000e+03,332,13.833333
2079,2.07900000e+03,332,13.833333
2080,2.08000000e+03,302,12.583333
2081,2.08100000e+03,302,12.583333
2082,2.08200000e+03,302,12.583333
2083,2.08300000e+03,302,12.583333
2084,2.08400000e+03,302,12.583333
2085,2.08500000e+03,266,11.083333
2086,2.08600000e+03,266,11.083333
2087,2.08700000e+03,266,11.083333
2088,2.08800000e+03,266,11.083333
2089,2.08900000e+03,266,11.083333
2090,2.09000000e+03,230,9.583333
2091,2.09100000e+03,230,9.583333
2092,2.09200000e+03,230,9.583333
2093,2.09300000e+03,230,9.583333
2094,2.09400000e+03,230,9.583333
2095,2.09500000e+03,191,7.958333
2096,2.09600000e+03,191,7.958333
2097,2.09700000e+03,191,7.958333
2098,2.09800000e+03,191,7.958333
2099,2.09900000e+03,191,7.958333
2100,2.10000000e+03,155,6.458333
2101,2.10100000e+03,155,6.458333
2102,2.10200000e+03,155,6.458333
2103,2.10300000e+03,155,6.458333
2104,2.10400000e+03,155,6.458333
2105,2.10500000e+03,116,4.833333
2106,2.10600000e+03,116,4.833333
2107,2.10700000e+03,116,4.833333
2108,2.10800000e+03,116,4.833333
2109,2.10900000e+03,116,4.833333
2110,2.11000000e+03,72,3.000000
2111,2.11100000e+03,72,3.000000
2112,2.11200000e+03,72,3.000000
2113,2.11300000e+03,72,3.000000
2114,2.11400000e+03,72,3.000000
2115,2.11500000e+03,37,1.541667
2116,2.11600000e+03,37,1.541667
2117,2.11700000e+03,37,1.541667
2118,2.11800000e+03,37,1.541667
2119,2.11900000e+03,37,1.541667
2120,2.12000000e+03,-1,-0.041667
2121,2.12100000e+03,-1,-0.041667
2122,2.12200000e+03,-1,-0.041667
2123,2.12300000e+03,-1,-0.041667
2124,2.12400000e+03,-1,-0.041667
2125,2.12500000e+03,-48,-2.000000
2126,2.12600000e+03,-48,-2.000000
2127,2.12700000e+03,-48,-2.000000
2128,2.12800000e+03,-48,-2.000000
2129,2.12900000e+03,-48,-2.000000
2130,2.13000000e+03,-82,-3.416667
2131,2.13100000e+03,-82,-3.416667
2132,2.13200000e+03,-82,-3.416667
2133,2.13300000e+03,-82,-3.416667
2134,2.13400000e+03,-82,-3.416667
2135,2.13500000e+03,-122,-5.083333
2136,2.13600000e+03,-122,-5.083333
2137,2.13700000e+03,-122,-5.083333
2138,2.13800000e+03,-122,-5.083333
2139,2.13900000e+03,-122,-5.083333
2140,2.14000000e+03,-160,-6.666667
2141,2.14100000e+03,-160,-6.666667
2142,2.14200000e+03,-160,-6.666667
2143,2.14300000e+03,-160,-6.666667
2144,2.14400000e+03,-160,-6.666667
2145,2.14500000e+03,-198,-8.250000
2146,2.14600000e+03,-198,-8.250000
2147,2.14700000e+03,-198,-8.250000
2148,2.14800000e+03,-198,-8.250000
2149,2.14900000e+03,-198,-8.250000
2150,2.15000000e+03,-235,-9.791667
2151,2.15100000e+03,-235,-9.791667
2152,2.15200000e+03,-235,-9.791667
2153,2.15300000e+03,-235,-9.791667
2154,2.15400000e+03,-235,-9.791667
2155,2.15500000e+03,-271,-11.291667
2156,2.15600000e+03,-271,-11.291667
2157,2.15700000e+03,-271,-11.291667
2158,2.15800000e+03,-271,-11.291667
2159,2.15900000e+03,-271,-11.291667
2160,2.16000000e+03,-303,-12.625000
2161,2.16100000e+03,-303,-12.625000
2162,2.16200000e+03,-303,-12.625000
2163,2.16300000e+03,-303,-12.625000
2164,2.16400000e+03,-303,-12.625000
2165,2.16500000e+03,-338,-14.083333
2166,2.16600000e+03,-338,-14.083333
2167,2.16700000e+03,-338,-14.083333
2168,2.16800000e+03,-338,-14.083333
2169,2.16900000e+03,-338,-14.083333
2170,2.17000000e+03,-367,-15.291667
2171,2.17100000e+03,-367,-15.291667
2172,2.17200000e+03,-367,-15.291667
2173,2.17300000e+03,-367,-15.291667
2174,2.17400000e+03,-367,-15.291667
2175,2.17500000e+03,-400,-16.666667
2176,2.17600000e+03,-400,-16.666667
2177,2.17700000e+03,-400,-16.666667
2178,2.17800000e+03,-400,-16.666667
2179,2.17900000e+03,-400,-16.666667
2180,2.18000000e+03,-434,-18.083333
2181,2.18100000e+03,-434,-18.083333
2182,2.18200000e+03,-434,-18.083333
2183,2.18300000e+03,-434,-18.083333
2184,2.18400000e+03,-434,-18.083333
2185,2.18500000e+03,-463,-19.291667
2186,2.18600000e+03,-463,-19.291667
2187,2.18700000e+03,-463,-19.291667
2188,2.18800000e+03,-463,-19.291667
2189,2.18900000e+03,-463,-19.291667
2190,2.19000000e+03,-496,-20.666667
2191,2.19100000e+03,-496,-20.666667
2192,2.19200000e+03,-496,-20.666667
2193,2.19300000e+03,-496,-20.666667
2194,2.19400000e+03,-496,-20.666667
2195,2.19500000e+03,-525,-21.875000
2196,2.19600000e+03,-525,-21.875000
2197,2.19700000e+03,-525,-21.875000
2198,2.19800000e+03,-525,-21.875000
2199,2.19900000e+03,-525,-21.875000
2200,2.20000000e+03,-559,-23.291667
2201,2.20100000e+03,-559,-23.291667
2202,2.20200000e+03,-559,-23.291667
2203,2.20300000e+03,-559,-23.291667
2204,2.20400000e+03,-559,-23.291667
2205,2.20500000e+03,-588,-24.500000
2206,2.20600000e+03,-588,-24.500000
2207,2.20700000e+03,-588,-24.500000
2208,2.20800000e+03,-588,-24.500000
2209,2.20900000e+03,-588,-24.500000
2210,2.21000000e+03,-627,-26.125000
2211,2.21100000e+03,-627,-26.125000
2212,2.21200000e+03,-627,-26.125000
2213,2.21300000e+03,-627,-26.125000
2214,2.21400000e+03,-627,-26.125000
2215,2.21500000e+03,-660,-27.500000
2216,2.21600000e+03,-660,-27.500000
2217,2.21700000e+03,-660,-27.500000
2218,2.21800000e+03,-660,-27.500000
2219,2.21900000e+03,-660,-27.500000
2220,2.22000000e+03,-698,-29.083333
2221,2.22100000e+03,-698,-29.083333
2222,2.22200000e+03,-698,-29.083333
2223,2.22300000e+03,-698,-29.083333
2224,2.22400000e+03,-698,-29.083333
2225,2.22500000e+03,-730,-30.416667
2226,2.22600000e+03,-730,-30.416667
2227,2.22700000e+03,-730,-30.416667
2228,2.22800000e+03,-730,-30.416667
2229,2.22900000e+03,-730,-30.416667
2230,2.23000000e+03,-766,-31.916667
2231,2.23100000e+03,-766,-31.916667
2232,2.23200000e+03,-766,-31.916667
2233,2.23300000e+03,-766,-31.916667
2234,2.23400000e+03,-766,-31.916667
2235,2.23500000e+03,-805,-33.541667
2236,2.23600000e+03,-805,-33.541667
2237,2.23700000e+03,-805,-33.541667
2238,2.23800000e+03,-805,-33.541667
2239,2.23900000e+03,-805,-33.541667
2240,2.24000000e+03,-841,-35.041667
2241,2.24100000e+03,-841,-35.041667
2242,2.24200000e+03,-841,-35.041667
2243,2.24300000e+03,-841,-35.041667
2244,2.24400000e+03,-841,-35.041667
2245,2.24500000e+03,-876,-36.500000
2246,2.24600000e+03,-876,-36.500000
2247,2.24700000e+03,-876,-36.500000
2248,2.24800000e+03,-876,-36.500000
2249,2.24900000e+03,-876,-36.500000
2250,2.25000000e+03,-908,-37.833333
2251,2.25100000e+03,-908,-37.833333
2252,2.25200000e+03,-908,-37.833333
2253,2.25300000e+03,-908,-37.833333
2254,2.25400000e+03,-908,-37.833333
2255,2.25500000e+03,-942,-39.250000
2256,2.25600000e+03,-942,-39.250000
2257,2.25700000e+03,-942,-39.250000
2258,2.25800000e+03,-942,-39.250000
2259,2.25900000e+03,-942,-39.250000
2260,2.26000000e+03,-979,-40.791667
2261,2.26100000e+03,-979,-40.791667
2262,2.26200000e+03,-979,-40.791667
2263,2.26300000e+03,-979,-40.791667
2264,2.26400000e+03,-979,-40.791667
2265,2.26500000e+03,-1007,-41.958333
2266,2.26600000e+03,-1007,-41.958333
2267,2.26700000e+03,-1007,-41.958333
2268,2.26800000e+03,-1007,-41.958333
2269,2.26900000e+03,-1007,-41.958333
2270,2.27000000e+03,-1040,-43.333333
2271,2.27100000e+03,-1040,-43.333333
2272,2.27200000e+03,-1040,-43.333333
2273,2.27300000e+03,-1040,-43.333333
2274,2.27400000e+03,-1040,-43.333333
2275,2.27500000e+03,-1070,-44.583333
2276,2.27600000e+03,-1070,-44.583333
2277,2.27700000e+03,-1070,-44.583333
2278,2.27800000e+03,-1070,-44.583333
2279,2.27900000e+03,-1070,-44.583333
2280,2.28000000e+03,-1099,-45.791667
2281,2.28100000e+03,-1099,-45.791667
2282,2.28200000e+03,-1099,-45.791667
2283,2.28300000e+03,-1099,-45.791667
2284,2.28400000e+03,-1099,-45.791667
2285,2.28500000e+03,-1128,-47.000000
2286,2.28600000e+03,-1128,-47.000000
2287,2.28700000e+03,-1128,-47.000000
2288,2.28800000e+03,-1128,-47.000000
2289,2.28900000e+03,-1128,-47.000000
2290,2.29000000e+03,-1160,-48.333333
2291,2.29100000e+03,-1160,-48.333333
2292,2.29200000e+03,-1160,-48.333333
2293,2.29300000e+03,-1160,-48.333333
2294,2.29400000e+03,-1160,-48.333333
2295,2.29500000e+03,-1189,-49.541667
2296,2.29600000e+03,-1189,-49.541667
2297,2.29700000e+03,-1189,-49.541667
2298,2.29800000e+03,-1189,-49.541667
2299,2.29900000e+03,-1189,-49.541667
2300,2.30000000e+03,-1220,-50.833333
2301,2.30100000e+03,-1220,-50.833333
2302,2.30200000e+03,-1220,-50.833333
2303,2.30300000e+03,-1220,-50.833333
2304,2.30400000e+03,-1220,-50.833333
2305,2.30500000e+03,-1252,-52.166667
2306,2.30600000e+03,-1252,-52.166667
2307,2.30700000e+03,-1252,-52.166667
2308,2.30800000e+03,-1252,-52.166667
2309,2.30900000e+03,-1252,-52.166667
2310,2.31000000e+03,-1285,-53.541667
2311,2.31100000e+03,-1285,-53.541667
2312,2.31200000e+03,-1285,-53.541667
2313,2.31300000e+03,-1285,-53.541667
2314,2.31400000e+03,-1285,-53.541667
2315,2.31500000e+03,-1316,-54.833333
2316,2.31600000e+03,-1316,-54.833333
2317,2.31700000e+03,-1316,-54.833333
2318,2.31800000e+03,-1316,-54.833333
2319,2.31900000e+03,-1316,-54.833333
2320,2.32000000e+03,-1352,-56.333333
2321,2.32100000e+03,-1352,-56.333333
2322,2.32200000e+03,-1352,-56.333333
2323,2.32300000e+03,-1352,-56.333333
2324,2.32400000e+03,-1352,-56.333333
2325,2.32500000e+03,-1386,-57.750000
2326,2.32600000e+03,-1386,-57.750000
2327,2.32700000e+03,-1386,-57.750000
2328,2.32800000e+03,-1386,-57.750000
2329,2.32900000e+03,-1386,-57.750000
2330,2.33000000e+03,-1422,-59.250000
2331,2.33100000e+03,-1422,-59.250000
2332,2.33200000e+03,-1422,-59.250000
2333,2.33300000e+03,-1422,-59.250000
2334,2.33400000e+03,-1422,-59.250000
2335,2.33500000e+03,-1462,-60.916667
2336,2.33600000e+03,-1462,-60.916667
2337,2.33700000e+03,-1462,-60.916667
2338,2.33800000e+03,-1462,-60.916667
2339,2.33900000e+03,-1462,-60.916667
2340,2.34000000e+03,-1495,-62.291667
2341,2.34100000e+03,-1495,-62.291667
2342,2.34200000e+03,-1495,-62.291667
2343,2.34300000e+03,-1495,-62.291667
2344,2.34400000e+03,-1495,-62.291667
2345,2.34500000e+03,-1532,-63.833333
2346,2.34600000e+03,-1532,-63.833333
2347,2.34700000e+03,-1532,-63.833333
2348,2.34800000e+03,-1532,-63.833333
2349,2.34900000e+03,-1532,-63.833333
2350,2.35000000e+03,-1574,-65.583333
2351,2.35100000e+03,-1574,-65.583333
2352,2.35200000e+03,-1574,-65.583333
2353,2.35300000e+03,-1574,-65.583333
2354,2.35400000e+03,-1574,-65.583333
2355,2.35500000e+03,-1607,-66.958333
2356,2.35600000e+03,-1607,-66.958333
2357,2.35700000e+03,-1607,-66.958333
2358,2.35800000e+03,-1607,-66.958333
2359,2.35900000e+03,-1607,-66.958333
2360,2.36000000e+03,-1640,-68.333333
2361,2.36100000e+03,-1640,-68.333333
2362,2.36200000e+03,-1640,-68.333333
2363,2.36300000e+03,-1640,-68.333333
2364,2.36400000e+03,-1640,-68.333333
2365,2.36500000e+03,-1669,-69.541667
2366,2.36600000e+03,-1669,-69.541667
2367,2.36700000e+03,-1669,-69.541667
2368,2.36800000e+03,-1669,-69.541667
2369,2.36900000e+03,-1669,-69.541667
2370,2.37000000e+03,-1699,-70.791667
2371,2.37100000e+03,-1699,-70.791667
2372,2.37200000e+03,-1699,-70.791667
2373,2.37300000e+03,-1699,-70.791667
2374,2.37400000e+03,-1699,-70.791667
2375,2.37500000e+03,-1728,-72.000000
2376,2.37600000e+03,-1728,-72.000000
2377,2.37700000e+03,-1728,-72.000000
2378,2.37800000e+03,-1728,-72.000000
2379,2.37900000e+03,-1728,-72.000000
2380,2.38000000e+03,-1754,-73.083333
2381,2.38100000e+03,-1754,-73.083333
2382,2.38200000e+03,-1754,-73.083333
2383,2.38300000e+03,-1754,-73.083333
2384,2.38400000e+03,-1754,-73.083333
2385,2.38500000e+03,-1778,-74.083333
2386,2.38600000e+03,-1778,-74.083333
2387,2.38700000e+03,-1778,-74.083333
2388,2.38800000e+03,-1778,-74.083333
2389,2.38900000e+03,-1778,-74.083333
2390,2.39000000e+03,-1802,-75.083333
2391,2.39100000e+03,-1802,-75.083333
2392,2.39200000e+03,-1802,-75.083333
2393,2.39300000e+03,-1802,-75.083333
2394,2.39400000e+03,-1802,-75.083333
2395,2.39500000e+03,-1822,-75.916667
2396,2.39600000e+03,-1822,-75.916667
2397,2.39700000e+03,-1822,-75.916667
2398,2.39800000e+03,-1822,-75.916667
2399,2.39900000e+03,-1822,-75.916667
2400,2.40000000e+03,-1844,-76.833333
2401,2.40100000e+03,-1844,-76.833333
2402,2.40200000e+03,-1844,-76.833333
2403,2.40300000e+03,-1844,-76.833333
2404,2.40400000e+03,-1844,-76.833333
2405,2.40500000e+03,-1865,-77.708333
2406,2.40600000e+03,-1865,-77.708333
2407,2.40700000e+03,-1865,-77.708333
2408,2.40800000e+03,-1865,-77.708333
2409,2.40900000e+03,-1865,-77.708333
2410,2.41000000e+03,-1886,-78.583333
2411,2.41100000e+03,-1886,-78.583333
2412,2.41200000e+03,-1886,-78.583333
2413,2.41300000e+03,-1886,-78.583333
2414,2.41400000e+03,-1886,-78.583333
2415,2.41500000e+03,-1907,-79.458333
2416,2.41600000e+03,-1907,-79.458333
2417,2.41700000e+03,-1907,-79.458333
2418,2.41800000e+03,-1907,-79.458333
2419,2.41900000e+03,-1907,-79.458333
2420,2.42000000e+03,-1927,-80.291667
2421,2.42100000e+03,-1927,-80.291667
2422,2.42200000e+03,-1927,-80.291667
2423,2.42300000e+03,-1927,-80.291667
2424,2.42400000e+03,-1927,-80.291667
2425,2.42500000e+03,-1950,-81.250000
2426,2.42600000e+03,-1950,-81.250000
2427,2.42700000e+03,-1950,-81.250000
2428,2.42800000e+03,-1950,-81.250000
2429,2.42900000e+03,-1950,-81.250000
2430,2.43000000e+03,-1970,-82.083333
2431,2.43100000e+03,-1970,-82.083333
2432,2.43200000e+03,-1970,-82.083333
2433,2.43300000e+03,-1970,-82.083333
2434,2.43400000e+03,-1970,-82.083333
2435,2.43500000e+03,-1993,-83.041667
2436,2.43600000e+03,-1993,-83.041667
2437,2.43700000e+03,-1993,-83.041667
2438,2.43800000e+03,-1993,-83.041667
2439,2.43900000e+03,-1993,-83.041667
2440,2.44000000e+03,-2014,-83.916667
2441,2.44100000e+03,-2014,-83.916667
2442,2.44200000e+03,-2014,-83.916667
2443,2.44300000e+03,-2014,-83.916667
2444,2.44400000e+03,-2014,-83.916667
2445,2.44500000e+03,-2036,-84.833333
2446,2.44600000e+03,-2036,-84.833333
2447,2.44700000e+03,-2036,-84.833333
2448,2.44800000e+03,-2036,-84.833333
2449,2.44900000e+03,-2036,-84.833333
2450,2.45000000e+03,-2060,-85.833333
2451,2.45100000e+03,-2060,-85.833333
2452,2.45200000e+03,-2060,-85.833333
2453,2.45300000e+03,-2060,-85.833333
2454,2.45400000e+03,-2060,-85.833333
2455,2.45500000e+03,-2083,-86.791667
2456,2.45600000e+03,-2083,-86.791667
2457,2.45700000e+03,-2083,-86.791667
2458,2.45800000e+03,-2083,-86.791667
2459,2.45900000e+03,-2083,-86.791667
2460,2.46000000e+03,-2109,-87.875000
2461,2.46100000e+03,-2109,-87.875000
2462,2.46200000e+03,-2109,-87.875000
2463,2.46300000e+03,-2109,-87.875000
2464,2.46400000e+03,-2109,-87.875000
2465,2.46500000e+03,-2132,-88.833333
2466,2.46600000e+03,-2132,-88.833333
2467,2.46700000e+03,-2132,-88.833333
2468,2.46800000e+03,-2132,-88.833333
2469,2.46900000e+03,-2132,-88.833333
2470,2.47000000e+03,-2158,-89.916667
2471,2.47100000e+03,-2158,-89.916667
2472,2.47200000e+03,-2158,-89.916667
2473,2.47300000e+03,-2158,-89.916667
2474,2.47400000e+03,-2158,-89.916667
2475,2.47500000e+03,-2180,-90.833333
2476,2.47600000e+03,-2180,-90.833333
2477,2.47700000e+03,-2180,-90.833333
2478,2.47800000e+03,-2180,-90.833333
2479,2.47900000e+03,-2180,-90.833333
2480,2.48000000e+03,-2201,-91.708333
2481,2.48100000e+03,-2201,-91.708333
2482,2.48200000e+03,-2201,-91.708333
2483,2.48300000e+03,-2201,-91.708333
2484,2.48400000e+03,-2201,-91.708333
2485,2.48500000e+03,-2219,-92.458333
2486,2.48600000e+03,-2219,-92.458333
2487,2.48700000e+03,-2219,-92.458333
2488,2.48800000e+03,-2219,-92.458333
2489,2.48900000e+03,-2219,-92.458333
2490,2.49000000e+03,-2239,-93.291667
2491,2.49100000e+03,-2239,-93.291667
2492,2.49200000e+03,-2239,-93.291667
2493,2.49300000e+03,-2239,-93.291667
2494,2.49400000e+03,-2239,-93.291667
2495,2.49500000e+03,-2256,-94.000000
2496,2.49600000e+03,-2256,-94.000000
2497,2.49700000e+03,-2256,-94.000000
2498,2.49800000e+03,-2256,-94.000000
2499,2.49900000e+03,-2256,-94.000000
2500,2.50000000e+03,-2268,-94.500000
2501,2.50100000e+03,-2268,-94.500000
2502,2.50200000e+03,-2268,-94.500000
2503,2.50300000e+03,-2268,-94.500000
2504,2.50400000e+03,-2268,-94.500000
2505,2.50500000e+03,-2284,-95.166667
2506,2.50600000e+03,-2284,-95.166667
2507,2.50700000e+03,-2284,-95.166667
2508,2.50800000e+03,-2284,-95.166667
2509,2.50900000e+03,-2284,-95.166667
2510,2.51000000e+03,-2299,-95.791667
2511,2.51100000e+03,-2299,-95.791667
2512,2.51200000e+03,-2299,-95.791667
2513,2.51300000e+03,-2299,-95.791667
2514,2.51400000e+03,-2299,-95.791667
2515,2.51500000e+03,-2312,-96.333333
2516,2.51600000e+03,-2312,-96.333333
2517,2.51700000e+03,-2312,-96.333333
2518,2.51800000e+03,-2312,-96.333333
2519,2.51900000e+03,-2312,-96.333333
2520,2.52000000e+03,-2316,-96.500000
2521,2.52100000e+03,-2316,-96.500000
2522,2.52200000e+03,-2316,-96.500000
2523,2.52300000e+03,-2316,-96.500000
2524,2.52400000e+03,-2316,-96.500000
2525,2.52500000e+03,-2333,-97.208333
2526,2.52600000e+03,-2333,-97.208333
2527,2.52700000e+03,-2333,-97.208333
2528,2.52800000e+03,-2333,-97.208333
2529,2.52900000e+03,-2333,-97.208333
2530,2.53000000e+03,-2344,-97.666667
2531,2.53100000e+03,-2344,-97.666667
2532,2.53200000e+03,-2344,-97.666667
2533,2.53300000e+03,-2344,-97.666667
2534,2.53400000e+03,-2344,-97.666667
2535,2.53500000e+03,-2359,-98.291667
2536,2.53600000e+03,-2359,-98.291667
2537,2.53700000e+03,-2359,-98.291667
2538,2.53800000e+03,-2359,-98.291667
2539,2.53900000e+03,-2359,-98.291667
2540,2.54000000e+03,-2374,-98.916667
2541,2.54100000e+03,-2374,-98.916667
2542,2.54200000e+03,-2374,-98.916667
2543,2.54300000e+03,-2374,-98.916667
2544,2.54400000e+03,-2374,-98.916667
2545,2.54500000e+03,-2391,-99.625000
2546,2.54600000e+03,-2391,-99.625000
2547,2.54700000e+03,-2391,-99.625000
2548,2.54800000e+03,-2391,-99.625000
2549,2.54900000e+03,-2391,-99.625000
2550,2.55000000e+03,-2406,-100.250000
2551,2.55100000e+03,-2406,-100.250000
2552,2.55200000e+03,-2406,-100.250000
2553,2.55300000e+03,-2406,-100.250000
2554,2.55400000e+03,-2406,-100.250000
2555,2.55500000e+03,-2429,-101.208333
2556,2.55600000e+03,-2429,-101.208333
2557,2.55700000e+03,-2429,-101.208333
2558,2.55800000e+03,-2429,-101.208333
2559,2.55900000e+03,-2429,-101.208333
2560,2.56000000e+03,-2453,-102.208333
2561,2.56100000e+03,-2453,-102.208333
2562,2.56200000e+03,-2453,-102.208333
2563,2.56300000e+03,-2453,-102.208333
2564,2.56400000e+03,-2453,-102.208333
2565,2.56500000e+03,-2477,-103.208333
2566,2.56600000e+03,-2477,-103.208333
2567,2.56700000e+03,-2477,-103.208333
2568,2.56800000e+03,-2477,-103.208333
2569,2.56900000e+03,-2477,-103.208333
2570,2.57000000e+03,-2503,-104.291667
2571,2.57100000e+03,-2503,-104.291667
2572,2.57200000e+03,-2503,-104.291667
2573,2.57300000e+03,-2503,-104.291667
2574,2.57400000e+03,-2503,-104.291667
2575,2.57500000e+03,-2529,-105.375000
2576,2.57600000e+03,-2529,-105.375000
2577,2.57700000e+03,-2529,-105.375000
2578,2.57800000e+03,-2529,-105.375000
2579,2.57900000e+03,-2529,-105.375000
2580,2.58000000e+03,-2560,-106.666667
2581,2.58100000e+03,-2560,-106.666667
2582,2.58200000e+03,-2560,-106.666667
2583,2.58300000e+03,-2560,-106.666667
2584,2.58400000e+03,-2560,-106.666667
2585,2.58500000e+03,-2582,-107.583333
2586,2.58600000e+03,-2582,-107.583333
2587,2.58700000e+03,-2582,-107.583333
2588,2.58800000e+03,-2582,-107.583333
2589,2.58900000e+03,-2582,-107.583333
2590,2.59000000e+03,-2604,-108.500000
2591,2.59100000e+03,-2604,-108.500000
2592,2.59200000e+03,-2604,-108.500000
2593,2.59300000e+03,-2604,-108.500000
2594,2.59400000e+03,-2604,-108.500000
2595,2.59500000e+03,-2628,-109.500000
2596,2.59600000e+03,-2628,-109.500000
2597,2.59700000e+03,-2628,-109.500000
2598,2.59800000e+03,-2628,-109.500000
2599,2.59900000e+03,-2628,-109.500000
2600,2.60000000e+03,-2643,-110.125000
2601,2.60100000e+03,-2643,-110.125000
2602,2.60200000e+03,-2643,-110.125000
2603,2.60300000e+03,-2643,-110.125000
2604,2.60400000e+03,-2643,-110.125000
2605,2.60500000e+03,-2660,-110.833333
2606,2.60600000e+03,-2660,-110.833333
2607,2.60700000e+03,-2660,-110.833333
2608,2.60800000e+03,-2660,-110.833333
2609,2.60900000e+03,-2660,-110.833333
2610,2.61000000e+03,-2675,-111.458333
2611,2.61100000e+03,-2675,-111.458333
2612,2.61200000e+03,-2675,-111.458333
2613,2.61300000e+03,-2675,-111.458333
2614,2.61400000e+03,-2675,-111.458333
2615,2.61500000e+03,-2686,-111.916667
2616,2.61600000e+03,-2686,-111.916667
2617,2.61700000e+03,-2686,-111.916667
2618,2.61800000e+03,-2686,-111.916667
2619,2.61900000e+03,-2686,-111.916667
2620,2.62000000e+03,-2697,-112.375000
2621,2.62100000e+03,-2697,-112.375000
2622,2.62200000e+03,-2697,-112.375000
2623,2.62300000e+03,-2697,-112.375000
2624,2.62400000e+03,-2697,-112.375000
2625,2.62500000e+03,-2707,-112.791667
2626,2.62600000e+03,-2707,-112.791667
2627,2.62700000e+03,-2707,-112.791667
2628,2.62800000e+03,-2707,-112.791667
2629,2.62900000e+03,-2707,-112.791667
2630,2.63000000e+03,-2715,-113.125000
2631,2.63100000e+03,-2715,-113.125000
2632,2.63200000e+03,-2715,-113.125000
2633,2.63300000e+03,-2715,-113.125000
2634,2.63400000e+03,-2715,-113.125000
2635,2.63500000e+03,-2726,-113.583333
2636,2.63600000e+03,-2726,-113.583333
2637,2.63700000e+03,-2726,-113.583333
2638,2.63800000e+03,-2726,-113.583333
2639,2.63900000e+03,-2726,-113.583333
2640,2.64000000e+03,-2738,-114.083333
2641,2.64100000e+03,-2738,-114.083333
2642,2.64200000e+03,-2738,-114.083333
2643,2.64300000e+03,-2738,-114.083333
2644,2.64400000e+03,-2738,-114.083333
2645,2.64500000e+03,-2749,-114.541667
2646,2.64600000e+03,-2749,-114.541667
2647,2.64700000e+03,-2749,-114.541667
2648,2.64800000e+03,-2749,-114.541667
2649,2.64900000e+03,-2749,-114.541667
2650,2.65000000e+03,-2762,-115.083333
2651,2.65100000e+03,-2762,-115.083333
2652,2.65200000e+03,-2762,-115.083333
2653,2.65300000e+03,-2762,-115.083333
2654,2.65400000e+03,-2762,-115.083333
2655,2.65500000e+03,-2774,-115.583333
2656,2.65600000e+03,-2774,-115.583333
2657,2.65700000e+03,-2774,-115.583333
2658,2.65800000e+03,-2774,-115.583333
2659,2.65900000e+03,-2774,-115.583333
2660,2.66000000e+03,-2790,-116.250000
2661,2.66100000e+03,-2790,-116.250000
2662,2.66200000e+03,-2790,-116.250000
2663,2.66300000e+03,-2790,-116.250000
2664,2.66400000e+03,-2790,-116.250000
2665,2.66500000e+03,-2809,-117.041667
2666,2.66600000e+03,-2809,-117.041667
2667,2.66700000e+03,-2809,-117.041667
2668,2.66800000e+03,-2809,-117.041667
2669,2.66900000e+03,-2809,-117.041667
2670,2.67000000e+03,-2829,-117.875000
2671,2.67100000e+03,-2829,-117.875000
2672,2.67200000e+03,-2829,-117.875000
2673,2.67300000e+03,-2829,-117.875000
2674,2.67400000e+03,-2829,-117.875000
2675,2.67500000e+03,-2842,-118.416667
2676,2.67600000e+03,-2842,-118.416667
2677,2.67700000e+03,-2842,-118.416667
2678,2.67800000e+03,-2842,-118.416667
2679,2.67900000e+03,-2842,-118.416667
2680,2.68000000e+03,-2863,-119.291667
2681,2.68100000e+03,-2863,-119.291667
2682,2.68200000e+03,-2863,-119.291667
2683,2.68300000e+03,-2863,-119.291667
2684,2.68400000e+03,-2863,-119.291667
2685,2.68500000e+03,-2886,-120.250000
2686,2.68600000e+03,-2886,-120.250000
2687,2.68700000e+03,-2886,-120.250000
2688,2.68800000e+03,-2886,-120.250000
2689,2.68900000e+03,-2886,-120.250000
2690,2.69000000e+03,-2906,-121.083333
2691,2.69100000e+03,-2906,-121.083333
2692,2.69200000e+03,-2906,-121.083333
2693,2.69300000e+03,-2906,-121.083333
2694,2.69400000e+03,-2906,-121.083333
2695,2.69500000e+03,-2927,-121.958333
2696,2.69600000e+03,-2927,-121.958333
2697,2.69700000e+03,-2927,-121.958333
2698,2.69800000e+03,-2927,-121.958333
2699,2.69900000e+03,-2927,-121.958333
2700,2.70000000e+03,-2946,-122.750000
2701,2.70100000e+03,-2946,-122.750000
2702,2.70200000e+03,-2946,-122.750000
2703,2.70300000e+03,-2946,-122.750000
2704,2.70400000e+03,-2946,-122.750000
2705,2.70500000e+03,-2965,-123.541667
2706,2.70600000e+03,-2965,-123.541667
2707,2.70700000e+03,-2965,-123.541667
2708,2.70800000e+03,-2965,-123.541667
2709,2.70900000e+03,-2965,-123.541667
2710,2.71000000e+03,-2985,-124.375000
2711,2.71100000e+03,-2985,-124.375000
2712,2.71200000e+03,-2985,-124.375000
2713,2.71300000e+03,-2985,-124.375000
2714,2.71400000e+03,-2985,-124.375000
2715,2.71500000e+03,-2999,-124.958333
2716,2.71600000e+03,-2999,-124.958333
2717,2.71700000e+03,-2999,-124.958333
2718,2.71800000e+03,-2999,-124.958333
2719,2.71900000e+03,-2999,-124.958333
2720,2.72000000e+03,-3012,-125.500000
2721,2.72100000e+03,-3012,-125.500000
2722,2.72200000e+03,-3012,-125.500000
2723,2.72300000e+03,-3012,-125.500000
2724,2.72400000e+03,-3012,-125.500000
2725,2.72500000e+03,-3025,-126.041667
2726,2.72600000e+03,-3025,-126.041667
2727,2.72700000e+03,-3025,-126.041667
2728,2.72800000e+03,-3025,-126.041667
2729,2.72900000e+03,-3025,-126.041667
2730,2.73000000e+03,-3038,-126.583333
2731,2.73100000e+03,-3038,-126.583333
2732,2.73200000e+03,-3038,-126.583333
2733,2.73300000e+03,-3038,-126.583333
2734,2.73400000e+03,-3038,-126.583333
2735,2.73500000e+03,-3043,-126.791667
2736,2.73600000e+03,-3043,-126.791667
2737,2.73700000e+03,-3043,-126.791667
2738,2.73800000e+03,-3043,-126.791667
2739,2.73900000e+03,-3043,-126.791667
2740,2.74000000e+03,-3053,-127.208333
2741,2.74100000e+03,-3053,-127.208333
2742,2.74200000e+03,-3053,-127.208333
2743,2.74300000e+03,-3053,-127.208333
2744,2.74400000e+03,-3053,-127.208333
2745,2.74500000e+03,-3060,-127.500000
2746,2.74600000e+03,-3060,-127.500000
2747,2.74700000e+03,-3060,-127.500000
2748,2.74800000e+03,-3060,-127.500000
2749,2.74900000e+03,-3060,-127.500000
2750,2.75000000e+03,-3070,-127.916667
2751,2.75100000e+03,-3070,-127.916667
2752,2.75200000e+03,-3070,-127.916667
2753,2.75300000e+03,-3070,-127.916667
2754,2.75400000e+03,-3070,-127.916667
2755,2.75500000e+03,-3076,-128.166667
2756,2.75600000e+03,-3076,-128.166667
2757,2.75700000e+03,-3076,-128.166667
2758,2.75800000e+03,-3076,-128.166667
2759,2.75900000e+03,-3076,-128.166667
2760,2.76000000e+03,-3080,-128.333333
2761,2.76100000e+03,-3080,-128.333333
2762,2.76200000e+03,-3080,-128.333333
2763,2.76300000e+03,-3080,-128.333333
2764,2.76400000e+03,-3080,-128.333333
2765,2.76500000e+03,-3086,-128.583333
2766,2.76600000e+03,-3086,-128.583333
2767,2.76700000e+03,-3086,-128.583333
2768,2.76800000e+03,-3086,-128.583333
2769,2.76900000e+03,-3086,-128.583333
2770,2.77000000e+03,-3093,-128.875000
2771,2.77100000e+03,-3093,-128.875000
2772,2.77200000e+03,-3093,-128.875000
2773,2.77300000e+03,-3093,-128.875000
2774,2.77400000e+03,-3093,-128.875000
2775,2.77500000e+03,-3099,-129.125000
2776,2.77600000e+03,-3099,-129.125000
2777,2.77700000e+03,-3099,-129.125000
2778,2.77800000e+03,-3099,-129.125000
2779,2.77900000e+03,-3099,-129.125000
2780,2.78000000e+03,-3111,-129.625000
2781,2.78100000e+03,-3111,-129.625000
2782,2.78200000e+03,-3111,-129.625000
2783,2.78300000e+03,-3111,-129.625000
2784,2.78400000e+03,-3111,-129.625000
2785,2.78500000e+03,-3119,-129.958333
2786,2.78600000e+03,-3119,-129.958333
2787,2.78700000e+03,-3119,-129.958333
2788,2.78800000e+03,-3119,-129.958333
2789,2.78900000e+03,-3119,-129.958333
2790,2.79000000e+03,-3130,-130.416667
2791,2.79100000e+03,-3130,-130.416667
2792,2.79200000e+03,-3130,-130.416667
2793,2.79300000e+03,-3130,-130.416667
2794,2.79400000e+03,-3130,-130.416667
2795,2.79500000e+03,-3142,-130.916667
2796,2.79600000e+03,-3142,-130.916667
2797,2.79700000e+03,-3142,-130.916667
2798,2.79800000e+03,-3142,-130.916667
2799,2.79900000e+03,-3142,-130.916667
2800,2.80000000e+03,-3156,-131.500000
2801,2.80100000e+03,-3156,-131.500000
2802,2.80200000e+03,-3156,-131.500000
2803,2.80300000e+03,-3156,-131.500000
2804,2.80400000e+03,-3156,-131.500000
2805,2.80500000e+03,-3169,-132.041667
2806,2.80600000e+03,-3169,-132.041667
2807,2.80700000e+03,-3169,-132.041667
2808,2.80800000e+03,-3169,-132.041667
2809,2.80900000e+03,-3169,-132.041667
2810,2.81000000e+03,-3178,-132.416667
2811,2.81100000e+03,-3178,-132.416667
2812,2.81200000e+03,-3178,-132.416667
2813,2.81300000e+03,-3178,-132.416667
2814,2.81400000e+03,-3178,-132.416667
2815,2.81500000e+03,-3193,-133.041667
2816,2.81600000e+03,-3193,-133.041667
2817,2.81700000e+03,-3193,-133.041667
2818,2.81800000e+03,-3193,-133.041667
2819,2.81900000e+03,-3193,-133.041667
2820,2.82000000e+03,-3203,-133.458333
2821,2.82100000e+03,-3203,-133.458333
2822,2.82200000e+03,-3203,-133.458333
2823,2.82300000e+03,-3203,-133.458333
2824,2.82400000e+03,-3203,-133.458333
2825,2.82500000e+03,-3213,-133.875000
2826,2.82600000e+03,-3213,-133.875000
2827,2.82700000e+03,-3213,-133.875000
2828,2.82800000e+03,-3213,-133.875000
2829,2.82900000e+03,-3213,-133.875000
2830,2.83000000e+03,-3220,-134.166667
2831,2.83100000e+03,-3220,-134.166667
2832,2.83200000e+03,-3220,-134.166667
2833,2.83300000e+03,-3220,-134.166667
2834,2.83400000e+03,-3220,-134.166667
2835,2.83500000e+03,-3220,-134.166667
2836,2.83600000e+03,-3220,-134.166667
2837,2.83700000e+03,-3220,-134.166667
2838,2.83800000e+03,-3220,-134.166667
2839,2.83900000e+03,-3220,-134.166667
2840,2.84000000e+03,-3216,-134.000000
2841,2.84100000e+03,-3216,-134.000000
2842,2.84200000e+03,-3216,-134.000000
2843,2.84300000e+03,-3216,-134.000000
2844,2.84400000e+03,-3216,-134.000000
2845,2.84500000e+03,-3209,-133.708333
2846,2.84600000e+03,-3209,-133.708333
2847,2.84700000e+03,-3209,-133.708333
2848,2.84800000e+03,-3209,-133.708333
2849,2.84900000e+03,-3209,-133.708333
2850,2.85000000e+03,-3203,-133.458333
2851,2.85100000e+03,-3203,-133.458333
2852,2.85200000e+03,-3203,-133.458333
2853,2.85300000e+03,-3203,-133.458333
2854,2.85400000e+03,-3203,-133.458333
2855,2.85500000e+03,-3191,-132.958333
2856,2.85600000e+03,-3191,-132.958333
2857,2.85700000e+03,-3191,-132.958333
2858,2.85800000e+03,-3191,-132.958333
2859,2.85900000e+03,-3191,-132.958333
2860,2.86000000e+03,-3180,-132.500000
2861,2.86100000e+03,-3180,-132.500000
2862,2.86200000e+03,-3180,-132.500000
2863,2.86300000e+03,-3180,-132.500000
2864,2.86400000e+03,-3180,-132.500000
2865,2.86500000e+03,-3165,-131.875000
2866,2.86600000e+03,-3165,-131.875000
2867,2.86700000e+03,-3165,-131.875000
2868,2.86800000e+03,-3165,-131.875000
2869,2.86900000e+03,-3165,-131.875000
2870,2.87000000e+03,-3153,-131.375000
2871,2.87100000e+03,-3153,-131.375000
2872,2.87200000e+03,-3153,-131.375000
2873,2.87300000e+03,-3153,-131.375000
2874,2.87400000e+03,-3153,-131.375000
2875,2.87500000e+03,-3142,-130.916667
2876,2.87600000e+03,-3142,-130.916667
2877,2.87700000e+03,-3142,-130.916667
2878,2.87800000e+03,-3142,-130.916667
2879,2.87900000e+03,-3142,-130.916667
2880,2.88000000e+03,-3130,-130.416667
2881,2.88100000e+03,-3130,-130.416667
2882,2.88200000e+03,-3130,-130.416667
2883,2.88300000e+03,-3130,-130.416667
2884,2.88400000e+03,-3130,-130.416667
2885,2.88500000e+03,-3119,-129.958333
2886,2.88600000e+03,-3119,-129.958333
2887,2.88700000e+03,-3119,-129.958333
2888,2.88800000e+03,-3119,-129.958333
2889,2.88900000e+03,-3119,-129.958333
2890,2.89000000e+03,-3109,-129.541667
2891,2.89100000e+03,-3109,-129.541667
2892,2.89200000e+03,-3109,-129.541667
2893,2.89300000e+03,-3109,-129.541667
2894,2.89400000e+03,-3109,-129.541667
2895,2.89500000e+03,-3097,-129.041667
2896,2.89600000e+03,-3097,-129.041667
2897,2.89700000e+03,-3097,-129.041667
2898,2.89800000e+03,-3097,-129.041667
2899,2.89900000e+03,-3097,-129.041667
2900,2.90000000e+03,-3087,-128.625000
2901,2.90100000e+03,-3087,-128.625000
2902,2.90200000e+03,-3087,-128.625000
2903,2.90300000e+03,-3087,-128.625000
2904,2.90400000e+03,-3087,-128.625000
2905,2.90500000e+03,-3081,-128.375000
2906,2.90600000e+03,-3081,-128.375000
2907,2.90700000e+03,-3081,-128.375000
2908,2.90800000e+03,-3081,-128.375000
2909,2.90900000e+03,-3081,-128.375000
2910,2.91000000e+03,-3073,-128.041667
2911,2.91100000e+03,-3073,-128.041667
2912,2.91200000e+03,-3073,-128.041667
2913,2.91300000e+03,-3073,-128.041667
2914,2.91400000e+03,-3073,-128.041667
2915,2.91500000e+03,-3064,-127.666667
2916,2.91600000e+03,-3064,-127.666667
2917,2.91700000e+03,-3064,-127.666667
2918,2.91800000e+03,-3064,-127.666667
2919,2.91900000e+03,-3064,-127.666667
2920,2.92000000e+03,-3055,-127.291667
2921,2.92100000e+03,-3055,-127.291667
2922,2.92200000e+03,-3055,-127.291667
2923,2.92300000e+03,-3055,-127.291667
2924,2.92400000e+03,-3055,-127.291667
2925,2.92500000e+03,-3051,-127.125000
2926,2.92600000e+03,-3051,-127.125000
2927,2.92700000e+03,-3051,-127.125000
2928,2.92800000e+03,-3051,-127.125000
2929,2.92900000e+03,-3051,-127.125000
2930,2.93000000e+03,-3046,-126.916667
2931,2.93100000e+03,-3046,-126.916667
2932,2.93200000e+03,-3046,-126.916667
2933,2.93300000e+03,-3046,-126.916667
2934,2.93400000e+03,-3046,-126.916667
2935,2.93500000e+03,-3039,-126.625000
2936,2.93600000e+03,-3039,-126.625000
2937,2.93700000e+03,-3039,-126.625000
2938,2.93800000e+03,-3039,-126.625000
2939,2.93900000e+03,-3039,-126.625000
2940,2.94000000e+03,-3030,-126.250000
2941,2.94100000e+03,-3030,-126.250000
2942,2.94200000e+03,-3030,-126.250000
2943,2.94300000e+03,-3030,-126.250000
2944,2.94400000e+03,-3030,-126.250000
2945,2.94500000e+03,-3021,-125.875000
2946,2.94600000e+03,-3021,-125.875000
2947,2.94700000e+03,-3021,-125.875000
2948,2.94800000e+03,-3021,-125.875000
2949,2.94900000e+03,-3021,-125.875000
2950,2.95000000e+03,-3013,-125.541667
2951,2.95100000e+03,-3013,-125.541667
2952,2.95200000e+03,-3013,-125.541667
2953,2.95300000e+03,-3013,-125.541667
2954,2.95400000e+03,-3013,-125.541667
2955,2.95500000e+03,-2999,-124.958333
2956,2.95600000e+03,-2999,-124.958333
2957,2.95700000e+03,-2999,-124.958333
2958,2.95800000e+03,-2999,-124.958333
2959,2.95900000e+03,-2999,-124.958333
2960,2.96000000e+03,-2986,-124.416667
2961,2.96100000e+03,-2986,-124.416667
2962,2.96200000e+03,-2986,-124.416667
2963,2.96300000e+03,-2986,-124.416667
2964,2.96400000e+03,-2986,-124.416667
2965,2.96500000e+03,-2969,-123.708333
2966,2.96600000e+03,-2969,-123.708333
2967,2.96700000e+03,-2969,-123.708333
2968,2.96800000e+03,-2969,-123.708333
2969,2.96900000e+03,-2969,-123.708333
2970,2.97000000e+03,-2948,-122.833333
2971,2.97100000e+03,-2948,-122.833333
2972,2.97200000e+03,-2948,-122.833333
2973,2.97300000e+03,-2948,-122.833333
2974,2.97400000e+03,-2948,-122.833333
2975,2.97500000e+03,-2934,-122.250000
2976,2.97600000e+03,-2934,-122.250000
2977,2.97700000e+03,-2934,-122.250000
2978,2.97800000e+03,-2934,-122.250000
2979,2.97900000e+03,-2934,-122.250000
2980,2.98000000e+03,-2911,-121.291667
2981,2.98100000e+03,-2911,-121.291667
2982,2.98200000e+03,-2911,-121.291667
2983,2.98300000e+03,-2911,-121.291667
2984,2.98400000e+03,-2911,-121.291667
2985,2.98500000e+03,-2890,-120.416667
2986,2.98600000e+03,-2890,-120.416667
2987,2.98700000e+03,-2890,-120.416667
2988,2.98800000e+03,-2890,-120.416667
2989,2.98900000e+03,-2890,-120.416667
2990,2.99000000e+03,-2868,-119.500000
2991,2.99100000e+03,-2868,-119.500000
2992,2.99200000e+03,-2868,-119.500000
2993,2.99300000e+03,-2868,-119.500000
2994,2.99400000e+03,-2868,-119.500000
2995,2.99500000e+03,-2845,-118.541667
2996,2.99600000e+03,-2845,-118.541667
2997,2.99700000e+03,-2845,-118.541667
2998,2.99800000e+03,-2845,-118.541667
2999,2.99900000e+03,-2845,-118.541667
3000,3.00000000e+03,-2827,-117.791667
3001,3.00100000e+03,-2827,-117.791667
3002,3.00200000e+03,-2827,-117.791667
3003,3.00300000e+03,-2827,-117.791667
3004,3.00400000e+03,-2827,-117.791667
3005,3.00500000e+03,-2806,-116.916667
3006,3.00600000e+03,-2806,-116.916667
3007,3.00700000e+03,-2806,-116.916667
3008,3.00800000e+03,-2806,-116.916667
3009,3.00900000e+03,-2806,-116.916667
3010,3.01000000e+03,-2786,-116.083333
3011,3.01100000e+03,-2786,-116.083333
3012,3.01200000e+03,-2786,-116.083333
3013,3.01300000e+03,-2786,-116.083333
3014,3.01400000e+03,-2786,-116.083333
3015,3.01500000e+03,-2769,-115.375000
3016,3.01600000e+03,-2769,-115.375000
3017,3.01700000e+03,-2769,-115.375000
3018,3.01800000e+03,-2769,-115.375000
3019,3.01900000e+03,-2769,-115.375000
3020,3.02000000e+03,-2754,-114.750000
3021,3.02100000e+03,-2754,-114.750000
3022,3.02200000e+03,-2754,-114.750000
3023,3.02300000e+03,-2754,-114.750000
3024,3.02400000e+03,-2754,-114.750000
3025,3.02500000e+03,-2740,-114.166667
3026,3.02600000e+03,-2740,-114.166667
3027,3.02700000e+03,-2740,-114.166667
3028,3.02800000e+03,-2740,-114.166667
3029,3.02900000e+03,-2740,-114.166667
3030,3.03000000e+03,-2725,-113.541667
3031,3.03100000e+03,-2725,-113.541667
3032,3.03200000e+03,-2725,-113.541667
3033,3.03300000e+03,-2725,-113.541667
3034,3.03400000e+03,-2725,-113.541667
3035,3.03500000e+03,-2715,-113.125000
3036,3.03600000e+03,-2715,-113.125000
3037,3.03700000e+03,-2715,-113.125000
3038,3.03800000e+03,-2715,-113.125000
3039,3.03900000e+03,-2715,-113.125000
3040,3.04000000e+03,-2701,-112.541667
3041,3.04100000e+03,-2701,-112.541667
3042,3.04200000e+03,-2701,-112.541667
3043,3.04300000e+03,-2701,-112.541667
3044,3.04400000e+03,-2701,-112.541667
3045,3.04500000e+03,-2690,-112.083333
3046,3.04600000e+03,-2690,-112.083333
3047,3.04700000e+03,-2690,-112.083333
3048,3.04800000e+03,-2690,-112.083333
3049,3.04900000e+03,-2690,-112.083333
3050,3.05000000e+03,-2679,-111.625000
3051,3.05100000e+03,-2679,-111.625000
3052,3.05200000e+03,-2679,-111.625000
3053,3.05300000e+03,-2679,-111.625000
3054,3.05400000e+03,-2679,-111.625000
3055,3.05500000e+03,-2668,-111.166667
3056,3.05600000e+03,-2668,-111.166667
3057,3.05700000e+03,-2668,-111.166667
3058,3.05800000e+03,-2668,-111.166667
3059,3.05900000e+03,-2668,-111.166667
3060,3.06000000e+03,-2657,-110.708333
3061,3.06100000e+03,-2657,-110.708333
3062,3.06200000e+03,-2657,-110.708333
3063,3.06300000e+03,-2657,-110.708333
3064,3.06400000e+03,-2657,-110.708333
3065,3.06500000e+03,-2641,-110.041667
3066,3.06600000e+03,-2641,-110.041667
3067,3.06700000e+03,-2641,-110.041667
3068,3.06800000e+03,-2641,-110.041667
3069,3.06900000e+03,-2641,-110.041667
3070,3.07000000e+03,-2624,-109.333333
3071,3.07100000e+03,-2624,-109.333333
3072,3.07200000e+03,-2624,-109.333333
3073,3.07300000e+03,-2624,-109.333333
3074,3.07400000e+03,-2624,-109.333333
3075,3.07500000e+03,-2605,-108.541667
3076,3.07600000e+03,-2605,-108.541667
3077,3.07700000e+03,-2605,-108.541667
3078,3.07800000e+03,-2605,-108.541667
3079,3.07900000e+03,-2605,-108.541667
3080,3.08000000e+03,-2582,-107.583333
3081,3.08100000e+03,-2582,-107.583333
3082,3.08200000e+03,-2582,-107.583333
3083,3.08300000e+03,-2582,-107.583333
3084,3.08400000e+03,-2582,-107.583333
3085,3.08500000e+03,-2559,-106.625000
3086,3.08600000e+03,-2559,-106.625000
3087,3.08700000e+03,-2559,-106.625000
3088,3.08800000e+03,-2559,-106.625000
3089,3.08900000e+03,-2559,-106.625000
3090,3.09000000e+03,-2532,-105.500000
3091,3.09100000e+03,-2532,-105.500000
3092,3.09200000e+03,-2532,-105.500000
3093,3.09300000e+03,-2532,-105.500000
3094,3.09400000e+03,-2532,-105.500000
3095,3.09500000e+03,-2506,-104.416667
3096,3.09600000e+03,-2506,-104.416667
3097,3.09700000e+03,-2506,-104.416667
3098,3.09800000e+03,-2506,-104.416667
3099,3.09900000e+03,-2506,-104.416667
3100,3.10000000e+03,-2477,-103.208333
3101,3.10100000e+03,-2477,-103.208333
3102,3.10200000e+03,-2477,-103.208333
3103,3.10300000e+03,-2477,-103.208333
3104,3.10400000e+03,-2477,-103.208333
3105,3.10500000e+03,-2451,-102.125000
3106,3.10600000e+03,-2451,-102.125000
3107,3.10700000e+03,-2451,-102.125000
3108,3.10800000e+03,-2451,-102.125000
3109,3.10900000e+03,-2451,-102.125000
3110,3.11000000e+03,-2426,-101.083333
3111,3.11100000e+03,-2426,-101.083333
3112,3.11200000e+03,-2426,-101.083333
3113,3.11300000e+03,-2426,-101.083333
3114,3.11400000e+03,-2426,-101.083333
3115,3.11500000e+03,-2404,-100.166667
3116,3.11600000e+03,-2404,-100.166667
3117,3.11700000e+03,-2404,-100.166667
3118,3.11800000e+03,-2404,-100.166667
3119,3.11900000e+03,-2404,-100.166667
3120,3.12000000e+03,-2382,-99.250000
3121,3.12100000e+03,-2382,-99.250000
3122,3.12200000e+03,-2382,-99.250000
3123,3.12300000e+03,-2382,-99.250000
3124,3.12400000e+03,-2382,-99.250000
3125,3.12500000e+03,-2364,-98.500000
3126,3.12600000e+03,-2364,-98.500000
3127,3.12700000e+03,-2364,-98.500000
3128,3.12800000e+03,-2364,-98.500000
3129,3.12900000e+03,-2364,-98.500000
3130,3.13000000e+03,-2345,-97.708333
3131,3.13100000e+03,-2345,-97.708333
3132,3.13200000e+03,-2345,-97.708333
3133,3.13300000e+03,-2345,-97.708333
3134,3.13400000e+03,-2345,-97.708333
3135,3.13500000e+03,-2331,-97.125000
3136,3.13600000e+03,-2331,-97.125000
3137,3.13700000e+03,-2331,-97.125000
3138,3.13800000e+03,-2331,-97.125000
3139,3.13900000e+03,-2331,-97.125000
3140,3.14000000e+03,-2315,-96.458333
3141,3.14100000e+03,-2315,-96.458333
3142,3.14200000e+03,-2315,-96.458333
3143,3.14300000e+03,-2315,-96.458333
3144,3.14400000e+03,-2315,-96.458333
3145,3.14500000e+03,-2304,-96.000000
3146,3.14600000e+03,-2304,-96.000000
3147,3.14700000e+03,-2304,-96.000000
3148,3.14800000e+03,-2304,-96.000000
3149,3.14900000e+03,-2304,-96.000000
3150,3.15000000e+03,-2289,-95.375000
3151,3.15100000e+03,-2289,-95.375000
3152,3.15200000e+03,-2289,-95.375000
3153,3.15300000e+03,-2289,-95.375000
3154,3.15400000e+03,-2289,-95.375000
3155,3.15500000e+03,-2279,-94.958333
3156,3.15600000e+03,-2279,-94.958333
3157,3.15700000e+03,-2279,-94.958333
3158,3.15800000e+03,-2279,-94.958333
3159,3.15900000e+03,-2279,-94.958333
3160,3.16000000e+03,-2267,-94.458333
3161,3.16100000e+03,-2267,-94.458333
3162,3.16200000e+03,-2267,-94.458333
3163,3.16300000e+03,-2267,-94.458333
3164,3.16400000e+03,-2267,-94.458333
3165,3.16500000e+03,-2258,-94.083333
3166,3.16600000e+03,-2258,-94.083333
3167,3.16700000e+03,-2258,-94.083333
3168,3.16800000e+03,-2258,-94.083333
3169,3.16900000e+03,-2258,-94.083333
3170,3.17000000e+03,-2242,-93.416667
3171,3.17100000e+03,-2242,-93.416667
3172,3.17200000e+03,-2242,-93.416667
3173,3.17300000e+03,-2242,-93.416667
3174,3.17400000e+03,-2242,-93.416667
3175,3.17500000e+03,-2232,-93.000000
3176,3.17600000e+03,-2232,-93.000000
3177,3.17700000e+03,-2232,-93.000000
3178,3.17800000e+03,-2232,-93.000000
3179,3.17900000e+03,-2232,-93.000000
3180,3.18000000e+03,-2215,-92.291667
3181,3.18100000e+03,-2215,-92.291667
3182,3.18200000e+03,-2215,-92.291667
3183,3.18300000e+03,-2215,-92.291667
3184,3.18400000e+03,-2215,-92.291667
3185,3.18500000e+03,-2202,-91.750000
3186,3.18600000e+03,-2202,-91.750000
3187,3.18700000e+03,-2202,-91.750000
3188,3.18800000e+03,-2202,-91.750000
3189,3.18900000e+03,-2202,-91.750000
3190,3.19000000e+03,-2178,-90.750000
3191,3.19100000e+03,-2178,-90.750000
3192,3.19200000e+03,-2178,-90.750000
3193,3.19300000e+03,-2178,-90.750000
3194,3.19400000e+03,-2178,-90.750000
3195,3.19500000e+03,-2162,-90.083333
3196,3.19600000e+03,-2162,-90.083333
3197,3.19700000e+03,-2162,-90.083333
3198,3.19800000e+03,-2162,-90.083333
3199,3.19900000e+03,-2162,-90.083333
3200,3.20000000e+03,-2136,-89.000000
3201,3.20100000e+03,-2136,-89.000000
3202,3.20200000e+03,-2136,-89.000000
3203,3.20300000e+03,-2136,-89.000000
3204,3.20400000e+03,-2136,-89.000000
3205,3.20500000e+03,-2117,-88.208333
3206,3.20600000e+03,-2117,-88.208333
3207,3.20700000e+03,-2117,-88.208333
3208,3.20800000e+03,-2117,-88.208333
3209,3.20900000e+03,-2117,-88.208333
3210,3.21000000e+03,-2094,-87.250000
3211,3.21100000e+03,-2094,-87.250000
3212,3.21200000e+03,-2094,-87.250000
3213,3.21300000e+03,-2094,-87.250000
3214,3.21400000e+03,-2094,-87.250000
3215,3.21500000e+03,-2071,-86.291667
3216,3.21600000e+03,-2071,-86.291667
3217,3.21700000e+03,-2071,-86.291667
3218,3.21800000e+03,-2071,-86.291667
3219,3.21900000e+03,-2071,-86.291667
3220,3.22000000e+03,-2046,-85.250000
3221,3.22100000e+03,-2046,-85.250000
3222,3.22200000e+03,-2046,-85.250000
3223,3.22300000e+03,-2046,-85.250000
3224,3.22400000e+03,-2046,-85.250000
3225,3.22500000e+03,-2028,-84.500000
3226,3.22600000e+03,-2028,-84.500000
3227,3.22700000e+03,-2028,-84.500000
3228,3.22800000e+03,-2028,-84.500000
3229,3.22900000e+03,-2028,-84.500000
3230,3.23000000e+03,-2002,-83.416667
3231,3.23100000e+03,-2002,-83.416667
3232,3.23200000e+03,-2002,-83.416667
3233,3.23300000e+03,-2002,-83.416667
3234,3.23400000e+03,-2002,-83.416667
3235,3.23500000e+03,-1983,-82.625000
3236,3.23600000e+03,-1983,-82.625000
3237,3.23700000e+03,-1983,-82.625000
3238,3.23800000e+03,-1983,-82.625000
3239,3.23900000e+03,-1983,-82.625000
3240,3.24000000e+03,-1961,-81.708333
3241,3.24100000e+03,-1961,-81.708333
3242,3.24200000e+03,-1961,-81.708333
3243,3.24300000e+03,-1961,-81.708333
3244,3.24400000e+03,-1961,-81.708333
3245,3.24500000e+03,-1940,-80.833333
3246,3.24600000e+03,-1940,-80.833333
3247,3.24700000e+03,-1940,-80.833333
3248,3.24800000e+03,-1940,-80.833333
3249,3.24900000e+03,-1940,-80.833333
3250,3.25000000e+03,-1919,-79.958333
3251,3.25100000e+03,-1919,-79.958333
3252,3.25200000e+03,-1919,-79.958333
3253,3.25300000e+03,-1919,-79.958333
3254,3.25400000e+03,-1919,-79.958333
3255,3.25500000e+03,-1896,-79.000000
3256,3.25600000e+03,-1896,-79.000000
3257,3.25700000e+03,-1896,-79.000000
3258,3.25800000e+03,-1896,-79.000000
3259,3.25900000e+03,-1896,-79.000000
3260,3.26000000e+03,-1874,-78.083333
3261,3.26100000e+03,-1874,-78.083333
3262,3.26200000e+03,-1874,-78.083333
3263,3.26300000e+03,-1874,-78.083333
3264,3.26400000e+03,-1874,-78.083333
3265,3.26500000e+03,-1854,-77.250000
3266,3.26600000e+03,-1854,-77.250000
3267,3.26700000e+03,-1854,-77.250000
3268,3.26800000e+03,-1854,-77.250000
3269,3.26900000e+03,-1854,-77.250000
3270,3.27000000e+03,-1834,-76.416667
3271,3.27100000e+03,-1834,-76.416667
3272,3.27200000e+03,-1834,-76.416667
3273,3.27300000e+03,-1834,-76.416667
3274,3.27400000e+03,-1834,-76.416667
3275,3.27500000e+03,-1812,-75.500000
3276,3.27600000e+03,-1812,-75.500000
3277,3.27700000e+03,-1812,-75.500000
3278,3.27800000e+03,-1812,-75.500000
3279,3.27900000e+03,-1812,-75.500000
3280,3.28000000e+03,-1788,-74.500000
3281,3.28100000e+03,-1788,-74.500000
3282,3.28200000e+03,-1788,-74.500000
3283,3.28300000e+03,-1788,-74.500000
3284,3.28400000e+03,-1788,-74.500000
3285,3.28500000e+03,-1767,-73.625000
3286,3.28600000e+03,-1767,-73.625000
3287,3.28700000e+03,-1767,-73.625000
3288,3.28800000e+03,-1767,-73.625000
3289,3.28900000e+03,-1767,-73.625000
3290,3.29000000e+03,-1741,-72.541667
3291,3.29100000e+03,-1741,-72.541667
3292,3.29200000e+03,-1741,-72.541667
3293,3.29300000e+03,-1741,-72.541667
3294,3.29400000e+03,-1741,-72.541667
3295,3.29500000e+03,-1717,-71.541667
3296,3.29600000e+03,-1717,-71.541667
3297,3.29700000e+03,-1717,-71.541667
3298,3.29800000e+03,-1717,-71.541667
3299,3.29900000e+03,-1717,-71.541667
3300,3.30000000e+03,-1690,-70.416667
3301,3.30100000e+03,-1690,-70.416667
3302,3.30200000e+03,-1690,-70.416667
3303,3.30300000e+03,-1690,-70.416667
3304,3.30400000e+03,-1690,-70.416667
3305,3.30500000e+03,-1659,-69.125000
3306,3.30600000e+03,-1659,-69.125000
3307,3.30700000e+03,-1659,-69.125000
3308,3.30800000e+03,-1659,-69.125000
3309,3.30900000e+03,-1659,-69.125000
3310,3.31000000e+03,-1626,-67.750000
3311,3.31100000e+03,-1626,-67.750000
3312,3.31200000e+03,-1626,-67.750000
3313,3.31300000e+03,-1626,-67.750000
3314,3.31400000e+03,-1626,-67.750000
3315,3.31500000e+03,-1598,-66.583333
3316,3.31600000e+03,-1598,-66.583333
3317,3.31700000e+03,-1598,-66.583333
3318,3.31800000e+03,-1598,-66.583333
3319,3.31900000e+03,-1598,-66.583333
3320,3.32000000e+03,-1564,-65.166667
3321,3.32100000e+03,-1564,-65.166667
3322,3.32200000e+03,-1564,-65.166667
3323,3.32300000e+03,-1564,-65.166667
3324,3.32400000e+03,-1564,-65.166667
3325,3.32500000e+03,-1527,-63.625000
3326,3.32600000e+03,-1527,-63.625000
3327,3.32700000e+03,-1527,-63.625000
3328,3.32800000e+03,-1527,-63.625000
3329,3.32900000e+03,-1527,-63.625000
3330,3.33000000e+03,-1488,-62.000000
3331,3.33100000e+03,-1488,-62.000000
3332,3.33200000e+03,-1488,-62.000000
3333,3.33300000e+03,-1488,-62.000000
3334,3.33400000e+03,-1488,-62.000000
3335,3.33500000e+03,-1450,-60.416667
3336,3.33600000e+03,-1450,-60.416667
3337,3.33700000e+03,-1450,-60.416667
3338,3.33800000e+03,-1450,-60.416667
3339,3.33900000e+03,-1450,-60.416667
3340,3.34000000e+03,-1415,-58.958333
3341,3.34100000e+03,-1415,-58.958333
3342,3.34200000e+03,-1415,-58.958333
3343,3.34300000e+03,-1415,-58.958333
3344,3.34400000e+03,-1415,-58.958333
3345,3.34500000e+03,-1378,-57.416667
3346,3.34600000e+03,-1378,-57.416667
3347,3.34700000e+03,-1378,-57.416667
3348,3.34800000e+03,-1378,-57.416667
3349,3.34900000e+03,-1378,-57.416667
3350,3.35000000e+03,-1344,-56.000000
3351,3.35100000e+03,-1344,-56.000000
3352,3.35200000e+03,-1344,-56.000000
3353,3.35300000e+03,-1344,-56.000000
3354,3.35400000e+03,-1344,-56.000000
3355,3.35500000e+03,-1312,-54.666667
3356,3.35600000e+03,-1312,-54.666667
3357,3.35700000e+03,-1312,-54.666667
3358,3.35800000e+03,-1312,-54.666667
3359,3.35900000e+03,-1312,-54.666667
3360,3.36000000e+03,-1279,-53.291667
3361,3.36100000e+03,-1279,-53.291667
3362,3.36200000e+03,-1279,-53.291667
3363,3.36300000e+03,-1279,-53.291667
3364,3.36400000e+03,-1279,-53.291667
3365,3.36500000e+03,-1252,-52.166667
3366,3.36600000e+03,-1252,-52.166667
3367,3.36700000e+03,-1252,-52.166667
3368,3.36800000e+03,-1252,-52.166667
3369,3.36900000e+03,-1252,-52.166667
3370,3.37000000e+03,-1220,-50.833333
3371,3.37100000e+03,-1220,-50.833333
3372,3.37200000e+03,-1220,-50.833333
3373,3.37300000e+03,-1220,-50.833333
3374,3.37400000e+03,-1220,-50.833333
3375,3.37500000e+03,-1188,-49.500000
3376,3.37600000e+03,-1188,-49.500000
3377,3.37700000e+03,-1188,-49.500000
3378,3.37800000e+03,-1188,-49.500000
3379,3.37900000e+03,-1188,-49.500000
3380,3.38000000e+03,-1160,-48.333333
3381,3.38100000e+03,-1160,-48.333333
3382,3.38200000e+03,-1160,-48.333333
3383,3.38300000e+03,-1160,-48.333333
3384,3.38400000e+03,-1160,-48.333333
3385,3.38500000e+03,-1130,-47.083333
3386,3.38600000e+03,-1130,-47.083333
3387,3.38700000e+03,-1130,-47.083333
3388,3.38800000e+03,-1130,-47.083333
3389,3.38900000e+03,-1130,-47.083333
3390,3.39000000e+03,-1106,-46.083333
3391,3.39100000e+03,-1106,-46.083333
3392,3.39200000e+03,-1106,-46.083333
3393,3.39300000e+03,-1106,-46.083333
3394,3.39400000e+03,-1106,-46.083333
3395,3.39500000e+03,-1075,-44.791667
3396,3.39600000e+03,-1075,-44.791667
3397,3.39700000e+03,-1075,-44.791667
3398,3.39800000e+03,-1075,-44.791667
3399,3.39900000e+03,-1075,-44.791667
3400,3.40000000e+03,-1044,-43.500000
3401,3.40100000e+03,-1044,-43.500000
3402,3.40200000e+03,-1044,-43.500000
3403,3.40300000e+03,-1044,-43.500000
3404,3.40400000e+03,-1044,-43.500000
3405,3.40500000e+03,-1019,-42.458333
3406,3.40600000e+03,-1019,-42.458333
3407,3.40700000e+03,-1019,-42.458333
3408,3.40800000e+03,-1019,-42.458333
3409,3.40900000e+03,-1019,-42.458333
3410,3.41000000e+03,-987,-41.125000
3411,3.41100000e+03,-987,-41.125000
3412,3.41200000e+03,-987,-41.125000
3413,3.41300000e+03,-987,-41.125000
3414,3.41400000e+03,-987,-41.125000
3415,3.41500000e+03,-956,-39.833333
3416,3.41600000e+03,-956,-39.833333
3417,3.41700000e+03,-956,-39.833333
3418,3.41800000e+03,-956,-39.833333
3419,3.41900000e+03,-956,-39.833333
3420,3.42000000e+03,-921,-38.375000
3421,3.42100000e+03,-921,-38.375000
3422,3.42200000e+03,-921,-38.375000
3423,3.42300000e+03,-921,-38.375000
3424,3.42400000e+03,-921,-38.375000
3425,3.42500000e+03,-891,-37.125000
3426,3.42600000e+03,-891,-37.125000
3427,3.42700000e+03,-891,-37.125000
3428,3.42800000e+03,-891,-37.125000
3429,3.42900000e+03,-891,-37.125000
3430,3.43000000e+03,-856,-35.666667
3431,3.43100000e+03,-856,-35.666667
3432,3.43200000e+03,-856,-35.666667
3433,3.43300000e+03,-856,-35.666667
3434,3.43400000e+03,-856,-35.666667
3435,3.43500000e+03,-821,-34.208333
3436,3.43600000e+03,-821,-34.208333
3437,3.43700000e+03,-821,-34.208333
3438,3.43800000e+03,-821,-34.208333
3439,3.43900000e+03,-821,-34.208333
3440,3.44000000e+03,-789,-32.875000
3441,3.44100000e+03,-789,-32.875000
3442,3.44200000e+03,-789,-32.875000
3443,3.44300000e+03,-789,-32.875000
3444,3.44400000e+03,-789,-32.875000
3445,3.44500000e+03,-753,-31.375000
3446,3.44600000e+03,-753,-31.375000
3447,3.44700000e+03,-753,-31.375000
3448,3.44800000e+03,-753,-31.375000
3449,3.44900000e+03,-753,-31.375000
3450,3.45000000e+03,-719,-29.958333
3451,3.45100000e+03,-719,-29.958333
3452,3.45200000e+03,-719,-29.958333
3453,3.45300000e+03,-719,-29.958333
3454,3.45400000e+03,-719,-29.958333
3455,3.45500000e+03,-682,-28.416667
3456,3.45600000e+03,-682,-28.416667
3457,3.45700000e+03,-682,-28.416667
3458,3.45800000e+03,-682,-28.416667
3459,3.45900000e+03,-682,-28.416667
3460,3.46000000e+03,-644,-26.833333
3461,3.46100000e+03,-644,-26.833333
3462,3.46200000e+03,-644,-26.833333
3463,3.46300000e+03,-644,-26.833333
3464,3.46400000e+03,-644,-26.833333
3465,3.46500000e+03,-612,-25.500000
3466,3.46600000e+03,-612,-25.500000
3467,3.46700000e+03,-612,-25.500000
3468,3.46800000e+03,-612,-25.500000
3469,3.46900000e+03,-612,-25.500000
3470,3.47000000e+03,-581,-24.208333
3471,3.47100000e+03,-581,-24.208333
3472,3.47200000e+03,-581,-24.208333
3473,3.47300000e+03,-581,-24.208333
3474,3.47400000e+03,-581,-24.208333
3475,3.47500000e+03,-549,-22.875000
3476,3.47600000e+03,-549,-22.875000
3477,3.47700000e+03,-549,-22.875000
3478,3.47800000e+03,-549,-22.875000
3479,3.47900000e+03,-549,-22.875000
3480,3.48000000e+03,-517,-21.541667
3481,3.48100000e+03,-517,-21.541667
3482,3.48200000e+03,-517,-21.541667
3483,3.48300000e+03,-517,-21.541667
3484,3.48400000e+03,-517,-21.541667
3485,3.48500000e+03,-485,-20.208333
3486,3.48600000e+03,-485,-20.208333
3487,3.48700000e+03,-485,-20.208333
3488,3.48800000e+03,-485,-20.208333
3489,3.48900000e+03,-485,-20.208333
3490,3.49000000e+03,-452,-18.833333
3491,3.49100000e+03,-452,-18.833333
3492,3.49200000e+03,-452,-18.833333
3493,3.49300000e+03,-452,-18.833333
3494,3.49400000e+03,-452,-18.833333
3495,3.49500000e+03,-418,-17.416667
3496,3.49600000e+03,-418,-17.416667
3497,3.49700000e+03,-418,-17.416667
3498,3.49800000e+03,-418,-17.416667
3499,3.49900000e+03,-418,-17.416667
3500,3.50000000e+03,-386,-16.083333
3501,3.50100000e+03,-386,-16.083333
3502,3.50200000e+03,-386,-16.083333
3503,3.50300000e+03,-386,-16.083333
3504,3.50400000e+03,-386,-16.083333
3505,3.50500000e+03,-352,-14.666667
3506,3.50600000e+03,-352,-14.666667
3507,3.50700000e+03,-352,-14.666667
3508,3.50800000e+03,-352,-14.666667
3509,3.50900000e+03,-352,-14.666667
3510,3.51000000e+03,-322,-13.416667
3511,3.51100000e+03,-322,-13.416667
3512,3.51200000e+03,-322,-13.416667
3513,3.51300000e+03,-322,-13.416667
3514,3.51400000e+03,-322,-13.416667
3515,3.51500000e+03,-285,-11.875000
3516,3.51600000e+03,-285,-11.875000
3517,3.51700000e+03,-285,-11.875000
3518,3.51800000e+03,-285,-11.875000
3519,3.51900000e+03,-285,-11.875000
3520,3.52000000e+03,-251,-10.458333
3521,3.52100000e+03,-251,-10.458333
3522,3.52200000e+03,-251,-10.458333
3523,3.52300000e+03,-251,-10.458333
3524,3.52400000e+03,-251,-10.458333
3525,3.52500000e+03,-212,-8.833333
3526,3.52600000e+03,-212,-8.833333
3527,3.52700000e+03,-212,-8.833333
3528,3.52800000e+03,-212,-8.833333
3529,3.52900000e+03,-212,-8.833333
3530,3.53000000e+03,-174,-7.250000
3531,3.53100000e+03,-174,-7.250000
3532,3.53200000e+03,-174,-7.250000
3533,3.53300000e+03,-174,-7.250000
3534,3.53400000e+03,-174,-7.250000
3535,3.53500000e+03,-134,-5.583333
3536,3.53600000e+03,-134,-5.583333
3537,3.53700000e+03,-134,-5.583333
3538,3.53800000e+03,-134,-5.583333
3539,3.53900000e+03,-134,-5.583333
3540,3.54000000e+03,-97,-4.041667
3541,3.54100000e+03,-97,-4.041667
3542,3.54200000e+03,-97,-4.041667
3543,3.54300000e+03,-97,-4.041667
3544,3.54400000e+03,-97,-4.041667
3545,3.54500000e+03,-58,-2.416667
3546,3.54600000e+03,-58,-2.416667
3547,3.54700000e+03,-58,-2.416667
3548,3.54800000e+03,-58,-2.416667
3549,3.54900000e+03,-58,-2.416667
3550,3.55000000e+03,-17,-0.708333
3551,3.55100000e+03,-17,-0.708333
3552,3.55200000e+03,-17,-0.708333
3553,3.55300000e+03,-17,-0.708333
3554,3.55400000e+03,-17,-0.708333
3555,3.55500000e+03,23,0.958333
3556,3.55600000e+03,23,0.958333
3557,3.55700000e+03,23,0.958333
3558,3.55800000e+03,23,0.958333
3559,3.55900000e+03,23,0.958333
3560,3.56000000e+03,62,2.583333
3561,3.56100000e+03,62,2.583333
3562,3.56200000e+03,62,2.583333
3563,3.56300000e+03,62,2.583333
3564,3.56400000e+03,62,2.583333
3565,3.56500000e+03,101,4.208333
3566,3.56600000e+03,101,4.208333
3567,3.56700000e+03,101,4.208333
3568,3.56800000e+03,101,4.208333
3569,3.56900000e+03,101,4.208333
3570,3.57000000e+03,143,5.958333
3571,3.57100000e+03,143,5.958333
3572,3.57200000e+03,143,5.958333
3573,3.57300000e+03,143,5.958333
3574,3.57400000e+03,143,5.958333
3575,3.57500000e+03,178,7.416667
3576,3.57600000e+03,178,7.416667
3577,3.57700000e+03,178,7.416667
3578,3.57800000e+03,178,7.416667
3579,3.57900000e+03,178,7.416667
3580,3.58000000e+03,216,9.000000
3581,3.58100000e+03,216,9.000000
3582,3.58200000e+03,216,9.000000
3583,3.58300000e+03,216,9.000000
3584,3.58400000e+03,216,9.000000
3585,3.58500000e+03,252,10.500000
3586,3.58600000e+03,252,10.500000
3587,3.58700000e+03,252,10.500000
3588,3.58800000e+03,252,10.500000
3589,3.58900000e+03,252,10.500000
3590,3.59000000e+03,287,11.958333
3591,3.59100000e+03,287,11.958333
3592,3.59200000e+03,287,11.958333
3593,3.59300000e+03,287,11.958333
3594,3.59400000e+03,287,11.958333
3595,3.59500000e+03,317,13.208333
3596,3.59600000e+03,317,13.208333
3597,3.59700000e+03,317,13.208333
3598,3.59800000e+03,317,13.208333
3599,3.59900000e+03,317,13.208333
3600,3.60000000e+03,352,14.666667
3601,3.60100000e+03,352,14.666667
3602,3.60200000e+03,352,14.666667
3603,3.60300000e+03,352,14.666667
3604,3.60400000e+03,352,14.666667
3605,3.60500000e+03,387,16.125000
3606,3.60600000e+03,387,16.125000
3607,3.60700000e+03,387,16.125000
3608,3.60800000e+03,387,16.125000
3609,3.60900000e+03,387,16.125000
3610,3.61000000e+03,414,17.250000
3611,3.61100000e+03,414,17.250000
3612,3.61200000e+03,414,17.250000
3613,3.61300000e+03,414,17.250000
3614,3.61400000e+03,414,17.250000
3615,3.61500000e+03,446,18.583333
3616,3.61600000e+03,446,18.583333
3617,3.61700000e+03,446,18.583333
3618,3.61800000e+03,446,18.583333
3619,3.61900000e+03,446,18.583333
3620,3.62000000e+03,477,19.875000
3621,3.62100000e+03,477,19.875000
3622,3.62200000e+03,477,19.875000
3623,3.62300000e+03,477,19.875000
3624,3.62400000e+03,477,19.875000
3625,3.62500000e+03,511,21.291667
3626,3.62600000e+03,511,21.291667
3627,3.62700000e+03,511,21.291667
3628,3.62800000e+03,511,21.291667
3629,3.62900000e+03,511,21.291667
3630,3.63000000e+03,541,22.541667
3631,3.63100000e+03,541,22.541667
3632,3.63200000e+03,541,22.541667
3633,3.63300000e+03,541,22.541667
3634,3.63400000e+03,541,22.541667
3635,3.63500000e+03,573,23.875000
3636,3.63600000e+03,573,23.875000
3637,3.63700000e+03,573,23.875000
3638,3.63800000e+03,573,23.875000
3639,3.63900000e+03,573,23.875000
3640,3.64000000e+03,609,25.375000
3641,3.64100000e+03,609,25.375000
3642,3.64200000e+03,609,25.375000
3643,3.64300000e+03,609,25.375000
3644,3.64400000e+03,609,25.375000
3645,3.64500000e+03,639,26.625000
3646,3.64600000e+03,639,26.625000
3647,3.64700000e+03,639,26.625000
3648,3.64800000e+03,639,26.625000
3649,3.64900000e+03,639,26.625000
3650,3.65000000e+03,675,28.125000
3651,3.65100000e+03,675,28.125000
3652,3.65200000e+03,675,28.125000
3653,3.65300000e+03,675,28.125000
3654,3.65400000e+03,675,28.125000
3655,3.65500000e+03,712,29.666667
3656,3.65600000e+03,712,29.666667
3657,3.65700000e+03,712,29.666667
3658,3.65800000e+03,712,29.666667
3659,3.65900000e+03,712,29.666667
3660,3.66000000e+03,751,31.291667
3661,3.66100000e+03,751,31.291667
3662,3.66200000e+03,751,31.291667
3663,3.66300000e+03,751,31.291667
3664,3.66400000e+03,751,31.291667
3665,3.66500000e+03,784,32.666667
3666,3.66600000e+03,784,32.666667
3667,3.66700000e+03,784,32.666667
3668,3.66800000e+03,784,32.666667
3669,3.66900000e+03,784,32.666667
3670,3.67000000e+03,820,34.166667
3671,3.67100000e+03,820,34.166667
3672,3.67200000e+03,820,34.166667
3673,3.67300000e+03,820,34.166667
3674,3.67400000e+03,820,34.166667
3675,3.67500000e+03,857,35.708333
3676,3.67600000e+03,857,35.708333
3677,3.67700000e+03,857,35.708333
3678,3.67800000e+03,857,35.708333
3679,3.67900000e+03,857,35.708333
3680,3.68000000e+03,890,37.083333
3681,3.68100000e+03,890,37.083333
3682,3.68200000e+03,890,37.083333
3683,3.68300000e+03,890,37.083333
3684,3.68400000e+03,890,37.083333
3685,3.68500000e+03,924,38.500000
3686,3.68600000e+03,924,38.500000
3687,3.68700000e+03,924,38.500000
3688,3.68800000e+03,924,38.500000
3689,3.68900000e+03,924,38.500000
3690,3.69000000e+03,959,39.958333
3691,3.69100000e+03,959,39.958333
3692,3.69200000e+03,959,39.958333
3693,3.69300000e+03,959,39.958333
3694,3.69400000e+03,959,39.958333
3695,3.69500000e+03,992,41.333333
3696,3.69600000e+03,992,41.333333
3697,3.69700000e+03,992,41.333333
3698,3.69800000e+03,992,41.333333
3699,3.69900000e+03,992,41.333333
3700,3.70000000e+03,1020,42.500000
3701,3.70100000e+03,1020,42.500000
3702,3.70200000e+03,1020,42.500000
3703,3.70300000e+03,1020,42.500000
3704,3.70400000e+03,1020,42.500000
3705,3.70500000e+03,1054,43.916667
3706,3.70600000e+03,1054,43.916667
3707,3.70700000e+03,1054,43.916667
3708,3.70800000e+03,1054,43.916667
3709,3.70900000e+03,1054,43.916667
3710,3.71000000e+03,1084,45.166667
3711,3.71100000e+03,1084,45.166667
3712,3.71200000e+03,1084,45.166667
3713,3.71300000e+03,1084,45.166667
3714,3.71400000e+03,1084,45.166667
3715,3.71500000e+03,1114,46.416667
3716,3.71600000e+03,1114,46.416667
3717,3.71700000e+03,1114,46.416667
3718,3.71800000e+03,1114,46.416667
3719,3.71900000e+03,1114,46.416667
3720,3.72000000e+03,1141,47.541667
3721,3.72100000e+03,1141,47.541667
3722,3.72200000e+03,1141,47.541667
3723,3.72300000e+03,1141,47.541667
3724,3.72400000e+03,1141,47.541667
3725,3.72500000e+03,1175,48.958333
3726,3.72600000e+03,1175,48.958333
3727,3.72700000e+03,1175,48.958333
3728,3.72800000e+03,1175,48.958333
3729,3.72900000e+03,1175,48.958333
3730,3.73000000e+03,1203,50.125000
3731,3.73100000e+03,1203,50.125000
3732,3.73200000e+03,1203,50.125000
3733,3.73300000e+03,1203,50.125000
3734,3.73400000e+03,1203,50.125000
3735,3.73500000e+03,1234,51.416667
3736,3.73600000e+03,1234,51.416667
3737,3.73700000e+03,1234,51.416667
3738,3.73800000e+03,1234,51.416667
3739,3.73900000e+03,1234,51.416667
3740,3.74000000e+03,1266,52.750000
3741,3.74100000e+03,1266,52.750000
3742,3.74200000e+03,1266,52.750000
3743,3.74300000e+03,1266,52.750000
3744,3.74400000e+03,1266,52.750000
3745,3.74500000e+03,1299,54.125000
3746,3.74600000e+03,1299,54.125000
3747,3.74700000e+03,1299,54.125000
3748,3.74800000e+03,1299,54.125000
3749,3.74900000e+03,1299,54.125000
3750,3.75000000e+03,1333,55.541667
3751,3.75100000e+03,1333,55.541667
3752,3.75200000e+03,1333,55.541667
3753,3.75300000e+03,1333,55.541667
3754,3.75400000e+03,1333,55.541667
3755,3.75500000e+03,1369,57.041667
3756,3.75600000e+03,1369,57.041667
3757,3.75700000e+03,1369,57.041667
3758,3.75800000e+03,1369,57.041667
3759,3.75900000e+03,1369,57.041667
3760,3.76000000e+03,1406,58.583333
3761,3.76100000e+03,1406,58.583333
3762,3.76200000e+03,1406,58.583333
3763,3.76300000e+03,1406,58.583333
3764,3.76400000e+03,1406,58.583333
3765,3.76500000e+03,1441,60.041667
3766,3.76600000e+03,1441,60.041667
3767,3.76700000e+03,1441,60.041667
3768,3.76800000e+03,1441,60.041667
3769,3.76900000e+03,1441,60.041667
3770,3.77000000e+03,1476,61.500000
3771,3.77100000e+03,1476,61.500000
3772,3.77200000e+03,1476,61.500000
3773,3.77300000e+03,1476,61.500000
3774,3.77400000e+03,1476,61.500000
3775,3.77500000e+03,1518,63.250000
3776,3.77600000e+03,1518,63.250000
3777,3.77700000e+03,1518,63.250000
3778,3.77800000e+03,1518,63.250000
3779,3.77900000e+03,1518,63.250000
3780,3.78000000e+03,1547,64.458333
3781,3.78100000e+03,1547,64.458333
3782,3.78200000e+03,1547,64.458333
3783,3.78300000e+03,1547,64.458333
3784,3.78400000e+03,1547,64.458333
3785,3.78500000e+03,1588,66.166667
3786,3.78600000e+03,1588,66.166667
3787,3.78700000e+03,1588,66.166667
3788,3.78800000e+03,1588,66.166667
3789,3.78900000e+03,1588,66.166667
3790,3.79000000e+03,1622,67.583333
3791,3.79100000e+03,1622,67.583333
3792,3.79200000e+03,1622,67.583333
3793,3.79300000e+03,1622,67.583333
3794,3.79400000e+03,1622,67.583333
3795,3.79500000e+03,1654,68.916667
3796,3.79600000e+03,1654,68.916667
3797,3.79700000e+03,1654,68.916667
3798,3.79800000e+03,1654,68.916667
3799,3.79900000e+03,1654,68.916667
3800,3.80000000e+03,1683,70.125000
3801,3.80100000e+03,1683,70.125000
3802,3.80200000e+03,1683,70.125000
3803,3.80300000e+03,1683,70.125000
3804,3.80400000e+03,1683,70.125000
3805,3.80500000e+03,1713,71.375000
3806,3.80600000e+03,1713,71.375000
3807,3.80700000e+03,1713,71.375000
3808,3.80800000e+03,1713,71.375000
3809,3.80900000e+03,1713,71.375000
3810,3.81000000e+03,1737,72.375000
3811,3.81100000e+03,1737,72.375000
3812,3.81200000e+03,1737,72.375000
3813,3.81300000e+03,1737,72.375000
3814,3.81400000e+03,1737,72.375000
3815,3.81500000e+03,1764,73.500000
3816,3.81600000e+03,1764,73.500000
3817,3.81700000e+03,1764,73.500000
3818,3.81800000e+03,1764,73.500000
3819,3.81900000e+03,1764,73.500000
3820,3.82000000e+03,1788,74.500000
3821,3.82100000e+03,1788,74.500000
3822,3.82200000e+03,1788,74.500000
3823,3.82300000e+03,1788,74.500000
3824,3.82400000e+03,1788,74.500000
3825,3.82500000e+03,1809,75.375000
3826,3.82600000e+03,1809,75.375000
3827,3.82700000e+03,1809,75.375000
3828,3.82800000e+03,1809,75.375000
3829,3.82900000e+03,1809,75.375000
3830,3.83000000e+03,1835,76.458333
3831,3.83100000e+03,1835,76.458333
3832,3.83200000e+03,1835,76.458333
3833,3.83300000e+03,1835,76.458333
3834,3.83400000e+03,1835,76.458333
3835,3.83500000e+03,1852,77.166667
3836,3.83600000e+03,1852,77.166667
3837,3.83700000e+03,1852,77.166667
3838,3.83800000e+03,1852,77.166667
3839,3.83900000e+03,1852,77.166667
3840,3.84000000e+03,1878,78.250000
3841,3.84100000e+03,1878,78.250000
3842,3.84200000e+03,1878,78.250000
3843,3.84300000e+03,1878,78.250000
3844,3.84400000e+03,1878,78.250000
3845,3.84500000e+03,1900,79.166667
3846,3.84600000e+03,1900,79.166667
3847,3.84700000e+03,1900,79.166667
3848,3.84800000e+03,1900,79.166667
3849,3.84900000e+03,1900,79.166667
3850,3.85000000e+03,1919,79.958333
3851,3.85100000e+03,1919,79.958333
3852,3.85200000e+03,1919,79.958333
3853,3.85300000e+03,1919,79.958333
3854,3.85400000e+03,1919,79.958333
3855,3.85500000e+03,1936,80.666667
3856,3.85600000e+03,1936,80.666667
3857,3.85700000e+03,1936,80.666667
3858,3.85800000e+03,1936,80.666667
3859,3.85900000e+03,1936,80.666667
3860,3.86000000e+03,1958,81.583333
3861,3.86100000e+03,1958,81.583333
3862,3.86200000e+03,1958,81.583333
3863,3.86300000e+03,1958,81.583333
3864,3.86400000e+03,1958,81.583333
3865,3.86500000e+03,1980,82.500000
3866,3.86600000e+03,1980,82.500000
3867,3.86700000e+03,1980,82.500000
3868,3.86800000e+03,1980,82.500000
3869,3.86900000e+03,1980,82.500000
3870,3.87000000e+03,2001,83.375000
3871,3.87100000e+03,2001,83.375000
3872,3.87200000e+03,2001,83.375000
3873,3.87300000e+03,2001,83.375000
3874,3.87400000e+03,2001,83.375000
3875,3.87500000e+03,2022,84.250000
3876,3.87600000e+03,2022,84.250000
3877,3.87700000e+03,2022,84.250000
3878,3.87800000e+03,2022,84.250000
3879,3.87900000e+03,2022,84.250000
3880,3.88000000e+03,2046,85.250000
3881,3.88100000e+03,2046,85.250000
3882,3.88200000e+03,2046,85.250000
3883,3.88300000e+03,2046,85.250000
3884,3.88400000e+03,2046,85.250000
3885,3.88500000e+03,2071,86.291667
3886,3.88600000e+03,2071,86.291667
3887,3.88700000e+03,2071,86.291667
3888,3.88800000e+03,2071,86.291667
3889,3.88900000e+03,2071,86.291667
3890,3.89000000e+03,2097,87.375000
3891,3.89100000e+03,2097,87.375000
3892,3.89200000e+03,2097,87.375000
3893,3.89300000e+03,2097,87.375000
3894,3.89400000e+03,2097,87.375000
3895,3.89500000e+03,2120,88.333333
3896,3.89600000e+03,2120,88.333333
3897,3.89700000e+03,2120,88.333333
3898,3.89800000e+03,2120,88.333333
3899,3.89900000e+03,2120,88.333333
3900,3.90000000e+03,2143,89.291667
3901,3.90100000e+03,2143,89.291667
3902,3.90200000e+03,2143,89.291667
3903,3.90300000e+03,2143,89.291667
3904,3.90400000e+03,2143,89.291667
3905,3.90500000e+03,2170,90.416667
3906,3.90600000e+03,2170,90.416667
3907,3.90700000e+03,2170,90.416667
3908,3.90800000e+03,2170,90.416667
3909,3.90900000e+03,2170,90.416667
3910,3.91000000e+03,2191,91.291667
3911,3.91100000e+03,2191,91.291667
3912,3.91200000e+03,2191,91.291667
3913,3.91300000e+03,2191,91.291667
3914,3.91400000e+03,2191,91.291667
3915,3.91500000e+03,2213,92.208333
3916,3.91600000e+03,2213,92.208333
3917,3.91700000e+03,2213,92.208333
3918,3.91800000e+03,2213,92.208333
3919,3.91900000e+03,2213,92.208333
3920,3.92000000e+03,2231,92.958333
3921,3.92100000e+03,2231,92.958333
3922,3.92200000e+03,2231,92.958333
3923,3.92300000e+03,2231,92.958333
3924,3.92400000e+03,2231,92.958333
3925,3.92500000e+03,2248,93.666667
3926,3.92600000e+03,2248,93.666667
3927,3.92700000e+03,2248,93.666667
3928,3.92800000e+03,2248,93.666667
3929,3.92900000e+03,2248,93.666667
3930,3.93000000e+03,2263,94.291667
3931,3.93100000e+03,2263,94.291667
3932,3.93200000e+03,2263,94.291667
3933,3.93300000e+03,2263,94.291667
3934,3.93400000e+03,2263,94.291667
3935,3.93500000e+03,2277,94.875000
3936,3.93600000e+03,2277,94.875000
3937,3.93700000e+03,2277,94.875000
3938,3.93800000e+03,2277,94.875000
3939,3.93900000e+03,2277,94.875000
3940,3.94000000e+03,2288,95.333333
3941,3.94100000e+03,2288,95.333333
3942,3.94200000e+03,2288,95.333333
3943,3.94300000e+03,2288,95.333333
3944,3.94400000e+03,2288,95.333333
3945,3.94500000e+03,2303,95.958333
3946,3.94600000e+03,2303,95.958333
3947,3.94700000e+03,2303,95.958333
3948,3.94800000e+03,2303,95.958333
3949,3.94900000e+03,2303,95.958333
3950,3.95000000e+03,2314,96.416667
3951,3.95100000e+03,2314,96.416667
3952,3.95200000e+03,2314,96.416667
3953,3.95300000e+03,2314,96.416667
3954,3.95400000e+03,2314,96.416667
3955,3.95500000e+03,2325,96.875000
3956,3.95600000e+03,2325,96.875000
3957,3.95700000e+03,2325,96.875000
3958,3.95800000e+03,2325,96.875000
3959,3.95900000e+03,2325,96.875000
3960,3.96000000e+03,2339,97.458333
3961,3.96100000e+03,2339,97.458333
3962,3.96200000e+03,2339,97.458333
3963,3.96300000e+03,2339,97.458333
3964,3.96400000e+03,2339,97.458333
3965,3.96500000e+03,2355,98.125000
3966,3.96600000e+03,2355,98.125000
3967,3.96700000e+03,2355,98.125000
3968,3.96800000e+03,2355,98.125000
3969,3.96900000e+03,2355,98.125000
3970,3.97000000e+03,2362,98.416667
3971,3.97100000e+03,2362,98.416667
3972,3.97200000e+03,2362,98.416667
3973,3.97300000e+03,2362,98.416667
3974,3.97400000e+03,2362,98.416667
3975,3.97500000e+03,2383,99.291667
3976,3.97600000e+03,2383,99.291667
3977,3.97700000e+03,2383,99.291667
3978,3.97800000e+03,2383,99.291667
3979,3.97900000e+03,2383,99.291667
3980,3.98000000e+03,2400,100.000000
3981,3.98100000e+03,2400,100.000000
3982,3.98200000e+03,2400,100.000000
3983,3.98300000e+03,2400,100.000000
3984,3.98400000e+03,2400,100.000000
3985,3.98500000e+03,2418,100.750000
3986,3.98600000e+03,2418,100.750000
3987,3.98700000e+03,2418,100.750000
3988,3.98800000e+03,2418,100.750000
3989,3.98900000e+03,2418,100.750000
3990,3.99000000e+03,2439,101.625000
3991,3.99100000e+03,2439,101.625000
3992,3.99200000e+03,2439,101.625000
3993,3.99300000e+03,2439,101.625000
3994,3.99400000e+03,2439,101.625000
3995,3.99500000e+03,2463,102.625000
3996,3.99600000e+03,2463,102.625000
3997,3.99700000e+03,2463,102.625000
3998,3.99800000e+03,2463,102.625000
3999,3.99900000e+03,2463,102.625000
4000,4.00000000e+03,2494,103.916667
4001,4.00100000e+03,2494,103.916667
4002,4.00200000e+03,2494,103.916667
4003,4.00300000e+03,2494,103.916667
4004,4.00400000e+03,2494,103.916667
4005,4.00500000e+03,2516,104.833333
4006,4.00600000e+03,2516,104.833333
4007,4.00700000e+03,2516,104.833333
4008,4.00800000e+03,2516,104.833333
4009,4.00900000e+03,2516,104.833333
4010,4.01000000e+03,2542,105.916667
4011,4.01100000e+03,2542,105.916667
4012,4.01200000e+03,2542,105.916667
4013,4.01300000e+03,2542,105.916667
4014,4.01400000e+03,2542,105.916667
4015,4.01500000e+03,2568,107.000000
4016,4.01600000e+03,2568,107.000000
4017,4.01700000e+03,2568,107.000000
4018,4.01800000e+03,2568,107.000000
4019,4.01900000e+03,2568,107.000000
4020,4.02000000e+03,2596,108.166667
4021,4.02100000e+03,2596,108.166667
4022,4.02200000e+03,2596,108.166667
4023,4.02300000e+03,2596,108.166667
4024,4.02400000e+03,2596,108.166667
4025,4.02500000e+03,2613,108.875000
4026,4.02600000e+03,2613,108.875000
4027,4.02700000e+03,2613,108.875000
4028,4.02800000e+03,2613,108.875000
4029,4.02900000e+03,2613,108.875000
4030,4.03000000e+03,2638,109.916667
4031,4.03100000e+03,2638,109.916667
4032,4.03200000e+03,2638,109.916667
4033,4.03300000e+03,2638,109.916667
4034,4.03400000e+03,2638,109.916667
4035,4.03500000e+03,2652,110.500000
4036,4.03600000e+03,2652,110.500000
4037,4.03700000e+03,2652,110.500000
4038,4.03800000e+03,2652,110.500000
4039,4.03900000e+03,2652,110.500000
4040,4.04000000e+03,2667,111.125000
4041,4.04100000e+03,2667,111.125000
4042,4.04200000e+03,2667,111.125000
4043,4.04300000e+03,2667,111.125000
4044,4.04400000e+03,2667,111.125000
4045,4.04500000e+03,2679,111.625000
4046,4.04600000e+03,2679,111.625000
4047,4.04700000e+03,2679,111.625000
4048,4.04800000e+03,2679,111.625000
4049,4.04900000e+03,2679,111.625000
4050,4.05000000e+03,2692,112.166667
4051,4.05100000e+03,2692,112.166667
4052,4.05200000e+03,2692,112.166667
4053,4.05300000e+03,2692,112.166667
4054,4.05400000e+03,2692,112.166667
4055,4.05500000e+03,2700,112.500000
4056,4.05600000e+03,2700,112.500000
4057,4.05700000e+03,2700,112.500000
4058,4.05800000e+03,2700,112.500000
4059,4.05900000e+03,2700,112.500000
4060,4.06000000e+03,2710,112.916667
4061,4.06100000e+03,2710,112.916667
4062,4.06200000e+03,2710,112.916667
4063,4.06300000e+03,2710,112.916667
4064,4.06400000e+03,2710,112.916667
4065,4.06500000e+03,2721,113.375000
4066,4.06600000e+03,2721,113.375000
4067,4.06700000e+03,2721,113.375000
4068,4.06800000e+03,2721,113.375000
4069,4.06900000e+03,2721,113.375000
4070,4.07000000e+03,2729,113.708333
4071,4.07100000e+03,2729,113.708333
4072,4.07200000e+03,2729,113.708333
4073,4.07300000e+03,2729,113.708333
4074,4.07400000e+03,2729,113.708333
4075,4.07500000e+03,2739,114.125000
4076,4.07600000e+03,2739,114.125000
4077,4.07700000e+03,2739,114.125000
4078,4.07800000e+03,2739,114.125000
4079,4.07900000e+03,2739,114.125000
4080,4.08000000e+03,2756,114.833333
4081,4.08100000e+03,2756,114.833333
4082,4.08200000e+03,2756,114.833333
4083,4.08300000e+03,2756,114.833333
4084,4.08400000e+03,2756,114.833333
4085,4.08500000e+03,2770,115.416667
4086,4.08600000e+03,2770,115.416667
4087,4.08700000e+03,2770,115.416667
4088,4.08800000e+03,2770,115.416667
4089,4.08900000e+03,2770,115.416667
4090,4.09000000e+03,2782,115.916667
4091,4.09100000e+03,2782,115.916667
4092,4.09200000e+03,2782,115.916667
4093,4.09300000e+03,2782,115.916667
4094,4.09400000e+03,2782,115.916667
4095,4.09500000e+03,2797,116.541667
4096,4.09600000e+03,2797,116.541667
4097,4.09700000e+03,2797,116.541667
4098,4.09800000e+03,2797,116.541667
4099,4.09900000e+03,2797,116.541667
4100,4.10000000e+03,2814,117.250000
4101,4.10100000e+03,2814,117.250000
4102,4.10200000e+03,2814,117.250000
4103,4.10300000e+03,2814,117.250000
4104,4.10400000e+03,2814,117.250000
4105,4.10500000e+03,2832,118.000000
4106,4.10600000e+03,2832,118.000000
4107,4.10700000e+03,2832,118.000000
4108,4.10800000e+03,2832,118.000000
4109,4.10900000e+03,2832,118.000000
4110,4.11000000e+03,2852,118.833333
4111,4.11100000e+03,2852,118.833333
4112,4.11200000e+03,2852,118.833333
4113,4.11300000e+03,2852,118.833333
4114,4.11400000e+03,2852,118.833333
4115,4.11500000e+03,2873,119.708333
4116,4.11600000e+03,2873,119.708333
4117,4.11700000e+03,2873,119.708333
4118,4.11800000e+03,2873,119.708333
4119,4.11900000e+03,2873,119.708333
4120,4.12000000e+03,2894,120.583333
4121,4.12100000e+03,2894,120.583333
4122,4.12200000e+03,2894,120.583333
4123,4.12300000e+03,2894,120.583333
4124,4.12400000e+03,2894,120.583333
4125,4.12500000e+03,2914,121.416667
4126,4.12600000e+03,2914,121.416667
4127,4.12700000e+03,2914,121.416667
4128,4.12800000e+03,2914,121.416667
4129,4.12900000e+03,2914,121.416667
4130,4.13000000e+03,2935,122.291667
4131,4.13100000e+03,2935,122.291667
4132,4.13200000e+03,2935,122.291667
4133,4.13300000e+03,2935,122.291667
4134,4.13400000e+03,2935,122.291667
4135,4.13500000e+03,2956,123.166667
4136,4.13600000e+03,2956,123.166667
4137,4.13700000e+03,2956,123.166667
4138,4.13800000e+03,2956,123.166667
4139,4.13900000e+03,2956,123.166667
4140,4.14000000e+03,2978,124.083333
4141,4.14100000e+03,2978,124.083333
4142,4.14200000e+03,2978,124.083333
4143,4.14300000e+03,2978,124.083333
4144,4.14400000e+03,2978,124.083333
4145,4.14500000e+03,2995,124.791667
4146,4.14600000e+03,2995,124.791667
4147,4.14700000e+03,2995,124.791667
4148,4.14800000e+03,2995,124.791667
4149,4.14900000e+03,2995,124.791667
4150,4.15000000e+03,3008,125.333333
4151,4.15100000e+03,3008,125.333333
4152,4.15200000e+03,3008,125.333333
4153,4.15300000e+03,3008,125.333333
4154,4.15400000e+03,3008,125.333333
4155,4.15500000e+03,3022,125.916667
4156,4.15600000e+03,3022,125.916667
4157,4.15700000e+03,3022,125.916667
4158,4.15800000e+03,3022,125.916667
4159,4.15900000e+03,3022,125.916667
4160,4.16000000e+03,3035,126.458333
4161,4.16100000e+03,3035,126.458333
4162,4.16200000e+03,3035,126.458333
4163,4.16300000e+03,3035,126.458333
4164,4.16400000e+03,3035,126.458333
4165,4.16500000e+03,3042,126.750000
4166,4.16600000e+03,3042,126.750000
4167,4.16700000e+03,3042,126.750000
4168,4.16800000e+03,3042,126.750000
4169,4.16900000e+03,3042,126.750000
4170,4.17000000e+03,3052,127.166667
4171,4.17100000e+03,3052,127.166667
4172,4.17200000e+03,3052,127.166667
4173,4.17300000e+03,3052,127.166667
4174,4.17400000e+03,3052,127.166667
4175,4.17500000e+03,3058,127.416667
4176,4.17600000e+03,3058,127.416667
4177,4.17700000e+03,3058,127.416667
4178,4.17800000e+03,3058,127.416667
4179,4.17900000e+03,3058,127.416667
4180,4.18000000e+03,3065,127.708333
4181,4.18100000e+03,3065,127.708333
4182,4.18200000e+03,3065,127.708333
4183,4.18300000e+03,3065,127.708333
4184,4.18400000e+03,3065,127.708333
4185,4.18500000e+03,3071,127.958333
4186,4.18600000e+03,3071,127.958333
4187,4.18700000e+03,3071,127.958333
4188,4.18800000e+03,3071,127.958333
4189,4.18900000e+03,3071,127.958333
4190,4.19000000e+03,3078,128.250000
4191,4.19100000e+03,3078,128.250000
4192,4.19200000e+03,3078,128.250000
4193,4.19300000e+03,3078,128.250000
4194,4.19400000e+03,3078,128.250000
4195,4.19500000e+03,3083,128.458333
4196,4.19600000e+03,3083,128.458333
4197,4.19700000e+03,3083,128.458333
4198,4.19800000e+03,3083,128.458333
4199,4.19900000e+03,3083,128.458333
4200,4.20000000e+03,3089,128.708333
4201,4.20100000e+03,3089,128.708333
4202,4.20200000e+03,3089,128.708333
4203,4.20300000e+03,3089,128.708333
4204,4.20400000e+03,3089,128.708333
4205,4.20500000e+03,3095,128.958333
4206,4.20600000e+03,3095,128.958333
4207,4.20700000e+03,3095,128.958333
4208,4.20800000e+03,3095,128.958333
4209,4.20900000e+03,3095,128.958333
4210,4.21000000e+03,3109,129.541667
4211,4.21100000e+03,3109,129.541667
4212,4.21200000e+03,3109,129.541667
4213,4.21300000e+03,3109,129.541667
4214,4.21400000e+03,3109,129.541667
4215,4.21500000e+03,3115,129.791667
4216,4.21600000e+03,3115,129.791667
4217,4.21700000e+03,3115,129.791667
4218,4.21800000e+03,3115,129.791667
4219,4.21900000e+03,3115,129.791667
4220,4.22000000e+03,3127,130.291667
4221,4.22100000e+03,3127,130.291667
4222,4.22200000e+03,3127,130.291667
4223,4.22300000e+03,3127,130.291667
4224,4.22400000e+03,3127,130.291667
4225,4.22500000e+03,3138,130.750000
4226,4.22600000e+03,3138,130.750000
4227,4.22700000e+03,3138,130.750000
4228,4.22800000e+03,3138,130.750000
4229,4.22900000e+03,3138,130.750000
4230,4.23000000e+03,3149,131.208333
4231,4.23100000e+03,3149,131.208333
4232,4.23200000e+03,3149,131.208333
4233,4.23300000e+03,3149,131.208333
4234,4.23400000e+03,3149,131.208333
4235,4.23500000e+03,3161,131.708333
4236,4.23600000e+03,3161,131.708333
4237,4.23700000e+03,3161,131.708333
4238,4.23800000e+03,3161,131.708333
4239,4.23900000e+03,3161,131.708333
4240,4.24000000e+03,3173,132.208333
4241,4.24100000e+03,3173,132.208333
4242,4.24200000e+03,3173,132.208333
4243,4.24300000e+03,3173,132.208333
4244,4.24400000e+03,3173,132.208333
4245,4.24500000e+03,3187,132.791667
4246,4.24600000e+03,3187,132.791667
4247,4.24700000e+03,3187,132.791667
4248,4.24800000e+03,3187,132.791667
4249,4.24900000e+03,3187,132.791667
4250,4.25000000e+03,3198,133.250000
4251,4.25100000e+03,3198,133.250000
4252,4.25200000e+03,3198,133.250000
4253,4.25300000e+03,3198,133.250000
4254,4.25400000e+03,3198,133.250000
4255,4.25500000e+03,3208,133.666667
4256,4.25600000e+03,3208,133.666667
4257,4.25700000e+03,3208,133.666667
4258,4.25800000e+03,3208,133.666667
4259,4.25900000e+03,3208,133.666667
4260,4.26000000e+03,3219,134.125000
4261,4.26100000e+03,3219,134.125000
4262,4.26200000e+03,3219,134.125000
4263,4.26300000e+03,3219,134.125000
4264,4.26400000e+03,3219,134.125000
4265,4.26500000e+03,3220,134.166667
4266,4.26600000e+03,3220,134.166667
4267,4.26700000e+03,3220,134.166667
4268,4.26800000e+03,3220,134.166667
4269,4.26900000e+03,3220,134.166667
4270,4.27000000e+03,3222,134.250000
4271,4.27100000e+03,3222,134.250000
4272,4.27200000e+03,3222,134.250000
4273,4.27300000e+03,3222,134.250000
4274,4.27400000e+03,3222,134.250000
4275,4.27500000e+03,3217,134.041667
4276,4.27600000e+03,3217,134.041667
4277,4.27700000e+03,3217,134.041667
4278,4.27800000e+03,3217,134.041667
4279,4.27900000e+03,3217,134.041667
4280,4.28000000e+03,3211,133.791667
4281,4.28100000e+03,3211,133.791667
4282,4.28200000e+03,3211,133.791667
4283,4.28300000e+03,3211,133.791667
4284,4.28400000e+03,3211,133.791667
4285,4.28500000e+03,3200,133.333333
4286,4.28600000e+03,3200,133.333333
4287,4.28700000e+03,3200,133.333333
4288,4.28800000e+03,3200,133.333333
4289,4.28900000e+03,3200,133.333333
4290,4.29000000e+03,3188,132.833333
4291,4.29100000e+03,3188,132.833333
4292,4.29200000e+03,3188,132.833333
4293,4.29300000e+03,3188,132.833333
4294,4.29400000e+03,3188,132.833333
4295,4.29500000e+03,3175,132.291667
4296,4.29600000e+03,3175,132.291667
4297,4.29700000e+03,3175,132.291667
4298,4.29800000e+03,3175,132.291667
4299,4.29900000e+03,3175,132.291667
4300,4.30000000e+03,3165,131.875000
4301,4.30100000e+03,3165,131.875000
4302,4.30200000e+03,3165,131.875000
4303,4.30300000e+03,3165,131.875000
4304,4.30400000e+03,3165,131.875000
4305,4.30500000e+03,3150,131.250000
4306,4.30600000e+03,3150,131.250000
4307,4.30700000e+03,3150,131.250000
4308,4.30800000e+03,3150,131.250000
4309,4.30900000e+03,3150,131.250000
4310,4.31000000e+03,3139,130.791667
4311,4.31100000e+03,3139,130.791667
4312,4.31200000e+03,3139,130.791667
4313,4.31300000e+03,3139,130.791667
4314,4.31400000e+03,3139,130.791667
4315,4.31500000e+03,3126,130.250000
4316,4.31600000e+03,3126,130.250000
4317,4.31700000e+03,3126,130.250000
4318,4.31800000e+03,3126,130.250000
4319,4.31900000e+03,3126,130.250000
4320,4.32000000e+03,3114,129.750000
4321,4.32100000e+03,3114,129.750000
4322,4.32200000e+03,3114,129.750000
4323,4.32300000e+03,3114,129.750000
4324,4.32400000e+03,3114,129.750000
4325,4.32500000e+03,3105,129.375000
4326,4.32600000e+03,3105,129.375000
4327,4.32700000e+03,3105,129.375000
4328,4.32800000e+03,3105,129.375000
4329,4.32900000e+03,3105,129.375000
4330,4.33000000e+03,3097,129.041667
4331,4.33100000e+03,3097,129.041667
4332,4.33200000e+03,3097,129.041667
4333,4.33300000e+03,3097,129.041667
4334,4.33400000e+03,3097,129.041667
4335,4.33500000e+03,3089,128.708333
4336,4.33600000e+03,3089,128.708333
4337,4.33700000e+03,3089,128.708333
4338,4.33800000e+03,3089,128.708333
4339,4.33900000e+03,3089,128.708333
4340,4.34000000e+03,3080,128.333333
4341,4.34100000e+03,3080,128.333333
4342,4.34200000e+03,3080,128.333333
4343,4.34300000e+03,3080,128.333333
4344,4.34400000e+03,3080,128.333333
4345,4.34500000e+03,3073,128.041667
4346,4.34600000e+03,3073,128.041667
4347,4.34700000e+03,3073,128.041667
4348,4.34800000e+03,3073,128.041667
4349,4.34900000e+03,3073,128.041667
4350,4.35000000e+03,3066,127.750000
4351,4.35100000e+03,3066,127.750000
4352,4.35200000e+03,3066,127.750000
4353,4.35300000e+03,3066,127.750000
4354,4.35400000e+03,3066,127.750000
4355,4.35500000e+03,3058,127.416667
4356,4.35600000e+03,3058,127.416667
4357,4.35700000e+03,3058,127.416667
4358,4.35800000e+03,3058,127.416667
4359,4.35900000e+03,3058,127.416667
4360,4.36000000e+03,3048,127.000000
4361,4.36100000e+03,3048,127.000000
4362,4.36200000e+03,3048,127.000000
4363,4.36300000e+03,3048,127.000000
4364,4.36400000e+03,3048,127.000000
4365,4.36500000e+03,3046,126.916667
4366,4.36600000e+03,3046,126.916667
4367,4.36700000e+03,3046,126.916667
4368,4.36800000e+03,3046,126.916667
4369,4.36900000e+03,3046,126.916667
4370,4.37000000e+03,3035,126.458333
4371,4.37100000e+03,3035,126.458333
4372,4.37200000e+03,3035,126.458333
4373,4.37300000e+03,3035,126.458333
4374,4.37400000e+03,3035,126.458333
4375,4.37500000e+03,3028,126.166667
4376,4.37600000e+03,3028,126.166667
4377,4.37700000e+03,3028,126.166667
4378,4.37800000e+03,3028,126.166667
4379,4.37900000e+03,3028,126.166667
4380,4.38000000e+03,3021,125.875000
4381,4.38100000e+03,3021,125.875000
4382,4.38200000e+03,3021,125.875000
4383,4.38300000e+03,3021,125.875000
4384,4.38400000e+03,3021,125.875000
4385,4.38500000e+03,3009,125.375000
4386,4.38600000e+03,3009,125.375000
4387,4.38700000e+03,3009,125.375000
4388,4.38800000e+03,3009,125.375000
4389,4.38900000e+03,3009,125.375000
4390,4.39000000e+03,2998,124.916667
4391,4.39100000e+03,2998,124.916667
4392,4.39200000e+03,2998,124.916667
4393,4.39300000e+03,2998,124.916667
4394,4.39400000e+03,2998,124.916667
4395,4.39500000e+03,2983,124.291667
4396,4.39600000e+03,2983,124.291667
4397,4.39700000e+03,2983,124.291667
4398,4.39800000e+03,2983,124.291667
4399,4.39900000e+03,2983,124.291667
4400,4.40000000e+03,2962,123.416667
4401,4.40100000e+03,2962,123.416667
4402,4.40200000e+03,2962,123.416667
4403,4.40300000e+03,2962,123.416667
4404,4.40400000e+03,2962,123.416667
4405,4.40500000e+03,2945,122.708333
4406,4.40600000e+03,2945,122.708333
4407,4.40700000e+03,2945,122.708333
4408,4.40800000e+03,2945,122.708333
4409,4.40900000e+03,2945,122.708333
4410,4.41000000e+03,2926,121.916667
4411,4.41100000e+03,2926,121.916667
4412,4.41200000e+03,2926,121.916667
4413,4.41300000e+03,2926,121.916667
4414,4.41400000e+03,2926,121.916667
4415,4.41500000e+03,2905,121.041667
4416,4.41600000e+03,2905,121.041667
4417,4.41700000e+03,2905,121.041667
4418,4.41800000e+03,2905,121.041667
4419,4.41900000e+03,2905,121.041667
4420,4.42000000e+03,2883,120.125000
4421,4.42100000e+03,2883,120.125000
4422,4.42200000e+03,2883,120.125000
4423,4.42300000e+03,2883,120.125000
4424,4.42400000e+03,2883,120.125000
4425,4.42500000e+03,2859,119.125000
4426,4.42600000e+03,2859,119.125000
4427,4.42700000e+03,2859,119.125000
4428,4.42800000e+03,2859,119.125000
4429,4.42900000e+03,2859,119.125000
4430,4.43000000e+03,2841,118.375000
4431,4.43100000e+03,2841,118.375000
4432,4.43200000e+03,2841,118.375000
4433,4.43300000e+03,2841,118.375000
4434,4.43400000e+03,2841,118.375000
4435,4.43500000e+03,2817,117.375000
4436,4.43600000e+03,2817,117.375000
4437,4.43700000e+03,2817,117.375000
4438,4.43800000e+03,2817,117.375000
4439,4.43900000e+03,2817,117.375000
4440,4.44000000e+03,2801,116.708333
4441,4.44100000e+03,2801,116.708333
4442,4.44200000e+03,2801,116.708333
4443,4.44300000e+03,2801,116.708333
4444,4.44400000e+03,2801,116.708333
4445,4.44500000e+03,2784,116.000000
4446,4.44600000e+03,2784,116.000000
4447,4.44700000e+03,2784,116.000000
4448,4.44800000e+03,2784,116.000000
4449,4.44900000e+03,2784,116.000000
4450,4.45000000e+03,2766,115.250000
4451,4.45100000e+03,2766,115.250000
4452,4.45200000e+03,2766,115.250000
4453,4.45300000e+03,2766,115.250000
4454,4.45400000e+03,2766,115.250000
4455,4.45500000e+03,2747,114.458333
4456,4.45600000e+03,2747,114.458333
4457,4.45700000e+03,2747,114.458333
4458,4.45800000e+03,2747,114.458333
4459,4.45900000e+03,2747,114.458333
4460,4.46000000e+03,2734,113.916667
4461,4.46100000e+03,2734,113.916667
4462,4.46200000e+03,2734,113.916667
4463,4.46300000e+03,2734,113.916667
4464,4.46400000e+03,2734,113.916667
4465,4.46500000e+03,2721,113.375000
4466,4.46600000e+03,2721,113.375000
4467,4.46700000e+03,2721,113.375000
4468,4.46800000e+03,2721,113.375000
4469,4.46900000e+03,2721,113.375000
4470,4.47000000e+03,2709,112.875000
4471,4.47100000e+03,2709,112.875000
4472,4.47200000e+03,2709,112.875000
4473,4.47300000e+03,2709,112.875000
4474,4.47400000e+03,2709,112.875000
4475,4.47500000e+03,2699,112.458333
4476,4.47600000e+03,2699,112.458333
4477,4.47700000e+03,2699,112.458333
4478,4.47800000e+03,2699,112.458333
4479,4.47900000e+03,2699,112.458333
4480,4.48000000e+03,2688,112.000000
4481,4.48100000e+03,2688,112.000000
4482,4.48200000e+03,2688,112.000000
4483,4.48300000e+03,2688,112.000000
4484,4.48400000e+03,2688,112.000000
4485,4.48500000e+03,2678,111.583333
4486,4.48600000e+03,2678,111.583333
4487,4.48700000e+03,2678,111.583333
4488,4.48800000e+03,2678,111.583333
4489,4.48900000e+03,2678,111.583333
4490,4.49000000e+03,2665,111.041667
4491,4.49100000e+03,2665,111.041667
4492,4.49200000e+03,2665,111.041667
4493,4.49300000e+03,2665,111.041667
4494,4.49400000e+03,2665,111.041667
4495,4.49500000e+03,2653,110.541667
4496,4.49600000e+03,2653,110.541667
4497,4.49700000e+03,2653,110.541667
4498,4.49800000e+03,2653,110.541667
4499,4.49900000e+03,2653,110.541667
4500,4.50000000e+03,2637,109.875000
4501,4.50100000e+03,2637,109.875000
4502,4.50200000e+03,2637,109.875000
4503,4.50300000e+03,2637,109.875000
4504,4.50400000e+03,2637,109.875000
4505,4.50500000e+03,2620,109.166667
4506,4.50600000e+03,2620,109.166667
4507,4.50700000e+03,2620,109.166667
4508,4.50800000e+03,2620,109.166667
4509,4.50900000e+03,2620,109.166667
4510,4.51000000e+03,2599,108.291667
4511,4.51100000e+03,2599,108.291667
4512,4.51200000e+03,2599,108.291667
4513,4.51300000e+03,2599,108.291667
4514,4.51400000e+03,2599,108.291667
4515,4.51500000e+03,2576,107.333333
4516,4.51600000e+03,2576,107.333333
4517,4.51700000e+03,2576,107.333333
4518,4.51800000e+03,2576,107.333333
4519,4.51900000e+03,2576,107.333333
4520,4.52000000e+03,2551,106.291667
4521,4.52100000e+03,2551,106.291667
4522,4.52200000e+03,2551,106.291667
4523,4.52300000e+03,2551,106.291667
4524,4.52400000e+03,2551,106.291667
4525,4.52500000e+03,2522,105.083333
4526,4.52600000e+03,2522,105.083333
4527,4.52700000e+03,2522,105.083333
4528,4.52800000e+03,2522,105.083333
4529,4.52900000e+03,2522,105.083333
4530,4.53000000e+03,2496,104.000000
4531,4.53100000e+03,2496,104.000000
4532,4.53200000e+03,2496,104.000000
4533,4.53300000e+03,2496,104.000000
4534,4.53400000e+03,2496,104.000000
4535,4.53500000e+03,2467,102.791667
4536,4.53600000e+03,2467,102.791667
4537,4.53700000e+03,2467,102.791667
4538,4.53800000e+03,2467,102.791667
4539,4.53900000e+03,2467,102.791667
4540,4.54000000e+03,2444,101.833333
4541,4.54100000e+03,2444,101.833333
4542,4.54200000e+03,2444,101.833333
4543,4.54300000e+03,2444,101.833333
4544,4.54400000e+03,2444,101.833333
4545,4.54500000e+03,2420,100.833333
4546,4.54600000e+03,2420,100.833333
4547,4.54700000e+03,2420,100.833333
4548,4.54800000e+03,2420,100.833333
4549,4.54900000e+03,2420,100.833333
4550,4.55000000e+03,2397,99.875000
4551,4.55100000e+03,2397,99.875000
4552,4.55200000e+03,2397,99.875000
4553,4.55300000e+03,2397,99.875000
4554,4.55400000e+03,2397,99.875000
4555,4.55500000e+03,2377,99.041667
4556,4.55600000e+03,2377,99.041667
4557,4.55700000e+03,2377,99.041667
4558,4.55800000e+03,2377,99.041667
4559,4.55900000e+03,2377,99.041667
4560,4.56000000e+03,2359,98.291667
4561,4.56100000e+03,2359,98.291667
4562,4.56200000e+03,2359,98.291667
4563,4.56300000e+03,2359,98.291667
4564,4.56400000e+03,2359,98.291667
4565,4.56500000e+03,2343,97.625000
4566,4.56600000e+03,2343,97.625000
4567,4.56700000e+03,2343,97.625000
4568,4.56800000e+03,2343,97.625000
4569,4.56900000e+03,2343,97.625000
4570,4.57000000e+03,2327,96.958333
4571,4.57100000e+03,2327,96.958333
4572,4.57200000e+03,2327,96.958333
4573,4.57300000e+03,2327,96.958333
4574,4.57400000e+03,2327,96.958333
4575,4.57500000e+03,2312,96.333333
4576,4.57600000e+03,2312,96.333333
4577,4.57700000e+03,2312,96.333333
4578,4.57800000e+03,2312,96.333333
4579,4.57900000e+03,2312,96.333333
4580,4.58000000e+03,2299,95.791667
4581,4.58100000e+03,2299,95.791667
4582,4.58200000e+03,2299,95.791667
4583,4.58300000e+03,2299,95.791667
4584,4.58400000e+03,2299,95.791667
4585,4.58500000e+03,2286,95.250000
4586,4.58600000e+03,2286,95.250000
4587,4.58700000e+03,2286,95.250000
4588,4.58800000e+03,2286,95.250000
4589,4.58900000e+03,2286,95.250000
4590,4.59000000e+03,2276,94.833333
4591,4.59100000e+03,2276,94.833333
4592,4.59200000e+03,2276,94.833333
4593,4.59300000e+03,2276,94.833333
4594,4.59400000e+03,2276,94.833333
4595,4.59500000e+03,2265,94.375000
4596,4.59600000e+03,2265,94.375000
4597,4.59700000e+03,2265,94.375000
4598,4.59800000e+03,2265,94.375000
4599,4.59900000e+03,2265,94.375000
4600,4.60000000e+03,2254,93.916667
4601,4.60100000e+03,2254,93.916667
4602,4.60200000e+03,2254,93.916667
4603,4.60300000e+03,2254,93.916667
4604,4.60400000e+03,2254,93.916667
4605,4.60500000e+03,2241,93.375000
4606,4.60600000e+03,2241,93.375000
4607,4.60700000e+03,2241,93.375000
4608,4.60800000e+03,2241,93.375000
4609,4.60900000e+03,2241,93.375000
4610,4.61000000e+03,2226,92.750000
4611,4.61100000e+03,2226,92.750000
4612,4.61200000e+03,2226,92.750000
4613,4.61300000e+03,2226,92.750000
4614,4.61400000e+03,2226,92.750000
4615,4.61500000e+03,2210,92.083333
4616,4.61600000e+03,2210,92.083333
4617,4.61700000e+03,2210,92.083333
4618,4.61800000e+03,2210,92.083333
4619,4.61900000e+03,2210,92.083333
4620,4.62000000e+03,2196,91.500000
4621,4.62100000e+03,2196,91.500000
4622,4.62200000e+03,2196,91.500000
4623,4.62300000e+03,2196,91.500000
4624,4.62400000e+03,2196,91.500000
4625,4.62500000e+03,2175,90.625000
4626,4.62600000e+03,2175,90.625000
4627,4.62700000e+03,2175,90.625000
4628,4.62800000e+03,2175,90.625000
4629,4.62900000e+03,2175,90.625000
4630,4.63000000e+03,2158,89.916667
4631,4.63100000e+03,2158,89.916667
4632,4.63200000e+03,2158,89.916667
4633,4.63300000e+03,2158,89.916667
4634,4.63400000e+03,2158,89.916667
4635,4.63500000e+03,2133,88.875000
4636,4.63600000e+03,2133,88.875000
4637,4.63700000e+03,2133,88.875000
4638,4.63800000e+03,2133,88.875000
4639,4.63900000e+03,2133,88.875000
4640,4.64000000e+03,2112,88.000000
4641,4.64100000e+03,2112,88.000000
4642,4.64200000e+03,2112,88.000000
4643,4.64300000e+03,2112,88.000000
4644,4.64400000e+03,2112,88.000000
4645,4.64500000e+03,2090,87.083333
4646,4.64600000e+03,2090,87.083333
4647,4.64700000e+03,2090,87.083333
4648,4.64800000e+03,2090,87.083333
4649,4.64900000e+03,2090,87.083333
4650,4.65000000e+03,2064,86.000000
4651,4.65100000e+03,2064,86.000000
4652,4.65200000e+03,2064,86.000000
4653,4.65300000e+03,2064,86.000000
4654,4.65400000e+03,2064,86.000000
4655,4.65500000e+03,2043,85.125000
4656,4.65600000e+03,2043,85.125000
4657,4.65700000e+03,2043,85.125000
4658,4.65800000e+03,2043,85.125000
4659,4.65900000e+03,2043,85.125000
4660,4.66000000e+03,2019,84.125000
4661,4.66100000e+03,2019,84.125000
4662,4.66200000e+03,2019,84.125000
4663,4.66300000e+03,2019,84.125000
4664,4.66400000e+03,2019,84.125000
4665,4.66500000e+03,1997,83.208333
4666,4.66600000e+03,1997,83.208333
4667,4.66700000e+03,1997,83.208333
4668,4.66800000e+03,1997,83.208333
4669,4.66900000e+03,1997,83.208333
4670,4.67000000e+03,1975,82.291667
4671,4.67100000e+03,1975,82.291667
4672,4.67200000e+03,1975,82.291667
4673,4.67300000e+03,1975,82.291667
4674,4.67400000e+03,1975,82.291667
4675,4.67500000e+03,1952,81.333333
4676,4.67600000e+03,1952,81.333333
4677,4.67700000e+03,1952,81.333333
4678,4.67800000e+03,1952,81.333333
4679,4.67900000e+03,1952,81.333333
4680,4.68000000e+03,1934,80.583333
4681,4.68100000e+03,1934,80.583333
4682,4.68200000e+03,1934,80.583333
4683,4.68300000e+03,1934,80.583333
4684,4.68400000e+03,1934,80.583333
4685,4.68500000e+03,1909,79.541667
4686,4.68600000e+03,1909,79.541667
4687,4.68700000e+03,1909,79.541667
4688,4.68800000e+03,1909,79.541667
4689,4.68900000e+03,1909,79.541667
4690,4.69000000e+03,1888,78.666667
4691,4.69100000e+03,1888,78.666667
4692,4.69200000e+03,1888,78.666667
4693,4.69300000e+03,1888,78.666667
4694,4.69400000e+03,1888,78.666667
4695,4.69500000e+03,1865,77.708333
4696,4.69600000e+03,1865,77.708333
4697,4.69700000e+03,1865,77.708333
4698,4.69800000e+03,1865,77.708333
4699,4.69900000e+03,1865,77.708333
4700,4.70000000e+03,1849,77.041667
4701,4.70100000e+03,1849,77.041667
4702,4.70200000e+03,1849,77.041667
4703,4.70300000e+03,1849,77.041667
4704,4.70400000e+03,1849,77.041667
4705,4.70500000e+03,1826,76.083333
4706,4.70600000e+03,1826,76.083333
4707,4.70700000e+03,1826,76.083333
4708,4.70800000e+03,1826,76.083333
4709,4.70900000e+03,1826,76.083333
4710,4.71000000e+03,1803,75.125000
4711,4.71100000e+03,1803,75.125000
4712,4.71200000e+03,1803,75.125000
4713,4.71300000e+03,1803,75.125000
4714,4.71400000e+03,1803,75.125000
4715,4.71500000e+03,1785,74.375000
4716,4.71600000e+03,1785,74.375000
4717,4.71700000e+03,1785,74.375000
4718,4.71800000e+03,1785,74.375000
4719,4.71900000e+03,1785,74.375000
4720,4.72000000e+03,1759,73.291667
4721,4.72100000e+03,1759,73.291667
4722,4.72200000e+03,1759,73.291667
4723,4.72300000e+03,1759,73.291667
4724,4.72400000e+03,1759,73.291667
4725,4.72500000e+03,1737,72.375000
4726,4.72600000e+03,1737,72.375000
4727,4.72700000e+03,1737,72.375000
4728,4.72800000e+03,1737,72.375000
4729,4.72900000e+03,1737,72.375000
4730,4.73000000e+03,1710,71.250000
4731,4.73100000e+03,1710,71.250000
4732,4.73200000e+03,1710,71.250000
4733,4.73300000e+03,1710,71.250000
4734,4.73400000e+03,1710,71.250000
4735,4.73500000e+03,1682,70.083333
4736,4.73600000e+03,1682,70.083333
4737,4.73700000e+03,1682,70.083333
4738,4.73800000e+03,1682,70.083333
4739,4.73900000e+03,1682,70.083333
4740,4.74000000e+03,1649,68.708333
4741,4.74100000e+03,1649,68.708333
4742,4.74200000e+03,1649,68.708333
4743,4.74300000e+03,1649,68.708333
4744,4.74400000e+03,1649,68.708333
4745,4.74500000e+03,1621,67.541667
4746,4.74600000e+03,1621,67.541667
4747,4.74700000e+03,1621,67.541667
4748,4.74800000e+03,1621,67.541667
4749,4.74900000e+03,1621,67.541667
4750,4.75000000e+03,1584,66.000000
4751,4.75100000e+03,1584,66.000000
4752,4.75200000e+03,1584,66.000000
4753,4.75300000e+03,1584,66.000000
4754,4.75400000e+03,1584,66.000000
4755,4.75500000e+03,1548,64.500000
4756,4.75600000e+03,1548,64.500000
4757,4.75700000e+03,1548,64.500000
4758,4.75800000e+03,1548,64.500000
4759,4.75900000e+03,1548,64.500000
4760,4.76000000e+03,1514,63.083333
4761,4.76100000e+03,1514,63.083333
4762,4.76200000e+03,1514,63.083333
4763,4.76300000e+03,1514,63.083333
4764,4.76400000e+03,1514,63.083333
4765,4.76500000e+03,1477,61.541667
4766,4.76600000e+03,1477,61.541667
4767,4.76700000e+03,1477,61.541667
4768,4.76800000e+03,1477,61.541667
4769,4.76900000e+03,1477,61.541667
4770,4.77000000e+03,1439,59.958333
4771,4.77100000e+03,1439,59.958333
4772,4.77200000e+03,1439,59.958333
4773,4.77300000e+03,1439,59.958333
4774,4.77400000e+03,1439,59.958333
4775,4.77500000e+03,1406,58.583333
4776,4.77600000e+03,1406,58.583333
4777,4.77700000e+03,1406,58.583333
4778,4.77800000e+03,1406,58.583333
4779,4.77900000e+03,1406,58.583333
4780,4.78000000e+03,1370,57.083333
4781,4.78100000e+03,1370,57.083333
4782,4.78200000e+03,1370,57.083333
4783,4.78300000e+03,1370,57.083333
4784,4.78400000e+03,1370,57.083333
4785,4.78500000e+03,1335,55.625000
4786,4.78600000e+03,1335,55.625000
4787,4.78700000e+03,1335,55.625000
4788,4.78800000e+03,1335,55.625000
4789,4.78900000e+03,1335,55.625000
4790,4.79000000e+03,1302,54.250000
4791,4.79100000e+03,1302,54.250000
4792,4.79200000e+03,1302,54.250000
4793,4.79300000e+03,1302,54.250000
4794,4.79400000e+03,1302,54.250000
4795,4.79500000e+03,1273,53.041667
4796,4.79600000e+03,1273,53.041667
4797,4.79700000e+03,1273,53.041667
4798,4.79800000e+03,1273,53.041667
4799,4.79900000e+03,1273,53.041667
4800,4.80000000e+03,1242,51.750000
4801,4.80100000e+03,1242,51.750000
4802,4.80200000e+03,1242,51.750000
4803,4.80300000e+03,1242,51.750000
4804,4.80400000e+03,1242,51.750000
4805,4.80500000e+03,1213,50.541667
4806,4.80600000e+03,1213,50.541667
4807,4.80700000e+03,1213,50.541667
4808,4.80800000e+03,1213,50.541667
4809,4.80900000e+03,1213,50.541667
4810,4.81000000e+03,1181,49.208333
4811,4.81100000e+03,1181,49.208333
4812,4.81200000e+03,1181,49.208333
4813,4.81300000e+03,1181,49.208333
4814,4.81400000e+03,1181,49.208333
4815,4.81500000e+03,1152,48.000000
4816,4.81600000e+03,1152,48.000000
4817,4.81700000e+03,1152,48.000000
4818,4.81800000e+03,1152,48.000000
4819,4.81900000e+03,1152,48.000000
4820,4.82000000e+03,1124,46.833333
4821,4.82100000e+03,1124,46.833333
4822,4.82200000e+03,1124,46.833333
4823,4.82300000e+03,1124,46.833333
4824,4.82400000e+03,1124,46.833333
4825,4.82500000e+03,1098,45.750000
4826,4.82600000e+03,1098,45.750000
4827,4.82700000e+03,1098,45.750000
4828,4.82800000e+03,1098,45.750000
4829,4.82900000e+03,1098,45.750000
4830,4.83000000e+03,1072,44.666667
4831,4.83100000e+03,1072,44.666667
4832,4.83200000e+03,1072,44.666667
4833,4.83300000e+03,1072,44.666667
4834,4.83400000e+03,1072,44.666667
4835,4.83500000e+03,1040,43.333333
4836,4.83600000e+03,1040,43.333333
4837,4.83700000e+03,1040,43.333333
4838,4.83800000e+03,1040,43.333333
4839,4.83900000e+03,1040,43.333333
4840,4.84000000e+03,1011,42.125000
4841,4.84100000e+03,1011,42.125000
4842,4.84200000e+03,1011,42.125000
4843,4.84300000e+03,1011,42.125000
4844,4.84400000e+03,1011,42.125000
4845,4.84500000e+03,983,40.958333
4846,4.84600000e+03,983,40.958333
4847,4.84700000e+03,983,40.958333
4848,4.84800000e+03,983,40.958333
4849,4.84900000e+03,983,40.958333
4850,4.85000000e+03,946,39.416667
4851,4.85100000e+03,946,39.416667
4852,4.85200000e+03,946,39.416667
4853,4.85300000e+03,946,39.416667
4854,4.85400000e+03,946,39.416667
4855,4.85500000e+03,915,38.125000
4856,4.85600000e+03,915,38.125000
4857,4.85700000e+03,915,38.125000
4858,4.85800000e+03,915,38.125000
4859,4.85900000e+03,915,38.125000
4860,4.86000000e+03,884,36.833333
4861,4.86100000e+03,884,36.833333
4862,4.86200000e+03,884,36.833333
4863,4.86300000e+03,884,36.833333
4864,4.86400000e+03,884,36.833333
4865,4.86500000e+03,848,35.333333
4866,4.86600000e+03,848,35.333333
4867,4.86700000e+03,848,35.333333
4868,4.86800000e+03,848,35.333333
4869,4.86900000e+03,848,35.333333
4870,4.87000000e+03,813,33.875000
4871,4.87100000e+03,813,33.875000
4872,4.87200000e+03,813,33.875000
4873,4.87300000e+03,813,33.875000
4874,4.87400000e+03,813,33.875000
4875,4.87500000e+03,778,32.416667
4876,4.87600000e+03,778,32.416667
4877,4.87700000e+03,778,32.416667
4878,4.87800000e+03,778,32.416667
4879,4.87900000e+03,778,32.416667
4880,4.88000000e+03,743,30.958333
4881,4.88100000e+03,743,30.958333
4882,4.88200000e+03,743,30.958333
4883,4.88300000e+03,743,30.958333
4884,4.88400000e+03,743,30.958333
4885,4.88500000e+03,705,29.375000
4886,4.88600000e+03,705,29.375000
4887,4.88700000e+03,705,29.375000
4888,4.88800000e+03,705,29.375000
4889,4.88900000e+03,705,29.375000
4890,4.89000000e+03,670,27.916667
4891,4.89100000e+03,670,27.916667
4892,4.89200000e+03,670,27.916667
4893,4.89300000e+03,670,27.916667
4894,4.89400000e+03,670,27.916667
4895,4.89500000e+03,636,26.500000
4896,4.89600000e+03,636,26.500000
4897,4.89700000e+03,636,26.500000
4898,4.89800000e+03,636,26.500000
4899,4.89900000e+03,636,26.500000
4900,4.90000000e+03,603,25.125000
4901,4.90100000e+03,603,25.125000
4902,4.90200000e+03,603,25.125000
4903,4.90300000e+03,603,25.125000
4904,4.90400000e+03,603,25.125000
4905,4.90500000e+03,571,23.791667
4906,4.90600000e+03,571,23.791667
4907,4.90700000e+03,571,23.791667
4908,4.90800000e+03,571,23.791667
4909,4.90900000e+03,571,23.791667
4910,4.91000000e+03,535,22.291667
4911,4.91100000e+03,535,22.291667
4912,4.91200000e+03,535,22.291667
4913,4.91300000e+03,535,22.291667
4914,4.91400000e+03,535,22.291667
4915,4.91500000e+03,504,21.000000
4916,4.91600000e+03,504,21.000000
4917,4.91700000e+03,504,21.000000
4918,4.91800000e+03,504,21.000000
4919,4.91900000e+03,504,21.000000
4920,4.92000000e+03,474,19.750000
4921,4.92100000e+03,474,19.750000
4922,4.92200000e+03,474,19.750000
4923,4.92300000e+03,474,19.750000
4924,4.92400000e+03,474,19.750000
4925,4.92500000e+03,443,18.458333
4926,4.92600000e+03,443,18.458333
4927,4.92700000e+03,443,18.458333
4928,4.92800000e+03,443,18.458333
4929,4.92900000e+03,443,18.458333
4930,4.93000000e+03,410,17.083333
4931,4.93100000e+03,410,17.083333
4932,4.93200000e+03,410,17.083333
4933,4.93300000e+03,410,17.083333
4934,4.93400000e+03,410,17.083333
4935,4.93500000e+03,378,15.750000
4936,4.93600000e+03,378,15.750000
4937,4.93700000e+03,378,15.750000
4938,4.93800000e+03,378,15.750000
4939,4.93900000e+03,378,15.750000
4940,4.94000000e+03,343,14.291667
4941,4.94100000e+03,343,14.291667
4942,4.94200000e+03,343,14.291667
4943,4.94300000e+03,343,14.291667
4944,4.94400000e+03,343,14.291667
4945,4.94500000e+03,308,12.833333
4946,4.94600000e+03,308,12.833333
4947,4.94700000e+03,308,12.833333
4948,4.94800000e+03,308,12.833333
4949,4.94900000e+03,308,12.833333
4950,4.95000000e+03,279,11.625000
4951,4.95100000e+03,279,11.625000
4952,4.95200000e+03,279,11.625000
4953,4.95300000e+03,279,11.625000
4954,4.95400000e+03,279,11.625000
4955,4.95500000e+03,238,9.916667
4956,4.95600000e+03,238,9.916667
4957,4.95700000e+03,238,9.916667
4958,4.95800000e+03,238,9.916667
4959,4.95900000e+03,238,9.916667
4960,4.96000000e+03,204,8.500000
4961,4.96100000e+03,204,8.500000
4962,4.96200000e+03,204,8.500000
4963,4.96300000e+03,204,8.500000
4964,4.96400000e+03,204,8.500000
4965,4.96500000e+03,164,6.833333
4966,4.96600000e+03,164,6.833333
4967,4.96700000e+03,164,6.833333
4968,4.96800000e+03,164,6.833333
4969,4.96900000e+03,164,6.833333
4970,4.97000000e+03,125,5.208333
4971,4.97100000e+03,125,5.208333
4972,4.97200000e+03,125,5.208333
4973,4.97300000e+03,125,5.208333
4974,4.97400000e+03,125,5.208333
4975,4.97500000e+03,87,3.625000
4976,4.97600000e+03,87,3.625000
4977,4.97700000e+03,87,3.625000
4978,4.97800000e+03,87,3.625000
4979,4.97900000e+03,87,3.625000
4980,4.98000000e+03,43,1.791667
4981,4.98100000e+03,43,1.791667
4982,4.98200000e+03,43,1.791667
4983,4.98300000e+03,43,1.791667
4984,4.98400000e+03,43,1.791667
4985,4.98500000e+03,6,0.250000
4986,4.98600000e+03,6,0.250000
4987,4.98700000e+03,6,0.250000
4988,4.98800000e+03,6,0.250000
4989,4.98900000e+03,6,0.250000
4990,4.99000000e+03,-32,-1.333333
4991,4.99100000e+03,-32,-1.333333
4992,4.99200000e+03,-32,-1.333333
4993,4.99300000e+03,-32,-1.333333
4994,4.99400000e+03,-32,-1.333333
4995,4.99500000e+03,-71,-2.958333
4996,4.99600000e+03,-71,-2.958333
4997,4.99700000e+03,-71,-2.958333
4998,4.99800000e+03,-71,-2.958333
4999,4.99900000e+03,-71,-2.958333
5000,5.00000000e+03,-113,-4.708333
5001,5.00100000e+03,-113,-4.708333
5002,5.00200000e+03,-113,-4.708333
5003,5.00300000e+03,-113,-4.708333
5004,5.00400000e+03,-113,-4.708333
5005,5.00500000e+03,-151,-6.291667
5006,5.00600000e+03,-151,-6.291667
5007,5.00700000e+03,-151,-6.291667
5008,5.00800000e+03,-151,-6.291667
5009,5.00900000e+03,-151,-6.291667
5010,5.01000000e+03,-191,-7.958333
5011,5.01100000e+03,-191,-7.958333
5012,5.01200000e+03,-191,-7.958333
5013,5.01300000e+03,-191,-7.958333
5014,5.01400000e+03,-191,-7.958333
5015,5.01500000e+03,-225,-9.375000
5016,5.01600000e+03,-225,-9.375000
5017,5.01700000e+03,-225,-9.375000
5018,5.01800000e+03,-225,-9.375000
5019,5.01900000e+03,-225,-9.375000
5020,5.02000000e+03,-261,-10.875000
5021,5.02100000e+03,-261,-10.875000
5022,5.02200000e+03,-261,-10.875000
5023,5.02300000e+03,-261,-10.875000
5024,5.02400000e+03,-261,-10.875000
5025,5.02500000e+03,-296,-12.333333
5026,5.02600000e+03,-296,-12.333333
5027,5.02700000e+03,-296,-12.333333
5028,5.02800000e+03,-296,-12.333333
5029,5.02900000e+03,-296,-12.333333
5030,5.03000000e+03,-329,-13.708333
5031,5.03100000e+03,-329,-13.708333
5032,5.03200000e+03,-329,-13.708333
5033,5.03300000e+03,-329,-13.708333
5034,5.03400000e+03,-329,-13.708333
5035,5.03500000e+03,-361,-15.041667
5036,5.03600000e+03,-361,-15.041667
5037,5.03700000e+03,-361,-15.041667
5038,5.03800000e+03,-361,-15.041667
5039,5.03900000e+03,-361,-15.041667
5040,5.04000000e+03,-393,-16.375000
5041,5.04100000e+03,-393,-16.375000
5042,5.04200000e+03,-393,-16.375000
5043,5.04300000e+03,-393,-16.375000
5044,5.04400000e+03,-393,-16.375000
5045,5.04500000e+03,-425,-17.708333
5046,5.04600000e+03,-425,-17.708333
5047,5.04700000e+03,-425,-17.708333
5048,5.04800000e+03,-425,-17.708333
5049,5.04900000e+03,-425,-17.708333
5050,5.05000000e+03,-456,-19.000000
5051,5.05100000e+03,-456,-19.000000
5052,5.05200000e+03,-456,-19.000000
5053,5.05300000e+03,-456,-19.000000
5054,5.05400000e+03,-456,-19.000000
5055,5.05500000e+03,-488,-20.333333
5056,5.05600000e+03,-488,-20.333333
5057,5.05700000e+03,-488,-20.333333
5058,5.05800000e+03,-488,-20.333333
5059,5.05900000e+03,-488,-20.333333
5060,5.06000000e+03,-514,-21.416667
5061,5.06100000e+03,-514,-21.416667
5062,5.06200000e+03,-514,-21.416667
5063,5.06300000e+03,-514,-21.416667
5064,5.06400000e+03,-514,-21.416667
5065,5.06500000e+03,-549,-22.875000
5066,5.06600000e+03,-549,-22.875000
5067,5.06700000e+03,-549,-22.875000
5068,5.06800000e+03,-549,-22.875000
5069,5.06900000e+03,-549,-22.875000
5070,5.07000000e+03,-583,-24.291667
5071,5.07100000e+03,-583,-24.291667
5072,5.07200000e+03,-583,-24.291667
5073,5.07300000e+03,-583,-24.291667
5074,5.07400000e+03,-583,-24.291667
5075,5.07500000e+03,-618,-25.750000
5076,5.07600000e+03,-618,-25.750000
5077,5.07700000e+03,-618,-25.750000
5078,5.07800000e+03,-618,-25.750000
5079,5.07900000e+03,-618,-25.750000
5080,5.08000000e+03,-651,-27.125000
5081,5.08100000e+03,-651,-27.125000
5082,5.08200000e+03,-651,-27.125000
5083,5.08300000e+03,-651,-27.125000
5084,5.08400000e+03,-651,-27.125000
5085,5.08500000e+03,-687,-28.625000
5086,5.08600000e+03,-687,-28.625000
5087,5.08700000e+03,-687,-28.625000
5088,5.08800000e+03,-687,-28.625000
5089,5.08900000e+03,-687,-28.625000
5090,5.09000000e+03,-722,-30.083333
5091,5.09100000e+03,-722,-30.083333
5092,5.09200000e+03,-722,-30.083333
5093,5.09300000e+03,-722,-30.083333
5094,5.09400000e+03,-722,-30.083333
5095,5.09500000e+03,-759,-31.625000
5096,5.09600000e+03,-759,-31.625000
5097,5.09700000e+03,-759,-31.625000
5098,5.09800000e+03,-759,-31.625000
5099,5.09900000e+03,-759,-31.625000
5100,5.10000000e+03,-793,-33.041667
5101,5.10100000e+03,-793,-33.041667
5102,5.10200000e+03,-793,-33.041667
5103,5.10300000e+03,-793,-33.041667
5104,5.10400000e+03,-793,-33.041667
5105,5.10500000e+03,-831,-34.625000
5106,5.10600000e+03,-831,-34.625000
5107,5.10700000e+03,-831,-34.625000
5108,5.10800000e+03,-831,-34.625000
5109,5.10900000e+03,-831,-34.625000
5110,5.11000000e+03,-864,-36.000000
5111,5.11100000e+03,-864,-36.000000
5112,5.11200000e+03,-864,-36.000000
5113,5.11300000e+03,-864,-36.000000
5114,5.11400000e+03,-864,-36.000000
5115,5.11500000e+03,-901,-37.541667
5116,5.11600000e+03,-901,-37.541667
5117,5.11700000e+03,-901,-37.541667
5118,5.11800000e+03,-901,-37.541667
5119,5.11900000e+03,-901,-37.541667
5120,5.12000000e+03,-933,-38.875000
5121,5.12100000e+03,-933,-38.875000
5122,5.12200000e+03,-933,-38.875000
5123,5.12300000e+03,-933,-38.875000
5124,5.12400000e+03,-933,-38.875000
5125,5.12500000e+03,-967,-40.291667
5126,5.12600000e+03,-967,-40.291667
5127,5.12700000e+03,-967,-40.291667
5128,5.12800000e+03,-967,-40.291667
5129,5.12900000e+03,-967,-40.291667
5130,5.13000000e+03,-1001,-41.708333
5131,5.13100000e+03,-1001,-41.708333
5132,5.13200000e+03,-1001,-41.708333
5133,5.13300000e+03,-1001,-41.708333
5134,5.13400000e+03,-1001,-41.708333
5135,5.13500000e+03,-1028,-42.833333
5136,5.13600000e+03,-1028,-42.833333
5137,5.13700000e+03,-1028,-42.833333
5138,5.13800000e+03,-1028,-42.833333
5139,5.13900000e+03,-1028,-42.833333
5140,5.14000000e+03,-1063,-44.291667
5141,5.14100000e+03,-1063,-44.291667
5142,5.14200000e+03,-1063,-44.291667
5143,5.14300000e+03,-1063,-44.291667
5144,5.14400000e+03,-1063,-44.291667
5145,5.14500000e+03,-1092,-45.500000
5146,5.14600000e+03,-1092,-45.500000
5147,5.14700000e+03,-1092,-45.500000
5148,5.14800000e+03,-1092,-45.500000
5149,5.14900000e+03,-1092,-45.500000
5150,5.15000000e+03,-1117,-46.541667
5151,5.15100000e+03,-1117,-46.541667
5152,5.15200000e+03,-1117,-46.541667
5153,5.15300000e+03,-1117,-46.541667
5154,5.15400000e+03,-1117,-46.541667
5155,5.15500000e+03,-1151,-47.958333
5156,5.15600000e+03,-1151,-47.958333
5157,5.15700000e+03,-1151,-47.958333
5158,5.15800000e+03,-1151,-47.958333
5159,5.15900000e+03,-1151,-47.958333
5160,5.16000000e+03,-1177,-49.041667
5161,5.16100000e+03,-1177,-49.041667
5162,5.16200000e+03,-1177,-49.041667
5163,5.16300000e+03,-1177,-49.041667
5164,5.16400000e+03,-1177,-49.041667
5165,5.16500000e+03,-1208,-50.333333
5166,5.16600000e+03,-1208,-50.333333
5167,5.16700000e+03,-1208,-50.333333
5168,5.16800000e+03,-1208,-50.333333
5169,5.16900000e+03,-1208,-50.333333
5170,5.17000000e+03,-1240,-51.666667
5171,5.17100000e+03,-1240,-51.666667
5172,5.17200000e+03,-1240,-51.666667
5173,5.17300000e+03,-1240,-51.666667
5174,5.17400000e+03,-1240,-51.666667
5175,5.17500000e+03,-1276,-53.166667
5176,5.17600000e+03,-1276,-53.166667
5177,5.17700000e+03,-1276,-53.166667
5178,5.17800000e+03,-1276,-53.166667
5179,5.17900000e+03,-1276,-53.166667
5180,5.18000000e+03,-1307,-54.458333
5181,5.18100000e+03,-1307,-54.458333
5182,5.18200000e+03,-1307,-54.458333
5183,5.18300000e+03,-1307,-54.458333
5184,5.18400000e+03,-1307,-54.458333
5185,5.18500000e+03,-1340,-55.833333
5186,5.18600000e+03,-1340,-55.833333
5187,5.18700000e+03,-1340,-55.833333
5188,5.18800000e+03,-1340,-55.833333
5189,5.18900000e+03,-1340,-55.833333
5190,5.19000000e+03,-1375,-57.291667
5191,5.19100000e+03,-1375,-57.291667
5192,5.19200000e+03,-1375,-57.291667
5193,5.19300000e+03,-1375,-57.291667
5194,5.19400000e+03,-1375,-57.291667
5195,5.19500000e+03,-1411,-58.791667
5196,5.19600000e+03,-1411,-58.791667
5197,5.19700000e+03,-1411,-58.791667
5198,5.19800000e+03,-1411,-58.791667
5199,5.19900000e+03,-1411,-58.791667
5200,5.20000000e+03,-1450,-60.416667
5201,5.20100000e+03,-1450,-60.416667
5202,5.20200000e+03,-1450,-60.416667
5203,5.20300000e+03,-1450,-60.416667
5204,5.20400000e+03,-1450,-60.416667
5205,5.20500000e+03,-1489,-62.041667
5206,5.20600000e+03,-1489,-62.041667
5207,5.20700000e+03,-1489,-62.041667
5208,5.20800000e+03,-1489,-62.041667
5209,5.20900000e+03,-1489,-62.041667
5210,5.21000000e+03,-1524,-63.500000
5211,5.21100000e+03,-1524,-63.500000
5212,5.21200000e+03,-1524,-63.500000
5213,5.21300000e+03,-1524,-63.500000
5214,5.21400000e+03,-1524,-63.500000
5215,5.21500000e+03,-1559,-64.958333
5216,5.21600000e+03,-1559,-64.958333
5217,5.21700000e+03,-1559,-64.958333
5218,5.21800000e+03,-1559,-64.958333
5219,5.21900000e+03,-1559,-64.958333
5220,5.22000000e+03,-1594,-66.416667
5221,5.22100000e+03,-1594,-66.416667
5222,5.22200000e+03,-1594,-66.416667
5223,5.22300000e+03,-1594,-66.416667
5224,5.22400000e+03,-1594,-66.416667
5225,5.22500000e+03,-1628,-67.833333
5226,5.22600000e+03,-1628,-67.833333
5227,5.22700000e+03,-1628,-67.833333
5228,5.22800000e+03,-1628,-67.833333
5229,5.22900000e+03,-1628,-67.833333
5230,5.23000000e+03,-1661,-69.208333
5231,5.23100000e+03,-1661,-69.208333
5232,5.23200000e+03,-1661,-69.208333
5233,5.23300000e+03,-1661,-69.208333
5234,5.23400000e+03,-1661,-69.208333
5235,5.23500000e+03,-1692,-70.500000
5236,5.23600000e+03,-1692,-70.500000
5237,5.23700000e+03,-1692,-70.500000
5238,5.23800000e+03,-1692,-70.500000
5239,5.23900000e+03,-1692,-70.500000
5240,5.24000000e+03,-1718,-71.583333
5241,5.24100000e+03,-1718,-71.583333
5242,5.24200000e+03,-1718,-71.583333
5243,5.24300000e+03,-1718,-71.583333
5244,5.24400000e+03,-1718,-71.583333
5245,5.24500000e+03,-1746,-72.750000
5246,5.24600000e+03,-1746,-72.750000
5247,5.24700000e+03,-1746,-72.750000
5248,5.24800000e+03,-1746,-72.750000
5249,5.24900000e+03,-1746,-72.750000
5250,5.25000000e+03,-1768,-73.666667
5251,5.25100000e+03,-1768,-73.666667
5252,5.25200000e+03,-1768,-73.666667
5253,5.25300000e+03,-1768,-73.666667
5254,5.25400000e+03,-1768,-73.666667
5255,5.25500000e+03,-1795,-74.791667
5256,5.25600000e+03,-1795,-74.791667
5257,5.25700000e+03,-1795,-74.791667
5258,5.25800000e+03,-1795,-74.791667
5259,5.25900000e+03,-1795,-74.791667
5260,5.26000000e+03,-1815,-75.625000
5261,5.26100000e+03,-1815,-75.625000
5262,5.26200000e+03,-1815,-75.625000
5263,5.26300000e+03,-1815,-75.625000
5264,5.26400000e+03,-1815,-75.625000
5265,5.26500000e+03,-1838,-76.583333
5266,5.26600000e+03,-1838,-76.583333
5267,5.26700000e+03,-1838,-76.583333
5268,5.26800000e+03,-1838,-76.583333
5269,5.26900000e+03,-1838,-76.583333
5270,5.27000000e+03,-1857,-77.375000
5271,5.27100000e+03,-1857,-77.375000
5272,5.27200000e+03,-1857,-77.375000
5273,5.27300000e+03,-1857,-77.375000
5274,5.27400000e+03,-1857,-77.375000
5275,5.27500000e+03,-1878,-78.250000
5276,5.27600000e+03,-1878,-78.250000
5277,5.27700000e+03,-1878,-78.250000
5278,5.27800000e+03,-1878,-78.250000
5279,5.27900000e+03,-1878,-78.250000
5280,5.28000000e+03,-1899,-79.125000
5281,5.28100000e+03,-1899,-79.125000
5282,5.28200000e+03,-1899,-79.125000
5283,5.28300000e+03,-1899,-79.125000
5284,5.28400000e+03,-1899,-79.125000
5285,5.28500000e+03,-1921,-80.041667
5286,5.28600000e+03,-1921,-80.041667
5287,5.28700000e+03,-1921,-80.041667
5288,5.28800000e+03,-1921,-80.041667
5289,5.28900000e+03,-1921,-80.041667
5290,5.29000000e+03,-1941,-80.875000
5291,5.29100000e+03,-1941,-80.875000
5292,5.29200000e+03,-1941,-80.875000
5293,5.29300000e+03,-1941,-80.875000
5294,5.29400000e+03,-1941,-80.875000
5295,5.29500000e+03,-1965,-81.875000
5296,5.29600000e+03,-1965,-81.875000
5297,5.29700000e+03,-1965,-81.875000
5298,5.29800000e+03,-1965,-81.875000
5299,5.29900000e+03,-1965,-81.875000
5300,5.30000000e+03,-1985,-82.708333
5301,5.30100000e+03,-1985,-82.708333
5302,5.30200000e+03,-1985,-82.708333
5303,5.30300000e+03,-1985,-82.708333
5304,5.30400000e+03,-1985,-82.708333
5305,5.30500000e+03,-2010,-83.750000
5306,5.30600000e+03,-2010,-83.750000
5307,5.30700000e+03,-2010,-83.750000
5308,5.30800000e+03,-2010,-83.750000
5309,5.30900000e+03,-2010,-83.750000
5310,5.31000000e+03,-2026,-84.416667
5311,5.31100000e+03,-2026,-84.416667
5312,5.31200000e+03,-2026,-84.416667
5313,5.31300000e+03,-2026,-84.416667
5314,5.31400000e+03,-2026,-84.416667
5315,5.31500000e+03,-2053,-85.541667
5316,5.31600000e+03,-2053,-85.541667
5317,5.31700000e+03,-2053,-85.541667
5318,5.31800000e+03,-2053,-85.541667
5319,5.31900000e+03,-2053,-85.541667
5320,5.32000000e+03,-2074,-86.416667
5321,5.32100000e+03,-2074,-86.416667
5322,5.32200000e+03,-2074,-86.416667
5323,5.32300000e+03,-2074,-86.416667
5324,5.32400000e+03,-2074,-86.416667
5325,5.32500000e+03,-2100,-87.500000
5326,5.32600000e+03,-2100,-87.500000
5327,5.32700000e+03,-2100,-87.500000
5328,5.32800000e+03,-2100,-87.500000
5329,5.32900000e+03,-2100,-87.500000
5330,5.33000000e+03,-2126,-88.583333
5331,5.33100000e+03,-2126,-88.583333
5332,5.33200000e+03,-2126,-88.583333
5333,5.33300000e+03,-2126,-88.583333
5334,5.33400000e+03,-2126,-88.583333
5335,5.33500000e+03,-2147,-89.458333
5336,5.33600000e+03,-2147,-89.458333
5337,5.33700000e+03,-2147,-89.458333
5338,5.33800000e+03,-2147,-89.458333
5339,5.33900000e+03,-2147,-89.458333
5340,5.34000000e+03,-2170,-90.416667
5341,5.34100000e+03,-2170,-90.416667
5342,5.34200000e+03,-2170,-90.416667
5343,5.34300000e+03,-2170,-90.416667
5344,5.34400000e+03,-2170,-90.416667
5345,5.34500000e+03,-2195,-91.458333
5346,5.34600000e+03,-2195,-91.458333
5347,5.34700000e+03,-2195,-91.458333
5348,5.34800000e+03,-2195,-91.458333
5349,5.34900000e+03,-2195,-91.458333
5350,5.35000000e+03,-2215,-92.291667
5351,5.35100000e+03,-2215,-92.291667
5352,5.35200000e+03,-2215,-92.291667
5353,5.35300000e+03,-2215,-92.291667
5354,5.35400000e+03,-2215,-92.291667
5355,5.35500000e+03,-2232,-93.000000
5356,5.35600000e+03,-2232,-93.000000
5357,5.35700000e+03,-2232,-93.000000
5358,5.35800000e+03,-2232,-93.000000
5359,5.35900000e+03,-2232,-93.000000
5360,5.36000000e+03,-2252,-93.833333
5361,5.36100000e+03,-2252,-93.833333
5362,5.36200000e+03,-2252,-93.833333
5363,5.36300000e+03,-2252,-93.833333
5364,5.36400000e+03,-2252,-93.833333
5365,5.36500000e+03,-2264,-94.333333
5366,5.36600000e+03,-2264,-94.333333
5367,5.36700000e+03,-2264,-94.333333
5368,5.36800000e+03,-2264,-94.333333
5369,5.36900000e+03,-2264,-94.333333
5370,5.37000000e+03,-2278,-94.916667
5371,5.37100000e+03,-2278,-94.916667
5372,5.37200000e+03,-2278,-94.916667
5373,5.37300000e+03,-2278,-94.916667
5374,5.37400000e+03,-2278,-94.916667
5375,5.37500000e+03,-2294,-95.583333
5376,5.37600000e+03,-2294,-95.583333
5377,5.37700000e+03,-2294,-95.583333
5378,5.37800000e+03,-2294,-95.583333
5379,5.37900000e+03,-2294,-95.583333
5380,5.38000000e+03,-2306,-96.083333
5381,5.38100000e+03,-2306,-96.083333
5382,5.38200000e+03,-2306,-96.083333
5383,5.38300000e+03,-2306,-96.083333
5384,5.38400000e+03,-2306,-96.083333
5385,5.38500000e+03,-2316,-96.500000
5386,5.38600000e+03,-2316,-96.500000
5387,5.38700000e+03,-2316,-96.500000
5388,5.38800000e+03,-2316,-96.500000
5389,5.38900000e+03,-2316,-96.500000
5390,5.39000000e+03,-2328,-97.000000
5391,5.39100000e+03,-2328,-97.000000
5392,5.39200000e+03,-2328,-97.000000
5393,5.39300000e+03,-2328,-97.000000
5394,5.39400000e+03,-2328,-97.000000
5395,5.39500000e+03,-2338,-97.416667
5396,5.39600000e+03,-2338,-97.416667
5397,5.39700000e+03,-2338,-97.416667
5398,5.39800000e+03,-2338,-97.416667
5399,5.39900000e+03,-2338,-97.416667
5400,5.40000000e+03,-2352,-98.000000
5401,5.40100000e+03,-2352,-98.000000
5402,5.40200000e+03,-2352,-98.000000
5403,5.40300000e+03,-2352,-98.000000
5404,5.40400000e+03,-2352,-98.000000
5405,5.40500000e+03,-2367,-98.625000
5406,5.40600000e+03,-2367,-98.625000
5407,5.40700000e+03,-2367,-98.625000
5408,5.40800000e+03,-2367,-98.625000
5409,5.40900000e+03,-2367,-98.625000
5410,5.41000000e+03,-2386,-99.416667
5411,5.41100000e+03,-2386,-99.416667
5412,5.41200000e+03,-2386,-99.416667
5413,5.41300000e+03,-2386,-99.416667
5414,5.41400000e+03,-2386,-99.416667
5415,5.41500000e+03,-2402,-100.083333
5416,5.41600000e+03,-2402,-100.083333
5417,5.41700000e+03,-2402,-100.083333
5418,5.41800000e+03,-2402,-100.083333
5419,5.41900000e+03,-2402,-100.083333
5420,5.42000000e+03,-2423,-100.958333
5421,5.42100000e+03,-2423,-100.958333
5422,5.42200000e+03,-2423,-100.958333
5423,5.42300000e+03,-2423,-100.958333
5424,5.42400000e+03,-2423,-100.958333
5425,5.42500000e+03,-2444,-101.833333
5426,5.42600000e+03,-2444,-101.833333
5427,5.42700000e+03,-2444,-101.833333
5428,5.42800000e+03,-2444,-101.833333
5429,5.42900000e+03,-2444,-101.833333
5430,5.43000000e+03,-2469,-102.875000
5431,5.43100000e+03,-2469,-102.875000
5432,5.43200000e+03,-2469,-102.875000
5433,5.43300000e+03,-2469,-102.875000
5434,5.43400000e+03,-2469,-102.875000
5435,5.43500000e+03,-2495,-103.958333
5436,5.43600000e+03,-2495,-103.958333
5437,5.43700000e+03,-2495,-103.958333
5438,5.43800000e+03,-2495,-103.958333
5439,5.43900000e+03,-2495,-103.958333
5440,5.44000000e+03,-2520,-105.000000
5441,5.44100000e+03,-2520,-105.000000
5442,5.44200000e+03,-2520,-105.000000
5443,5.44300000e+03,-2520,-105.000000
5444,5.44400000e+03,-2520,-105.000000
5445,5.44500000e+03,-2548,-106.166667
5446,5.44600000e+03,-2548,-106.166667
5447,5.44700000e+03,-2548,-106.166667
5448,5.44800000e+03,-2548,-106.166667
5449,5.44900000e+03,-2548,-106.166667
5450,5.45000000e+03,-2574,-107.250000
5451,5.45100000e+03,-2574,-107.250000
5452,5.45200000e+03,-2574,-107.250000
5453,5.45300000e+03,-2574,-107.250000
5454,5.45400000e+03,-2574,-107.250000
5455,5.45500000e+03,-2597,-108.208333
5456,5.45600000e+03,-2597,-108.208333
5457,5.45700000e+03,-2597,-108.208333
5458,5.45800000e+03,-2597,-108.208333
5459,5.45900000e+03,-2597,-108.208333
5460,5.46000000e+03,-2618,-109.083333
5461,5.46100000e+03,-2618,-109.083333
5462,5.46200000e+03,-2618,-109.083333
5463,5.46300000e+03,-2618,-109.083333
5464,5.46400000e+03,-2618,-109.083333
5465,5.46500000e+03,-2639,-109.958333
5466,5.46600000e+03,-2639,-109.958333
5467,5.46700000e+03,-2639,-109.958333
5468,5.46800000e+03,-2639,-109.958333
5469,5.46900000e+03,-2639,-109.958333
5470,5.47000000e+03,-2655,-110.625000
5471,5.47100000e+03,-2655,-110.625000
5472,5.47200000e+03,-2655,-110.625000
5473,5.47300000e+03,-2655,-110.625000
5474,5.47400000e+03,-2655,-110.625000
5475,5.47500000e+03,-2666,-111.083333
5476,5.47600000e+03,-2666,-111.083333
5477,5.47700000e+03,-2666,-111.083333
5478,5.47800000e+03,-2666,-111.083333
5479,5.47900000e+03,-2666,-111.083333
5480,5.48000000e+03,-2682,-111.750000
5481,5.48100000e+03,-2682,-111.750000
5482,5.48200000e+03,-2682,-111.750000
5483,5.48300000e+03,-2682,-111.750000
5484,5.48400000e+03,-2682,-111.750000
5485,5.48500000e+03,-2692,-112.166667
5486,5.48600000e+03,-2692,-112.166667
5487,5.48700000e+03,-2692,-112.166667
5488,5.48800000e+03,-2692,-112.166667
5489,5.48900000e+03,-2692,-112.166667
5490,5.49000000e+03,-2704,-112.666667
5491,5.49100000e+03,-2704,-112.666667
5492,5.49200000e+03,-2704,-112.666667
5493,5.49300000e+03,-2704,-112.666667
5494,5.49400000e+03,-2704,-112.666667
5495,5.49500000e+03,-2710,-112.916667
5496,5.49600000e+03,-2710,-112.916667
5497,5.49700000e+03,-2710,-112.916667
5498,5.49800000e+03,-2710,-112.916667
5499,5.49900000e+03,-2710,-112.916667
5500,5.50000000e+03,-2723,-113.458333
5501,5.50100000e+03,-2723,-113.458333
5502,5.50200000e+03,-2723,-113.458333
5503,5.50300000e+03,-2723,-113.458333
5504,5.50400000e+03,-2723,-113.458333
5505,5.50500000e+03,-2732,-113.833333
5506,5.50600000e+03,-2732,-113.833333
5507,5.50700000e+03,-2732,-113.833333
5508,5.50800000e+03,-2732,-113.833333
5509,5.50900000e+03,-2732,-113.833333
5510,5.51000000e+03,-2746,-114.416667
5511,5.51100000e+03,-2746,-114.416667
5512,5.51200000e+03,-2746,-114.416667
5513,5.51300000e+03,-2746,-114.416667
5514,5.51400000e+03,-2746,-114.416667
5515,5.51500000e+03,-2757,-114.875000
5516,5.51600000e+03,-2757,-114.875000
5517,5.51700000e+03,-2757,-114.875000
5518,5.51800000e+03,-2757,-114.875000
5519,5.51900000e+03,-2757,-114.875000
5520,5.52000000e+03,-2770,-115.416667
5521,5.52100000e+03,-2770,-115.416667
5522,5.52200000e+03,-2770,-115.416667
5523,5.52300000e+03,-2770,-115.416667
5524,5.52400000e+03,-2770,-115.416667
5525,5.52500000e+03,-2786,-116.083333
5526,5.52600000e+03,-2786,-116.083333
5527,5.52700000e+03,-2786,-116.083333
5528,5.52800000e+03,-2786,-116.083333
5529,5.52900000e+03,-2786,-116.083333
5530,5.53000000e+03,-2802,-116.750000
5531,5.53100000e+03,-2802,-116.750000
5532,5.53200000e+03,-2802,-116.750000
5533,5.53300000e+03,-2802,-116.750000
5534,5.53400000e+03,-2802,-116.750000
5535,5.53500000e+03,-2817,-117.375000
5536,5.53600000e+03,-2817,-117.375000
5537,5.53700000e+03,-2817,-117.375000
5538,5.53800000e+03,-2817,-117.375000
5539,5.53900000e+03,-2817,-117.375000
5540,5.54000000e+03,-2835,-118.125000
5541,5.54100000e+03,-2835,-118.125000
5542,5.54200000e+03,-2835,-118.125000
5543,5.54300000e+03,-2835,-118.125000
5544,5.54400000e+03,-2835,-118.125000
5545,5.54500000e+03,-2857,-119.041667
5546,5.54600000e+03,-2857,-119.041667
5547,5.54700000e+03,-2857,-119.041667
5548,5.54800000e+03,-2857,-119.041667
5549,5.54900000e+03,-2857,-119.041667
5550,5.55000000e+03,-2877,-119.875000
5551,5.55100000e+03,-2877,-119.875000
5552,5.55200000e+03,-2877,-119.875000
5553,5.55300000e+03,-2877,-119.875000
5554,5.55400000e+03,-2877,-119.875000
5555,5.55500000e+03,-2898,-120.750000
5556,5.55600000e+03,-2898,-120.750000
5557,5.55700000e+03,-2898,-120.750000
5558,5.55800000e+03,-2898,-120.750000
5559,5.55900000e+03,-2898,-120.750000
5560,5.56000000e+03,-2921,-121.708333
5561,5.56100000e+03,-2921,-121.708333
5562,5.56200000e+03,-2921,-121.708333
5563,5.56300000e+03,-2921,-121.708333
5564,5.56400000e+03,-2921,-121.708333
5565,5.56500000e+03,-2941,-122.541667
5566,5.56600000e+03,-2941,-122.541667
5567,5.56700000e+03,-2941,-122.541667
5568,5.56800000e+03,-2941,-122.541667
5569,5.56900000e+03,-2941,-122.541667
5570,5.57000000e+03,-2960,-123.333333
5571,5.57100000e+03,-2960,-123.333333
5572,5.57200000e+03,-2960,-123.333333
5573,5.57300000e+03,-2960,-123.333333
5574,5.57400000e+03,-2960,-123.333333
5575,5.57500000e+03,-2978,-124.083333
5576,5.57600000e+03,-2978,-124.083333
5577,5.57700000e+03,-2978,-124.083333
5578,5.57800000e+03,-2978,-124.083333
5579,5.57900000e+03,-2978,-124.083333
5580,5.58000000e+03,-2995,-124.791667
5581,5.58100000e+03,-2995,-124.791667
5582,5.58200000e+03,-2995,-124.791667
5583,5.58300000e+03,-2995,-124.791667
5584,5.58400000e+03,-2995,-124.791667
5585,5.58500000e+03,-3007,-125.291667
5586,5.58600000e+03,-3007,-125.291667
5587,5.58700000e+03,-3007,-125.291667
5588,5.58800000e+03,-3007,-125.291667
5589,5.58900000e+03,-3007,-125.291667
5590,5.59000000e+03,-3021,-125.875000
5591,5.59100000e+03,-3021,-125.875000
5592,5.59200000e+03,-3021,-125.875000
5593,5.59300000e+03,-3021,-125.875000
5594,5.59400000e+03,-3021,-125.875000
5595,5.59500000e+03,-3034,-126.416667
5596,5.59600000e+03,-3034,-126.416667
5597,5.59700000e+03,-3034,-126.416667
5598,5.59800000e+03,-3034,-126.416667
5599,5.59900000e+03,-3034,-126.416667
5600,5.60000000e+03,-3042,-126.750000
5601,5.60100000e+03,-3042,-126.750000
5602,5.60200000e+03,-3042,-126.750000
5603,5.60300000e+03,-3042,-126.750000
5604,5.60400000e+03,-3042,-126.750000
5605,5.60500000e+03,-3048,-127.000000
5606,5.60600000e+03,-3048,-127.000000
5607,5.60700000e+03,-3048,-127.000000
5608,5.60800000e+03,-3048,-127.000000
5609,5.60900000e+03,-3048,-127.000000
5610,5.61000000e+03,-3060,-127.500000
5611,5.61100000e+03,-3060,-127.500000
5612,5.61200000e+03,-3060,-127.500000
5613,5.61300000e+03,-3060,-127.500000
5614,5.61400000e+03,-3060,-127.500000
5615,5.61500000e+03,-3064,-127.666667
5616,5.61600000e+03,-3064,-127.666667
5617,5.61700000e+03,-3064,-127.666667
5618,5.61800000e+03,-3064,-127.666667
5619,5.61900000e+03,-3064,-127.666667
5620,5.62000000e+03,-3074,-128.083333
5621,5.62100000e+03,-3074,-128.083333
5622,5.62200000e+03,-3074,-128.083333
5623,5.62300000e+03,-3074,-128.083333
5624,5.62400000e+03,-3074,-128.083333
5625,5.62500000e+03,-3076,-128.166667
5626,5.62600000e+03,-3076,-128.166667
5627,5.62700000e+03,-3076,-128.166667
5628,5.62800000e+03,-3076,-128.166667
5629,5.62900000e+03,-3076,-128.166667
5630,5.63000000e+03,-3082,-128.416667
5631,5.63100000e+03,-3082,-128.416667
5632,5.63200000e+03,-3082,-128.416667
5633,5.63300000e+03,-3082,-128.416667
5634,5.63400000e+03,-3082,-128.416667
5635,5.63500000e+03,-3087,-128.625000
5636,5.63600000e+03,-3087,-128.625000
5637,5.63700000e+03,-3087,-128.625000
5638,5.63800000e+03,-3087,-128.625000
5639,5.63900000e+03,-3087,-128.625000
5640,5.64000000e+03,-3098,-129.083333
5641,5.64100000e+03,-3098,-129.083333
5642,5.64200000e+03,-3098,-129.083333
5643,5.64300000e+03,-3098,-129.083333
5644,5.64400000e+03,-3098,-129.083333
5645,5.64500000e+03,-3107,-129.458333
5646,5.64600000e+03,-3107,-129.458333
5647,5.64700000e+03,-3107,-129.458333
5648,5.64800000e+03,-3107,-129.458333
5649,5.64900000e+03,-3107,-129.458333
5650,5.65000000e+03,-3117,-129.875000
5651,5.65100000e+03,-3117,-129.875000
5652,5.65200000e+03,-3117,-129.875000
5653,5.65300000e+03,-3117,-129.875000
5654,5.65400000e+03,-3117,-129.875000
5655,5.65500000e+03,-3128,-130.333333
5656,5.65600000e+03,-3128,-130.333333
5657,5.65700000e+03,-3128,-130.333333
5658,5.65800000e+03,-3128,-130.333333
5659,5.65900000e+03,-3128,-130.333333
5660,5.66000000e+03,-3137,-130.708333
5661,5.66100000e+03,-3137,-130.708333
5662,5.66200000e+03,-3137,-130.708333
5663,5.66300000e+03,-3137,-130.708333
5664,5.66400000e+03,-3137,-130.708333
5665,5.66500000e+03,-3152,-131.333333
5666,5.66600000e+03,-3152,-131.333333
5667,5.66700000e+03,-3152,-131.333333
5668,5.66800000e+03,-3152,-131.333333
5669,5.66900000e+03,-3152,-131.333333
5670,5.67000000e+03,-3163,-131.791667
5671,5.67100000e+03,-3163,-131.791667
5672,5.67200000e+03,-3163,-131.791667
5673,5.67300000e+03,-3163,-131.791667
5674,5.67400000e+03,-3163,-131.791667
5675,5.67500000e+03,-3175,-132.291667
5676,5.67600000e+03,-3175,-132.291667
5677,5.67700000e+03,-3175,-132.291667
5678,5.67800000e+03,-3175,-132.291667
5679,5.67900000e+03,-3175,-132.291667
5680,5.68000000e+03,-3185,-132.708333
5681,5.68100000e+03,-3185,-132.708333
5682,5.68200000e+03,-3185,-132.708333
5683,5.68300000e+03,-3185,-132.708333
5684,5.68400000e+03,-3185,-132.708333
5685,5.68500000e+03,-3201,-133.375000
5686,5.68600000e+03,-3201,-133.375000
5687,5.68700000e+03,-3201,-133.375000
5688,5.68800000e+03,-3201,-133.375000
5689,5.68900000e+03,-3201,-133.375000
5690,5.69000000e+03,-3211,-133.791667
5691,5.69100000e+03,-3211,-133.791667
5692,5.69200000e+03,-3211,-133.791667
5693,5.69300000e+03,-3211,-133.791667
5694,5.69400000e+03,-3211,-133.791667
5695,5.69500000e+03,-3215,-133.958333
5696,5.69600000e+03,-3215,-133.958333
5697,5.69700000e+03,-3215,-133.958333
5698,5.69800000e+03,-3215,-133.958333
5699,5.69900000e+03,-3215,-133.958333
5700,5.70000000e+03,-3218,-134.083333
5701,5.70100000e+03,-3218,-134.083333
5702,5.70200000e+03,-3218,-134.083333
5703,5.70300000e+03,-3218,-134.083333
5704,5.70400000e+03,-3218,-134.083333
5705,5.70500000e+03,-3217,-134.041667
5706,5.70600000e+03,-3217,-134.041667
5707,5.70700000e+03,-3217,-134.041667
5708,5.70800000e+03,-3217,-134.041667
5709,5.70900000e+03,-3217,-134.041667
5710,5.71000000e+03,-3213,-133.875000
5711,5.71100000e+03,-3213,-133.875000
5712,5.71200000e+03,-3213,-133.875000
5713,5.71300000e+03,-3213,-133.875000
5714,5.71400000e+03,-3213,-133.875000
5715,5.71500000e+03,-3203,-133.458333
5716,5.71600000e+03,-3203,-133.458333
5717,5.71700000e+03,-3203,-133.458333
5718,5.71800000e+03,-3203,-133.458333
5719,5.71900000e+03,-3203,-133.458333
5720,5.72000000e+03,-3195,-133.125000
5721,5.72100000e+03,-3195,-133.125000
5722,5.72200000e+03,-3195,-133.125000
5723,5.72300000e+03,-3195,-133.125000
5724,5.72400000e+03,-3195,-133.125000
5725,5.72500000e+03,-3183,-132.625000
5726,5.72600000e+03,-3183,-132.625000
5727,5.72700000e+03,-3183,-132.625000
5728,5.72800000e+03,-3183,-132.625000
5729,5.72900000e+03,-3183,-132.625000
5730,5.73000000e+03,-3171,-132.125000
5731,5.73100000e+03,-3171,-132.125000
5732,5.73200000e+03,-3171,-132.125000
5733,5.73300000e+03,-3171,-132.125000
5734,5.73400000e+03,-3171,-132.125000
5735,5.73500000e+03,-3157,-131.541667
5736,5.73600000e+03,-3157,-131.541667
5737,5.73700000e+03,-3157,-131.541667
5738,5.73800000e+03,-3157,-131.541667
5739,5.73900000e+03,-3157,-131.541667
5740,5.74000000e+03,-3142,-130.916667
5741,5.74100000e+03,-3142,-130.916667
5742,5.74200000e+03,-3142,-130.916667
5743,5.74300000e+03,-3142,-130.916667
5744,5.74400000e+03,-3142,-130.916667
5745,5.74500000e+03,-3134,-130.583333
5746,5.74600000e+03,-3134,-130.583333
5747,5.74700000e+03,-3134,-130.583333
5748,5.74800000e+03,-3134,-130.583333
5749,5.74900000e+03,-3134,-130.583333
5750,5.75000000e+03,-3119,-129.958333
5751,5.75100000e+03,-3119,-129.958333
5752,5.75200000e+03,-3119,-129.958333
5753,5.75300000e+03,-3119,-129.958333
5754,5.75400000e+03,-3119,-129.958333
5755,5.75500000e+03,-3109,-129.541667
5756,5.75600000e+03,-3109,-129.541667
5757,5.75700000e+03,-3109,-129.541667
5758,5.75800000e+03,-3109,-129.541667
5759,5.75900000e+03,-3109,-129.541667
5760,5.76000000e+03,-3101,-129.208333
5761,5.76100000e+03,-3101,-129.208333
5762,5.76200000e+03,-3101,-129.208333
5763,5.76300000e+03,-3101,-129.208333
5764,5.76400000e+03,-3101,-129.208333
5765,5.76500000e+03,-3089,-128.708333
5766,5.76600000e+03,-3089,-128.708333
5767,5.76700000e+03,-3089,-128.708333
5768,5.76800000e+03,-3089,-128.708333
5769,5.76900000e+03,-3089,-128.708333
5770,5.77000000e+03,-3083,-128.458333
5771,5.77100000e+03,-3083,-128.458333
5772,5.77200000e+03,-3083,-128.458333
5773,5.77300000e+03,-3083,-128.458333
5774,5.77400000e+03,-3083,-128.458333
5775,5.77500000e+03,-3075,-128.125000
5776,5.77600000e+03,-3075,-128.125000
5777,5.77700000e+03,-3075,-128.125000
5778,5.77800000e+03,-3075,-128.125000
5779,5.77900000e+03,-3075,-128.125000
5780,5.78000000e+03,-3065,-127.708333
5781,5.78100000e+03,-3065,-127.708333
5782,5.78200000e+03,-3065,-127.708333
5783,5.78300000e+03,-3065,-127.708333
5784,5.78400000e+03,-3065,-127.708333
5785,5.78500000e+03,-3059,-127.458333
5786,5.78600000e+03,-3059,-127.458333
5787,5.78700000e+03,-3059,-127.458333
5788,5.78800000e+03,-3059,-127.458333
5789,5.78900000e+03,-3059,-127.458333
5790,5.79000000e+03,-3052,-127.166667
5791,5.79100000e+03,-3052,-127.166667
5792,5.79200000e+03,-3052,-127.166667
5793,5.79300000e+03,-3052,-127.166667
5794,5.79400000e+03,-3052,-127.166667
5795,5.79500000e+03,-3047,-126.958333
5796,5.79600000e+03,-3047,-126.958333
5797,5.79700000e+03,-3047,-126.958333
5798,5.79800000e+03,-3047,-126.958333
5799,5.79900000e+03,-3047,-126.958333
5800,5.80000000e+03,-3039,-126.625000
5801,5.80100000e+03,-3039,-126.625000
5802,5.80200000e+03,-3039,-126.625000
5803,5.80300000e+03,-3039,-126.625000
5804,5.80400000e+03,-3039,-126.625000
5805,5.80500000e+03,-3030,-126.250000
5806,5.80600000e+03,-3030,-126.250000
5807,5.80700000e+03,-3030,-126.250000
5808,5.80800000e+03,-3030,-126.250000
5809,5.80900000e+03,-3030,-126.250000
5810,5.81000000e+03,-3024,-126.000000
5811,5.81100000e+03,-3024,-126.000000
5812,5.81200000e+03,-3024,-126.000000
5813,5.81300000e+03,-3024,-126.000000
5814,5.81400000e+03,-3024,-126.000000
5815,5.81500000e+03,-3013,-125.541667
5816,5.81600000e+03,-3013,-125.541667
5817,5.81700000e+03,-3013,-125.541667
5818,5.81800000e+03,-3013,-125.541667
5819,5.81900000e+03,-3013,-125.541667
5820,5.82000000e+03,-3001,-125.041667
5821,5.82100000e+03,-3001,-125.041667
5822,5.82200000e+03,-3001,-125.041667
5823,5.82300000e+03,-3001,-125.041667
5824,5.82400000e+03,-3001,-125.041667
5825,5.82500000e+03,-2991,-124.625000
5826,5.82600000e+03,-2991,-124.625000
5827,5.82700000e+03,-2991,-124.625000
5828,5.82800000e+03,-2991,-124.625000
5829,5.82900000e+03,-2991,-124.625000
5830,5.83000000e+03,-2974,-123.916667
5831,5.83100000e+03,-2974,-123.916667
5832,5.83200000e+03,-2974,-123.916667
5833,5.83300000e+03,-2974,-123.916667
5834,5.83400000e+03,-2974,-123.916667
5835,5.83500000e+03,-2957,-123.208333
5836,5.83600000e+03,-2957,-123.208333
5837,5.83700000e+03,-2957,-123.208333
5838,5.83800000e+03,-2957,-123.208333
5839,5.83900000e+03,-2957,-123.208333
5840,5.84000000e+03,-2936,-122.333333
5841,5.84100000e+03,-2936,-122.333333
5842,5.84200000e+03,-2936,-122.333333
5843,5.84300000e+03,-2936,-122.333333
5844,5.84400000e+03,-2936,-122.333333
5845,5.84500000e+03,-2915,-121.458333
5846,5.84600000e+03,-2915,-121.458333
5847,5.84700000e+03,-2915,-121.458333
5848,5.84800000e+03,-2915,-121.458333
5849,5.84900000e+03,-2915,-121.458333
5850,5.85000000e+03,-2893,-120.541667
5851,5.85100000e+03,-2893,-120.541667
5852,5.85200000e+03,-2893,-120.541667
5853,5.85300000e+03,-2893,-120.541667
5854,5.85400000e+03,-2893,-120.541667
5855,5.85500000e+03,-2870,-119.583333
5856,5.85600000e+03,-2870,-119.583333
5857,5.85700000e+03,-2870,-119.583333
5858,5.85800000e+03,-2870,-119.583333
5859,5.85900000e+03,-2870,-119.583333
5860,5.86000000e+03,-2853,-118.875000
5861,5.86100000e+03,-2853,-118.875000
5862,5.86200000e+03,-2853,-118.875000
5863,5.86300000e+03,-2853,-118.875000
5864,5.86400000e+03,-2853,-118.875000
5865,5.86500000e+03,-2831,-117.958333
5866,5.86600000e+03,-2831,-117.958333
5867,5.86700000e+03,-2831,-117.958333
5868,5.86800000e+03,-2831,-117.958333
5869,5.86900000e+03,-2831,-117.958333
5870,5.87000000e+03,-2810,-117.083333
5871,5.87100000e+03,-2810,-117.083333
5872,5.87200000e+03,-2810,-117.083333
5873,5.87300000e+03,-2810,-117.083333
5874,5.87400000e+03,-2810,-117.083333
5875,5.87500000e+03,-2794,-116.416667
5876,5.87600000e+03,-2794,-116.416667
5877,5.87700000e+03,-2794,-116.416667
5878,5.87800000e+03,-2794,-116.416667
5879,5.87900000e+03,-2794,-116.416667
5880,5.88000000e+03,-2779,-115.791667
5881,5.88100000e+03,-2779,-115.791667
5882,5.88200000e+03,-2779,-115.791667
5883,5.88300000e+03,-2779,-115.791667
5884,5.88400000e+03,-2779,-115.791667
5885,5.88500000e+03,-2757,-114.875000
5886,5.88600000e+03,-2757,-114.875000
5887,5.88700000e+03,-2757,-114.875000
5888,5.88800000e+03,-2757,-114.875000
5889,5.88900000e+03,-2757,-114.875000
5890,5.89000000e+03,-2743,-114.291667
5891,5.89100000e+03,-2743,-114.291667
5892,5.89200000e+03,-2743,-114.291667
5893,5.89300000e+03,-2743,-114.291667
5894,5.89400000e+03,-2743,-114.291667
5895,5.89500000e+03,-2726,-113.583333
5896,5.89600000e+03,-2726,-113.583333
5897,5.89700000e+03,-2726,-113.583333
5898,5.89800000e+03,-2726,-113.583333
5899,5.89900000e+03,-2726,-113.583333
5900,5.90000000e+03,-2716,-113.166667
5901,5.90100000e+03,-2716,-113.166667
5902,5.90200000e+03,-2716,-113.166667
5903,5.90300000e+03,-2716,-113.166667
5904,5.90400000e+03,-2716,-113.166667
5905,5.90500000e+03,-2703,-112.625000
5906,5.90600000e+03,-2703,-112.625000
5907,5.90700000e+03,-2703,-112.625000
5908,5.90800000e+03,-2703,-112.625000
5909,5.90900000e+03,-2703,-112.625000
5910,5.91000000e+03,-2698,-112.416667
5911,5.91100000e+03,-2698,-112.416667
5912,5.91200000e+03,-2698,-112.416667
5913,5.91300000e+03,-2698,-112.416667
5914,5.91400000e+03,-2698,-112.416667
5915,5.91500000e+03,-2680,-111.666667
5916,5.91600000e+03,-2680,-111.666667
5917,5.91700000e+03,-2680,-111.666667
5918,5.91800000e+03,-2680,-111.666667
5919,5.91900000e+03,-2680,-111.666667
5920,5.92000000e+03,-2673,-111.375000
5921,5.92100000e+03,-2673,-111.375000
5922,5.92200000e+03,-2673,-111.375000
5923,5.92300000e+03,-2673,-111.375000
5924,5.92400000e+03,-2673,-111.375000
5925,5.92500000e+03,-2660,-110.833333
5926,5.92600000e+03,-2660,-110.833333
5927,5.92700000e+03,-2660,-110.833333
5928,5.92800000e+03,-2660,-110.833333
5929,5.92900000e+03,-2660,-110.833333
5930,5.93000000e+03,-2645,-110.208333
5931,5.93100000e+03,-2645,-110.208333
5932,5.93200000e+03,-2645,-110.208333
5933,5.93300000e+03,-2645,-110.208333
5934,5.93400000e+03,-2645,-110.208333
5935,5.93500000e+03,-2626,-109.416667
5936,5.93600000e+03,-2626,-109.416667
5937,5.93700000e+03,-2626,-109.416667
5938,5.93800000e+03,-2626,-109.416667
5939,5.93900000e+03,-2626,-109.416667
5940,5.94000000e+03,-2610,-108.750000
5941,5.94100000e+03,-2610,-108.750000
5942,5.94200000e+03,-2610,-108.750000
5943,5.94300000e+03,-2610,-108.750000
5944,5.94400000e+03,-2610,-108.750000
5945,5.94500000e+03,-2588,-107.833333
5946,5.94600000e+03,-2588,-107.833333
5947,5.94700000e+03,-2588,-107.833333
5948,5.94800000e+03,-2588,-107.833333
5949,5.94900000e+03,-2588,-107.833333
5950,5.95000000e+03,-2564,-106.833333
5951,5.95100000e+03,-2564,-106.833333
5952,5.95200000e+03,-2564,-106.833333
5953,5.95300000e+03,-2564,-106.833333
5954,5.95400000e+03,-2564,-106.833333
5955,5.95500000e+03,-2537,-105.708333
5956,5.95600000e+03,-2537,-105.708333
5957,5.95700000e+03,-2537,-105.708333
5958,5.95800000e+03,-2537,-105.708333
5959,5.95900000e+03,-2537,-105.708333
5960,5.96000000e+03,-2514,-104.750000
5961,5.96100000e+03,-2514,-104.750000
5962,5.96200000e+03,-2514,-104.750000
5963,5.96300000e+03,-2514,-104.750000
5964,5.96400000e+03,-2514,-104.750000
5965,5.96500000e+03,-2488,-103.666667
5966,5.96600000e+03,-2488,-103.666667
5967,5.96700000e+03,-2488,-103.666667
5968,5.96800000e+03,-2488,-103.666667
5969,5.96900000e+03,-2488,-103.666667
5970,5.97000000e+03,-2460,-102.500000
5971,5.97100000e+03,-2460,-102.500000
5972,5.97200000e+03,-2460,-102.500000
5973,5.97300000e+03,-2460,-102.500000
5974,5.97400000e+03,-2460,-102.500000
5975,5.97500000e+03,-2435,-101.458333
5976,5.97600000e+03,-2435,-101.458333
5977,5.97700000e+03,-2435,-101.458333
5978,5.97800000e+03,-2435,-101.458333
5979,5.97900000e+03,-2435,-101.458333
5980,5.98000000e+03,-2413,-100.541667
5981,5.98100000e+03,-2413,-100.541667
5982,5.98200000e+03,-2413,-100.541667
5983,5.98300000e+03,-2413,-100.541667
5984,5.98400000e+03,-2413,-100.541667
5985,5.98500000e+03,-2388,-99.500000
5986,5.98600000e+03,-2388,-99.500000
5987,5.98700000e+03,-2388,-99.500000
5988,5.98800000e+03,-2388,-99.500000
5989,5.98900000e+03,-2388,-99.500000
5990,5.99000000e+03,-2370,-98.750000
5991,5.99100000e+03,-2370,-98.750000
5992,5.99200000e+03,-2370,-98.750000
5993,5.99300000e+03,-2370,-98.750000
5994,5.99400000e+03,-2370,-98.750000
5995,5.99500000e+03,-2351,-97.958333
5996,5.99600000e+03,-2351,-97.958333
5997,5.99700000e+03,-2351,-97.958333
5998,5.99800000e+03,-2351,-97.958333
5999,5.99900000e+03,-2351,-97.958333
6000,6.00000000e+03,-2335,-97.291667
6001,6.00100000e+03,-2335,-97.291667
6002,6.00200000e+03,-2335,-97.291667
6003,6.00300000e+03,-2335,-97.291667
6004,6.00400000e+03,-2335,-97.291667
6005,6.00500000e+03,-2319,-96.625000
6006,6.00600000e+03,-2319,-96.625000
6007,6.00700000e+03,-2319,-96.625000
6008,6.00800000e+03,-2319,-96.625000
6009,6.00900000e+03,-2319,-96.625000
6010,6.01000000e+03,-2306,-96.083333
6011,6.01100000e+03,-2306,-96.083333
6012,6.01200000e+03,-2306,-96.083333
6013,6.01300000e+03,-2306,-96.083333
6014,6.01400000e+03,-2306,-96.083333
6015,6.01500000e+03,-2293,-95.541667
6016,6.01600000e+03,-2293,-95.541667
6017,6.01700000e+03,-2293,-95.541667
6018,6.01800000e+03,-2293,-95.541667
6019,6.01900000e+03,-2293,-95.541667
6020,6.02000000e+03,-2280,-95.000000
6021,6.02100000e+03,-2280,-95.000000
6022,6.02200000e+03,-2280,-95.000000
6023,6.02300000e+03,-2280,-95.000000
6024,6.02400000e+03,-2280,-95.000000
6025,6.02500000e+03,-2268,-94.500000
6026,6.02600000e+03,-2268,-94.500000
6027,6.02700000e+03,-2268,-94.500000
6028,6.02800000e+03,-2268,-94.500000
6029,6.02900000e+03,-2268,-94.500000
6030,6.03000000e+03,-2258,-94.083333
6031,6.03100000e+03,-2258,-94.083333
6032,6.03200000e+03,-2258,-94.083333
6033,6.03300000e+03,-2258,-94.083333
6034,6.03400000e+03,-2258,-94.083333
6035,6.03500000e+03,-2247,-93.625000
6036,6.03600000e+03,-2247,-93.625000
6037,6.03700000e+03,-2247,-93.625000
6038,6.03800000e+03,-2247,-93.625000
6039,6.03900000e+03,-2247,-93.625000
6040,6.04000000e+03,-2236,-93.166667
6041,6.04100000e+03,-2236,-93.166667
6042,6.04200000e+03,-2236,-93.166667
6043,6.04300000e+03,-2236,-93.166667
6044,6.04400000e+03,-2236,-93.166667
6045,6.04500000e+03,-2218,-92.416667
6046,6.04600000e+03,-2218,-92.416667
6047,6.04700000e+03,-2218,-92.416667
6048,6.04800000e+03,-2218,-92.416667
6049,6.04900000e+03,-2218,-92.416667
6050,6.05000000e+03,-2203,-91.791667
6051,6.05100000e+03,-2203,-91.791667
6052,6.05200000e+03,-2203,-91.791667
6053,6.05300000e+03,-2203,-91.791667
6054,6.05400000e+03,-2203,-91.791667
6055,6.05500000e+03,-2188,-91.166667
6056,6.05600000e+03,-2188,-91.166667
6057,6.05700000e+03,-2188,-91.166667
6058,6.05800000e+03,-2188,-91.166667
6059,6.05900000e+03,-2188,-91.166667
6060,6.06000000e+03,-2168,-90.333333
6061,6.06100000e+03,-2168,-90.333333
6062,6.06200000e+03,-2168,-90.333333
6063,6.06300000e+03,-2168,-90.333333
6064,6.06400000e+03,-2168,-90.333333
6065,6.06500000e+03,-2147,-89.458333
6066,6.06600000e+03,-2147,-89.458333
6067,6.06700000e+03,-2147,-89.458333
6068,6.06800000e+03,-2147,-89.458333
6069,6.06900000e+03,-2147,-89.458333
6070,6.07000000e+03,-2127,-88.625000
6071,6.07100000e+03,-2127,-88.625000
6072,6.07200000e+03,-2127,-88.625000
6073,6.07300000e+03,-2127,-88.625000
6074,6.07400000e+03,-2127,-88.625000
6075,6.07500000e+03,-2105,-87.708333
6076,6.07600000e+03,-2105,-87.708333
6077,6.07700000e+03,-2105,-87.708333
6078,6.07800000e+03,-2105,-87.708333
6079,6.07900000e+03,-2105,-87.708333
6080,6.08000000e+03,-2080,-86.666667
6081,6.08100000e+03,-2080,-86.666667
6082,6.08200000e+03,-2080,-86.666667
6083,6.08300000e+03,-2080,-86.666667
6084,6.08400000e+03,-2080,-86.666667
6085,6.08500000e+03,-2057,-85.708333
6086,6.08600000e+03,-2057,-85.708333
6087,6.08700000e+03,-2057,-85.708333
6088,6.08800000e+03,-2057,-85.708333
6089,6.08900000e+03,-2057,-85.708333
6090,6.09000000e+03,-2033,-84.708333
6091,6.09100000e+03,-2033,-84.708333
6092,6.09200000e+03,-2033,-84.708333
6093,6.09300000e+03,-2033,-84.708333
6094,6.09400000e+03,-2033,-84.708333
6095,6.09500000e+03,-2011,-83.791667
6096,6.09600000e+03,-2011,-83.791667
6097,6.09700000e+03,-2011,-83.791667
6098,6.09800000e+03,-2011,-83.791667
6099,6.09900000e+03,-2011,-83.791667
6100,6.10000000e+03,-1987,-82.791667
6101,6.10100000e+03,-1987,-82.791667
6102,6.10200000e+03,-1987,-82.791667
6103,6.10300000e+03,-1987,-82.791667
6104,6.10400000e+03,-1987,-82.791667
6105,6.10500000e+03,-1967,-81.958333
6106,6.10600000e+03,-1967,-81.958333
6107,6.10700000e+03,-1967,-81.958333
6108,6.10800000e+03,-1967,-81.958333
6109,6.10900000e+03,-1967,-81.958333
6110,6.11000000e+03,-1944,-81.000000
6111,6.11100000e+03,-1944,-81.000000
6112,6.11200000e+03,-1944,-81.000000
6113,6.11300000e+03,-1944,-81.000000
6114,6.11400000e+03,-1944,-81.000000
6115,6.11500000e+03,-1922,-80.083333
6116,6.11600000e+03,-1922,-80.083333
6117,6.11700000e+03,-1922,-80.083333
6118,6.11800000e+03,-1922,-80.083333
6119,6.11900000e+03,-1922,-80.083333
6120,6.12000000e+03,-1901,-79.208333
6121,6.12100000e+03,-1901,-79.208333
6122,6.12200000e+03,-1901,-79.208333
6123,6.12300000e+03,-1901,-79.208333
6124,6.12400000e+03,-1901,-79.208333
6125,6.12500000e+03,-1880,-78.333333
6126,6.12600000e+03,-1880,-78.333333
6127,6.12700000e+03,-1880,-78.333333
6128,6.12800000e+03,-1880,-78.333333
6129,6.12900000e+03,-1880,-78.333333
6130,6.13000000e+03,-1861,-77.541667
6131,6.13100000e+03,-1861,-77.541667
6132,6.13200000e+03,-1861,-77.541667
6133,6.13300000e+03,-1861,-77.541667
6134,6.13400000e+03,-1861,-77.541667
6135,6.13500000e+03,-1842,-76.750000
6136,6.13600000e+03,-1842,-76.750000
6137,6.13700000e+03,-1842,-76.750000
6138,6.13800000e+03,-1842,-76.750000
6139,6.13900000e+03,-1842,-76.750000
6140,6.14000000e+03,-1817,-75.708333
6141,6.14100000e+03,-1817,-75.708333
6142,6.14200000e+03,-1817,-75.708333
6143,6.14300000e+03,-1817,-75.708333
6144,6.14400000e+03,-1817,-75.708333
6145,6.14500000e+03,-1797,-74.875000
6146,6.14600000e+03,-1797,-74.875000
6147,6.14700000e+03,-1797,-74.875000
6148,6.14800000e+03,-1797,-74.875000
6149,6.14900000e+03,-1797,-74.875000
6150,6.15000000e+03,-1775,-73.958333
6151,6.15100000e+03,-1775,-73.958333
6152,6.15200000e+03,-1775,-73.958333
6153,6.15300000e+03,-1775,-73.958333
6154,6.15400000e+03,-1775,-73.958333
6155,6.15500000e+03,-1753,-73.041667
6156,6.15600000e+03,-1753,-73.041667
6157,6.15700000e+03,-1753,-73.041667
6158,6.15800000e+03,-1753,-73.041667
6159,6.15900000e+03,-1753,-73.041667
6160,6.16000000e+03,-1728,-72.000000
6161,6.16100000e+03,-1728,-72.000000
6162,6.16200000e+03,-1728,-72.000000
6163,6.16300000e+03,-1728,-72.000000
6164,6.16400000e+03,-1728,-72.000000
6165,6.16500000e+03,-1699,-70.791667
6166,6.16600000e+03,-1699,-70.791667
6167,6.16700000e+03,-1699,-70.791667
6168,6.16800000e+03,-1699,-70.791667
6169,6.16900000e+03,-1699,-70.791667
6170,6.17000000e+03,-1670,-69.583333
6171,6.17100000e+03,-1670,-69.583333
6172,6.17200000e+03,-1670,-69.583333
6173,6.17300000e+03,-1670,-69.583333
6174,6.17400000e+03,-1670,-69.583333
6175,6.17500000e+03,-1641,-68.375000
6176,6.17600000e+03,-1641,-68.375000
6177,6.17700000e+03,-1641,-68.375000
6178,6.17800000e+03,-1641,-68.375000
6179,6.17900000e+03,-1641,-68.375000
6180,6.18000000e+03,-1608,-67.000000
6181,6.18100000e+03,-1608,-67.000000
6182,6.18200000e+03,-1608,-67.000000
6183,6.18300000e+03,-1608,-67.000000
6184,6.18400000e+03,-1608,-67.000000
6185,6.18500000e+03,-1574,-65.583333
6186,6.18600000e+03,-1574,-65.583333
6187,6.18700000e+03,-1574,-65.583333
6188,6.18800000e+03,-1574,-65.583333
6189,6.18900000e+03,-1574,-65.583333
6190,6.19000000e+03,-1537,-64.041667
6191,6.19100000e+03,-1537,-64.041667
6192,6.19200000e+03,-1537,-64.041667
6193,6.19300000e+03,-1537,-64.041667
6194,6.19400000e+03,-1537,-64.041667
6195,6.19500000e+03,-1500,-62.500000
6196,6.19600000e+03,-1500,-62.500000
6197,6.19700000e+03,-1500,-62.500000
6198,6.19800000e+03,-1500,-62.500000
6199,6.19900000e+03,-1500,-62.500000
6200,6.20000000e+03,-1467,-61.125000
6201,6.20100000e+03,-1467,-61.125000
6202,6.20200000e+03,-1467,-61.125000
6203,6.20300000e+03,-1467,-61.125000
6204,6.20400000e+03,-1467,-61.125000
6205,6.20500000e+03,-1424,-59.333333
6206,6.20600000e+03,-1424,-59.333333
6207,6.20700000e+03,-1424,-59.333333
6208,6.20800000e+03,-1424,-59.333333
6209,6.20900000e+03,-1424,-59.333333
6210,6.21000000e+03,-1393,-58.041667
6211,6.21100000e+03,-1393,-58.041667
6212,6.21200000e+03,-1393,-58.041667
6213,6.21300000e+03,-1393,-58.041667
6214,6.21400000e+03,-1393,-58.041667
6215,6.21500000e+03,-1357,-56.541667
6216,6.21600000e+03,-1357,-56.541667
6217,6.21700000e+03,-1357,-56.541667
6218,6.21800000e+03,-1357,-56.541667
6219,6.21900000e+03,-1357,-56.541667
6220,6.22000000e+03,-1322,-55.083333
6221,6.22100000e+03,-1322,-55.083333
6222,6.22200000e+03,-1322,-55.083333
6223,6.22300000e+03,-1322,-55.083333
6224,6.22400000e+03,-1322,-55.083333
6225,6.22500000e+03,-1292,-53.833333
6226,6.22600000e+03,-1292,-53.833333
6227,6.22700000e+03,-1292,-53.833333
6228,6.22800000e+03,-1292,-53.833333
6229,6.22900000e+03,-1292,-53.833333
6230,6.23000000e+03,-1262,-52.583333
6231,6.23100000e+03,-1262,-52.583333
6232,6.23200000e+03,-1262,-52.583333
6233,6.23300000e+03,-1262,-52.583333
6234,6.23400000e+03,-1262,-52.583333
6235,6.23500000e+03,-1230,-51.250000
6236,6.23600000e+03,-1230,-51.250000
6237,6.23700000e+03,-1230,-51.250000
6238,6.23800000e+03,-1230,-51.250000
6239,6.23900000e+03,-1230,-51.250000
6240,6.24000000e+03,-1201,-50.041667
6241,6.24100000e+03,-1201,-50.041667
6242,6.24200000e+03,-1201,-50.041667
6243,6.24300000e+03,-1201,-50.041667
6244,6.24400000e+03,-1201,-50.041667
6245,6.24500000e+03,-1169,-48.708333
6246,6.24600000e+03,-1169,-48.708333
6247,6.24700000e+03,-1169,-48.708333
6248,6.24800000e+03,-1169,-48.708333
6249,6.24900000e+03,-1169,-48.708333
6250,6.25000000e+03,-1144,-47.666667
6251,6.25100000e+03,-1144,-47.666667
6252,6.25200000e+03,-1144,-47.666667
6253,6.25300000e+03,-1144,-47.666667
6254,6.25400000e+03,-1144,-47.666667
6255,6.25500000e+03,-1115,-46.458333
6256,6.25600000e+03,-1115,-46.458333
6257,6.25700000e+03,-1115,-46.458333
6258,6.25800000e+03,-1115,-46.458333
6259,6.25900000e+03,-1115,-46.458333
6260,6.26000000e+03,-1087,-45.291667
6261,6.26100000e+03,-1087,-45.291667
6262,6.26200000e+03,-1087,-45.291667
6263,6.26300000e+03,-1087,-45.291667
6264,6.26400000e+03,-1087,-45.291667
6265,6.26500000e+03,-1059,-44.125000
6266,6.26600000e+03,-1059,-44.125000
6267,6.26700000e+03,-1059,-44.125000
6268,6.26800000e+03,-1059,-44.125000
6269,6.26900000e+03,-1059,-44.125000
6270,6.27000000e+03,-1029,-42.875000
6271,6.27100000e+03,-1029,-42.875000
6272,6.27200000e+03,-1029,-42.875000
6273,6.27300000e+03,-1029,-42.875000
6274,6.27400000e+03,-1029,-42.875000
6275,6.27500000e+03,-996,-41.500000
6276,6.27600000e+03,-996,-41.500000
6277,6.27700000e+03,-996,-41.500000
6278,6.27800000e+03,-996,-41.500000
6279,6.27900000e+03,-996,-41.500000
6280,6.28000000e+03,-968,-40.333333
6281,6.28100000e+03,-968,-40.333333
6282,6.28200000e+03,-968,-40.333333
6283,6.28300000e+03,-968,-40.333333
6284,6.28400000e+03,-968,-40.333333
6285,6.28500000e+03,-937,-39.041667
6286,6.28600000e+03,-937,-39.041667
6287,6.28700000e+03,-937,-39.041667
6288,6.28800000e+03,-937,-39.041667
6289,6.28900000e+03,-937,-39.041667
6290,6.29000000e+03,-904,-37.666667
6291,6.29100000e+03,-904,-37.666667
6292,6.29200000e+03,-904,-37.666667
6293,6.29300000e+03,-904,-37.666667
6294,6.29400000e+03,-904,-37.666667
6295,6.29500000e+03,-867,-36.125000
6296,6.29600000e+03,-867,-36.125000
6297,6.29700000e+03,-867,-36.125000
6298,6.29800000e+03,-867,-36.125000
6299,6.29900000e+03,-867,-36.125000
6300,6.30000000e+03,-836,-34.833333
6301,6.30100000e+03,-836,-34.833333
6302,6.30200000e+03,-836,-34.833333
6303,6.30300000e+03,-836,-34.833333
6304,6.30400000e+03,-836,-34.833333
6305,6.30500000e+03,-801,-33.375000
6306,6.30600000e+03,-801,-33.375000
6307,6.30700000e+03,-801,-33.375000
6308,6.30800000e+03,-801,-33.375000
6309,6.30900000e+03,-801,-33.375000
6310,6.31000000e+03,-765,-31.875000
6311,6.31100000e+03,-765,-31.875000
6312,6.31200000e+03,-765,-31.875000
6313,6.31300000e+03,-765,-31.875000
6314,6.31400000e+03,-765,-31.875000
6315,6.31500000e+03,-729,-30.375000
6316,6.31600000e+03,-729,-30.375000
6317,6.31700000e+03,-729,-30.375000
6318,6.31800000e+03,-729,-30.375000
6319,6.31900000e+03,-729,-30.375000
6320,6.32000000e+03,-696,-29.000000
6321,6.32100000e+03,-696,-29.000000
6322,6.32200000e+03,-696,-29.000000
6323,6.32300000e+03,-696,-29.000000
6324,6.32400000e+03,-696,-29.000000
6325,6.32500000e+03,-656,-27.333333
6326,6.32600000e+03,-656,-27.333333
6327,6.32700000e+03,-656,-27.333333
6328,6.32800000e+03,-656,-27.333333
6329,6.32900000e+03,-656,-27.333333
6330,6.33000000e+03,-627,-26.125000
6331,6.33100000e+03,-627,-26.125000
6332,6.33200000e+03,-627,-26.125000
6333,6.33300000e+03,-627,-26.125000
6334,6.33400000e+03,-627,-26.125000
6335,6.33500000e+03,-592,-24.666667
6336,6.33600000e+03,-592,-24.666667
6337,6.33700000e+03,-592,-24.666667
6338,6.33800000e+03,-592,-24.666667
6339,6.33900000e+03,-592,-24.666667
6340,6.34000000e+03,-559,-23.291667
6341,6.34100000e+03,-559,-23.291667
6342,6.34200000e+03,-559,-23.291667
6343,6.34300000e+03,-559,-23.291667
6344,6.34400000e+03,-559,-23.291667
6345,6.34500000e+03,-525,-21.875000
6346,6.34600000e+03,-525,-21.875000
6347,6.34700000e+03,-525,-21.875000
6348,6.34800000e+03,-525,-21.875000
6349,6.34900000e+03,-525,-21.875000
6350,6.35000000e+03,-496,-20.666667
6351,6.35100000e+03,-496,-20.666667
6352,6.35200000e+03,-496,-20.666667
6353,6.35300000e+03,-496,-20.666667
6354,6.35400000e+03,-496,-20.666667
6355,6.35500000e+03,-465,-19.375000
6356,6.35600000e+03,-465,-19.375000
6357,6.35700000e+03,-465,-19.375000
6358,6.35800000e+03,-465,-19.375000
6359,6.35900000e+03,-465,-19.375000
6360,6.36000000e+03,-432,-18.000000
6361,6.36100000e+03,-432,-18.000000
6362,6.36200000e+03,-432,-18.000000
6363,6.36300000e+03,-432,-18.000000
6364,6.36400000e+03,-432,-18.000000
6365,6.36500000e+03,-395,-16.458333
6366,6.36600000e+03,-395,-16.458333
6367,6.36700000e+03,-395,-16.458333
6368,6.36800000e+03,-395,-16.458333
6369,6.36900000e+03,-395,-16.458333
6370,6.37000000e+03,-365,-15.208333
6371,6.37100000e+03,-365,-15.208333
6372,6.37200000e+03,-365,-15.208333
6373,6.37300000e+03,-365,-15.208333
6374,6.37400000e+03,-365,-15.208333
6375,6.37500000e+03,-332,-13.833333
6376,6.37600000e+03,-332,-13.833333
6377,6.37700000e+03,-332,-13.833333
6378,6.37800000e+03,-332,-13.833333
6379,6.37900000e+03,-332,-13.833333
6380,6.38000000e+03,-298,-12.416667
6381,6.38100000e+03,-298,-12.416667
6382,6.38200000e+03,-298,-12.416667
6383,6.38300000e+03,-298,-12.416667
6384,6.38400000e+03,-298,-12.416667
6385,6.38500000e+03,-261,-10.875000
6386,6.38600000e+03,-261,-10.875000
6387,6.38700000e+03,-261,-10.875000
6388,6.38800000e+03,-261,-10.875000
6389,6.38900000e+03,-261,-10.875000
6390,6.39000000e+03,-226,-9.416667
6391,6.39100000e+03,-226,-9.416667
6392,6.39200000e+03,-226,-9.416667
6393,6.39300000e+03,-226,-9.416667
6394,6.39400000e+03,-226,-9.416667
6395,6.39500000e+03,-188,-7.833333
6396,6.39600000e+03,-188,-7.833333
6397,6.39700000e+03,-188,-7.833333
6398,6.39800000e+03,-188,-7.833333
6399,6.39900000e+03,-188,-7.833333
6400,6.40000000e+03,-154,-6.416667
6401,6.40100000e+03,-154,-6.416667
6402,6.40200000e+03,-154,-6.416667
6403,6.40300000e+03,-154,-6.416667
6404,6.40400000e+03,-154,-6.416667
6405,6.40500000e+03,-113,-4.708333
6406,6.40600000e+03,-113,-4.708333
6407,6.40700000e+03,-113,-4.708333
6408,6.40800000e+03,-113,-4.708333
6409,6.40900000e+03,-113,-4.708333
6410,6.41000000e+03,-75,-3.125000
6411,6.41100000e+03,-75,-3.125000
6412,6.41200000e+03,-75,-3.125000
6413,6.41300000e+03,-75,-3.125000
6414,6.41400000e+03,-75,-3.125000
6415,6.41500000e+03,-34,-1.416667
6416,6.41600000e+03,-34,-1.416667
6417,6.41700000e+03,-34,-1.416667
6418,6.41800000e+03,-34,-1.416667
6419,6.41900000e+03,-34,-1.416667
6420,6.42000000e+03,7,0.291667
6421,6.42100000e+03,7,0.291667
6422,6.42200000e+03,7,0.291667
6423,6.42300000e+03,7,0.291667
6424,6.42400000e+03,7,0.291667
6425,6.42500000e+03,48,2.000000
6426,6.42600000e+03,48,2.000000
6427,6.42700000e+03,48,2.000000
6428,6.42800000e+03,48,2.000000
6429,6.42900000e+03,48,2.000000
6430,6.43000000e+03,89,3.708333
6431,6.43100000e+03,89,3.708333
6432,6.43200000e+03,89,3.708333
6433,6.43300000e+03,89,3.708333
6434,6.43400000e+03,89,3.708333
6435,6.43500000e+03,126,5.250000
6436,6.43600000e+03,126,5.250000
6437,6.43700000e+03,126,5.250000
6438,6.43800000e+03,126,5.250000
6439,6.43900000e+03,126,5.250000
6440,6.44000000e+03,163,6.791667
6441,6.44100000e+03,163,6.791667
6442,6.44200000e+03,163,6.791667
6443,6.44300000e+03,163,6.791667
6444,6.44400000e+03,163,6.791667
6445,6.44500000e+03,203,8.458333
6446,6.44600000e+03,203,8.458333
6447,6.44700000e+03,203,8.458333
6448,6.44800000e+03,203,8.458333
6449,6.44900000e+03,203,8.458333
6450,6.45000000e+03,238,9.916667
6451,6.45100000e+03,238,9.916667
6452,6.45200000e+03,238,9.916667
6453,6.45300000e+03,238,9.916667
6454,6.45400000e+03,238,9.916667
6455,6.45500000e+03,271,11.291667
6456,6.45600000e+03,271,11.291667
6457,6.45700000e+03,271,11.291667
6458,6.45800000e+03,271,11.291667
6459,6.45900000e+03,271,11.291667
6460,6.46000000e+03,308,12.833333
6461,6.46100000e+03,308,12.833333
6462,6.46200000e+03,308,12.833333
6463,6.46300000e+03,308,12.833333
6464,6.46400000e+03,308,12.833333
6465,6.46500000e+03,342,14.250000
6466,6.46600000e+03,342,14.250000
6467,6.46700000e+03,342,14.250000
6468,6.46800000e+03,342,14.250000
6469,6.46900000e+03,342,14.250000
6470,6.47000000e+03,374,15.583333
6471,6.47100000e+03,374,15.583333
6472,6.47200000e+03,374,15.583333
6473,6.47300000e+03,374,15.583333
6474,6.47400000e+03,374,15.583333
6475,6.47500000e+03,404,16.833333
6476,6.47600000e+03,404,16.833333
6477,6.47700000e+03,404,16.833333
6478,6.47800000e+03,404,16.833333
6479,6.47900000e+03,404,16.833333
6480,6.48000000e+03,435,18.125000
6481,6.48100000e+03,435,18.125000
6482,6.48200000e+03,435,18.125000
6483,6.48300000e+03,435,18.125000
6484,6.48400000e+03,435,18.125000
6485,6.48500000e+03,468,19.500000
6486,6.48600000e+03,468,19.500000
6487,6.48700000e+03,468,19.500000
6488,6.48800000e+03,468,19.500000
6489,6.48900000e+03,468,19.500000
6490,6.49000000e+03,499,20.791667
6491,6.49100000e+03,499,20.791667
6492,6.49200000e+03,499,20.791667
6493,6.49300000e+03,499,20.791667
6494,6.49400000e+03,499,20.791667
6495,6.49500000e+03,526,21.916667
6496,6.49600000e+03,526,21.916667
6497,6.49700000e+03,526,21.916667
6498,6.49800000e+03,526,21.916667
6499,6.49900000e+03,526,21.916667
6500,6.50000000e+03,558,23.250000
6501,6.50100000e+03,558,23.250000
6502,6.50200000e+03,558,23.250000
6503,6.50300000e+03,558,23.250000
6504,6.50400000e+03,558,23.250000
6505,6.50500000e+03,592,24.666667
6506,6.50600000e+03,592,24.666667
6507,6.50700000e+03,592,24.666667
6508,6.50800000e+03,592,24.666667
6509,6.50900000e+03,592,24.666667
6510,6.51000000e+03,625,26.041667
6511,6.51100000e+03,625,26.041667
6512,6.51200000e+03,625,26.041667
6513,6.51300000e+03,625,26.041667
6514,6.51400000e+03,625,26.041667
6515,6.51500000e+03,663,27.625000
6516,6.51600000e+03,663,27.625000
6517,6.51700000e+03,663,27.625000
6518,6.51800000e+03,663,27.625000
6519,6.51900000e+03,663,27.625000
6520,6.52000000e+03,695,28.958333
6521,6.52100000e+03,695,28.958333
6522,6.52200000e+03,695,28.958333
6523,6.52300000e+03,695,28.958333
6524,6.52400000e+03,695,28.958333
6525,6.52500000e+03,731,30.458333
6526,6.52600000e+03,731,30.458333
6527,6.52700000e+03,731,30.458333
6528,6.52800000e+03,731,30.458333
6529,6.52900000e+03,731,30.458333
6530,6.53000000e+03,769,32.041667
6531,6.53100000e+03,769,32.041667
6532,6.53200000e+03,769,32.041667
6533,6.53300000e+03,769,32.041667
6534,6.53400000e+03,769,32.041667
6535,6.53500000e+03,805,33.541667
6536,6.53600000e+03,805,33.541667
6537,6.53700000e+03,805,33.541667
6538,6.53800000e+03,805,33.541667
6539,6.53900000e+03,805,33.541667
6540,6.54000000e+03,844,35.166667
6541,6.54100000e+03,844,35.166667
6542,6.54200000e+03,844,35.166667
6543,6.54300000e+03,844,35.166667
6544,6.54400000e+03,844,35.166667
6545,6.54500000e+03,877,36.541667
6546,6.54600000e+03,877,36.541667
6547,6.54700000e+03,877,36.541667
6548,6.54800000e+03,877,36.541667
6549,6.54900000e+03,877,36.541667
6550,6.55000000e+03,909,37.875000
6551,6.55100000e+03,909,37.875000
6552,6.55200000e+03,909,37.875000
6553,6.55300000e+03,909,37.875000
6554,6.55400000e+03,909,37.875000
6555,6.55500000e+03,942,39.250000
6556,6.55600000e+03,942,39.250000
6557,6.55700000e+03,942,39.250000
6558,6.55800000e+03,942,39.250000
6559,6.55900000e+03,942,39.250000
6560,6.56000000e+03,978,40.750000
6561,6.56100000e+03,978,40.750000
6562,6.56200000e+03,978,40.750000
6563,6.56300000e+03,978,40.750000
6564,6.56400000e+03,978,40.750000
6565,6.56500000e+03,1009,42.041667
6566,6.56600000e+03,1009,42.041667
6567,6.56700000e+03,1009,42.041667
6568,6.56800000e+03,1009,42.041667
6569,6.56900000e+03,1009,42.041667
6570,6.57000000e+03,1043,43.458333
6571,6.57100000e+03,1043,43.458333
6572,6.57200000e+03,1043,43.458333
6573,6.57300000e+03,1043,43.458333
6574,6.57400000e+03,1043,43.458333
6575,6.57500000e+03,1071,44.625000
6576,6.57600000e+03,1071,44.625000
6577,6.57700000e+03,1071,44.625000
6578,6.57800000e+03,1071,44.625000
6579,6.57900000e+03,1071,44.625000
6580,6.58000000e+03,1099,45.791667
6581,6.58100000e+03,1099,45.791667
6582,6.58200000e+03,1099,45.791667
6583,6.58300000e+03,1099,45.791667
6584,6.58400000e+03,1099,45.791667
6585,6.58500000e+03,1128,47.000000
6586,6.58600000e+03,1128,47.000000
6587,6.58700000e+03,1128,47.000000
6588,6.58800000e+03,1128,47.000000
6589,6.58900000e+03,1128,47.000000
6590,6.59000000e+03,1157,48.208333
6591,6.59100000e+03,1157,48.208333
6592,6.59200000e+03,1157,48.208333
6593,6.59300000e+03,1157,48.208333
6594,6.59400000e+03,1157,48.208333
6595,6.59500000e+03,1192,49.666667
6596,6.59600000e+03,1192,49.666667
6597,6.59700000e+03,1192,49.666667
6598,6.59800000e+03,1192,49.666667
6599,6.59900000e+03,1192,49.666667
6600,6.60000000e+03,1222,50.916667
6601,6.60100000e+03,1222,50.916667
6602,6.60200000e+03,1222,50.916667
6603,6.60300000e+03,1222,50.916667
6604,6.60400000e+03,1222,50.916667
6605,6.60500000e+03,1255,52.291667
6606,6.60600000e+03,1255,52.291667
6607,6.60700000e+03,1255,52.291667
6608,6.60800000e+03,1255,52.291667
6609,6.60900000e+03,1255,52.291667
6610,6.61000000e+03,1284,53.500000
6611,6.61100000e+03,1284,53.500000
6612,6.61200000e+03,1284,53.500000
6613,6.61300000e+03,1284,53.500000
6614,6.61400000e+03,1284,53.500000
6615,6.61500000e+03,1317,54.875000
6616,6.61600000e+03,1317,54.875000
6617,6.61700000e+03,1317,54.875000
6618,6.61800000e+03,1317,54.875000
6619,6.61900000e+03,1317,54.875000
6620,6.62000000e+03,1350,56.250000
6621,6.62100000e+03,1350,56.250000
6622,6.62200000e+03,1350,56.250000
6623,6.62300000e+03,1350,56.250000
6624,6.62400000e+03,1350,56.250000
6625,6.62500000e+03,1388,57.833333
6626,6.62600000e+03,1388,57.833333
6627,6.62700000e+03,1388,57.833333
6628,6.62800000e+03,1388,57.833333
6629,6.62900000e+03,1388,57.833333
6630,6.63000000e+03,1427,59.458333
6631,6.63100000e+03,1427,59.458333
6632,6.63200000e+03,1427,59.458333
6633,6.63300000e+03,1427,59.458333
6634,6.63400000e+03,1427,59.458333
6635,6.63500000e+03,1461,60.875000
6636,6.63600000e+03,1461,60.875000
6637,6.63700000e+03,1461,60.875000
6638,6.63800000e+03,1461,60.875000
6639,6.63900000e+03,1461,60.875000
6640,6.64000000e+03,1496,62.333333
6641,6.64100000e+03,1496,62.333333
6642,6.64200000e+03,1496,62.333333
6643,6.64300000e+03,1496,62.333333
6644,6.64400000e+03,1496,62.333333
6645,6.64500000e+03,1534,63.916667
6646,6.64600000e+03,1534,63.916667
6647,6.64700000e+03,1534,63.916667
6648,6.64800000e+03,1534,63.916667
6649,6.64900000e+03,1534,63.916667
6650,6.65000000e+03,1572,65.500000
6651,6.65100000e+03,1572,65.500000
6652,6.65200000e+03,1572,65.500000
6653,6.65300000e+03,1572,65.500000
6654,6.65400000e+03,1572,65.500000
6655,6.65500000e+03,1606,66.916667
6656,6.65600000e+03,1606,66.916667
6657,6.65700000e+03,1606,66.916667
6658,6.65800000e+03,1606,66.916667
6659,6.65900000e+03,1606,66.916667
6660,6.66000000e+03,1638,68.250000
6661,6.66100000e+03,1638,68.250000
6662,6.66200000e+03,1638,68.250000
6663,6.66300000e+03,1638,68.250000
6664,6.66400000e+03,1638,68.250000
6665,6.66500000e+03,1669,69.541667
6666,6.66600000e+03,1669,69.541667
6667,6.66700000e+03,1669,69.541667
6668,6.66800000e+03,1669,69.541667
6669,6.66900000e+03,1669,69.541667
6670,6.67000000e+03,1699,70.791667
6671,6.67100000e+03,1699,70.791667
6672,6.67200000e+03,1699,70.791667
6673,6.67300000e+03,1699,70.791667
6674,6.67400000e+03,1699,70.791667
6675,6.67500000e+03,1725,71.875000
6676,6.67600000e+03,1725,71.875000
6677,6.67700000e+03,1725,71.875000
6678,6.67800000e+03,1725,71.875000
6679,6.67900000e+03,1725,71.875000
6680,6.68000000e+03,1754,73.083333
6681,6.68100000e+03,1754,73.083333
6682,6.68200000e+03,1754,73.083333
6683,6.68300000e+03,1754,73.083333
6684,6.68400000e+03,1754,73.083333
6685,6.68500000e+03,1777,74.041667
6686,6.68600000e+03,1777,74.041667
6687,6.68700000e+03,1777,74.041667
6688,6.68800000e+03,1777,74.041667
6689,6.68900000e+03,1777,74.041667
6690,6.69000000e+03,1797,74.875000
6691,6.69100000e+03,1797,74.875000
6692,6.69200000e+03,1797,74.875000
6693,6.69300000e+03,1797,74.875000
6694,6.69400000e+03,1797,74.875000
6695,6.69500000e+03,1823,75.958333
6696,6.69600000e+03,1823,75.958333
6697,6.69700000e+03,1823,75.958333
6698,6.69800000e+03,1823,75.958333
6699,6.69900000e+03,1823,75.958333
6700,6.70000000e+03,1847,76.958333
6701,6.70100000e+03,1847,76.958333
6702,6.70200000e+03,1847,76.958333
6703,6.70300000e+03,1847,76.958333
6704,6.70400000e+03,1847,76.958333
6705,6.70500000e+03,1865,77.708333
6706,6.70600000e+03,1865,77.708333
6707,6.70700000e+03,1865,77.708333
6708,6.70800000e+03,1865,77.708333
6709,6.70900000e+03,1865,77.708333
6710,6.71000000e+03,1886,78.583333
6711,6.71100000e+03,1886,78.583333
6712,6.71200000e+03,1886,78.583333
6713,6.71300000e+03,1886,78.583333
6714,6.71400000e+03,1886,78.583333
6715,6.71500000e+03,1909,79.541667
6716,6.71600000e+03,1909,79.541667
6717,6.71700000e+03,1909,79.541667
6718,6.71800000e+03,1909,79.541667
6719,6.71900000e+03,1909,79.541667
6720,6.72000000e+03,1927,80.291667
6721,6.72100000e+03,1927,80.291667
6722,6.72200000e+03,1927,80.291667
6723,6.72300000e+03,1927,80.291667
6724,6.72400000e+03,1927,80.291667
6725,6.72500000e+03,1947,81.125000
6726,6.72600000e+03,1947,81.125000
6727,6.72700000e+03,1947,81.125000
6728,6.72800000e+03,1947,81.125000
6729,6.72900000e+03,1947,81.125000
6730,6.73000000e+03,1970,82.083333
6731,6.73100000e+03,1970,82.083333
6732,6.73200000e+03,1970,82.083333
6733,6.73300000e+03,1970,82.083333
6734,6.73400000e+03,1970,82.083333
6735,6.73500000e+03,1992,83.000000
6736,6.73600000e+03,1992,83.000000
6737,6.73700000e+03,1992,83.000000
6738,6.73800000e+03,1992,83.000000
6739,6.73900000e+03,1992,83.000000
6740,6.74000000e+03,2016,84.000000
6741,6.74100000e+03,2016,84.000000
6742,6.74200000e+03,2016,84.000000
6743,6.74300000e+03,2016,84.000000
6744,6.74400000e+03,2016,84.000000
6745,6.74500000e+03,2039,84.958333
6746,6.74600000e+03,2039,84.958333
6747,6.74700000e+03,2039,84.958333
6748,6.74800000e+03,2039,84.958333
6749,6.74900000e+03,2039,84.958333
6750,6.75000000e+03,2061,85.875000
6751,6.75100000e+03,2061,85.875000
6752,6.75200000e+03,2061,85.875000
6753,6.75300000e+03,2061,85.875000
6754,6.75400000e+03,2061,85.875000
6755,6.75500000e+03,2082,86.750000
6756,6.75600000e+03,2082,86.750000
6757,6.75700000e+03,2082,86.750000
6758,6.75800000e+03,2082,86.750000
6759,6.75900000e+03,2082,86.750000
6760,6.76000000e+03,2110,87.916667
6761,6.76100000e+03,2110,87.916667
6762,6.76200000e+03,2110,87.916667
6763,6.76300000e+03,2110,87.916667
6764,6.76400000e+03,2110,87.916667
6765,6.76500000e+03,2132,88.833333
6766,6.76600000e+03,2132,88.833333
6767,6.76700000e+03,2132,88.833333
6768,6.76800000e+03,2132,88.833333
6769,6.76900000e+03,2132,88.833333
6770,6.77000000e+03,2158,89.916667
6771,6.77100000e+03,2158,89.916667
6772,6.77200000e+03,2158,89.916667
6773,6.77300000e+03,2158,89.916667
6774,6.77400000e+03,2158,89.916667
6775,6.77500000e+03,2177,90.708333
6776,6.77600000e+03,2177,90.708333
6777,6.77700000e+03,2177,90.708333
6778,6.77800000e+03,2177,90.708333
6779,6.77900000e+03,2177,90.708333
6780,6.78000000e+03,2199,91.625000
6781,6.78100000e+03,2199,91.625000
6782,6.78200000e+03,2199,91.625000
6783,6.78300000e+03,2199,91.625000
6784,6.78400000e+03,2199,91.625000
6785,6.78500000e+03,2221,92.541667
6786,6.78600000e+03,2221,92.541667
6787,6.78700000e+03,2221,92.541667
6788,6.78800000e+03,2221,92.541667
6789,6.78900000e+03,2221,92.541667
6790,6.79000000e+03,2241,93.375000
6791,6.79100000e+03,2241,93.375000
6792,6.79200000e+03,2241,93.375000
6793,6.79300000e+03,2241,93.375000
6794,6.79400000e+03,2241,93.375000
6795,6.79500000e+03,2256,94.000000
6796,6.79600000e+03,2256,94.000000
6797,6.79700000e+03,2256,94.000000
6798,6.79800000e+03,2256,94.000000
6799,6.79900000e+03,2256,94.000000
6800,6.80000000e+03,2273,94.708333
6801,6.80100000e+03,2273,94.708333
6802,6.80200000e+03,2273,94.708333
6803,6.80300000e+03,2273,94.708333
6804,6.80400000e+03,2273,94.708333
6805,6.80500000e+03,2286,95.250000
6806,6.80600000e+03,2286,95.250000
6807,6.80700000e+03,2286,95.250000
6808,6.80800000e+03,2286,95.250000
6809,6.80900000e+03,2286,95.250000
6810,6.81000000e+03,2296,95.666667
6811,6.81100000e+03,2296,95.666667
6812,6.81200000e+03,2296,95.666667
6813,6.81300000e+03,2296,95.666667
6814,6.81400000e+03,2296,95.666667
6815,6.81500000e+03,2307,96.125000
6816,6.81600000e+03,2307,96.125000
6817,6.81700000e+03,2307,96.125000
6818,6.81800000e+03,2307,96.125000
6819,6.81900000e+03,2307,96.125000
6820,6.82000000e+03,2320,96.666667
6821,6.82100000e+03,2320,96.666667
6822,6.82200000e+03,2320,96.666667
6823,6.82300000e+03,2320,96.666667
6824,6.82400000e+03,2320,96.666667
6825,6.82500000e+03,2334,97.250000
6826,6.82600000e+03,2334,97.250000
6827,6.82700000e+03,2334,97.250000
6828,6.82800000e+03,2334,97.250000
6829,6.82900000e+03,2334,97.250000
6830,6.83000000e+03,2348,97.833333
6831,6.83100000e+03,2348,97.833333
6832,6.83200000e+03,2348,97.833333
6833,6.83300000e+03,2348,97.833333
6834,6.83400000e+03,2348,97.833333
6835,6.83500000e+03,2360,98.333333
6836,6.83600000e+03,2360,98.333333
6837,6.83700000e+03,2360,98.333333
6838,6.83800000e+03,2360,98.333333
6839,6.83900000e+03,2360,98.333333
6840,6.84000000e+03,2375,98.958333
6841,6.84100000e+03,2375,98.958333
6842,6.84200000e+03,2375,98.958333
6843,6.84300000e+03,2375,98.958333
6844,6.84400000e+03,2375,98.958333
6845,6.84500000e+03,2394,99.750000
6846,6.84600000e+03,2394,99.750000
6847,6.84700000e+03,2394,99.750000
6848,6.84800000e+03,2394,99.750000
6849,6.84900000e+03,2394,99.750000
6850,6.85000000e+03,2410,100.416667
6851,6.85100000e+03,2410,100.416667
6852,6.85200000e+03,2410,100.416667
6853,6.85300000e+03,2410,100.416667
6854,6.85400000e+03,2410,100.416667
6855,6.85500000e+03,2431,101.291667
6856,6.85600000e+03,2431,101.291667
6857,6.85700000e+03,2431,101.291667
6858,6.85800000e+03,2431,101.291667
6859,6.85900000e+03,2431,101.291667
6860,6.86000000e+03,2450,102.083333
6861,6.86100000e+03,2450,102.083333
6862,6.86200000e+03,2450,102.083333
6863,6.86300000e+03,2450,102.083333
6864,6.86400000e+03,2450,102.083333
6865,6.86500000e+03,2476,103.166667
6866,6.86600000e+03,2476,103.166667
6867,6.86700000e+03,2476,103.166667
6868,6.86800000e+03,2476,103.166667
6869,6.86900000e+03,2476,103.166667
6870,6.87000000e+03,2503,104.291667
6871,6.87100000e+03,2503,104.291667
6872,6.87200000e+03,2503,104.291667
6873,6.87300000e+03,2503,104.291667
6874,6.87400000e+03,2503,104.291667
6875,6.87500000e+03,2530,105.416667
6876,6.87600000e+03,2530,105.416667
6877,6.87700000e+03,2530,105.416667
6878,6.87800000e+03,2530,105.416667
6879,6.87900000e+03,2530,105.416667
6880,6.88000000e+03,2557,106.541667
6881,6.88100000e+03,2557,106.541667
6882,6.88200000e+03,2557,106.541667
6883,6.88300000e+03,2557,106.541667
6884,6.88400000e+03,2557,106.541667
6885,6.88500000e+03,2579,107.458333
6886,6.88600000e+03,2579,107.458333
6887,6.88700000e+03,2579,107.458333
6888,6.88800000e+03,2579,107.458333
6889,6.88900000e+03,2579,107.458333
6890,6.89000000e+03,2609,108.708333
6891,6.89100000e+03,2609,108.708333
6892,6.89200000e+03,2609,108.708333
6893,6.89300000e+03,2609,108.708333
6894,6.89400000e+03,2609,108.708333
6895,6.89500000e+03,2627,109.458333
6896,6.89600000e+03,2627,109.458333
6897,6.89700000e+03,2627,109.458333
6898,6.89800000e+03,2627,109.458333
6899,6.89900000e+03,2627,109.458333
6900,6.90000000e+03,2645,110.208333
6901,6.90100000e+03,2645,110.208333
6902,6.90200000e+03,2645,110.208333
6903,6.90300000e+03,2645,110.208333
6904,6.90400000e+03,2645,110.208333
6905,6.90500000e+03,2661,110.875000
6906,6.90600000e+03,2661,110.875000
6907,6.90700000e+03,2661,110.875000
6908,6.90800000e+03,2661,110.875000
6909,6.90900000e+03,2661,110.875000
6910,6.91000000e+03,2672,111.333333
6911,6.91100000e+03,2672,111.333333
6912,6.91200000e+03,2672,111.333333
6913,6.91300000e+03,2672,111.333333
6914,6.91400000e+03,2672,111.333333
6915,6.91500000e+03,2687,111.958333
6916,6.91600000e+03,2687,111.958333
6917,6.91700000e+03,2687,111.958333
6918,6.91800000e+03,2687,111.958333
6919,6.91900000e+03,2687,111.958333
6920,6.92000000e+03,2699,112.458333
6921,6.92100000e+03,2699,112.458333
6922,6.92200000e+03,2699,112.458333
6923,6.92300000e+03,2699,112.458333
6924,6.92400000e+03,2699,112.458333
6925,6.92500000e+03,2707,112.791667
6926,6.92600000e+03,2707,112.791667
6927,6.92700000e+03,2707,112.791667
6928,6.92800000e+03,2707,112.791667
6929,6.92900000e+03,2707,112.791667
6930,6.93000000e+03,2718,113.250000
6931,6.93100000e+03,2718,113.250000
6932,6.93200000e+03,2718,113.250000
6933,6.93300000e+03,2718,113.250000
6934,6.93400000e+03,2718,113.250000
6935,6.93500000e+03,2727,113.625000
6936,6.93600000e+03,2727,113.625000
6937,6.93700000e+03,2727,113.625000
6938,6.93800000e+03,2727,113.625000
6939,6.93900000e+03,2727,113.625000
6940,6.94000000e+03,2738,114.083333
6941,6.94100000e+03,2738,114.083333
6942,6.94200000e+03,2738,114.083333
6943,6.94300000e+03,2738,114.083333
6944,6.94400000e+03,2738,114.083333
6945,6.94500000e+03,2750,114.583333
6946,6.94600000e+03,2750,114.583333
6947,6.94700000e+03,2750,114.583333
6948,6.94800000e+03,2750,114.583333
6949,6.94900000e+03,2750,114.583333
6950,6.95000000e+03,2763,115.125000
6951,6.95100000e+03,2763,115.125000
6952,6.95200000e+03,2763,115.125000
6953,6.95300000e+03,2763,115.125000
6954,6.95400000e+03,2763,115.125000
6955,6.95500000e+03,2774,115.583333
6956,6.95600000e+03,2774,115.583333
6957,6.95700000e+03,2774,115.583333
6958,6.95800000e+03,2774,115.583333
6959,6.95900000e+03,2774,115.583333
6960,6.96000000e+03,2793,116.375000
6961,6.96100000e+03,2793,116.375000
6962,6.96200000e+03,2793,116.375000
6963,6.96300000e+03,2793,116.375000
6964,6.96400000e+03,2793,116.375000
6965,6.96500000e+03,2808,117.000000
6966,6.96600000e+03,2808,117.000000
6967,6.96700000e+03,2808,117.000000
6968,6.96800000e+03,2808,117.000000
6969,6.96900000e+03,2808,117.000000
6970,6.97000000e+03,2825,117.708333
6971,6.97100000e+03,2825,117.708333
6972,6.97200000e+03,2825,117.708333
6973,6.97300000e+03,2825,117.708333
6974,6.97400000e+03,2825,117.708333
6975,6.97500000e+03,2845,118.541667
6976,6.97600000e+03,2845,118.541667
6977,6.97700000e+03,2845,118.541667
6978,6.97800000e+03,2845,118.541667
6979,6.97900000e+03,2845,118.541667
6980,6.98000000e+03,2861,119.208333
6981,6.98100000e+03,2861,119.208333
6982,6.98200000e+03,2861,119.208333
6983,6.98300000e+03,2861,119.208333
6984,6.98400000e+03,2861,119.208333
6985,6.98500000e+03,2885,120.208333
6986,6.98600000e+03,2885,120.208333
6987,6.98700000e+03,2885,120.208333
6988,6.98800000e+03,2885,120.208333
6989,6.98900000e+03,2885,120.208333
6990,6.99000000e+03,2903,120.958333
6991,6.99100000e+03,2903,120.958333
6992,6.99200000e+03,2903,120.958333
6993,6.99300000e+03,2903,120.958333
6994,6.99400000e+03,2903,120.958333
6995,6.99500000e+03,2923,121.791667
6996,6.99600000e+03,2923,121.791667
6997,6.99700000e+03,2923,121.791667
6998,6.99800000e+03,2923,121.791667
6999,6.99900000e+03,2923,121.791667
7000,7.00000000e+03,2945,122.708333
7001,7.00100000e+03,2945,122.708333
7002,7.00200000e+03,2945,122.708333
7003,7.00300000e+03,2945,122.708333
7004,7.00400000e+03,2945,122.708333
7005,7.00500000e+03,2963,123.458333
7006,7.00600000e+03,2963,123.458333
7007,7.00700000e+03,2963,123.458333
7008,7.00800000e+03,2963,123.458333
7009,7.00900000e+03,2963,123.458333
7010,7.01000000e+03,2982,124.250000
7011,7.01100000e+03,2982,124.250000
7012,7.01200000e+03,2982,124.250000
7013,7.01300000e+03,2982,124.250000
7014,7.01400000e+03,2982,124.250000
7015,7.01500000e+03,3000,125.000000
7016,7.01600000e+03,3000,125.000000
7017,7.01700000e+03,3000,125.000000
7018,7.01800000e+03,3000,125.000000
7019,7.01900000e+03,3000,125.000000
7020,7.02000000e+03,3013,125.541667
7021,7.02100000e+03,3013,125.541667
7022,7.02200000e+03,3013,125.541667
7023,7.02300000e+03,3013,125.541667
7024,7.02400000e+03,3013,125.541667
7025,7.02500000e+03,3028,126.166667
7026,7.02600000e+03,3028,126.166667
7027,7.02700000e+03,3028,126.166667
7028,7.02800000e+03,3028,126.166667
7029,7.02900000e+03,3028,126.166667
7030,7.03000000e+03,3039,126.625000
7031,7.03100000e+03,3039,126.625000
7032,7.03200000e+03,3039,126.625000
7033,7.03300000e+03,3039,126.625000
7034,7.03400000e+03,3039,126.625000
7035,7.03500000e+03,3047,126.958333
7036,7.03600000e+03,3047,126.958333
7037,7.03700000e+03,3047,126.958333
7038,7.03800000e+03,3047,126.958333
7039,7.03900000e+03,3047,126.958333
7040,7.04000000e+03,3055,127.291667
7041,7.04100000e+03,3055,127.291667
7042,7.04200000e+03,3055,127.291667
7043,7.04300000e+03,3055,127.291667
7044,7.04400000e+03,3055,127.291667
7045,7.04500000e+03,3062,127.583333
7046,7.04600000e+03,3062,127.583333
7047,7.04700000e+03,3062,127.583333
7048,7.04800000e+03,3062,127.583333
7049,7.04900000e+03,3062,127.583333
7050,7.05000000e+03,3068,127.833333
7051,7.05100000e+03,3068,127.833333
7052,7.05200000e+03,3068,127.833333
7053,7.05300000e+03,3068,127.833333
7054,7.05400000e+03,3068,127.833333
7055,7.05500000e+03,3073,128.041667
7056,7.05600000e+03,3073,128.041667
7057,7.05700000e+03,3073,128.041667
7058,7.05800000e+03,3073,128.041667
7059,7.05900000e+03,3073,128.041667
7060,7.06000000e+03,3080,128.333333
7061,7.06100000e+03,3080,128.333333
7062,7.06200000e+03,3080,128.333333
7063,7.06300000e+03,3080,128.333333
7064,7.06400000e+03,3080,128.333333
7065,7.06500000e+03,3083,128.458333
7066,7.06600000e+03,3083,128.458333
7067,7.06700000e+03,3083,128.458333
7068,7.06800000e+03,3083,128.458333
7069,7.06900000e+03,3083,128.458333
7070,7.07000000e+03,3093,128.875000
7071,7.07100000e+03,3093,128.875000
7072,7.07200000e+03,3093,128.875000
7073,7.07300000e+03,3093,128.875000
7074,7.07400000e+03,3093,128.875000
7075,7.07500000e+03,3104,129.333333
7076,7.07600000e+03,3104,129.333333
7077,7.07700000e+03,3104,129.333333
7078,7.07800000e+03,3104,129.333333
7079,7.07900000e+03,3104,129.333333
7080,7.08000000e+03,3112,129.666667
7081,7.08100000e+03,3112,129.666667
7082,7.08200000e+03,3112,129.666667
7083,7.08300000e+03,3112,129.666667
7084,7.08400000e+03,3112,129.666667
7085,7.08500000e+03,3123,130.125000
7086,7.08600000e+03,3123,130.125000
7087,7.08700000e+03,3123,130.125000
7088,7.08800000e+03,3123,130.125000
7089,7.08900000e+03,3123,130.125000
7090,7.09000000e+03,3133,130.541667
7091,7.09100000e+03,3133,130.541667
7092,7.09200000e+03,3133,130.541667
7093,7.09300000e+03,3133,130.541667
7094,7.09400000e+03,3133,130.541667
7095,7.09500000e+03,3144,131.000000
7096,7.09600000e+03,3144,131.000000
7097,7.09700000e+03,3144,131.000000
7098,7.09800000e+03,3144,131.000000
7099,7.09900000e+03,3144,131.000000
7100,7.10000000e+03,3153,131.375000
7101,7.10100000e+03,3153,131.375000
7102,7.10200000e+03,3153,131.375000
7103,7.10300000e+03,3153,131.375000
7104,7.10400000e+03,3153,131.375000
7105,7.10500000e+03,3166,131.916667
7106,7.10600000e+03,3166,131.916667
7107,7.10700000e+03,3166,131.916667
7108,7.10800000e+03,3166,131.916667
7109,7.10900000e+03,3166,131.916667
7110,7.11000000e+03,3180,132.500000
7111,7.11100000e+03,3180,132.500000
7112,7.11200000e+03,3180,132.500000
7113,7.11300000e+03,3180,132.500000
7114,7.11400000e+03,3180,132.500000
7115,7.11500000e+03,3193,133.041667
7116,7.11600000e+03,3193,133.041667
7117,7.11700000e+03,3193,133.041667
7118,7.11800000e+03,3193,133.041667
7119,7.11900000e+03,3193,133.041667
7120,7.12000000e+03,3203,133.458333
7121,7.12100000e+03,3203,133.458333
7122,7.12200000e+03,3203,133.458333
7123,7.12300000e+03,3203,133.458333
7124,7.12400000e+03,3203,133.458333
7125,7.12500000e+03,3213,133.875000
7126,7.12600000e+03,3213,133.875000
7127,7.12700000e+03,3213,133.875000
7128,7.12800000e+03,3213,133.875000
7129,7.12900000e+03,3213,133.875000
7130,7.13000000e+03,3218,134.083333
7131,7.13100000e+03,3218,134.083333
7132,7.13200000e+03,3218,134.083333
7133,7.13300000e+03,3218,134.083333
7134,7.13400000e+03,3218,134.083333
7135,7.13500000e+03,3220,134.166667
7136,7.13600000e+03,3220,134.166667
7137,7.13700000e+03,3220,134.166667
7138,7.13800000e+03,3220,134.166667
7139,7.13900000e+03,3220,134.166667
7140,7.14000000e+03,3219,134.125000
7141,7.14100000e+03,3219,134.125000
7142,7.14200000e+03,3219,134.125000
7143,7.14300000e+03,3219,134.125000
7144,7.14400000e+03,3219,134.125000
7145,7.14500000e+03,3212,133.833333
7146,7.14600000e+03,3212,133.833333
7147,7.14700000e+03,3212,133.833333
7148,7.14800000e+03,3212,133.833333
7149,7.14900000e+03,3212,133.833333
7150,7.15000000e+03,3205,133.541667
7151,7.15100000e+03,3205,133.541667
7152,7.15200000e+03,3205,133.541667
7153,7.15300000e+03,3205,133.541667
7154,7.15400000e+03,3205,133.541667
7155,7.15500000e+03,3196,133.166667
7156,7.15600000e+03,3196,133.166667
7157,7.15700000e+03,3196,133.166667
7158,7.15800000e+03,3196,133.166667
7159,7.15900000e+03,3196,133.166667
7160,7.16000000e+03,3180,132.500000
7161,7.16100000e+03,3180,132.500000
7162,7.16200000e+03,3180,132.500000
7163,7.16300000e+03,3180,132.500000
7164,7.16400000e+03,3180,132.500000
7165,7.16500000e+03,3170,132.083333
7166,7.16600000e+03,3170,132.083333
7167,7.16700000e+03,3170,132.083333
7168,7.16800000e+03,3170,132.083333
7169,7.16900000e+03,3170,132.083333
7170,7.17000000e+03,3157,131.541667
7171,7.17100000e+03,3157,131.541667
7172,7.17200000e+03,3157,131.541667
7173,7.17300000e+03,3157,131.541667
7174,7.17400000e+03,3157,131.541667
7175,7.17500000e+03,3144,131.000000
7176,7.17600000e+03,3144,131.000000
7177,7.17700000e+03,3144,131.000000
7178,7.17800000e+03,3144,131.000000
7179,7.17900000e+03,3144,131.000000
7180,7.18000000e+03,3130,130.416667
7181,7.18100000e+03,3130,130.416667
7182,7.18200000e+03,3130,130.416667
7183,7.18300000e+03,3130,130.416667
7184,7.18400000e+03,3130,130.416667
7185,7.18500000e+03,3122,130.083333
7186,7.18600000e+03,3122,130.083333
7187,7.18700000e+03,3122,130.083333
7188,7.18800000e+03,3122,130.083333
7189,7.18900000e+03,3122,130.083333
7190,7.19000000e+03,3111,129.625000
7191,7.19100000e+03,3111,129.625000
7192,7.19200000e+03,3111,129.625000
7193,7.19300000e+03,3111,129.625000
7194,7.19400000e+03,3111,129.625000
7195,7.19500000e+03,3098,129.083333
7196,7.19600000e+03,3098,129.083333
7197,7.19700000e+03,3098,129.083333
7198,7.19800000e+03,3098,129.083333
7199,7.19900000e+03,3098,129.083333
7200,7.20000000e+03,3092,128.833333
7201,7.20100000e+03,3092,128.833333
7202,7.20200000e+03,3092,128.833333
7203,7.20300000e+03,3092,128.833333
7204,7.20400000e+03,3092,128.833333
7205,7.20500000e+03,3083,128.458333
7206,7.20600000e+03,3083,128.458333
7207,7.20700000e+03,3083,128.458333
7208,7.20800000e+03,3083,128.458333
7209,7.20900000e+03,3083,128.458333
7210,7.21000000e+03,3075,128.125000
7211,7.21100000e+03,3075,128.125000
7212,7.21200000e+03,3075,128.125000
7213,7.21300000e+03,3075,128.125000
7214,7.21400000e+03,3075,128.125000
7215,7.21500000e+03,3066,127.750000
7216,7.21600000e+03,3066,127.750000
7217,7.21700000e+03,3066,127.750000
7218,7.21800000e+03,3066,127.750000
7219,7.21900000e+03,3066,127.750000
7220,7.22000000e+03,3062,127.583333
7221,7.22100000e+03,3062,127.583333
7222,7.22200000e+03,3062,127.583333
7223,7.22300000e+03,3062,127.583333
7224,7.22400000e+03,3062,127.583333
7225,7.22500000e+03,3054,127.250000
7226,7.22600000e+03,3054,127.250000
7227,7.22700000e+03,3054,127.250000
7228,7.22800000e+03,3054,127.250000
7229,7.22900000e+03,3054,127.250000
7230,7.23000000e+03,3046,126.916667
7231,7.23100000e+03,3046,126.916667
7232,7.23200000e+03,3046,126.916667
7233,7.23300000e+03,3046,126.916667
7234,7.23400000e+03,3046,126.916667
7235,7.23500000e+03,3039,126.625000
7236,7.23600000e+03,3039,126.625000
7237,7.23700000e+03,3039,126.625000
7238,7.23800000e+03,3039,126.625000
7239,7.23900000e+03,3039,126.625000
7240,7.24000000e+03,3028,126.166667
7241,7.24100000e+03,3028,126.166667
7242,7.24200000e+03,3028,126.166667
7243,7.24300000e+03,3028,126.166667
7244,7.24400000e+03,3028,126.166667
7245,7.24500000e+03,3025,126.041667
7246,7.24600000e+03,3025,126.041667
7247,7.24700000e+03,3025,126.041667
7248,7.24800000e+03,3025,126.041667
7249,7.24900000e+03,3025,126.041667
7250,7.25000000e+03,3011,125.458333
7251,7.25100000e+03,3011,125.458333
7252,7.25200000e+03,3011,125.458333
7253,7.25300000e+03,3011,125.458333
7254,7.25400000e+03,3011,125.458333
7255,7.25500000e+03,3000,125.000000
7256,7.25600000e+03,3000,125.000000
7257,7.25700000e+03,3000,125.000000
7258,7.25800000e+03,3000,125.000000
7259,7.25900000e+03,3000,125.000000
7260,7.26000000e+03,2988,124.500000
7261,7.26100000e+03,2988,124.500000
7262,7.26200000e+03,2988,124.500000
7263,7.26300000e+03,2988,124.500000
7264,7.26400000e+03,2988,124.500000
7265,7.26500000e+03,2972,123.833333
7266,7.26600000e+03,2972,123.833333
7267,7.26700000e+03,2972,123.833333
7268,7.26800000e+03,2972,123.833333
7269,7.26900000e+03,2972,123.833333
7270,7.27000000e+03,2953,123.041667
7271,7.27100000e+03,2953,123.041667
7272,7.27200000e+03,2953,123.041667
7273,7.27300000e+03,2953,123.041667
7274,7.27400000e+03,2953,123.041667
7275,7.27500000e+03,2930,122.083333
7276,7.27600000e+03,2930,122.083333
7277,7.27700000e+03,2930,122.083333
7278,7.27800000e+03,2930,122.083333
7279,7.27900000e+03,2930,122.083333
7280,7.28000000e+03,2912,121.333333
7281,7.28100000e+03,2912,121.333333
7282,7.28200000e+03,2912,121.333333
7283,7.28300000e+03,2912,121.333333
7284,7.28400000e+03,2912,121.333333
7285,7.28500000e+03,2891,120.458333
7286,7.28600000e+03,2891,120.458333
7287,7.28700000e+03,2891,120.458333
7288,7.28800000e+03,2891,120.458333
7289,7.28900000e+03,2891,120.458333
7290,7.29000000e+03,2872,119.666667
7291,7.29100000e+03,2872,119.666667
7292,7.29200000e+03,2872,119.666667
7293,7.29300000e+03,2872,119.666667
7294,7.29400000e+03,2872,119.666667
7295,7.29500000e+03,2850,118.750000
7296,7.29600000e+03,2850,118.750000
7297,7.29700000e+03,2850,118.750000
7298,7.29800000e+03,2850,118.750000
7299,7.29900000e+03,2850,118.750000
7300,7.30000000e+03,2826,117.750000
7301,7.30100000e+03,2826,117.750000
7302,7.30200000e+03,2826,117.750000
7303,7.30300000e+03,2826,117.750000
7304,7.30400000e+03,2826,117.750000
7305,7.30500000e+03,2809,117.041667
7306,7.30600000e+03,2809,117.041667
7307,7.30700000e+03,2809,117.041667
7308,7.30800000e+03,2809,117.041667
7309,7.30900000e+03,2809,117.041667
7310,7.31000000e+03,2791,116.291667
7311,7.31100000e+03,2791,116.291667
7312,7.31200000e+03,2791,116.291667
7313,7.31300000e+03,2791,116.291667
7314,7.31400000e+03,2791,116.291667
7315,7.31500000e+03,2770,115.416667
7316,7.31600000e+03,2770,115.416667
7317,7.31700000e+03,2770,115.416667
7318,7.31800000e+03,2770,115.416667
7319,7.31900000e+03,2770,115.416667
7320,7.32000000e+03,2754,114.750000
7321,7.32100000e+03,2754,114.750000
7322,7.32200000e+03,2754,114.750000
7323,7.32300000e+03,2754,114.750000
7324,7.32400000e+03,2754,114.750000
7325,7.32500000e+03,2741,114.208333
7326,7.32600000e+03,2741,114.208333
7327,7.32700000e+03,2741,114.208333
7328,7.32800000e+03,2741,114.208333
7329,7.32900000e+03,2741,114.208333
7330,7.33000000e+03,2725,113.541667
7331,7.33100000e+03,2725,113.541667
7332,7.33200000e+03,2725,113.541667
7333,7.33300000e+03,2725,113.541667
7334,7.33400000e+03,2725,113.541667
7335,7.33500000e+03,2717,113.208333
7336,7.33600000e+03,2717,113.208333
7337,7.33700000e+03,2717,113.208333
7338,7.33800000e+03,2717,113.208333
7339,7.33900000e+03,2717,113.208333
7340,7.34000000e+03,2703,112.625000
7341,7.34100000e+03,2703,112.625000
7342,7.34200000e+03,2703,112.625000
7343,7.34300000e+03,2703,112.625000
7344,7.34400000e+03,2703,112.625000
7345,7.34500000e+03,2692,112.166667
7346,7.34600000e+03,2692,112.166667
7347,7.34700000e+03,2692,112.166667
7348,7.34800000e+03,2692,112.166667
7349,7.34900000e+03,2692,112.166667
7350,7.35000000e+03,2682,111.750000
7351,7.35100000e+03,2682,111.750000
7352,7.35200000e+03,2682,111.750000
7353,7.35300000e+03,2682,111.750000
7354,7.35400000e+03,2682,111.750000
7355,7.35500000e+03,2672,111.333333
7356,7.35600000e+03,2672,111.333333
7357,7.35700000e+03,2672,111.333333
7358,7.35800000e+03,2672,111.333333
7359,7.35900000e+03,2672,111.333333
7360,7.36000000e+03,2660,110.833333
7361,7.36100000e+03,2660,110.833333
7362,7.36200000e+03,2660,110.833333
7363,7.36300000e+03,2660,110.833333
7364,7.36400000e+03,2660,110.833333
7365,7.36500000e+03,2642,110.083333
7366,7.36600000e+03,2642,110.083333
7367,7.36700000e+03,2642,110.083333
7368,7.36800000e+03,2642,110.083333
7369,7.36900000e+03,2642,110.083333
7370,7.37000000e+03,2626,109.416667
7371,7.37100000e+03,2626,109.416667
7372,7.37200000e+03,2626,109.416667
7373,7.37300000e+03,2626,109.416667
7374,7.37400000e+03,2626,109.416667
7375,7.37500000e+03,2608,108.666667
7376,7.37600000e+03,2608,108.666667
7377,7.37700000e+03,2608,108.666667
7378,7.37800000e+03,2608,108.666667
7379,7.37900000e+03,2608,108.666667
7380,7.38000000e+03,2585,107.708333
7381,7.38100000e+03,2585,107.708333
7382,7.38200000e+03,2585,107.708333
7383,7.38300000e+03,2585,107.708333
7384,7.38400000e+03,2585,107.708333
7385,7.38500000e+03,2560,106.666667
7386,7.38600000e+03,2560,106.666667
7387,7.38700000e+03,2560,106.666667
7388,7.38800000e+03,2560,106.666667
7389,7.38900000e+03,2560,106.666667
7390,7.39000000e+03,2535,105.625000
7391,7.39100000e+03,2535,105.625000
7392,7.39200000e+03,2535,105.625000
7393,7.39300000e+03,2535,105.625000
7394,7.39400000e+03,2535,105.625000
7395,7.39500000e+03,2504,104.333333
7396,7.39600000e+03,2504,104.333333
7397,7.39700000e+03,2504,104.333333
7398,7.39800000e+03,2504,104.333333
7399,7.39900000e+03,2504,104.333333
7400,7.40000000e+03,2480,103.333333
7401,7.40100000e+03,2480,103.333333
7402,7.40200000e+03,2480,103.333333
7403,7.40300000e+03,2480,103.333333
7404,7.40400000e+03,2480,103.333333
7405,7.40500000e+03,2455,102.291667
7406,7.40600000e+03,2455,102.291667
7407,7.40700000e+03,2455,102.291667
7408,7.40800000e+03,2455,102.291667
7409,7.40900000e+03,2455,102.291667
7410,7.41000000e+03,2432,101.333333
7411,7.41100000e+03,2432,101.333333
7412,7.41200000e+03,2432,101.333333
7413,7.41300000e+03,2432,101.333333
7414,7.41400000e+03,2432,101.333333
7415,7.41500000e+03,2405,100.208333
7416,7.41600000e+03,2405,100.208333
7417,7.41700000e+03,2405,100.208333
7418,7.41800000e+03,2405,100.208333
7419,7.41900000e+03,2405,100.208333
7420,7.42000000e+03,2386,99.416667
7421,7.42100000e+03,2386,99.416667
7422,7.42200000e+03,2386,99.416667
7423,7.42300000e+03,2386,99.416667
7424,7.42400000e+03,2386,99.416667
7425,7.42500000e+03,2369,98.708333
7426,7.42600000e+03,2369,98.708333
7427,7.42700000e+03,2369,98.708333
7428,7.42800000e+03,2369,98.708333
7429,7.42900000e+03,2369,98.708333
7430,7.43000000e+03,2348,97.833333
7431,7.43100000e+03,2348,97.833333
7432,7.43200000e+03,2348,97.833333
7433,7.43300000e+03,2348,97.833333
7434,7.43400000e+03,2348,97.833333
7435,7.43500000e+03,2332,97.166667
7436,7.43600000e+03,2332,97.166667
7437,7.43700000e+03,2332,97.166667
7438,7.43800000e+03,2332,97.166667
7439,7.43900000e+03,2332,97.166667
7440,7.44000000e+03,2316,96.500000
7441,7.44100000e+03,2316,96.500000
7442,7.44200000e+03,2316,96.500000
7443,7.44300000e+03,2316,96.500000
7444,7.44400000e+03,2316,96.500000
7445,7.44500000e+03,2307,96.125000
7446,7.44600000e+03,2307,96.125000
7447,7.44700000e+03,2307,96.125000
7448,7.44800000e+03,2307,96.125000
7449,7.44900000e+03,2307,96.125000
7450,7.45000000e+03,2293,95.541667
7451,7.45100000e+03,2293,95.541667
7452,7.45200000e+03,2293,95.541667
7453,7.45300000e+03,2293,95.541667
7454,7.45400000e+03,2293,95.541667
7455,7.45500000e+03,2283,95.125000
7456,7.45600000e+03,2283,95.125000
7457,7.45700000e+03,2283,95.125000
7458,7.45800000e+03,2283,95.125000
7459,7.45900000e+03,2283,95.125000
7460,7.46000000e+03,2272,94.666667
7461,7.46100000e+03,2272,94.666667
7462,7.46200000e+03,2272,94.666667
7463,7.46300000e+03,2272,94.666667
7464,7.46400000e+03,2272,94.666667
7465,7.46500000e+03,2262,94.250000
7466,7.46600000e+03,2262,94.250000
7467,7.46700000e+03,2262,94.250000
7468,7.46800000e+03,2262,94.250000
7469,7.46900000e+03,2262,94.250000
7470,7.47000000e+03,2244,93.500000
7471,7.47100000e+03,2244,93.500000
7472,7.47200000e+03,2244,93.500000
7473,7.47300000e+03,2244,93.500000
7474,7.47400000e+03,2244,93.500000
7475,7.47500000e+03,2232,93.000000
7476,7.47600000e+03,2232,93.000000
7477,7.47700000e+03,2232,93.000000
7478,7.47800000e+03,2232,93.000000
7479,7.47900000e+03,2232,93.000000
7480,7.48000000e+03,2215,92.291667
7481,7.48100000e+03,2215,92.291667
7482,7.48200000e+03,2215,92.291667
7483,7.48300000e+03,2215,92.291667
7484,7.48400000e+03,2215,92.291667
7485,7.48500000e+03,2205,91.875000
7486,7.48600000e+03,2205,91.875000
7487,7.48700000e+03,2205,91.875000
7488,7.48800000e+03,2205,91.875000
7489,7.48900000e+03,2205,91.875000
7490,7.49000000e+03,2186,91.083333
7491,7.49100000e+03,2186,91.083333
7492,7.49200000e+03,2186,91.083333
7493,7.49300000e+03,2186,91.083333
7494,7.49400000e+03,2186,91.083333
7495,7.49500000e+03,2166,90.250000
7496,7.49600000e+03,2166,90.250000
7497,7.49700000e+03,2166,90.250000
7498,7.49800000e+03,2166,90.250000
7499,7.49900000e+03,2166,90.250000
7500,7.50000000e+03,2143,89.291667
7501,7.50100000e+03,2143,89.291667
7502,7.50200000e+03,2143,89.291667
7503,7.50300000e+03,2143,89.291667
7504,7.50400000e+03,2143,89.291667
7505,7.50500000e+03,2121,88.375000
7506,7.50600000e+03,2121,88.375000
7507,7.50700000e+03,2121,88.375000
7508,7.50800000e+03,2121,88.375000
7509,7.50900000e+03,2121,88.375000
7510,7.51000000e+03,2100,87.500000
7511,7.51100000e+03,2100,87.500000
7512,7.51200000e+03,2100,87.500000
7513,7.51300000e+03,2100,87.500000
7514,7.51400000e+03,2100,87.500000
7515,7.51500000e+03,2077,86.541667
7516,7.51600000e+03,2077,86.541667
7517,7.51700000e+03,2077,86.541667
7518,7.51800000e+03,2077,86.541667
7519,7.51900000e+03,2077,86.541667
7520,7.52000000e+03,2051,85.458333
7521,7.52100000e+03,2051,85.458333
7522,7.52200000e+03,2051,85.458333
7523,7.52300000e+03,2051,85.458333
7524,7.52400000e+03,2051,85.458333
7525,7.52500000e+03,2028,84.500000
7526,7.52600000e+03,2028,84.500000
7527,7.52700000e+03,2028,84.500000
7528,7.52800000e+03,2028,84.500000
7529,7.52900000e+03,2028,84.500000
7530,7.53000000e+03,2005,83.541667
7531,7.53100000e+03,2005,83.541667
7532,7.53200000e+03,2005,83.541667
7533,7.53300000e+03,2005,83.541667
7534,7.53400000e+03,2005,83.541667
7535,7.53500000e+03,1987,82.791667
7536,7.53600000e+03,1987,82.791667
7537,7.53700000e+03,1987,82.791667
7538,7.53800000e+03,1987,82.791667
7539,7.53900000e+03,1987,82.791667
7540,7.54000000e+03,1959,81.625000
7541,7.54100000e+03,1959,81.625000
7542,7.54200000e+03,1959,81.625000
7543,7.54300000e+03,1959,81.625000
7544,7.54400000e+03,1959,81.625000
7545,7.54500000e+03,1942,80.916667
7546,7.54600000e+03,1942,80.916667
7547,7.54700000e+03,1942,80.916667
7548,7.54800000e+03,1942,80.916667
7549,7.54900000e+03,1942,80.916667
7550,7.55000000e+03,1917,79.875000
7551,7.55100000e+03,1917,79.875000
7552,7.55200000e+03,1917,79.875000
7553,7.55300000e+03,1917,79.875000
7554,7.55400000e+03,1917,79.875000
7555,7.55500000e+03,1896,79.000000
7556,7.55600000e+03,1896,79.000000
7557,7.55700000e+03,1896,79.000000
7558,7.55800000e+03,1896,79.000000
7559,7.55900000e+03,1896,79.000000
7560,7.56000000e+03,1878,78.250000
7561,7.56100000e+03,1878,78.250000
7562,7.56200000e+03,1878,78.250000
7563,7.56300000e+03,1878,78.250000
7564,7.56400000e+03,1878,78.250000
7565,7.56500000e+03,1858,77.416667
7566,7.56600000e+03,1858,77.416667
7567,7.56700000e+03,1858,77.416667
7568,7.56800000e+03,1858,77.416667
7569,7.56900000e+03,1858,77.416667
7570,7.57000000e+03,1837,76.541667
7571,7.57100000e+03,1837,76.541667
7572,7.57200000e+03,1837,76.541667
7573,7.57300000e+03,1837,76.541667
7574,7.57400000e+03,1837,76.541667
7575,7.57500000e+03,1813,75.541667
7576,7.57600000e+03,1813,75.541667
7577,7.57700000e+03,1813,75.541667
7578,7.57800000e+03,1813,75.541667
7579,7.57900000e+03,1813,75.541667
7580,7.58000000e+03,1794,74.750000
7581,7.58100000e+03,1794,74.750000
7582,7.58200000e+03,1794,74.750000
7583,7.58300000e+03,1794,74.750000
7584,7.58400000e+03,1794,74.750000
7585,7.58500000e+03,1768,73.666667
7586,7.58600000e+03,1768,73.666667
7587,7.58700000e+03,1768,73.666667
7588,7.58800000e+03,1768,73.666667
7589,7.58900000e+03,1768,73.666667
7590,7.59000000e+03,1747,72.791667
7591,7.59100000e+03,1747,72.791667
7592,7.59200000e+03,1747,72.791667
7593,7.59300000e+03,1747,72.791667
7594,7.59400000e+03,1747,72.791667
7595,7.59500000e+03,1721,71.708333
7596,7.59600000e+03,1721,71.708333
7597,7.59700000e+03,1721,71.708333
7598,7.59800000e+03,1721,71.708333
7599,7.59900000e+03,1721,71.708333
7600,7.60000000e+03,1694,70.583333
7601,7.60100000e+03,1694,70.583333
7602,7.60200000e+03,1694,70.583333
7603,7.60300000e+03,1694,70.583333
7604,7.60400000e+03,1694,70.583333
7605,7.60500000e+03,1664,69.333333
7606,7.60600000e+03,1664,69.333333
7607,7.60700000e+03,1664,69.333333
7608,7.60800000e+03,1664,69.333333
7609,7.60900000e+03,1664,69.333333
7610,7.61000000e+03,1633,68.041667
7611,7.61100000e+03,1633,68.041667
7612,7.61200000e+03,1633,68.041667
7613,7.61300000e+03,1633,68.041667
7614,7.61400000e+03,1633,68.041667
7615,7.61500000e+03,1600,66.666667
7616,7.61600000e+03,1600,66.666667
7617,7.61700000e+03,1600,66.666667
7618,7.61800000e+03,1600,66.666667
7619,7.61900000e+03,1600,66.666667
7620,7.62000000e+03,1568,65.333333
7621,7.62100000e+03,1568,65.333333
7622,7.62200000e+03,1568,65.333333
7623,7.62300000e+03,1568,65.333333
7624,7.62400000e+03,1568,65.333333
7625,7.62500000e+03,1533,63.875000
7626,7.62600000e+03,1533,63.875000
7627,7.62700000e+03,1533,63.875000
7628,7.62800000e+03,1533,63.875000
7629,7.62900000e+03,1533,63.875000
7630,7.63000000e+03,1495,62.291667
7631,7.63100000e+03,1495,62.291667
7632,7.63200000e+03,1495,62.291667
7633,7.63300000e+03,1495,62.291667
7634,7.63400000e+03,1495,62.291667
7635,7.63500000e+03,1457,60.708333
7636,7.63600000e+03,1457,60.708333
7637,7.63700000e+03,1457,60.708333
7638,7.63800000e+03,1457,60.708333
7639,7.63900000e+03,1457,60.708333
7640,7.64000000e+03,1420,59.166667
7641,7.64100000e+03,1420,59.166667
7642,7.64200000e+03,1420,59.166667
7643,7.64300000e+03,1420,59.166667
7644,7.64400000e+03,1420,59.166667
7645,7.64500000e+03,1385,57.708333
7646,7.64600000e+03,1385,57.708333
7647,7.64700000e+03,1385,57.708333
7648,7.64800000e+03,1385,57.708333
7649,7.64900000e+03,1385,57.708333
7650,7.65000000e+03,1349,56.208333
7651,7.65100000e+03,1349,56.208333
7652,7.65200000e+03,1349,56.208333
7653,7.65300000e+03,1349,56.208333
7654,7.65400000e+03,1349,56.208333
7655,7.65500000e+03,1317,54.875000
7656,7.65600000e+03,1317,54.875000
7657,7.65700000e+03,1317,54.875000
7658,7.65800000e+03,1317,54.875000
7659,7.65900000e+03,1317,54.875000
7660,7.66000000e+03,1288,53.666667
7661,7.66100000e+03,1288,53.666667
7662,7.66200000e+03,1288,53.666667
7663,7.66300000e+03,1288,53.666667
7664,7.66400000e+03,1288,53.666667
7665,7.66500000e+03,1256,52.333333
7666,7.66600000e+03,1256,52.333333
7667,7.66700000e+03,1256,52.333333
7668,7.66800000e+03,1256,52.333333
7669,7.66900000e+03,1256,52.333333
7670,7.67000000e+03,1225,51.041667
7671,7.67100000e+03,1225,51.041667
7672,7.67200000e+03,1225,51.041667
7673,7.67300000e+03,1225,51.041667
7674,7.67400000e+03,1225,51.041667
7675,7.67500000e+03,1199,49.958333
7676,7.67600000e+03,1199,49.958333
7677,7.67700000e+03,1199,49.958333
7678,7.67800000e+03,1199,49.958333
7679,7.67900000e+03,1199,49.958333
7680,7.68000000e+03,1165,48.541667
7681,7.68100000e+03,1165,48.541667
7682,7.68200000e+03,1165,48.541667
7683,7.68300000e+03,1165,48.541667
7684,7.68400000e+03,1165,48.541667
7685,7.68500000e+03,1140,47.500000
7686,7.68600000e+03,1140,47.500000
7687,7.68700000e+03,1140,47.500000
7688,7.68800000e+03,1140,47.500000
7689,7.68900000e+03,1140,47.500000
7690,7.69000000e+03,1108,46.166667
7691,7.69100000e+03,1108,46.166667
7692,7.69200000e+03,1108,46.166667
7693,7.69300000e+03,1108,46.166667
7694,7.69400000e+03,1108,46.166667
7695,7.69500000e+03,1085,45.208333
7696,7.69600000e+03,1085,45.208333
7697,7.69700000e+03,1085,45.208333
7698,7.69800000e+03,1085,45.208333
7699,7.69900000e+03,1085,45.208333
7700,7.70000000e+03,1054,43.916667
7701,7.70100000e+03,1054,43.916667
7702,7.70200000e+03,1054,43.916667
7703,7.70300000e+03,1054,43.916667
7704,7.70400000e+03,1054,43.916667
7705,7.70500000e+03,1023,42.625000
7706,7.70600000e+03,1023,42.625000
7707,7.70700000e+03,1023,42.625000
7708,7.70800000e+03,1023,42.625000
7709,7.70900000e+03,1023,42.625000
7710,7.71000000e+03,995,41.458333
7711,7.71100000e+03,995,41.458333
7712,7.71200000e+03,995,41.458333
7713,7.71300000e+03,995,41.458333
7714,7.71400000e+03,995,41.458333
7715,7.71500000e+03,963,40.125000
7716,7.71600000e+03,963,40.125000
7717,7.71700000e+03,963,40.125000
7718,7.71800000e+03,963,40.125000
7719,7.71900000e+03,963,40.125000
7720,7.72000000e+03,930,38.750000
7721,7.72100000e+03,930,38.750000
7722,7.72200000e+03,930,38.750000
7723,7.72300000e+03,930,38.750000
7724,7.72400000e+03,930,38.750000
7725,7.72500000e+03,897,37.375000
7726,7.72600000e+03,897,37.375000
7727,7.72700000e+03,897,37.375000
7728,7.72800000e+03,897,37.375000
7729,7.72900000e+03,897,37.375000
7730,7.73000000e+03,862,35.916667
7731,7.73100000e+03,862,35.916667
7732,7.73200000e+03,862,35.916667
7733,7.73300000e+03,862,35.916667
7734,7.73400000e+03,862,35.916667
7735,7.73500000e+03,833,34.708333
7736,7.73600000e+03,833,34.708333
7737,7.73700000e+03,833,34.708333
7738,7.73800000e+03,833,34.708333
7739,7.73900000e+03,833,34.708333
7740,7.74000000e+03,797,33.208333
7741,7.74100000e+03,797,33.208333
7742,7.74200000e+03,797,33.208333
7743,7.74300000e+03,797,33.208333
7744,7.74400000e+03,797,33.208333
7745,7.74500000e+03,757,31.541667
7746,7.74600000e+03,757,31.541667
7747,7.74700000e+03,757,31.541667
7748,7.74800000e+03,757,31.541667
7749,7.74900000e+03,757,31.541667
7750,7.75000000e+03,724,30.166667
7751,7.75100000e+03,724,30.166667
7752,7.75200000e+03,724,30.166667
7753,7.75300000e+03,724,30.166667
7754,7.75400000e+03,724,30.166667
7755,7.75500000e+03,689,28.708333
7756,7.75600000e+03,689,28.708333
7757,7.75700000e+03,689,28.708333
7758,7.75800000e+03,689,28.708333
7759,7.75900000e+03,689,28.708333
7760,7.76000000e+03,650,27.083333
7761,7.76100000e+03,650,27.083333
7762,7.76200000e+03,650,27.083333
7763,7.76300000e+03,650,27.083333
7764,7.76400000e+03,650,27.083333
7765,7.76500000e+03,619,25.791667
7766,7.76600000e+03,619,25.791667
7767,7.76700000e+03,619,25.791667
7768,7.76800000e+03,619,25.791667
7769,7.76900000e+03,619,25.791667
7770,7.77000000e+03,587,24.458333
7771,7.77100000e+03,587,24.458333
7772,7.77200000e+03,587,24.458333
7773,7.77300000e+03,587,24.458333
7774,7.77400000e+03,587,24.458333
7775,7.77500000e+03,555,23.125000
7776,7.77600000e+03,555,23.125000
7777,7.77700000e+03,555,23.125000
7778,7.77800000e+03,555,23.125000
7779,7.77900000e+03,555,23.125000
7780,7.78000000e+03,523,21.791667
7781,7.78100000e+03,523,21.791667
7782,7.78200000e+03,523,21.791667
7783,7.78300000e+03,523,21.791667
7784,7.78400000e+03,523,21.791667
7785,7.78500000e+03,490,20.416667
7786,7.78600000e+03,490,20.416667
7787,7.78700000e+03,490,20.416667
7788,7.78800000e+03,490,20.416667
7789,7.78900000e+03,490,20.416667
7790,7.79000000e+03,457,19.041667
7791,7.79100000e+03,457,19.041667
7792,7.79200000e+03,457,19.041667
7793,7.79300000e+03,457,19.041667
7794,7.79400000e+03,457,19.041667
7795,7.79500000e+03,425,17.708333
7796,7.79600000e+03,425,17.708333
7797,7.79700000e+03,425,17.708333
7798,7.79800000e+03,425,17.708333
7799,7.79900000e+03,425,17.708333
7800,7.80000000e+03,396,16.500000
7801,7.80100000e+03,396,16.500000
7802,7.80200000e+03,396,16.500000
7803,7.80300000e+03,396,16.500000
7804,7.80400000e+03,396,16.500000
7805,7.80500000e+03,360,15.000000
7806,7.80600000e+03,360,15.000000
7807,7.80700000e+03,360,15.000000
7808,7.80800000e+03,360,15.000000
7809,7.80900000e+03,360,15.000000
7810,7.81000000e+03,331,13.791667
7811,7.81100000e+03,331,13.791667
7812,7.81200000e+03,331,13.791667
7813,7.81300000e+03,331,13.791667
7814,7.81400000e+03,331,13.791667
7815,7.81500000e+03,293,12.208333
7816,7.81600000e+03,293,12.208333
7817,7.81700000e+03,293,12.208333
7818,7.81800000e+03,293,12.208333
7819,7.81900000e+03,293,12.208333
7820,7.82000000e+03,257,10.708333
7821,7.82100000e+03,257,10.708333
7822,7.82200000e+03,257,10.708333
7823,7.82300000e+03,257,10.708333
7824,7.82400000e+03,257,10.708333
7825,7.82500000e+03,220,9.166667
7826,7.82600000e+03,220,9.166667
7827,7.82700000e+03,220,9.166667
7828,7.82800000e+03,220,9.166667
7829,7.82900000e+03,220,9.166667
7830,7.83000000e+03,181,7.541667
7831,7.83100000e+03,181,7.541667
7832,7.83200000e+03,181,7.541667
7833,7.83300000e+03,181,7.541667
7834,7.83400000e+03,181,7.541667
7835,7.83500000e+03,148,6.166667
7836,7.83600000e+03,148,6.166667
7837,7.83700000e+03,148,6.166667
7838,7.83800000e+03,148,6.166667
7839,7.83900000e+03,148,6.166667
7840,7.84000000e+03,107,4.458333
7841,7.84100000e+03,107,4.458333
7842,7.84200000e+03,107,4.458333
7843,7.84300000e+03,107,4.458333
7844,7.84400000e+03,107,4.458333
7845,7.84500000e+03,66,2.750000
7846,7.84600000e+03,66,2.750000
7847,7.84700000e+03,66,2.750000
7848,7.84800000e+03,66,2.750000
7849,7.84900000e+03,66,2.750000
7850,7.85000000e+03,23,0.958333
7851,7.85100000e+03,23,0.958333
7852,7.85200000e+03,23,0.958333
7853,7.85300000e+03,23,0.958333
7854,7.85400000e+03,23,0.958333
7855,7.85500000e+03,-17,-0.708333
7856,7.85600000e+03,-17,-0.708333
7857,7.85700000e+03,-17,-0.708333
7858,7.85800000e+03,-17,-0.708333
7859,7.85900000e+03,-17,-0.708333
7860,7.86000000e+03,-53,-2.208333
7861,7.86100000e+03,-53,-2.208333
7862,7.86200000e+03,-53,-2.208333
7863,7.86300000e+03,-53,-2.208333
7864,7.86400000e+03,-53,-2.208333
7865,7.86500000e+03,-92,-3.833333
7866,7.86600000e+03,-92,-3.833333
7867,7.86700000e+03,-92,-3.833333
7868,7.86800000e+03,-92,-3.833333
7869,7.86900000e+03,-92,-3.833333
7870,7.87000000e+03,-131,-5.458333
7871,7.87100000e+03,-131,-5.458333
7872,7.87200000e+03,-131,-5.458333
7873,7.87300000e+03,-131,-5.458333
7874,7.87400000e+03,-131,-5.458333
7875,7.87500000e+03,-170,-7.083333
7876,7.87600000e+03,-170,-7.083333
7877,7.87700000e+03,-170,-7.083333
7878,7.87800000e+03,-170,-7.083333
7879,7.87900000e+03,-170,-7.083333
7880,7.88000000e+03,-211,-8.791667
7881,7.88100000e+03,-211,-8.791667
7882,7.88200000e+03,-211,-8.791667
7883,7.88300000e+03,-211,-8.791667
7884,7.88400000e+03,-211,-8.791667
7885,7.88500000e+03,-243,-10.125000
7886,7.88600000e+03,-243,-10.125000
7887,7.88700000e+03,-243,-10.125000
7888,7.88800000e+03,-243,-10.125000
7889,7.88900000e+03,-243,-10.125000
7890,7.89000000e+03,-278,-11.583333
7891,7.89100000e+03,-278,-11.583333
7892,7.89200000e+03,-278,-11.583333
7893,7.89300000e+03,-278,-11.583333
7894,7.89400000e+03,-278,-11.583333
7895,7.89500000e+03,-311,-12.958333
7896,7.89600000e+03,-311,-12.958333
7897,7.89700000e+03,-311,-12.958333
7898,7.89800000e+03,-311,-12.958333
7899,7.89900000e+03,-311,-12.958333
7900,7.90000000e+03,-343,-14.291667
7901,7.90100000e+03,-343,-14.291667
7902,7.90200000e+03,-343,-14.291667
7903,7.90300000e+03,-343,-14.291667
7904,7.90400000e+03,-343,-14.291667
7905,7.90500000e+03,-374,-15.583333
7906,7.90600000e+03,-374,-15.583333
7907,7.90700000e+03,-374,-15.583333
7908,7.90800000e+03,-374,-15.583333
7909,7.90900000e+03,-374,-15.583333
7910,7.91000000e+03,-410,-17.083333
7911,7.91100000e+03,-410,-17.083333
7912,7.91200000e+03,-410,-17.083333
7913,7.91300000e+03,-410,-17.083333
7914,7.91400000e+03,-410,-17.083333
7915,7.91500000e+03,-440,-18.333333
7916,7.91600000e+03,-440,-18.333333
7917,7.91700000e+03,-440,-18.333333
7918,7.91800000e+03,-440,-18.333333
7919,7.91900000e+03,-440,-18.333333
7920,7.92000000e+03,-469,-19.541667
7921,7.92100000e+03,-469,-19.541667
7922,7.92200000e+03,-469,-19.541667
7923,7.92300000e+03,-469,-19.541667
7924,7.92400000e+03,-469,-19.541667
7925,7.92500000e+03,-502,-20.916667
7926,7.92600000e+03,-502,-20.916667
7927,7.92700000e+03,-502,-20.916667
7928,7.92800000e+03,-502,-20.916667
7929,7.92900000e+03,-502,-20.916667
7930,7.93000000e+03,-533,-22.208333
7931,7.93100000e+03,-533,-22.208333
7932,7.93200000e+03,-533,-22.208333
7933,7.93300000e+03,-533,-22.208333
7934,7.93400000e+03,-533,-22.208333
7935,7.93500000e+03,-565,-23.541667
7936,7.93600000e+03,-565,-23.541667
7937,7.93700000e+03,-565,-23.541667
7938,7.93800000e+03,-565,-23.541667
7939,7.93900000e+03,-565,-23.541667
7940,7.94000000e+03,-598,-24.916667
7941,7.94100000e+03,-598,-24.916667
7942,7.94200000e+03,-598,-24.916667
7943,7.94300000e+03,-598,-24.916667
7944,7.94400000e+03,-598,-24.916667
7945,7.94500000e+03,-632,-26.333333
7946,7.94600000e+03,-632,-26.333333
7947,7.94700000e+03,-632,-26.333333
7948,7.94800000e+03,-632,-26.333333
7949,7.94900000e+03,-632,-26.333333
7950,7.95000000e+03,-668,-27.833333
7951,7.95100000e+03,-668,-27.833333
7952,7.95200000e+03,-668,-27.833333
7953,7.95300000e+03,-668,-27.833333
7954,7.95400000e+03,-668,-27.833333
7955,7.95500000e+03,-704,-29.333333
7956,7.95600000e+03,-704,-29.333333
7957,7.95700000e+03,-704,-29.333333
7958,7.95800000e+03,-704,-29.333333
7959,7.95900000e+03,-704,-29.333333
7960,7.96000000e+03,-739,-30.791667
7961,7.96100000e+03,-739,-30.791667
7962,7.96200000e+03,-739,-30.791667
7963,7.96300000e+03,-739,-30.791667
7964,7.96400000e+03,-739,-30.791667
7965,7.96500000e+03,-774,-32.250000
7966,7.96600000e+03,-774,-32.250000
7967,7.96700000e+03,-774,-32.250000
7968,7.96800000e+03,-774,-32.250000
7969,7.96900000e+03,-774,-32.250000
7970,7.97000000e+03,-815,-33.958333
7971,7.97100000e+03,-815,-33.958333
7972,7.97200000e+03,-815,-33.958333
7973,7.97300000e+03,-815,-33.958333
7974,7.97400000e+03,-815,-33.958333
7975,7.97500000e+03,-845,-35.208333
7976,7.97600000e+03,-845,-35.208333
7977,7.97700000e+03,-845,-35.208333
7978,7.97800000e+03,-845,-35.208333
7979,7.97900000e+03,-845,-35.208333
7980,7.98000000e+03,-885,-36.875000
7981,7.98100000e+03,-885,-36.875000
7982,7.98200000e+03,-885,-36.875000
7983,7.98300000e+03,-885,-36.875000
7984,7.98400000e+03,-885,-36.875000
7985,7.98500000e+03,-911,-37.958333
7986,7.98600000e+03,-911,-37.958333
7987,7.98700000e+03,-911,-37.958333
7988,7.98800000e+03,-911,-37.958333
7989,7.98900000e+03,-911,-37.958333
7990,7.99000000e+03,-948,-39.500000
7991,7.99100000e+03,-948,-39.500000
7992,7.99200000e+03,-948,-39.500000
7993,7.99300000e+03,-948,-39.500000
7994,7.99400000e+03,-948,-39.500000
7995,7.99500000e+03,-983,-40.958333
7996,7.99600000e+03,-983,-40.958333
7997,7.99700000e+03,-983,-40.958333
7998,7.99800000e+03,-983,-40.958333
7999,7.99900000e+03,-983,-40.958333
8000,8.00000000e+03,-1013,-42.208333
8001,8.00100000e+03,-1013,-42.208333
8002,8.00200000e+03,-1013,-42.208333
8003,8.00300000e+03,-1013,-42.208333
8004,8.00400000e+03,-1013,-42.208333
8005,8.00500000e+03,-1043,-43.458333
8006,8.00600000e+03,-1043,-43.458333
8007,8.00700000e+03,-1043,-43.458333
8008,8.00800000e+03,-1043,-43.458333
8009,8.00900000e+03,-1043,-43.458333
8010,8.01000000e+03,-1076,-44.833333
8011,8.01100000e+03,-1076,-44.833333
8012,8.01200000e+03,-1076,-44.833333
8013,8.01300000e+03,-1076,-44.833333
8014,8.01400000e+03,-1076,-44.833333
8015,8.01500000e+03,-1105,-46.041667
8016,8.01600000e+03,-1105,-46.041667
8017,8.01700000e+03,-1105,-46.041667
8018,8.01800000e+03,-1105,-46.041667
8019,8.01900000e+03,-1105,-46.041667
8020,8.02000000e+03,-1133,-47.208333
8021,8.02100000e+03,-1133,-47.208333
8022,8.02200000e+03,-1133,-47.208333
8023,8.02300000e+03,-1133,-47.208333
8024,8.02400000e+03,-1133,-47.208333
8025,8.02500000e+03,-1165,-48.541667
8026,8.02600000e+03,-1165,-48.541667
8027,8.02700000e+03,-1165,-48.541667
8028,8.02800000e+03,-1165,-48.541667
8029,8.02900000e+03,-1165,-48.541667
8030,8.03000000e+03,-1196,-49.833333
8031,8.03100000e+03,-1196,-49.833333
8032,8.03200000e+03,-1196,-49.833333
8033,8.03300000e+03,-1196,-49.833333
8034,8.03400000e+03,-1196,-49.833333
8035,8.03500000e+03,-1226,-51.083333
8036,8.03600000e+03,-1226,-51.083333
8037,8.03700000e+03,-1226,-51.083333
8038,8.03800000e+03,-1226,-51.083333
8039,8.03900000e+03,-1226,-51.083333
8040,8.04000000e+03,-1256,-52.333333
8041,8.04100000e+03,-1256,-52.333333
8042,8.04200000e+03,-1256,-52.333333
8043,8.04300000e+03,-1256,-52.333333
8044,8.04400000e+03,-1256,-52.333333
8045,8.04500000e+03,-1289,-53.708333
8046,8.04600000e+03,-1289,-53.708333
8047,8.04700000e+03,-1289,-53.708333
8048,8.04800000e+03,-1289,-53.708333
8049,8.04900000e+03,-1289,-53.708333
8050,8.05000000e+03,-1324,-55.166667
8051,8.05100000e+03,-1324,-55.166667
8052,8.05200000e+03,-1324,-55.166667
8053,8.05300000e+03,-1324,-55.166667
8054,8.05400000e+03,-1324,-55.166667
8055,8.05500000e+03,-1356,-56.500000
8056,8.05600000e+03,-1356,-56.500000
8057,8.05700000e+03,-1356,-56.500000
8058,8.05800000e+03,-1356,-56.500000
8059,8.05900000e+03,-1356,-56.500000
8060,8.06000000e+03,-1394,-58.083333
8061,8.06100000e+03,-1394,-58.083333
8062,8.06200000e+03,-1394,-58.083333
8063,8.06300000e+03,-1394,-58.083333
8064,8.06400000e+03,-1394,-58.083333
8065,8.06500000e+03,-1427,-59.458333
8066,8.06600000e+03,-1427,-59.458333
8067,8.06700000e+03,-1427,-59.458333
8068,8.06800000e+03,-1427,-59.458333
8069,8.06900000e+03,-1427,-59.458333
8070,8.07000000e+03,-1467,-61.125000
8071,8.07100000e+03,-1467,-61.125000
8072,8.07200000e+03,-1467,-61.125000
8073,8.07300000e+03,-1467,-61.125000
8074,8.07400000e+03,-1467,-61.125000
8075,8.07500000e+03,-1504,-62.666667
8076,8.07600000e+03,-1504,-62.666667
8077,8.07700000e+03,-1504,-62.666667
8078,8.07800000e+03,-1504,-62.666667
8079,8.07900000e+03,-1504,-62.666667
8080,8.08000000e+03,-1539,-64.125000
8081,8.08100000e+03,-1539,-64.125000
8082,8.08200000e+03,-1539,-64.125000
8083,8.08300000e+03,-1539,-64.125000
8084,8.08400000e+03,-1539,-64.125000
8085,8.08500000e+03,-1575,-65.625000
8086,8.08600000e+03,-1575,-65.625000
8087,8.08700000e+03,-1575,-65.625000
8088,8.08800000e+03,-1575,-65.625000
8089,8.08900000e+03,-1575,-65.625000
8090,8.09000000e+03,-1611,-67.125000
8091,8.09100000e+03,-1611,-67.125000
8092,8.09200000e+03,-1611,-67.125000
8093,8.09300000e+03,-1611,-67.125000
8094,8.09400000e+03,-1611,-67.125000
8095,8.09500000e+03,-1644,-68.500000
8096,8.09600000e+03,-1644,-68.500000
8097,8.09700000e+03,-1644,-68.500000
8098,8.09800000e+03,-1644,-68.500000
8099,8.09900000e+03,-1644,-68.500000
8100,8.10000000e+03,-1674,-69.750000
8101,8.10100000e+03,-1674,-69.750000
8102,8.10200000e+03,-1674,-69.750000
8103,8.10300000e+03,-1674,-69.750000
8104,8.10400000e+03,-1674,-69.750000
8105,8.10500000e+03,-1705,-71.041667
8106,8.10600000e+03,-1705,-71.041667
8107,8.10700000e+03,-1705,-71.041667
8108,8.10800000e+03,-1705,-71.041667
8109,8.10900000e+03,-1705,-71.041667
8110,8.11000000e+03,-1733,-72.208333
8111,8.11100000e+03,-1733,-72.208333
8112,8.11200000e+03,-1733,-72.208333
8113,8.11300000e+03,-1733,-72.208333
8114,8.11400000e+03,-1733,-72.208333
8115,8.11500000e+03,-1759,-73.291667
8116,8.11600000e+03,-1759,-73.291667
8117,8.11700000e+03,-1759,-73.291667
8118,8.11800000e+03,-1759,-73.291667
8119,8.11900000e+03,-1759,-73.291667
8120,8.12000000e+03,-1782,-74.250000
8121,8.12100000e+03,-1782,-74.250000
8122,8.12200000e+03,-1782,-74.250000
8123,8.12300000e+03,-1782,-74.250000
8124,8.12400000e+03,-1782,-74.250000
8125,8.12500000e+03,-1804,-75.166667
8126,8.12600000e+03,-1804,-75.166667
8127,8.12700000e+03,-1804,-75.166667
8128,8.12800000e+03,-1804,-75.166667
8129,8.12900000e+03,-1804,-75.166667
8130,8.13000000e+03,-1824,-76.000000
8131,8.13100000e+03,-1824,-76.000000
8132,8.13200000e+03,-1824,-76.000000
8133,8.13300000e+03,-1824,-76.000000
8134,8.13400000e+03,-1824,-76.000000
8135,8.13500000e+03,-1848,-77.000000
8136,8.13600000e+03,-1848,-77.000000
8137,8.13700000e+03,-1848,-77.000000
8138,8.13800000e+03,-1848,-77.000000
8139,8.13900000e+03,-1848,-77.000000
8140,8.14000000e+03,-1865,-77.708333
8141,8.14100000e+03,-1865,-77.708333
8142,8.14200000e+03,-1865,-77.708333
8143,8.14300000e+03,-1865,-77.708333
8144,8.14400000e+03,-1865,-77.708333
8145,8.14500000e+03,-1888,-78.666667
8146,8.14600000e+03,-1888,-78.666667
8147,8.14700000e+03,-1888,-78.666667
8148,8.14800000e+03,-1888,-78.666667
8149,8.14900000e+03,-1888,-78.666667
8150,8.15000000e+03,-1909,-79.541667
8151,8.15100000e+03,-1909,-79.541667
8152,8.15200000e+03,-1909,-79.541667
8153,8.15300000e+03,-1909,-79.541667
8154,8.15400000e+03,-1909,-79.541667
8155,8.15500000e+03,-1933,-80.541667
8156,8.15600000e+03,-1933,-80.541667
8157,8.15700000e+03,-1933,-80.541667
8158,8.15800000e+03,-1933,-80.541667
8159,8.15900000e+03,-1933,-80.541667
8160,8.16000000e+03,-1952,-81.333333
8161,8.16100000e+03,-1952,-81.333333
8162,8.16200000e+03,-1952,-81.333333
8163,8.16300000e+03,-1952,-81.333333
8164,8.16400000e+03,-1952,-81.333333
8165,8.16500000e+03,-1970,-82.083333
8166,8.16600000e+03,-1970,-82.083333
8167,8.16700000e+03,-1970,-82.083333
8168,8.16800000e+03,-1970,-82.083333
8169,8.16900000e+03,-1970,-82.083333
8170,8.17000000e+03,-1990,-82.916667
8171,8.17100000e+03,-1990,-82.916667
8172,8.17200000e+03,-1990,-82.916667
8173,8.17300000e+03,-1990,-82.916667
8174,8.17400000e+03,-1990,-82.916667
8175,8.17500000e+03,-2015,-83.958333
8176,8.17600000e+03,-2015,-83.958333
8177,8.17700000e+03,-2015,-83.958333
8178,8.17800000e+03,-2015,-83.958333
8179,8.17900000e+03,-2015,-83.958333
8180,8.18000000e+03,-2036,-84.833333
8181,8.18100000e+03,-2036,-84.833333
8182,8.18200000e+03,-2036,-84.833333
8183,8.18300000e+03,-2036,-84.833333
8184,8.18400000e+03,-2036,-84.833333
8185,8.18500000e+03,-2062,-85.916667
8186,8.18600000e+03,-2062,-85.916667
8187,8.18700000e+03,-2062,-85.916667
8188,8.18800000e+03,-2062,-85.916667
8189,8.18900000e+03,-2062,-85.916667
8190,8.19000000e+03,-2084,-86.833333
8191,8.19100000e+03,-2084,-86.833333
8192,8.19200000e+03,-2084,-86.833333
8193,8.19300000e+03,-2084,-86.833333
8194,8.19400000e+03,-2084,-86.833333
8195,8.19500000e+03,-2112,-88.000000
8196,8.19600000e+03,-2112,-88.000000
8197,8.19700000e+03,-2112,-88.000000
8198,8.19800000e+03,-2112,-88.000000
8199,8.19900000e+03,-2112,-88.000000
8200,8.20000000e+03,-2134,-88.916667
8201,8.20100000e+03,-2134,-88.916667
8202,8.20200000e+03,-2134,-88.916667
8203,8.20300000e+03,-2134,-88.916667
8204,8.20400000e+03,-2134,-88.916667
8205,8.20500000e+03,-2161,-90.041667
8206,8.20600000e+03,-2161,-90.041667
8207,8.20700000e+03,-2161,-90.041667
8208,8.20800000e+03,-2161,-90.041667
8209,8.20900000e+03,-2161,-90.041667
8210,8.21000000e+03,-2182,-90.916667
8211,8.21100000e+03,-2182,-90.916667
8212,8.21200000e+03,-2182,-90.916667
8213,8.21300000e+03,-2182,-90.916667
8214,8.21400000e+03,-2182,-90.916667
8215,8.21500000e+03,-2203,-91.791667
8216,8.21600000e+03,-2203,-91.791667
8217,8.21700000e+03,-2203,-91.791667
8218,8.21800000e+03,-2203,-91.791667
8219,8.21900000e+03,-2203,-91.791667
8220,8.22000000e+03,-2223,-92.625000
8221,8.22100000e+03,-2223,-92.625000
8222,8.22200000e+03,-2223,-92.625000
8223,8.22300000e+03,-2223,-92.625000
8224,8.22400000e+03,-2223,-92.625000
8225,8.22500000e+03,-2241,-93.375000
8226,8.22600000e+03,-2241,-93.375000
8227,8.22700000e+03,-2241,-93.375000
8228,8.22800000e+03,-2241,-93.375000
8229,8.22900000e+03,-2241,-93.375000
8230,8.23000000e+03,-2260,-94.166667
8231,8.23100000e+03,-2260,-94.166667
8232,8.23200000e+03,-2260,-94.166667
8233,8.23300000e+03,-2260,-94.166667
8234,8.23400000e+03,-2260,-94.166667
8235,8.23500000e+03,-2270,-94.583333
8236,8.23600000e+03,-2270,-94.583333
8237,8.23700000e+03,-2270,-94.583333
8238,8.23800000e+03,-2270,-94.583333
8239,8.23900000e+03,-2270,-94.583333
8240,8.24000000e+03,-2285,-95.208333
8241,8.24100000e+03,-2285,-95.208333
8242,8.24200000e+03,-2285,-95.208333
8243,8.24300000e+03,-2285,-95.208333
8244,8.24400000e+03,-2285,-95.208333
8245,8.24500000e+03,-2298,-95.750000
8246,8.24600000e+03,-2298,-95.750000
8247,8.24700000e+03,-2298,-95.750000
8248,8.24800000e+03,-2298,-95.750000
8249,8.24900000e+03,-2298,-95.750000
8250,8.25000000e+03,-2307,-96.125000
8251,8.25100000e+03,-2307,-96.125000
8252,8.25200000e+03,-2307,-96.125000
8253,8.25300000e+03,-2307,-96.125000
8254,8.25400000e+03,-2307,-96.125000
8255,8.25500000e+03,-2319,-96.625000
8256,8.25600000e+03,-2319,-96.625000
8257,8.25700000e+03,-2319,-96.625000
8258,8.25800000e+03,-2319,-96.625000
8259,8.25900000e+03,-2319,-96.625000
8260,8.26000000e+03,-2332,-97.166667
8261,8.26100000e+03,-2332,-97.166667
8262,8.26200000e+03,-2332,-97.166667
8263,8.26300000e+03,-2332,-97.166667
8264,8.26400000e+03,-2332,-97.166667
8265,8.26500000e+03,-2347,-97.791667
8266,8.26600000e+03,-2347,-97.791667
8267,8.26700000e+03,-2347,-97.791667
8268,8.26800000e+03,-2347,-97.791667
8269,8.26900000e+03,-2347,-97.791667
8270,8.27000000e+03,-2356,-98.166667
8271,8.27100000e+03,-2356,-98.166667
8272,8.27200000e+03,-2356,-98.166667
8273,8.27300000e+03,-2356,-98.166667
8274,8.27400000e+03,-2356,-98.166667
8275,8.27500000e+03,-2375,-98.958333
8276,8.27600000e+03,-2375,-98.958333
8277,8.27700000e+03,-2375,-98.958333
8278,8.27800000e+03,-2375,-98.958333
8279,8.27900000e+03,-2375,-98.958333
8280,8.28000000e+03,-2391,-99.625000
8281,8.28100000e+03,-2391,-99.625000
8282,8.28200000e+03,-2391,-99.625000
8283,8.28300000e+03,-2391,-99.625000
8284,8.28400000e+03,-2391,-99.625000
8285,8.28500000e+03,-2409,-100.375000
8286,8.28600000e+03,-2409,-100.375000
8287,8.28700000e+03,-2409,-100.375000
8288,8.28800000e+03,-2409,-100.375000
8289,8.28900000e+03,-2409,-100.375000
8290,8.29000000e+03,-2429,-101.208333
8291,8.29100000e+03,-2429,-101.208333
8292,8.29200000e+03,-2429,-101.208333
8293,8.29300000e+03,-2429,-101.208333
8294,8.29400000e+03,-2429,-101.208333
8295,8.29500000e+03,-2455,-102.291667
8296,8.29600000e+03,-2455,-102.291667
8297,8.29700000e+03,-2455,-102.291667
8298,8.29800000e+03,-2455,-102.291667
8299,8.29900000e+03,-2455,-102.291667
8300,8.30000000e+03,-2477,-103.208333
8301,8.30100000e+03,-2477,-103.208333
8302,8.30200000e+03,-2477,-103.208333
8303,8.30300000e+03,-2477,-103.208333
8304,8.30400000e+03,-2477,-103.208333
8305,8.30500000e+03,-2507,-104.458333
8306,8.30600000e+03,-2507,-104.458333
8307,8.30700000e+03,-2507,-104.458333
8308,8.30800000e+03,-2507,-104.458333
8309,8.30900000e+03,-2507,-104.458333
8310,8.31000000e+03,-2533,-105.541667
8311,8.31100000e+03,-2533,-105.541667
8312,8.31200000e+03,-2533,-105.541667
8313,8.31300000e+03,-2533,-105.541667
8314,8.31400000e+03,-2533,-105.541667
8315,8.31500000e+03,-2558,-106.583333
8316,8.31600000e+03,-2558,-106.583333
8317,8.31700000e+03,-2558,-106.583333
8318,8.31800000e+03,-2558,-106.583333
8319,8.31900000e+03,-2558,-106.583333
8320,8.32000000e+03,-2582,-107.583333
8321,8.32100000e+03,-2582,-107.583333
8322,8.32200000e+03,-2582,-107.583333
8323,8.32300000e+03,-2582,-107.583333
8324,8.32400000e+03,-2582,-107.583333
8325,8.32500000e+03,-2606,-108.583333
8326,8.32600000e+03,-2606,-108.583333
8327,8.32700000e+03,-2606,-108.583333
8328,8.32800000e+03,-2606,-108.583333
8329,8.32900000e+03,-2606,-108.583333
8330,8.33000000e+03,-2627,-109.458333
8331,8.33100000e+03,-2627,-109.458333
8332,8.33200000e+03,-2627,-109.458333
8333,8.33300000e+03,-2627,-109.458333
8334,8.33400000e+03,-2627,-109.458333
8335,8.33500000e+03,-2644,-110.166667
8336,8.33600000e+03,-2644,-110.166667
8337,8.33700000e+03,-2644,-110.166667
8338,8.33800000e+03,-2644,-110.166667
8339,8.33900000e+03,-2644,-110.166667
8340,8.34000000e+03,-2660,-110.833333
8341,8.34100000e+03,-2660,-110.833333
8342,8.34200000e+03,-2660,-110.833333
8343,8.34300000e+03,-2660,-110.833333
8344,8.34400000e+03,-2660,-110.833333
8345,8.34500000e+03,-2673,-111.375000
8346,8.34600000e+03,-2673,-111.375000
8347,8.34700000e+03,-2673,-111.375000
8348,8.34800000e+03,-2673,-111.375000
8349,8.34900000e+03,-2673,-111.375000
8350,8.35000000e+03,-2688,-112.000000
8351,8.35100000e+03,-2688,-112.000000
8352,8.35200000e+03,-2688,-112.000000
8353,8.35300000e+03,-2688,-112.000000
8354,8.35400000e+03,-2688,-112.000000
8355,8.35500000e+03,-2694,-112.250000
8356,8.35600000e+03,-2694,-112.250000
8357,8.35700000e+03,-2694,-112.250000
8358,8.35800000e+03,-2694,-112.250000
8359,8.35900000e+03,-2694,-112.250000
8360,8.36000000e+03,-2705,-112.708333
8361,8.36100000e+03,-2705,-112.708333
8362,8.36200000e+03,-2705,-112.708333
8363,8.36300000e+03,-2705,-112.708333
8364,8.36400000e+03,-2705,-112.708333
8365,8.36500000e+03,-2716,-113.166667
8366,8.36600000e+03,-2716,-113.166667
8367,8.36700000e+03,-2716,-113.166667
8368,8.36800000e+03,-2716,-113.166667
8369,8.36900000e+03,-2716,-113.166667
8370,8.37000000e+03,-2727,-113.625000
8371,8.37100000e+03,-2727,-113.625000
8372,8.37200000e+03,-2727,-113.625000
8373,8.37300000e+03,-2727,-113.625000
8374,8.37400000e+03,-2727,-113.625000
8375,8.37500000e+03,-2737,-114.041667
8376,8.37600000e+03,-2737,-114.041667
8377,8.37700000e+03,-2737,-114.041667
8378,8.37800000e+03,-2737,-114.041667
8379,8.37900000e+03,-2737,-114.041667
8380,8.38000000e+03,-2749,-114.541667
8381,8.38100000e+03,-2749,-114.541667
8382,8.38200000e+03,-2749,-114.541667
8383,8.38300000e+03,-2749,-114.541667
8384,8.38400000e+03,-2749,-114.541667
8385,8.38500000e+03,-2763,-115.125000
8386,8.38600000e+03,-2763,-115.125000
8387,8.38700000e+03,-2763,-115.125000
8388,8.38800000e+03,-2763,-115.125000
8389,8.38900000e+03,-2763,-115.125000
8390,8.39000000e+03,-2777,-115.708333
8391,8.39100000e+03,-2777,-115.708333
8392,8.39200000e+03,-2777,-115.708333
8393,8.39300000e+03,-2777,-115.708333
8394,8.39400000e+03,-2777,-115.708333
8395,8.39500000e+03,-2792,-116.333333
8396,8.39600000e+03,-2792,-116.333333
8397,8.39700000e+03,-2792,-116.333333
8398,8.39800000e+03,-2792,-116.333333
8399,8.39900000e+03,-2792,-116.333333
8400,8.40000000e+03,-2809,-117.041667
8401,8.40100000e+03,-2809,-117.041667
8402,8.40200000e+03,-2809,-117.041667
8403,8.40300000e+03,-2809,-117.041667
8404,8.40400000e+03,-2809,-117.041667
8405,8.40500000e+03,-2824,-117.666667
8406,8.40600000e+03,-2824,-117.666667
8407,8.40700000e+03,-2824,-117.666667
8408,8.40800000e+03,-2824,-117.666667
8409,8.40900000e+03,-2824,-117.666667
8410,8.41000000e+03,-2846,-118.583333
8411,8.41100000e+03,-2846,-118.583333
8412,8.41200000e+03,-2846,-118.583333
8413,8.41300000e+03,-2846,-118.583333
8414,8.41400000e+03,-2846,-118.583333
8415,8.41500000e+03,-2862,-119.250000
8416,8.41600000e+03,-2862,-119.250000
8417,8.41700000e+03,-2862,-119.250000
8418,8.41800000e+03,-2862,-119.250000
8419,8.41900000e+03,-2862,-119.250000
8420,8.42000000e+03,-2884,-120.166667
8421,8.42100000e+03,-2884,-120.166667
8422,8.42200000e+03,-2884,-120.166667
8423,8.42300000e+03,-2884,-120.166667
8424,8.42400000e+03,-2884,-120.166667
8425,8.42500000e+03,-2906,-121.083333
8426,8.42600000e+03,-2906,-121.083333
8427,8.42700000e+03,-2906,-121.083333
8428,8.42800000e+03,-2906,-121.083333
8429,8.42900000e+03,-2906,-121.083333
8430,8.43000000e+03,-2923,-121.791667
8431,8.43100000e+03,-2923,-121.791667
8432,8.43200000e+03,-2923,-121.791667
8433,8.43300000e+03,-2923,-121.791667
8434,8.43400000e+03,-2923,-121.791667
8435,8.43500000e+03,-2946,-122.750000
8436,8.43600000e+03,-2946,-122.750000
8437,8.43700000e+03,-2946,-122.750000
8438,8.43800000e+03,-2946,-122.750000
8439,8.43900000e+03,-2946,-122.750000
8440,8.44000000e+03,-2967,-123.625000
8441,8.44100000e+03,-2967,-123.625000
8442,8.44200000e+03,-2967,-123.625000
8443,8.44300000e+03,-2967,-123.625000
8444,8.44400000e+03,-2967,-123.625000
8445,8.44500000e+03,-2984,-124.333333
8446,8.44600000e+03,-2984,-124.333333
8447,8.44700000e+03,-2984,-124.333333
8448,8.44800000e+03,-2984,-124.333333
8449,8.44900000e+03,-2984,-124.333333
8450,8.45000000e+03,-2998,-124.916667
8451,8.45100000e+03,-2998,-124.916667
8452,8.45200000e+03,-2998,-124.916667
8453,8.45300000e+03,-2998,-124.916667
8454,8.45400000e+03,-2998,-124.916667
8455,8.45500000e+03,-3014,-125.583333
8456,8.45600000e+03,-3014,-125.583333
8457,8.45700000e+03,-3014,-125.583333
8458,8.45800000e+03,-3014,-125.583333
8459,8.45900000e+03,-3014,-125.583333
8460,8.46000000e+03,-3024,-126.000000
8461,8.46100000e+03,-3024,-126.000000
8462,8.46200000e+03,-3024,-126.000000
8463,8.46300000e+03,-3024,-126.000000
8464,8.46400000e+03,-3024,-126.000000
8465,8.46500000e+03,-3037,-126.541667
8466,8.46600000e+03,-3037,-126.541667
8467,8.46700000e+03,-3037,-126.541667
8468,8.46800000e+03,-3037,-126.541667
8469,8.46900000e+03,-3037,-126.541667
8470,8.47000000e+03,-3044,-126.833333
8471,8.47100000e+03,-3044,-126.833333
8472,8.47200000e+03,-3044,-126.833333
8473,8.47300000e+03,-3044,-126.833333
8474,8.47400000e+03,-3044,-126.833333
8475,8.47500000e+03,-3052,-127.166667
8476,8.47600000e+03,-3052,-127.166667
8477,8.47700000e+03,-3052,-127.166667
8478,8.47800000e+03,-3052,-127.166667
8479,8.47900000e+03,-3052,-127.166667
8480,8.48000000e+03,-3061,-127.541667
8481,8.48100000e+03,-3061,-127.541667
8482,8.48200000e+03,-3061,-127.541667
8483,8.48300000e+03,-3061,-127.541667
8484,8.48400000e+03,-3061,-127.541667
8485,8.48500000e+03,-3063,-127.625000
8486,8.48600000e+03,-3063,-127.625000
8487,8.48700000e+03,-3063,-127.625000
8488,8.48800000e+03,-3063,-127.625000
8489,8.48900000e+03,-3063,-127.625000
8490,8.49000000e+03,-3071,-127.958333
8491,8.49100000e+03,-3071,-127.958333
8492,8.49200000e+03,-3071,-127.958333
8493,8.49300000e+03,-3071,-127.958333
8494,8.49400000e+03,-3071,-127.958333
8495,8.49500000e+03,-3079,-128.291667
8496,8.49600000e+03,-3079,-128.291667
8497,8.49700000e+03,-3079,-128.291667
8498,8.49800000e+03,-3079,-128.291667
8499,8.49900000e+03,-3079,-128.291667
8500,8.50000000e+03,-3086,-128.583333
8501,8.50100000e+03,-3086,-128.583333
8502,8.50200000e+03,-3086,-128.583333
8503,8.50300000e+03,-3086,-128.583333
8504,8.50400000e+03,-3086,-128.583333
8505,8.50500000e+03,-3090,-128.750000
8506,8.50600000e+03,-3090,-128.750000
8507,8.50700000e+03,-3090,-128.750000
8508,8.50800000e+03,-3090,-128.750000
8509,8.50900000e+03,-3090,-128.750000
8510,8.51000000e+03,-3098,-129.083333
8511,8.51100000e+03,-3098,-129.083333
8512,8.51200000e+03,-3098,-129.083333
8513,8.51300000e+03,-3098,-129.083333
8514,8.51400000e+03,-3098,-129.083333
8515,8.51500000e+03,-3107,-129.458333
8516,8.51600000e+03,-3107,-129.458333
8517,8.51700000e+03,-3107,-129.458333
8518,8.51800000e+03,-3107,-129.458333
8519,8.51900000e+03,-3107,-129.458333
8520,8.52000000e+03,-3119,-129.958333
8521,8.52100000e+03,-3119,-129.958333
8522,8.52200000e+03,-3119,-129.958333
8523,8.52300000e+03,-3119,-129.958333
8524,8.52400000e+03,-3119,-129.958333
8525,8.52500000e+03,-3129,-130.375000
8526,8.52600000e+03,-3129,-130.375000
8527,8.52700000e+03,-3129,-130.375000
8528,8.52800000e+03,-3129,-130.375000
8529,8.52900000e+03,-3129,-130.375000
8530,8.53000000e+03,-3140,-130.833333
8531,8.53100000e+03,-3140,-130.833333
8532,8.53200000e+03,-3140,-130.833333
8533,8.53300000e+03,-3140,-130.833333
8534,8.53400000e+03,-3140,-130.833333
8535,8.53500000e+03,-3156,-131.500000
8536,8.53600000e+03,-3156,-131.500000
8537,8.53700000e+03,-3156,-131.500000
8538,8.53800000e+03,-3156,-131.500000
8539,8.53900000e+03,-3156,-131.500000
8540,8.54000000e+03,-3165,-131.875000
8541,8.54100000e+03,-3165,-131.875000
8542,8.54200000e+03,-3165,-131.875000
8543,8.54300000e+03,-3165,-131.875000
8544,8.54400000e+03,-3165,-131.875000
8545,8.54500000e+03,-3176,-132.333333
8546,8.54600000e+03,-3176,-132.333333
8547,8.54700000e+03,-3176,-132.333333
8548,8.54800000e+03,-3176,-132.333333
8549,8.54900000e+03,-3176,-132.333333
8550,8.55000000e+03,-3191,-132.958333
8551,8.55100000e+03,-3191,-132.958333
8552,8.55200000e+03,-3191,-132.958333
8553,8.55300000e+03,-3191,-132.958333
8554,8.55400000e+03,-3191,-132.958333
8555,8.55500000e+03,-3203,-133.458333
8556,8.55600000e+03,-3203,-133.458333
8557,8.55700000e+03,-3203,-133.458333
8558,8.55800000e+03,-3203,-133.458333
8559,8.55900000e+03,-3203,-133.458333
8560,8.56000000e+03,-3211,-133.791667
8561,8.56100000e+03,-3211,-133.791667
8562,8.56200000e+03,-3211,-133.791667
8563,8.56300000e+03,-3211,-133.791667
8564,8.56400000e+03,-3211,-133.791667
8565,8.56500000e+03,-3214,-133.916667
8566,8.56600000e+03,-3214,-133.916667
8567,8.56700000e+03,-3214,-133.916667
8568,8.56800000e+03,-3214,-133.916667
8569,8.56900000e+03,-3214,-133.916667
8570,8.57000000e+03,-3217,-134.041667
8571,8.57100000e+03,-3217,-134.041667
8572,8.57200000e+03,-3217,-134.041667
8573,8.57300000e+03,-3217,-134.041667
8574,8.57400000e+03,-3217,-134.041667
8575,8.57500000e+03,-3214,-133.916667
8576,8.57600000e+03,-3214,-133.916667
8577,8.57700000e+03,-3214,-133.916667
8578,8.57800000e+03,-3214,-133.916667
8579,8.57900000e+03,-3214,-133.916667
8580,8.58000000e+03,-3206,-133.583333
8581,8.58100000e+03,-3206,-133.583333
8582,8.58200000e+03,-3206,-133.583333
8583,8.58300000e+03,-3206,-133.583333
8584,8.58400000e+03,-3206,-133.583333
8585,8.58500000e+03,-3199,-133.291667
8586,8.58600000e+03,-3199,-133.291667
8587,8.58700000e+03,-3199,-133.291667
8588,8.58800000e+03,-3199,-133.291667
8589,8.58900000e+03,-3199,-133.291667
8590,8.59000000e+03,-3189,-132.875000
8591,8.59100000e+03,-3189,-132.875000
8592,8.59200000e+03,-3189,-132.875000
8593,8.59300000e+03,-3189,-132.875000
8594,8.59400000e+03,-3189,-132.875000
8595,8.59500000e+03,-3175,-132.291667
8596,8.59600000e+03,-3175,-132.291667
8597,8.59700000e+03,-3175,-132.291667
8598,8.59800000e+03,-3175,-132.291667
8599,8.59900000e+03,-3175,-132.291667
8600,8.60000000e+03,-3162,-131.750000
8601,8.60100000e+03,-3162,-131.750000
8602,8.60200000e+03,-3162,-131.750000
8603,8.60300000e+03,-3162,-131.750000
8604,8.60400000e+03,-3162,-131.750000
8605,8.60500000e+03,-3150,-131.250000
8606,8.60600000e+03,-3150,-131.250000
8607,8.60700000e+03,-3150,-131.250000
8608,8.60800000e+03,-3150,-131.250000
8609,8.60900000e+03,-3150,-131.250000
8610,8.61000000e+03,-3138,-130.750000
8611,8.61100000e+03,-3138,-130.750000
8612,8.61200000e+03,-3138,-130.750000
8613,8.61300000e+03,-3138,-130.750000
8614,8.61400000e+03,-3138,-130.750000
8615,8.61500000e+03,-3126,-130.250000
8616,8.61600000e+03,-3126,-130.250000
8617,8.61700000e+03,-3126,-130.250000
8618,8.61800000e+03,-3126,-130.250000
8619,8.61900000e+03,-3126,-130.250000
8620,8.62000000e+03,-3116,-129.833333
8621,8.62100000e+03,-3116,-129.833333
8622,8.62200000e+03,-3116,-129.833333
8623,8.62300000e+03,-3116,-129.833333
8624,8.62400000e+03,-3116,-129.833333
8625,8.62500000e+03,-3103,-129.291667
8626,8.62600000e+03,-3103,-129.291667
8627,8.62700000e+03,-3103,-129.291667
8628,8.62800000e+03,-3103,-129.291667
8629,8.62900000e+03,-3103,-129.291667
8630,8.63000000e+03,-3095,-128.958333
8631,8.63100000e+03,-3095,-128.958333
8632,8.63200000e+03,-3095,-128.958333
8633,8.63300000e+03,-3095,-128.958333
8634,8.63400000e+03,-3095,-128.958333
8635,8.63500000e+03,-3085,-128.541667
8636,8.63600000e+03,-3085,-128.541667
8637,8.63700000e+03,-3085,-128.541667
8638,8.63800000e+03,-3085,-128.541667
8639,8.63900000e+03,-3085,-128.541667
8640,8.64000000e+03,-3079,-128.291667
8641,8.64100000e+03,-3079,-128.291667
8642,8.64200000e+03,-3079,-128.291667
8643,8.64300000e+03,-3079,-128.291667
8644,8.64400000e+03,-3079,-128.291667
8645,8.64500000e+03,-3068,-127.833333
8646,8.64600000e+03,-3068,-127.833333
8647,8.64700000e+03,-3068,-127.833333
8648,8.64800000e+03,-3068,-127.833333
8649,8.64900000e+03,-3068,-127.833333
8650,8.65000000e+03,-3061,-127.541667
8651,8.65100000e+03,-3061,-127.541667
8652,8.65200000e+03,-3061,-127.541667
8653,8.65300000e+03,-3061,-127.541667
8654,8.65400000e+03,-3061,-127.541667
8655,8.65500000e+03,-3053,-127.208333
8656,8.65600000e+03,-3053,-127.208333
8657,8.65700000e+03,-3053,-127.208333
8658,8.65800000e+03,-3053,-127.208333
8659,8.65900000e+03,-3053,-127.208333
8660,8.66000000e+03,-3044,-126.833333
8661,8.66100000e+03,-3044,-126.833333
8662,8.66200000e+03,-3044,-126.833333
8663,8.66300000e+03,-3044,-126.833333
8664,8.66400000e+03,-3044,-126.833333
8665,8.66500000e+03,-3038,-126.583333
8666,8.66600000e+03,-3038,-126.583333
8667,8.66700000e+03,-3038,-126.583333
8668,8.66800000e+03,-3038,-126.583333
8669,8.66900000e+03,-3038,-126.583333
8670,8.67000000e+03,-3037,-126.541667
8671,8.67100000e+03,-3037,-126.541667
8672,8.67200000e+03,-3037,-126.541667
8673,8.67300000e+03,-3037,-126.541667
8674,8.67400000e+03,-3037,-126.541667
8675,8.67500000e+03,-3028,-126.166667
8676,8.67600000e+03,-3028,-126.166667
8677,8.67700000e+03,-3028,-126.166667
8678,8.67800000e+03,-3028,-126.166667
8679,8.67900000e+03,-3028,-126.166667
8680,8.68000000e+03,-3017,-125.708333
8681,8.68100000e+03,-3017,-125.708333
8682,8.68200000e+03,-3017,-125.708333
8683,8.68300000e+03,-3017,-125.708333
8684,8.68400000e+03,-3017,-125.708333
8685,8.68500000e+03,-3007,-125.291667
8686,8.68600000e+03,-3007,-125.291667
8687,8.68700000e+03,-3007,-125.291667
8688,8.68800000e+03,-3007,-125.291667
8689,8.68900000e+03,-3007,-125.291667
8690,8.69000000e+03,-2993,-124.708333
8691,8.69100000e+03,-2993,-124.708333
8692,8.69200000e+03,-2993,-124.708333
8693,8.69300000e+03,-2993,-124.708333
8694,8.69400000e+03,-2993,-124.708333
8695,8.69500000e+03,-2983,-124.291667
8696,8.69600000e+03,-2983,-124.291667
8697,8.69700000e+03,-2983,-124.291667
8698,8.69800000e+03,-2983,-124.291667
8699,8.69900000e+03,-2983,-124.291667
8700,8.70000000e+03,-2964,-123.500000
8701,8.70100000e+03,-2964,-123.500000
8702,8.70200000e+03,-2964,-123.500000
8703,8.70300000e+03,-2964,-123.500000
8704,8.70400000e+03,-2964,-123.500000
8705,8.70500000e+03,-2946,-122.750000
8706,8.70600000e+03,-2946,-122.750000
8707,8.70700000e+03,-2946,-122.750000
8708,8.70800000e+03,-2946,-122.750000
8709,8.70900000e+03,-2946,-122.750000
8710,8.71000000e+03,-2926,-121.916667
8711,8.71100000e+03,-2926,-121.916667
8712,8.71200000e+03,-2926,-121.916667
8713,8.71300000e+03,-2926,-121.916667
8714,8.71400000e+03,-2926,-121.916667
8715,8.71500000e+03,-2908,-121.166667
8716,8.71600000e+03,-2908,-121.166667
8717,8.71700000e+03,-2908,-121.166667
8718,8.71800000e+03,-2908,-121.166667
8719,8.71900000e+03,-2908,-121.166667
8720,8.72000000e+03,-2886,-120.250000
8721,8.72100000e+03,-2886,-120.250000
8722,8.72200000e+03,-2886,-120.250000
8723,8.72300000e+03,-2886,-120.250000
8724,8.72400000e+03,-2886,-120.250000
8725,8.72500000e+03,-2865,-119.375000
8726,8.72600000e+03,-2865,-119.375000
8727,8.72700000e+03,-2865,-119.375000
8728,8.72800000e+03,-2865,-119.375000
8729,8.72900000e+03,-2865,-119.375000
8730,8.73000000e+03,-2839,-118.291667
8731,8.73100000e+03,-2839,-118.291667
8732,8.73200000e+03,-2839,-118.291667
8733,8.73300000e+03,-2839,-118.291667
8734,8.73400000e+03,-2839,-118.291667
8735,8.73500000e+03,-2821,-117.541667
8736,8.73600000e+03,-2821,-117.541667
8737,8.73700000e+03,-2821,-117.541667
8738,8.73800000e+03,-2821,-117.541667
8739,8.73900000e+03,-2821,-117.541667
8740,8.74000000e+03,-2804,-116.833333
8741,8.74100000e+03,-2804,-116.833333
8742,8.74200000e+03,-2804,-116.833333
8743,8.74300000e+03,-2804,-116.833333
8744,8.74400000e+03,-2804,-116.833333
8745,8.74500000e+03,-2784,-116.000000
8746,8.74600000e+03,-2784,-116.000000
8747,8.74700000e+03,-2784,-116.000000
8748,8.74800000e+03,-2784,-116.000000
8749,8.74900000e+03,-2784,-116.000000
8750,8.75000000e+03,-2766,-115.250000
8751,8.75100000e+03,-2766,-115.250000
8752,8.75200000e+03,-2766,-115.250000
8753,8.75300000e+03,-2766,-115.250000
8754,8.75400000e+03,-2766,-115.250000
8755,8.75500000e+03,-2750,-114.583333
8756,8.75600000e+03,-2750,-114.583333
8757,8.75700000e+03,-2750,-114.583333
8758,8.75800000e+03,-2750,-114.583333
8759,8.75900000e+03,-2750,-114.583333
8760,8.76000000e+03,-2735,-113.958333
8761,8.76100000e+03,-2735,-113.958333
8762,8.76200000e+03,-2735,-113.958333
8763,8.76300000e+03,-2735,-113.958333
8764,8.76400000e+03,-2735,-113.958333
8765,8.76500000e+03,-2719,-113.291667
8766,8.76600000e+03,-2719,-113.291667
8767,8.76700000e+03,-2719,-113.291667
8768,8.76800000e+03,-2719,-113.291667
8769,8.76900000e+03,-2719,-113.291667
8770,8.77000000e+03,-2710,-112.916667
8771,8.77100000e+03,-2710,-112.916667
8772,8.77200000e+03,-2710,-112.916667
8773,8.77300000e+03,-2710,-112.916667
8774,8.77400000e+03,-2710,-112.916667
8775,8.77500000e+03,-2699,-112.458333
8776,8.77600000e+03,-2699,-112.458333
8777,8.77700000e+03,-2699,-112.458333
8778,8.77800000e+03,-2699,-112.458333
8779,8.77900000e+03,-2699,-112.458333
8780,8.78000000e+03,-2688,-112.000000
8781,8.78100000e+03,-2688,-112.000000
8782,8.78200000e+03,-2688,-112.000000
8783,8.78300000e+03,-2688,-112.000000
8784,8.78400000e+03,-2688,-112.000000
8785,8.78500000e+03,-2676,-111.500000
8786,8.78600000e+03,-2676,-111.500000
8787,8.78700000e+03,-2676,-111.500000
8788,8.78800000e+03,-2676,-111.500000
8789,8.78900000e+03,-2676,-111.500000
8790,8.79000000e+03,-2667,-111.125000
8791,8.79100000e+03,-2667,-111.125000
8792,8.79200000e+03,-2667,-111.125000
8793,8.79300000e+03,-2667,-111.125000
8794,8.79400000e+03,-2667,-111.125000
8795,8.79500000e+03,-2652,-110.500000
8796,8.79600000e+03,-2652,-110.500000
8797,8.79700000e+03,-2652,-110.500000
8798,8.79800000e+03,-2652,-110.500000
8799,8.79900000e+03,-2652,-110.500000
8800,8.80000000e+03,-2638,-109.916667
8801,8.80100000e+03,-2638,-109.916667
8802,8.80200000e+03,-2638,-109.916667
8803,8.80300000e+03,-2638,-109.916667
8804,8.80400000e+03,-2638,-109.916667
8805,8.80500000e+03,-2620,-109.166667
8806,8.80600000e+03,-2620,-109.166667
8807,8.80700000e+03,-2620,-109.166667
8808,8.80800000e+03,-2620,-109.166667
8809,8.80900000e+03,-2620,-109.166667
8810,8.81000000e+03,-2602,-108.416667
8811,8.81100000e+03,-2602,-108.416667
8812,8.81200000e+03,-2602,-108.416667
8813,8.81300000e+03,-2602,-108.416667
8814,8.81400000e+03,-2602,-108.416667
8815,8.81500000e+03,-2577,-107.375000
8816,8.81600000e+03,-2577,-107.375000
8817,8.81700000e+03,-2577,-107.375000
8818,8.81800000e+03,-2577,-107.375000
8819,8.81900000e+03,-2577,-107.375000
8820,8.82000000e+03,-2559,-106.625000
8821,8.82100000e+03,-2559,-106.625000
8822,8.82200000e+03,-2559,-106.625000
8823,8.82300000e+03,-2559,-106.625000
8824,8.82400000e+03,-2559,-106.625000
8825,8.82500000e+03,-2530,-105.416667
8826,8.82600000e+03,-2530,-105.416667
8827,8.82700000e+03,-2530,-105.416667
8828,8.82800000e+03,-2530,-105.416667
8829,8.82900000e+03,-2530,-105.416667
8830,8.83000000e+03,-2501,-104.208333
8831,8.83100000e+03,-2501,-104.208333
8832,8.83200000e+03,-2501,-104.208333
8833,8.83300000e+03,-2501,-104.208333
8834,8.83400000e+03,-2501,-104.208333
8835,8.83500000e+03,-2471,-102.958333
8836,8.83600000e+03,-2471,-102.958333
8837,8.83700000e+03,-2471,-102.958333
8838,8.83800000e+03,-2471,-102.958333
8839,8.83900000e+03,-2471,-102.958333
8840,8.84000000e+03,-2448,-102.000000
8841,8.84100000e+03,-2448,-102.000000
8842,8.84200000e+03,-2448,-102.000000
8843,8.84300000e+03,-2448,-102.000000
8844,8.84400000e+03,-2448,-102.000000
8845,8.84500000e+03,-2422,-100.916667
8846,8.84600000e+03,-2422,-100.916667
8847,8.84700000e+03,-2422,-100.916667
8848,8.84800000e+03,-2422,-100.916667
8849,8.84900000e+03,-2422,-100.916667
8850,8.85000000e+03,-2399,-99.958333
8851,8.85100000e+03,-2399,-99.958333
8852,8.85200000e+03,-2399,-99.958333
8853,8.85300000e+03,-2399,-99.958333
8854,8.85400000e+03,-2399,-99.958333
8855,8.85500000e+03,-2379,-99.125000
8856,8.85600000e+03,-2379,-99.125000
8857,8.85700000e+03,-2379,-99.125000
8858,8.85800000e+03,-2379,-99.125000
8859,8.85900000e+03,-2379,-99.125000
8860,8.86000000e+03,-2363,-98.458333
8861,8.86100000e+03,-2363,-98.458333
8862,8.86200000e+03,-2363,-98.458333
8863,8.86300000e+03,-2363,-98.458333
8864,8.86400000e+03,-2363,-98.458333
8865,8.86500000e+03,-2343,-97.625000
8866,8.86600000e+03,-2343,-97.625000
8867,8.86700000e+03,-2343,-97.625000
8868,8.86800000e+03,-2343,-97.625000
8869,8.86900000e+03,-2343,-97.625000
8870,8.87000000e+03,-2326,-96.916667
8871,8.87100000e+03,-2326,-96.916667
8872,8.87200000e+03,-2326,-96.916667
8873,8.87300000e+03,-2326,-96.916667
8874,8.87400000e+03,-2326,-96.916667
8875,8.87500000e+03,-2312,-96.333333
8876,8.87600000e+03,-2312,-96.333333
8877,8.87700000e+03,-2312,-96.333333
8878,8.87800000e+03,-2312,-96.333333
8879,8.87900000e+03,-2312,-96.333333
8880,8.88000000e+03,-2300,-95.833333
8881,8.88100000e+03,-2300,-95.833333
8882,8.88200000e+03,-2300,-95.833333
8883,8.88300000e+03,-2300,-95.833333
8884,8.88400000e+03,-2300,-95.833333
8885,8.88500000e+03,-2292,-95.500000
8886,8.88600000e+03,-2292,-95.500000
8887,8.88700000e+03,-2292,-95.500000
8888,8.88800000e+03,-2292,-95.500000
8889,8.88900000e+03,-2292,-95.500000
8890,8.89000000e+03,-2275,-94.791667
8891,8.89100000e+03,-2275,-94.791667
8892,8.89200000e+03,-2275,-94.791667
8893,8.89300000e+03,-2275,-94.791667
8894,8.89400000e+03,-2275,-94.791667
8895,8.89500000e+03,-2265,-94.375000
8896,8.89600000e+03,-2265,-94.375000
8897,8.89700000e+03,-2265,-94.375000
8898,8.89800000e+03,-2265,-94.375000
8899,8.89900000e+03,-2265,-94.375000
8900,8.90000000e+03,-2252,-93.833333
8901,8.90100000e+03,-2252,-93.833333
8902,8.90200000e+03,-2252,-93.833333
8903,8.90300000e+03,-2252,-93.833333
8904,8.90400000e+03,-2252,-93.833333
8905,8.90500000e+03,-2240,-93.333333
8906,8.90600000e+03,-2240,-93.333333
8907,8.90700000e+03,-2240,-93.333333
8908,8.90800000e+03,-2240,-93.333333
8909,8.90900000e+03,-2240,-93.333333
8910,8.91000000e+03,-2226,-92.750000
8911,8.91100000e+03,-2226,-92.750000
8912,8.91200000e+03,-2226,-92.750000
8913,8.91300000e+03,-2226,-92.750000
8914,8.91400000e+03,-2226,-92.750000
8915,8.91500000e+03,-2214,-92.250000
8916,8.91600000e+03,-2214,-92.250000
8917,8.91700000e+03,-2214,-92.250000
8918,8.91800000e+03,-2214,-92.250000
8919,8.91900000e+03,-2214,-92.250000
8920,8.92000000e+03,-2198,-91.583333
8921,8.92100000e+03,-2198,-91.583333
8922,8.92200000e+03,-2198,-91.583333
8923,8.92300000e+03,-2198,-91.583333
8924,8.92400000e+03,-2198,-91.583333
8925,8.92500000e+03,-2177,-90.708333
8926,8.92600000e+03,-2177,-90.708333
8927,8.92700000e+03,-2177,-90.708333
8928,8.92800000e+03,-2177,-90.708333
8929,8.92900000e+03,-2177,-90.708333
8930,8.93000000e+03,-2158,-89.916667
8931,8.93100000e+03,-2158,-89.916667
8932,8.93200000e+03,-2158,-89.916667
8933,8.93300000e+03,-2158,-89.916667
8934,8.93400000e+03,-2158,-89.916667
8935,8.93500000e+03,-2136,-89.000000
8936,8.93600000e+03,-2136,-89.000000
8937,8.93700000e+03,-2136,-89.000000
8938,8.93800000e+03,-2136,-89.000000
8939,8.93900000e+03,-2136,-89.000000
8940,8.94000000e+03,-2115,-88.125000
8941,8.94100000e+03,-2115,-88.125000
8942,8.94200000e+03,-2115,-88.125000
8943,8.94300000e+03,-2115,-88.125000
8944,8.94400000e+03,-2115,-88.125000
8945,8.94500000e+03,-2091,-87.125000
8946,8.94600000e+03,-2091,-87.125000
8947,8.94700000e+03,-2091,-87.125000
8948,8.94800000e+03,-2091,-87.125000
8949,8.94900000e+03,-2091,-87.125000
8950,8.95000000e+03,-2068,-86.166667
8951,8.95100000e+03,-2068,-86.166667
8952,8.95200000e+03,-2068,-86.166667
8953,8.95300000e+03,-2068,-86.166667
8954,8.95400000e+03,-2068,-86.166667
8955,8.95500000e+03,-2045,-85.208333
8956,8.95600000e+03,-2045,-85.208333
8957,8.95700000e+03,-2045,-85.208333
8958,8.95800000e+03,-2045,-85.208333
8959,8.95900000e+03,-2045,-85.208333
8960,8.96000000e+03,-2024,-84.333333
8961,8.96100000e+03,-2024,-84.333333
8962,8.96200000e+03,-2024,-84.333333
8963,8.96300000e+03,-2024,-84.333333
8964,8.96400000e+03,-2024,-84.333333
8965,8.96500000e+03,-1999,-83.291667
8966,8.96600000e+03,-1999,-83.291667
8967,8.96700000e+03,-1999,-83.291667
8968,8.96800000e+03,-1999,-83.291667
8969,8.96900000e+03,-1999,-83.291667
8970,8.97000000e+03,-1979,-82.458333
8971,8.97100000e+03,-1979,-82.458333
8972,8.97200000e+03,-1979,-82.458333
8973,8.97300000e+03,-1979,-82.458333
8974,8.97400000e+03,-1979,-82.458333
8975,8.97500000e+03,-1960,-81.666667
8976,8.97600000e+03,-1960,-81.666667
8977,8.97700000e+03,-1960,-81.666667
8978,8.97800000e+03,-1960,-81.666667
8979,8.97900000e+03,-1960,-81.666667
8980,8.98000000e+03,-1939,-80.791667
8981,8.98100000e+03,-1939,-80.791667
8982,8.98200000e+03,-1939,-80.791667
8983,8.98300000e+03,-1939,-80.791667
8984,8.98400000e+03,-1939,-80.791667
8985,8.98500000e+03,-1912,-79.666667
8986,8.98600000e+03,-1912,-79.666667
8987,8.98700000e+03,-1912,-79.666667
8988,8.98800000e+03,-1912,-79.666667
8989,8.98900000e+03,-1912,-79.666667
8990,8.99000000e+03,-1890,-78.750000
8991,8.99100000e+03,-1890,-78.750000
8992,8.99200000e+03,-1890,-78.750000
8993,8.99300000e+03,-1890,-78.750000
8994,8.99400000e+03,-1890,-78.750000
8995,8.99500000e+03,-1870,-77.916667
8996,8.99600000e+03,-1870,-77.916667
8997,8.99700000e+03,-1870,-77.916667
8998,8.99800000e+03,-1870,-77.916667
8999,8.99900000e+03,-1870,-77.916667
9000,9.00000000e+03,-1850,-77.083333
9001,9.00100000e+03,-1850,-77.083333
9002,9.00200000e+03,-1850,-77.083333
9003,9.00300000e+03,-1850,-77.083333
9004,9.00400000e+03,-1850,-77.083333
9005,9.00500000e+03,-1828,-76.166667
9006,9.00600000e+03,-1828,-76.166667
9007,9.00700000e+03,-1828,-76.166667
9008,9.00800000e+03,-1828,-76.166667
9009,9.00900000e+03,-1828,-76.166667
9010,9.01000000e+03,-1807,-75.291667
9011,9.01100000e+03,-1807,-75.291667
9012,9.01200000e+03,-1807,-75.291667
9013,9.01300000e+03,-1807,-75.291667
9014,9.01400000e+03,-1807,-75.291667
9015,9.01500000e+03,-1787,-74.458333
9016,9.01600000e+03,-1787,-74.458333
9017,9.01700000e+03,-1787,-74.458333
9018,9.01800000e+03,-1787,-74.458333
9019,9.01900000e+03,-1787,-74.458333
9020,9.02000000e+03,-1764,-73.500000
9021,9.02100000e+03,-1764,-73.500000
9022,9.02200000e+03,-1764,-73.500000
9023,9.02300000e+03,-1764,-73.500000
9024,9.02400000e+03,-1764,-73.500000
9025,9.02500000e+03,-1741,-72.541667
9026,9.02600000e+03,-1741,-72.541667
9027,9.02700000e+03,-1741,-72.541667
9028,9.02800000e+03,-1741,-72.541667
9029,9.02900000e+03,-1741,-72.541667
9030,9.03000000e+03,-1715,-71.458333
9031,9.03100000e+03,-1715,-71.458333
9032,9.03200000e+03,-1715,-71.458333
9033,9.03300000e+03,-1715,-71.458333
9034,9.03400000e+03,-1715,-71.458333
9035,9.03500000e+03,-1692,-70.500000
9036,9.03600000e+03,-1692,-70.500000
9037,9.03700000e+03,-1692,-70.500000
9038,9.03800000e+03,-1692,-70.500000
9039,9.03900000e+03,-1692,-70.500000
9040,9.04000000e+03,-1658,-69.083333
9041,9.04100000e+03,-1658,-69.083333
9042,9.04200000e+03,-1658,-69.083333
9043,9.04300000e+03,-1658,-69.083333
9044,9.04400000e+03,-1658,-69.083333
9045,9.04500000e+03,-1623,-67.625000
9046,9.04600000e+03,-1623,-67.625000
9047,9.04700000e+03,-1623,-67.625000
9048,9.04800000e+03,-1623,-67.625000
9049,9.04900000e+03,-1623,-67.625000
9050,9.05000000e+03,-1597,-66.541667
9051,9.05100000e+03,-1597,-66.541667
9052,9.05200000e+03,-1597,-66.541667
9053,9.05300000e+03,-1597,-66.541667
9054,9.05400000e+03,-1597,-66.541667
9055,9.05500000e+03,-1560,-65.000000
9056,9.05600000e+03,-1560,-65.000000
9057,9.05700000e+03,-1560,-65.000000
9058,9.05800000e+03,-1560,-65.000000
9059,9.05900000e+03,-1560,-65.000000
9060,9.06000000e+03,-1526,-63.583333
9061,9.06100000e+03,-1526,-63.583333
9062,9.06200000e+03,-1526,-63.583333
9063,9.06300000e+03,-1526,-63.583333
9064,9.06400000e+03,-1526,-63.583333
9065,9.06500000e+03,-1485,-61.875000
9066,9.06600000e+03,-1485,-61.875000
9067,9.06700000e+03,-1485,-61.875000
9068,9.06800000e+03,-1485,-61.875000
9069,9.06900000e+03,-1485,-61.875000
9070,9.07000000e+03,-1448,-60.333333
9071,9.07100000e+03,-1448,-60.333333
9072,9.07200000e+03,-1448,-60.333333
9073,9.07300000e+03,-1448,-60.333333
9074,9.07400000e+03,-1448,-60.333333
9075,9.07500000e+03,-1412,-58.833333
9076,9.07600000e+03,-1412,-58.833333
9077,9.07700000e+03,-1412,-58.833333
9078,9.07800000e+03,-1412,-58.833333
9079,9.07900000e+03,-1412,-58.833333
9080,9.08000000e+03,-1377,-57.375000
9081,9.08100000e+03,-1377,-57.375000
9082,9.08200000e+03,-1377,-57.375000
9083,9.08300000e+03,-1377,-57.375000
9084,9.08400000e+03,-1377,-57.375000
9085,9.08500000e+03,-1345,-56.041667
9086,9.08600000e+03,-1345,-56.041667
9087,9.08700000e+03,-1345,-56.041667
9088,9.08800000e+03,-1345,-56.041667
9089,9.08900000e+03,-1345,-56.041667
9090,9.09000000e+03,-1312,-54.666667
9091,9.09100000e+03,-1312,-54.666667
9092,9.09200000e+03,-1312,-54.666667
9093,9.09300000e+03,-1312,-54.666667
9094,9.09400000e+03,-1312,-54.666667
9095,9.09500000e+03,-1280,-53.333333
9096,9.09600000e+03,-1280,-53.333333
9097,9.09700000e+03,-1280,-53.333333
9098,9.09800000e+03,-1280,-53.333333
9099,9.09900000e+03,-1280,-53.333333
9100,9.10000000e+03,-1249,-52.041667
9101,9.10100000e+03,-1249,-52.041667
9102,9.10200000e+03,-1249,-52.041667
9103,9.10300000e+03,-1249,-52.041667
9104,9.10400000e+03,-1249,-52.041667
9105,9.10500000e+03,-1218,-50.750000
9106,9.10600000e+03,-1218,-50.750000
9107,9.10700000e+03,-1218,-50.750000
9108,9.10800000e+03,-1218,-50.750000
9109,9.10900000e+03,-1218,-50.750000
9110,9.11000000e+03,-1190,-49.583333
9111,9.11100000e+03,-1190,-49.583333
9112,9.11200000e+03,-1190,-49.583333
9113,9.11300000e+03,-1190,-49.583333
9114,9.11400000e+03,-1190,-49.583333
9115,9.11500000e+03,-1159,-48.291667
9116,9.11600000e+03,-1159,-48.291667
9117,9.11700000e+03,-1159,-48.291667
9118,9.11800000e+03,-1159,-48.291667
9119,9.11900000e+03,-1159,-48.291667
9120,9.12000000e+03,-1132,-47.166667
9121,9.12100000e+03,-1132,-47.166667
9122,9.12200000e+03,-1132,-47.166667
9123,9.12300000e+03,-1132,-47.166667
9124,9.12400000e+03,-1132,-47.166667
9125,9.12500000e+03,-1102,-45.916667
9126,9.12600000e+03,-1102,-45.916667
9127,9.12700000e+03,-1102,-45.916667
9128,9.12800000e+03,-1102,-45.916667
9129,9.12900000e+03,-1102,-45.916667
9130,9.13000000e+03,-1076,-44.833333
9131,9.13100000e+03,-1076,-44.833333
9132,9.13200000e+03,-1076,-44.833333
9133,9.13300000e+03,-1076,-44.833333
9134,9.13400000e+03,-1076,-44.833333
9135,9.13500000e+03,-1044,-43.500000
9136,9.13600000e+03,-1044,-43.500000
9137,9.13700000e+03,-1044,-43.500000
9138,9.13800000e+03,-1044,-43.500000
9139,9.13900000e+03,-1044,-43.500000
9140,9.14000000e+03,-1016,-42.333333
9141,9.14100000e+03,-1016,-42.333333
9142,9.14200000e+03,-1016,-42.333333
9143,9.14300000e+03,-1016,-42.333333
9144,9.14400000e+03,-1016,-42.333333
9145,9.14500000e+03,-986,-41.083333
9146,9.14600000e+03,-986,-41.083333
9147,9.14700000e+03,-986,-41.083333
9148,9.14800000e+03,-986,-41.083333
9149,9.14900000e+03,-986,-41.083333
9150,9.15000000e+03,-955,-39.791667
9151,9.15100000e+03,-955,-39.791667
9152,9.15200000e+03,-955,-39.791667
9153,9.15300000e+03,-955,-39.791667
9154,9.15400000e+03,-955,-39.791667
9155,9.15500000e+03,-926,-38.583333
9156,9.15600000e+03,-926,-38.583333
9157,9.15700000e+03,-926,-38.583333
9158,9.15800000e+03,-926,-38.583333
9159,9.15900000e+03,-926,-38.583333
9160,9.16000000e+03,-886,-36.916667
9161,9.16100000e+03,-886,-36.916667
9162,9.16200000e+03,-886,-36.916667
9163,9.16300000e+03,-886,-36.916667
9164,9.16400000e+03,-886,-36.916667
9165,9.16500000e+03,-855,-35.625000
9166,9.16600000e+03,-855,-35.625000
9167,9.16700000e+03,-855,-35.625000
9168,9.16800000e+03,-855,-35.625000
9169,9.16900000e+03,-855,-35.625000
9170,9.17000000e+03,-824,-34.333333
9171,9.17100000e+03,-824,-34.333333
9172,9.17200000e+03,-824,-34.333333
9173,9.17300000e+03,-824,-34.333333
9174,9.17400000e+03,-824,-34.333333
9175,9.17500000e+03,-786,-32.750000
9176,9.17600000e+03,-786,-32.750000
9177,9.17700000e+03,-786,-32.750000
9178,9.17800000e+03,-786,-32.750000
9179,9.17900000e+03,-786,-32.750000
9180,9.18000000e+03,-753,-31.375000
9181,9.18100000e+03,-753,-31.375000
9182,9.18200000e+03,-753,-31.375000
9183,9.18300000e+03,-753,-31.375000
9184,9.18400000e+03,-753,-31.375000
9185,9.18500000e+03,-716,-29.833333
9186,9.18600000e+03,-716,-29.833333
9187,9.18700000e+03,-716,-29.833333
9188,9.18800000e+03,-716,-29.833333
9189,9.18900000e+03,-716,-29.833333
9190,9.19000000e+03,-680,-28.333333
9191,9.19100000e+03,-680,-28.333333
9192,9.19200000e+03,-680,-28.333333
9193,9.19300000e+03,-680,-28.333333
9194,9.19400000e+03,-680,-28.333333
9195,9.19500000e+03,-644,-26.833333
9196,9.19600000e+03,-644,-26.833333
9197,9.19700000e+03,-644,-26.833333
9198,9.19800000e+03,-644,-26.833333
9199,9.19900000e+03,-644,-26.833333
9200,9.20000000e+03,-614,-25.583333
9201,9.20100000e+03,-614,-25.583333
9202,9.20200000e+03,-614,-25.583333
9203,9.20300000e+03,-614,-25.583333
9204,9.20400000e+03,-614,-25.583333
9205,9.20500000e+03,-576,-24.000000
9206,9.20600000e+03,-576,-24.000000
9207,9.20700000e+03,-576,-24.000000
9208,9.20800000e+03,-576,-24.000000
9209,9.20900000e+03,-576,-24.000000
9210,9.21000000e+03,-548,-22.833333
9211,9.21100000e+03,-548,-22.833333
9212,9.21200000e+03,-548,-22.833333
9213,9.21300000e+03,-548,-22.833333
9214,9.21400000e+03,-548,-22.833333
9215,9.21500000e+03,-513,-21.375000
9216,9.21600000e+03,-513,-21.375000
9217,9.21700000e+03,-513,-21.375000
9218,9.21800000e+03,-513,-21.375000
9219,9.21900000e+03,-513,-21.375000
9220,9.22000000e+03,-482,-20.083333
9221,9.22100000e+03,-482,-20.083333
9222,9.22200000e+03,-482,-20.083333
9223,9.22300000e+03,-482,-20.083333
9224,9.22400000e+03,-482,-20.083333
9225,9.22500000e+03,-451,-18.791667
9226,9.22600000e+03,-451,-18.791667
9227,9.22700000e+03,-451,-18.791667
9228,9.22800000e+03,-451,-18.791667
9229,9.22900000e+03,-451,-18.791667
9230,9.23000000e+03,-420,-17.500000
9231,9.23100000e+03,-420,-17.500000
9232,9.23200000e+03,-420,-17.500000
9233,9.23300000e+03,-420,-17.500000
9234,9.23400000e+03,-420,-17.500000
9235,9.23500000e+03,-386,-16.083333
9236,9.23600000e+03,-386,-16.083333
9237,9.23700000e+03,-386,-16.083333
9238,9.23800000e+03,-386,-16.083333
9239,9.23900000e+03,-386,-16.083333
9240,9.24000000e+03,-355,-14.791667
9241,9.24100000e+03,-355,-14.791667
9242,9.24200000e+03,-355,-14.791667
9243,9.24300000e+03,-355,-14.791667
9244,9.24400000e+03,-355,-14.791667
9245,9.24500000e+03,-319,-13.291667
9246,9.24600000e+03,-319,-13.291667
9247,9.24700000e+03,-319,-13.291667
9248,9.24800000e+03,-319,-13.291667
9249,9.24900000e+03,-319,-13.291667
9250,9.25000000e+03,-283,-11.791667
9251,9.25100000e+03,-283,-11.791667
9252,9.25200000e+03,-283,-11.791667
9253,9.25300000e+03,-283,-11.791667
9254,9.25400000e+03,-283,-11.791667
9255,9.25500000e+03,-250,-10.416667
9256,9.25600000e+03,-250,-10.416667
9257,9.25700000e+03,-250,-10.416667
9258,9.25800000e+03,-250,-10.416667
9259,9.25900000e+03,-250,-10.416667
9260,9.26000000e+03,-212,-8.833333
9261,9.26100000e+03,-212,-8.833333
9262,9.26200000e+03,-212,-8.833333
9263,9.26300000e+03,-212,-8.833333
9264,9.26400000e+03,-212,-8.833333
9265,9.26500000e+03,-175,-7.291667
9266,9.26600000e+03,-175,-7.291667
9267,9.26700000e+03,-175,-7.291667
9268,9.26800000e+03,-175,-7.291667
9269,9.26900000e+03,-175,-7.291667
9270,9.27000000e+03,-134,-5.583333
9271,9.27100000e+03,-134,-5.583333
9272,9.27200000e+03,-134,-5.583333
9273,9.27300000e+03,-134,-5.583333
9274,9.27400000e+03,-134,-5.583333
9275,9.27500000e+03,-97,-4.041667
9276,9.27600000e+03,-97,-4.041667
9277,9.27700000e+03,-97,-4.041667
9278,9.27800000e+03,-97,-4.041667
9279,9.27900000e+03,-97,-4.041667
9280,9.28000000e+03,-57,-2.375000
9281,9.28100000e+03,-57,-2.375000
9282,9.28200000e+03,-57,-2.375000
9283,9.28300000e+03,-57,-2.375000
9284,9.28400000e+03,-57,-2.375000
9285,9.28500000e+03,-19,-0.791667
9286,9.28600000e+03,-19,-0.791667
9287,9.28700000e+03,-19,-0.791667
9288,9.28800000e+03,-19,-0.791667
9289,9.28900000e+03,-19,-0.791667
9290,9.29000000e+03,21,0.875000
9291,9.29100000e+03,21,0.875000
9292,9.29200000e+03,21,0.875000
9293,9.29300000e+03,21,0.875000
9294,9.29400000e+03,21,0.875000
9295,9.29500000e+03,62,2.583333
9296,9.29600000e+03,62,2.583333
9297,9.29700000e+03,62,2.583333
9298,9.29800000e+03,62,2.583333
9299,9.29900000e+03,62,2.583333
9300,9.30000000e+03,103,4.291667
9301,9.30100000e+03,103,4.291667
9302,9.30200000e+03,103,4.291667
9303,9.30300000e+03,103,4.291667
9304,9.30400000e+03,103,4.291667
9305,9.30500000e+03,141,5.875000
9306,9.30600000e+03,141,5.875000
9307,9.30700000e+03,141,5.875000
9308,9.30800000e+03,141,5.875000
9309,9.30900000e+03,141,5.875000
9310,9.31000000e+03,179,7.458333
9311,9.31100000e+03,179,7.458333
9312,9.31200000e+03,179,7.458333
9313,9.31300000e+03,179,7.458333
9314,9.31400000e+03,179,7.458333
9315,9.31500000e+03,214,8.916667
9316,9.31600000e+03,214,8.916667
9317,9.31700000e+03,214,8.916667
9318,9.31800000e+03,214,8.916667
9319,9.31900000e+03,214,8.916667
9320,9.32000000e+03,251,10.458333
9321,9.32100000e+03,251,10.458333
9322,9.32200000e+03,251,10.458333
9323,9.32300000e+03,251,10.458333
9324,9.32400000e+03,251,10.458333
9325,9.32500000e+03,283,11.791667
9326,9.32600000e+03,283,11.791667
9327,9.32700000e+03,283,11.791667
9328,9.32800000e+03,283,11.791667
9329,9.32900000e+03,283,11.791667
9330,9.33000000e+03,315,13.125000
9331,9.33100000e+03,315,13.125000
9332,9.33200000e+03,315,13.125000
9333,9.33300000e+03,315,13.125000
9334,9.33400000e+03,315,13.125000
9335,9.33500000e+03,354,14.750000
9336,9.33600000e+03,354,14.750000
9337,9.33700000e+03,354,14.750000
9338,9.33800000e+03,354,14.750000
9339,9.33900000e+03,354,14.750000
9340,9.34000000e+03,383,15.958333
9341,9.34100000e+03,383,15.958333
9342,9.34200000e+03,383,15.958333
9343,9.34300000e+03,383,15.958333
9344,9.34400000e+03,383,15.958333
9345,9.34500000e+03,415,17.291667
9346,9.34600000e+03,415,17.291667
9347,9.34700000e+03,415,17.291667
9348,9.34800000e+03,415,17.291667
9349,9.34900000e+03,415,17.291667
9350,9.35000000e+03,445,18.541667
9351,9.35100000e+03,445,18.541667
9352,9.35200000e+03,445,18.541667
9353,9.35300000e+03,445,18.541667
9354,9.35400000e+03,445,18.541667
9355,9.35500000e+03,477,19.875000
9356,9.35600000e+03,477,19.875000
9357,9.35700000e+03,477,19.875000
9358,9.35800000e+03,477,19.875000
9359,9.35900000e+03,477,19.875000
9360,9.36000000e+03,510,21.250000
9361,9.36100000e+03,510,21.250000
9362,9.36200000e+03,510,21.250000
9363,9.36300000e+03,510,21.250000
9364,9.36400000e+03,510,21.250000
9365,9.36500000e+03,537,22.375000
9366,9.36600000e+03,537,22.375000
9367,9.36700000e+03,537,22.375000
9368,9.36800000e+03,537,22.375000
9369,9.36900000e+03,537,22.375000
9370,9.37000000e+03,571,23.791667
9371,9.37100000e+03,571,23.791667
9372,9.37200000e+03,571,23.791667
9373,9.37300000e+03,571,23.791667
9374,9.37400000e+03,571,23.791667
9375,9.37500000e+03,605,25.208333
9376,9.37600000e+03,605,25.208333
9377,9.37700000e+03,605,25.208333
9378,9.37800000e+03,605,25.208333
9379,9.37900000e+03,605,25.208333
9380,9.38000000e+03,638,26.583333
9381,9.38100000e+03,638,26.583333
9382,9.38200000e+03,638,26.583333
9383,9.38300000e+03,638,26.583333
9384,9.38400000e+03,638,26.583333
9385,9.38500000e+03,674,28.083333
9386,9.38600000e+03,674,28.083333
9387,9.38700000e+03,674,28.083333
9388,9.38800000e+03,674,28.083333
9389,9.38900000e+03,674,28.083333
9390,9.39000000e+03,709,29.541667
9391,9.39100000e+03,709,29.541667
9392,9.39200000e+03,709,29.541667
9393,9.39300000e+03,709,29.541667
9394,9.39400000e+03,709,29.541667
9395,9.39500000e+03,745,31.041667
9396,9.39600000e+03,745,31.041667
9397,9.39700000e+03,745,31.041667
9398,9.39800000e+03,745,31.041667
9399,9.39900000e+03,745,31.041667
9400,9.40000000e+03,780,32.500000
9401,9.40100000e+03,780,32.500000
9402,9.40200000e+03,780,32.500000
9403,9.40300000e+03,780,32.500000
9404,9.40400000e+03,780,32.500000
9405,9.40500000e+03,820,34.166667
9406,9.40600000e+03,820,34.166667
9407,9.40700000e+03,820,34.166667
9408,9.40800000e+03,820,34.166667
9409,9.40900000e+03,820,34.166667
9410,9.41000000e+03,854,35.583333
9411,9.41100000e+03,854,35.583333
9412,9.41200000e+03,854,35.583333
9413,9.41300000e+03,854,35.583333
9414,9.41400000e+03,854,35.583333
9415,9.41500000e+03,887,36.958333
9416,9.41600000e+03,887,36.958333
9417,9.41700000e+03,887,36.958333
9418,9.41800000e+03,887,36.958333
9419,9.41900000e+03,887,36.958333
9420,9.42000000e+03,923,38.458333
9421,9.42100000e+03,923,38.458333
9422,9.42200000e+03,923,38.458333
9423,9.42300000e+03,923,38.458333
9424,9.42400000e+03,923,38.458333
9425,9.42500000e+03,955,39.791667
9426,9.42600000e+03,955,39.791667
9427,9.42700000e+03,955,39.791667
9428,9.42800000e+03,955,39.791667
9429,9.42900000e+03,955,39.791667
9430,9.43000000e+03,989,41.208333
9431,9.43100000e+03,989,41.208333
9432,9.43200000e+03,989,41.208333
9433,9.43300000e+03,989,41.208333
9434,9.43400000e+03,989,41.208333
9435,9.43500000e+03,1023,42.625000
9436,9.43600000e+03,1023,42.625000
9437,9.43700000e+03,1023,42.625000
9438,9.43800000e+03,1023,42.625000
9439,9.43900000e+03,1023,42.625000
9440,9.44000000e+03,1051,43.791667
9441,9.44100000e+03,1051,43.791667
9442,9.44200000e+03,1051,43.791667
9443,9.44300000e+03,1051,43.791667
9444,9.44400000e+03,1051,43.791667
9445,9.44500000e+03,1081,45.041667
9446,9.44600000e+03,1081,45.041667
9447,9.44700000e+03,1081,45.041667
9448,9.44800000e+03,1081,45.041667
9449,9.44900000e+03,1081,45.041667
9450,9.45000000e+03,1108,46.166667
9451,9.45100000e+03,1108,46.166667
9452,9.45200000e+03,1108,46.166667
9453,9.45300000e+03,1108,46.166667
9454,9.45400000e+03,1108,46.166667
9455,9.45500000e+03,1141,47.541667
9456,9.45600000e+03,1141,47.541667
9457,9.45700000e+03,1141,47.541667
9458,9.45800000e+03,1141,47.541667
9459,9.45900000e+03,1141,47.541667
9460,9.46000000e+03,1170,48.750000
9461,9.46100000e+03,1170,48.750000
9462,9.46200000e+03,1170,48.750000
9463,9.46300000e+03,1170,48.750000
9464,9.46400000e+03,1170,48.750000
9465,9.46500000e+03,1201,50.041667
9466,9.46600000e+03,1201,50.041667
9467,9.46700000e+03,1201,50.041667
9468,9.46800000e+03,1201,50.041667
9469,9.46900000e+03,1201,50.041667
9470,9.47000000e+03,1235,51.458333
9471,9.47100000e+03,1235,51.458333
9472,9.47200000e+03,1235,51.458333
9473,9.47300000e+03,1235,51.458333
9474,9.47400000e+03,1235,51.458333
9475,9.47500000e+03,1263,52.625000
9476,9.47600000e+03,1263,52.625000
9477,9.47700000e+03,1263,52.625000
9478,9.47800000e+03,1263,52.625000
9479,9.47900000e+03,1263,52.625000
9480,9.48000000e+03,1297,54.041667
9481,9.48100000e+03,1297,54.041667
9482,9.48200000e+03,1297,54.041667
9483,9.48300000e+03,1297,54.041667
9484,9.48400000e+03,1297,54.041667
9485,9.48500000e+03,1328,55.333333
9486,9.48600000e+03,1328,55.333333
9487,9.48700000e+03,1328,55.333333
9488,9.48800000e+03,1328,55.333333
9489,9.48900000e+03,1328,55.333333
9490,9.49000000e+03,1363,56.791667
9491,9.49100000e+03,1363,56.791667
9492,9.49200000e+03,1363,56.791667
9493,9.49300000e+03,1363,56.791667
9494,9.49400000e+03,1363,56.791667
9495,9.49500000e+03,1399,58.291667
9496,9.49600000e+03,1399,58.291667
9497,9.49700000e+03,1399,58.291667
9498,9.49800000e+03,1399,58.291667
9499,9.49900000e+03,1399,58.291667
9500,9.50000000e+03,1435,59.791667
9501,9.50100000e+03,1435,59.791667
9502,9.50200000e+03,1435,59.791667
9503,9.50300000e+03,1435,59.791667
9504,9.50400000e+03,1435,59.791667
9505,9.50500000e+03,1475,61.458333
9506,9.50600000e+03,1475,61.458333
9507,9.50700000e+03,1475,61.458333
9508,9.50800000e+03,1475,61.458333
9509,9.50900000e+03,1475,61.458333
9510,9.51000000e+03,1510,62.916667
9511,9.51100000e+03,1510,62.916667
9512,9.51200000e+03,1510,62.916667
9513,9.51300000e+03,1510,62.916667
9514,9.51400000e+03,1510,62.916667
9515,9.51500000e+03,1551,64.625000
9516,9.51600000e+03,1551,64.625000
9517,9.51700000e+03,1551,64.625000
9518,9.51800000e+03,1551,64.625000
9519,9.51900000e+03,1551,64.625000
9520,9.52000000e+03,1583,65.958333
9521,9.52100000e+03,1583,65.958333
9522,9.52200000e+03,1583,65.958333
9523,9.52300000e+03,1583,65.958333
9524,9.52400000e+03,1583,65.958333
9525,9.52500000e+03,1618,67.416667
9526,9.52600000e+03,1618,67.416667
9527,9.52700000e+03,1618,67.416667
9528,9.52800000e+03,1618,67.416667
9529,9.52900000e+03,1618,67.416667
9530,9.53000000e+03,1650,68.750000
9531,9.53100000e+03,1650,68.750000
9532,9.53200000e+03,1650,68.750000
9533,9.53300000e+03,1650,68.750000
9534,9.53400000e+03,1650,68.750000
9535,9.53500000e+03,1678,69.916667
9536,9.53600000e+03,1678,69.916667
9537,9.53700000e+03,1678,69.916667
9538,9.53800000e+03,1678,69.916667
9539,9.53900000e+03,1678,69.916667
9540,9.54000000e+03,1708,71.166667
9541,9.54100000e+03,1708,71.166667
9542,9.54200000e+03,1708,71.166667
9543,9.54300000e+03,1708,71.166667
9544,9.54400000e+03,1708,71.166667
9545,9.54500000e+03,1737,72.375000
9546,9.54600000e+03,1737,72.375000
9547,9.54700000e+03,1737,72.375000
9548,9.54800000e+03,1737,72.375000
9549,9.54900000e+03,1737,72.375000
9550,9.55000000e+03,1762,73.416667
9551,9.55100000e+03,1762,73.416667
9552,9.55200000e+03,1762,73.416667
9553,9.55300000e+03,1762,73.416667
9554,9.55400000e+03,1762,73.416667
9555,9.55500000e+03,1786,74.416667
9556,9.55600000e+03,1786,74.416667
9557,9.55700000e+03,1786,74.416667
9558,9.55800000e+03,1786,74.416667
9559,9.55900000e+03,1786,74.416667
9560,9.56000000e+03,1809,75.375000
9561,9.56100000e+03,1809,75.375000
9562,9.56200000e+03,1809,75.375000
9563,9.56300000e+03,1809,75.375000
9564,9.56400000e+03,1809,75.375000
9565,9.56500000e+03,1830,76.250000
9566,9.56600000e+03,1830,76.250000
9567,9.56700000e+03,1830,76.250000
9568,9.56800000e+03,1830,76.250000
9569,9.56900000e+03,1830,76.250000
9570,9.57000000e+03,1852,77.166667
9571,9.57100000e+03,1852,77.166667
9572,9.57200000e+03,1852,77.166667
9573,9.57300000e+03,1852,77.166667
9574,9.57400000e+03,1852,77.166667
9575,9.57500000e+03,1870,77.916667
9576,9.57600000e+03,1870,77.916667
9577,9.57700000e+03,1870,77.916667
9578,9.57800000e+03,1870,77.916667
9579,9.57900000e+03,1870,77.916667
9580,9.58000000e+03,1895,78.958333
9581,9.58100000e+03,1895,78.958333
9582,9.58200000e+03,1895,78.958333
9583,9.58300000e+03,1895,78.958333
9584,9.58400000e+03,1895,78.958333
9585,9.58500000e+03,1911,79.625000
9586,9.58600000e+03,1911,79.625000
9587,9.58700000e+03,1911,79.625000
9588,9.58800000e+03,1911,79.625000
9589,9.58900000e+03,1911,79.625000
9590,9.59000000e+03,1934,80.583333
9591,9.59100000e+03,1934,80.583333
9592,9.59200000e+03,1934,80.583333
9593,9.59300000e+03,1934,80.583333
9594,9.59400000e+03,1934,80.583333
9595,9.59500000e+03,1955,81.458333
9596,9.59600000e+03,1955,81.458333
9597,9.59700000e+03,1955,81.458333
9598,9.59800000e+03,1955,81.458333
9599,9.59900000e+03,1955,81.458333
9600,9.60000000e+03,1976,82.333333
9601,9.60100000e+03,1976,82.333333
9602,9.60200000e+03,1976,82.333333
9603,9.60300000e+03,1976,82.333333
9604,9.60400000e+03,1976,82.333333
9605,9.60500000e+03,1996,83.166667
9606,9.60600000e+03,1996,83.166667
9607,9.60700000e+03,1996,83.166667
9608,9.60800000e+03,1996,83.166667
9609,9.60900000e+03,1996,83.166667
9610,9.61000000e+03,2019,84.125000
9611,9.61100000e+03,2019,84.125000
9612,9.61200000e+03,2019,84.125000
9613,9.61300000e+03,2019,84.125000
9614,9.61400000e+03,2019,84.125000
9615,9.61500000e+03,2041,85.041667
9616,9.61600000e+03,2041,85.041667
9617,9.61700000e+03,2041,85.041667
9618,9.61800000e+03,2041,85.041667
9619,9.61900000e+03,2041,85.041667
9620,9.62000000e+03,2065,86.041667
9621,9.62100000e+03,2065,86.041667
9622,9.62200000e+03,2065,86.041667
9623,9.62300000e+03,2065,86.041667
9624,9.62400000e+03,2065,86.041667
9625,9.62500000e+03,2093,87.208333
9626,9.62600000e+03,2093,87.208333
9627,9.62700000e+03,2093,87.208333
9628,9.62800000e+03,2093,87.208333
9629,9.62900000e+03,2093,87.208333
9630,9.63000000e+03,2119,88.291667
9631,9.63100000e+03,2119,88.291667
9632,9.63200000e+03,2119,88.291667
9633,9.63300000e+03,2119,88.291667
9634,9.63400000e+03,2119,88.291667
9635,9.63500000e+03,2140,89.166667
9636,9.63600000e+03,2140,89.166667
9637,9.63700000e+03,2140,89.166667
9638,9.63800000e+03,2140,89.166667
9639,9.63900000e+03,2140,89.166667
9640,9.64000000e+03,2166,90.250000
9641,9.64100000e+03,2166,90.250000
9642,9.64200000e+03,2166,90.250000
9643,9.64300000e+03,2166,90.250000
9644,9.64400000e+03,2166,90.250000
9645,9.64500000e+03,2184,91.000000
9646,9.64600000e+03,2184,91.000000
9647,9.64700000e+03,2184,91.000000
9648,9.64800000e+03,2184,91.000000
9649,9.64900000e+03,2184,91.000000
9650,9.65000000e+03,2205,91.875000
9651,9.65100000e+03,2205,91.875000
9652,9.65200000e+03,2205,91.875000
9653,9.65300000e+03,2205,91.875000
9654,9.65400000e+03,2205,91.875000
9655,9.65500000e+03,2223,92.625000
9656,9.65600000e+03,2223,92.625000
9657,9.65700000e+03,2223,92.625000
9658,9.65800000e+03,2223,92.625000
9659,9.65900000e+03,2223,92.625000
9660,9.66000000e+03,2245,93.541667
9661,9.66100000e+03,2245,93.541667
9662,9.66200000e+03,2245,93.541667
9663,9.66300000e+03,2245,93.541667
9664,9.66400000e+03,2245,93.541667
9665,9.66500000e+03,2260,94.166667
9666,9.66600000e+03,2260,94.166667
9667,9.66700000e+03,2260,94.166667
9668,9.66800000e+03,2260,94.166667
9669,9.66900000e+03,2260,94.166667
9670,9.67000000e+03,2272,94.666667
9671,9.67100000e+03,2272,94.666667
9672,9.67200000e+03,2272,94.666667
9673,9.67300000e+03,2272,94.666667
9674,9.67400000e+03,2272,94.666667
9675,9.67500000e+03,2285,95.208333
9676,9.67600000e+03,2285,95.208333
9677,9.67700000e+03,2285,95.208333
9678,9.67800000e+03,2285,95.208333
9679,9.67900000e+03,2285,95.208333
9680,9.68000000e+03,2300,95.833333
9681,9.68100000e+03,2300,95.833333
9682,9.68200000e+03,2300,95.833333
9683,9.68300000e+03,2300,95.833333
9684,9.68400000e+03,2300,95.833333
9685,9.68500000e+03,2309,96.208333
9686,9.68600000e+03,2309,96.208333
9687,9.68700000e+03,2309,96.208333
9688,9.68800000e+03,2309,96.208333
9689,9.68900000e+03,2309,96.208333
9690,9.69000000e+03,2325,96.875000
9691,9.69100000e+03,2325,96.875000
9692,9.69200000e+03,2325,96.875000
9693,9.69300000e+03,2325,96.875000
9694,9.69400000e+03,2325,96.875000
9695,9.69500000e+03,2333,97.208333
9696,9.69600000e+03,2333,97.208333
9697,9.69700000e+03,2333,97.208333
9698,9.69800000e+03,2333,97.208333
9699,9.69900000e+03,2333,97.208333
9700,9.70000000e+03,2351,97.958333
9701,9.70100000e+03,2351,97.958333
9702,9.70200000e+03,2351,97.958333
9703,9.70300000e+03,2351,97.958333
9704,9.70400000e+03,2351,97.958333
9705,9.70500000e+03,2365,98.541667
9706,9.70600000e+03,2365,98.541667
9707,9.70700000e+03,2365,98.541667
9708,9.70800000e+03,2365,98.541667
9709,9.70900000e+03,2365,98.541667
9710,9.71000000e+03,2381,99.208333
9711,9.71100000e+03,2381,99.208333
9712,9.71200000e+03,2381,99.208333
9713,9.71300000e+03,2381,99.208333
9714,9.71400000e+03,2381,99.208333
9715,9.71500000e+03,2398,99.916667
9716,9.71600000e+03,2398,99.916667
9717,9.71700000e+03,2398,99.916667
9718,9.71800000e+03,2398,99.916667
9719,9.71900000e+03,2398,99.916667
9720,9.72000000e+03,2414,100.583333
9721,9.72100000e+03,2414,100.583333
9722,9.72200000e+03,2414,100.583333
9723,9.72300000e+03,2414,100.583333
9724,9.72400000e+03,2414,100.583333
9725,9.72500000e+03,2440,101.666667
9726,9.72600000e+03,2440,101.666667
9727,9.72700000e+03,2440,101.666667
9728,9.72800000e+03,2440,101.666667
9729,9.72900000e+03,2440,101.666667
9730,9.73000000e+03,2460,102.500000
9731,9.73100000e+03,2460,102.500000
9732,9.73200000e+03,2460,102.500000
9733,9.73300000e+03,2460,102.500000
9734,9.73400000e+03,2460,102.500000
9735,9.73500000e+03,2485,103.541667
9736,9.73600000e+03,2485,103.541667
9737,9.73700000e+03,2485,103.541667
9738,9.73800000e+03,2485,103.541667
9739,9.73900000e+03,2485,103.541667
9740,9.74000000e+03,2508,104.500000
9741,9.74100000e+03,2508,104.500000
9742,9.74200000e+03,2508,104.500000
9743,9.74300000e+03,2508,104.500000
9744,9.74400000e+03,2508,104.500000
9745,9.74500000e+03,2535,105.625000
9746,9.74600000e+03,2535,105.625000
9747,9.74700000e+03,2535,105.625000
9748,9.74800000e+03,2535,105.625000
9749,9.74900000e+03,2535,105.625000
9750,9.75000000e+03,2564,106.833333
9751,9.75100000e+03,2564,106.833333
9752,9.75200000e+03,2564,106.833333
9753,9.75300000e+03,2564,106.833333
9754,9.75400000e+03,2564,106.833333
9755,9.75500000e+03,2589,107.875000
9756,9.75600000e+03,2589,107.875000
9757,9.75700000e+03,2589,107.875000
9758,9.75800000e+03,2589,107.875000
9759,9.75900000e+03,2589,107.875000
9760,9.76000000e+03,2612,108.833333
9761,9.76100000e+03,2612,108.833333
9762,9.76200000e+03,2612,108.833333
9763,9.76300000e+03,2612,108.833333
9764,9.76400000e+03,2612,108.833333
9765,9.76500000e+03,2630,109.583333
9766,9.76600000e+03,2630,109.583333
9767,9.76700000e+03,2630,109.583333
9768,9.76800000e+03,2630,109.583333
9769,9.76900000e+03,2630,109.583333
9770,9.77000000e+03,2649,110.375000
9771,9.77100000e+03,2649,110.375000
9772,9.77200000e+03,2649,110.375000
9773,9.77300000e+03,2649,110.375000
9774,9.77400000e+03,2649,110.375000
9775,9.77500000e+03,2663,110.958333
9776,9.77600000e+03,2663,110.958333
9777,9.77700000e+03,2663,110.958333
9778,9.77800000e+03,2663,110.958333
9779,9.77900000e+03,2663,110.958333
9780,9.78000000e+03,2680,111.666667
9781,9.78100000e+03,2680,111.666667
9782,9.78200000e+03,2680,111.666667
9783,9.78300000e+03,2680,111.666667
9784,9.78400000e+03,2680,111.666667
9785,9.78500000e+03,2689,112.041667
9786,9.78600000e+03,2689,112.041667
9787,9.78700000e+03,2689,112.041667
9788,9.78800000e+03,2689,112.041667
9789,9.78900000e+03,2689,112.041667
9790,9.79000000e+03,2699,112.458333
9791,9.79100000e+03,2699,112.458333
9792,9.79200000e+03,2699,112.458333
9793,9.79300000e+03,2699,112.458333
9794,9.79400000e+03,2699,112.458333
9795,9.79500000e+03,2710,112.916667
9796,9.79600000e+03,2710,112.916667
9797,9.79700000e+03,2710,112.916667
9798,9.79800000e+03,2710,112.916667
9799,9.79900000e+03,2710,112.916667
9800,9.80000000e+03,2721,113.375000
9801,9.80100000e+03,2721,113.375000
9802,9.80200000e+03,2721,113.375000
9803,9.80300000e+03,2721,113.375000
9804,9.80400000e+03,2721,113.375000
9805,9.80500000e+03,2726,113.583333
9806,9.80600000e+03,2726,113.583333
9807,9.80700000e+03,2726,113.583333
9808,9.80800000e+03,2726,113.583333
9809,9.80900000e+03,2726,113.583333
9810,9.81000000e+03,2738,114.083333
9811,9.81100000e+03,2738,114.083333
9812,9.81200000e+03,2738,114.083333
9813,9.81300000e+03,2738,114.083333
9814,9.81400000e+03,2738,114.083333
9815,9.81500000e+03,2753,114.708333
9816,9.81600000e+03,2753,114.708333
9817,9.81700000e+03,2753,114.708333
9818,9.81800000e+03,2753,114.708333
9819,9.81900000e+03,2753,114.708333
9820,9.82000000e+03,2766,115.250000
9821,9.82100000e+03,2766,115.250000
9822,9.82200000e+03,2766,115.250000
9823,9.82300000e+03,2766,115.250000
9824,9.82400000e+03,2766,115.250000
9825,9.82500000e+03,2779,115.791667
9826,9.82600000e+03,2779,115.791667
9827,9.82700000e+03,2779,115.791667
9828,9.82800000e+03,2779,115.791667
9829,9.82900000e+03,2779,115.791667
9830,9.83000000e+03,2794,116.416667
9831,9.83100000e+03,2794,116.416667
9832,9.83200000e+03,2794,116.416667
9833,9.83300000e+03,2794,116.416667
9834,9.83400000e+03,2794,116.416667
9835,9.83500000e+03,2814,117.250000
9836,9.83600000e+03,2814,117.250000
9837,9.83700000e+03,2814,117.250000
9838,9.83800000e+03,2814,117.250000
9839,9.83900000e+03,2814,117.250000
9840,9.84000000e+03,2828,117.833333
9841,9.84100000e+03,2828,117.833333
9842,9.84200000e+03,2828,117.833333
9843,9.84300000e+03,2828,117.833333
9844,9.84400000e+03,2828,117.833333
9845,9.84500000e+03,2849,118.708333
9846,9.84600000e+03,2849,118.708333
9847,9.84700000e+03,2849,118.708333
9848,9.84800000e+03,2849,118.708333
9849,9.84900000e+03,2849,118.708333
9850,9.85000000e+03,2868,119.500000
9851,9.85100000e+03,2868,119.500000
9852,9.85200000e+03,2868,119.500000
9853,9.85300000e+03,2868,119.500000
9854,9.85400000e+03,2868,119.500000
9855,9.85500000e+03,2889,120.375000
9856,9.85600000e+03,2889,120.375000
9857,9.85700000e+03,2889,120.375000
9858,9.85800000e+03,2889,120.375000
9859,9.85900000e+03,2889,120.375000
9860,9.86000000e+03,2910,121.250000
9861,9.86100000e+03,2910,121.250000
9862,9.86200000e+03,2910,121.250000
9863,9.86300000e+03,2910,121.250000
9864,9.86400000e+03,2910,121.250000
9865,9.86500000e+03,2930,122.083333
9866,9.86600000e+03,2930,122.083333
9867,9.86700000e+03,2930,122.083333
9868,9.86800000e+03,2930,122.083333
9869,9.86900000e+03,2930,122.083333
9870,9.87000000e+03,2950,122.916667
9871,9.87100000e+03,2950,122.916667
9872,9.87200000e+03,2950,122.916667
9873,9.87300000e+03,2950,122.916667
9874,9.87400000e+03,2950,122.916667
9875,9.87500000e+03,2972,123.833333
9876,9.87600000e+03,2972,123.833333
9877,9.87700000e+03,2972,123.833333
9878,9.87800000e+03,2972,123.833333
9879,9.87900000e+03,2972,123.833333
9880,9.88000000e+03,2991,124.625000
9881,9.88100000e+03,2991,124.625000
9882,9.88200000e+03,2991,124.625000
9883,9.88300000e+03,2991,124.625000
9884,9.88400000e+03,2991,124.625000
9885,9.88500000e+03,3001,125.041667
9886,9.88600000e+03,3001,125.041667
9887,9.88700000e+03,3001,125.041667
9888,9.88800000e+03,3001,125.041667
9889,9.88900000e+03,3001,125.041667
9890,9.89000000e+03,3016,125.666667
9891,9.89100000e+03,3016,125.666667
9892,9.89200000e+03,3016,125.666667
9893,9.89300000e+03,3016,125.666667
9894,9.89400000e+03,3016,125.666667
9895,9.89500000e+03,3029,126.208333
9896,9.89600000e+03,3029,126.208333
9897,9.89700000e+03,3029,126.208333
9898,9.89800000e+03,3029,126.208333
9899,9.89900000e+03,3029,126.208333
9900,9.90000000e+03,3038,126.583333
9901,9.90100000e+03,3038,126.583333
9902,9.90200000e+03,3038,126.583333
9903,9.90300000e+03,3038,126.583333
9904,9.90400000e+03,3038,126.583333
9905,9.90500000e+03,3044,126.833333
9906,9.90600000e+03,3044,126.833333
9907,9.90700000e+03,3044,126.833333
9908,9.90800000e+03,3044,126.833333
9909,9.90900000e+03,3044,126.833333
9910,9.91000000e+03,3056,127.333333
9911,9.91100000e+03,3056,127.333333
9912,9.91200000e+03,3056,127.333333
9913,9.91300000e+03,3056,127.333333
9914,9.91400000e+03,3056,127.333333
9915,9.91500000e+03,3064,127.666667
9916,9.91600000e+03,3064,127.666667
9917,9.91700000e+03,3064,127.666667
9918,9.91800000e+03,3064,127.666667
9919,9.91900000e+03,3064,127.666667
9920,9.92000000e+03,3068,127.833333
9921,9.92100000e+03,3068,127.833333
9922,9.92200000e+03,3068,127.833333
9923,9.92300000e+03,3068,127.833333
9924,9.92400000e+03,3068,127.833333
9925,9.92500000e+03,3071,127.958333
9926,9.92600000e+03,3071,127.958333
9927,9.92700000e+03,3071,127.958333
9928,9.92800000e+03,3071,127.958333
9929,9.92900000e+03,3071,127.958333
9930,9.93000000e+03,3080,128.333333
9931,9.93100000e+03,3080,128.333333
9932,9.93200000e+03,3080,128.333333
9933,9.93300000e+03,3080,128.333333
9934,9.93400000e+03,3080,128.333333
9935,9.93500000e+03,3086,128.583333
9936,9.93600000e+03,3086,128.583333
9937,9.93700000e+03,3086,128.583333
9938,9.93800000e+03,3086,128.583333
9939,9.93900000e+03,3086,128.583333
9940,9.94000000e+03,3097,129.041667
9941,9.94100000e+03,3097,129.041667
9942,9.94200000e+03,3097,129.041667
9943,9.94300000e+03,3097,129.041667
9944,9.94400000e+03,3097,129.041667
9945,9.94500000e+03,3104,129.333333
9946,9.94600000e+03,3104,129.333333
9947,9.94700000e+03,3104,129.333333
9948,9.94800000e+03,3104,129.333333
9949,9.94900000e+03,3104,129.333333
9950,9.95000000e+03,3115,129.791667
9951,9.95100000e+03,3115,129.791667
9952,9.95200000e+03,3115,129.791667
9953,9.95300000e+03,3115,129.791667
9954,9.95400000e+03,3115,129.791667
9955,9.95500000e+03,3122,130.083333
9956,9.95600000e+03,3122,130.083333
9957,9.95700000e+03,3122,130.083333
9958,9.95800000e+03,3122,130.083333
9959,9.95900000e+03,3122,130.083333
9960,9.96000000e+03,3132,130.500000
9961,9.96100000e+03,3132,130.500000
9962,9.96200000e+03,3132,130.500000
9963,9.96300000e+03,3132,130.500000
9964,9.96400000e+03,3132,130.500000
9965,9.96500000e+03,3144,131.000000
9966,9.96600000e+03,3144,131.000000
9967,9.96700000e+03,3144,131.000000
9968,9.96800000e+03,3144,131.000000
9969,9.96900000e+03,3144,131.000000
9970,9.97000000e+03,3160,131.666667
9971,9.97100000e+03,3160,131.666667
9972,9.97200000e+03,3160,131.666667
9973,9.97300000e+03,3160,131.666667
9974,9.97400000e+03,3160,131.666667
9975,9.97500000e+03,3170,132.083333
9976,9.97600000e+03,3170,132.083333
9977,9.97700000e+03,3170,132.083333
9978,9.97800000e+03,3170,132.083333
9979,9.97900000e+03,3170,132.083333
9980,9.98000000e+03,3183,132.625000
9981,9.98100000e+03,3183,132.625000
9982,9.98200000e+03,3183,132.625000
9983,9.98300000e+03,3183,132.625000
9984,9.98400000e+03,3183,132.625000
9985,9.98500000e+03,3196,133.166667
9986,9.98600000e+03,3196,133.166667
9987,9.98700000e+03,3196,133.166667
9988,9.98800000e+03,3196,133.166667
9989,9.98900000e+03,3196,133.166667
9990,9.99000000e+03,3204,133.500000
9991,9.99100000e+03,3204,133.500000
9992,9.99200000e+03,3204,133.500000
9993,9.99300000e+03,3204,133.500000
9994,9.99400000e+03,3204,133.500000
9995,9.99500000e+03,3213,133.875000
9996,9.99600000e+03,3213,133.875000
9997,9.99700000e+03,3213,133.875000
9998,9.99800000e+03,3213,133.875000
9999,9.99900000e+03,3213,133.875000
10000,1.00000000e+04,3216,134.000000
10001,1.00010000e+04,3216,134.000000
10002,1.00020000e+04,3216,134.000000
10003,1.00030000e+04,3216,134.000000
10004,1.00040000e+04,3216,134.000000
10005,1.00050000e+04,3220,134.166667
10006,1.00060000e+04,3220,134.166667
10007,1.00070000e+04,3220,134.166667
10008,1.00080000e+04,3220,134.166667
10009,1.00090000e+04,3220,134.166667
10010,1.00100000e+04,3213,133.875000
10011,1.00110000e+04,3213,133.875000
10012,1.00120000e+04,3213,133.875000
10013,1.00130000e+04,3213,133.875000
10014,1.00140000e+04,3213,133.875000
10015,1.00150000e+04,3207,133.625000
10016,1.00160000e+04,3207,133.625000
10017,1.00170000e+04,3207,133.625000
10018,1.00180000e+04,3207,133.625000
10019,1.00190000e+04,3207,133.625000
10020,1.00200000e+04,3203,133.458333
10021,1.00210000e+04,3203,133.458333
10022,1.00220000e+04,3203,133.458333
10023,1.00230000e+04,3203,133.458333
10024,1.00240000e+04,3203,133.458333
10025,1.00250000e+04,3190,132.916667
10026,1.00260000e+04,3190,132.916667
10027,1.00270000e+04,3190,132.916667
10028,1.00280000e+04,3190,132.916667
10029,1.00290000e+04,3190,132.916667
10030,1.00300000e+04,3174,132.250000
10031,1.00310000e+04,3174,132.250000
10032,1.00320000e+04,3174,132.250000
10033,1.00330000e+04,3174,132.250000
10034,1.00340000e+04,3174,132.250000
10035,1.00350000e+04,3164,131.833333
10036,1.00360000e+04,3164,131.833333
10037,1.00370000e+04,3164,131.833333
10038,1.00380000e+04,3164,131.833333
10039,1.00390000e+04,3164,131.833333
10040,1.00400000e+04,3151,131.291667
10041,1.00410000e+04,3151,131.291667
10042,1.00420000e+04,3151,131.291667
10043,1.00430000e+04,3151,131.291667
10044,1.00440000e+04,3151,131.291667
10045,1.00450000e+04,3137,130.708333
10046,1.00460000e+04,3137,130.708333
10047,1.00470000e+04,3137,130.708333
10048,1.00480000e+04,3137,130.708333
10049,1.00490000e+04,3137,130.708333
10050,1.00500000e+04,3127,130.291667
10051,1.00510000e+04,3127,130.291667
10052,1.00520000e+04,3127,130.291667
10053,1.00530000e+04,3127,130.291667
10054,1.00540000e+04,3127,130.291667
10055,1.00550000e+04,3121,130.041667
10056,1.00560000e+04,3121,130.041667
10057,1.00570000e+04,3121,130.041667
10058,1.00580000e+04,3121,130.041667
10059,1.00590000e+04,3121,130.041667
10060,1.00600000e+04,3105,129.375000
10061,1.00610000e+04,3105,129.375000
10062,1.00620000e+04,3105,129.375000
10063,1.00630000e+04,3105,129.375000
10064,1.00640000e+04,3105,129.375000
10065,1.00650000e+04,3097,129.041667
10066,1.00660000e+04,3097,129.041667
10067,1.00670000e+04,3097,129.041667
10068,1.00680000e+04,3097,129.041667
10069,1.00690000e+04,3097,129.041667
10070,1.00700000e+04,3084,128.500000
10071,1.00710000e+04,3084,128.500000
10072,1.00720000e+04,3084,128.500000
10073,1.00730000e+04,3084,128.500000
10074,1.00740000e+04,3084,128.500000
10075,1.00750000e+04,3078,128.250000
10076,1.00760000e+04,3078,128.250000
10077,1.00770000e+04,3078,128.250000
10078,1.00780000e+04,3078,128.250000
10079,1.00790000e+04,3078,128.250000
10080,1.00800000e+04,3070,127.916667
10081,1.00810000e+04,3070,127.916667
10082,1.00820000e+04,3070,127.916667
10083,1.00830000e+04,3070,127.916667
10084,1.00840000e+04,3070,127.916667
10085,1.00850000e+04,3061,127.541667
10086,1.00860000e+04,3061,127.541667
10087,1.00870000e+04,3061,127.541667
10088,1.00880000e+04,3061,127.541667
10089,1.00890000e+04,3061,127.541667
10090,1.00900000e+04,3058,127.416667
10091,1.00910000e+04,3058,127.416667
10092,1.00920000e+04,3058,127.416667
10093,1.00930000e+04,3058,127.416667
10094,1.00940000e+04,3058,127.416667
10095,1.00950000e+04,3049,127.041667
10096,1.00960000e+04,3049,127.041667
10097,1.00970000e+04,3049,127.041667
10098,1.00980000e+04,3049,127.041667
10099,1.00990000e+04,3049,127.041667
10100,1.01000000e+04,3041,126.708333
10101,1.01010000e+04,3041,126.708333
10102,1.01020000e+04,3041,126.708333
10103,1.01030000e+04,3041,126.708333
10104,1.01040000e+04,3041,126.708333
10105,1.01050000e+04,3038,126.583333
10106,1.01060000e+04,3038,126.583333
10107,1.01070000e+04,3038,126.583333
10108,1.01080000e+04,3038,126.583333
10109,1.01090000e+04,3038,126.583333
10110,1.01100000e+04,3028,126.166667
10111,1.01110000e+04,3028,126.166667
10112,1.01120000e+04,3028,126.166667
10113,1.01130000e+04,3028,126.166667
10114,1.01140000e+04,3028,126.166667
10115,1.01150000e+04,3016,125.666667
10116,1.01160000e+04,3016,125.666667
10117,1.01170000e+04,3016,125.666667
10118,1.01180000e+04,3016,125.666667
10119,1.01190000e+04,3016,125.666667
10120,1.01200000e+04,3009,125.375000
10121,1.01210000e+04,3009,125.375000
10122,1.01220000e+04,3009,125.375000
10123,1.01230000e+04,3009,125.375000
10124,1.01240000e+04,3009,125.375000
10125,1.01250000e+04,2997,124.875000
10126,1.01260000e+04,2997,124.875000
10127,1.01270000e+04,2997,124.875000
10128,1.01280000e+04,2997,124.875000
10129,1.01290000e+04,2997,124.875000
10130,1.01300000e+04,2983,124.291667
10131,1.01310000e+04,2983,124.291667
10132,1.01320000e+04,2983,124.291667
10133,1.01330000e+04,2983,124.291667
10134,1.01340000e+04,2983,124.291667
10135,1.01350000e+04,2968,123.666667
10136,1.01360000e+04,2968,123.666667
10137,1.01370000e+04,2968,123.666667
10138,1.01380000e+04,2968,123.666667
10139,1.01390000e+04,2968,123.666667
10140,1.01400000e+04,2945,122.708333
10141,1.01410000e+04,2945,122.708333
10142,1.01420000e+04,2945,122.708333
10143,1.01430000e+04,2945,122.708333
10144,1.01440000e+04,2945,122.708333
10145,1.01450000e+04,2925,121.875000
10146,1.01460000e+04,2925,121.875000
10147,1.01470000e+04,2925,121.875000
10148,1.01480000e+04,2925,121.875000
10149,1.01490000e+04,2925,121.875000
10150,1.01500000e+04,2903,120.958333
10151,1.01510000e+04,2903,120.958333
10152,1.01520000e+04,2903,120.958333
10153,1.01530000e+04,2903,120.958333
10154,1.01540000e+04,2903,120.958333
10155,1.01550000e+04,2883,120.125000
10156,1.01560000e+04,2883,120.125000
10157,1.01570000e+04,2883,120.125000
10158,1.01580000e+04,2883,120.125000
10159,1.01590000e+04,2883,120.125000
10160,1.01600000e+04,2864,119.333333
10161,1.01610000e+04,2864,119.333333
10162,1.01620000e+04,2864,119.333333
10163,1.01630000e+04,2864,119.333333
10164,1.01640000e+04,2864,119.333333
10165,1.01650000e+04,2842,118.416667
10166,1.01660000e+04,2842,118.416667
10167,1.01670000e+04,2842,118.416667
10168,1.01680000e+04,2842,118.416667
10169,1.01690000e+04,2842,118.416667
10170,1.01700000e+04,2820,117.500000
10171,1.01710000e+04,2820,117.500000
10172,1.01720000e+04,2820,117.500000
10173,1.01730000e+04,2820,117.500000
10174,1.01740000e+04,2820,117.500000
10175,1.01750000e+04,2799,116.625000
10176,1.01760000e+04,2799,116.625000
10177,1.01770000e+04,2799,116.625000
10178,1.01780000e+04,2799,116.625000
10179,1.01790000e+04,2799,116.625000
10180,1.01800000e+04,2784,116.000000
10181,1.01810000e+04,2784,116.000000
10182,1.01820000e+04,2784,116.000000
10183,1.01830000e+04,2784,116.000000
10184,1.01840000e+04,2784,116.000000
10185,1.01850000e+04,2765,115.208333
10186,1.01860000e+04,2765,115.208333
10187,1.01870000e+04,2765,115.208333
10188,1.01880000e+04,2765,115.208333
10189,1.01890000e+04,2765,115.208333
10190,1.01900000e+04,2750,114.583333
10191,1.01910000e+04,2750,114.583333
10192,1.01920000e+04,2750,114.583333
10193,1.01930000e+04,2750,114.583333
10194,1.01940000e+04,2750,114.583333
10195,1.01950000e+04,2735,113.958333
10196,1.01960000e+04,2735,113.958333
10197,1.01970000e+04,2735,113.958333
10198,1.01980000e+04,2735,113.958333
10199,1.01990000e+04,2735,113.958333
10200,1.02000000e+04,2723,113.458333
10201,1.02010000e+04,2723,113.458333
10202,1.02020000e+04,2723,113.458333
10203,1.02030000e+04,2723,113.458333
10204,1.02040000e+04,2723,113.458333
10205,1.02050000e+04,2710,112.916667
10206,1.02060000e+04,2710,112.916667
10207,1.02070000e+04,2710,112.916667
10208,1.02080000e+04,2710,112.916667
10209,1.02090000e+04,2710,112.916667
10210,1.02100000e+04,2698,112.416667
10211,1.02110000e+04,2698,112.416667
10212,1.02120000e+04,2698,112.416667
10213,1.02130000e+04,2698,112.416667
10214,1.02140000e+04,2698,112.416667
10215,1.02150000e+04,2687,111.958333
10216,1.02160000e+04,2687,111.958333
10217,1.02170000e+04,2687,111.958333
10218,1.02180000e+04,2687,111.958333
10219,1.02190000e+04,2687,111.958333
10220,1.02200000e+04,2677,111.541667
10221,1.02210000e+04,2677,111.541667
10222,1.02220000e+04,2677,111.541667
10223,1.02230000e+04,2677,111.541667
10224,1.02240000e+04,2677,111.541667
10225,1.02250000e+04,2668,111.166667
10226,1.02260000e+04,2668,111.166667
10227,1.02270000e+04,2668,111.166667
10228,1.02280000e+04,2668,111.166667
10229,1.02290000e+04,2668,111.166667
10230,1.02300000e+04,2652,110.500000
10231,1.02310000e+04,2652,110.500000
10232,1.02320000e+04,2652,110.500000
10233,1.02330000e+04,2652,110.500000
10234,1.02340000e+04,2652,110.500000
10235,1.02350000e+04,2638,109.916667
10236,1.02360000e+04,2638,109.916667
10237,1.02370000e+04,2638,109.916667
10238,1.02380000e+04,2638,109.916667
10239,1.02390000e+04,2638,109.916667
10240,1.02400000e+04,2623,109.291667
10241,1.02410000e+04,2623,109.291667
10242,1.02420000e+04,2623,109.291667
10243,1.02430000e+04,2623,109.291667
10244,1.02440000e+04,2623,109.291667
10245,1.02450000e+04,2600,108.333333
10246,1.02460000e+04,2600,108.333333
10247,1.02470000e+04,2600,108.333333
10248,1.02480000e+04,2600,108.333333
10249,1.02490000e+04,2600,108.333333
10250,1.02500000e+04,2578,107.416667
10251,1.02510000e+04,2578,107.416667
10252,1.02520000e+04,2578,107.416667
10253,1.02530000e+04,2578,107.416667
10254,1.02540000e+04,2578,107.416667
10255,1.02550000e+04,2553,106.375000
10256,1.02560000e+04,2553,106.375000
10257,1.02570000e+04,2553,106.375000
10258,1.02580000e+04,2553,106.375000
10259,1.02590000e+04,2553,106.375000
10260,1.02600000e+04,2527,105.291667
10261,1.02610000e+04,2527,105.291667
10262,1.02620000e+04,2527,105.291667
10263,1.02630000e+04,2527,105.291667
10264,1.02640000e+04,2527,105.291667
10265,1.02650000e+04,2496,104.000000
10266,1.02660000e+04,2496,104.000000
10267,1.02670000e+04,2496,104.000000
10268,1.02680000e+04,2496,104.000000
10269,1.02690000e+04,2496,104.000000
10270,1.02700000e+04,2473,103.041667
10271,1.02710000e+04,2473,103.041667
10272,1.02720000e+04,2473,103.041667
10273,1.02730000e+04,2473,103.041667
10274,1.02740000e+04,2473,103.041667
10275,1.02750000e+04,2448,102.000000
10276,1.02760000e+04,2448,102.000000
10277,1.02770000e+04,2448,102.000000
10278,1.02780000e+04,2448,102.000000
10279,1.02790000e+04,2448,102.000000
10280,1.02800000e+04,2419,100.791667
10281,1.02810000e+04,2419,100.791667
10282,1.02820000e+04,2419,100.791667
10283,1.02830000e+04,2419,100.791667
10284,1.02840000e+04,2419,100.791667
10285,1.02850000e+04,2399,99.958333
10286,1.02860000e+04,2399,99.958333
10287,1.02870000e+04,2399,99.958333
10288,1.02880000e+04,2399,99.958333
10289,1.02890000e+04,2399,99.958333
10290,1.02900000e+04,2379,99.125000
10291,1.02910000e+04,2379,99.125000
10292,1.02920000e+04,2379,99.125000
10293,1.02930000e+04,2379,99.125000
10294,1.02940000e+04,2379,99.125000
10295,1.02950000e+04,2359,98.291667
10296,1.02960000e+04,2359,98.291667
10297,1.02970000e+04,2359,98.291667
10298,1.02980000e+04,2359,98.291667
10299,1.02990000e+04,2359,98.291667
10300,1.03000000e+04,2344,97.666667
10301,1.03010000e+04,2344,97.666667
10302,1.03020000e+04,2344,97.666667
10303,1.03030000e+04,2344,97.666667
10304,1.03040000e+04,2344,97.666667
10305,1.03050000e+04,2326,96.916667
10306,1.03060000e+04,2326,96.916667
10307,1.03070000e+04,2326,96.916667
10308,1.03080000e+04,2326,96.916667
10309,1.03090000e+04,2326,96.916667
10310,1.03100000e+04,2313,96.375000
10311,1.03110000e+04,2313,96.375000
10312,1.03120000e+04,2313,96.375000
10313,1.03130000e+04,2313,96.375000
10314,1.03140000e+04,2313,96.375000
10315,1.03150000e+04,2301,95.875000
10316,1.03160000e+04,2301,95.875000
10317,1.03170000e+04,2301,95.875000
10318,1.03180000e+04,2301,95.875000
10319,1.03190000e+04,2301,95.875000
10320,1.03200000e+04,2288,95.333333
10321,1.03210000e+04,2288,95.333333
10322,1.03220000e+04,2288,95.333333
10323,1.03230000e+04,2288,95.333333
10324,1.03240000e+04,2288,95.333333
10325,1.03250000e+04,2277,94.875000
10326,1.03260000e+04,2277,94.875000
10327,1.03270000e+04,2277,94.875000
10328,1.03280000e+04,2277,94.875000
10329,1.03290000e+04,2277,94.875000
10330,1.03300000e+04,2264,94.333333
10331,1.03310000e+04,2264,94.333333
10332,1.03320000e+04,2264,94.333333
10333,1.03330000e+04,2264,94.333333
10334,1.03340000e+04,2264,94.333333
10335,1.03350000e+04,2256,94.000000
10336,1.03360000e+04,2256,94.000000
10337,1.03370000e+04,2256,94.000000
10338,1.03380000e+04,2256,94.000000
10339,1.03390000e+04,2256,94.000000
10340,1.03400000e+04,2240,93.333333
10341,1.03410000e+04,2240,93.333333
10342,1.03420000e+04,2240,93.333333
10343,1.03430000e+04,2240,93.333333
10344,1.03440000e+04,2240,93.333333
10345,1.03450000e+04,2230,92.916667
10346,1.03460000e+04,2230,92.916667
10347,1.03470000e+04,2230,92.916667
10348,1.03480000e+04,2230,92.916667
10349,1.03490000e+04,2230,92.916667
10350,1.03500000e+04,2212,92.166667
10351,1.03510000e+04,2212,92.166667
10352,1.03520000e+04,2212,92.166667
10353,1.03530000e+04,2212,92.166667
10354,1.03540000e+04,2212,92.166667
10355,1.03550000e+04,2198,91.583333
10356,1.03560000e+04,2198,91.583333
10357,1.03570000e+04,2198,91.583333
10358,1.03580000e+04,2198,91.583333
10359,1.03590000e+04,2198,91.583333
10360,1.03600000e+04,2175,90.625000
10361,1.03610000e+04,2175,90.625000
10362,1.03620000e+04,2175,90.625000
10363,1.03630000e+04,2175,90.625000
10364,1.03640000e+04,2175,90.625000
10365,1.03650000e+04,2160,90.000000
10366,1.03660000e+04,2160,90.000000
10367,1.03670000e+04,2160,90.000000
10368,1.03680000e+04,2160,90.000000
10369,1.03690000e+04,2160,90.000000
10370,1.03700000e+04,2138,89.083333
10371,1.03710000e+04,2138,89.083333
10372,1.03720000e+04,2138,89.083333
10373,1.03730000e+04,2138,89.083333
10374,1.03740000e+04,2138,89.083333
10375,1.03750000e+04,2113,88.041667
10376,1.03760000e+04,2113,88.041667
10377,1.03770000e+04,2113,88.041667
10378,1.03780000e+04,2113,88.041667
10379,1.03790000e+04,2113,88.041667
10380,1.03800000e+04,2091,87.125000
10381,1.03810000e+04,2091,87.125000
10382,1.03820000e+04,2091,87.125000
10383,1.03830000e+04,2091,87.125000
10384,1.03840000e+04,2091,87.125000
10385,1.03850000e+04,2069,86.208333
10386,1.03860000e+04,2069,86.208333
10387,1.03870000e+04,2069,86.208333
10388,1.03880000e+04,2069,86.208333
10389,1.03890000e+04,2069,86.208333
10390,1.03900000e+04,2043,85.125000
10391,1.03910000e+04,2043,85.125000
10392,1.03920000e+04,2043,85.125000
10393,1.03930000e+04,2043,85.125000
10394,1.03940000e+04,2043,85.125000
10395,1.03950000e+04,2025,84.375000
10396,1.03960000e+04,2025,84.375000
10397,1.03970000e+04,2025,84.375000
10398,1.03980000e+04,2025,84.375000
10399,1.03990000e+04,2025,84.375000
10400,1.04000000e+04,2002,83.416667
10401,1.04010000e+04,2002,83.416667
10402,1.04020000e+04,2002,83.416667
10403,1.04030000e+04,2002,83.416667
10404,1.04040000e+04,2002,83.416667
10405,1.04050000e+04,1977,82.375000
10406,1.04060000e+04,1977,82.375000
10407,1.04070000e+04,1977,82.375000
10408,1.04080000e+04,1977,82.375000
10409,1.04090000e+04,1977,82.375000
10410,1.04100000e+04,1956,81.500000
10411,1.04110000e+04,1956,81.500000
10412,1.04120000e+04,1956,81.500000
10413,1.04130000e+04,1956,81.500000
10414,1.04140000e+04,1956,81.500000
10415,1.04150000e+04,1934,80.583333
10416,1.04160000e+04,1934,80.583333
10417,1.04170000e+04,1934,80.583333
10418,1.04180000e+04,1934,80.583333
10419,1.04190000e+04,1934,80.583333
10420,1.04200000e+04,1912,79.666667
10421,1.04210000e+04,1912,79.666667
10422,1.04220000e+04,1912,79.666667
10423,1.04230000e+04,1912,79.666667
10424,1.04240000e+04,1912,79.666667
10425,1.04250000e+04,1889,78.708333
10426,1.04260000e+04,1889,78.708333
10427,1.04270000e+04,1889,78.708333
10428,1.04280000e+04,1889,78.708333
10429,1.04290000e+04,1889,78.708333
10430,1.04300000e+04,1868,77.833333
10431,1.04310000e+04,1868,77.833333
10432,1.04320000e+04,1868,77.833333
10433,1.04330000e+04,1868,77.833333
10434,1.04340000e+04,1868,77.833333
10435,1.04350000e+04,1847,76.958333
10436,1.04360000e+04,1847,76.958333
10437,1.04370000e+04,1847,76.958333
10438,1.04380000e+04,1847,76.958333
10439,1.04390000e+04,1847,76.958333
10440,1.04400000e+04,1829,76.208333
10441,1.04410000e+04,1829,76.208333
10442,1.04420000e+04,1829,76.208333
10443,1.04430000e+04,1829,76.208333
10444,1.04440000e+04,1829,76.208333
10445,1.04450000e+04,1805,75.208333
10446,1.04460000e+04,1805,75.208333
10447,1.04470000e+04,1805,75.208333
10448,1.04480000e+04,1805,75.208333
10449,1.04490000e+04,1805,75.208333
10450,1.04500000e+04,1783,74.291667
10451,1.04510000e+04,1783,74.291667
10452,1.04520000e+04,1783,74.291667
10453,1.04530000e+04,1783,74.291667
10454,1.04540000e+04,1783,74.291667
10455,1.04550000e+04,1763,73.458333
10456,1.04560000e+04,1763,73.458333
10457,1.04570000e+04,1763,73.458333
10458,1.04580000e+04,1763,73.458333
10459,1.04590000e+04,1763,73.458333
10460,1.04600000e+04,1739,72.458333
10461,1.04610000e+04,1739,72.458333
10462,1.04620000e+04,1739,72.458333
10463,1.04630000e+04,1739,72.458333
10464,1.04640000e+04,1739,72.458333
10465,1.04650000e+04,1712,71.333333
10466,1.04660000e+04,1712,71.333333
10467,1.04670000e+04,1712,71.333333
10468,1.04680000e+04,1712,71.333333
10469,1.04690000e+04,1712,71.333333
10470,1.04700000e+04,1686,70.250000
10471,1.04710000e+04,1686,70.250000
10472,1.04720000e+04,1686,70.250000
10473,1.04730000e+04,1686,70.250000
10474,1.04740000e+04,1686,70.250000
10475,1.04750000e+04,1658,69.083333
10476,1.04760000e+04,1658,69.083333
10477,1.04770000e+04,1658,69.083333
10478,1.04780000e+04,1658,69.083333
10479,1.04790000e+04,1658,69.083333
10480,1.04800000e+04,1622,67.583333
10481,1.04810000e+04,1622,67.583333
10482,1.04820000e+04,1622,67.583333
10483,1.04830000e+04,1622,67.583333
10484,1.04840000e+04,1622,67.583333
10485,1.04850000e+04,1594,66.416667
10486,1.04860000e+04,1594,66.416667
10487,1.04870000e+04,1594,66.416667
10488,1.04880000e+04,1594,66.416667
10489,1.04890000e+04,1594,66.416667
10490,1.04900000e+04,1557,64.875000
10491,1.04910000e+04,1557,64.875000
10492,1.04920000e+04,1557,64.875000
10493,1.04930000e+04,1557,64.875000
10494,1.04940000e+04,1557,64.875000
10495,1.04950000e+04,1520,63.333333
10496,1.04960000e+04,1520,63.333333
10497,1.04970000e+04,1520,63.333333
10498,1.04980000e+04,1520,63.333333
10499,1.04990000e+04,1520,63.333333
10500,1.05000000e+04,1482,61.750000
10501,1.05010000e+04,1482,61.750000
10502,1.05020000e+04,1482,61.750000
10503,1.05030000e+04,1482,61.750000
10504,1.05040000e+04,1482,61.750000
10505,1.05050000e+04,1446,60.250000
10506,1.05060000e+04,1446,60.250000
10507,1.05070000e+04,1446,60.250000
10508,1.05080000e+04,1446,60.250000
10509,1.05090000e+04,1446,60.250000
10510,1.05100000e+04,1410,58.750000
10511,1.05110000e+04,1410,58.750000
10512,1.05120000e+04,1410,58.750000
10513,1.05130000e+04,1410,58.750000
10514,1.05140000e+04,1410,58.750000
10515,1.05150000e+04,1376,57.333333
10516,1.05160000e+04,1376,57.333333
10517,1.05170000e+04,1376,57.333333
10518,1.05180000e+04,1376,57.333333
10519,1.05190000e+04,1376,57.333333
10520,1.05200000e+04,1341,55.875000
10521,1.05210000e+04,1341,55.875000
10522,1.05220000e+04,1341,55.875000
10523,1.05230000e+04,1341,55.875000
10524,1.05240000e+04,1341,55.875000
10525,1.05250000e+04,1310,54.583333
10526,1.05260000e+04,1310,54.583333
10527,1.05270000e+04,1310,54.583333
10528,1.05280000e+04,1310,54.583333
10529,1.05290000e+04,1310,54.583333
10530,1.05300000e+04,1281,53.375000
10531,1.05310000e+04,1281,53.375000
10532,1.05320000e+04,1281,53.375000
10533,1.05330000e+04,1281,53.375000
10534,1.05340000e+04,1281,53.375000
10535,1.05350000e+04,1250,52.083333
10536,1.05360000e+04,1250,52.083333
10537,1.05370000e+04,1250,52.083333
10538,1.05380000e+04,1250,52.083333
10539,1.05390000e+04,1250,52.083333
10540,1.05400000e+04,1218,50.750000
10541,1.05410000e+04,1218,50.750000
10542,1.05420000e+04,1218,50.750000
10543,1.05430000e+04,1218,50.750000
10544,1.05440000e+04,1218,50.750000
10545,1.05450000e+04,1189,49.541667
10546,1.05460000e+04,1189,49.541667
10547,1.05470000e+04,1189,49.541667
10548,1.05480000e+04,1189,49.541667
10549,1.05490000e+04,1189,49.541667
10550,1.05500000e+04,1160,48.333333
10551,1.05510000e+04,1160,48.333333
10552,1.05520000e+04,1160,48.333333
10553,1.05530000e+04,1160,48.333333
10554,1.05540000e+04,1160,48.333333
10555,1.05550000e+04,1131,47.125000
10556,1.05560000e+04,1131,47.125000
10557,1.05570000e+04,1131,47.125000
10558,1.05580000e+04,1131,47.125000
10559,1.05590000e+04,1131,47.125000
10560,1.05600000e+04,1104,46.000000
10561,1.05610000e+04,1104,46.000000
10562,1.05620000e+04,1104,46.000000
10563,1.05630000e+04,1104,46.000000
10564,1.05640000e+04,1104,46.000000
10565,1.05650000e+04,1073,44.708333
10566,1.05660000e+04,1073,44.708333
10567,1.05670000e+04,1073,44.708333
10568,1.05680000e+04,1073,44.708333
10569,1.05690000e+04,1073,44.708333
10570,1.05700000e+04,1045,43.541667
10571,1.05710000e+04,1045,43.541667
10572,1.05720000e+04,1045,43.541667
10573,1.05730000e+04,1045,43.541667
10574,1.05740000e+04,1045,43.541667
10575,1.05750000e+04,1018,42.416667
10576,1.05760000e+04,1018,42.416667
10577,1.05770000e+04,1018,42.416667
10578,1.05780000e+04,1018,42.416667
10579,1.05790000e+04,1018,42.416667
10580,1.05800000e+04,986,41.083333
10581,1.05810000e+04,986,41.083333
10582,1.05820000e+04,986,41.083333
10583,1.05830000e+04,986,41.083333
10584,1.05840000e+04,986,41.083333
10585,1.05850000e+04,956,39.833333
10586,1.05860000e+04,956,39.833333
10587,1.05870000e+04,956,39.833333
10588,1.05880000e+04,956,39.833333
10589,1.05890000e+04,956,39.833333
10590,1.05900000e+04,922,38.416667
10591,1.05910000e+04,922,38.416667
10592,1.05920000e+04,922,38.416667
10593,1.05930000e+04,922,38.416667
10594,1.05940000e+04,922,38.416667
10595,1.05950000e+04,888,37.000000
10596,1.05960000e+04,888,37.000000
10597,1.05970000e+04,888,37.000000
10598,1.05980000e+04,888,37.000000
10599,1.05990000e+04,888,37.000000
10600,1.06000000e+04,858,35.750000
10601,1.06010000e+04,858,35.750000
10602,1.06020000e+04,858,35.750000
10603,1.06030000e+04,858,35.750000
10604,1.06040000e+04,858,35.750000
10605,1.06050000e+04,824,34.333333
10606,1.06060000e+04,824,34.333333
10607,1.06070000e+04,824,34.333333
10608,1.06080000e+04,824,34.333333
10609,1.06090000e+04,824,34.333333
10610,1.06100000e+04,786,32.750000
10611,1.06110000e+04,786,32.750000
10612,1.06120000e+04,786,32.750000
10613,1.06130000e+04,786,32.750000
10614,1.06140000e+04,786,32.750000
10615,1.06150000e+04,749,31.208333
10616,1.06160000e+04,749,31.208333
10617,1.06170000e+04,749,31.208333
10618,1.06180000e+04,749,31.208333
10619,1.06190000e+04,749,31.208333
10620,1.06200000e+04,712,29.666667
10621,1.06210000e+04,712,29.666667
10622,1.06220000e+04,712,29.666667
10623,1.06230000e+04,712,29.666667
10624,1.06240000e+04,712,29.666667
10625,1.06250000e+04,680,28.333333
10626,1.06260000e+04,680,28.333333
10627,1.06270000e+04,680,28.333333
10628,1.06280000e+04,680,28.333333
10629,1.06290000e+04,680,28.333333
10630,1.06300000e+04,644,26.833333
10631,1.06310000e+04,644,26.833333
10632,1.06320000e+04,644,26.833333
10633,1.06330000e+04,644,26.833333
10634,1.06340000e+04,644,26.833333
10635,1.06350000e+04,613,25.541667
10636,1.06360000e+04,613,25.541667
10637,1.06370000e+04,613,25.541667
10638,1.06380000e+04,613,25.541667
10639,1.06390000e+04,613,25.541667
10640,1.06400000e+04,577,24.041667
10641,1.06410000e+04,577,24.041667
10642,1.06420000e+04,577,24.041667
10643,1.06430000e+04,577,24.041667
10644,1.06440000e+04,577,24.041667
10645,1.06450000e+04,542,22.583333
10646,1.06460000e+04,542,22.583333
10647,1.06470000e+04,542,22.583333
10648,1.06480000e+04,542,22.583333
10649,1.06490000e+04,542,22.583333
10650,1.06500000e+04,511,21.291667
10651,1.06510000e+04,511,21.291667
10652,1.06520000e+04,511,21.291667
10653,1.06530000e+04,511,21.291667
10654,1.06540000e+04,511,21.291667
10655,1.06550000e+04,482,20.083333
10656,1.06560000e+04,482,20.083333
10657,1.06570000e+04,482,20.083333
10658,1.06580000e+04,482,20.083333
10659,1.06590000e+04,482,20.083333
10660,1.06600000e+04,452,18.833333
10661,1.06610000e+04,452,18.833333
10662,1.06620000e+04,452,18.833333
10663,1.06630000e+04,452,18.833333
10664,1.06640000e+04,452,18.833333
10665,1.06650000e+04,418,17.416667
10666,1.06660000e+04,418,17.416667
10667,1.06670000e+04,418,17.416667
10668,1.06680000e+04,418,17.416667
10669,1.06690000e+04,418,17.416667
10670,1.06700000e+04,386,16.083333
10671,1.06710000e+04,386,16.083333
10672,1.06720000e+04,386,16.083333
10673,1.06730000e+04,386,16.083333
10674,1.06740000e+04,386,16.083333
10675,1.06750000e+04,352,14.666667
10676,1.06760000e+04,352,14.666667
10677,1.06770000e+04,352,14.666667
10678,1.06780000e+04,352,14.666667
10679,1.06790000e+04,352,14.666667
10680,1.06800000e+04,318,13.250000
10681,1.06810000e+04,318,13.250000
10682,1.06820000e+04,318,13.250000
10683,1.06830000e+04,318,13.250000
10684,1.06840000e+04,318,13.250000
10685,1.06850000e+04,284,11.833333
10686,1.06860000e+04,284,11.833333
10687,1.06870000e+04,284,11.833333
10688,1.06880000e+04,284,11.833333
10689,1.06890000e+04,284,11.833333
10690,1.06900000e+04,250,10.416667
10691,1.06910000e+04,250,10.416667
10692,1.06920000e+04,250,10.416667
10693,1.06930000e+04,250,10.416667
10694,1.06940000e+04,250,10.416667
10695,1.06950000e+04,212,8.833333
10696,1.06960000e+04,212,8.833333
10697,1.06970000e+04,212,8.833333
10698,1.06980000e+04,212,8.833333
10699,1.06990000e+04,212,8.833333
10700,1.07000000e+04,174,7.250000
10701,1.07010000e+04,174,7.250000
10702,1.07020000e+04,174,7.250000
10703,1.07030000e+04,174,7.250000
10704,1.07040000e+04,174,7.250000
10705,1.07050000e+04,133,5.541667
10706,1.07060000e+04,133,5.541667
10707,1.07070000e+04,133,5.541667
10708,1.07080000e+04,133,5.541667
10709,1.07090000e+04,133,5.541667
10710,1.07100000e+04,99,4.125000
10711,1.07110000e+04,99,4.125000
10712,1.07120000e+04,99,4.125000
10713,1.07130000e+04,99,4.125000
10714,1.07140000e+04,99,4.125000
10715,1.07150000e+04,57,2.375000
10716,1.07160000e+04,57,2.375000
10717,1.07170000e+04,57,2.375000
10718,1.07180000e+04,57,2.375000
10719,1.07190000e+04,57,2.375000
10720,1.07200000e+04,15,0.625000
10721,1.07210000e+04,15,0.625000
10722,1.07220000e+04,15,0.625000
10723,1.07230000e+04,15,0.625000
10724,1.07240000e+04,15,0.625000
10725,1.07250000e+04,-22,-0.916667
10726,1.07260000e+04,-22,-0.916667
10727,1.07270000e+04,-22,-0.916667
10728,1.07280000e+04,-22,-0.916667
10729,1.07290000e+04,-22,-0.916667
10730,1.07300000e+04,-63,-2.625000
10731,1.07310000e+04,-63,-2.625000
10732,1.07320000e+04,-63,-2.625000
10733,1.07330000e+04,-63,-2.625000
10734,1.07340000e+04,-63,-2.625000
10735,1.07350000e+04,-101,-4.208333
10736,1.07360000e+04,-101,-4.208333
10737,1.07370000e+04,-101,-4.208333
10738,1.07380000e+04,-101,-4.208333
10739,1.07390000e+04,-101,-4.208333
10740,1.07400000e+04,-143,-5.958333
10741,1.07410000e+04,-143,-5.958333
10742,1.07420000e+04,-143,-5.958333
10743,1.07430000e+04,-143,-5.958333
10744,1.07440000e+04,-143,-5.958333
10745,1.07450000e+04,-181,-7.541667
10746,1.07460000e+04,-181,-7.541667
10747,1.07470000e+04,-181,-7.541667
10748,1.07480000e+04,-181,-7.541667
10749,1.07490000e+04,-181,-7.541667
10750,1.07500000e+04,-217,-9.041667
10751,1.07510000e+04,-217,-9.041667
10752,1.07520000e+04,-217,-9.041667
10753,1.07530000e+04,-217,-9.041667
10754,1.07540000e+04,-217,-9.041667
10755,1.07550000e+04,-252,-10.500000
10756,1.07560000e+04,-252,-10.500000
10757,1.07570000e+04,-252,-10.500000
10758,1.07580000e+04,-252,-10.500000
10759,1.07590000e+04,-252,-10.500000
10760,1.07600000e+04,-283,-11.791667
10761,1.07610000e+04,-283,-11.791667
10762,1.07620000e+04,-283,-11.791667
10763,1.07630000e+04,-283,-11.791667
10764,1.07640000e+04,-283,-11.791667
10765,1.07650000e+04,-316,-13.166667
10766,1.07660000e+04,-316,-13.166667
10767,1.07670000e+04,-316,-13.166667
10768,1.07680000e+04,-316,-13.166667
10769,1.07690000e+04,-316,-13.166667
10770,1.07700000e+04,-351,-14.625000
10771,1.07710000e+04,-351,-14.625000
10772,1.07720000e+04,-351,-14.625000
10773,1.07730000e+04,-351,-14.625000
10774,1.07740000e+04,-351,-14.625000
10775,1.07750000e+04,-384,-16.000000
10776,1.07760000e+04,-384,-16.000000
10777,1.07770000e+04,-384,-16.000000
10778,1.07780000e+04,-384,-16.000000
10779,1.07790000e+04,-384,-16.000000
10780,1.07800000e+04,-417,-17.375000
10781,1.07810000e+04,-417,-17.375000
10782,1.07820000e+04,-417,-17.375000
10783,1.07830000e+04,-417,-17.375000
10784,1.07840000e+04,-417,-17.375000
10785,1.07850000e+04,-447,-18.625000
10786,1.07860000e+04,-447,-18.625000
10787,1.07870000e+04,-447,-18.625000
10788,1.07880000e+04,-447,-18.625000
10789,1.07890000e+04,-447,-18.625000
10790,1.07900000e+04,-477,-19.875000
10791,1.07910000e+04,-477,-19.875000
10792,1.07920000e+04,-477,-19.875000
10793,1.07930000e+04,-477,-19.875000
10794,1.07940000e+04,-477,-19.875000
10795,1.07950000e+04,-509,-21.208333
10796,1.07960000e+04,-509,-21.208333
10797,1.07970000e+04,-509,-21.208333
10798,1.07980000e+04,-509,-21.208333
10799,1.07990000e+04,-509,-21.208333
10800,1.08000000e+04,-542,-22.583333
10801,1.08010000e+04,-542,-22.583333
10802,1.08020000e+04,-542,-22.583333
10803,1.08030000e+04,-542,-22.583333
10804,1.08040000e+04,-542,-22.583333
10805,1.08050000e+04,-572,-23.833333
10806,1.08060000e+04,-572,-23.833333
10807,1.08070000e+04,-572,-23.833333
10808,1.08080000e+04,-572,-23.833333
10809,1.08090000e+04,-572,-23.833333
10810,1.08100000e+04,-605,-25.208333
10811,1.08110000e+04,-605,-25.208333
10812,1.08120000e+04,-605,-25.208333
10813,1.08130000e+04,-605,-25.208333
10814,1.08140000e+04,-605,-25.208333
10815,1.08150000e+04,-639,-26.625000
10816,1.08160000e+04,-639,-26.625000
10817,1.08170000e+04,-639,-26.625000
10818,1.08180000e+04,-639,-26.625000
10819,1.08190000e+04,-639,-26.625000
10820,1.08200000e+04,-673,-28.041667
10821,1.08210000e+04,-673,-28.041667
10822,1.08220000e+04,-673,-28.041667
10823,1.08230000e+04,-673,-28.041667
10824,1.08240000e+04,-673,-28.041667
10825,1.08250000e+04,-713,-29.708333
10826,1.08260000e+04,-713,-29.708333
10827,1.08270000e+04,-713,-29.708333
10828,1.08280000e+04,-713,-29.708333
10829,1.08290000e+04,-713,-29.708333
10830,1.08300000e+04,-751,-31.291667
10831,1.08310000e+04,-751,-31.291667
10832,1.08320000e+04,-751,-31.291667
10833,1.08330000e+04,-751,-31.291667
10834,1.08340000e+04,-751,-31.291667
10835,1.08350000e+04,-781,-32.541667
10836,1.08360000e+04,-781,-32.541667
10837,1.08370000e+04,-781,-32.541667
10838,1.08380000e+04,-781,-32.541667
10839,1.08390000e+04,-781,-32.541667
10840,1.08400000e+04,-819,-34.125000
10841,1.08410000e+04,-819,-34.125000
10842,1.08420000e+04,-819,-34.125000
10843,1.08430000e+04,-819,-34.125000
10844,1.08440000e+04,-819,-34.125000
10845,1.08450000e+04,-852,-35.500000
10846,1.08460000e+04,-852,-35.500000
10847,1.08470000e+04,-852,-35.500000
10848,1.08480000e+04,-852,-35.500000
10849,1.08490000e+04,-852,-35.500000
10850,1.08500000e+04,-890,-37.083333
10851,1.08510000e+04,-890,-37.083333
10852,1.08520000e+04,-890,-37.083333
10853,1.08530000e+04,-890,-37.083333
10854,1.08540000e+04,-890,-37.083333
10855,1.08550000e+04,-919,-38.291667
10856,1.08560000e+04,-919,-38.291667
10857,1.08570000e+04,-919,-38.291667
10858,1.08580000e+04,-919,-38.291667
10859,1.08590000e+04,-919,-38.291667
10860,1.08600000e+04,-954,-39.750000
10861,1.08610000e+04,-954,-39.750000
10862,1.08620000e+04,-954,-39.750000
10863,1.08630000e+04,-954,-39.750000
10864,1.08640000e+04,-954,-39.750000
10865,1.08650000e+04,-992,-41.333333
10866,1.08660000e+04,-992,-41.333333
10867,1.08670000e+04,-992,-41.333333
10868,1.08680000e+04,-992,-41.333333
10869,1.08690000e+04,-992,-41.333333
10870,1.08700000e+04,-1019,-42.458333
10871,1.08710000e+04,-1019,-42.458333
10872,1.08720000e+04,-1019,-42.458333
10873,1.08730000e+04,-1019,-42.458333
10874,1.08740000e+04,-1019,-42.458333
10875,1.08750000e+04,-1049,-43.708333
10876,1.08760000e+04,-1049,-43.708333
10877,1.08770000e+04,-1049,-43.708333
10878,1.08780000e+04,-1049,-43.708333
10879,1.08790000e+04,-1049,-43.708333
10880,1.08800000e+04,-1078,-44.916667
10881,1.08810000e+04,-1078,-44.916667
10882,1.08820000e+04,-1078,-44.916667
10883,1.08830000e+04,-1078,-44.916667
10884,1.08840000e+04,-1078,-44.916667
10885,1.08850000e+04,-1111,-46.291667
10886,1.08860000e+04,-1111,-46.291667
10887,1.08870000e+04,-1111,-46.291667
10888,1.08880000e+04,-1111,-46.291667
10889,1.08890000e+04,-1111,-46.291667
10890,1.08900000e+04,-1141,-47.541667
10891,1.08910000e+04,-1141,-47.541667
10892,1.08920000e+04,-1141,-47.541667
10893,1.08930000e+04,-1141,-47.541667
10894,1.08940000e+04,-1141,-47.541667
10895,1.08950000e+04,-1168,-48.666667
10896,1.08960000e+04,-1168,-48.666667
10897,1.08970000e+04,-1168,-48.666667
10898,1.08980000e+04,-1168,-48.666667
10899,1.08990000e+04,-1168,-48.666667
10900,1.09000000e+04,-1203,-50.125000
10901,1.09010000e+04,-1203,-50.125000
10902,1.09020000e+04,-1203,-50.125000
10903,1.09030000e+04,-1203,-50.125000
10904,1.09040000e+04,-1203,-50.125000
10905,1.09050000e+04,-1234,-51.416667
10906,1.09060000e+04,-1234,-51.416667
10907,1.09070000e+04,-1234,-51.416667
10908,1.09080000e+04,-1234,-51.416667
10909,1.09090000e+04,-1234,-51.416667
10910,1.09100000e+04,-1264,-52.666667
10911,1.09110000e+04,-1264,-52.666667
10912,1.09120000e+04,-1264,-52.666667
10913,1.09130000e+04,-1264,-52.666667
10914,1.09140000e+04,-1264,-52.666667
10915,1.09150000e+04,-1300,-54.166667
10916,1.09160000e+04,-1300,-54.166667
10917,1.09170000e+04,-1300,-54.166667
10918,1.09180000e+04,-1300,-54.166667
10919,1.09190000e+04,-1300,-54.166667
10920,1.09200000e+04,-1329,-55.375000
10921,1.09210000e+04,-1329,-55.375000
10922,1.09220000e+04,-1329,-55.375000
10923,1.09230000e+04,-1329,-55.375000
10924,1.09240000e+04,-1329,-55.375000
10925,1.09250000e+04,-1367,-56.958333
10926,1.09260000e+04,-1367,-56.958333
10927,1.09270000e+04,-1367,-56.958333
10928,1.09280000e+04,-1367,-56.958333
10929,1.09290000e+04,-1367,-56.958333
10930,1.09300000e+04,-1399,-58.291667
10931,1.09310000e+04,-1399,-58.291667
10932,1.09320000e+04,-1399,-58.291667
10933,1.09330000e+04,-1399,-58.291667
10934,1.09340000e+04,-1399,-58.291667
10935,1.09350000e+04,-1438,-59.916667
10936,1.09360000e+04,-1438,-59.916667
10937,1.09370000e+04,-1438,-59.916667
10938,1.09380000e+04,-1438,-59.916667
10939,1.09390000e+04,-1438,-59.916667
10940,1.09400000e+04,-1475,-61.458333
10941,1.09410000e+04,-1475,-61.458333
10942,1.09420000e+04,-1475,-61.458333
10943,1.09430000e+04,-1475,-61.458333
10944,1.09440000e+04,-1475,-61.458333
10945,1.09450000e+04,-1512,-63.000000
10946,1.09460000e+04,-1512,-63.000000
10947,1.09470000e+04,-1512,-63.000000
10948,1.09480000e+04,-1512,-63.000000
10949,1.09490000e+04,-1512,-63.000000
10950,1.09500000e+04,-1548,-64.500000
10951,1.09510000e+04,-1548,-64.500000
10952,1.09520000e+04,-1548,-64.500000
10953,1.09530000e+04,-1548,-64.500000
10954,1.09540000e+04,-1548,-64.500000
10955,1.09550000e+04,-1586,-66.083333
10956,1.09560000e+04,-1586,-66.083333
10957,1.09570000e+04,-1586,-66.083333
10958,1.09580000e+04,-1586,-66.083333
10959,1.09590000e+04,-1586,-66.083333
10960,1.09600000e+04,-1619,-67.458333
10961,1.09610000e+04,-1619,-67.458333
10962,1.09620000e+04,-1619,-67.458333
10963,1.09630000e+04,-1619,-67.458333
10964,1.09640000e+04,-1619,-67.458333
10965,1.09650000e+04,-1649,-68.708333
10966,1.09660000e+04,-1649,-68.708333
10967,1.09670000e+04,-1649,-68.708333
10968,1.09680000e+04,-1649,-68.708333
10969,1.09690000e+04,-1649,-68.708333
10970,1.09700000e+04,-1681,-70.041667
10971,1.09710000e+04,-1681,-70.041667
10972,1.09720000e+04,-1681,-70.041667
10973,1.09730000e+04,-1681,-70.041667
10974,1.09740000e+04,-1681,-70.041667
10975,1.09750000e+04,-1710,-71.250000
10976,1.09760000e+04,-1710,-71.250000
10977,1.09770000e+04,-1710,-71.250000
10978,1.09780000e+04,-1710,-71.250000
10979,1.09790000e+04,-1710,-71.250000
10980,1.09800000e+04,-1734,-72.250000
10981,1.09810000e+04,-1734,-72.250000
10982,1.09820000e+04,-1734,-72.250000
10983,1.09830000e+04,-1734,-72.250000
10984,1.09840000e+04,-1734,-72.250000
10985,1.09850000e+04,-1761,-73.375000
10986,1.09860000e+04,-1761,-73.375000
10987,1.09870000e+04,-1761,-73.375000
10988,1.09880000e+04,-1761,-73.375000
10989,1.09890000e+04,-1761,-73.375000
10990,1.09900000e+04,-1786,-74.416667
10991,1.09910000e+04,-1786,-74.416667
10992,1.09920000e+04,-1786,-74.416667
10993,1.09930000e+04,-1786,-74.416667
10994,1.09940000e+04,-1786,-74.416667
10995,1.09950000e+04,-1806,-75.250000
10996,1.09960000e+04,-1806,-75.250000
10997,1.09970000e+04,-1806,-75.250000
10998,1.09980000e+04,-1806,-75.250000
10999,1.09990000e+04,-1806,-75.250000
11000,1.10000000e+04,-1827,-76.125000
11001,1.10010000e+04,-1827,-76.125000
11002,1.10020000e+04,-1827,-76.125000
11003,1.10030000e+04,-1827,-76.125000
11004,1.10040000e+04,-1827,-76.125000
11005,1.10050000e+04,-1852,-77.166667
11006,1.10060000e+04,-1852,-77.166667
11007,1.10070000e+04,-1852,-77.166667
11008,1.10080000e+04,-1852,-77.166667
11009,1.10090000e+04,-1852,-77.166667
11010,1.10100000e+04,-1869,-77.875000
11011,1.10110000e+04,-1869,-77.875000
11012,1.10120000e+04,-1869,-77.875000
11013,1.10130000e+04,-1869,-77.875000
11014,1.10140000e+04,-1869,-77.875000
11015,1.10150000e+04,-1893,-78.875000
11016,1.10160000e+04,-1893,-78.875000
11017,1.10170000e+04,-1893,-78.875000
11018,1.10180000e+04,-1893,-78.875000
11019,1.10190000e+04,-1893,-78.875000
11020,1.10200000e+04,-1912,-79.666667
11021,1.10210000e+04,-1912,-79.666667
11022,1.10220000e+04,-1912,-79.666667
11023,1.10230000e+04,-1912,-79.666667
11024,1.10240000e+04,-1912,-79.666667
11025,1.10250000e+04,-1933,-80.541667
11026,1.10260000e+04,-1933,-80.541667
11027,1.10270000e+04,-1933,-80.541667
11028,1.10280000e+04,-1933,-80.541667
11029,1.10290000e+04,-1933,-80.541667
11030,1.10300000e+04,-1955,-81.458333
11031,1.10310000e+04,-1955,-81.458333
11032,1.10320000e+04,-1955,-81.458333
11033,1.10330000e+04,-1955,-81.458333
11034,1.10340000e+04,-1955,-81.458333
11035,1.10350000e+04,-1979,-82.458333
11036,1.10360000e+04,-1979,-82.458333
11037,1.10370000e+04,-1979,-82.458333
11038,1.10380000e+04,-1979,-82.458333
11039,1.10390000e+04,-1979,-82.458333
11040,1.10400000e+04,-1997,-83.208333
11041,1.10410000e+04,-1997,-83.208333
11042,1.10420000e+04,-1997,-83.208333
11043,1.10430000e+04,-1997,-83.208333
11044,1.10440000e+04,-1997,-83.208333
11045,1.10450000e+04,-2020,-84.166667
11046,1.10460000e+04,-2020,-84.166667
11047,1.10470000e+04,-2020,-84.166667
11048,1.10480000e+04,-2020,-84.166667
11049,1.10490000e+04,-2020,-84.166667
11050,1.10500000e+04,-2044,-85.166667
11051,1.10510000e+04,-2044,-85.166667
11052,1.10520000e+04,-2044,-85.166667
11053,1.10530000e+04,-2044,-85.166667
11054,1.10540000e+04,-2044,-85.166667
11055,1.10550000e+04,-2064,-86.000000
11056,1.10560000e+04,-2064,-86.000000
11057,1.10570000e+04,-2064,-86.000000
11058,1.10580000e+04,-2064,-86.000000
11059,1.10590000e+04,-2064,-86.000000
11060,1.10600000e+04,-2087,-86.958333
11061,1.10610000e+04,-2087,-86.958333
11062,1.10620000e+04,-2087,-86.958333
11063,1.10630000e+04,-2087,-86.958333
11064,1.10640000e+04,-2087,-86.958333
11065,1.10650000e+04,-2115,-88.125000
11066,1.10660000e+04,-2115,-88.125000
11067,1.10670000e+04,-2115,-88.125000
11068,1.10680000e+04,-2115,-88.125000
11069,1.10690000e+04,-2115,-88.125000
11070,1.10700000e+04,-2135,-88.958333
11071,1.10710000e+04,-2135,-88.958333
11072,1.10720000e+04,-2135,-88.958333
11073,1.10730000e+04,-2135,-88.958333
11074,1.10740000e+04,-2135,-88.958333
11075,1.10750000e+04,-2161,-90.041667
11076,1.10760000e+04,-2161,-90.041667
11077,1.10770000e+04,-2161,-90.041667
11078,1.10780000e+04,-2161,-90.041667
11079,1.10790000e+04,-2161,-90.041667
11080,1.10800000e+04,-2182,-90.916667
11081,1.10810000e+04,-2182,-90.916667
11082,1.10820000e+04,-2182,-90.916667
11083,1.10830000e+04,-2182,-90.916667
11084,1.10840000e+04,-2182,-90.916667
11085,1.10850000e+04,-2206,-91.916667
11086,1.10860000e+04,-2206,-91.916667
11087,1.10870000e+04,-2206,-91.916667
11088,1.10880000e+04,-2206,-91.916667
11089,1.10890000e+04,-2206,-91.916667
11090,1.10900000e+04,-2226,-92.750000
11091,1.10910000e+04,-2226,-92.750000
11092,1.10920000e+04,-2226,-92.750000
11093,1.10930000e+04,-2226,-92.750000
11094,1.10940000e+04,-2226,-92.750000
11095,1.10950000e+04,-2242,-93.416667
11096,1.10960000e+04,-2242,-93.416667
11097,1.10970000e+04,-2242,-93.416667
11098,1.10980000e+04,-2242,-93.416667
11099,1.10990000e+04,-2242,-93.416667
11100,1.11000000e+04,-2259,-94.125000
11101,1.11010000e+04,-2259,-94.125000
11102,1.11020000e+04,-2259,-94.125000
11103,1.11030000e+04,-2259,-94.125000
11104,1.11040000e+04,-2259,-94.125000
11105,1.11050000e+04,-2275,-94.791667
11106,1.11060000e+04,-2275,-94.791667
11107,1.11070000e+04,-2275,-94.791667
11108,1.11080000e+04,-2275,-94.791667
11109,1.11090000e+04,-2275,-94.791667
11110,1.11100000e+04,-2285,-95.208333
11111,1.11110000e+04,-2285,-95.208333
11112,1.11120000e+04,-2285,-95.208333
11113,1.11130000e+04,-2285,-95.208333
11114,1.11140000e+04,-2285,-95.208333
11115,1.11150000e+04,-2301,-95.875000
11116,1.11160000e+04,-2301,-95.875000
11117,1.11170000e+04,-2301,-95.875000
11118,1.11180000e+04,-2301,-95.875000
11119,1.11190000e+04,-2301,-95.875000
11120,1.11200000e+04,-2311,-96.291667
11121,1.11210000e+04,-2311,-96.291667
11122,1.11220000e+04,-2311,-96.291667
11123,1.11230000e+04,-2311,-96.291667
11124,1.11240000e+04,-2311,-96.291667
11125,1.11250000e+04,-2323,-96.791667
11126,1.11260000e+04,-2323,-96.791667
11127,1.11270000e+04,-2323,-96.791667
11128,1.11280000e+04,-2323,-96.791667
11129,1.11290000e+04,-2323,-96.791667
11130,1.11300000e+04,-2335,-97.291667
11131,1.11310000e+04,-2335,-97.291667
11132,1.11320000e+04,-2335,-97.291667
11133,1.11330000e+04,-2335,-97.291667
11134,1.11340000e+04,-2335,-97.291667
11135,1.11350000e+04,-2350,-97.916667
11136,1.11360000e+04,-2350,-97.916667
11137,1.11370000e+04,-2350,-97.916667
11138,1.11380000e+04,-2350,-97.916667
11139,1.11390000e+04,-2350,-97.916667
11140,1.11400000e+04,-2360,-98.333333
11141,1.11410000e+04,-2360,-98.333333
11142,1.11420000e+04,-2360,-98.333333
11143,1.11430000e+04,-2360,-98.333333
11144,1.11440000e+04,-2360,-98.333333
11145,1.11450000e+04,-2377,-99.041667
11146,1.11460000e+04,-2377,-99.041667
11147,1.11470000e+04,-2377,-99.041667
11148,1.11480000e+04,-2377,-99.041667
11149,1.11490000e+04,-2377,-99.041667
11150,1.11500000e+04,-2394,-99.750000
11151,1.11510000e+04,-2394,-99.750000
11152,1.11520000e+04,-2394,-99.750000
11153,1.11530000e+04,-2394,-99.750000
11154,1.11540000e+04,-2394,-99.750000
11155,1.11550000e+04,-2413,-100.541667
11156,1.11560000e+04,-2413,-100.541667
11157,1.11570000e+04,-2413,-100.541667
11158,1.11580000e+04,-2413,-100.541667
11159,1.11590000e+04,-2413,-100.541667
11160,1.11600000e+04,-2435,-101.458333
11161,1.11610000e+04,-2435,-101.458333
11162,1.11620000e+04,-2435,-101.458333
11163,1.11630000e+04,-2435,-101.458333
11164,1.11640000e+04,-2435,-101.458333
11165,1.11650000e+04,-2460,-102.500000
11166,1.11660000e+04,-2460,-102.500000
11167,1.11670000e+04,-2460,-102.500000
11168,1.11680000e+04,-2460,-102.500000
11169,1.11690000e+04,-2460,-102.500000
11170,1.11700000e+04,-2483,-103.458333
11171,1.11710000e+04,-2483,-103.458333
11172,1.11720000e+04,-2483,-103.458333
11173,1.11730000e+04,-2483,-103.458333
11174,1.11740000e+04,-2483,-103.458333
11175,1.11750000e+04,-2510,-104.583333
11176,1.11760000e+04,-2510,-104.583333
11177,1.11770000e+04,-2510,-104.583333
11178,1.11780000e+04,-2510,-104.583333
11179,1.11790000e+04,-2510,-104.583333
11180,1.11800000e+04,-2535,-105.625000
11181,1.11810000e+04,-2535,-105.625000
11182,1.11820000e+04,-2535,-105.625000
11183,1.11830000e+04,-2535,-105.625000
11184,1.11840000e+04,-2535,-105.625000
11185,1.11850000e+04,-2565,-106.875000
11186,1.11860000e+04,-2565,-106.875000
11187,1.11870000e+04,-2565,-106.875000
11188,1.11880000e+04,-2565,-106.875000
11189,1.11890000e+04,-2565,-106.875000
11190,1.11900000e+04,-2584,-107.666667
11191,1.11910000e+04,-2584,-107.666667
11192,1.11920000e+04,-2584,-107.666667
11193,1.11930000e+04,-2584,-107.666667
11194,1.11940000e+04,-2584,-107.666667
11195,1.11950000e+04,-2610,-108.750000
11196,1.11960000e+04,-2610,-108.750000
11197,1.11970000e+04,-2610,-108.750000
11198,1.11980000e+04,-2610,-108.750000
11199,1.11990000e+04,-2610,-108.750000
11200,1.12000000e+04,-2632,-109.666667
11201,1.12010000e+04,-2632,-109.666667
11202,1.12020000e+04,-2632,-109.666667
11203,1.12030000e+04,-2632,-109.666667
11204,1.12040000e+04,-2632,-109.666667
11205,1.12050000e+04,-2643,-110.125000
11206,1.12060000e+04,-2643,-110.125000
11207,1.12070000e+04,-2643,-110.125000
11208,1.12080000e+04,-2643,-110.125000
11209,1.12090000e+04,-2643,-110.125000
11210,1.12100000e+04,-2661,-110.875000
11211,1.12110000e+04,-2661,-110.875000
11212,1.12120000e+04,-2661,-110.875000
11213,1.12130000e+04,-2661,-110.875000
11214,1.12140000e+04,-2661,-110.875000
11215,1.12150000e+04,-2676,-111.500000
11216,1.12160000e+04,-2676,-111.500000
11217,1.12170000e+04,-2676,-111.500000
11218,1.12180000e+04,-2676,-111.500000
11219,1.12190000e+04,-2676,-111.500000
11220,1.12200000e+04,-2686,-111.916667
11221,1.12210000e+04,-2686,-111.916667
11222,1.12220000e+04,-2686,-111.916667
11223,1.12230000e+04,-2686,-111.916667
11224,1.12240000e+04,-2686,-111.916667
11225,1.12250000e+04,-2700,-112.500000
11226,1.12260000e+04,-2700,-112.500000
11227,1.12270000e+04,-2700,-112.500000
11228,1.12280000e+04,-2700,-112.500000
11229,1.12290000e+04,-2700,-112.500000
11230,1.12300000e+04,-2707,-112.791667
11231,1.12310000e+04,-2707,-112.791667
11232,1.12320000e+04,-2707,-112.791667
11233,1.12330000e+04,-2707,-112.791667
11234,1.12340000e+04,-2707,-112.791667
11235,1.12350000e+04,-2715,-113.125000
11236,1.12360000e+04,-2715,-113.125000
11237,1.12370000e+04,-2715,-113.125000
11238,1.12380000e+04,-2715,-113.125000
11239,1.12390000e+04,-2715,-113.125000
11240,1.12400000e+04,-2727,-113.625000
11241,1.12410000e+04,-2727,-113.625000
11242,1.12420000e+04,-2727,-113.625000
11243,1.12430000e+04,-2727,-113.625000
11244,1.12440000e+04,-2727,-113.625000
11245,1.12450000e+04,-2740,-114.166667
11246,1.12460000e+04,-2740,-114.166667
11247,1.12470000e+04,-2740,-114.166667
11248,1.12480000e+04,-2740,-114.166667
11249,1.12490000e+04,-2740,-114.166667
11250,1.12500000e+04,-2751,-114.625000
11251,1.12510000e+04,-2751,-114.625000
11252,1.12520000e+04,-2751,-114.625000
11253,1.12530000e+04,-2751,-114.625000
11254,1.12540000e+04,-2751,-114.625000
11255,1.12550000e+04,-2762,-115.083333
11256,1.12560000e+04,-2762,-115.083333
11257,1.12570000e+04,-2762,-115.083333
11258,1.12580000e+04,-2762,-115.083333
11259,1.12590000e+04,-2762,-115.083333
11260,1.12600000e+04,-2780,-115.833333
11261,1.12610000e+04,-2780,-115.833333
11262,1.12620000e+04,-2780,-115.833333
11263,1.12630000e+04,-2780,-115.833333
11264,1.12640000e+04,-2780,-115.833333
11265,1.12650000e+04,-2794,-116.416667
11266,1.12660000e+04,-2794,-116.416667
11267,1.12670000e+04,-2794,-116.416667
11268,1.12680000e+04,-2794,-116.416667
11269,1.12690000e+04,-2794,-116.416667
11270,1.12700000e+04,-2808,-117.000000
11271,1.12710000e+04,-2808,-117.000000
11272,1.12720000e+04,-2808,-117.000000
11273,1.12730000e+04,-2808,-117.000000
11274,1.12740000e+04,-2808,-117.000000
11275,1.12750000e+04,-2831,-117.958333
11276,1.12760000e+04,-2831,-117.958333
11277,1.12770000e+04,-2831,-117.958333
11278,1.12780000e+04,-2831,-117.958333
11279,1.12790000e+04,-2831,-117.958333
11280,1.12800000e+04,-2848,-118.666667
11281,1.12810000e+04,-2848,-118.666667
11282,1.12820000e+04,-2848,-118.666667
11283,1.12830000e+04,-2848,-118.666667
11284,1.12840000e+04,-2848,-118.666667
11285,1.12850000e+04,-2866,-119.416667
11286,1.12860000e+04,-2866,-119.416667
11287,1.12870000e+04,-2866,-119.416667
11288,1.12880000e+04,-2866,-119.416667
11289,1.12890000e+04,-2866,-119.416667
11290,1.12900000e+04,-2888,-120.333333
11291,1.12910000e+04,-2888,-120.333333
11292,1.12920000e+04,-2888,-120.333333
11293,1.12930000e+04,-2888,-120.333333
11294,1.12940000e+04,-2888,-120.333333
11295,1.12950000e+04,-2905,-121.041667
11296,1.12960000e+04,-2905,-121.041667
11297,1.12970000e+04,-2905,-121.041667
11298,1.12980000e+04,-2905,-121.041667
11299,1.12990000e+04,-2905,-121.041667
11300,1.13000000e+04,-2932,-122.166667
11301,1.13010000e+04,-2932,-122.166667
11302,1.13020000e+04,-2932,-122.166667
11303,1.13030000e+04,-2932,-122.166667
11304,1.13040000e+04,-2932,-122.166667
11305,1.13050000e+04,-2950,-122.916667
11306,1.13060000e+04,-2950,-122.916667
11307,1.13070000e+04,-2950,-122.916667
11308,1.13080000e+04,-2950,-122.916667
11309,1.13090000e+04,-2950,-122.916667
11310,1.13100000e+04,-2968,-123.666667
11311,1.13110000e+04,-2968,-123.666667
11312,1.13120000e+04,-2968,-123.666667
11313,1.13130000e+04,-2968,-123.666667
11314,1.13140000e+04,-2968,-123.666667
11315,1.13150000e+04,-2986,-124.416667
11316,1.13160000e+04,-2986,-124.416667
11317,1.13170000e+04,-2986,-124.416667
11318,1.13180000e+04,-2986,-124.416667
11319,1.13190000e+04,-2986,-124.416667
11320,1.13200000e+04,-3001,-125.041667
11321,1.13210000e+04,-3001,-125.041667
11322,1.13220000e+04,-3001,-125.041667
11323,1.13230000e+04,-3001,-125.041667
11324,1.13240000e+04,-3001,-125.041667
11325,1.13250000e+04,-3016,-125.666667
11326,1.13260000e+04,-3016,-125.666667
11327,1.13270000e+04,-3016,-125.666667
11328,1.13280000e+04,-3016,-125.666667
11329,1.13290000e+04,-3016,-125.666667
11330,1.13300000e+04,-3023,-125.958333
11331,1.13310000e+04,-3023,-125.958333
11332,1.13320000e+04,-3023,-125.958333
11333,1.13330000e+04,-3023,-125.958333
11334,1.13340000e+04,-3023,-125.958333
11335,1.13350000e+04,-3035,-126.458333
11336,1.13360000e+04,-3035,-126.458333
11337,1.13370000e+04,-3035,-126.458333
11338,1.13380000e+04,-3035,-126.458333
11339,1.13390000e+04,-3035,-126.458333
11340,1.13400000e+04,-3045,-126.875000
11341,1.13410000e+04,-3045,-126.875000
11342,1.13420000e+04,-3045,-126.875000
11343,1.13430000e+04,-3045,-126.875000
11344,1.13440000e+04,-3045,-126.875000
11345,1.13450000e+04,-3051,-127.125000
11346,1.13460000e+04,-3051,-127.125000
11347,1.13470000e+04,-3051,-127.125000
11348,1.13480000e+04,-3051,-127.125000
11349,1.13490000e+04,-3051,-127.125000
11350,1.13500000e+04,-3063,-127.625000
11351,1.13510000e+04,-3063,-127.625000
11352,1.13520000e+04,-3063,-127.625000
11353,1.13530000e+04,-3063,-127.625000
11354,1.13540000e+04,-3063,-127.625000
11355,1.13550000e+04,-3066,-127.750000
11356,1.13560000e+04,-3066,-127.750000
11357,1.13570000e+04,-3066,-127.750000
11358,1.13580000e+04,-3066,-127.750000
11359,1.13590000e+04,-3066,-127.750000
11360,1.13600000e+04,-3072,-128.000000
11361,1.13610000e+04,-3072,-128.000000
11362,1.13620000e+04,-3072,-128.000000
11363,1.13630000e+04,-3072,-128.000000
11364,1.13640000e+04,-3072,-128.000000
11365,1.13650000e+04,-3077,-128.208333
11366,1.13660000e+04,-3077,-128.208333
11367,1.13670000e+04,-3077,-128.208333
11368,1.13680000e+04,-3077,-128.208333
11369,1.13690000e+04,-3077,-128.208333
11370,1.13700000e+04,-3083,-128.458333
11371,1.13710000e+04,-3083,-128.458333
11372,1.13720000e+04,-3083,-128.458333
11373,1.13730000e+04,-3083,-128.458333
11374,1.13740000e+04,-3083,-128.458333
11375,1.13750000e+04,-3090,-128.750000
11376,1.13760000e+04,-3090,-128.750000
11377,1.13770000e+04,-3090,-128.750000
11378,1.13780000e+04,-3090,-128.750000
11379,1.13790000e+04,-3090,-128.750000
11380,1.13800000e+04,-3100,-129.166667
11381,1.13810000e+04,-3100,-129.166667
11382,1.13820000e+04,-3100,-129.166667
11383,1.13830000e+04,-3100,-129.166667
11384,1.13840000e+04,-3100,-129.166667
11385,1.13850000e+04,-3110,-129.583333
11386,1.13860000e+04,-3110,-129.583333
11387,1.13870000e+04,-3110,-129.583333
11388,1.13880000e+04,-3110,-129.583333
11389,1.13890000e+04,-3110,-129.583333
11390,1.13900000e+04,-3117,-129.875000
11391,1.13910000e+04,-3117,-129.875000
11392,1.13920000e+04,-3117,-129.875000
11393,1.13930000e+04,-3117,-129.875000
11394,1.13940000e+04,-3117,-129.875000
11395,1.13950000e+04,-3133,-130.541667
11396,1.13960000e+04,-3133,-130.541667
11397,1.13970000e+04,-3133,-130.541667
11398,1.13980000e+04,-3133,-130.541667
11399,1.13990000e+04,-3133,-130.541667
11400,1.14000000e+04,-3142,-130.916667
11401,1.14010000e+04,-3142,-130.916667
11402,1.14020000e+04,-3142,-130.916667
11403,1.14030000e+04,-3142,-130.916667
11404,1.14040000e+04,-3142,-130.916667
11405,1.14050000e+04,-3154,-131.416667
11406,1.14060000e+04,-3154,-131.416667
11407,1.14070000e+04,-3154,-131.416667
11408,1.14080000e+04,-3154,-131.416667
11409,1.14090000e+04,-3154,-131.416667
11410,1.14100000e+04,-3168,-132.000000
11411,1.14110000e+04,-3168,-132.000000
11412,1.14120000e+04,-3168,-132.000000
11413,1.14130000e+04,-3168,-132.000000
11414,1.14140000e+04,-3168,-132.000000
11415,1.14150000e+04,-3179,-132.458333
11416,1.14160000e+04,-3179,-132.458333
11417,1.14170000e+04,-3179,-132.458333
11418,1.14180000e+04,-3179,-132.458333
11419,1.14190000e+04,-3179,-132.458333
11420,1.14200000e+04,-3192,-133.000000
11421,1.14210000e+04,-3192,-133.000000
11422,1.14220000e+04,-3192,-133.000000
11423,1.14230000e+04,-3192,-133.000000
11424,1.14240000e+04,-3192,-133.000000
11425,1.14250000e+04,-3204,-133.500000
11426,1.14260000e+04,-3204,-133.500000
11427,1.14270000e+04,-3204,-133.500000
11428,1.14280000e+04,-3204,-133.500000
11429,1.14290000e+04,-3204,-133.500000
11430,1.14300000e+04,-3214,-133.916667
11431,1.14310000e+04,-3214,-133.916667
11432,1.14320000e+04,-3214,-133.916667
11433,1.14330000e+04,-3214,-133.916667
11434,1.14340000e+04,-3214,-133.916667
11435,1.14350000e+04,-3215,-133.958333
11436,1.14360000e+04,-3215,-133.958333
11437,1.14370000e+04,-3215,-133.958333
11438,1.14380000e+04,-3215,-133.958333
11439,1.14390000e+04,-3215,-133.958333
11440,1.14400000e+04,-3214,-133.916667
11441,1.14410000e+04,-3214,-133.916667
11442,1.14420000e+04,-3214,-133.916667
11443,1.14430000e+04,-3214,-133.916667
11444,1.14440000e+04,-3214,-133.916667
11445,1.14450000e+04,-3213,-133.875000
11446,1.14460000e+04,-3213,-133.875000
11447,1.14470000e+04,-3213,-133.875000
11448,1.14480000e+04,-3213,-133.875000
11449,1.14490000e+04,-3213,-133.875000
11450,1.14500000e+04,-3205,-133.541667
11451,1.14510000e+04,-3205,-133.541667
11452,1.14520000e+04,-3205,-133.541667
11453,1.14530000e+04,-3205,-133.541667
11454,1.14540000e+04,-3205,-133.541667
11455,1.14550000e+04,-3195,-133.125000
11456,1.14560000e+04,-3195,-133.125000
11457,1.14570000e+04,-3195,-133.125000
11458,1.14580000e+04,-3195,-133.125000
11459,1.14590000e+04,-3195,-133.125000
11460,1.14600000e+04,-3184,-132.666667
11461,1.14610000e+04,-3184,-132.666667
11462,1.14620000e+04,-3184,-132.666667
11463,1.14630000e+04,-3184,-132.666667
11464,1.14640000e+04,-3184,-132.666667
11465,1.14650000e+04,-3171,-132.125000
11466,1.14660000e+04,-3171,-132.125000
11467,1.14670000e+04,-3171,-132.125000
11468,1.14680000e+04,-3171,-132.125000
11469,1.14690000e+04,-3171,-132.125000
11470,1.14700000e+04,-3161,-131.708333
11471,1.14710000e+04,-3161,-131.708333
11472,1.14720000e+04,-3161,-131.708333
11473,1.14730000e+04,-3161,-131.708333
11474,1.14740000e+04,-3161,-131.708333
11475,1.14750000e+04,-3146,-131.083333
11476,1.14760000e+04,-3146,-131.083333
11477,1.14770000e+04,-3146,-131.083333
11478,1.14780000e+04,-3146,-131.083333
11479,1.14790000e+04,-3146,-131.083333
11480,1.14800000e+04,-3133,-130.541667
11481,1.14810000e+04,-3133,-130.541667
11482,1.14820000e+04,-3133,-130.541667
11483,1.14830000e+04,-3133,-130.541667
11484,1.14840000e+04,-3133,-130.541667
11485,1.14850000e+04,-3126,-130.250000
11486,1.14860000e+04,-3126,-130.250000
11487,1.14870000e+04,-3126,-130.250000
11488,1.14880000e+04,-3126,-130.250000
11489,1.14890000e+04,-3126,-130.250000
11490,1.14900000e+04,-3112,-129.666667
11491,1.14910000e+04,-3112,-129.666667
11492,1.14920000e+04,-3112,-129.666667
11493,1.14930000e+04,-3112,-129.666667
11494,1.14940000e+04,-3112,-129.666667
11495,1.14950000e+04,-3103,-129.291667
11496,1.14960000e+04,-3103,-129.291667
11497,1.14970000e+04,-3103,-129.291667
11498,1.14980000e+04,-3103,-129.291667
11499,1.14990000e+04,-3103,-129.291667
11500,1.15000000e+04,-3091,-128.791667
11501,1.15010000e+04,-3091,-128.791667
11502,1.15020000e+04,-3091,-128.791667
11503,1.15030000e+04,-3091,-128.791667
11504,1.15040000e+04,-3091,-128.791667
11505,1.15050000e+04,-3083,-128.458333
11506,1.15060000e+04,-3083,-128.458333
11507,1.15070000e+04,-3083,-128.458333
11508,1.15080000e+04,-3083,-128.458333
11509,1.15090000e+04,-3083,-128.458333
11510,1.15100000e+04,-3077,-128.208333
11511,1.15110000e+04,-3077,-128.208333
11512,1.15120000e+04,-3077,-128.208333
11513,1.15130000e+04,-3077,-128.208333
11514,1.15140000e+04,-3077,-128.208333
11515,1.15150000e+04,-3064,-127.666667
11516,1.15160000e+04,-3064,-127.666667
11517,1.15170000e+04,-3064,-127.666667
11518,1.15180000e+04,-3064,-127.666667
11519,1.15190000e+04,-3064,-127.666667
11520,1.15200000e+04,-3062,-127.583333
11521,1.15210000e+04,-3062,-127.583333
11522,1.15220000e+04,-3062,-127.583333
11523,1.15230000e+04,-3062,-127.583333
11524,1.15240000e+04,-3062,-127.583333
11525,1.15250000e+04,-3054,-127.250000
11526,1.15260000e+04,-3054,-127.250000
11527,1.15270000e+04,-3054,-127.250000
11528,1.15280000e+04,-3054,-127.250000
11529,1.15290000e+04,-3054,-127.250000
11530,1.15300000e+04,-3044,-126.833333
11531,1.15310000e+04,-3044,-126.833333
11532,1.15320000e+04,-3044,-126.833333
11533,1.15330000e+04,-3044,-126.833333
11534,1.15340000e+04,-3044,-126.833333
11535,1.15350000e+04,-3035,-126.458333
11536,1.15360000e+04,-3035,-126.458333
11537,1.15370000e+04,-3035,-126.458333
11538,1.15380000e+04,-3035,-126.458333
11539,1.15390000e+04,-3035,-126.458333
11540,1.15400000e+04,-3031,-126.291667
11541,1.15410000e+04,-3031,-126.291667
11542,1.15420000e+04,-3031,-126.291667
11543,1.15430000e+04,-3031,-126.291667
11544,1.15440000e+04,-3031,-126.291667
11545,1.15450000e+04,-3024,-126.000000
11546,1.15460000e+04,-3024,-126.000000
11547,1.15470000e+04,-3024,-126.000000
11548,1.15480000e+04,-3024,-126.000000
11549,1.15490000e+04,-3024,-126.000000
11550,1.15500000e+04,-3015,-125.625000
11551,1.15510000e+04,-3015,-125.625000
11552,1.15520000e+04,-3015,-125.625000
11553,1.15530000e+04,-3015,-125.625000
11554,1.15540000e+04,-3015,-125.625000
11555,1.15550000e+04,-3003,-125.125000
11556,1.15560000e+04,-3003,-125.125000
11557,1.15570000e+04,-3003,-125.125000
11558,1.15580000e+04,-3003,-125.125000
11559,1.15590000e+04,-3003,-125.125000
11560,1.15600000e+04,-2992,-124.666667
11561,1.15610000e+04,-2992,-124.666667
11562,1.15620000e+04,-2992,-124.666667
11563,1.15630000e+04,-2992,-124.666667
11564,1.15640000e+04,-2992,-124.666667
11565,1.15650000e+04,-2976,-124.000000
11566,1.15660000e+04,-2976,-124.000000
11567,1.15670000e+04,-2976,-124.000000
11568,1.15680000e+04,-2976,-124.000000
11569,1.15690000e+04,-2976,-124.000000
11570,1.15700000e+04,-2961,-123.375000
11571,1.15710000e+04,-2961,-123.375000
11572,1.15720000e+04,-2961,-123.375000
11573,1.15730000e+04,-2961,-123.375000
11574,1.15740000e+04,-2961,-123.375000
11575,1.15750000e+04,-2943,-122.625000
11576,1.15760000e+04,-2943,-122.625000
11577,1.15770000e+04,-2943,-122.625000
11578,1.15780000e+04,-2943,-122.625000
11579,1.15790000e+04,-2943,-122.625000
11580,1.15800000e+04,-2922,-121.750000
11581,1.15810000e+04,-2922,-121.750000
11582,1.15820000e+04,-2922,-121.750000
11583,1.15830000e+04,-2922,-121.750000
11584,1.15840000e+04,-2922,-121.750000
11585,1.15850000e+04,-2901,-120.875000
11586,1.15860000e+04,-2901,-120.875000
11587,1.15870000e+04,-2901,-120.875000
11588,1.15880000e+04,-2901,-120.875000
11589,1.15890000e+04,-2901,-120.875000
11590,1.15900000e+04,-2882,-120.083333
11591,1.15910000e+04,-2882,-120.083333
11592,1.15920000e+04,-2882,-120.083333
11593,1.15930000e+04,-2882,-120.083333
11594,1.15940000e+04,-2882,-120.083333
11595,1.15950000e+04,-2859,-119.125000
11596,1.15960000e+04,-2859,-119.125000
11597,1.15970000e+04,-2859,-119.125000
11598,1.15980000e+04,-2859,-119.125000
11599,1.15990000e+04,-2859,-119.125000
11600,1.16000000e+04,-2837,-118.208333
11601,1.16010000e+04,-2837,-118.208333
11602,1.16020000e+04,-2837,-118.208333
11603,1.16030000e+04,-2837,-118.208333
11604,1.16040000e+04,-2837,-118.208333
11605,1.16050000e+04,-2816,-117.333333
11606,1.16060000e+04,-2816,-117.333333
11607,1.16070000e+04,-2816,-117.333333
11608,1.16080000e+04,-2816,-117.333333
11609,1.16090000e+04,-2816,-117.333333
11610,1.16100000e+04,-2799,-116.625000
11611,1.16110000e+04,-2799,-116.625000
11612,1.16120000e+04,-2799,-116.625000
11613,1.16130000e+04,-2799,-116.625000
11614,1.16140000e+04,-2799,-116.625000
11615,1.16150000e+04,-2777,-115.708333
11616,1.16160000e+04,-2777,-115.708333
11617,1.16170000e+04,-2777,-115.708333
11618,1.16180000e+04,-2777,-115.708333
11619,1.16190000e+04,-2777,-115.708333
11620,1.16200000e+04,-2763,-115.125000
11621,1.16210000e+04,-2763,-115.125000
11622,1.16220000e+04,-2763,-115.125000
11623,1.16230000e+04,-2763,-115.125000
11624,1.16240000e+04,-2763,-115.125000
11625,1.16250000e+04,-2747,-114.458333
11626,1.16260000e+04,-2747,-114.458333
11627,1.16270000e+04,-2747,-114.458333
11628,1.16280000e+04,-2747,-114.458333
11629,1.16290000e+04,-2747,-114.458333
11630,1.16300000e+04,-2732,-113.833333
11631,1.16310000e+04,-2732,-113.833333
11632,1.16320000e+04,-2732,-113.833333
11633,1.16330000e+04,-2732,-113.833333
11634,1.16340000e+04,-2732,-113.833333
11635,1.16350000e+04,-2718,-113.250000
11636,1.16360000e+04,-2718,-113.250000
11637,1.16370000e+04,-2718,-113.250000
11638,1.16380000e+04,-2718,-113.250000
11639,1.16390000e+04,-2718,-113.250000
11640,1.16400000e+04,-2709,-112.875000
11641,1.16410000e+04,-2709,-112.875000
11642,1.16420000e+04,-2709,-112.875000
11643,1.16430000e+04,-2709,-112.875000
11644,1.16440000e+04,-2709,-112.875000
11645,1.16450000e+04,-2696,-112.333333
11646,1.16460000e+04,-2696,-112.333333
11647,1.16470000e+04,-2696,-112.333333
11648,1.16480000e+04,-2696,-112.333333
11649,1.16490000e+04,-2696,-112.333333
11650,1.16500000e+04,-2683,-111.791667
11651,1.16510000e+04,-2683,-111.791667
11652,1.16520000e+04,-2683,-111.791667
11653,1.16530000e+04,-2683,-111.791667
11654,1.16540000e+04,-2683,-111.791667
11655,1.16550000e+04,-2674,-111.416667
11656,1.16560000e+04,-2674,-111.416667
11657,1.16570000e+04,-2674,-111.416667
11658,1.16580000e+04,-2674,-111.416667
11659,1.16590000e+04,-2674,-111.416667
11660,1.16600000e+04,-2662,-110.916667
11661,1.16610000e+04,-2662,-110.916667
11662,1.16620000e+04,-2662,-110.916667
11663,1.16630000e+04,-2662,-110.916667
11664,1.16640000e+04,-2662,-110.916667
11665,1.16650000e+04,-2650,-110.416667
11666,1.16660000e+04,-2650,-110.416667
11667,1.16670000e+04,-2650,-110.416667
11668,1.16680000e+04,-2650,-110.416667
11669,1.16690000e+04,-2650,-110.416667
11670,1.16700000e+04,-2633,-109.708333
11671,1.16710000e+04,-2633,-109.708333
11672,1.16720000e+04,-2633,-109.708333
11673,1.16730000e+04,-2633,-109.708333
11674,1.16740000e+04,-2633,-109.708333
11675,1.16750000e+04,-2620,-109.166667
11676,1.16760000e+04,-2620,-109.166667
11677,1.16770000e+04,-2620,-109.166667
11678,1.16780000e+04,-2620,-109.166667
11679,1.16790000e+04,-2620,-109.166667
11680,1.16800000e+04,-2597,-108.208333
11681,1.16810000e+04,-2597,-108.208333
11682,1.16820000e+04,-2597,-108.208333
11683,1.16830000e+04,-2597,-108.208333
11684,1.16840000e+04,-2597,-108.208333
11685,1.16850000e+04,-2573,-107.208333
11686,1.16860000e+04,-2573,-107.208333
11687,1.16870000e+04,-2573,-107.208333
11688,1.16880000e+04,-2573,-107.208333
11689,1.16890000e+04,-2573,-107.208333
11690,1.16900000e+04,-2547,-106.125000
11691,1.16910000e+04,-2547,-106.125000
11692,1.16920000e+04,-2547,-106.125000
11693,1.16930000e+04,-2547,-106.125000
11694,1.16940000e+04,-2547,-106.125000
11695,1.16950000e+04,-2522,-105.083333
11696,1.16960000e+04,-2522,-105.083333
11697,1.16970000e+04,-2522,-105.083333
11698,1.16980000e+04,-2522,-105.083333
11699,1.16990000e+04,-2522,-105.083333
11700,1.17000000e+04,-2495,-103.958333
11701,1.17010000e+04,-2495,-103.958333
11702,1.17020000e+04,-2495,-103.958333
11703,1.17030000e+04,-2495,-103.958333
11704,1.17040000e+04,-2495,-103.958333
11705,1.17050000e+04,-2466,-102.750000
11706,1.17060000e+04,-2466,-102.750000
11707,1.17070000e+04,-2466,-102.750000
11708,1.17080000e+04,-2466,-102.750000
11709,1.17090000e+04,-2466,-102.750000
11710,1.17100000e+04,-2442,-101.750000
11711,1.17110000e+04,-2442,-101.750000
11712,1.17120000e+04,-2442,-101.750000
11713,1.17130000e+04,-2442,-101.750000
11714,1.17140000e+04,-2442,-101.750000
11715,1.17150000e+04,-2419,-100.791667
11716,1.17160000e+04,-2419,-100.791667
11717,1.17170000e+04,-2419,-100.791667
11718,1.17180000e+04,-2419,-100.791667
11719,1.17190000e+04,-2419,-100.791667
11720,1.17200000e+04,-2395,-99.791667
11721,1.17210000e+04,-2395,-99.791667
11722,1.17220000e+04,-2395,-99.791667
11723,1.17230000e+04,-2395,-99.791667
11724,1.17240000e+04,-2395,-99.791667
11725,1.17250000e+04,-2376,-99.000000
11726,1.17260000e+04,-2376,-99.000000
11727,1.17270000e+04,-2376,-99.000000
11728,1.17280000e+04,-2376,-99.000000
11729,1.17290000e+04,-2376,-99.000000
11730,1.17300000e+04,-2355,-98.125000
11731,1.17310000e+04,-2355,-98.125000
11732,1.17320000e+04,-2355,-98.125000
11733,1.17330000e+04,-2355,-98.125000
11734,1.17340000e+04,-2355,-98.125000
11735,1.17350000e+04,-2342,-97.583333
11736,1.17360000e+04,-2342,-97.583333
11737,1.17370000e+04,-2342,-97.583333
11738,1.17380000e+04,-2342,-97.583333
11739,1.17390000e+04,-2342,-97.583333
11740,1.17400000e+04,-2326,-96.916667
11741,1.17410000e+04,-2326,-96.916667
11742,1.17420000e+04,-2326,-96.916667
11743,1.17430000e+04,-2326,-96.916667
11744,1.17440000e+04,-2326,-96.916667
11745,1.17450000e+04,-2309,-96.208333
11746,1.17460000e+04,-2309,-96.208333
11747,1.17470000e+04,-2309,-96.208333
11748,1.17480000e+04,-2309,-96.208333
11749,1.17490000e+04,-2309,-96.208333
11750,1.17500000e+04,-2301,-95.875000
11751,1.17510000e+04,-2301,-95.875000
11752,1.17520000e+04,-2301,-95.875000
11753,1.17530000e+04,-2301,-95.875000
11754,1.17540000e+04,-2301,-95.875000
11755,1.17550000e+04,-2285,-95.208333
11756,1.17560000e+04,-2285,-95.208333
11757,1.17570000e+04,-2285,-95.208333
11758,1.17580000e+04,-2285,-95.208333
11759,1.17590000e+04,-2285,-95.208333
11760,1.17600000e+04,-2271,-94.625000
11761,1.17610000e+04,-2271,-94.625000
11762,1.17620000e+04,-2271,-94.625000
11763,1.17630000e+04,-2271,-94.625000
11764,1.17640000e+04,-2271,-94.625000
11765,1.17650000e+04,-2263,-94.291667
11766,1.17660000e+04,-2263,-94.291667
11767,1.17670000e+04,-2263,-94.291667
11768,1.17680000e+04,-2263,-94.291667
11769,1.17690000e+04,-2263,-94.291667
11770,1.17700000e+04,-2252,-93.833333
11771,1.17710000e+04,-2252,-93.833333
11772,1.17720000e+04,-2252,-93.833333
11773,1.17730000e+04,-2252,-93.833333
11774,1.17740000e+04,-2252,-93.833333
11775,1.17750000e+04,-2239,-93.291667
11776,1.17760000e+04,-2239,-93.291667
11777,1.17770000e+04,-2239,-93.291667
11778,1.17780000e+04,-2239,-93.291667
11779,1.17790000e+04,-2239,-93.291667
11780,1.17800000e+04,-2223,-92.625000
11781,1.17810000e+04,-2223,-92.625000
11782,1.17820000e+04,-2223,-92.625000
11783,1.17830000e+04,-2223,-92.625000
11784,1.17840000e+04,-2223,-92.625000
11785,1.17850000e+04,-2210,-92.083333
11786,1.17860000e+04,-2210,-92.083333
11787,1.17870000e+04,-2210,-92.083333
11788,1.17880000e+04,-2210,-92.083333
11789,1.17890000e+04,-2210,-92.083333
11790,1.17900000e+04,-2190,-91.250000
11791,1.17910000e+04,-2190,-91.250000
11792,1.17920000e+04,-2190,-91.250000
11793,1.17930000e+04,-2190,-91.250000
11794,1.17940000e+04,-2190,-91.250000
11795,1.17950000e+04,-2173,-90.541667
11796,1.17960000e+04,-2173,-90.541667
11797,1.17970000e+04,-2173,-90.541667
11798,1.17980000e+04,-2173,-90.541667
11799,1.17990000e+04,-2173,-90.541667
11800,1.18000000e+04,-2151,-89.625000
11801,1.18010000e+04,-2151,-89.625000
11802,1.18020000e+04,-2151,-89.625000
11803,1.18030000e+04,-2151,-89.625000
11804,1.18040000e+04,-2151,-89.625000
11805,1.18050000e+04,-2134,-88.916667
11806,1.18060000e+04,-2134,-88.916667
11807,1.18070000e+04,-2134,-88.916667
11808,1.18080000e+04,-2134,-88.916667
11809,1.18090000e+04,-2134,-88.916667
11810,1.18100000e+04,-2111,-87.958333
11811,1.18110000e+04,-2111,-87.958333
11812,1.18120000e+04,-2111,-87.958333
11813,1.18130000e+04,-2111,-87.958333
11814,1.18140000e+04,-2111,-87.958333
11815,1.18150000e+04,-2084,-86.833333
11816,1.18160000e+04,-2084,-86.833333
11817,1.18170000e+04,-2084,-86.833333
11818,1.18180000e+04,-2084,-86.833333
11819,1.18190000e+04,-2084,-86.833333
11820,1.18200000e+04,-2066,-86.083333
11821,1.18210000e+04,-2066,-86.083333
11822,1.18220000e+04,-2066,-86.083333
11823,1.18230000e+04,-2066,-86.083333
11824,1.18240000e+04,-2066,-86.083333
11825,1.18250000e+04,-2038,-84.916667
11826,1.18260000e+04,-2038,-84.916667
11827,1.18270000e+04,-2038,-84.916667
11828,1.18280000e+04,-2038,-84.916667
11829,1.18290000e+04,-2038,-84.916667
11830,1.18300000e+04,-2019,-84.125000
11831,1.18310000e+04,-2019,-84.125000
11832,1.18320000e+04,-2019,-84.125000
11833,1.18330000e+04,-2019,-84.125000
11834,1.18340000e+04,-2019,-84.125000
11835,1.18350000e+04,-1997,-83.208333
11836,1.18360000e+04,-1997,-83.208333
11837,1.18370000e+04,-1997,-83.208333
11838,1.18380000e+04,-1997,-83.208333
11839,1.18390000e+04,-1997,-83.208333
11840,1.18400000e+04,-1976,-82.333333
11841,1.18410000e+04,-1976,-82.333333
11842,1.18420000e+04,-1976,-82.333333
11843,1.18430000e+04,-1976,-82.333333
11844,1.18440000e+04,-1976,-82.333333
11845,1.18450000e+04,-1951,-81.291667
11846,1.18460000e+04,-1951,-81.291667
11847,1.18470000e+04,-1951,-81.291667
11848,1.18480000e+04,-1951,-81.291667
11849,1.18490000e+04,-1951,-81.291667
11850,1.18500000e+04,-1933,-80.541667
11851,1.18510000e+04,-1933,-80.541667
11852,1.18520000e+04,-1933,-80.541667
11853,1.18530000e+04,-1933,-80.541667
11854,1.18540000e+04,-1933,-80.541667
11855,1.18550000e+04,-1911,-79.625000
11856,1.18560000e+04,-1911,-79.625000
11857,1.18570000e+04,-1911,-79.625000
11858,1.18580000e+04,-1911,-79.625000
11859,1.18590000e+04,-1911,-79.625000
11860,1.18600000e+04,-1888,-78.666667
11861,1.18610000e+04,-1888,-78.666667
11862,1.18620000e+04,-1888,-78.666667
11863,1.18630000e+04,-1888,-78.666667
11864,1.18640000e+04,-1888,-78.666667
11865,1.18650000e+04,-1866,-77.750000
11866,1.18660000e+04,-1866,-77.750000
11867,1.18670000e+04,-1866,-77.750000
11868,1.18680000e+04,-1866,-77.750000
11869,1.18690000e+04,-1866,-77.750000
11870,1.18700000e+04,-1844,-76.833333
11871,1.18710000e+04,-1844,-76.833333
11872,1.18720000e+04,-1844,-76.833333
11873,1.18730000e+04,-1844,-76.833333
11874,1.18740000e+04,-1844,-76.833333
11875,1.18750000e+04,-1823,-75.958333
11876,1.18760000e+04,-1823,-75.958333
11877,1.18770000e+04,-1823,-75.958333
11878,1.18780000e+04,-1823,-75.958333
11879,1.18790000e+04,-1823,-75.958333
11880,1.18800000e+04,-1803,-75.125000
11881,1.18810000e+04,-1803,-75.125000
11882,1.18820000e+04,-1803,-75.125000
11883,1.18830000e+04,-1803,-75.125000
11884,1.18840000e+04,-1803,-75.125000
11885,1.18850000e+04,-1784,-74.333333
11886,1.18860000e+04,-1784,-74.333333
11887,1.18870000e+04,-1784,-74.333333
11888,1.18880000e+04,-1784,-74.333333
11889,1.18890000e+04,-1784,-74.333333
11890,1.18900000e+04,-1759,-73.291667
11891,1.18910000e+04,-1759,-73.291667
11892,1.18920000e+04,-1759,-73.291667
11893,1.18930000e+04,-1759,-73.291667
11894,1.18940000e+04,-1759,-73.291667
11895,1.18950000e+04,-1737,-72.375000
11896,1.18960000e+04,-1737,-72.375000
11897,1.18970000e+04,-1737,-72.375000
11898,1.18980000e+04,-1737,-72.375000
11899,1.18990000e+04,-1737,-72.375000
11900,1.19000000e+04,-1711,-71.291667
11901,1.19010000e+04,-1711,-71.291667
11902,1.19020000e+04,-1711,-71.291667
11903,1.19030000e+04,-1711,-71.291667
11904,1.19040000e+04,-1711,-71.291667
11905,1.19050000e+04,-1684,-70.166667
11906,1.19060000e+04,-1684,-70.166667
11907,1.19070000e+04,-1684,-70.166667
11908,1.19080000e+04,-1684,-70.166667
11909,1.19090000e+04,-1684,-70.166667
11910,1.19100000e+04,-1652,-68.833333
11911,1.19110000e+04,-1652,-68.833333
11912,1.19120000e+04,-1652,-68.833333
11913,1.19130000e+04,-1652,-68.833333
11914,1.19140000e+04,-1652,-68.833333
11915,1.19150000e+04,-1620,-67.500000
11916,1.19160000e+04,-1620,-67.500000
11917,1.19170000e+04,-1620,-67.500000
11918,1.19180000e+04,-1620,-67.500000
11919,1.19190000e+04,-1620,-67.500000
11920,1.19200000e+04,-1588,-66.166667
11921,1.19210000e+04,-1588,-66.166667
11922,1.19220000e+04,-1588,-66.166667
11923,1.19230000e+04,-1588,-66.166667
11924,1.19240000e+04,-1588,-66.166667
11925,1.19250000e+04,-1553,-64.708333
11926,1.19260000e+04,-1553,-64.708333
11927,1.19270000e+04,-1553,-64.708333
11928,1.19280000e+04,-1553,-64.708333
11929,1.19290000e+04,-1553,-64.708333
11930,1.19300000e+04,-1518,-63.250000
11931,1.19310000e+04,-1518,-63.250000
11932,1.19320000e+04,-1518,-63.250000
11933,1.19330000e+04,-1518,-63.250000
11934,1.19340000e+04,-1518,-63.250000
11935,1.19350000e+04,-1482,-61.750000
11936,1.19360000e+04,-1482,-61.750000
11937,1.19370000e+04,-1482,-61.750000
11938,1.19380000e+04,-1482,-61.750000
11939,1.19390000e+04,-1482,-61.750000
11940,1.19400000e+04,-1441,-60.041667
11941,1.19410000e+04,-1441,-60.041667
11942,1.19420000e+04,-1441,-60.041667
11943,1.19430000e+04,-1441,-60.041667
11944,1.19440000e+04,-1441,-60.041667
11945,1.19450000e+04,-1409,-58.708333
11946,1.19460000e+04,-1409,-58.708333
11947,1.19470000e+04,-1409,-58.708333
11948,1.19480000e+04,-1409,-58.708333
11949,1.19490000e+04,-1409,-58.708333
11950,1.19500000e+04,-1369,-57.041667
11951,1.19510000e+04,-1369,-57.041667
11952,1.19520000e+04,-1369,-57.041667
11953,1.19530000e+04,-1369,-57.041667
11954,1.19540000e+04,-1369,-57.041667
11955,1.19550000e+04,-1340,-55.833333
11956,1.19560000e+04,-1340,-55.833333
11957,1.19570000e+04,-1340,-55.833333
11958,1.19580000e+04,-1340,-55.833333
11959,1.19590000e+04,-1340,-55.833333
11960,1.19600000e+04,-1304,-54.333333
11961,1.19610000e+04,-1304,-54.333333
11962,1.19620000e+04,-1304,-54.333333
11963,1.19630000e+04,-1304,-54.333333
11964,1.19640000e+04,-1304,-54.333333
11965,1.19650000e+04,-1273,-53.041667
11966,1.19660000e+04,-1273,-53.041667
11967,1.19670000e+04,-1273,-53.041667
11968,1.19680000e+04,-1273,-53.041667
11969,1.19690000e+04,-1273,-53.041667
11970,1.19700000e+04,-1245,-51.875000
11971,1.19710000e+04,-1245,-51.875000
11972,1.19720000e+04,-1245,-51.875000
11973,1.19730000e+04,-1245,-51.875000
11974,1.19740000e+04,-1245,-51.875000
11975,1.19750000e+04,-1214,-50.583333
11976,1.19760000e+04,-1214,-50.583333
11977,1.19770000e+04,-1214,-50.583333
11978,1.19780000e+04,-1214,-50.583333
11979,1.19790000e+04,-1214,-50.583333
11980,1.19800000e+04,-1184,-49.333333
11981,1.19810000e+04,-1184,-49.333333
11982,1.19820000e+04,-1184,-49.333333
11983,1.19830000e+04,-1184,-49.333333
11984,1.19840000e+04,-1184,-49.333333
11985,1.19850000e+04,-1154,-48.083333
11986,1.19860000e+04,-1154,-48.083333
11987,1.19870000e+04,-1154,-48.083333
11988,1.19880000e+04,-1154,-48.083333
11989,1.19890000e+04,-1154,-48.083333
11990,1.19900000e+04,-1126,-46.916667
11991,1.19910000e+04,-1126,-46.916667
11992,1.19920000e+04,-1126,-46.916667
11993,1.19930000e+04,-1126,-46.916667
11994,1.19940000e+04,-1126,-46.916667
11995,1.19950000e+04,-1098,-45.750000
11996,1.19960000e+04,-1098,-45.750000
11997,1.19970000e+04,-1098,-45.750000
11998,1.19980000e+04,-1098,-45.750000
11999,1.19990000e+04,-1098,-45.750000
12000,1.20000000e+04,-1072,-44.666667
12001,1.20010000e+04,-1072,-44.666667
12002,1.20020000e+04,-1072,-44.666667
12003,1.20030000e+04,-1072,-44.666667
12004,1.20040000e+04,-1072,-44.666667
12005,1.20050000e+04,-1040,-43.333333
12006,1.20060000e+04,-1040,-43.333333
12007,1.20070000e+04,-1040,-43.333333
12008,1.20080000e+04,-1040,-43.333333
12009,1.20090000e+04,-1040,-43.333333
12010,1.20100000e+04,-1012,-42.166667
12011,1.20110000e+04,-1012,-42.166667
12012,1.20120000e+04,-1012,-42.166667
12013,1.20130000e+04,-1012,-42.166667
12014,1.20140000e+04,-1012,-42.166667
12015,1.20150000e+04,-980,-40.833333
12016,1.20160000e+04,-980,-40.833333
12017,1.20170000e+04,-980,-40.833333
12018,1.20180000e+04,-980,-40.833333
12019,1.20190000e+04,-980,-40.833333
12020,1.20200000e+04,-952,-39.666667
12021,1.20210000e+04,-952,-39.666667
12022,1.20220000e+04,-952,-39.666667
12023,1.20230000e+04,-952,-39.666667
12024,1.20240000e+04,-952,-39.666667
12025,1.20250000e+04,-919,-38.291667
12026,1.20260000e+04,-919,-38.291667
12027,1.20270000e+04,-919,-38.291667
12028,1.20280000e+04,-919,-38.291667
12029,1.20290000e+04,-919,-38.291667
12030,1.20300000e+04,-888,-37.000000
12031,1.20310000e+04,-888,-37.000000
12032,1.20320000e+04,-888,-37.000000
12033,1.20330000e+04,-888,-37.000000
12034,1.20340000e+04,-888,-37.000000
12035,1.20350000e+04,-848,-35.333333
12036,1.20360000e+04,-848,-35.333333
12037,1.20370000e+04,-848,-35.333333
12038,1.20380000e+04,-848,-35.333333
12039,1.20390000e+04,-848,-35.333333
12040,1.20400000e+04,-815,-33.958333
12041,1.20410000e+04,-815,-33.958333
12042,1.20420000e+04,-815,-33.958333
12043,1.20430000e+04,-815,-33.958333
12044,1.20440000e+04,-815,-33.958333
12045,1.20450000e+04,-780,-32.500000
12046,1.20460000e+04,-780,-32.500000
12047,1.20470000e+04,-780,-32.500000
12048,1.20480000e+04,-780,-32.500000
12049,1.20490000e+04,-780,-32.500000
12050,1.20500000e+04,-746,-31.083333
12051,1.20510000e+04,-746,-31.083333
12052,1.20520000e+04,-746,-31.083333
12053,1.20530000e+04,-746,-31.083333
12054,1.20540000e+04,-746,-31.083333
12055,1.20550000e+04,-710,-29.583333
12056,1.20560000e+04,-710,-29.583333
12057,1.20570000e+04,-710,-29.583333
12058,1.20580000e+04,-710,-29.583333
12059,1.20590000e+04,-710,-29.583333
12060,1.20600000e+04,-675,-28.125000
12061,1.20610000e+04,-675,-28.125000
12062,1.20620000e+04,-675,-28.125000
12063,1.20630000e+04,-675,-28.125000
12064,1.20640000e+04,-675,-28.125000
12065,1.20650000e+04,-639,-26.625000
12066,1.20660000e+04,-639,-26.625000
12067,1.20670000e+04,-639,-26.625000
12068,1.20680000e+04,-639,-26.625000
12069,1.20690000e+04,-639,-26.625000
12070,1.20700000e+04,-607,-25.291667
12071,1.20710000e+04,-607,-25.291667
12072,1.20720000e+04,-607,-25.291667
12073,1.20730000e+04,-607,-25.291667
12074,1.20740000e+04,-607,-25.291667
12075,1.20750000e+04,-571,-23.791667
12076,1.20760000e+04,-571,-23.791667
12077,1.20770000e+04,-571,-23.791667
12078,1.20780000e+04,-571,-23.791667
12079,1.20790000e+04,-571,-23.791667
12080,1.20800000e+04,-540,-22.500000
12081,1.20810000e+04,-540,-22.500000
12082,1.20820000e+04,-540,-22.500000
12083,1.20830000e+04,-540,-22.500000
12084,1.20840000e+04,-540,-22.500000
12085,1.20850000e+04,-512,-21.333333
12086,1.20860000e+04,-512,-21.333333
12087,1.20870000e+04,-512,-21.333333
12088,1.20880000e+04,-512,-21.333333
12089,1.20890000e+04,-512,-21.333333
12090,1.20900000e+04,-479,-19.958333
12091,1.20910000e+04,-479,-19.958333
12092,1.20920000e+04,-479,-19.958333
12093,1.20930000e+04,-479,-19.958333
12094,1.20940000e+04,-479,-19.958333
12095,1.20950000e+04,-447,-18.625000
12096,1.20960000e+04,-447,-18.625000
12097,1.20970000e+04,-447,-18.625000
12098,1.20980000e+04,-447,-18.625000
12099,1.20990000e+04,-447,-18.625000
12100,1.21000000e+04,-413,-17.208333
12101,1.21010000e+04,-413,-17.208333
12102,1.21020000e+04,-413,-17.208333
12103,1.21030000e+04,-413,-17.208333
12104,1.21040000e+04,-413,-17.208333
12105,1.21050000e+04,-385,-16.041667
12106,1.21060000e+04,-385,-16.041667
12107,1.21070000e+04,-385,-16.041667
12108,1.21080000e+04,-385,-16.041667
12109,1.21090000e+04,-385,-16.041667
12110,1.21100000e+04,-347,-14.458333
12111,1.21110000e+04,-347,-14.458333
12112,1.21120000e+04,-347,-14.458333
12113,1.21130000e+04,-347,-14.458333
12114,1.21140000e+04,-347,-14.458333
12115,1.21150000e+04,-318,-13.250000
12116,1.21160000e+04,-318,-13.250000
12117,1.21170000e+04,-318,-13.250000
12118,1.21180000e+04,-318,-13.250000
12119,1.21190000e+04,-318,-13.250000
12120,1.21200000e+04,-279,-11.625000
12121,1.21210000e+04,-279,-11.625000
12122,1.21220000e+04,-279,-11.625000
12123,1.21230000e+04,-279,-11.625000
12124,1.21240000e+04,-279,-11.625000
12125,1.21250000e+04,-249,-10.375000
12126,1.21260000e+04,-249,-10.375000
12127,1.21270000e+04,-249,-10.375000
12128,1.21280000e+04,-249,-10.375000
12129,1.21290000e+04,-249,-10.375000
12130,1.21300000e+04,-207,-8.625000
12131,1.21310000e+04,-207,-8.625000
12132,1.21320000e+04,-207,-8.625000
12133,1.21330000e+04,-207,-8.625000
12134,1.21340000e+04,-207,-8.625000
12135,1.21350000e+04,-165,-6.875000
12136,1.21360000e+04,-165,-6.875000
12137,1.21370000e+04,-165,-6.875000
12138,1.21380000e+04,-165,-6.875000
12139,1.21390000e+04,-165,-6.875000
12140,1.21400000e+04,-133,-5.541667
12141,1.21410000e+04,-133,-5.541667
12142,1.21420000e+04,-133,-5.541667
12143,1.21430000e+04,-133,-5.541667
12144,1.21440000e+04,-133,-5.541667
12145,1.21450000e+04,-91,-3.791667
12146,1.21460000e+04,-91,-3.791667
12147,1.21470000e+04,-91,-3.791667
12148,1.21480000e+04,-91,-3.791667
12149,1.21490000e+04,-91,-3.791667
12150,1.21500000e+04,-53,-2.208333
12151,1.21510000e+04,-53,-2.208333
12152,1.21520000e+04,-53,-2.208333
12153,1.21530000e+04,-53,-2.208333
12154,1.21540000e+04,-53,-2.208333
12155,1.21550000e+04,-14,-0.583333
12156,1.21560000e+04,-14,-0.583333
12157,1.21570000e+04,-14,-0.583333
12158,1.21580000e+04,-14,-0.583333
12159,1.21590000e+04,-14,-0.583333
12160,1.21600000e+04,25,1.041667
12161,1.21610000e+04,25,1.041667
12162,1.21620000e+04,25,1.041667
12163,1.21630000e+04,25,1.041667
12164,1.21640000e+04,25,1.041667
12165,1.21650000e+04,67,2.791667
12166,1.21660000e+04,67,2.791667
12167,1.21670000e+04,67,2.791667
12168,1.21680000e+04,67,2.791667
12169,1.21690000e+04,67,2.791667
12170,1.21700000e+04,104,4.333333
12171,1.21710000e+04,104,4.333333
12172,1.21720000e+04,104,4.333333
12173,1.21730000e+04,104,4.333333
12174,1.21740000e+04,104,4.333333
12175,1.21750000e+04,143,5.958333
12176,1.21760000e+04,143,5.958333
12177,1.21770000e+04,143,5.958333
12178,1.21780000e+04,143,5.958333
12179,1.21790000e+04,143,5.958333
12180,1.21800000e+04,186,7.750000
12181,1.21810000e+04,186,7.750000
12182,1.21820000e+04,186,7.750000
12183,1.21830000e+04,186,7.750000
12184,1.21840000e+04,186,7.750000
12185,1.21850000e+04,217,9.041667
12186,1.21860000e+04,217,9.041667
12187,1.21870000e+04,217,9.041667
12188,1.21880000e+04,217,9.041667
12189,1.21890000e+04,217,9.041667
12190,1.21900000e+04,255,10.625000
12191,1.21910000e+04,255,10.625000
12192,1.21920000e+04,255,10.625000
12193,1.21930000e+04,255,10.625000
12194,1.21940000e+04,255,10.625000
12195,1.21950000e+04,289,12.041667
12196,1.21960000e+04,289,12.041667
12197,1.21970000e+04,289,12.041667
12198,1.21980000e+04,289,12.041667
12199,1.21990000e+04,289,12.041667
12200,1.22000000e+04,323,13.458333
12201,1.22010000e+04,323,13.458333
12202,1.22020000e+04,323,13.458333
12203,1.22030000e+04,323,13.458333
12204,1.22040000e+04,323,13.458333
12205,1.22050000e+04,354,14.750000
12206,1.22060000e+04,354,14.750000
12207,1.22070000e+04,354,14.750000
12208,1.22080000e+04,354,14.750000
12209,1.22090000e+04,354,14.750000
12210,1.22100000e+04,386,16.083333
12211,1.22110000e+04,386,16.083333
12212,1.22120000e+04,386,16.083333
12213,1.22130000e+04,386,16.083333
12214,1.22140000e+04,386,16.083333
12215,1.22150000e+04,418,17.416667
12216,1.22160000e+04,418,17.416667
12217,1.22170000e+04,418,17.416667
12218,1.22180000e+04,418,17.416667
12219,1.22190000e+04,418,17.416667
12220,1.22200000e+04,453,18.875000
12221,1.22210000e+04,453,18.875000
12222,1.22220000e+04,453,18.875000
12223,1.22230000e+04,453,18.875000
12224,1.22240000e+04,453,18.875000
12225,1.22250000e+04,481,20.041667
12226,1.22260000e+04,481,20.041667
12227,1.22270000e+04,481,20.041667
12228,1.22280000e+04,481,20.041667
12229,1.22290000e+04,481,20.041667
12230,1.22300000e+04,513,21.375000
12231,1.22310000e+04,513,21.375000
12232,1.22320000e+04,513,21.375000
12233,1.22330000e+04,513,21.375000
12234,1.22340000e+04,513,21.375000
12235,1.22350000e+04,542,22.583333
12236,1.22360000e+04,542,22.583333
12237,1.22370000e+04,542,22.583333
12238,1.22380000e+04,542,22.583333
12239,1.22390000e+04,542,22.583333
12240,1.22400000e+04,576,24.000000
12241,1.22410000e+04,576,24.000000
12242,1.22420000e+04,576,24.000000
12243,1.22430000e+04,576,24.000000
12244,1.22440000e+04,576,24.000000
12245,1.22450000e+04,609,25.375000
12246,1.22460000e+04,609,25.375000
12247,1.22470000e+04,609,25.375000
12248,1.22480000e+04,609,25.375000
12249,1.22490000e+04,609,25.375000
12250,1.22500000e+04,643,26.791667
12251,1.22510000e+04,643,26.791667
12252,1.22520000e+04,643,26.791667
12253,1.22530000e+04,643,26.791667
12254,1.22540000e+04,643,26.791667
12255,1.22550000e+04,678,28.250000
12256,1.22560000e+04,678,28.250000
12257,1.22570000e+04,678,28.250000
12258,1.22580000e+04,678,28.250000
12259,1.22590000e+04,678,28.250000
12260,1.22600000e+04,715,29.791667
12261,1.22610000e+04,715,29.791667
12262,1.22620000e+04,715,29.791667
12263,1.22630000e+04,715,29.791667
12264,1.22640000e+04,715,29.791667
12265,1.22650000e+04,751,31.291667
12266,1.22660000e+04,751,31.291667
12267,1.22670000e+04,751,31.291667
12268,1.22680000e+04,751,31.291667
12269,1.22690000e+04,751,31.291667
12270,1.22700000e+04,786,32.750000
12271,1.22710000e+04,786,32.750000
12272,1.22720000e+04,786,32.750000
12273,1.22730000e+04,786,32.750000
12274,1.22740000e+04,786,32.750000
12275,1.22750000e+04,822,34.250000
12276,1.22760000e+04,822,34.250000
12277,1.22770000e+04,822,34.250000
12278,1.22780000e+04,822,34.250000
12279,1.22790000e+04,822,34.250000
12280,1.22800000e+04,858,35.750000
12281,1.22810000e+04,858,35.750000
12282,1.22820000e+04,858,35.750000
12283,1.22830000e+04,858,35.750000
12284,1.22840000e+04,858,35.750000
12285,1.22850000e+04,892,37.166667
12286,1.22860000e+04,892,37.166667
12287,1.22870000e+04,892,37.166667
12288,1.22880000e+04,892,37.166667
12289,1.22890000e+04,892,37.166667
12290,1.22900000e+04,923,38.458333
12291,1.22910000e+04,923,38.458333
12292,1.22920000e+04,923,38.458333
12293,1.22930000e+04,923,38.458333
12294,1.22940000e+04,923,38.458333
12295,1.22950000e+04,962,40.083333
12296,1.22960000e+04,962,40.083333
12297,1.22970000e+04,962,40.083333
12298,1.22980000e+04,962,40.083333
12299,1.22990000e+04,962,40.083333
12300,1.23000000e+04,989,41.208333
12301,1.23010000e+04,989,41.208333
12302,1.23020000e+04,989,41.208333
12303,1.23030000e+04,989,41.208333
12304,1.23040000e+04,989,41.208333
12305,1.23050000e+04,1024,42.666667
12306,1.23060000e+04,1024,42.666667
12307,1.23070000e+04,1024,42.666667
12308,1.23080000e+04,1024,42.666667
12309,1.23090000e+04,1024,42.666667
12310,1.23100000e+04,1055,43.958333
12311,1.23110000e+04,1055,43.958333
12312,1.23120000e+04,1055,43.958333
12313,1.23130000e+04,1055,43.958333
12314,1.23140000e+04,1055,43.958333
12315,1.23150000e+04,1081,45.041667
12316,1.23160000e+04,1081,45.041667
12317,1.23170000e+04,1081,45.041667
12318,1.23180000e+04,1081,45.041667
12319,1.23190000e+04,1081,45.041667
12320,1.23200000e+04,1114,46.416667
12321,1.23210000e+04,1114,46.416667
12322,1.23220000e+04,1114,46.416667
12323,1.23230000e+04,1114,46.416667
12324,1.23240000e+04,1114,46.416667
12325,1.23250000e+04,1142,47.583333
12326,1.23260000e+04,1142,47.583333
12327,1.23270000e+04,1142,47.583333
12328,1.23280000e+04,1142,47.583333
12329,1.23290000e+04,1142,47.583333
12330,1.23300000e+04,1173,48.875000
12331,1.23310000e+04,1173,48.875000
12332,1.23320000e+04,1173,48.875000
12333,1.23330000e+04,1173,48.875000
12334,1.23340000e+04,1173,48.875000
12335,1.23350000e+04,1203,50.125000
12336,1.23360000e+04,1203,50.125000
12337,1.23370000e+04,1203,50.125000
12338,1.23380000e+04,1203,50.125000
12339,1.23390000e+04,1203,50.125000
12340,1.23400000e+04,1236,51.500000
12341,1.23410000e+04,1236,51.500000
12342,1.23420000e+04,1236,51.500000
12343,1.23430000e+04,1236,51.500000
12344,1.23440000e+04,1236,51.500000
12345,1.23450000e+04,1267,52.791667
12346,1.23460000e+04,1267,52.791667
12347,1.23470000e+04,1267,52.791667
12348,1.23480000e+04,1267,52.791667
12349,1.23490000e+04,1267,52.791667
12350,1.23500000e+04,1301,54.208333
12351,1.23510000e+04,1301,54.208333
12352,1.23520000e+04,1301,54.208333
12353,1.23530000e+04,1301,54.208333
12354,1.23540000e+04,1301,54.208333
12355,1.23550000e+04,1332,55.500000
12356,1.23560000e+04,1332,55.500000
12357,1.23570000e+04,1332,55.500000
12358,1.23580000e+04,1332,55.500000
12359,1.23590000e+04,1332,55.500000
12360,1.23600000e+04,1368,57.000000
12361,1.23610000e+04,1368,57.000000
12362,1.23620000e+04,1368,57.000000
12363,1.23630000e+04,1368,57.000000
12364,1.23640000e+04,1368,57.000000
12365,1.23650000e+04,1403,58.458333
12366,1.23660000e+04,1403,58.458333
12367,1.23670000e+04,1403,58.458333
12368,1.23680000e+04,1403,58.458333
12369,1.23690000e+04,1403,58.458333
12370,1.23700000e+04,1438,59.916667
12371,1.23710000e+04,1438,59.916667
12372,1.23720000e+04,1438,59.916667
12373,1.23730000e+04,1438,59.916667
12374,1.23740000e+04,1438,59.916667
12375,1.23750000e+04,1479,61.625000
12376,1.23760000e+04,1479,61.625000
12377,1.23770000e+04,1479,61.625000
12378,1.23780000e+04,1479,61.625000
12379,1.23790000e+04,1479,61.625000
12380,1.23800000e+04,1515,63.125000
12381,1.23810000e+04,1515,63.125000
12382,1.23820000e+04,1515,63.125000
12383,1.23830000e+04,1515,63.125000
12384,1.23840000e+04,1515,63.125000
12385,1.23850000e+04,1551,64.625000
12386,1.23860000e+04,1551,64.625000
12387,1.23870000e+04,1551,64.625000
12388,1.23880000e+04,1551,64.625000
12389,1.23890000e+04,1551,64.625000
12390,1.23900000e+04,1586,66.083333
12391,1.23910000e+04,1586,66.083333
12392,1.23920000e+04,1586,66.083333
12393,1.23930000e+04,1586,66.083333
12394,1.23940000e+04,1586,66.083333
12395,1.23950000e+04,1620,67.500000
12396,1.23960000e+04,1620,67.500000
12397,1.23970000e+04,1620,67.500000
12398,1.23980000e+04,1620,67.500000
12399,1.23990000e+04,1620,67.500000
12400,1.24000000e+04,1655,68.958333
12401,1.24010000e+04,1655,68.958333
12402,1.24020000e+04,1655,68.958333
12403,1.24030000e+04,1655,68.958333
12404,1.24040000e+04,1655,68.958333
12405,1.24050000e+04,1682,70.083333
12406,1.24060000e+04,1682,70.083333
12407,1.24070000e+04,1682,70.083333
12408,1.24080000e+04,1682,70.083333
12409,1.24090000e+04,1682,70.083333
12410,1.24100000e+04,1711,71.291667
12411,1.24110000e+04,1711,71.291667
12412,1.24120000e+04,1711,71.291667
12413,1.24130000e+04,1711,71.291667
12414,1.24140000e+04,1711,71.291667
12415,1.24150000e+04,1739,72.458333
12416,1.24160000e+04,1739,72.458333
12417,1.24170000e+04,1739,72.458333
12418,1.24180000e+04,1739,72.458333
12419,1.24190000e+04,1739,72.458333
12420,1.24200000e+04,1762,73.416667
12421,1.24210000e+04,1762,73.416667
12422,1.24220000e+04,1762,73.416667
12423,1.24230000e+04,1762,73.416667
12424,1.24240000e+04,1762,73.416667
12425,1.24250000e+04,1785,74.375000
12426,1.24260000e+04,1785,74.375000
12427,1.24270000e+04,1785,74.375000
12428,1.24280000e+04,1785,74.375000
12429,1.24290000e+04,1785,74.375000
12430,1.24300000e+04,1808,75.333333
12431,1.24310000e+04,1808,75.333333
12432,1.24320000e+04,1808,75.333333
12433,1.24330000e+04,1808,75.333333
12434,1.24340000e+04,1808,75.333333
12435,1.24350000e+04,1830,76.250000
12436,1.24360000e+04,1830,76.250000
12437,1.24370000e+04,1830,76.250000
12438,1.24380000e+04,1830,76.250000
12439,1.24390000e+04,1830,76.250000
12440,1.24400000e+04,1851,77.125000
12441,1.24410000e+04,1851,77.125000
12442,1.24420000e+04,1851,77.125000
12443,1.24430000e+04,1851,77.125000
12444,1.24440000e+04,1851,77.125000
12445,1.24450000e+04,1870,77.916667
12446,1.24460000e+04,1870,77.916667
12447,1.24470000e+04,1870,77.916667
12448,1.24480000e+04,1870,77.916667
12449,1.24490000e+04,1870,77.916667
12450,1.24500000e+04,1895,78.958333
12451,1.24510000e+04,1895,78.958333
12452,1.24520000e+04,1895,78.958333
12453,1.24530000e+04,1895,78.958333
12454,1.24540000e+04,1895,78.958333
12455,1.24550000e+04,1915,79.791667
12456,1.24560000e+04,1915,79.791667
12457,1.24570000e+04,1915,79.791667
12458,1.24580000e+04,1915,79.791667
12459,1.24590000e+04,1915,79.791667
12460,1.24600000e+04,1937,80.708333
12461,1.24610000e+04,1937,80.708333
12462,1.24620000e+04,1937,80.708333
12463,1.24630000e+04,1937,80.708333
12464,1.24640000e+04,1937,80.708333
12465,1.24650000e+04,1956,81.500000
12466,1.24660000e+04,1956,81.500000
12467,1.24670000e+04,1956,81.500000
12468,1.24680000e+04,1956,81.500000
12469,1.24690000e+04,1956,81.500000
12470,1.24700000e+04,1979,82.458333
12471,1.24710000e+04,1979,82.458333
12472,1.24720000e+04,1979,82.458333
12473,1.24730000e+04,1979,82.458333
12474,1.24740000e+04,1979,82.458333
12475,1.24750000e+04,2000,83.333333
12476,1.24760000e+04,2000,83.333333
12477,1.24770000e+04,2000,83.333333
12478,1.24780000e+04,2000,83.333333
12479,1.24790000e+04,2000,83.333333
12480,1.24800000e+04,2019,84.125000
12481,1.24810000e+04,2019,84.125000
12482,1.24820000e+04,2019,84.125000
12483,1.24830000e+04,2019,84.125000
12484,1.24840000e+04,2019,84.125000
12485,1.24850000e+04,2045,85.208333
12486,1.24860000e+04,2045,85.208333
12487,1.24870000e+04,2045,85.208333
12488,1.24880000e+04,2045,85.208333
12489,1.24890000e+04,2045,85.208333
12490,1.24900000e+04,2069,86.208333
12491,1.24910000e+04,2069,86.208333
12492,1.24920000e+04,2069,86.208333
12493,1.24930000e+04,2069,86.208333
12494,1.24940000e+04,2069,86.208333
12495,1.24950000e+04,2095,87.291667
12496,1.24960000e+04,2095,87.291667
12497,1.24970000e+04,2095,87.291667
12498,1.24980000e+04,2095,87.291667
12499,1.24990000e+04,2095,87.291667
12500,1.25000000e+04,2121,88.375000
12501,1.25010000e+04,2121,88.375000
12502,1.25020000e+04,2121,88.375000
12503,1.25030000e+04,2121,88.375000
12504,1.25040000e+04,2121,88.375000
12505,1.25050000e+04,2142,89.250000
12506,1.25060000e+04,2142,89.250000
12507,1.25070000e+04,2142,89.250000
12508,1.25080000e+04,2142,89.250000
12509,1.25090000e+04,2142,89.250000
12510,1.25100000e+04,2166,90.250000
12511,1.25110000e+04,2166,90.250000
12512,1.25120000e+04,2166,90.250000
12513,1.25130000e+04,2166,90.250000
12514,1.25140000e+04,2166,90.250000
12515,1.25150000e+04,2185,91.041667
12516,1.25160000e+04,2185,91.041667
12517,1.25170000e+04,2185,91.041667
12518,1.25180000e+04,2185,91.041667
12519,1.25190000e+04,2185,91.041667
12520,1.25200000e+04,2205,91.875000
12521,1.25210000e+04,2205,91.875000
12522,1.25220000e+04,2205,91.875000
12523,1.25230000e+04,2205,91.875000
12524,1.25240000e+04,2205,91.875000
12525,1.25250000e+04,2228,92.833333
12526,1.25260000e+04,2228,92.833333
12527,1.25270000e+04,2228,92.833333
12528,1.25280000e+04,2228,92.833333
12529,1.25290000e+04,2228,92.833333
12530,1.25300000e+04,2245,93.541667
12531,1.25310000e+04,2245,93.541667
12532,1.25320000e+04,2245,93.541667
12533,1.25330000e+04,2245,93.541667
12534,1.25340000e+04,2245,93.541667
12535,1.25350000e+04,2261,94.208333
12536,1.25360000e+04,2261,94.208333
12537,1.25370000e+04,2261,94.208333
12538,1.25380000e+04,2261,94.208333
12539,1.25390000e+04,2261,94.208333
12540,1.25400000e+04,2276,94.833333
12541,1.25410000e+04,2276,94.833333
12542,1.25420000e+04,2276,94.833333
12543,1.25430000e+04,2276,94.833333
12544,1.25440000e+04,2276,94.833333
12545,1.25450000e+04,2287,95.291667
12546,1.25460000e+04,2287,95.291667
12547,1.25470000e+04,2287,95.291667
12548,1.25480000e+04,2287,95.291667
12549,1.25490000e+04,2287,95.291667
12550,1.25500000e+04,2301,95.875000
12551,1.25510000e+04,2301,95.875000
12552,1.25520000e+04,2301,95.875000
12553,1.25530000e+04,2301,95.875000
12554,1.25540000e+04,2301,95.875000
12555,1.25550000e+04,2311,96.291667
12556,1.25560000e+04,2311,96.291667
12557,1.25570000e+04,2311,96.291667
12558,1.25580000e+04,2311,96.291667
12559,1.25590000e+04,2311,96.291667
12560,1.25600000e+04,2326,96.916667
12561,1.25610000e+04,2326,96.916667
12562,1.25620000e+04,2326,96.916667
12563,1.25630000e+04,2326,96.916667
12564,1.25640000e+04,2326,96.916667
12565,1.25650000e+04,2335,97.291667
12566,1.25660000e+04,2335,97.291667
12567,1.25670000e+04,2335,97.291667
12568,1.25680000e+04,2335,97.291667
12569,1.25690000e+04,2335,97.291667
12570,1.25700000e+04,2352,98.000000
12571,1.25710000e+04,2352,98.000000
12572,1.25720000e+04,2352,98.000000
12573,1.25730000e+04,2352,98.000000
12574,1.25740000e+04,2352,98.000000
12575,1.25750000e+04,2365,98.541667
12576,1.25760000e+04,2365,98.541667
12577,1.25770000e+04,2365,98.541667
12578,1.25780000e+04,2365,98.541667
12579,1.25790000e+04,2365,98.541667
12580,1.25800000e+04,2382,99.250000
12581,1.25810000e+04,2382,99.250000
12582,1.25820000e+04,2382,99.250000
12583,1.25830000e+04,2382,99.250000
12584,1.25840000e+04,2382,99.250000
12585,1.25850000e+04,2397,99.875000
12586,1.25860000e+04,2397,99.875000
12587,1.25870000e+04,2397,99.875000
12588,1.25880000e+04,2397,99.875000
12589,1.25890000e+04,2397,99.875000
12590,1.25900000e+04,2416,100.666667
12591,1.25910000e+04,2416,100.666667
12592,1.25920000e+04,2416,100.666667
12593,1.25930000e+04,2416,100.666667
12594,1.25940000e+04,2416,100.666667
12595,1.25950000e+04,2440,101.666667
12596,1.25960000e+04,2440,101.666667
12597,1.25970000e+04,2440,101.666667
12598,1.25980000e+04,2440,101.666667
12599,1.25990000e+04,2440,101.666667
12600,1.26000000e+04,2463,102.625000
12601,1.26010000e+04,2463,102.625000
12602,1.26020000e+04,2463,102.625000
12603,1.26030000e+04,2463,102.625000
12604,1.26040000e+04,2463,102.625000
12605,1.26050000e+04,2487,103.625000
12606,1.26060000e+04,2487,103.625000
12607,1.26070000e+04,2487,103.625000
12608,1.26080000e+04,2487,103.625000
12609,1.26090000e+04,2487,103.625000
12610,1.26100000e+04,2514,104.750000
12611,1.26110000e+04,2514,104.750000
12612,1.26120000e+04,2514,104.750000
12613,1.26130000e+04,2514,104.750000
12614,1.26140000e+04,2514,104.750000
12615,1.26150000e+04,2539,105.791667
12616,1.26160000e+04,2539,105.791667
12617,1.26170000e+04,2539,105.791667
12618,1.26180000e+04,2539,105.791667
12619,1.26190000e+04,2539,105.791667
12620,1.26200000e+04,2566,106.916667
12621,1.26210000e+04,2566,106.916667
12622,1.26220000e+04,2566,106.916667
12623,1.26230000e+04,2566,106.916667
12624,1.26240000e+04,2566,106.916667
12625,1.26250000e+04,2589,107.875000
12626,1.26260000e+04,2589,107.875000
12627,1.26270000e+04,2589,107.875000
12628,1.26280000e+04,2589,107.875000
12629,1.26290000e+04,2589,107.875000
12630,1.26300000e+04,2611,108.791667
12631,1.26310000e+04,2611,108.791667
12632,1.26320000e+04,2611,108.791667
12633,1.26330000e+04,2611,108.791667
12634,1.26340000e+04,2611,108.791667
12635,1.26350000e+04,2633,109.708333
12636,1.26360000e+04,2633,109.708333
12637,1.26370000e+04,2633,109.708333
12638,1.26380000e+04,2633,109.708333
12639,1.26390000e+04,2633,109.708333
12640,1.26400000e+04,2648,110.333333
12641,1.26410000e+04,2648,110.333333
12642,1.26420000e+04,2648,110.333333
12643,1.26430000e+04,2648,110.333333
12644,1.26440000e+04,2648,110.333333
12645,1.26450000e+04,2665,111.041667
12646,1.26460000e+04,2665,111.041667
12647,1.26470000e+04,2665,111.041667
12648,1.26480000e+04,2665,111.041667
12649,1.26490000e+04,2665,111.041667
12650,1.26500000e+04,2678,111.583333
12651,1.26510000e+04,2678,111.583333
12652,1.26520000e+04,2678,111.583333
12653,1.26530000e+04,2678,111.583333
12654,1.26540000e+04,2678,111.583333
12655,1.26550000e+04,2687,111.958333
12656,1.26560000e+04,2687,111.958333
12657,1.26570000e+04,2687,111.958333
12658,1.26580000e+04,2687,111.958333
12659,1.26590000e+04,2687,111.958333
12660,1.26600000e+04,2700,112.500000
12661,1.26610000e+04,2700,112.500000
12662,1.26620000e+04,2700,112.500000
12663,1.26630000e+04,2700,112.500000
12664,1.26640000e+04,2700,112.500000
12665,1.26650000e+04,2707,112.791667
12666,1.26660000e+04,2707,112.791667
12667,1.26670000e+04,2707,112.791667
12668,1.26680000e+04,2707,112.791667
12669,1.26690000e+04,2707,112.791667
12670,1.26700000e+04,2721,113.375000
12671,1.26710000e+04,2721,113.375000
12672,1.26720000e+04,2721,113.375000
12673,1.26730000e+04,2721,113.375000
12674,1.26740000e+04,2721,113.375000
12675,1.26750000e+04,2726,113.583333
12676,1.26760000e+04,2726,113.583333
12677,1.26770000e+04,2726,113.583333
12678,1.26780000e+04,2726,113.583333
12679,1.26790000e+04,2726,113.583333
12680,1.26800000e+04,2739,114.125000
12681,1.26810000e+04,2739,114.125000
12682,1.26820000e+04,2739,114.125000
12683,1.26830000e+04,2739,114.125000
12684,1.26840000e+04,2739,114.125000
12685,1.26850000e+04,2753,114.708333
12686,1.26860000e+04,2753,114.708333
12687,1.26870000e+04,2753,114.708333
12688,1.26880000e+04,2753,114.708333
12689,1.26890000e+04,2753,114.708333
12690,1.26900000e+04,2764,115.166667
12691,1.26910000e+04,2764,115.166667
12692,1.26920000e+04,2764,115.166667
12693,1.26930000e+04,2764,115.166667
12694,1.26940000e+04,2764,115.166667
12695,1.26950000e+04,2781,115.875000
12696,1.26960000e+04,2781,115.875000
12697,1.26970000e+04,2781,115.875000
12698,1.26980000e+04,2781,115.875000
12699,1.26990000e+04,2781,115.875000
12700,1.27000000e+04,2793,116.375000
12701,1.27010000e+04,2793,116.375000
12702,1.27020000e+04,2793,116.375000
12703,1.27030000e+04,2793,116.375000
12704,1.27040000e+04,2793,116.375000
12705,1.27050000e+04,2812,117.166667
12706,1.27060000e+04,2812,117.166667
12707,1.27070000e+04,2812,117.166667
12708,1.27080000e+04,2812,117.166667
12709,1.27090000e+04,2812,117.166667
12710,1.27100000e+04,2828,117.833333
12711,1.27110000e+04,2828,117.833333
12712,1.27120000e+04,2828,117.833333
12713,1.27130000e+04,2828,117.833333
12714,1.27140000e+04,2828,117.833333
12715,1.27150000e+04,2852,118.833333
12716,1.27160000e+04,2852,118.833333
12717,1.27170000e+04,2852,118.833333
12718,1.27180000e+04,2852,118.833333
12719,1.27190000e+04,2852,118.833333
12720,1.27200000e+04,2867,119.458333
12721,1.27210000e+04,2867,119.458333
12722,1.27220000e+04,2867,119.458333
12723,1.27230000e+04,2867,119.458333
12724,1.27240000e+04,2867,119.458333
12725,1.27250000e+04,2890,120.416667
12726,1.27260000e+04,2890,120.416667
12727,1.27270000e+04,2890,120.416667
12728,1.27280000e+04,2890,120.416667
12729,1.27290000e+04,2890,120.416667
12730,1.27300000e+04,2911,121.291667
12731,1.27310000e+04,2911,121.291667
12732,1.27320000e+04,2911,121.291667
12733,1.27330000e+04,2911,121.291667
12734,1.27340000e+04,2911,121.291667
12735,1.27350000e+04,2934,122.250000
12736,1.27360000e+04,2934,122.250000
12737,1.27370000e+04,2934,122.250000
12738,1.27380000e+04,2934,122.250000
12739,1.27390000e+04,2934,122.250000
12740,1.27400000e+04,2951,122.958333
12741,1.27410000e+04,2951,122.958333
12742,1.27420000e+04,2951,122.958333
12743,1.27430000e+04,2951,122.958333
12744,1.27440000e+04,2951,122.958333
12745,1.27450000e+04,2972,123.833333
12746,1.27460000e+04,2972,123.833333
12747,1.27470000e+04,2972,123.833333
12748,1.27480000e+04,2972,123.833333
12749,1.27490000e+04,2972,123.833333
12750,1.27500000e+04,2989,124.541667
12751,1.27510000e+04,2989,124.541667
12752,1.27520000e+04,2989,124.541667
12753,1.27530000e+04,2989,124.541667
12754,1.27540000e+04,2989,124.541667
12755,1.27550000e+04,3004,125.166667
12756,1.27560000e+04,3004,125.166667
12757,1.27570000e+04,3004,125.166667
12758,1.27580000e+04,3004,125.166667
12759,1.27590000e+04,3004,125.166667
12760,1.27600000e+04,3015,125.625000
12761,1.27610000e+04,3015,125.625000
12762,1.27620000e+04,3015,125.625000
12763,1.27630000e+04,3015,125.625000
12764,1.27640000e+04,3015,125.625000
12765,1.27650000e+04,3026,126.083333
12766,1.27660000e+04,3026,126.083333
12767,1.27670000e+04,3026,126.083333
12768,1.27680000e+04,3026,126.083333
12769,1.27690000e+04,3026,126.083333
12770,1.27700000e+04,3040,126.666667
12771,1.27710000e+04,3040,126.666667
12772,1.27720000e+04,3040,126.666667
12773,1.27730000e+04,3040,126.666667
12774,1.27740000e+04,3040,126.666667
12775,1.27750000e+04,3046,126.916667
12776,1.27760000e+04,3046,126.916667
12777,1.27770000e+04,3046,126.916667
12778,1.27780000e+04,3046,126.916667
12779,1.27790000e+04,3046,126.916667
12780,1.27800000e+04,3054,127.250000
12781,1.27810000e+04,3054,127.250000
12782,1.27820000e+04,3054,127.250000
12783,1.27830000e+04,3054,127.250000
12784,1.27840000e+04,3054,127.250000
12785,1.27850000e+04,3061,127.541667
12786,1.27860000e+04,3061,127.541667
12787,1.27870000e+04,3061,127.541667
12788,1.27880000e+04,3061,127.541667
12789,1.27890000e+04,3061,127.541667
12790,1.27900000e+04,3067,127.791667
12791,1.27910000e+04,3067,127.791667
12792,1.27920000e+04,3067,127.791667
12793,1.27930000e+04,3067,127.791667
12794,1.27940000e+04,3067,127.791667
12795,1.27950000e+04,3074,128.083333
12796,1.27960000e+04,3074,128.083333
12797,1.27970000e+04,3074,128.083333
12798,1.27980000e+04,3074,128.083333
12799,1.27990000e+04,3074,128.083333
12800,1.28000000e+04,3078,128.250000
12801,1.28010000e+04,3078,128.250000
12802,1.28020000e+04,3078,128.250000
12803,1.28030000e+04,3078,128.250000
12804,1.28040000e+04,3078,128.250000
12805,1.28050000e+04,3087,128.625000
12806,1.28060000e+04,3087,128.625000
12807,1.28070000e+04,3087,128.625000
12808,1.28080000e+04,3087,128.625000
12809,1.28090000e+04,3087,128.625000
12810,1.28100000e+04,3097,129.041667
12811,1.28110000e+04,3097,129.041667
12812,1.28120000e+04,3097,129.041667
12813,1.28130000e+04,3097,129.041667
12814,1.28140000e+04,3097,129.041667
12815,1.28150000e+04,3105,129.375000
12816,1.28160000e+04,3105,129.375000
12817,1.28170000e+04,3105,129.375000
12818,1.28180000e+04,3105,129.375000
12819,1.28190000e+04,3105,129.375000
12820,1.28200000e+04,3111,129.625000
12821,1.28210000e+04,3111,129.625000
12822,1.28220000e+04,3111,129.625000
12823,1.28230000e+04,3111,129.625000
12824,1.28240000e+04,3111,129.625000
12825,1.28250000e+04,3124,130.166667
12826,1.28260000e+04,3124,130.166667
12827,1.28270000e+04,3124,130.166667
12828,1.28280000e+04,3124,130.166667
12829,1.28290000e+04,3124,130.166667
12830,1.28300000e+04,3134,130.583333
12831,1.28310000e+04,3134,130.583333
12832,1.28320000e+04,3134,130.583333
12833,1.28330000e+04,3134,130.583333
12834,1.28340000e+04,3134,130.583333
12835,1.28350000e+04,3148,131.166667
12836,1.28360000e+04,3148,131.166667
12837,1.28370000e+04,3148,131.166667
12838,1.28380000e+04,3148,131.166667
12839,1.28390000e+04,3148,131.166667
12840,1.28400000e+04,3154,131.416667
12841,1.28410000e+04,3154,131.416667
12842,1.28420000e+04,3154,131.416667
12843,1.28430000e+04,3154,131.416667
12844,1.28440000e+04,3154,131.416667
12845,1.28450000e+04,3167,131.958333
12846,1.28460000e+04,3167,131.958333
12847,1.28470000e+04,3167,131.958333
12848,1.28480000e+04,3167,131.958333
12849,1.28490000e+04,3167,131.958333
12850,1.28500000e+04,3181,132.541667
12851,1.28510000e+04,3181,132.541667
12852,1.28520000e+04,3181,132.541667
12853,1.28530000e+04,3181,132.541667
12854,1.28540000e+04,3181,132.541667
12855,1.28550000e+04,3195,133.125000
12856,1.28560000e+04,3195,133.125000
12857,1.28570000e+04,3195,133.125000
12858,1.28580000e+04,3195,133.125000
12859,1.28590000e+04,3195,133.125000
12860,1.28600000e+04,3205,133.541667
12861,1.28610000e+04,3205,133.541667
12862,1.28620000e+04,3205,133.541667
12863,1.28630000e+04,3205,133.541667
12864,1.28640000e+04,3205,133.541667
12865,1.28650000e+04,3212,133.833333
12866,1.28660000e+04,3212,133.833333
12867,1.28670000e+04,3212,133.833333
12868,1.28680000e+04,3212,133.833333
12869,1.28690000e+04,3212,133.833333
12870,1.28700000e+04,3215,133.958333
12871,1.28710000e+04,3215,133.958333
12872,1.28720000e+04,3215,133.958333
12873,1.28730000e+04,3215,133.958333
12874,1.28740000e+04,3215,133.958333
12875,1.28750000e+04,3216,134.000000
12876,1.28760000e+04,3216,134.000000
12877,1.28770000e+04,3216,134.000000
12878,1.28780000e+04,3216,134.000000
12879,1.28790000e+04,3216,134.000000
12880,1.28800000e+04,3211,133.791667
12881,1.28810000e+04,3211,133.791667
12882,1.28820000e+04,3211,133.791667
12883,1.28830000e+04,3211,133.791667
12884,1.28840000e+04,3211,133.791667
12885,1.28850000e+04,3208,133.666667
12886,1.28860000e+04,3208,133.666667
12887,1.28870000e+04,3208,133.666667
12888,1.28880000e+04,3208,133.666667
12889,1.28890000e+04,3208,133.666667
12890,1.28900000e+04,3195,133.125000
12891,1.28910000e+04,3195,133.125000
12892,1.28920000e+04,3195,133.125000
12893,1.28930000e+04,3195,133.125000
12894,1.28940000e+04,3195,133.125000
12895,1.28950000e+04,3185,132.708333
12896,1.28960000e+04,3185,132.708333
12897,1.28970000e+04,3185,132.708333
12898,1.28980000e+04,3185,132.708333
12899,1.28990000e+04,3185,132.708333
12900,1.29000000e+04,3175,132.291667
12901,1.29010000e+04,3175,132.291667
12902,1.29020000e+04,3175,132.291667
12903,1.29030000e+04,3175,132.291667
12904,1.29040000e+04,3175,132.291667
12905,1.29050000e+04,3160,131.666667
12906,1.29060000e+04,3160,131.666667
12907,1.29070000e+04,3160,131.666667
12908,1.29080000e+04,3160,131.666667
12909,1.29090000e+04,3160,131.666667
12910,1.29100000e+04,3145,131.041667
12911,1.29110000e+04,3145,131.041667
12912,1.29120000e+04,3145,131.041667
12913,1.29130000e+04,3145,131.041667
12914,1.29140000e+04,3145,131.041667
12915,1.29150000e+04,3136,130.666667
12916,1.29160000e+04,3136,130.666667
12917,1.29170000e+04,3136,130.666667
12918,1.29180000e+04,3136,130.666667
12919,1.29190000e+04,3136,130.666667
12920,1.29200000e+04,3124,130.166667
12921,1.29210000e+04,3124,130.166667
12922,1.29220000e+04,3124,130.166667
12923,1.29230000e+04,3124,130.166667
12924,1.29240000e+04,3124,130.166667
12925,1.29250000e+04,3116,129.833333
12926,1.29260000e+04,3116,129.833333
12927,1.29270000e+04,3116,129.833333
12928,1.29280000e+04,3116,129.833333
12929,1.29290000e+04,3116,129.833333
12930,1.29300000e+04,3101,129.208333
12931,1.29310000e+04,3101,129.208333
12932,1.29320000e+04,3101,129.208333
12933,1.29330000e+04,3101,129.208333
12934,1.29340000e+04,3101,129.208333
12935,1.29350000e+04,3094,128.916667
12936,1.29360000e+04,3094,128.916667
12937,1.29370000e+04,3094,128.916667
12938,1.29380000e+04,3094,128.916667
12939,1.29390000e+04,3094,128.916667
12940,1.29400000e+04,3083,128.458333
12941,1.29410000e+04,3083,128.458333
12942,1.29420000e+04,3083,128.458333
12943,1.29430000e+04,3083,128.458333
12944,1.29440000e+04,3083,128.458333
12945,1.29450000e+04,3077,128.208333
12946,1.29460000e+04,3077,128.208333
12947,1.29470000e+04,3077,128.208333
12948,1.29480000e+04,3077,128.208333
12949,1.29490000e+04,3077,128.208333
12950,1.29500000e+04,3068,127.833333
12951,1.29510000e+04,3068,127.833333
12952,1.29520000e+04,3068,127.833333
12953,1.29530000e+04,3068,127.833333
12954,1.29540000e+04,3068,127.833333
12955,1.29550000e+04,3059,127.458333
12956,1.29560000e+04,3059,127.458333
12957,1.29570000e+04,3059,127.458333
12958,1.29580000e+04,3059,127.458333
12959,1.29590000e+04,3059,127.458333
12960,1.29600000e+04,3054,127.250000
12961,1.29610000e+04,3054,127.250000
12962,1.29620000e+04,3054,127.250000
12963,1.29630000e+04,3054,127.250000
12964,1.29640000e+04,3054,127.250000
12965,1.29650000e+04,3046,126.916667
12966,1.29660000e+04,3046,126.916667
12967,1.29670000e+04,3046,126.916667
12968,1.29680000e+04,3046,126.916667
12969,1.29690000e+04,3046,126.916667
12970,1.29700000e+04,3044,126.833333
12971,1.29710000e+04,3044,126.833333
12972,1.29720000e+04,3044,126.833333
12973,1.29730000e+04,3044,126.833333
12974,1.29740000e+04,3044,126.833333
12975,1.29750000e+04,3038,126.583333
12976,1.29760000e+04,3038,126.583333
12977,1.29770000e+04,3038,126.583333
12978,1.29780000e+04,3038,126.583333
12979,1.29790000e+04,3038,126.583333
12980,1.29800000e+04,3028,126.166667
12981,1.29810000e+04,3028,126.166667
12982,1.29820000e+04,3028,126.166667
12983,1.29830000e+04,3028,126.166667
12984,1.29840000e+04,3028,126.166667
12985,1.29850000e+04,3015,125.625000
12986,1.29860000e+04,3015,125.625000
12987,1.29870000e+04,3015,125.625000
12988,1.29880000e+04,3015,125.625000
12989,1.29890000e+04,3015,125.625000
12990,1.29900000e+04,3009,125.375000
12991,1.29910000e+04,3009,125.375000
12992,1.29920000e+04,3009,125.375000
12993,1.29930000e+04,3009,125.375000
12994,1.29940000e+04,3009,125.375000
12995,1.29950000e+04,2995,124.791667
12996,1.29960000e+04,2995,124.791667
12997,1.29970000e+04,2995,124.791667
12998,1.29980000e+04,2995,124.791667
12999,1.29990000e+04,2995,124.791667
13000,1.30000000e+04,2978,124.083333
13001,1.30010000e+04,2978,124.083333
13002,1.30020000e+04,2978,124.083333
13003,1.30030000e+04,2978,124.083333
13004,1.30040000e+04,2978,124.083333
13005,1.30050000e+04,2961,123.375000
13006,1.30060000e+04,2961,123.375000
13007,1.30070000e+04,2961,123.375000
13008,1.30080000e+04,2961,123.375000
13009,1.30090000e+04,2961,123.375000
13010,1.30100000e+04,2940,122.500000
13011,1.30110000e+04,2940,122.500000
13012,1.30120000e+04,2940,122.500000
13013,1.30130000e+04,2940,122.500000
13014,1.30140000e+04,2940,122.500000
13015,1.30150000e+04,2922,121.750000
13016,1.30160000e+04,2922,121.750000
13017,1.30170000e+04,2922,121.750000
13018,1.30180000e+04,2922,121.750000
13019,1.30190000e+04,2922,121.750000
13020,1.30200000e+04,2901,120.875000
13021,1.30210000e+04,2901,120.875000
13022,1.30220000e+04,2901,120.875000
13023,1.30230000e+04,2901,120.875000
13024,1.30240000e+04,2901,120.875000
13025,1.30250000e+04,2882,120.083333
13026,1.30260000e+04,2882,120.083333
13027,1.30270000e+04,2882,120.083333
13028,1.30280000e+04,2882,120.083333
13029,1.30290000e+04,2882,120.083333
13030,1.30300000e+04,2861,119.208333
13031,1.30310000e+04,2861,119.208333
13032,1.30320000e+04,2861,119.208333
13033,1.30330000e+04,2861,119.208333
13034,1.30340000e+04,2861,119.208333
13035,1.30350000e+04,2841,118.375000
13036,1.30360000e+04,2841,118.375000
13037,1.30370000e+04,2841,118.375000
13038,1.30380000e+04,2841,118.375000
13039,1.30390000e+04,2841,118.375000
13040,1.30400000e+04,2818,117.416667
13041,1.30410000e+04,2818,117.416667
13042,1.30420000e+04,2818,117.416667
13043,1.30430000e+04,2818,117.416667
13044,1.30440000e+04,2818,117.416667
13045,1.30450000e+04,2801,116.708333
13046,1.30460000e+04,2801,116.708333
13047,1.30470000e+04,2801,116.708333
13048,1.30480000e+04,2801,116.708333
13049,1.30490000e+04,2801,116.708333
13050,1.30500000e+04,2779,115.791667
13051,1.30510000e+04,2779,115.791667
13052,1.30520000e+04,2779,115.791667
13053,1.30530000e+04,2779,115.791667
13054,1.30540000e+04,2779,115.791667
13055,1.30550000e+04,2763,115.125000
13056,1.30560000e+04,2763,115.125000
13057,1.30570000e+04,2763,115.125000
13058,1.30580000e+04,2763,115.125000
13059,1.30590000e+04,2763,115.125000
13060,1.30600000e+04,2747,114.458333
13061,1.30610000e+04,2747,114.458333
13062,1.30620000e+04,2747,114.458333
13063,1.30630000e+04,2747,114.458333
13064,1.30640000e+04,2747,114.458333
13065,1.30650000e+04,2736,114.000000
13066,1.30660000e+04,2736,114.000000
13067,1.30670000e+04,2736,114.000000
13068,1.30680000e+04,2736,114.000000
13069,1.30690000e+04,2736,114.000000
13070,1.30700000e+04,2718,113.250000
13071,1.30710000e+04,2718,113.250000
13072,1.30720000e+04,2718,113.250000
13073,1.30730000e+04,2718,113.250000
13074,1.30740000e+04,2718,113.250000
13075,1.30750000e+04,2708,112.833333
13076,1.30760000e+04,2708,112.833333
13077,1.30770000e+04,2708,112.833333
13078,1.30780000e+04,2708,112.833333
13079,1.30790000e+04,2708,112.833333
13080,1.30800000e+04,2697,112.375000
13081,1.30810000e+04,2697,112.375000
13082,1.30820000e+04,2697,112.375000
13083,1.30830000e+04,2697,112.375000
13084,1.30840000e+04,2697,112.375000
13085,1.30850000e+04,2688,112.000000
13086,1.30860000e+04,2688,112.000000
13087,1.30870000e+04,2688,112.000000
13088,1.30880000e+04,2688,112.000000
13089,1.30890000e+04,2688,112.000000
13090,1.30900000e+04,2675,111.458333
13091,1.30910000e+04,2675,111.458333
13092,1.30920000e+04,2675,111.458333
13093,1.30930000e+04,2675,111.458333
13094,1.30940000e+04,2675,111.458333
13095,1.30950000e+04,2665,111.041667
13096,1.30960000e+04,2665,111.041667
13097,1.30970000e+04,2665,111.041667
13098,1.30980000e+04,2665,111.041667
13099,1.30990000e+04,2665,111.041667
13100,1.31000000e+04,2651,110.458333
13101,1.31010000e+04,2651,110.458333
13102,1.31020000e+04,2651,110.458333
13103,1.31030000e+04,2651,110.458333
13104,1.31040000e+04,2651,110.458333
13105,1.31050000e+04,2635,109.791667
13106,1.31060000e+04,2635,109.791667
13107,1.31070000e+04,2635,109.791667
13108,1.31080000e+04,2635,109.791667
13109,1.31090000e+04,2635,109.791667
13110,1.31100000e+04,2617,109.041667
13111,1.31110000e+04,2617,109.041667
13112,1.31120000e+04,2617,109.041667
13113,1.31130000e+04,2617,109.041667
13114,1.31140000e+04,2617,109.041667
13115,1.31150000e+04,2598,108.250000
13116,1.31160000e+04,2598,108.250000
13117,1.31170000e+04,2598,108.250000
13118,1.31180000e+04,2598,108.250000
13119,1.31190000e+04,2598,108.250000
13120,1.31200000e+04,2577,107.375000
13121,1.31210000e+04,2577,107.375000
13122,1.31220000e+04,2577,107.375000
13123,1.31230000e+04,2577,107.375000
13124,1.31240000e+04,2577,107.375000
13125,1.31250000e+04,2551,106.291667
13126,1.31260000e+04,2551,106.291667
13127,1.31270000e+04,2551,106.291667
13128,1.31280000e+04,2551,106.291667
13129,1.31290000e+04,2551,106.291667
13130,1.31300000e+04,2526,105.250000
13131,1.31310000e+04,2526,105.250000
13132,1.31320000e+04,2526,105.250000
13133,1.31330000e+04,2526,105.250000
13134,1.31340000e+04,2526,105.250000
13135,1.31350000e+04,2497,104.041667
13136,1.31360000e+04,2497,104.041667
13137,1.31370000e+04,2497,104.041667
13138,1.31380000e+04,2497,104.041667
13139,1.31390000e+04,2497,104.041667
13140,1.31400000e+04,2471,102.958333
13141,1.31410000e+04,2471,102.958333
13142,1.31420000e+04,2471,102.958333
13143,1.31430000e+04,2471,102.958333
13144,1.31440000e+04,2471,102.958333
13145,1.31450000e+04,2444,101.833333
13146,1.31460000e+04,2444,101.833333
13147,1.31470000e+04,2444,101.833333
13148,1.31480000e+04,2444,101.833333
13149,1.31490000e+04,2444,101.833333
13150,1.31500000e+04,2419,100.791667
13151,1.31510000e+04,2419,100.791667
13152,1.31520000e+04,2419,100.791667
13153,1.31530000e+04,2419,100.791667
13154,1.31540000e+04,2419,100.791667
13155,1.31550000e+04,2398,99.916667
13156,1.31560000e+04,2398,99.916667
13157,1.31570000e+04,2398,99.916667
13158,1.31580000e+04,2398,99.916667
13159,1.31590000e+04,2398,99.916667
13160,1.31600000e+04,2376,99.000000
13161,1.31610000e+04,2376,99.000000
13162,1.31620000e+04,2376,99.000000
13163,1.31630000e+04,2376,99.000000
13164,1.31640000e+04,2376,99.000000
13165,1.31650000e+04,2358,98.250000
13166,1.31660000e+04,2358,98.250000
13167,1.31670000e+04,2358,98.250000
13168,1.31680000e+04,2358,98.250000
13169,1.31690000e+04,2358,98.250000
13170,1.31700000e+04,2340,97.500000
13171,1.31710000e+04,2340,97.500000
13172,1.31720000e+04,2340,97.500000
13173,1.31730000e+04,2340,97.500000
13174,1.31740000e+04,2340,97.500000
13175,1.31750000e+04,2327,96.958333
13176,1.31760000e+04,2327,96.958333
13177,1.31770000e+04,2327,96.958333
13178,1.31780000e+04,2327,96.958333
13179,1.31790000e+04,2327,96.958333
13180,1.31800000e+04,2313,96.375000
13181,1.31810000e+04,2313,96.375000
13182,1.31820000e+04,2313,96.375000
13183,1.31830000e+04,2313,96.375000
13184,1.31840000e+04,2313,96.375000
13185,1.31850000e+04,2302,95.916667
13186,1.31860000e+04,2302,95.916667
13187,1.31870000e+04,2302,95.916667
13188,1.31880000e+04,2302,95.916667
13189,1.31890000e+04,2302,95.916667
13190,1.31900000e+04,2287,95.291667
13191,1.31910000e+04,2287,95.291667
13192,1.31920000e+04,2287,95.291667
13193,1.31930000e+04,2287,95.291667
13194,1.31940000e+04,2287,95.291667
13195,1.31950000e+04,2277,94.875000
13196,1.31960000e+04,2277,94.875000
13197,1.31970000e+04,2277,94.875000
13198,1.31980000e+04,2277,94.875000
13199,1.31990000e+04,2277,94.875000
13200,1.32000000e+04,2265,94.375000
13201,1.32010000e+04,2265,94.375000
13202,1.32020000e+04,2265,94.375000
13203,1.32030000e+04,2265,94.375000
13204,1.32040000e+04,2265,94.375000
13205,1.32050000e+04,2254,93.916667
13206,1.32060000e+04,2254,93.916667
13207,1.32070000e+04,2254,93.916667
13208,1.32080000e+04,2254,93.916667
13209,1.32090000e+04,2254,93.916667
13210,1.32100000e+04,2239,93.291667
13211,1.32110000e+04,2239,93.291667
13212,1.32120000e+04,2239,93.291667
13213,1.32130000e+04,2239,93.291667
13214,1.32140000e+04,2239,93.291667
13215,1.32150000e+04,2229,92.875000
13216,1.32160000e+04,2229,92.875000
13217,1.32170000e+04,2229,92.875000
13218,1.32180000e+04,2229,92.875000
13219,1.32190000e+04,2229,92.875000
13220,1.32200000e+04,2213,92.208333
13221,1.32210000e+04,2213,92.208333
13222,1.32220000e+04,2213,92.208333
13223,1.32230000e+04,2213,92.208333
13224,1.32240000e+04,2213,92.208333
13225,1.32250000e+04,2194,91.416667
13226,1.32260000e+04,2194,91.416667
13227,1.32270000e+04,2194,91.416667
13228,1.32280000e+04,2194,91.416667
13229,1.32290000e+04,2194,91.416667
13230,1.32300000e+04,2172,90.500000
13231,1.32310000e+04,2172,90.500000
13232,1.32320000e+04,2172,90.500000
13233,1.32330000e+04,2172,90.500000
13234,1.32340000e+04,2172,90.500000
13235,1.32350000e+04,2156,89.833333
13236,1.32360000e+04,2156,89.833333
13237,1.32370000e+04,2156,89.833333
13238,1.32380000e+04,2156,89.833333
13239,1.32390000e+04,2156,89.833333
13240,1.32400000e+04,2137,89.041667
13241,1.32410000e+04,2137,89.041667
13242,1.32420000e+04,2137,89.041667
13243,1.32430000e+04,2137,89.041667
13244,1.32440000e+04,2137,89.041667
13245,1.32450000e+04,2112,88.000000
13246,1.32460000e+04,2112,88.000000
13247,1.32470000e+04,2112,88.000000
13248,1.32480000e+04,2112,88.000000
13249,1.32490000e+04,2112,88.000000
13250,1.32500000e+04,2089,87.041667
13251,1.32510000e+04,2089,87.041667
13252,1.32520000e+04,2089,87.041667
13253,1.32530000e+04,2089,87.041667
13254,1.32540000e+04,2089,87.041667
13255,1.32550000e+04,2069,86.208333
13256,1.32560000e+04,2069,86.208333
13257,1.32570000e+04,2069,86.208333
13258,1.32580000e+04,2069,86.208333
13259,1.32590000e+04,2069,86.208333
13260,1.32600000e+04,2042,85.083333
13261,1.32610000e+04,2042,85.083333
13262,1.32620000e+04,2042,85.083333
13263,1.32630000e+04,2042,85.083333
13264,1.32640000e+04,2042,85.083333
13265,1.32650000e+04,2023,84.291667
13266,1.32660000e+04,2023,84.291667
13267,1.32670000e+04,2023,84.291667
13268,1.32680000e+04,2023,84.291667
13269,1.32690000e+04,2023,84.291667
13270,1.32700000e+04,1998,83.250000
13271,1.32710000e+04,1998,83.250000
13272,1.32720000e+04,1998,83.250000
13273,1.32730000e+04,1998,83.250000
13274,1.32740000e+04,1998,83.250000
13275,1.32750000e+04,1979,82.458333
13276,1.32760000e+04,1979,82.458333
13277,1.32770000e+04,1979,82.458333
13278,1.32780000e+04,1979,82.458333
13279,1.32790000e+04,1979,82.458333
13280,1.32800000e+04,1954,81.416667
13281,1.32810000e+04,1954,81.416667
13282,1.32820000e+04,1954,81.416667
13283,1.32830000e+04,1954,81.416667
13284,1.32840000e+04,1954,81.416667
13285,1.32850000e+04,1936,80.666667
13286,1.32860000e+04,1936,80.666667
13287,1.32870000e+04,1936,80.666667
13288,1.32880000e+04,1936,80.666667
13289,1.32890000e+04,1936,80.666667
13290,1.32900000e+04,1910,79.583333
13291,1.32910000e+04,1910,79.583333
13292,1.32920000e+04,1910,79.583333
13293,1.32930000e+04,1910,79.583333
13294,1.32940000e+04,1910,79.583333
13295,1.32950000e+04,1892,78.833333
13296,1.32960000e+04,1892,78.833333
13297,1.32970000e+04,1892,78.833333
13298,1.32980000e+04,1892,78.833333
13299,1.32990000e+04,1892,78.833333
13300,1.33000000e+04,1871,77.958333
13301,1.33010000e+04,1871,77.958333
13302,1.33020000e+04,1871,77.958333
13303,1.33030000e+04,1871,77.958333
13304,1.33040000e+04,1871,77.958333
13305,1.33050000e+04,1849,77.041667
13306,1.33060000e+04,1849,77.041667
13307,1.33070000e+04,1849,77.041667
13308,1.33080000e+04,1849,77.041667
13309,1.33090000e+04,1849,77.041667
13310,1.33100000e+04,1829,76.208333
13311,1.33110000e+04,1829,76.208333
13312,1.33120000e+04,1829,76.208333
13313,1.33130000e+04,1829,76.208333
13314,1.33140000e+04,1829,76.208333
13315,1.33150000e+04,1808,75.333333
13316,1.33160000e+04,1808,75.333333
13317,1.33170000e+04,1808,75.333333
13318,1.33180000e+04,1808,75.333333
13319,1.33190000e+04,1808,75.333333
13320,1.33200000e+04,1782,74.250000
13321,1.33210000e+04,1782,74.250000
13322,1.33220000e+04,1782,74.250000
13323,1.33230000e+04,1782,74.250000
13324,1.33240000e+04,1782,74.250000
13325,1.33250000e+04,1762,73.416667
13326,1.33260000e+04,1762,73.416667
13327,1.33270000e+04,1762,73.416667
13328,1.33280000e+04,1762,73.416667
13329,1.33290000e+04,1762,73.416667
13330,1.33300000e+04,1739,72.458333
13331,1.33310000e+04,1739,72.458333
13332,1.33320000e+04,1739,72.458333
13333,1.33330000e+04,1739,72.458333
13334,1.33340000e+04,1739,72.458333
13335,1.33350000e+04,1710,71.250000
13336,1.33360000e+04,1710,71.250000
13337,1.33370000e+04,1710,71.250000
13338,1.33380000e+04,1710,71.250000
13339,1.33390000e+04,1710,71.250000
13340,1.33400000e+04,1682,70.083333
13341,1.33410000e+04,1682,70.083333
13342,1.33420000e+04,1682,70.083333
13343,1.33430000e+04,1682,70.083333
13344,1.33440000e+04,1682,70.083333
13345,1.33450000e+04,1655,68.958333
13346,1.33460000e+04,1655,68.958333
13347,1.33470000e+04,1655,68.958333
13348,1.33480000e+04,1655,68.958333
13349,1.33490000e+04,1655,68.958333
13350,1.33500000e+04,1625,67.708333
13351,1.33510000e+04,1625,67.708333
13352,1.33520000e+04,1625,67.708333
13353,1.33530000e+04,1625,67.708333
13354,1.33540000e+04,1625,67.708333
13355,1.33550000e+04,1594,66.416667
13356,1.33560000e+04,1594,66.416667
13357,1.33570000e+04,1594,66.416667
13358,1.33580000e+04,1594,66.416667
13359,1.33590000e+04,1594,66.416667
13360,1.33600000e+04,1553,64.708333
13361,1.33610000e+04,1553,64.708333
13362,1.33620000e+04,1553,64.708333
13363,1.33630000e+04,1553,64.708333
13364,1.33640000e+04,1553,64.708333
13365,1.33650000e+04,1518,63.250000
13366,1.33660000e+04,1518,63.250000
13367,1.33670000e+04,1518,63.250000
13368,1.33680000e+04,1518,63.250000
13369,1.33690000e+04,1518,63.250000
13370,1.33700000e+04,1482,61.750000
13371,1.33710000e+04,1482,61.750000
13372,1.33720000e+04,1482,61.750000
13373,1.33730000e+04,1482,61.750000
13374,1.33740000e+04,1482,61.750000
13375,1.33750000e+04,1443,60.125000
13376,1.33760000e+04,1443,60.125000
13377,1.33770000e+04,1443,60.125000
13378,1.33780000e+04,1443,60.125000
13379,1.33790000e+04,1443,60.125000
13380,1.33800000e+04,1408,58.666667
13381,1.33810000e+04,1408,58.666667
13382,1.33820000e+04,1408,58.666667
13383,1.33830000e+04,1408,58.666667
13384,1.33840000e+04,1408,58.666667
13385,1.33850000e+04,1372,57.166667
13386,1.33860000e+04,1372,57.166667
13387,1.33870000e+04,1372,57.166667
13388,1.33880000e+04,1372,57.166667
13389,1.33890000e+04,1372,57.166667
13390,1.33900000e+04,1337,55.708333
13391,1.33910000e+04,1337,55.708333
13392,1.33920000e+04,1337,55.708333
13393,1.33930000e+04,1337,55.708333
13394,1.33940000e+04,1337,55.708333
13395,1.33950000e+04,1307,54.458333
13396,1.33960000e+04,1307,54.458333
13397,1.33970000e+04,1307,54.458333
13398,1.33980000e+04,1307,54.458333
13399,1.33990000e+04,1307,54.458333
13400,1.34000000e+04,1277,53.208333
13401,1.34010000e+04,1277,53.208333
13402,1.34020000e+04,1277,53.208333
13403,1.34030000e+04,1277,53.208333
13404,1.34040000e+04,1277,53.208333
13405,1.34050000e+04,1247,51.958333
13406,1.34060000e+04,1247,51.958333
13407,1.34070000e+04,1247,51.958333
13408,1.34080000e+04,1247,51.958333
13409,1.34090000e+04,1247,51.958333
13410,1.34100000e+04,1213,50.541667
13411,1.34110000e+04,1213,50.541667
13412,1.34120000e+04,1213,50.541667
13413,1.34130000e+04,1213,50.541667
13414,1.34140000e+04,1213,50.541667
13415,1.34150000e+04,1185,49.375000
13416,1.34160000e+04,1185,49.375000
13417,1.34170000e+04,1185,49.375000
13418,1.34180000e+04,1185,49.375000
13419,1.34190000e+04,1185,49.375000
13420,1.34200000e+04,1160,48.333333
13421,1.34210000e+04,1160,48.333333
13422,1.34220000e+04,1160,48.333333
13423,1.34230000e+04,1160,48.333333
13424,1.34240000e+04,1160,48.333333
13425,1.34250000e+04,1129,47.041667
13426,1.34260000e+04,1129,47.041667
13427,1.34270000e+04,1129,47.041667
13428,1.34280000e+04,1129,47.041667
13429,1.34290000e+04,1129,47.041667
13430,1.34300000e+04,1099,45.791667
13431,1.34310000e+04,1099,45.791667
13432,1.34320000e+04,1099,45.791667
13433,1.34330000e+04,1099,45.791667
13434,1.34340000e+04,1099,45.791667
13435,1.34350000e+04,1074,44.750000
13436,1.34360000e+04,1074,44.750000
13437,1.34370000e+04,1074,44.750000
13438,1.34380000e+04,1074,44.750000
13439,1.34390000e+04,1074,44.750000
13440,1.34400000e+04,1045,43.541667
13441,1.34410000e+04,1045,43.541667
13442,1.34420000e+04,1045,43.541667
13443,1.34430000e+04,1045,43.541667
13444,1.34440000e+04,1045,43.541667
13445,1.34450000e+04,1019,42.458333
13446,1.34460000e+04,1019,42.458333
13447,1.34470000e+04,1019,42.458333
13448,1.34480000e+04,1019,42.458333
13449,1.34490000e+04,1019,42.458333
13450,1.34500000e+04,987,41.125000
13451,1.34510000e+04,987,41.125000
13452,1.34520000e+04,987,41.125000
13453,1.34530000e+04,987,41.125000
13454,1.34540000e+04,987,41.125000
13455,1.34550000e+04,955,39.791667
13456,1.34560000e+04,955,39.791667
13457,1.34570000e+04,955,39.791667
13458,1.34580000e+04,955,39.791667
13459,1.34590000e+04,955,39.791667
13460,1.34600000e+04,922,38.416667
13461,1.34610000e+04,922,38.416667
13462,1.34620000e+04,922,38.416667
13463,1.34630000e+04,922,38.416667
13464,1.34640000e+04,922,38.416667
13465,1.34650000e+04,886,36.916667
13466,1.34660000e+04,886,36.916667
13467,1.34670000e+04,886,36.916667
13468,1.34680000e+04,886,36.916667
13469,1.34690000e+04,886,36.916667
13470,1.34700000e+04,854,35.583333
13471,1.34710000e+04,854,35.583333
13472,1.34720000e+04,854,35.583333
13473,1.34730000e+04,854,35.583333
13474,1.34740000e+04,854,35.583333
13475,1.34750000e+04,820,34.166667
13476,1.34760000e+04,820,34.166667
13477,1.34770000e+04,820,34.166667
13478,1.34780000e+04,820,34.166667
13479,1.34790000e+04,820,34.166667
13480,1.34800000e+04,783,32.625000
13481,1.34810000e+04,783,32.625000
13482,1.34820000e+04,783,32.625000
13483,1.34830000e+04,783,32.625000
13484,1.34840000e+04,783,32.625000
13485,1.34850000e+04,751,31.291667
13486,1.34860000e+04,751,31.291667
13487,1.34870000e+04,751,31.291667
13488,1.34880000e+04,751,31.291667
13489,1.34890000e+04,751,31.291667
13490,1.34900000e+04,717,29.875000
13491,1.34910000e+04,717,29.875000
13492,1.34920000e+04,717,29.875000
13493,1.34930000e+04,717,29.875000
13494,1.34940000e+04,717,29.875000
13495,1.34950000e+04,678,28.250000
13496,1.34960000e+04,678,28.250000
13497,1.34970000e+04,678,28.250000
13498,1.34980000e+04,678,28.250000
13499,1.34990000e+04,678,28.250000
13500,1.35000000e+04,645,26.875000
13501,1.35010000e+04,645,26.875000
13502,1.35020000e+04,645,26.875000
13503,1.35030000e+04,645,26.875000
13504,1.35040000e+04,645,26.875000
13505,1.35050000e+04,612,25.500000
13506,1.35060000e+04,612,25.500000
13507,1.35070000e+04,612,25.500000
13508,1.35080000e+04,612,25.500000
13509,1.35090000e+04,612,25.500000
13510,1.35100000e+04,577,24.041667
13511,1.35110000e+04,577,24.041667
13512,1.35120000e+04,577,24.041667
13513,1.35130000e+04,577,24.041667
13514,1.35140000e+04,577,24.041667
13515,1.35150000e+04,544,22.666667
13516,1.35160000e+04,544,22.666667
13517,1.35170000e+04,544,22.666667
13518,1.35180000e+04,544,22.666667
13519,1.35190000e+04,544,22.666667
13520,1.35200000e+04,514,21.416667
13521,1.35210000e+04,514,21.416667
13522,1.35220000e+04,514,21.416667
13523,1.35230000e+04,514,21.416667
13524,1.35240000e+04,514,21.416667
13525,1.35250000e+04,480,20.000000
13526,1.35260000e+04,480,20.000000
13527,1.35270000e+04,480,20.000000
13528,1.35280000e+04,480,20.000000
13529,1.35290000e+04,480,20.000000
13530,1.35300000e+04,449,18.708333
13531,1.35310000e+04,449,18.708333
13532,1.35320000e+04,449,18.708333
13533,1.35330000e+04,449,18.708333
13534,1.35340000e+04,449,18.708333
13535,1.35350000e+04,417,17.375000
13536,1.35360000e+04,417,17.375000
13537,1.35370000e+04,417,17.375000
13538,1.35380000e+04,417,17.375000
13539,1.35390000e+04,417,17.375000
13540,1.35400000e+04,384,16.000000
13541,1.35410000e+04,384,16.000000
13542,1.35420000e+04,384,16.000000
13543,1.35430000e+04,384,16.000000
13544,1.35440000e+04,384,16.000000
13545,1.35450000e+04,352,14.666667
13546,1.35460000e+04,352,14.666667
13547,1.35470000e+04,352,14.666667
13548,1.35480000e+04,352,14.666667
13549,1.35490000e+04,352,14.666667
13550,1.35500000e+04,318,13.250000
13551,1.35510000e+04,318,13.250000
13552,1.35520000e+04,318,13.250000
13553,1.35530000e+04,318,13.250000
13554,1.35540000e+04,318,13.250000
13555,1.35550000e+04,284,11.833333
13556,1.35560000e+04,284,11.833333
13557,1.35570000e+04,284,11.833333
13558,1.35580000e+04,284,11.833333
13559,1.35590000e+04,284,11.833333
13560,1.35600000e+04,247,10.291667
13561,1.35610000e+04,247,10.291667
13562,1.35620000e+04,247,10.291667
13563,1.35630000e+04,247,10.291667
13564,1.35640000e+04,247,10.291667
13565,1.35650000e+04,209,8.708333
13566,1.35660000e+04,209,8.708333
13567,1.35670000e+04,209,8.708333
13568,1.35680000e+04,209,8.708333
13569,1.35690000e+04,209,8.708333
13570,1.35700000e+04,173,7.208333
13571,1.35710000e+04,173,7.208333
13572,1.35720000e+04,173,7.208333
13573,1.35730000e+04,173,7.208333
13574,1.35740000e+04,173,7.208333
13575,1.35750000e+04,135,5.625000
13576,1.35760000e+04,135,5.625000
13577,1.35770000e+04,135,5.625000
13578,1.35780000e+04,135,5.625000
13579,1.35790000e+04,135,5.625000
13580,1.35800000e+04,94,3.916667
13581,1.35810000e+04,94,3.916667
13582,1.35820000e+04,94,3.916667
13583,1.35830000e+04,94,3.916667
13584,1.35840000e+04,94,3.916667
13585,1.35850000e+04,57,2.375000
13586,1.35860000e+04,57,2.375000
13587,1.35870000e+04,57,2.375000
13588,1.35880000e+04,57,2.375000
13589,1.35890000e+04,57,2.375000
13590,1.35900000e+04,14,0.583333
13591,1.35910000e+04,14,0.583333
13592,1.35920000e+04,14,0.583333
13593,1.35930000e+04,14,0.583333
13594,1.35940000e+04,14,0.583333
13595,1.35950000e+04,-26,-1.083333
13596,1.35960000e+04,-26,-1.083333
13597,1.35970000e+04,-26,-1.083333
13598,1.35980000e+04,-26,-1.083333
13599,1.35990000e+04,-26,-1.083333
13600,1.36000000e+04,-65,-2.708333
13601,1.36010000e+04,-65,-2.708333
13602,1.36020000e+04,-65,-2.708333
13603,1.36030000e+04,-65,-2.708333
13604,1.36040000e+04,-65,-2.708333
13605,1.36050000e+04,-104,-4.333333
13606,1.36060000e+04,-104,-4.333333
13607,1.36070000e+04,-104,-4.333333
13608,1.36080000e+04,-104,-4.333333
13609,1.36090000e+04,-104,-4.333333
13610,1.36100000e+04,-142,-5.916667
13611,1.36110000e+04,-142,-5.916667
13612,1.36120000e+04,-142,-5.916667
13613,1.36130000e+04,-142,-5.916667
13614,1.36140000e+04,-142,-5.916667
13615,1.36150000e+04,-178,-7.416667
13616,1.36160000e+04,-178,-7.416667
13617,1.36170000e+04,-178,-7.416667
13618,1.36180000e+04,-178,-7.416667
13619,1.36190000e+04,-178,-7.416667
13620,1.36200000e+04,-217,-9.041667
13621,1.36210000e+04,-217,-9.041667
13622,1.36220000e+04,-217,-9.041667
13623,1.36230000e+04,-217,-9.041667
13624,1.36240000e+04,-217,-9.041667
13625,1.36250000e+04,-251,-10.458333
13626,1.36260000e+04,-251,-10.458333
13627,1.36270000e+04,-251,-10.458333
13628,1.36280000e+04,-251,-10.458333
13629,1.36290000e+04,-251,-10.458333
13630,1.36300000e+04,-290,-12.083333
13631,1.36310000e+04,-290,-12.083333
13632,1.36320000e+04,-290,-12.083333
13633,1.36330000e+04,-290,-12.083333
13634,1.36340000e+04,-290,-12.083333
13635,1.36350000e+04,-322,-13.416667
13636,1.36360000e+04,-322,-13.416667
13637,1.36370000e+04,-322,-13.416667
13638,1.36380000e+04,-322,-13.416667
13639,1.36390000e+04,-322,-13.416667
13640,1.36400000e+04,-350,-14.583333
13641,1.36410000e+04,-350,-14.583333
13642,1.36420000e+04,-350,-14.583333
13643,1.36430000e+04,-350,-14.583333
13644,1.36440000e+04,-350,-14.583333
13645,1.36450000e+04,-382,-15.916667
13646,1.36460000e+04,-382,-15.916667
13647,1.36470000e+04,-382,-15.916667
13648,1.36480000e+04,-382,-15.916667
13649,1.36490000e+04,-382,-15.916667
13650,1.36500000e+04,-416,-17.333333
13651,1.36510000e+04,-416,-17.333333
13652,1.36520000e+04,-416,-17.333333
13653,1.36530000e+04,-416,-17.333333
13654,1.36540000e+04,-416,-17.333333
13655,1.36550000e+04,-448,-18.666667
13656,1.36560000e+04,-448,-18.666667
13657,1.36570000e+04,-448,-18.666667
13658,1.36580000e+04,-448,-18.666667
13659,1.36590000e+04,-448,-18.666667
13660,1.36600000e+04,-480,-20.000000
13661,1.36610000e+04,-480,-20.000000
13662,1.36620000e+04,-480,-20.000000
13663,1.36630000e+04,-480,-20.000000
13664,1.36640000e+04,-480,-20.000000
13665,1.36650000e+04,-512,-21.333333
13666,1.36660000e+04,-512,-21.333333
13667,1.36670000e+04,-512,-21.333333
13668,1.36680000e+04,-512,-21.333333
13669,1.36690000e+04,-512,-21.333333
13670,1.36700000e+04,-540,-22.500000
13671,1.36710000e+04,-540,-22.500000
13672,1.36720000e+04,-540,-22.500000
13673,1.36730000e+04,-540,-22.500000
13674,1.36740000e+04,-540,-22.500000
13675,1.36750000e+04,-573,-23.875000
13676,1.36760000e+04,-573,-23.875000
13677,1.36770000e+04,-573,-23.875000
13678,1.36780000e+04,-573,-23.875000
13679,1.36790000e+04,-573,-23.875000
13680,1.36800000e+04,-606,-25.250000
13681,1.36810000e+04,-606,-25.250000
13682,1.36820000e+04,-606,-25.250000
13683,1.36830000e+04,-606,-25.250000
13684,1.36840000e+04,-606,-25.250000
13685,1.36850000e+04,-640,-26.666667
13686,1.36860000e+04,-640,-26.666667
13687,1.36870000e+04,-640,-26.666667
13688,1.36880000e+04,-640,-26.666667
13689,1.36890000e+04,-640,-26.666667
13690,1.36900000e+04,-674,-28.083333
13691,1.36910000e+04,-674,-28.083333
13692,1.36920000e+04,-674,-28.083333
13693,1.36930000e+04,-674,-28.083333
13694,1.36940000e+04,-674,-28.083333
13695,1.36950000e+04,-713,-29.708333
13696,1.36960000e+04,-713,-29.708333
13697,1.36970000e+04,-713,-29.708333
13698,1.36980000e+04,-713,-29.708333
13699,1.36990000e+04,-713,-29.708333
13700,1.37000000e+04,-746,-31.083333
13701,1.37010000e+04,-746,-31.083333
13702,1.37020000e+04,-746,-31.083333
13703,1.37030000e+04,-746,-31.083333
13704,1.37040000e+04,-746,-31.083333
13705,1.37050000e+04,-781,-32.541667
13706,1.37060000e+04,-781,-32.541667
13707,1.37070000e+04,-781,-32.541667
13708,1.37080000e+04,-781,-32.541667
13709,1.37090000e+04,-781,-32.541667
13710,1.37100000e+04,-820,-34.166667
13711,1.37110000e+04,-820,-34.166667
13712,1.37120000e+04,-820,-34.166667
13713,1.37130000e+04,-820,-34.166667
13714,1.37140000e+04,-820,-34.166667
13715,1.37150000e+04,-852,-35.500000
13716,1.37160000e+04,-852,-35.500000
13717,1.37170000e+04,-852,-35.500000
13718,1.37180000e+04,-852,-35.500000
13719,1.37190000e+04,-852,-35.500000
13720,1.37200000e+04,-888,-37.000000
13721,1.37210000e+04,-888,-37.000000
13722,1.37220000e+04,-888,-37.000000
13723,1.37230000e+04,-888,-37.000000
13724,1.37240000e+04,-888,-37.000000
13725,1.37250000e+04,-923,-38.458333
13726,1.37260000e+04,-923,-38.458333
13727,1.37270000e+04,-923,-38.458333
13728,1.37280000e+04,-923,-38.458333
13729,1.37290000e+04,-923,-38.458333
13730,1.37300000e+04,-958,-39.916667
13731,1.37310000e+04,-958,-39.916667
13732,1.37320000e+04,-958,-39.916667
13733,1.37330000e+04,-958,-39.916667
13734,1.37340000e+04,-958,-39.916667
13735,1.37350000e+04,-988,-41.166667
13736,1.37360000e+04,-988,-41.166667
13737,1.37370000e+04,-988,-41.166667
13738,1.37380000e+04,-988,-41.166667
13739,1.37390000e+04,-988,-41.166667
13740,1.37400000e+04,-1020,-42.500000
13741,1.37410000e+04,-1020,-42.500000
13742,1.37420000e+04,-1020,-42.500000
13743,1.37430000e+04,-1020,-42.500000
13744,1.37440000e+04,-1020,-42.500000
13745,1.37450000e+04,-1051,-43.791667
13746,1.37460000e+04,-1051,-43.791667
13747,1.37470000e+04,-1051,-43.791667
13748,1.37480000e+04,-1051,-43.791667
13749,1.37490000e+04,-1051,-43.791667
13750,1.37500000e+04,-1082,-45.083333
13751,1.37510000e+04,-1082,-45.083333
13752,1.37520000e+04,-1082,-45.083333
13753,1.37530000e+04,-1082,-45.083333
13754,1.37540000e+04,-1082,-45.083333
13755,1.37550000e+04,-1109,-46.208333
13756,1.37560000e+04,-1109,-46.208333
13757,1.37570000e+04,-1109,-46.208333
13758,1.37580000e+04,-1109,-46.208333
13759,1.37590000e+04,-1109,-46.208333
13760,1.37600000e+04,-1138,-47.416667
13761,1.37610000e+04,-1138,-47.416667
13762,1.37620000e+04,-1138,-47.416667
13763,1.37630000e+04,-1138,-47.416667
13764,1.37640000e+04,-1138,-47.416667
13765,1.37650000e+04,-1167,-48.625000
13766,1.37660000e+04,-1167,-48.625000
13767,1.37670000e+04,-1167,-48.625000
13768,1.37680000e+04,-1167,-48.625000
13769,1.37690000e+04,-1167,-48.625000
13770,1.37700000e+04,-1199,-49.958333
13771,1.37710000e+04,-1199,-49.958333
13772,1.37720000e+04,-1199,-49.958333
13773,1.37730000e+04,-1199,-49.958333
13774,1.37740000e+04,-1199,-49.958333
13775,1.37750000e+04,-1230,-51.250000
13776,1.37760000e+04,-1230,-51.250000
13777,1.37770000e+04,-1230,-51.250000
13778,1.37780000e+04,-1230,-51.250000
13779,1.37790000e+04,-1230,-51.250000
13780,1.37800000e+04,-1263,-52.625000
13781,1.37810000e+04,-1263,-52.625000
13782,1.37820000e+04,-1263,-52.625000
13783,1.37830000e+04,-1263,-52.625000
13784,1.37840000e+04,-1263,-52.625000
13785,1.37850000e+04,-1297,-54.041667
13786,1.37860000e+04,-1297,-54.041667
13787,1.37870000e+04,-1297,-54.041667
13788,1.37880000e+04,-1297,-54.041667
13789,1.37890000e+04,-1297,-54.041667
13790,1.37900000e+04,-1329,-55.375000
13791,1.37910000e+04,-1329,-55.375000
13792,1.37920000e+04,-1329,-55.375000
13793,1.37930000e+04,-1329,-55.375000
13794,1.37940000e+04,-1329,-55.375000
13795,1.37950000e+04,-1363,-56.791667
13796,1.37960000e+04,-1363,-56.791667
13797,1.37970000e+04,-1363,-56.791667
13798,1.37980000e+04,-1363,-56.791667
13799,1.37990000e+04,-1363,-56.791667
13800,1.38000000e+04,-1399,-58.291667
13801,1.38010000e+04,-1399,-58.291667
13802,1.38020000e+04,-1399,-58.291667
13803,1.38030000e+04,-1399,-58.291667
13804,1.38040000e+04,-1399,-58.291667
13805,1.38050000e+04,-1439,-59.958333
13806,1.38060000e+04,-1439,-59.958333
13807,1.38070000e+04,-1439,-59.958333
13808,1.38080000e+04,-1439,-59.958333
13809,1.38090000e+04,-1439,-59.958333
13810,1.38100000e+04,-1474,-61.416667
13811,1.38110000e+04,-1474,-61.416667
13812,1.38120000e+04,-1474,-61.416667
13813,1.38130000e+04,-1474,-61.416667
13814,1.38140000e+04,-1474,-61.416667
13815,1.38150000e+04,-1512,-63.000000
13816,1.38160000e+04,-1512,-63.000000
13817,1.38170000e+04,-1512,-63.000000
13818,1.38180000e+04,-1512,-63.000000
13819,1.38190000e+04,-1512,-63.000000
13820,1.38200000e+04,-1549,-64.541667
13821,1.38210000e+04,-1549,-64.541667
13822,1.38220000e+04,-1549,-64.541667
13823,1.38230000e+04,-1549,-64.541667
13824,1.38240000e+04,-1549,-64.541667
13825,1.38250000e+04,-1582,-65.916667
13826,1.38260000e+04,-1582,-65.916667
13827,1.38270000e+04,-1582,-65.916667
13828,1.38280000e+04,-1582,-65.916667
13829,1.38290000e+04,-1582,-65.916667
13830,1.38300000e+04,-1615,-67.291667
13831,1.38310000e+04,-1615,-67.291667
13832,1.38320000e+04,-1615,-67.291667
13833,1.38330000e+04,-1615,-67.291667
13834,1.38340000e+04,-1615,-67.291667
13835,1.38350000e+04,-1649,-68.708333
13836,1.38360000e+04,-1649,-68.708333
13837,1.38370000e+04,-1649,-68.708333
13838,1.38380000e+04,-1649,-68.708333
13839,1.38390000e+04,-1649,-68.708333
13840,1.38400000e+04,-1679,-69.958333
13841,1.38410000e+04,-1679,-69.958333
13842,1.38420000e+04,-1679,-69.958333
13843,1.38430000e+04,-1679,-69.958333
13844,1.38440000e+04,-1679,-69.958333
13845,1.38450000e+04,-1709,-71.208333
13846,1.38460000e+04,-1709,-71.208333
13847,1.38470000e+04,-1709,-71.208333
13848,1.38480000e+04,-1709,-71.208333
13849,1.38490000e+04,-1709,-71.208333
13850,1.38500000e+04,-1736,-72.333333
13851,1.38510000e+04,-1736,-72.333333
13852,1.38520000e+04,-1736,-72.333333
13853,1.38530000e+04,-1736,-72.333333
13854,1.38540000e+04,-1736,-72.333333
13855,1.38550000e+04,-1764,-73.500000
13856,1.38560000e+04,-1764,-73.500000
13857,1.38570000e+04,-1764,-73.500000
13858,1.38580000e+04,-1764,-73.500000
13859,1.38590000e+04,-1764,-73.500000
13860,1.38600000e+04,-1787,-74.458333
13861,1.38610000e+04,-1787,-74.458333
13862,1.38620000e+04,-1787,-74.458333
13863,1.38630000e+04,-1787,-74.458333
13864,1.38640000e+04,-1787,-74.458333
13865,1.38650000e+04,-1808,-75.333333
13866,1.38660000e+04,-1808,-75.333333
13867,1.38670000e+04,-1808,-75.333333
13868,1.38680000e+04,-1808,-75.333333
13869,1.38690000e+04,-1808,-75.333333
13870,1.38700000e+04,-1831,-76.291667
13871,1.38710000e+04,-1831,-76.291667
13872,1.38720000e+04,-1831,-76.291667
13873,1.38730000e+04,-1831,-76.291667
13874,1.38740000e+04,-1831,-76.291667
13875,1.38750000e+04,-1850,-77.083333
13876,1.38760000e+04,-1850,-77.083333
13877,1.38770000e+04,-1850,-77.083333
13878,1.38780000e+04,-1850,-77.083333
13879,1.38790000e+04,-1850,-77.083333
13880,1.38800000e+04,-1871,-77.958333
13881,1.38810000e+04,-1871,-77.958333
13882,1.38820000e+04,-1871,-77.958333
13883,1.38830000e+04,-1871,-77.958333
13884,1.38840000e+04,-1871,-77.958333
13885,1.38850000e+04,-1890,-78.750000
13886,1.38860000e+04,-1890,-78.750000
13887,1.38870000e+04,-1890,-78.750000
13888,1.38880000e+04,-1890,-78.750000
13889,1.38890000e+04,-1890,-78.750000
13890,1.38900000e+04,-1911,-79.625000
13891,1.38910000e+04,-1911,-79.625000
13892,1.38920000e+04,-1911,-79.625000
13893,1.38930000e+04,-1911,-79.625000
13894,1.38940000e+04,-1911,-79.625000
13895,1.38950000e+04,-1932,-80.500000
13896,1.38960000e+04,-1932,-80.500000
13897,1.38970000e+04,-1932,-80.500000
13898,1.38980000e+04,-1932,-80.500000
13899,1.38990000e+04,-1932,-80.500000
13900,1.39000000e+04,-1954,-81.416667
13901,1.39010000e+04,-1954,-81.416667
13902,1.39020000e+04,-1954,-81.416667
13903,1.39030000e+04,-1954,-81.416667
13904,1.39040000e+04,-1954,-81.416667
13905,1.39050000e+04,-1976,-82.333333
13906,1.39060000e+04,-1976,-82.333333
13907,1.39070000e+04,-1976,-82.333333
13908,1.39080000e+04,-1976,-82.333333
13909,1.39090000e+04,-1976,-82.333333
13910,1.39100000e+04,-1996,-83.166667
13911,1.39110000e+04,-1996,-83.166667
13912,1.39120000e+04,-1996,-83.166667
13913,1.39130000e+04,-1996,-83.166667
13914,1.39140000e+04,-1996,-83.166667
13915,1.39150000e+04,-2017,-84.041667
13916,1.39160000e+04,-2017,-84.041667
13917,1.39170000e+04,-2017,-84.041667
13918,1.39180000e+04,-2017,-84.041667
13919,1.39190000e+04,-2017,-84.041667
13920,1.39200000e+04,-2044,-85.166667
13921,1.39210000e+04,-2044,-85.166667
13922,1.39220000e+04,-2044,-85.166667
13923,1.39230000e+04,-2044,-85.166667
13924,1.39240000e+04,-2044,-85.166667
13925,1.39250000e+04,-2065,-86.041667
13926,1.39260000e+04,-2065,-86.041667
13927,1.39270000e+04,-2065,-86.041667
13928,1.39280000e+04,-2065,-86.041667
13929,1.39290000e+04,-2065,-86.041667
13930,1.39300000e+04,-2090,-87.083333
13931,1.39310000e+04,-2090,-87.083333
13932,1.39320000e+04,-2090,-87.083333
13933,1.39330000e+04,-2090,-87.083333
13934,1.39340000e+04,-2090,-87.083333
13935,1.39350000e+04,-2113,-88.041667
13936,1.39360000e+04,-2113,-88.041667
13937,1.39370000e+04,-2113,-88.041667
13938,1.39380000e+04,-2113,-88.041667
13939,1.39390000e+04,-2113,-88.041667
13940,1.39400000e+04,-2138,-89.083333
13941,1.39410000e+04,-2138,-89.083333
13942,1.39420000e+04,-2138,-89.083333
13943,1.39430000e+04,-2138,-89.083333
13944,1.39440000e+04,-2138,-89.083333
13945,1.39450000e+04,-2161,-90.041667
13946,1.39460000e+04,-2161,-90.041667
13947,1.39470000e+04,-2161,-90.041667
13948,1.39480000e+04,-2161,-90.041667
13949,1.39490000e+04,-2161,-90.041667
13950,1.39500000e+04,-2183,-90.958333
13951,1.39510000e+04,-2183,-90.958333
13952,1.39520000e+04,-2183,-90.958333
13953,1.39530000e+04,-2183,-90.958333
13954,1.39540000e+04,-2183,-90.958333
13955,1.39550000e+04,-2206,-91.916667
13956,1.39560000e+04,-2206,-91.916667
13957,1.39570000e+04,-2206,-91.916667
13958,1.39580000e+04,-2206,-91.916667
13959,1.39590000e+04,-2206,-91.916667
13960,1.39600000e+04,-2223,-92.625000
13961,1.39610000e+04,-2223,-92.625000
13962,1.39620000e+04,-2223,-92.625000
13963,1.39630000e+04,-2223,-92.625000
13964,1.39640000e+04,-2223,-92.625000
13965,1.39650000e+04,-2241,-93.375000
13966,1.39660000e+04,-2241,-93.375000
13967,1.39670000e+04,-2241,-93.375000
13968,1.39680000e+04,-2241,-93.375000
13969,1.39690000e+04,-2241,-93.375000
13970,1.39700000e+04,-2260,-94.166667
13971,1.39710000e+04,-2260,-94.166667
13972,1.39720000e+04,-2260,-94.166667
13973,1.39730000e+04,-2260,-94.166667
13974,1.39740000e+04,-2260,-94.166667
13975,1.39750000e+04,-2270,-94.583333
13976,1.39760000e+04,-2270,-94.583333
13977,1.39770000e+04,-2270,-94.583333
13978,1.39780000e+04,-2270,-94.583333
13979,1.39790000e+04,-2270,-94.583333
13980,1.39800000e+04,-2285,-95.208333
13981,1.39810000e+04,-2285,-95.208333
13982,1.39820000e+04,-2285,-95.208333
13983,1.39830000e+04,-2285,-95.208333
13984,1.39840000e+04,-2285,-95.208333
13985,1.39850000e+04,-2303,-95.958333
13986,1.39860000e+04,-2303,-95.958333
13987,1.39870000e+04,-2303,-95.958333
13988,1.39880000e+04,-2303,-95.958333
13989,1.39890000e+04,-2303,-95.958333
13990,1.39900000e+04,-2309,-96.208333
13991,1.39910000e+04,-2309,-96.208333
13992,1.39920000e+04,-2309,-96.208333
13993,1.39930000e+04,-2309,-96.208333
13994,1.39940000e+04,-2309,-96.208333
13995,1.39950000e+04,-2320,-96.666667
13996,1.39960000e+04,-2320,-96.666667
13997,1.39970000e+04,-2320,-96.666667
13998,1.39980000e+04,-2320,-96.666667
13999,1.39990000e+04,-2320,-96.666667
14000,1.40000000e+04,-2334,-97.250000
14001,1.40010000e+04,-2334,-97.250000
14002,1.40020000e+04,-2334,-97.250000
14003,1.40030000e+04,-2334,-97.250000
14004,1.40040000e+04,-2334,-97.250000
14005,1.40050000e+04,-2347,-97.791667
14006,1.40060000e+04,-2347,-97.791667
14007,1.40070000e+04,-2347,-97.791667
14008,1.40080000e+04,-2347,-97.791667
14009,1.40090000e+04,-2347,-97.791667
14010,1.40100000e+04,-2361,-98.375000
14011,1.40110000e+04,-2361,-98.375000
14012,1.40120000e+04,-2361,-98.375000
14013,1.40130000e+04,-2361,-98.375000
14014,1.40140000e+04,-2361,-98.375000
14015,1.40150000e+04,-2377,-99.041667
14016,1.40160000e+04,-2377,-99.041667
14017,1.40170000e+04,-2377,-99.041667
14018,1.40180000e+04,-2377,-99.041667
14019,1.40190000e+04,-2377,-99.041667
14020,1.40200000e+04,-2393,-99.708333
14021,1.40210000e+04,-2393,-99.708333
14022,1.40220000e+04,-2393,-99.708333
14023,1.40230000e+04,-2393,-99.708333
14024,1.40240000e+04,-2393,-99.708333
14025,1.40250000e+04,-2414,-100.583333
14026,1.40260000e+04,-2414,-100.583333
14027,1.40270000e+04,-2414,-100.583333
14028,1.40280000e+04,-2414,-100.583333
14029,1.40290000e+04,-2414,-100.583333
14030,1.40300000e+04,-2434,-101.416667
14031,1.40310000e+04,-2434,-101.416667
14032,1.40320000e+04,-2434,-101.416667
14033,1.40330000e+04,-2434,-101.416667
14034,1.40340000e+04,-2434,-101.416667
14035,1.40350000e+04,-2457,-102.375000
14036,1.40360000e+04,-2457,-102.375000
14037,1.40370000e+04,-2457,-102.375000
14038,1.40380000e+04,-2457,-102.375000
14039,1.40390000e+04,-2457,-102.375000
14040,1.40400000e+04,-2487,-103.625000
14041,1.40410000e+04,-2487,-103.625000
14042,1.40420000e+04,-2487,-103.625000
14043,1.40430000e+04,-2487,-103.625000
14044,1.40440000e+04,-2487,-103.625000
14045,1.40450000e+04,-2507,-104.458333
14046,1.40460000e+04,-2507,-104.458333
14047,1.40470000e+04,-2507,-104.458333
14048,1.40480000e+04,-2507,-104.458333
14049,1.40490000e+04,-2507,-104.458333
14050,1.40500000e+04,-2534,-105.583333
14051,1.40510000e+04,-2534,-105.583333
14052,1.40520000e+04,-2534,-105.583333
14053,1.40530000e+04,-2534,-105.583333
14054,1.40540000e+04,-2534,-105.583333
14055,1.40550000e+04,-2563,-106.791667
14056,1.40560000e+04,-2563,-106.791667
14057,1.40570000e+04,-2563,-106.791667
14058,1.40580000e+04,-2563,-106.791667
14059,1.40590000e+04,-2563,-106.791667
14060,1.40600000e+04,-2588,-107.833333
14061,1.40610000e+04,-2588,-107.833333
14062,1.40620000e+04,-2588,-107.833333
14063,1.40630000e+04,-2588,-107.833333
14064,1.40640000e+04,-2588,-107.833333
14065,1.40650000e+04,-2609,-108.708333
14066,1.40660000e+04,-2609,-108.708333
14067,1.40670000e+04,-2609,-108.708333
14068,1.40680000e+04,-2609,-108.708333
14069,1.40690000e+04,-2609,-108.708333
14070,1.40700000e+04,-2629,-109.541667
14071,1.40710000e+04,-2629,-109.541667
14072,1.40720000e+04,-2629,-109.541667
14073,1.40730000e+04,-2629,-109.541667
14074,1.40740000e+04,-2629,-109.541667
14075,1.40750000e+04,-2646,-110.250000
14076,1.40760000e+04,-2646,-110.250000
14077,1.40770000e+04,-2646,-110.250000
14078,1.40780000e+04,-2646,-110.250000
14079,1.40790000e+04,-2646,-110.250000
14080,1.40800000e+04,-2661,-110.875000
14081,1.40810000e+04,-2661,-110.875000
14082,1.40820000e+04,-2661,-110.875000
14083,1.40830000e+04,-2661,-110.875000
14084,1.40840000e+04,-2661,-110.875000
14085,1.40850000e+04,-2675,-111.458333
14086,1.40860000e+04,-2675,-111.458333
14087,1.40870000e+04,-2675,-111.458333
14088,1.40880000e+04,-2675,-111.458333
14089,1.40890000e+04,-2675,-111.458333
14090,1.40900000e+04,-2686,-111.916667
14091,1.40910000e+04,-2686,-111.916667
14092,1.40920000e+04,-2686,-111.916667
14093,1.40930000e+04,-2686,-111.916667
14094,1.40940000e+04,-2686,-111.916667
14095,1.40950000e+04,-2694,-112.250000
14096,1.40960000e+04,-2694,-112.250000
14097,1.40970000e+04,-2694,-112.250000
14098,1.40980000e+04,-2694,-112.250000
14099,1.40990000e+04,-2694,-112.250000
14100,1.41000000e+04,-2703,-112.625000
14101,1.41010000e+04,-2703,-112.625000
14102,1.41020000e+04,-2703,-112.625000
14103,1.41030000e+04,-2703,-112.625000
14104,1.41040000e+04,-2703,-112.625000
14105,1.41050000e+04,-2716,-113.166667
14106,1.41060000e+04,-2716,-113.166667
14107,1.41070000e+04,-2716,-113.166667
14108,1.41080000e+04,-2716,-113.166667
14109,1.41090000e+04,-2716,-113.166667
14110,1.41100000e+04,-2725,-113.541667
14111,1.41110000e+04,-2725,-113.541667
14112,1.41120000e+04,-2725,-113.541667
14113,1.41130000e+04,-2725,-113.541667
14114,1.41140000e+04,-2725,-113.541667
14115,1.41150000e+04,-2736,-114.000000
14116,1.41160000e+04,-2736,-114.000000
14117,1.41170000e+04,-2736,-114.000000
14118,1.41180000e+04,-2736,-114.000000
14119,1.41190000e+04,-2736,-114.000000
14120,1.41200000e+04,-2751,-114.625000
14121,1.41210000e+04,-2751,-114.625000
14122,1.41220000e+04,-2751,-114.625000
14123,1.41230000e+04,-2751,-114.625000
14124,1.41240000e+04,-2751,-114.625000
14125,1.41250000e+04,-2763,-115.125000
14126,1.41260000e+04,-2763,-115.125000
14127,1.41270000e+04,-2763,-115.125000
14128,1.41280000e+04,-2763,-115.125000
14129,1.41290000e+04,-2763,-115.125000
14130,1.41300000e+04,-2777,-115.708333
14131,1.41310000e+04,-2777,-115.708333
14132,1.41320000e+04,-2777,-115.708333
14133,1.41330000e+04,-2777,-115.708333
14134,1.41340000e+04,-2777,-115.708333
14135,1.41350000e+04,-2795,-116.458333
14136,1.41360000e+04,-2795,-116.458333
14137,1.41370000e+04,-2795,-116.458333
14138,1.41380000e+04,-2795,-116.458333
14139,1.41390000e+04,-2795,-116.458333
14140,1.41400000e+04,-2808,-117.000000
14141,1.41410000e+04,-2808,-117.000000
14142,1.41420000e+04,-2808,-117.000000
14143,1.41430000e+04,-2808,-117.000000
14144,1.41440000e+04,-2808,-117.000000
14145,1.41450000e+04,-2827,-117.791667
14146,1.41460000e+04,-2827,-117.791667
14147,1.41470000e+04,-2827,-117.791667
14148,1.41480000e+04,-2827,-117.791667
14149,1.41490000e+04,-2827,-117.791667
14150,1.41500000e+04,-2843,-118.458333
14151,1.41510000e+04,-2843,-118.458333
14152,1.41520000e+04,-2843,-118.458333
14153,1.41530000e+04,-2843,-118.458333
14154,1.41540000e+04,-2843,-118.458333
14155,1.41550000e+04,-2865,-119.375000
14156,1.41560000e+04,-2865,-119.375000
14157,1.41570000e+04,-2865,-119.375000
14158,1.41580000e+04,-2865,-119.375000
14159,1.41590000e+04,-2865,-119.375000
14160,1.41600000e+04,-2886,-120.250000
14161,1.41610000e+04,-2886,-120.250000
14162,1.41620000e+04,-2886,-120.250000
14163,1.41630000e+04,-2886,-120.250000
14164,1.41640000e+04,-2886,-120.250000
14165,1.41650000e+04,-2904,-121.000000
14166,1.41660000e+04,-2904,-121.000000
14167,1.41670000e+04,-2904,-121.000000
14168,1.41680000e+04,-2904,-121.000000
14169,1.41690000e+04,-2904,-121.000000
14170,1.41700000e+04,-2924,-121.833333
14171,1.41710000e+04,-2924,-121.833333
14172,1.41720000e+04,-2924,-121.833333
14173,1.41730000e+04,-2924,-121.833333
14174,1.41740000e+04,-2924,-121.833333
14175,1.41750000e+04,-2948,-122.833333
14176,1.41760000e+04,-2948,-122.833333
14177,1.41770000e+04,-2948,-122.833333
14178,1.41780000e+04,-2948,-122.833333
14179,1.41790000e+04,-2948,-122.833333
14180,1.41800000e+04,-2967,-123.625000
14181,1.41810000e+04,-2967,-123.625000
14182,1.41820000e+04,-2967,-123.625000
14183,1.41830000e+04,-2967,-123.625000
14184,1.41840000e+04,-2967,-123.625000
14185,1.41850000e+04,-2982,-124.250000
14186,1.41860000e+04,-2982,-124.250000
14187,1.41870000e+04,-2982,-124.250000
14188,1.41880000e+04,-2982,-124.250000
14189,1.41890000e+04,-2982,-124.250000
14190,1.41900000e+04,-2998,-124.916667
14191,1.41910000e+04,-2998,-124.916667
14192,1.41920000e+04,-2998,-124.916667
14193,1.41930000e+04,-2998,-124.916667
14194,1.41940000e+04,-2998,-124.916667
14195,1.41950000e+04,-3012,-125.500000
14196,1.41960000e+04,-3012,-125.500000
14197,1.41970000e+04,-3012,-125.500000
14198,1.41980000e+04,-3012,-125.500000
14199,1.41990000e+04,-3012,-125.500000
14200,1.42000000e+04,-3026,-126.083333
14201,1.42010000e+04,-3026,-126.083333
14202,1.42020000e+04,-3026,-126.083333
14203,1.42030000e+04,-3026,-126.083333
14204,1.42040000e+04,-3026,-126.083333
14205,1.42050000e+04,-3036,-126.500000
14206,1.42060000e+04,-3036,-126.500000
14207,1.42070000e+04,-3036,-126.500000
14208,1.42080000e+04,-3036,-126.500000
14209,1.42090000e+04,-3036,-126.500000
14210,1.42100000e+04,-3043,-126.791667
14211,1.42110000e+04,-3043,-126.791667
14212,1.42120000e+04,-3043,-126.791667
14213,1.42130000e+04,-3043,-126.791667
14214,1.42140000e+04,-3043,-126.791667
14215,1.42150000e+04,-3050,-127.083333
14216,1.42160000e+04,-3050,-127.083333
14217,1.42170000e+04,-3050,-127.083333
14218,1.42180000e+04,-3050,-127.083333
14219,1.42190000e+04,-3050,-127.083333
14220,1.42200000e+04,-3059,-127.458333
14221,1.42210000e+04,-3059,-127.458333
14222,1.42220000e+04,-3059,-127.458333
14223,1.42230000e+04,-3059,-127.458333
14224,1.42240000e+04,-3059,-127.458333
14225,1.42250000e+04,-3063,-127.625000
14226,1.42260000e+04,-3063,-127.625000
14227,1.42270000e+04,-3063,-127.625000
14228,1.42280000e+04,-3063,-127.625000
14229,1.42290000e+04,-3063,-127.625000
14230,1.42300000e+04,-3070,-127.916667
14231,1.42310000e+04,-3070,-127.916667
14232,1.42320000e+04,-3070,-127.916667
14233,1.42330000e+04,-3070,-127.916667
14234,1.42340000e+04,-3070,-127.916667
14235,1.42350000e+04,-3077,-128.208333
14236,1.42360000e+04,-3077,-128.208333
14237,1.42370000e+04,-3077,-128.208333
14238,1.42380000e+04,-3077,-128.208333
14239,1.42390000e+04,-3077,-128.208333
14240,1.42400000e+04,-3085,-128.541667
14241,1.42410000e+04,-3085,-128.541667
14242,1.42420000e+04,-3085,-128.541667
14243,1.42430000e+04,-3085,-128.541667
14244,1.42440000e+04,-3085,-128.541667
14245,1.42450000e+04,-3092,-128.833333
14246,1.42460000e+04,-3092,-128.833333
14247,1.42470000e+04,-3092,-128.833333
14248,1.42480000e+04,-3092,-128.833333
14249,1.42490000e+04,-3092,-128.833333
14250,1.42500000e+04,-3101,-129.208333
14251,1.42510000e+04,-3101,-129.208333
14252,1.42520000e+04,-3101,-129.208333
14253,1.42530000e+04,-3101,-129.208333
14254,1.42540000e+04,-3101,-129.208333
14255,1.42550000e+04,-3110,-129.583333
14256,1.42560000e+04,-3110,-129.583333
14257,1.42570000e+04,-3110,-129.583333
14258,1.42580000e+04,-3110,-129.583333
14259,1.42590000e+04,-3110,-129.583333
14260,1.42600000e+04,-3117,-129.875000
14261,1.42610000e+04,-3117,-129.875000
14262,1.42620000e+04,-3117,-129.875000
14263,1.42630000e+04,-3117,-129.875000
14264,1.42640000e+04,-3117,-129.875000
14265,1.42650000e+04,-3129,-130.375000
14266,1.42660000e+04,-3129,-130.375000
14267,1.42670000e+04,-3129,-130.375000
14268,1.42680000e+04,-3129,-130.375000
14269,1.42690000e+04,-3129,-130.375000
14270,1.42700000e+04,-3141,-130.875000
14271,1.42710000e+04,-3141,-130.875000
14272,1.42720000e+04,-3141,-130.875000
14273,1.42730000e+04,-3141,-130.875000
14274,1.42740000e+04,-3141,-130.875000
14275,1.42750000e+04,-3154,-131.416667
14276,1.42760000e+04,-3154,-131.416667
14277,1.42770000e+04,-3154,-131.416667
14278,1.42780000e+04,-3154,-131.416667
14279,1.42790000e+04,-3154,-131.416667
14280,1.42800000e+04,-3168,-132.000000
14281,1.42810000e+04,-3168,-132.000000
14282,1.42820000e+04,-3168,-132.000000
14283,1.42830000e+04,-3168,-132.000000
14284,1.42840000e+04,-3168,-132.000000
14285,1.42850000e+04,-3177,-132.375000
14286,1.42860000e+04,-3177,-132.375000
14287,1.42870000e+04,-3177,-132.375000
14288,1.42880000e+04,-3177,-132.375000
14289,1.42890000e+04,-3177,-132.375000
14290,1.42900000e+04,-3195,-133.125000
14291,1.42910000e+04,-3195,-133.125000
14292,1.42920000e+04,-3195,-133.125000
14293,1.42930000e+04,-3195,-133.125000
14294,1.42940000e+04,-3195,-133.125000
14295,1.42950000e+04,-3200,-133.333333
14296,1.42960000e+04,-3200,-133.333333
14297,1.42970000e+04,-3200,-133.333333
14298,1.42980000e+04,-3200,-133.333333
14299,1.42990000e+04,-3200,-133.333333
14300,1.43000000e+04,-3208,-133.666667
14301,1.43010000e+04,-3208,-133.666667
14302,1.43020000e+04,-3208,-133.666667
14303,1.43030000e+04,-3208,-133.666667
14304,1.43040000e+04,-3208,-133.666667
14305,1.43050000e+04,-3212,-133.833333
14306,1.43060000e+04,-3212,-133.833333
14307,1.43070000e+04,-3212,-133.833333
14308,1.43080000e+04,-3212,-133.833333
14309,1.43090000e+04,-3212,-133.833333
14310,1.43100000e+04,-3214,-133.916667
14311,1.43110000e+04,-3214,-133.916667
14312,1.43120000e+04,-3214,-133.916667
14313,1.43130000e+04,-3214,-133.916667
14314,1.43140000e+04,-3214,-133.916667
14315,1.43150000e+04,-3209,-133.708333
14316,1.43160000e+04,-3209,-133.708333
14317,1.43170000e+04,-3209,-133.708333
14318,1.43180000e+04,-3209,-133.708333
14319,1.43190000e+04,-3209,-133.708333
14320,1.43200000e+04,-3205,-133.541667
14321,1.43210000e+04,-3205,-133.541667
14322,1.43220000e+04,-3205,-133.541667
14323,1.43230000e+04,-3205,-133.541667
14324,1.43240000e+04,-3205,-133.541667
14325,1.43250000e+04,-3193,-133.041667
14326,1.43260000e+04,-3193,-133.041667
14327,1.43270000e+04,-3193,-133.041667
14328,1.43280000e+04,-3193,-133.041667
14329,1.43290000e+04,-3193,-133.041667
14330,1.43300000e+04,-3183,-132.625000
14331,1.43310000e+04,-3183,-132.625000
14332,1.43320000e+04,-3183,-132.625000
14333,1.43330000e+04,-3183,-132.625000
14334,1.43340000e+04,-3183,-132.625000
14335,1.43350000e+04,-3174,-132.250000
14336,1.43360000e+04,-3174,-132.250000
14337,1.43370000e+04,-3174,-132.250000
14338,1.43380000e+04,-3174,-132.250000
14339,1.43390000e+04,-3174,-132.250000
14340,1.43400000e+04,-3157,-131.541667
14341,1.43410000e+04,-3157,-131.541667
14342,1.43420000e+04,-3157,-131.541667
14343,1.43430000e+04,-3157,-131.541667
14344,1.43440000e+04,-3157,-131.541667
14345,1.43450000e+04,-3144,-131.000000
14346,1.43460000e+04,-3144,-131.000000
14347,1.43470000e+04,-3144,-131.000000
14348,1.43480000e+04,-3144,-131.000000
14349,1.43490000e+04,-3144,-131.000000
14350,1.43500000e+04,-3130,-130.416667
14351,1.43510000e+04,-3130,-130.416667
14352,1.43520000e+04,-3130,-130.416667
14353,1.43530000e+04,-3130,-130.416667
14354,1.43540000e+04,-3130,-130.416667
14355,1.43550000e+04,-3124,-130.166667
14356,1.43560000e+04,-3124,-130.166667
14357,1.43570000e+04,-3124,-130.166667
14358,1.43580000e+04,-3124,-130.166667
14359,1.43590000e+04,-3124,-130.166667
14360,1.43600000e+04,-3110,-129.583333
14361,1.43610000e+04,-3110,-129.583333
14362,1.43620000e+04,-3110,-129.583333
14363,1.43630000e+04,-3110,-129.583333
14364,1.43640000e+04,-3110,-129.583333
14365,1.43650000e+04,-3101,-129.208333
14366,1.43660000e+04,-3101,-129.208333
14367,1.43670000e+04,-3101,-129.208333
14368,1.43680000e+04,-3101,-129.208333
14369,1.43690000e+04,-3101,-129.208333
14370,1.43700000e+04,-3092,-128.833333
14371,1.43710000e+04,-3092,-128.833333
14372,1.43720000e+04,-3092,-128.833333
14373,1.43730000e+04,-3092,-128.833333
14374,1.43740000e+04,-3092,-128.833333
14375,1.43750000e+04,-3082,-128.416667
14376,1.43760000e+04,-3082,-128.416667
14377,1.43770000e+04,-3082,-128.416667
14378,1.43780000e+04,-3082,-128.416667
14379,1.43790000e+04,-3082,-128.416667
14380,1.43800000e+04,-3075,-128.125000
14381,1.43810000e+04,-3075,-128.125000
14382,1.43820000e+04,-3075,-128.125000
14383,1.43830000e+04,-3075,-128.125000
14384,1.43840000e+04,-3075,-128.125000
14385,1.43850000e+04,-3064,-127.666667
14386,1.43860000e+04,-3064,-127.666667
14387,1.43870000e+04,-3064,-127.666667
14388,1.43880000e+04,-3064,-127.666667
14389,1.43890000e+04,-3064,-127.666667
14390,1.43900000e+04,-3060,-127.500000
14391,1.43910000e+04,-3060,-127.500000
14392,1.43920000e+04,-3060,-127.500000
14393,1.43930000e+04,-3060,-127.500000
14394,1.43940000e+04,-3060,-127.500000
14395,1.43950000e+04,-3052,-127.166667
14396,1.43960000e+04,-3052,-127.166667
14397,1.43970000e+04,-3052,-127.166667
14398,1.43980000e+04,-3052,-127.166667
14399,1.43990000e+04,-3052,-127.166667
14400,1.44000000e+04,-3043,-126.791667
14401,1.44010000e+04,-3043,-126.791667
14402,1.44020000e+04,-3043,-126.791667
14403,1.44030000e+04,-3043,-126.791667
14404,1.44040000e+04,-3043,-126.791667
14405,1.44050000e+04,-3038,-126.583333
14406,1.44060000e+04,-3038,-126.583333
14407,1.44070000e+04,-3038,-126.583333
14408,1.44080000e+04,-3038,-126.583333
14409,1.44090000e+04,-3038,-126.583333
14410,1.44100000e+04,-3031,-126.291667
14411,1.44110000e+04,-3031,-126.291667
14412,1.44120000e+04,-3031,-126.291667
14413,1.44130000e+04,-3031,-126.291667
14414,1.44140000e+04,-3031,-126.291667
14415,1.44150000e+04,-3023,-125.958333
14416,1.44160000e+04,-3023,-125.958333
14417,1.44170000e+04,-3023,-125.958333
14418,1.44180000e+04,-3023,-125.958333
14419,1.44190000e+04,-3023,-125.958333
14420,1.44200000e+04,-3015,-125.625000
14421,1.44210000e+04,-3015,-125.625000
14422,1.44220000e+04,-3015,-125.625000
14423,1.44230000e+04,-3015,-125.625000
14424,1.44240000e+04,-3015,-125.625000
14425,1.44250000e+04,-3003,-125.125000
14426,1.44260000e+04,-3003,-125.125000
14427,1.44270000e+04,-3003,-125.125000
14428,1.44280000e+04,-3003,-125.125000
14429,1.44290000e+04,-3003,-125.125000
14430,1.44300000e+04,-2992,-124.666667
14431,1.44310000e+04,-2992,-124.666667
14432,1.44320000e+04,-2992,-124.666667
14433,1.44330000e+04,-2992,-124.666667
14434,1.44340000e+04,-2992,-124.666667
14435,1.44350000e+04,-2975,-123.958333
14436,1.44360000e+04,-2975,-123.958333
14437,1.44370000e+04,-2975,-123.958333
14438,1.44380000e+04,-2975,-123.958333
14439,1.44390000e+04,-2975,-123.958333
14440,1.44400000e+04,-2960,-123.333333
14441,1.44410000e+04,-2960,-123.333333
14442,1.44420000e+04,-2960,-123.333333
14443,1.44430000e+04,-2960,-123.333333
14444,1.44440000e+04,-2960,-123.333333
14445,1.44450000e+04,-2942,-122.583333
14446,1.44460000e+04,-2942,-122.583333
14447,1.44470000e+04,-2942,-122.583333
14448,1.44480000e+04,-2942,-122.583333
14449,1.44490000e+04,-2942,-122.583333
14450,1.44500000e+04,-2920,-121.666667
14451,1.44510000e+04,-2920,-121.666667
14452,1.44520000e+04,-2920,-121.666667
14453,1.44530000e+04,-2920,-121.666667
14454,1.44540000e+04,-2920,-121.666667
14455,1.44550000e+04,-2901,-120.875000
14456,1.44560000e+04,-2901,-120.875000
14457,1.44570000e+04,-2901,-120.875000
14458,1.44580000e+04,-2901,-120.875000
14459,1.44590000e+04,-2901,-120.875000
14460,1.44600000e+04,-2880,-120.000000
14461,1.44610000e+04,-2880,-120.000000
14462,1.44620000e+04,-2880,-120.000000
14463,1.44630000e+04,-2880,-120.000000
14464,1.44640000e+04,-2880,-120.000000
14465,1.44650000e+04,-2862,-119.250000
14466,1.44660000e+04,-2862,-119.250000
14467,1.44670000e+04,-2862,-119.250000
14468,1.44680000e+04,-2862,-119.250000
14469,1.44690000e+04,-2862,-119.250000
14470,1.44700000e+04,-2839,-118.291667
14471,1.44710000e+04,-2839,-118.291667
14472,1.44720000e+04,-2839,-118.291667
14473,1.44730000e+04,-2839,-118.291667
14474,1.44740000e+04,-2839,-118.291667
14475,1.44750000e+04,-2816,-117.333333
14476,1.44760000e+04,-2816,-117.333333
14477,1.44770000e+04,-2816,-117.333333
14478,1.44780000e+04,-2816,-117.333333
14479,1.44790000e+04,-2816,-117.333333
14480,1.44800000e+04,-2800,-116.666667
14481,1.44810000e+04,-2800,-116.666667
14482,1.44820000e+04,-2800,-116.666667
14483,1.44830000e+04,-2800,-116.666667
14484,1.44840000e+04,-2800,-116.666667
14485,1.44850000e+04,-2780,-115.833333
14486,1.44860000e+04,-2780,-115.833333
14487,1.44870000e+04,-2780,-115.833333
14488,1.44880000e+04,-2780,-115.833333
14489,1.44890000e+04,-2780,-115.833333
14490,1.44900000e+04,-2762,-115.083333
14491,1.44910000e+04,-2762,-115.083333
14492,1.44920000e+04,-2762,-115.083333
14493,1.44930000e+04,-2762,-115.083333
14494,1.44940000e+04,-2762,-115.083333
14495,1.44950000e+04,-2746,-114.416667
14496,1.44960000e+04,-2746,-114.416667
14497,1.44970000e+04,-2746,-114.416667
14498,1.44980000e+04,-2746,-114.416667
14499,1.44990000e+04,-2746,-114.416667
14500,1.45000000e+04,-2731,-113.791667
14501,1.45010000e+04,-2731,-113.791667
14502,1.45020000e+04,-2731,-113.791667
14503,1.45030000e+04,-2731,-113.791667
14504,1.45040000e+04,-2731,-113.791667
14505,1.45050000e+04,-2718,-113.250000
14506,1.45060000e+04,-2718,-113.250000
14507,1.45070000e+04,-2718,-113.250000
14508,1.45080000e+04,-2718,-113.250000
14509,1.45090000e+04,-2718,-113.250000
14510,1.45100000e+04,-2709,-112.875000
14511,1.45110000e+04,-2709,-112.875000
14512,1.45120000e+04,-2709,-112.875000
14513,1.45130000e+04,-2709,-112.875000
14514,1.45140000e+04,-2709,-112.875000
14515,1.45150000e+04,-2695,-112.291667
14516,1.45160000e+04,-2695,-112.291667
14517,1.45170000e+04,-2695,-112.291667
14518,1.45180000e+04,-2695,-112.291667
14519,1.45190000e+04,-2695,-112.291667
14520,1.45200000e+04,-2682,-111.750000
14521,1.45210000e+04,-2682,-111.750000
14522,1.45220000e+04,-2682,-111.750000
14523,1.45230000e+04,-2682,-111.750000
14524,1.45240000e+04,-2682,-111.750000
14525,1.45250000e+04,-2672,-111.333333
14526,1.45260000e+04,-2672,-111.333333
14527,1.45270000e+04,-2672,-111.333333
14528,1.45280000e+04,-2672,-111.333333
14529,1.45290000e+04,-2672,-111.333333
14530,1.45300000e+04,-2663,-110.958333
14531,1.45310000e+04,-2663,-110.958333
14532,1.45320000e+04,-2663,-110.958333
14533,1.45330000e+04,-2663,-110.958333
14534,1.45340000e+04,-2663,-110.958333
14535,1.45350000e+04,-2654,-110.583333
14536,1.45360000e+04,-2654,-110.583333
14537,1.45370000e+04,-2654,-110.583333
14538,1.45380000e+04,-2654,-110.583333
14539,1.45390000e+04,-2654,-110.583333
14540,1.45400000e+04,-2633,-109.708333
14541,1.45410000e+04,-2633,-109.708333
14542,1.45420000e+04,-2633,-109.708333
14543,1.45430000e+04,-2633,-109.708333
14544,1.45440000e+04,-2633,-109.708333
14545,1.45450000e+04,-2618,-109.083333
14546,1.45460000e+04,-2618,-109.083333
14547,1.45470000e+04,-2618,-109.083333
14548,1.45480000e+04,-2618,-109.083333
14549,1.45490000e+04,-2618,-109.083333
14550,1.45500000e+04,-2597,-108.208333
14551,1.45510000e+04,-2597,-108.208333
14552,1.45520000e+04,-2597,-108.208333
14553,1.45530000e+04,-2597,-108.208333
14554,1.45540000e+04,-2597,-108.208333
14555,1.45550000e+04,-2575,-107.291667
14556,1.45560000e+04,-2575,-107.291667
14557,1.45570000e+04,-2575,-107.291667
14558,1.45580000e+04,-2575,-107.291667
14559,1.45590000e+04,-2575,-107.291667
14560,1.45600000e+04,-2546,-106.083333
14561,1.45610000e+04,-2546,-106.083333
14562,1.45620000e+04,-2546,-106.083333
14563,1.45630000e+04,-2546,-106.083333
14564,1.45640000e+04,-2546,-106.083333
14565,1.45650000e+04,-2520,-105.000000
14566,1.45660000e+04,-2520,-105.000000
14567,1.45670000e+04,-2520,-105.000000
14568,1.45680000e+04,-2520,-105.000000
14569,1.45690000e+04,-2520,-105.000000
14570,1.45700000e+04,-2495,-103.958333
14571,1.45710000e+04,-2495,-103.958333
14572,1.45720000e+04,-2495,-103.958333
14573,1.45730000e+04,-2495,-103.958333
14574,1.45740000e+04,-2495,-103.958333
14575,1.45750000e+04,-2471,-102.958333
14576,1.45760000e+04,-2471,-102.958333
14577,1.45770000e+04,-2471,-102.958333
14578,1.45780000e+04,-2471,-102.958333
14579,1.45790000e+04,-2471,-102.958333
14580,1.45800000e+04,-2441,-101.708333
14581,1.45810000e+04,-2441,-101.708333
14582,1.45820000e+04,-2441,-101.708333
14583,1.45830000e+04,-2441,-101.708333
14584,1.45840000e+04,-2441,-101.708333
14585,1.45850000e+04,-2420,-100.833333
14586,1.45860000e+04,-2420,-100.833333
14587,1.45870000e+04,-2420,-100.833333
14588,1.45880000e+04,-2420,-100.833333
14589,1.45890000e+04,-2420,-100.833333
14590,1.45900000e+04,-2394,-99.750000
14591,1.45910000e+04,-2394,-99.750000
14592,1.45920000e+04,-2394,-99.750000
14593,1.45930000e+04,-2394,-99.750000
14594,1.45940000e+04,-2394,-99.750000
14595,1.45950000e+04,-2377,-99.041667
14596,1.45960000e+04,-2377,-99.041667
14597,1.45970000e+04,-2377,-99.041667
14598,1.45980000e+04,-2377,-99.041667
14599,1.45990000e+04,-2377,-99.041667
14600,1.46000000e+04,-2358,-98.250000
14601,1.46010000e+04,-2358,-98.250000
14602,1.46020000e+04,-2358,-98.250000
14603,1.46030000e+04,-2358,-98.250000
14604,1.46040000e+04,-2358,-98.250000
14605,1.46050000e+04,-2341,-97.541667
14606,1.46060000e+04,-2341,-97.541667
14607,1.46070000e+04,-2341,-97.541667
14608,1.46080000e+04,-2341,-97.541667
14609,1.46090000e+04,-2341,-97.541667
14610,1.46100000e+04,-2323,-96.791667
14611,1.46110000e+04,-2323,-96.791667
14612,1.46120000e+04,-2323,-96.791667
14613,1.46130000e+04,-2323,-96.791667
14614,1.46140000e+04,-2323,-96.791667
14615,1.46150000e+04,-2309,-96.208333
14616,1.46160000e+04,-2309,-96.208333
14617,1.46170000e+04,-2309,-96.208333
14618,1.46180000e+04,-2309,-96.208333
14619,1.46190000e+04,-2309,-96.208333
14620,1.46200000e+04,-2295,-95.625000
14621,1.46210000e+04,-2295,-95.625000
14622,1.46220000e+04,-2295,-95.625000
14623,1.46230000e+04,-2295,-95.625000
14624,1.46240000e+04,-2295,-95.625000
14625,1.46250000e+04,-2286,-95.250000
14626,1.46260000e+04,-2286,-95.250000
14627,1.46270000e+04,-2286,-95.250000
14628,1.46280000e+04,-2286,-95.250000
14629,1.46290000e+04,-2286,-95.250000
14630,1.46300000e+04,-2275,-94.791667
14631,1.46310000e+04,-2275,-94.791667
14632,1.46320000e+04,-2275,-94.791667
14633,1.46330000e+04,-2275,-94.791667
14634,1.46340000e+04,-2275,-94.791667
14635,1.46350000e+04,-2263,-94.291667
14636,1.46360000e+04,-2263,-94.291667
14637,1.46370000e+04,-2263,-94.291667
14638,1.46380000e+04,-2263,-94.291667
14639,1.46390000e+04,-2263,-94.291667
14640,1.46400000e+04,-2250,-93.750000
14641,1.46410000e+04,-2250,-93.750000
14642,1.46420000e+04,-2250,-93.750000
14643,1.46430000e+04,-2250,-93.750000
14644,1.46440000e+04,-2250,-93.750000
14645,1.46450000e+04,-2238,-93.250000
14646,1.46460000e+04,-2238,-93.250000
14647,1.46470000e+04,-2238,-93.250000
14648,1.46480000e+04,-2238,-93.250000
14649,1.46490000e+04,-2238,-93.250000
14650,1.46500000e+04,-2226,-92.750000
14651,1.46510000e+04,-2226,-92.750000
14652,1.46520000e+04,-2226,-92.750000
14653,1.46530000e+04,-2226,-92.750000
14654,1.46540000e+04,-2226,-92.750000
14655,1.46550000e+04,-2209,-92.041667
14656,1.46560000e+04,-2209,-92.041667
14657,1.46570000e+04,-2209,-92.041667
14658,1.46580000e+04,-2209,-92.041667
14659,1.46590000e+04,-2209,-92.041667
14660,1.46600000e+04,-2191,-91.291667
14661,1.46610000e+04,-2191,-91.291667
14662,1.46620000e+04,-2191,-91.291667
14663,1.46630000e+04,-2191,-91.291667
14664,1.46640000e+04,-2191,-91.291667
14665,1.46650000e+04,-2173,-90.541667
14666,1.46660000e+04,-2173,-90.541667
14667,1.46670000e+04,-2173,-90.541667
14668,1.46680000e+04,-2173,-90.541667
14669,1.46690000e+04,-2173,-90.541667
14670,1.46700000e+04,-2155,-89.791667
14671,1.46710000e+04,-2155,-89.791667
14672,1.46720000e+04,-2155,-89.791667
14673,1.46730000e+04,-2155,-89.791667
14674,1.46740000e+04,-2155,-89.791667
14675,1.46750000e+04,-2134,-88.916667
14676,1.46760000e+04,-2134,-88.916667
14677,1.46770000e+04,-2134,-88.916667
14678,1.46780000e+04,-2134,-88.916667
14679,1.46790000e+04,-2134,-88.916667
14680,1.46800000e+04,-2113,-88.041667
14681,1.46810000e+04,-2113,-88.041667
14682,1.46820000e+04,-2113,-88.041667
14683,1.46830000e+04,-2113,-88.041667
14684,1.46840000e+04,-2113,-88.041667
14685,1.46850000e+04,-2087,-86.958333
14686,1.46860000e+04,-2087,-86.958333
14687,1.46870000e+04,-2087,-86.958333
14688,1.46880000e+04,-2087,-86.958333
14689,1.46890000e+04,-2087,-86.958333
14690,1.46900000e+04,-2067,-86.125000
14691,1.46910000e+04,-2067,-86.125000
14692,1.46920000e+04,-2067,-86.125000
14693,1.46930000e+04,-2067,-86.125000
14694,1.46940000e+04,-2067,-86.125000
14695,1.46950000e+04,-2041,-85.041667
14696,1.46960000e+04,-2041,-85.041667
14697,1.46970000e+04,-2041,-85.041667
14698,1.46980000e+04,-2041,-85.041667
14699,1.46990000e+04,-2041,-85.041667
14700,1.47000000e+04,-2019,-84.125000
14701,1.47010000e+04,-2019,-84.125000
14702,1.47020000e+04,-2019,-84.125000
14703,1.47030000e+04,-2019,-84.125000
14704,1.47040000e+04,-2019,-84.125000
14705,1.47050000e+04,-1997,-83.208333
14706,1.47060000e+04,-1997,-83.208333
14707,1.47070000e+04,-1997,-83.208333
14708,1.47080000e+04,-1997,-83.208333
14709,1.47090000e+04,-1997,-83.208333
14710,1.47100000e+04,-1974,-82.250000
14711,1.47110000e+04,-1974,-82.250000
14712,1.47120000e+04,-1974,-82.250000
14713,1.47130000e+04,-1974,-82.250000
14714,1.47140000e+04,-1974,-82.250000
14715,1.47150000e+04,-1953,-81.375000
14716,1.47160000e+04,-1953,-81.375000
14717,1.47170000e+04,-1953,-81.375000
14718,1.47180000e+04,-1953,-81.375000
14719,1.47190000e+04,-1953,-81.375000
14720,1.47200000e+04,-1932,-80.500000
14721,1.47210000e+04,-1932,-80.500000
14722,1.47220000e+04,-1932,-80.500000
14723,1.47230000e+04,-1932,-80.500000
14724,1.47240000e+04,-1932,-80.500000
14725,1.47250000e+04,-1907,-79.458333
14726,1.47260000e+04,-1907,-79.458333
14727,1.47270000e+04,-1907,-79.458333
14728,1.47280000e+04,-1907,-79.458333
14729,1.47290000e+04,-1907,-79.458333
14730,1.47300000e+04,-1890,-78.750000
14731,1.47310000e+04,-1890,-78.750000
14732,1.47320000e+04,-1890,-78.750000
14733,1.47330000e+04,-1890,-78.750000
14734,1.47340000e+04,-1890,-78.750000
14735,1.47350000e+04,-1868,-77.833333
14736,1.47360000e+04,-1868,-77.833333
14737,1.47370000e+04,-1868,-77.833333
14738,1.47380000e+04,-1868,-77.833333
14739,1.47390000e+04,-1868,-77.833333
14740,1.47400000e+04,-1847,-76.958333
14741,1.47410000e+04,-1847,-76.958333
14742,1.47420000e+04,-1847,-76.958333
14743,1.47430000e+04,-1847,-76.958333
14744,1.47440000e+04,-1847,-76.958333
14745,1.47450000e+04,-1824,-76.000000
14746,1.47460000e+04,-1824,-76.000000
14747,1.47470000e+04,-1824,-76.000000
14748,1.47480000e+04,-1824,-76.000000
14749,1.47490000e+04,-1824,-76.000000
14750,1.47500000e+04,-1804,-75.166667
14751,1.47510000e+04,-1804,-75.166667
14752,1.47520000e+04,-1804,-75.166667
14753,1.47530000e+04,-1804,-75.166667
14754,1.47540000e+04,-1804,-75.166667
14755,1.47550000e+04,-1786,-74.416667
14756,1.47560000e+04,-1786,-74.416667
14757,1.47570000e+04,-1786,-74.416667
14758,1.47580000e+04,-1786,-74.416667
14759,1.47590000e+04,-1786,-74.416667
14760,1.47600000e+04,-1761,-73.375000
14761,1.47610000e+04,-1761,-73.375000
14762,1.47620000e+04,-1761,-73.375000
14763,1.47630000e+04,-1761,-73.375000
14764,1.47640000e+04,-1761,-73.375000
14765,1.47650000e+04,-1739,-72.458333
14766,1.47660000e+04,-1739,-72.458333
14767,1.47670000e+04,-1739,-72.458333
14768,1.47680000e+04,-1739,-72.458333
14769,1.47690000e+04,-1739,-72.458333
14770,1.47700000e+04,-1711,-71.291667
14771,1.47710000e+04,-1711,-71.291667
14772,1.47720000e+04,-1711,-71.291667
14773,1.47730000e+04,-1711,-71.291667
14774,1.47740000e+04,-1711,-71.291667
14775,1.47750000e+04,-1683,-70.125000
14776,1.47760000e+04,-1683,-70.125000
14777,1.47770000e+04,-1683,-70.125000
14778,1.47780000e+04,-1683,-70.125000
14779,1.47790000e+04,-1683,-70.125000
14780,1.47800000e+04,-1653,-68.875000
14781,1.47810000e+04,-1653,-68.875000
14782,1.47820000e+04,-1653,-68.875000
14783,1.47830000e+04,-1653,-68.875000
14784,1.47840000e+04,-1653,-68.875000
14785,1.47850000e+04,-1623,-67.625000
14786,1.47860000e+04,-1623,-67.625000
14787,1.47870000e+04,-1623,-67.625000
14788,1.47880000e+04,-1623,-67.625000
14789,1.47890000e+04,-1623,-67.625000
14790,1.47900000e+04,-1590,-66.250000
14791,1.47910000e+04,-1590,-66.250000
14792,1.47920000e+04,-1590,-66.250000
14793,1.47930000e+04,-1590,-66.250000
14794,1.47940000e+04,-1590,-66.250000
14795,1.47950000e+04,-1554,-64.750000
14796,1.47960000e+04,-1554,-64.750000
14797,1.47970000e+04,-1554,-64.750000
14798,1.47980000e+04,-1554,-64.750000
14799,1.47990000e+04,-1554,-64.750000
14800,1.48000000e+04,-1522,-63.416667
14801,1.48010000e+04,-1522,-63.416667
14802,1.48020000e+04,-1522,-63.416667
14803,1.48030000e+04,-1522,-63.416667
14804,1.48040000e+04,-1522,-63.416667
14805,1.48050000e+04,-1482,-61.750000
14806,1.48060000e+04,-1482,-61.750000
14807,1.48070000e+04,-1482,-61.750000
14808,1.48080000e+04,-1482,-61.750000
14809,1.48090000e+04,-1482,-61.750000
14810,1.48100000e+04,-1448,-60.333333
14811,1.48110000e+04,-1448,-60.333333
14812,1.48120000e+04,-1448,-60.333333
14813,1.48130000e+04,-1448,-60.333333
14814,1.48140000e+04,-1448,-60.333333
14815,1.48150000e+04,-1408,-58.666667
14816,1.48160000e+04,-1408,-58.666667
14817,1.48170000e+04,-1408,-58.666667
14818,1.48180000e+04,-1408,-58.666667
14819,1.48190000e+04,-1408,-58.666667
14820,1.48200000e+04,-1373,-57.208333
14821,1.48210000e+04,-1373,-57.208333
14822,1.48220000e+04,-1373,-57.208333
14823,1.48230000e+04,-1373,-57.208333
14824,1.48240000e+04,-1373,-57.208333
14825,1.48250000e+04,-1337,-55.708333
14826,1.48260000e+04,-1337,-55.708333
14827,1.48270000e+04,-1337,-55.708333
14828,1.48280000e+04,-1337,-55.708333
14829,1.48290000e+04,-1337,-55.708333
14830,1.48300000e+04,-1309,-54.541667
14831,1.48310000e+04,-1309,-54.541667
14832,1.48320000e+04,-1309,-54.541667
14833,1.48330000e+04,-1309,-54.541667
14834,1.48340000e+04,-1309,-54.541667
14835,1.48350000e+04,-1277,-53.208333
14836,1.48360000e+04,-1277,-53.208333
14837,1.48370000e+04,-1277,-53.208333
14838,1.48380000e+04,-1277,-53.208333
14839,1.48390000e+04,-1277,-53.208333
14840,1.48400000e+04,-1245,-51.875000
14841,1.48410000e+04,-1245,-51.875000
14842,1.48420000e+04,-1245,-51.875000
14843,1.48430000e+04,-1245,-51.875000
14844,1.48440000e+04,-1245,-51.875000
14845,1.48450000e+04,-1217,-50.708333
14846,1.48460000e+04,-1217,-50.708333
14847,1.48470000e+04,-1217,-50.708333
14848,1.48480000e+04,-1217,-50.708333
14849,1.48490000e+04,-1217,-50.708333
14850,1.48500000e+04,-1187,-49.458333
14851,1.48510000e+04,-1187,-49.458333
14852,1.48520000e+04,-1187,-49.458333
14853,1.48530000e+04,-1187,-49.458333
14854,1.48540000e+04,-1187,-49.458333
14855,1.48550000e+04,-1157,-48.208333
14856,1.48560000e+04,-1157,-48.208333
14857,1.48570000e+04,-1157,-48.208333
14858,1.48580000e+04,-1157,-48.208333
14859,1.48590000e+04,-1157,-48.208333
14860,1.48600000e+04,-1130,-47.083333
14861,1.48610000e+04,-1130,-47.083333
14862,1.48620000e+04,-1130,-47.083333
14863,1.48630000e+04,-1130,-47.083333
14864,1.48640000e+04,-1130,-47.083333
14865,1.48650000e+04,-1099,-45.791667
14866,1.48660000e+04,-1099,-45.791667
14867,1.48670000e+04,-1099,-45.791667
14868,1.48680000e+04,-1099,-45.791667
14869,1.48690000e+04,-1099,-45.791667
14870,1.48700000e+04,-1073,-44.708333
14871,1.48710000e+04,-1073,-44.708333
14872,1.48720000e+04,-1073,-44.708333
14873,1.48730000e+04,-1073,-44.708333
14874,1.48740000e+04,-1073,-44.708333
14875,1.48750000e+04,-1047,-43.625000
14876,1.48760000e+04,-1047,-43.625000
14877,1.48770000e+04,-1047,-43.625000
14878,1.48780000e+04,-1047,-43.625000
14879,1.48790000e+04,-1047,-43.625000
14880,1.48800000e+04,-1015,-42.291667
14881,1.48810000e+04,-1015,-42.291667
14882,1.48820000e+04,-1015,-42.291667
14883,1.48830000e+04,-1015,-42.291667
14884,1.48840000e+04,-1015,-42.291667
14885,1.48850000e+04,-984,-41.000000
14886,1.48860000e+04,-984,-41.000000
14887,1.48870000e+04,-984,-41.000000
14888,1.48880000e+04,-984,-41.000000
14889,1.48890000e+04,-984,-41.000000
14890,1.48900000e+04,-954,-39.750000
14891,1.48910000e+04,-954,-39.750000
14892,1.48920000e+04,-954,-39.750000
14893,1.48930000e+04,-954,-39.750000
14894,1.48940000e+04,-954,-39.750000
14895,1.48950000e+04,-924,-38.500000
14896,1.48960000e+04,-924,-38.500000
14897,1.48970000e+04,-924,-38.500000
14898,1.48980000e+04,-924,-38.500000
14899,1.48990000e+04,-924,-38.500000
14900,1.49000000e+04,-888,-37.000000
14901,1.49010000e+04,-888,-37.000000
14902,1.49020000e+04,-888,-37.000000
14903,1.49030000e+04,-888,-37.000000
14904,1.49040000e+04,-888,-37.000000
14905,1.49050000e+04,-856,-35.666667
14906,1.49060000e+04,-856,-35.666667
14907,1.49070000e+04,-856,-35.666667
14908,1.49080000e+04,-856,-35.666667
14909,1.49090000e+04,-856,-35.666667
14910,1.49100000e+04,-817,-34.041667
14911,1.49110000e+04,-817,-34.041667
14912,1.49120000e+04,-817,-34.041667
14913,1.49130000e+04,-817,-34.041667
14914,1.49140000e+04,-817,-34.041667
14915,1.49150000e+04,-786,-32.750000
14916,1.49160000e+04,-786,-32.750000
14917,1.49170000e+04,-786,-32.750000
14918,1.49180000e+04,-786,-32.750000
14919,1.49190000e+04,-786,-32.750000
14920,1.49200000e+04,-751,-31.291667
14921,1.49210000e+04,-751,-31.291667
14922,1.49220000e+04,-751,-31.291667
14923,1.49230000e+04,-751,-31.291667
14924,1.49240000e+04,-751,-31.291667
14925,1.49250000e+04,-714,-29.750000
14926,1.49260000e+04,-714,-29.750000
14927,1.49270000e+04,-714,-29.750000
14928,1.49280000e+04,-714,-29.750000
14929,1.49290000e+04,-714,-29.750000
14930,1.49300000e+04,-678,-28.250000
14931,1.49310000e+04,-678,-28.250000
14932,1.49320000e+04,-678,-28.250000
14933,1.49330000e+04,-678,-28.250000
14934,1.49340000e+04,-678,-28.250000
14935,1.49350000e+04,-645,-26.875000
14936,1.49360000e+04,-645,-26.875000
14937,1.49370000e+04,-645,-26.875000
14938,1.49380000e+04,-645,-26.875000
14939,1.49390000e+04,-645,-26.875000
14940,1.49400000e+04,-609,-25.375000
14941,1.49410000e+04,-609,-25.375000
14942,1.49420000e+04,-609,-25.375000
14943,1.49430000e+04,-609,-25.375000
14944,1.49440000e+04,-609,-25.375000
14945,1.49450000e+04,-577,-24.041667
14946,1.49460000e+04,-577,-24.041667
14947,1.49470000e+04,-577,-24.041667
14948,1.49480000e+04,-577,-24.041667
14949,1.49490000e+04,-577,-24.041667
14950,1.49500000e+04,-541,-22.541667
14951,1.49510000e+04,-541,-22.541667
14952,1.49520000e+04,-541,-22.541667
14953,1.49530000e+04,-541,-22.541667
14954,1.49540000e+04,-541,-22.541667
14955,1.49550000e+04,-514,-21.416667
14956,1.49560000e+04,-514,-21.416667
14957,1.49570000e+04,-514,-21.416667
14958,1.49580000e+04,-514,-21.416667
14959,1.49590000e+04,-514,-21.416667
14960,1.49600000e+04,-480,-20.000000
14961,1.49610000e+04,-480,-20.000000
14962,1.49620000e+04,-480,-20.000000
14963,1.49630000e+04,-480,-20.000000
14964,1.49640000e+04,-480,-20.000000
14965,1.49650000e+04,-449,-18.708333
14966,1.49660000e+04,-449,-18.708333
14967,1.49670000e+04,-449,-18.708333
14968,1.49680000e+04,-449,-18.708333
14969,1.49690000e+04,-449,-18.708333
14970,1.49700000e+04,-415,-17.291667
14971,1.49710000e+04,-415,-17.291667
14972,1.49720000e+04,-415,-17.291667
14973,1.49730000e+04,-415,-17.291667
14974,1.49740000e+04,-415,-17.291667
14975,1.49750000e+04,-386,-16.083333
14976,1.49760000e+04,-386,-16.083333
14977,1.49770000e+04,-386,-16.083333
14978,1.49780000e+04,-386,-16.083333
14979,1.49790000e+04,-386,-16.083333
14980,1.49800000e+04,-354,-14.750000
14981,1.49810000e+04,-354,-14.750000
14982,1.49820000e+04,-354,-14.750000
14983,1.49830000e+04,-354,-14.750000
14984,1.49840000e+04,-354,-14.750000
14985,1.49850000e+04,-318,-13.250000
14986,1.49860000e+04,-318,-13.250000
14987,1.49870000e+04,-318,-13.250000
14988,1.49880000e+04,-318,-13.250000
14989,1.49890000e+04,-318,-13.250000
14990,1.49900000e+04,-282,-11.750000
14991,1.49910000e+04,-282,-11.750000
14992,1.49920000e+04,-282,-11.750000
14993,1.49930000e+04,-282,-11.750000
14994,1.49940000e+04,-282,-11.750000
14995,1.49950000e+04,-251,-10.458333
14996,1.49960000e+04,-251,-10.458333
14997,1.49970000e+04,-251,-10.458333
14998,1.49980000e+04,-251,-10.458333
14999,1.49990000e+04,-251,-10.458333
15000,1.50000000e+04,-212,-8.833333
15001,1.50010000e+04,-212,-8.833333
15002,1.50020000e+04,-212,-8.833333
15003,1.50030000e+04,-212,-8.833333
15004,1.50040000e+04,-212,-8.833333
15005,1.50050000e+04,-173,-7.208333
15006,1.50060000e+04,-173,-7.208333
15007,1.50070000e+04,-173,-7.208333
15008,1.50080000e+04,-173,-7.208333
15009,1.50090000e+04,-173,-7.208333
15010,1.50100000e+04,-135,-5.625000
15011,1.50110000e+04,-135,-5.625000
15012,1.50120000e+04,-135,-5.625000
15013,1.50130000e+04,-135,-5.625000
15014,1.50140000e+04,-135,-5.625000
15015,1.50150000e+04,-96,-4.000000
15016,1.50160000e+04,-96,-4.000000
15017,1.50170000e+04,-96,-4.000000
15018,1.50180000e+04,-96,-4.000000
15019,1.50190000e+04,-96,-4.000000
15020,1.50200000e+04,-57,-2.375000
15021,1.50210000e+04,-57,-2.375000
15022,1.50220000e+04,-57,-2.375000
15023,1.50230000e+04,-57,-2.375000
15024,1.50240000e+04,-57,-2.375000
15025,1.50250000e+04,-17,-0.708333
15026,1.50260000e+04,-17,-0.708333
15027,1.50270000e+04,-17,-0.708333
15028,1.50280000e+04,-17,-0.708333
15029,1.50290000e+04,-17,-0.708333
15030,1.50300000e+04,22,0.916667
15031,1.50310000e+04,22,0.916667
15032,1.50320000e+04,22,0.916667
15033,1.50330000e+04,22,0.916667
15034,1.50340000e+04,22,0.916667
15035,1.50350000e+04,64,2.666667
15036,1.50360000e+04,64,2.666667
15037,1.50370000e+04,64,2.666667
15038,1.50380000e+04,64,2.666667
15039,1.50390000e+04,64,2.666667
15040,1.50400000e+04,104,4.333333
15041,1.50410000e+04,104,4.333333
15042,1.50420000e+04,104,4.333333
15043,1.50430000e+04,104,4.333333
15044,1.50440000e+04,104,4.333333
15045,1.50450000e+04,139,5.791667
15046,1.50460000e+04,139,5.791667
15047,1.50470000e+04,139,5.791667
15048,1.50480000e+04,139,5.791667
15049,1.50490000e+04,139,5.791667
15050,1.50500000e+04,178,7.416667
15051,1.50510000e+04,178,7.416667
15052,1.50520000e+04,178,7.416667
15053,1.50530000e+04,178,7.416667
15054,1.50540000e+04,178,7.416667
15055,1.50550000e+04,216,9.000000
15056,1.50560000e+04,216,9.000000
15057,1.50570000e+04,216,9.000000
15058,1.50580000e+04,216,9.000000
15059,1.50590000e+04,216,9.000000
15060,1.50600000e+04,251,10.458333
15061,1.50610000e+04,251,10.458333
15062,1.50620000e+04,251,10.458333
15063,1.50630000e+04,251,10.458333
15064,1.50640000e+04,251,10.458333
15065,1.50650000e+04,285,11.875000
15066,1.50660000e+04,285,11.875000
15067,1.50670000e+04,285,11.875000
15068,1.50680000e+04,285,11.875000
15069,1.50690000e+04,285,11.875000
15070,1.50700000e+04,319,13.291667
15071,1.50710000e+04,319,13.291667
15072,1.50720000e+04,319,13.291667
15073,1.50730000e+04,319,13.291667
15074,1.50740000e+04,319,13.291667
15075,1.50750000e+04,349,14.541667
15076,1.50760000e+04,349,14.541667
15077,1.50770000e+04,349,14.541667
15078,1.50780000e+04,349,14.541667
15079,1.50790000e+04,349,14.541667
15080,1.50800000e+04,384,16.000000
15081,1.50810000e+04,384,16.000000
15082,1.50820000e+04,384,16.000000
15083,1.50830000e+04,384,16.000000
15084,1.50840000e+04,384,16.000000
15085,1.50850000e+04,415,17.291667
15086,1.50860000e+04,415,17.291667
15087,1.50870000e+04,415,17.291667
15088,1.50880000e+04,415,17.291667
15089,1.50890000e+04,415,17.291667
15090,1.50900000e+04,447,18.625000
15091,1.50910000e+04,447,18.625000
15092,1.50920000e+04,447,18.625000
15093,1.50930000e+04,447,18.625000
15094,1.50940000e+04,447,18.625000
15095,1.50950000e+04,477,19.875000
15096,1.50960000e+04,477,19.875000
15097,1.50970000e+04,477,19.875000
15098,1.50980000e+04,477,19.875000
15099,1.50990000e+04,477,19.875000
15100,1.51000000e+04,510,21.250000
15101,1.51010000e+04,510,21.250000
15102,1.51020000e+04,510,21.250000
15103,1.51030000e+04,510,21.250000
15104,1.51040000e+04,510,21.250000
15105,1.51050000e+04,539,22.458333
15106,1.51060000e+04,539,22.458333
15107,1.51070000e+04,539,22.458333
15108,1.51080000e+04,539,22.458333
15109,1.51090000e+04,539,22.458333
15110,1.51100000e+04,574,23.916667
15111,1.51110000e+04,574,23.916667
15112,1.51120000e+04,574,23.916667
15113,1.51130000e+04,574,23.916667
15114,1.51140000e+04,574,23.916667
15115,1.51150000e+04,605,25.208333
15116,1.51160000e+04,605,25.208333
15117,1.51170000e+04,605,25.208333
15118,1.51180000e+04,605,25.208333
15119,1.51190000e+04,605,25.208333
15120,1.51200000e+04,640,26.666667
15121,1.51210000e+04,640,26.666667
15122,1.51220000e+04,640,26.666667
15123,1.51230000e+04,640,26.666667
15124,1.51240000e+04,640,26.666667
15125,1.51250000e+04,675,28.125000
15126,1.51260000e+04,675,28.125000
15127,1.51270000e+04,675,28.125000
15128,1.51280000e+04,675,28.125000
15129,1.51290000e+04,675,28.125000
15130,1.51300000e+04,710,29.583333
15131,1.51310000e+04,710,29.583333
15132,1.51320000e+04,710,29.583333
15133,1.51330000e+04,710,29.583333
15134,1.51340000e+04,710,29.583333
15135,1.51350000e+04,745,31.041667
15136,1.51360000e+04,745,31.041667
15137,1.51370000e+04,745,31.041667
15138,1.51380000e+04,745,31.041667
15139,1.51390000e+04,745,31.041667
15140,1.51400000e+04,784,32.666667
15141,1.51410000e+04,784,32.666667
15142,1.51420000e+04,784,32.666667
15143,1.51430000e+04,784,32.666667
15144,1.51440000e+04,784,32.666667
15145,1.51450000e+04,818,34.083333
15146,1.51460000e+04,818,34.083333
15147,1.51470000e+04,818,34.083333
15148,1.51480000e+04,818,34.083333
15149,1.51490000e+04,818,34.083333
15150,1.51500000e+04,852,35.500000
15151,1.51510000e+04,852,35.500000
15152,1.51520000e+04,852,35.500000
15153,1.51530000e+04,852,35.500000
15154,1.51540000e+04,852,35.500000
15155,1.51550000e+04,888,37.000000
15156,1.51560000e+04,888,37.000000
15157,1.51570000e+04,888,37.000000
15158,1.51580000e+04,888,37.000000
15159,1.51590000e+04,888,37.000000
15160,1.51600000e+04,925,38.541667
15161,1.51610000e+04,925,38.541667
15162,1.51620000e+04,925,38.541667
15163,1.51630000e+04,925,38.541667
15164,1.51640000e+04,925,38.541667
15165,1.51650000e+04,956,39.833333
15166,1.51660000e+04,956,39.833333
15167,1.51670000e+04,956,39.833333
15168,1.51680000e+04,956,39.833333
15169,1.51690000e+04,956,39.833333
15170,1.51700000e+04,987,41.125000
15171,1.51710000e+04,987,41.125000
15172,1.51720000e+04,987,41.125000
15173,1.51730000e+04,987,41.125000
15174,1.51740000e+04,987,41.125000
15175,1.51750000e+04,1019,42.458333
15176,1.51760000e+04,1019,42.458333
15177,1.51770000e+04,1019,42.458333
15178,1.51780000e+04,1019,42.458333
15179,1.51790000e+04,1019,42.458333
15180,1.51800000e+04,1048,43.666667
15181,1.51810000e+04,1048,43.666667
15182,1.51820000e+04,1048,43.666667
15183,1.51830000e+04,1048,43.666667
15184,1.51840000e+04,1048,43.666667
15185,1.51850000e+04,1079,44.958333
15186,1.51860000e+04,1079,44.958333
15187,1.51870000e+04,1079,44.958333
15188,1.51880000e+04,1079,44.958333
15189,1.51890000e+04,1079,44.958333
15190,1.51900000e+04,1107,46.125000
15191,1.51910000e+04,1107,46.125000
15192,1.51920000e+04,1107,46.125000
15193,1.51930000e+04,1107,46.125000
15194,1.51940000e+04,1107,46.125000
15195,1.51950000e+04,1141,47.541667
15196,1.51960000e+04,1141,47.541667
15197,1.51970000e+04,1141,47.541667
15198,1.51980000e+04,1141,47.541667
15199,1.51990000e+04,1141,47.541667
15200,1.52000000e+04,1166,48.583333
15201,1.52010000e+04,1166,48.583333
15202,1.52020000e+04,1166,48.583333
15203,1.52030000e+04,1166,48.583333
15204,1.52040000e+04,1166,48.583333
15205,1.52050000e+04,1200,50.000000
15206,1.52060000e+04,1200,50.000000
15207,1.52070000e+04,1200,50.000000
15208,1.52080000e+04,1200,50.000000
15209,1.52090000e+04,1200,50.000000
15210,1.52100000e+04,1229,51.208333
15211,1.52110000e+04,1229,51.208333
15212,1.52120000e+04,1229,51.208333
15213,1.52130000e+04,1229,51.208333
15214,1.52140000e+04,1229,51.208333
15215,1.52150000e+04,1262,52.583333
15216,1.52160000e+04,1262,52.583333
15217,1.52170000e+04,1262,52.583333
15218,1.52180000e+04,1262,52.583333
15219,1.52190000e+04,1262,52.583333
15220,1.52200000e+04,1294,53.916667
15221,1.52210000e+04,1294,53.916667
15222,1.52220000e+04,1294,53.916667
15223,1.52230000e+04,1294,53.916667
15224,1.52240000e+04,1294,53.916667
15225,1.52250000e+04,1331,55.458333
15226,1.52260000e+04,1331,55.458333
15227,1.52270000e+04,1331,55.458333
15228,1.52280000e+04,1331,55.458333
15229,1.52290000e+04,1331,55.458333
15230,1.52300000e+04,1363,56.791667
15231,1.52310000e+04,1363,56.791667
15232,1.52320000e+04,1363,56.791667
15233,1.52330000e+04,1363,56.791667
15234,1.52340000e+04,1363,56.791667
15235,1.52350000e+04,1399,58.291667
15236,1.52360000e+04,1399,58.291667
15237,1.52370000e+04,1399,58.291667
15238,1.52380000e+04,1399,58.291667
15239,1.52390000e+04,1399,58.291667
15240,1.52400000e+04,1434,59.750000
15241,1.52410000e+04,1434,59.750000
15242,1.52420000e+04,1434,59.750000
15243,1.52430000e+04,1434,59.750000
15244,1.52440000e+04,1434,59.750000
15245,1.52450000e+04,1473,61.375000
15246,1.52460000e+04,1473,61.375000
15247,1.52470000e+04,1473,61.375000
15248,1.52480000e+04,1473,61.375000
15249,1.52490000e+04,1473,61.375000
15250,1.52500000e+04,1508,62.833333
15251,1.52510000e+04,1508,62.833333
15252,1.52520000e+04,1508,62.833333
15253,1.52530000e+04,1508,62.833333
15254,1.52540000e+04,1508,62.833333
15255,1.52550000e+04,1547,64.458333
15256,1.52560000e+04,1547,64.458333
15257,1.52570000e+04,1547,64.458333
15258,1.52580000e+04,1547,64.458333
15259,1.52590000e+04,1547,64.458333
15260,1.52600000e+04,1580,65.833333
15261,1.52610000e+04,1580,65.833333
15262,1.52620000e+04,1580,65.833333
15263,1.52630000e+04,1580,65.833333
15264,1.52640000e+04,1580,65.833333
15265,1.52650000e+04,1619,67.458333
15266,1.52660000e+04,1619,67.458333
15267,1.52670000e+04,1619,67.458333
15268,1.52680000e+04,1619,67.458333
15269,1.52690000e+04,1619,67.458333
15270,1.52700000e+04,1648,68.666667
15271,1.52710000e+04,1648,68.666667
15272,1.52720000e+04,1648,68.666667
15273,1.52730000e+04,1648,68.666667
15274,1.52740000e+04,1648,68.666667
15275,1.52750000e+04,1680,70.000000
15276,1.52760000e+04,1680,70.000000
15277,1.52770000e+04,1680,70.000000
15278,1.52780000e+04,1680,70.000000
15279,1.52790000e+04,1680,70.000000
15280,1.52800000e+04,1708,71.166667
15281,1.52810000e+04,1708,71.166667
15282,1.52820000e+04,1708,71.166667
15283,1.52830000e+04,1708,71.166667
15284,1.52840000e+04,1708,71.166667
15285,1.52850000e+04,1732,72.166667
15286,1.52860000e+04,1732,72.166667
15287,1.52870000e+04,1732,72.166667
15288,1.52880000e+04,1732,72.166667
15289,1.52890000e+04,1732,72.166667
15290,1.52900000e+04,1758,73.250000
15291,1.52910000e+04,1758,73.250000
15292,1.52920000e+04,1758,73.250000
15293,1.52930000e+04,1758,73.250000
15294,1.52940000e+04,1758,73.250000
15295,1.52950000e+04,1785,74.375000
15296,1.52960000e+04,1785,74.375000
15297,1.52970000e+04,1785,74.375000
15298,1.52980000e+04,1785,74.375000
15299,1.52990000e+04,1785,74.375000
15300,1.53000000e+04,1807,75.291667
15301,1.53010000e+04,1807,75.291667
15302,1.53020000e+04,1807,75.291667
15303,1.53030000e+04,1807,75.291667
15304,1.53040000e+04,1807,75.291667
15305,1.53050000e+04,1829,76.208333
15306,1.53060000e+04,1829,76.208333
15307,1.53070000e+04,1829,76.208333
15308,1.53080000e+04,1829,76.208333
15309,1.53090000e+04,1829,76.208333
15310,1.53100000e+04,1850,77.083333
15311,1.53110000e+04,1850,77.083333
15312,1.53120000e+04,1850,77.083333
15313,1.53130000e+04,1850,77.083333
15314,1.53140000e+04,1850,77.083333
15315,1.53150000e+04,1868,77.833333
15316,1.53160000e+04,1868,77.833333
15317,1.53170000e+04,1868,77.833333
15318,1.53180000e+04,1868,77.833333
15319,1.53190000e+04,1868,77.833333
15320,1.53200000e+04,1891,78.791667
15321,1.53210000e+04,1891,78.791667
15322,1.53220000e+04,1891,78.791667
15323,1.53230000e+04,1891,78.791667
15324,1.53240000e+04,1891,78.791667
15325,1.53250000e+04,1912,79.666667
15326,1.53260000e+04,1912,79.666667
15327,1.53270000e+04,1912,79.666667
15328,1.53280000e+04,1912,79.666667
15329,1.53290000e+04,1912,79.666667
15330,1.53300000e+04,1932,80.500000
15331,1.53310000e+04,1932,80.500000
15332,1.53320000e+04,1932,80.500000
15333,1.53330000e+04,1932,80.500000
15334,1.53340000e+04,1932,80.500000
15335,1.53350000e+04,1951,81.291667
15336,1.53360000e+04,1951,81.291667
15337,1.53370000e+04,1951,81.291667
15338,1.53380000e+04,1951,81.291667
15339,1.53390000e+04,1951,81.291667
15340,1.53400000e+04,1976,82.333333
15341,1.53410000e+04,1976,82.333333
15342,1.53420000e+04,1976,82.333333
15343,1.53430000e+04,1976,82.333333
15344,1.53440000e+04,1976,82.333333
15345,1.53450000e+04,1995,83.125000
15346,1.53460000e+04,1995,83.125000
15347,1.53470000e+04,1995,83.125000
15348,1.53480000e+04,1995,83.125000
15349,1.53490000e+04,1995,83.125000
15350,1.53500000e+04,2018,84.083333
15351,1.53510000e+04,2018,84.083333
15352,1.53520000e+04,2018,84.083333
15353,1.53530000e+04,2018,84.083333
15354,1.53540000e+04,2018,84.083333
15355,1.53550000e+04,2038,84.916667
15356,1.53560000e+04,2038,84.916667
15357,1.53570000e+04,2038,84.916667
15358,1.53580000e+04,2038,84.916667
15359,1.53590000e+04,2038,84.916667
15360,1.53600000e+04,2061,85.875000
15361,1.53610000e+04,2061,85.875000
15362,1.53620000e+04,2061,85.875000
15363,1.53630000e+04,2061,85.875000
15364,1.53640000e+04,2061,85.875000
15365,1.53650000e+04,2089,87.041667
15366,1.53660000e+04,2089,87.041667
15367,1.53670000e+04,2089,87.041667
15368,1.53680000e+04,2089,87.041667
15369,1.53690000e+04,2089,87.041667
15370,1.53700000e+04,2113,88.041667
15371,1.53710000e+04,2113,88.041667
15372,1.53720000e+04,2113,88.041667
15373,1.53730000e+04,2113,88.041667
15374,1.53740000e+04,2113,88.041667
15375,1.53750000e+04,2138,89.083333
15376,1.53760000e+04,2138,89.083333
15377,1.53770000e+04,2138,89.083333
15378,1.53780000e+04,2138,89.083333
15379,1.53790000e+04,2138,89.083333
15380,1.53800000e+04,2163,90.125000
15381,1.53810000e+04,2163,90.125000
15382,1.53820000e+04,2163,90.125000
15383,1.53830000e+04,2163,90.125000
15384,1.53840000e+04,2163,90.125000
15385,1.53850000e+04,2183,90.958333
15386,1.53860000e+04,2183,90.958333
15387,1.53870000e+04,2183,90.958333
15388,1.53880000e+04,2183,90.958333
15389,1.53890000e+04,2183,90.958333
15390,1.53900000e+04,2205,91.875000
15391,1.53910000e+04,2205,91.875000
15392,1.53920000e+04,2205,91.875000
15393,1.53930000e+04,2205,91.875000
15394,1.53940000e+04,2205,91.875000
15395,1.53950000e+04,2223,92.625000
15396,1.53960000e+04,2223,92.625000
15397,1.53970000e+04,2223,92.625000
15398,1.53980000e+04,2223,92.625000
15399,1.53990000e+04,2223,92.625000
15400,1.54000000e+04,2242,93.416667
15401,1.54010000e+04,2242,93.416667
15402,1.54020000e+04,2242,93.416667
15403,1.54030000e+04,2242,93.416667
15404,1.54040000e+04,2242,93.416667
15405,1.54050000e+04,2258,94.083333
15406,1.54060000e+04,2258,94.083333
15407,1.54070000e+04,2258,94.083333
15408,1.54080000e+04,2258,94.083333
15409,1.54090000e+04,2258,94.083333
15410,1.54100000e+04,2272,94.666667
15411,1.54110000e+04,2272,94.666667
15412,1.54120000e+04,2272,94.666667
15413,1.54130000e+04,2272,94.666667
15414,1.54140000e+04,2272,94.666667
15415,1.54150000e+04,2284,95.166667
15416,1.54160000e+04,2284,95.166667
15417,1.54170000e+04,2284,95.166667
15418,1.54180000e+04,2284,95.166667
15419,1.54190000e+04,2284,95.166667
15420,1.54200000e+04,2301,95.875000
15421,1.54210000e+04,2301,95.875000
15422,1.54220000e+04,2301,95.875000
15423,1.54230000e+04,2301,95.875000
15424,1.54240000e+04,2301,95.875000
15425,1.54250000e+04,2308,96.166667
15426,1.54260000e+04,2308,96.166667
15427,1.54270000e+04,2308,96.166667
15428,1.54280000e+04,2308,96.166667
15429,1.54290000e+04,2308,96.166667
15430,1.54300000e+04,2321,96.708333
15431,1.54310000e+04,2321,96.708333
15432,1.54320000e+04,2321,96.708333
15433,1.54330000e+04,2321,96.708333
15434,1.54340000e+04,2321,96.708333
15435,1.54350000e+04,2334,97.250000
15436,1.54360000e+04,2334,97.250000
15437,1.54370000e+04,2334,97.250000
15438,1.54380000e+04,2334,97.250000
15439,1.54390000e+04,2334,97.250000
15440,1.54400000e+04,2351,97.958333
15441,1.54410000e+04,2351,97.958333
15442,1.54420000e+04,2351,97.958333
15443,1.54430000e+04,2351,97.958333
15444,1.54440000e+04,2351,97.958333
15445,1.54450000e+04,2363,98.458333
15446,1.54460000e+04,2363,98.458333
15447,1.54470000e+04,2363,98.458333
15448,1.54480000e+04,2363,98.458333
15449,1.54490000e+04,2363,98.458333
15450,1.54500000e+04,2378,99.083333
15451,1.54510000e+04,2378,99.083333
15452,1.54520000e+04,2378,99.083333
15453,1.54530000e+04,2378,99.083333
15454,1.54540000e+04,2378,99.083333
15455,1.54550000e+04,2393,99.708333
15456,1.54560000e+04,2393,99.708333
15457,1.54570000e+04,2393,99.708333
15458,1.54580000e+04,2393,99.708333
15459,1.54590000e+04,2393,99.708333
15460,1.54600000e+04,2411,100.458333
15461,1.54610000e+04,2411,100.458333
15462,1.54620000e+04,2411,100.458333
15463,1.54630000e+04,2411,100.458333
15464,1.54640000e+04,2411,100.458333
15465,1.54650000e+04,2435,101.458333
15466,1.54660000e+04,2435,101.458333
15467,1.54670000e+04,2435,101.458333
15468,1.54680000e+04,2435,101.458333
15469,1.54690000e+04,2435,101.458333
15470,1.54700000e+04,2456,102.333333
15471,1.54710000e+04,2456,102.333333
15472,1.54720000e+04,2456,102.333333
15473,1.54730000e+04,2456,102.333333
15474,1.54740000e+04,2456,102.333333
15475,1.54750000e+04,2482,103.416667
15476,1.54760000e+04,2482,103.416667
15477,1.54770000e+04,2482,103.416667
15478,1.54780000e+04,2482,103.416667
15479,1.54790000e+04,2482,103.416667
15480,1.54800000e+04,2507,104.458333
15481,1.54810000e+04,2507,104.458333
15482,1.54820000e+04,2507,104.458333
15483,1.54830000e+04,2507,104.458333
15484,1.54840000e+04,2507,104.458333
15485,1.54850000e+04,2532,105.500000
15486,1.54860000e+04,2532,105.500000
15487,1.54870000e+04,2532,105.500000
15488,1.54880000e+04,2532,105.500000
15489,1.54890000e+04,2532,105.500000
15490,1.54900000e+04,2557,106.541667
15491,1.54910000e+04,2557,106.541667
15492,1.54920000e+04,2557,106.541667
15493,1.54930000e+04,2557,106.541667
15494,1.54940000e+04,2557,106.541667
15495,1.54950000e+04,2585,107.708333
15496,1.54960000e+04,2585,107.708333
15497,1.54970000e+04,2585,107.708333
15498,1.54980000e+04,2585,107.708333
15499,1.54990000e+04,2585,107.708333
15500,1.55000000e+04,2609,108.708333
15501,1.55010000e+04,2609,108.708333
15502,1.55020000e+04,2609,108.708333
15503,1.55030000e+04,2609,108.708333
15504,1.55040000e+04,2609,108.708333
15505,1.55050000e+04,2631,109.625000
15506,1.55060000e+04,2631,109.625000
15507,1.55070000e+04,2631,109.625000
15508,1.55080000e+04,2631,109.625000
15509,1.55090000e+04,2631,109.625000
15510,1.55100000e+04,2646,110.250000
15511,1.55110000e+04,2646,110.250000
15512,1.55120000e+04,2646,110.250000
15513,1.55130000e+04,2646,110.250000
15514,1.55140000e+04,2646,110.250000
15515,1.55150000e+04,2661,110.875000
15516,1.55160000e+04,2661,110.875000
15517,1.55170000e+04,2661,110.875000
15518,1.55180000e+04,2661,110.875000
15519,1.55190000e+04,2661,110.875000
15520,1.55200000e+04,2675,111.458333
15521,1.55210000e+04,2675,111.458333
15522,1.55220000e+04,2675,111.458333
15523,1.55230000e+04,2675,111.458333
15524,1.55240000e+04,2675,111.458333
15525,1.55250000e+04,2689,112.041667
15526,1.55260000e+04,2689,112.041667
15527,1.55270000e+04,2689,112.041667
15528,1.55280000e+04,2689,112.041667
15529,1.55290000e+04,2689,112.041667
15530,1.55300000e+04,2698,112.416667
15531,1.55310000e+04,2698,112.416667
15532,1.55320000e+04,2698,112.416667
15533,1.55330000e+04,2698,112.416667
15534,1.55340000e+04,2698,112.416667
15535,1.55350000e+04,2706,112.750000
15536,1.55360000e+04,2706,112.750000
15537,1.55370000e+04,2706,112.750000
15538,1.55380000e+04,2706,112.750000
15539,1.55390000e+04,2706,112.750000
15540,1.55400000e+04,2716,113.166667
15541,1.55410000e+04,2716,113.166667
15542,1.55420000e+04,2716,113.166667
15543,1.55430000e+04,2716,113.166667
15544,1.55440000e+04,2716,113.166667
15545,1.55450000e+04,2726,113.583333
15546,1.55460000e+04,2726,113.583333
15547,1.55470000e+04,2726,113.583333
15548,1.55480000e+04,2726,113.583333
15549,1.55490000e+04,2726,113.583333
15550,1.55500000e+04,2736,114.000000
15551,1.55510000e+04,2736,114.000000
15552,1.55520000e+04,2736,114.000000
15553,1.55530000e+04,2736,114.000000
15554,1.55540000e+04,2736,114.000000
15555,1.55550000e+04,2751,114.625000
15556,1.55560000e+04,2751,114.625000
15557,1.55570000e+04,2751,114.625000
15558,1.55580000e+04,2751,114.625000
15559,1.55590000e+04,2751,114.625000
15560,1.55600000e+04,2764,115.166667
15561,1.55610000e+04,2764,115.166667
15562,1.55620000e+04,2764,115.166667
15563,1.55630000e+04,2764,115.166667
15564,1.55640000e+04,2764,115.166667
15565,1.55650000e+04,2774,115.583333
15566,1.55660000e+04,2774,115.583333
15567,1.55670000e+04,2774,115.583333
15568,1.55680000e+04,2774,115.583333
15569,1.55690000e+04,2774,115.583333
15570,1.55700000e+04,2792,116.333333
15571,1.55710000e+04,2792,116.333333
15572,1.55720000e+04,2792,116.333333
15573,1.55730000e+04,2792,116.333333
15574,1.55740000e+04,2792,116.333333
15575,1.55750000e+04,2810,117.083333
15576,1.55760000e+04,2810,117.083333
15577,1.55770000e+04,2810,117.083333
15578,1.55780000e+04,2810,117.083333
15579,1.55790000e+04,2810,117.083333
15580,1.55800000e+04,2826,117.750000
15581,1.55810000e+04,2826,117.750000
15582,1.55820000e+04,2826,117.750000
15583,1.55830000e+04,2826,117.750000
15584,1.55840000e+04,2826,117.750000
15585,1.55850000e+04,2844,118.500000
15586,1.55860000e+04,2844,118.500000
15587,1.55870000e+04,2844,118.500000
15588,1.55880000e+04,2844,118.500000
15589,1.55890000e+04,2844,118.500000
15590,1.55900000e+04,2861,119.208333
15591,1.55910000e+04,2861,119.208333
15592,1.55920000e+04,2861,119.208333
15593,1.55930000e+04,2861,119.208333
15594,1.55940000e+04,2861,119.208333
15595,1.55950000e+04,2887,120.291667
15596,1.55960000e+04,2887,120.291667
15597,1.55970000e+04,2887,120.291667
15598,1.55980000e+04,2887,120.291667
15599,1.55990000e+04,2887,120.291667
15600,1.56000000e+04,2905,121.041667
15601,1.56010000e+04,2905,121.041667
15602,1.56020000e+04,2905,121.041667
15603,1.56030000e+04,2905,121.041667
15604,1.56040000e+04,2905,121.041667
15605,1.56050000e+04,2928,122.000000
15606,1.56060000e+04,2928,122.000000
15607,1.56070000e+04,2928,122.000000
15608,1.56080000e+04,2928,122.000000
15609,1.56090000e+04,2928,122.000000
15610,1.56100000e+04,2948,122.833333
15611,1.56110000e+04,2948,122.833333
15612,1.56120000e+04,2948,122.833333
15613,1.56130000e+04,2948,122.833333
15614,1.56140000e+04,2948,122.833333
15615,1.56150000e+04,2967,123.625000
15616,1.56160000e+04,2967,123.625000
15617,1.56170000e+04,2967,123.625000
15618,1.56180000e+04,2967,123.625000
15619,1.56190000e+04,2967,123.625000
15620,1.56200000e+04,2986,124.416667
15621,1.56210000e+04,2986,124.416667
15622,1.56220000e+04,2986,124.416667
15623,1.56230000e+04,2986,124.416667
15624,1.56240000e+04,2986,124.416667
15625,1.56250000e+04,3002,125.083333
15626,1.56260000e+04,3002,125.083333
15627,1.56270000e+04,3002,125.083333
15628,1.56280000e+04,3002,125.083333
15629,1.56290000e+04,3002,125.083333
15630,1.56300000e+04,3014,125.583333
15631,1.56310000e+04,3014,125.583333
15632,1.56320000e+04,3014,125.583333
15633,1.56330000e+04,3014,125.583333
15634,1.56340000e+04,3014,125.583333
15635,1.56350000e+04,3024,126.000000
15636,1.56360000e+04,3024,126.000000
15637,1.56370000e+04,3024,126.000000
15638,1.56380000e+04,3024,126.000000
15639,1.56390000e+04,3024,126.000000
15640,1.56400000e+04,3036,126.500000
15641,1.56410000e+04,3036,126.500000
15642,1.56420000e+04,3036,126.500000
15643,1.56430000e+04,3036,126.500000
15644,1.56440000e+04,3036,126.500000
15645,1.56450000e+04,3045,126.875000
15646,1.56460000e+04,3045,126.875000
15647,1.56470000e+04,3045,126.875000
15648,1.56480000e+04,3045,126.875000
15649,1.56490000e+04,3045,126.875000
15650,1.56500000e+04,3052,127.166667
15651,1.56510000e+04,3052,127.166667
15652,1.56520000e+04,3052,127.166667
15653,1.56530000e+04,3052,127.166667
15654,1.56540000e+04,3052,127.166667
15655,1.56550000e+04,3059,127.458333
15656,1.56560000e+04,3059,127.458333
15657,1.56570000e+04,3059,127.458333
15658,1.56580000e+04,3059,127.458333
15659,1.56590000e+04,3059,127.458333
15660,1.56600000e+04,3063,127.625000
15661,1.56610000e+04,3063,127.625000
15662,1.56620000e+04,3063,127.625000
15663,1.56630000e+04,3063,127.625000
15664,1.56640000e+04,3063,127.625000
15665,1.56650000e+04,3071,127.958333
15666,1.56660000e+04,3071,127.958333
15667,1.56670000e+04,3071,127.958333
15668,1.56680000e+04,3071,127.958333
15669,1.56690000e+04,3071,127.958333
15670,1.56700000e+04,3076,128.166667
15671,1.56710000e+04,3076,128.166667
15672,1.56720000e+04,3076,128.166667
15673,1.56730000e+04,3076,128.166667
15674,1.56740000e+04,3076,128.166667
15675,1.56750000e+04,3085,128.541667
15676,1.56760000e+04,3085,128.541667
15677,1.56770000e+04,3085,128.541667
15678,1.56780000e+04,3085,128.541667
15679,1.56790000e+04,3085,128.541667
15680,1.56800000e+04,3092,128.833333
15681,1.56810000e+04,3092,128.833333
15682,1.56820000e+04,3092,128.833333
15683,1.56830000e+04,3092,128.833333
15684,1.56840000e+04,3092,128.833333
15685,1.56850000e+04,3099,129.125000
15686,1.56860000e+04,3099,129.125000
15687,1.56870000e+04,3099,129.125000
15688,1.56880000e+04,3099,129.125000
15689,1.56890000e+04,3099,129.125000
15690,1.56900000e+04,3108,129.500000
15691,1.56910000e+04,3108,129.500000
15692,1.56920000e+04,3108,129.500000
15693,1.56930000e+04,3108,129.500000
15694,1.56940000e+04,3108,129.500000
15695,1.56950000e+04,3119,129.958333
15696,1.56960000e+04,3119,129.958333
15697,1.56970000e+04,3119,129.958333
15698,1.56980000e+04,3119,129.958333
15699,1.56990000e+04,3119,129.958333
15700,1.57000000e+04,3132,130.500000
15701,1.57010000e+04,3132,130.500000
15702,1.57020000e+04,3132,130.500000
15703,1.57030000e+04,3132,130.500000
15704,1.57040000e+04,3132,130.500000
15705,1.57050000e+04,3141,130.875000
15706,1.57060000e+04,3141,130.875000
15707,1.57070000e+04,3141,130.875000
15708,1.57080000e+04,3141,130.875000
15709,1.57090000e+04,3141,130.875000
15710,1.57100000e+04,3154,131.416667
15711,1.57110000e+04,3154,131.416667
15712,1.57120000e+04,3154,131.416667
15713,1.57130000e+04,3154,131.416667
15714,1.57140000e+04,3154,131.416667
15715,1.57150000e+04,3166,131.916667
15716,1.57160000e+04,3166,131.916667
15717,1.57170000e+04,3166,131.916667
15718,1.57180000e+04,3166,131.916667
15719,1.57190000e+04,3166,131.916667
15720,1.57200000e+04,3180,132.500000
15721,1.57210000e+04,3180,132.500000
15722,1.57220000e+04,3180,132.500000
15723,1.57230000e+04,3180,132.500000
15724,1.57240000e+04,3180,132.500000
15725,1.57250000e+04,3190,132.916667
15726,1.57260000e+04,3190,132.916667
15727,1.57270000e+04,3190,132.916667
15728,1.57280000e+04,3190,132.916667
15729,1.57290000e+04,3190,132.916667
15730,1.57300000e+04,3203,133.458333
15731,1.57310000e+04,3203,133.458333
15732,1.57320000e+04,3203,133.458333
15733,1.57330000e+04,3203,133.458333
15734,1.57340000e+04,3203,133.458333
15735,1.57350000e+04,3210,133.750000
15736,1.57360000e+04,3210,133.750000
15737,1.57370000e+04,3210,133.750000
15738,1.57380000e+04,3210,133.750000
15739,1.57390000e+04,3210,133.750000
15740,1.57400000e+04,3213,133.875000
15741,1.57410000e+04,3213,133.875000
15742,1.57420000e+04,3213,133.875000
15743,1.57430000e+04,3213,133.875000
15744,1.57440000e+04,3213,133.875000
15745,1.57450000e+04,3212,133.833333
15746,1.57460000e+04,3212,133.833333
15747,1.57470000e+04,3212,133.833333
15748,1.57480000e+04,3212,133.833333
15749,1.57490000e+04,3212,133.833333
15750,1.57500000e+04,3212,133.833333
15751,1.57510000e+04,3212,133.833333
15752,1.57520000e+04,3212,133.833333
15753,1.57530000e+04,3212,133.833333
15754,1.57540000e+04,3212,133.833333
15755,1.57550000e+04,3205,133.541667
15756,1.57560000e+04,3205,133.541667
15757,1.57570000e+04,3205,133.541667
15758,1.57580000e+04,3205,133.541667
15759,1.57590000e+04,3205,133.541667
15760,1.57600000e+04,3197,133.208333
15761,1.57610000e+04,3197,133.208333
15762,1.57620000e+04,3197,133.208333
15763,1.57630000e+04,3197,133.208333
15764,1.57640000e+04,3197,133.208333
15765,1.57650000e+04,3186,132.750000
15766,1.57660000e+04,3186,132.750000
15767,1.57670000e+04,3186,132.750000
15768,1.57680000e+04,3186,132.750000
15769,1.57690000e+04,3186,132.750000
15770,1.57700000e+04,3175,132.291667
15771,1.57710000e+04,3175,132.291667
15772,1.57720000e+04,3175,132.291667
15773,1.57730000e+04,3175,132.291667
15774,1.57740000e+04,3175,132.291667
15775,1.57750000e+04,3162,131.750000
15776,1.57760000e+04,3162,131.750000
15777,1.57770000e+04,3162,131.750000
15778,1.57780000e+04,3162,131.750000
15779,1.57790000e+04,3162,131.750000
15780,1.57800000e+04,3147,131.125000
15781,1.57810000e+04,3147,131.125000
15782,1.57820000e+04,3147,131.125000
15783,1.57830000e+04,3147,131.125000
15784,1.57840000e+04,3147,131.125000
15785,1.57850000e+04,3137,130.708333
15786,1.57860000e+04,3137,130.708333
15787,1.57870000e+04,3137,130.708333
15788,1.57880000e+04,3137,130.708333
15789,1.57890000e+04,3137,130.708333
15790,1.57900000e+04,3124,130.166667
15791,1.57910000e+04,3124,130.166667
15792,1.57920000e+04,3124,130.166667
15793,1.57930000e+04,3124,130.166667
15794,1.57940000e+04,3124,130.166667
15795,1.57950000e+04,3115,129.791667
15796,1.57960000e+04,3115,129.791667
15797,1.57970000e+04,3115,129.791667
15798,1.57980000e+04,3115,129.791667
15799,1.57990000e+04,3115,129.791667
15800,1.58000000e+04,3100,129.166667
15801,1.58010000e+04,3100,129.166667
15802,1.58020000e+04,3100,129.166667
15803,1.58030000e+04,3100,129.166667
15804,1.58040000e+04,3100,129.166667
15805,1.58050000e+04,3097,129.041667
15806,1.58060000e+04,3097,129.041667
15807,1.58070000e+04,3097,129.041667
15808,1.58080000e+04,3097,129.041667
15809,1.58090000e+04,3097,129.041667
15810,1.58100000e+04,3083,128.458333
15811,1.58110000e+04,3083,128.458333
15812,1.58120000e+04,3083,128.458333
15813,1.58130000e+04,3083,128.458333
15814,1.58140000e+04,3083,128.458333
15815,1.58150000e+04,3076,128.166667
15816,1.58160000e+04,3076,128.166667
15817,1.58170000e+04,3076,128.166667
15818,1.58180000e+04,3076,128.166667
15819,1.58190000e+04,3076,128.166667
15820,1.58200000e+04,3068,127.833333
15821,1.58210000e+04,3068,127.833333
15822,1.58220000e+04,3068,127.833333
15823,1.58230000e+04,3068,127.833333
15824,1.58240000e+04,3068,127.833333
15825,1.58250000e+04,3059,127.458333
15826,1.58260000e+04,3059,127.458333
15827,1.58270000e+04,3059,127.458333
15828,1.58280000e+04,3059,127.458333
15829,1.58290000e+04,3059,127.458333
15830,1.58300000e+04,3055,127.291667
15831,1.58310000e+04,3055,127.291667
15832,1.58320000e+04,3055,127.291667
15833,1.58330000e+04,3055,127.291667
15834,1.58340000e+04,3055,127.291667
15835,1.58350000e+04,3047,126.958333
15836,1.58360000e+04,3047,126.958333
15837,1.58370000e+04,3047,126.958333
15838,1.58380000e+04,3047,126.958333
15839,1.58390000e+04,3047,126.958333
15840,1.58400000e+04,3041,126.708333
15841,1.58410000e+04,3041,126.708333
15842,1.58420000e+04,3041,126.708333
15843,1.58430000e+04,3041,126.708333
15844,1.58440000e+04,3041,126.708333
15845,1.58450000e+04,3036,126.500000
15846,1.58460000e+04,3036,126.500000
15847,1.58470000e+04,3036,126.500000
15848,1.58480000e+04,3036,126.500000
15849,1.58490000e+04,3036,126.500000
15850,1.58500000e+04,3027,126.125000
15851,1.58510000e+04,3027,126.125000
15852,1.58520000e+04,3027,126.125000
15853,1.58530000e+04,3027,126.125000
15854,1.58540000e+04,3027,126.125000
15855,1.58550000e+04,3016,125.666667
15856,1.58560000e+04,3016,125.666667
15857,1.58570000e+04,3016,125.666667
15858,1.58580000e+04,3016,125.666667
15859,1.58590000e+04,3016,125.666667
15860,1.58600000e+04,3005,125.208333
15861,1.58610000e+04,3005,125.208333
15862,1.58620000e+04,3005,125.208333
15863,1.58630000e+04,3005,125.208333
15864,1.58640000e+04,3005,125.208333
15865,1.58650000e+04,2995,124.791667
15866,1.58660000e+04,2995,124.791667
15867,1.58670000e+04,2995,124.791667
15868,1.58680000e+04,2995,124.791667
15869,1.58690000e+04,2995,124.791667
15870,1.58700000e+04,2979,124.125000
15871,1.58710000e+04,2979,124.125000
15872,1.58720000e+04,2979,124.125000
15873,1.58730000e+04,2979,124.125000
15874,1.58740000e+04,2979,124.125000
15875,1.58750000e+04,2962,123.416667
15876,1.58760000e+04,2962,123.416667
15877,1.58770000e+04,2962,123.416667
15878,1.58780000e+04,2962,123.416667
15879,1.58790000e+04,2962,123.416667
15880,1.58800000e+04,2942,122.583333
15881,1.58810000e+04,2942,122.583333
15882,1.58820000e+04,2942,122.583333
15883,1.58830000e+04,2942,122.583333
15884,1.58840000e+04,2942,122.583333
15885,1.58850000e+04,2925,121.875000
15886,1.58860000e+04,2925,121.875000
15887,1.58870000e+04,2925,121.875000
15888,1.58880000e+04,2925,121.875000
15889,1.58890000e+04,2925,121.875000
15890,1.58900000e+04,2903,120.958333
15891,1.58910000e+04,2903,120.958333
15892,1.58920000e+04,2903,120.958333
15893,1.58930000e+04,2903,120.958333
15894,1.58940000e+04,2903,120.958333
15895,1.58950000e+04,2883,120.125000
15896,1.58960000e+04,2883,120.125000
15897,1.58970000e+04,2883,120.125000
15898,1.58980000e+04,2883,120.125000
15899,1.58990000e+04,2883,120.125000
15900,1.59000000e+04,2863,119.291667
15901,1.59010000e+04,2863,119.291667
15902,1.59020000e+04,2863,119.291667
15903,1.59030000e+04,2863,119.291667
15904,1.59040000e+04,2863,119.291667
15905,1.59050000e+04,2843,118.458333
15906,1.59060000e+04,2843,118.458333
15907,1.59070000e+04,2843,118.458333
15908,1.59080000e+04,2843,118.458333
15909,1.59090000e+04,2843,118.458333
15910,1.59100000e+04,2819,117.458333
15911,1.59110000e+04,2819,117.458333
15912,1.59120000e+04,2819,117.458333
15913,1.59130000e+04,2819,117.458333
15914,1.59140000e+04,2819,117.458333
15915,1.59150000e+04,2800,116.666667
15916,1.59160000e+04,2800,116.666667
15917,1.59170000e+04,2800,116.666667
15918,1.59180000e+04,2800,116.666667
15919,1.59190000e+04,2800,116.666667
15920,1.59200000e+04,2784,116.000000
15921,1.59210000e+04,2784,116.000000
15922,1.59220000e+04,2784,116.000000
15923,1.59230000e+04,2784,116.000000
15924,1.59240000e+04,2784,116.000000
15925,1.59250000e+04,2764,115.166667
15926,1.59260000e+04,2764,115.166667
15927,1.59270000e+04,2764,115.166667
15928,1.59280000e+04,2764,115.166667
15929,1.59290000e+04,2764,115.166667
15930,1.59300000e+04,2748,114.500000
15931,1.59310000e+04,2748,114.500000
15932,1.59320000e+04,2748,114.500000
15933,1.59330000e+04,2748,114.500000
15934,1.59340000e+04,2748,114.500000
15935,1.59350000e+04,2731,113.791667
15936,1.59360000e+04,2731,113.791667
15937,1.59370000e+04,2731,113.791667
15938,1.59380000e+04,2731,113.791667
15939,1.59390000e+04,2731,113.791667
15940,1.59400000e+04,2722,113.416667
15941,1.59410000e+04,2722,113.416667
15942,1.59420000e+04,2722,113.416667
15943,1.59430000e+04,2722,113.416667
15944,1.59440000e+04,2722,113.416667
15945,1.59450000e+04,2706,112.750000
15946,1.59460000e+04,2706,112.750000
15947,1.59470000e+04,2706,112.750000
15948,1.59480000e+04,2706,112.750000
15949,1.59490000e+04,2706,112.750000
15950,1.59500000e+04,2697,112.375000
15951,1.59510000e+04,2697,112.375000
15952,1.59520000e+04,2697,112.375000
15953,1.59530000e+04,2697,112.375000
15954,1.59540000e+04,2697,112.375000
15955,1.59550000e+04,2684,111.833333
15956,1.59560000e+04,2684,111.833333
15957,1.59570000e+04,2684,111.833333
15958,1.59580000e+04,2684,111.833333
15959,1.59590000e+04,2684,111.833333
15960,1.59600000e+04,2676,111.500000
15961,1.59610000e+04,2676,111.500000
15962,1.59620000e+04,2676,111.500000
15963,1.59630000e+04,2676,111.500000
15964,1.59640000e+04,2676,111.500000
15965,1.59650000e+04,2663,110.958333
15966,1.59660000e+04,2663,110.958333
15967,1.59670000e+04,2663,110.958333
15968,1.59680000e+04,2663,110.958333
15969,1.59690000e+04,2663,110.958333
15970,1.59700000e+04,2652,110.500000
15971,1.59710000e+04,2652,110.500000
15972,1.59720000e+04,2652,110.500000
15973,1.59730000e+04,2652,110.500000
15974,1.59740000e+04,2652,110.500000
15975,1.59750000e+04,2638,109.916667
15976,1.59760000e+04,2638,109.916667
15977,1.59770000e+04,2638,109.916667
15978,1.59780000e+04,2638,109.916667
15979,1.59790000e+04,2638,109.916667
15980,1.59800000e+04,2623,109.291667
15981,1.59810000e+04,2623,109.291667
15982,1.59820000e+04,2623,109.291667
15983,1.59830000e+04,2623,109.291667
15984,1.59840000e+04,2623,109.291667
15985,1.59850000e+04,2601,108.375000
15986,1.59860000e+04,2601,108.375000
15987,1.59870000e+04,2601,108.375000
15988,1.59880000e+04,2601,108.375000
15989,1.59890000e+04,2601,108.375000
15990,1.59900000e+04,2580,107.500000
15991,1.59910000e+04,2580,107.500000
15992,1.59920000e+04,2580,107.500000
15993,1.59930000e+04,2580,107.500000
15994,1.59940000e+04,2580,107.500000
15995,1.59950000e+04,2557,106.541667
15996,1.59960000e+04,2557,106.541667
15997,1.59970000e+04,2557,106.541667
15998,1.59980000e+04,2557,106.541667
15999,1.59990000e+04,2557,106.541667
16000,1.60000000e+04,2527,105.291667
16001,1.60010000e+04,2527,105.291667
16002,1.60020000e+04,2527,105.291667
16003,1.60030000e+04,2527,105.291667
16004,1.60040000e+04,2527,105.291667
16005,1.60050000e+04,2500,104.166667
16006,1.60060000e+04,2500,104.166667
16007,1.60070000e+04,2500,104.166667
16008,1.60080000e+04,2500,104.166667
16009,1.60090000e+04,2500,104.166667
16010,1.60100000e+04,2473,103.041667
16011,1.60110000e+04,2473,103.041667
16012,1.60120000e+04,2473,103.041667
16013,1.60130000e+04,2473,103.041667
16014,1.60140000e+04,2473,103.041667
16015,1.60150000e+04,2449,102.041667
16016,1.60160000e+04,2449,102.041667
16017,1.60170000e+04,2449,102.041667
16018,1.60180000e+04,2449,102.041667
16019,1.60190000e+04,2449,102.041667
16020,1.60200000e+04,2420,100.833333
16021,1.60210000e+04,2420,100.833333
16022,1.60220000e+04,2420,100.833333
16023,1.60230000e+04,2420,100.833333
16024,1.60240000e+04,2420,100.833333
16025,1.60250000e+04,2402,100.083333
16026,1.60260000e+04,2402,100.083333
16027,1.60270000e+04,2402,100.083333
16028,1.60280000e+04,2402,100.083333
16029,1.60290000e+04,2402,100.083333
16030,1.60300000e+04,2379,99.125000
16031,1.60310000e+04,2379,99.125000
16032,1.60320000e+04,2379,99.125000
16033,1.60330000e+04,2379,99.125000
16034,1.60340000e+04,2379,99.125000
16035,1.60350000e+04,2359,98.291667
16036,1.60360000e+04,2359,98.291667
16037,1.60370000e+04,2359,98.291667
16038,1.60380000e+04,2359,98.291667
16039,1.60390000e+04,2359,98.291667
16040,1.60400000e+04,2347,97.791667
16041,1.60410000e+04,2347,97.791667
16042,1.60420000e+04,2347,97.791667
16043,1.60430000e+04,2347,97.791667
16044,1.60440000e+04,2347,97.791667
16045,1.60450000e+04,2328,97.000000
16046,1.60460000e+04,2328,97.000000
16047,1.60470000e+04,2328,97.000000
16048,1.60480000e+04,2328,97.000000
16049,1.60490000e+04,2328,97.000000
16050,1.60500000e+04,2314,96.416667
16051,1.60510000e+04,2314,96.416667
16052,1.60520000e+04,2314,96.416667
16053,1.60530000e+04,2314,96.416667
16054,1.60540000e+04,2314,96.416667
16055,1.60550000e+04,2299,95.791667
16056,1.60560000e+04,2299,95.791667
16057,1.60570000e+04,2299,95.791667
16058,1.60580000e+04,2299,95.791667
16059,1.60590000e+04,2299,95.791667
16060,1.60600000e+04,2289,95.375000
16061,1.60610000e+04,2289,95.375000
16062,1.60620000e+04,2289,95.375000
16063,1.60630000e+04,2289,95.375000
16064,1.60640000e+04,2289,95.375000
16065,1.60650000e+04,2276,94.833333
16066,1.60660000e+04,2276,94.833333
16067,1.60670000e+04,2276,94.833333
16068,1.60680000e+04,2276,94.833333
16069,1.60690000e+04,2276,94.833333
16070,1.60700000e+04,2266,94.416667
16071,1.60710000e+04,2266,94.416667
16072,1.60720000e+04,2266,94.416667
16073,1.60730000e+04,2266,94.416667
16074,1.60740000e+04,2266,94.416667
16075,1.60750000e+04,2254,93.916667
16076,1.60760000e+04,2254,93.916667
16077,1.60770000e+04,2254,93.916667
16078,1.60780000e+04,2254,93.916667
16079,1.60790000e+04,2254,93.916667
16080,1.60800000e+04,2244,93.500000
16081,1.60810000e+04,2244,93.500000
16082,1.60820000e+04,2244,93.500000
16083,1.60830000e+04,2244,93.500000
16084,1.60840000e+04,2244,93.500000
16085,1.60850000e+04,2227,92.791667
16086,1.60860000e+04,2227,92.791667
16087,1.60870000e+04,2227,92.791667
16088,1.60880000e+04,2227,92.791667
16089,1.60890000e+04,2227,92.791667
16090,1.60900000e+04,2212,92.166667
16091,1.60910000e+04,2212,92.166667
16092,1.60920000e+04,2212,92.166667
16093,1.60930000e+04,2212,92.166667
16094,1.60940000e+04,2212,92.166667
16095,1.60950000e+04,2196,91.500000
16096,1.60960000e+04,2196,91.500000
16097,1.60970000e+04,2196,91.500000
16098,1.60980000e+04,2196,91.500000
16099,1.60990000e+04,2196,91.500000
16100,1.61000000e+04,2177,90.708333
16101,1.61010000e+04,2177,90.708333
16102,1.61020000e+04,2177,90.708333
16103,1.61030000e+04,2177,90.708333
16104,1.61040000e+04,2177,90.708333
16105,1.61050000e+04,2159,89.958333
16106,1.61060000e+04,2159,89.958333
16107,1.61070000e+04,2159,89.958333
16108,1.61080000e+04,2159,89.958333
16109,1.61090000e+04,2159,89.958333
16110,1.61100000e+04,2137,89.041667
16111,1.61110000e+04,2137,89.041667
16112,1.61120000e+04,2137,89.041667
16113,1.61130000e+04,2137,89.041667
16114,1.61140000e+04,2137,89.041667
16115,1.61150000e+04,2120,88.333333
16116,1.61160000e+04,2120,88.333333
16117,1.61170000e+04,2120,88.333333
16118,1.61180000e+04,2120,88.333333
16119,1.61190000e+04,2120,88.333333
16120,1.61200000e+04,2095,87.291667
16121,1.61210000e+04,2095,87.291667
16122,1.61220000e+04,2095,87.291667
16123,1.61230000e+04,2095,87.291667
16124,1.61240000e+04,2095,87.291667
16125,1.61250000e+04,2069,86.208333
16126,1.61260000e+04,2069,86.208333
16127,1.61270000e+04,2069,86.208333
16128,1.61280000e+04,2069,86.208333
16129,1.61290000e+04,2069,86.208333
16130,1.61300000e+04,2045,85.208333
16131,1.61310000e+04,2045,85.208333
16132,1.61320000e+04,2045,85.208333
16133,1.61330000e+04,2045,85.208333
16134,1.61340000e+04,2045,85.208333
16135,1.61350000e+04,2024,84.333333
16136,1.61360000e+04,2024,84.333333
16137,1.61370000e+04,2024,84.333333
16138,1.61380000e+04,2024,84.333333
16139,1.61390000e+04,2024,84.333333
16140,1.61400000e+04,2001,83.375000
16141,1.61410000e+04,2001,83.375000
16142,1.61420000e+04,2001,83.375000
16143,1.61430000e+04,2001,83.375000
16144,1.61440000e+04,2001,83.375000
16145,1.61450000e+04,1976,82.333333
16146,1.61460000e+04,1976,82.333333
16147,1.61470000e+04,1976,82.333333
16148,1.61480000e+04,1976,82.333333
16149,1.61490000e+04,1976,82.333333
16150,1.61500000e+04,1956,81.500000
16151,1.61510000e+04,1956,81.500000
16152,1.61520000e+04,1956,81.500000
16153,1.61530000e+04,1956,81.500000
16154,1.61540000e+04,1956,81.500000
16155,1.61550000e+04,1937,80.708333
16156,1.61560000e+04,1937,80.708333
16157,1.61570000e+04,1937,80.708333
16158,1.61580000e+04,1937,80.708333
16159,1.61590000e+04,1937,80.708333
16160,1.61600000e+04,1917,79.875000
16161,1.61610000e+04,1917,79.875000
16162,1.61620000e+04,1917,79.875000
16163,1.61630000e+04,1917,79.875000
16164,1.61640000e+04,1917,79.875000
16165,1.61650000e+04,1892,78.833333
16166,1.61660000e+04,1892,78.833333
16167,1.61670000e+04,1892,78.833333
16168,1.61680000e+04,1892,78.833333
16169,1.61690000e+04,1892,78.833333
16170,1.61700000e+04,1871,77.958333
16171,1.61710000e+04,1871,77.958333
16172,1.61720000e+04,1871,77.958333
16173,1.61730000e+04,1871,77.958333
16174,1.61740000e+04,1871,77.958333
16175,1.61750000e+04,1850,77.083333
16176,1.61760000e+04,1850,77.083333
16177,1.61770000e+04,1850,77.083333
16178,1.61780000e+04,1850,77.083333
16179,1.61790000e+04,1850,77.083333
16180,1.61800000e+04,1831,76.291667
16181,1.61810000e+04,1831,76.291667
16182,1.61820000e+04,1831,76.291667
16183,1.61830000e+04,1831,76.291667
16184,1.61840000e+04,1831,76.291667
16185,1.61850000e+04,1809,75.375000
16186,1.61860000e+04,1809,75.375000
16187,1.61870000e+04,1809,75.375000
16188,1.61880000e+04,1809,75.375000
16189,1.61890000e+04,1809,75.375000
16190,1.61900000e+04,1787,74.458333
16191,1.61910000e+04,1787,74.458333
16192,1.61920000e+04,1787,74.458333
16193,1.61930000e+04,1787,74.458333
16194,1.61940000e+04,1787,74.458333
16195,1.61950000e+04,1766,73.583333
16196,1.61960000e+04,1766,73.583333
16197,1.61970000e+04,1766,73.583333
16198,1.61980000e+04,1766,73.583333
16199,1.61990000e+04,1766,73.583333
16200,1.62000000e+04,1743,72.625000
16201,1.62010000e+04,1743,72.625000
16202,1.62020000e+04,1743,72.625000
16203,1.62030000e+04,1743,72.625000
16204,1.62040000e+04,1743,72.625000
16205,1.62050000e+04,1714,71.416667
16206,1.62060000e+04,1714,71.416667
16207,1.62070000e+04,1714,71.416667
16208,1.62080000e+04,1714,71.416667
16209,1.62090000e+04,1714,71.416667
16210,1.62100000e+04,1689,70.375000
16211,1.62110000e+04,1689,70.375000
16212,1.62120000e+04,1689,70.375000
16213,1.62130000e+04,1689,70.375000
16214,1.62140000e+04,1689,70.375000
16215,1.62150000e+04,1661,69.208333
16216,1.62160000e+04,1661,69.208333
16217,1.62170000e+04,1661,69.208333
16218,1.62180000e+04,1661,69.208333
16219,1.62190000e+04,1661,69.208333
16220,1.62200000e+04,1630,67.916667
16221,1.62210000e+04,1630,67.916667
16222,1.62220000e+04,1630,67.916667
16223,1.62230000e+04,1630,67.916667
16224,1.62240000e+04,1630,67.916667
16225,1.62250000e+04,1594,66.416667
16226,1.62260000e+04,1594,66.416667
16227,1.62270000e+04,1594,66.416667
16228,1.62280000e+04,1594,66.416667
16229,1.62290000e+04,1594,66.416667
16230,1.62300000e+04,1562,65.083333
16231,1.62310000e+04,1562,65.083333
16232,1.62320000e+04,1562,65.083333
16233,1.62330000e+04,1562,65.083333
16234,1.62340000e+04,1562,65.083333
16235,1.62350000e+04,1524,63.500000
16236,1.62360000e+04,1524,63.500000
16237,1.62370000e+04,1524,63.500000
16238,1.62380000e+04,1524,63.500000
16239,1.62390000e+04,1524,63.500000
16240,1.62400000e+04,1487,61.958333
16241,1.62410000e+04,1487,61.958333
16242,1.62420000e+04,1487,61.958333
16243,1.62430000e+04,1487,61.958333
16244,1.62440000e+04,1487,61.958333
16245,1.62450000e+04,1453,60.541667
16246,1.62460000e+04,1453,60.541667
16247,1.62470000e+04,1453,60.541667
16248,1.62480000e+04,1453,60.541667
16249,1.62490000e+04,1453,60.541667
16250,1.62500000e+04,1416,59.000000
16251,1.62510000e+04,1416,59.000000
16252,1.62520000e+04,1416,59.000000
16253,1.62530000e+04,1416,59.000000
16254,1.62540000e+04,1416,59.000000
16255,1.62550000e+04,1382,57.583333
16256,1.62560000e+04,1382,57.583333
16257,1.62570000e+04,1382,57.583333
16258,1.62580000e+04,1382,57.583333
16259,1.62590000e+04,1382,57.583333
16260,1.62600000e+04,1347,56.125000
16261,1.62610000e+04,1347,56.125000
16262,1.62620000e+04,1347,56.125000
16263,1.62630000e+04,1347,56.125000
16264,1.62640000e+04,1347,56.125000
16265,1.62650000e+04,1314,54.750000
16266,1.62660000e+04,1314,54.750000
16267,1.62670000e+04,1314,54.750000
16268,1.62680000e+04,1314,54.750000
16269,1.62690000e+04,1314,54.750000
16270,1.62700000e+04,1282,53.416667
16271,1.62710000e+04,1282,53.416667
16272,1.62720000e+04,1282,53.416667
16273,1.62730000e+04,1282,53.416667
16274,1.62740000e+04,1282,53.416667
16275,1.62750000e+04,1254,52.250000
16276,1.62760000e+04,1254,52.250000
16277,1.62770000e+04,1254,52.250000
16278,1.62780000e+04,1254,52.250000
16279,1.62790000e+04,1254,52.250000
16280,1.62800000e+04,1222,50.916667
16281,1.62810000e+04,1222,50.916667
16282,1.62820000e+04,1222,50.916667
16283,1.62830000e+04,1222,50.916667
16284,1.62840000e+04,1222,50.916667
16285,1.62850000e+04,1192,49.666667
16286,1.62860000e+04,1192,49.666667
16287,1.62870000e+04,1192,49.666667
16288,1.62880000e+04,1192,49.666667
16289,1.62890000e+04,1192,49.666667
16290,1.62900000e+04,1164,48.500000
16291,1.62910000e+04,1164,48.500000
16292,1.62920000e+04,1164,48.500000
16293,1.62930000e+04,1164,48.500000
16294,1.62940000e+04,1164,48.500000
16295,1.62950000e+04,1135,47.291667
16296,1.62960000e+04,1135,47.291667
16297,1.62970000e+04,1135,47.291667
16298,1.62980000e+04,1135,47.291667
16299,1.62990000e+04,1135,47.291667
16300,1.63000000e+04,1108,46.166667
16301,1.63010000e+04,1108,46.166667
16302,1.63020000e+04,1108,46.166667
16303,1.63030000e+04,1108,46.166667
16304,1.63040000e+04,1108,46.166667
16305,1.63050000e+04,1079,44.958333
16306,1.63060000e+04,1079,44.958333
16307,1.63070000e+04,1079,44.958333
16308,1.63080000e+04,1079,44.958333
16309,1.63090000e+04,1079,44.958333
16310,1.63100000e+04,1050,43.750000
16311,1.63110000e+04,1050,43.750000
16312,1.63120000e+04,1050,43.750000
16313,1.63130000e+04,1050,43.750000
16314,1.63140000e+04,1050,43.750000
16315,1.63150000e+04,1021,42.541667
16316,1.63160000e+04,1021,42.541667
16317,1.63170000e+04,1021,42.541667
16318,1.63180000e+04,1021,42.541667
16319,1.63190000e+04,1021,42.541667
16320,1.63200000e+04,990,41.250000
16321,1.63210000e+04,990,41.250000
16322,1.63220000e+04,990,41.250000
16323,1.63230000e+04,990,41.250000
16324,1.63240000e+04,990,41.250000
16325,1.63250000e+04,961,40.041667
16326,1.63260000e+04,961,40.041667
16327,1.63270000e+04,961,40.041667
16328,1.63280000e+04,961,40.041667
16329,1.63290000e+04,961,40.041667
16330,1.63300000e+04,929,38.708333
16331,1.63310000e+04,929,38.708333
16332,1.63320000e+04,929,38.708333
16333,1.63330000e+04,929,38.708333
16334,1.63340000e+04,929,38.708333
16335,1.63350000e+04,894,37.250000
16336,1.63360000e+04,894,37.250000
16337,1.63370000e+04,894,37.250000
16338,1.63380000e+04,894,37.250000
16339,1.63390000e+04,894,37.250000
16340,1.63400000e+04,862,35.916667
16341,1.63410000e+04,862,35.916667
16342,1.63420000e+04,862,35.916667
16343,1.63430000e+04,862,35.916667
16344,1.63440000e+04,862,35.916667
16345,1.63450000e+04,826,34.416667
16346,1.63460000e+04,826,34.416667
16347,1.63470000e+04,826,34.416667
16348,1.63480000e+04,826,34.416667
16349,1.63490000e+04,826,34.416667
16350,1.63500000e+04,790,32.916667
16351,1.63510000e+04,790,32.916667
16352,1.63520000e+04,790,32.916667
16353,1.63530000e+04,790,32.916667
16354,1.63540000e+04,790,32.916667
16355,1.63550000e+04,754,31.416667
16356,1.63560000e+04,754,31.416667
16357,1.63570000e+04,754,31.416667
16358,1.63580000e+04,754,31.416667
16359,1.63590000e+04,754,31.416667
16360,1.63600000e+04,721,30.041667
16361,1.63610000e+04,721,30.041667
16362,1.63620000e+04,721,30.041667
16363,1.63630000e+04,721,30.041667
16364,1.63640000e+04,721,30.041667
16365,1.63650000e+04,681,28.375000
16366,1.63660000e+04,681,28.375000
16367,1.63670000e+04,681,28.375000
16368,1.63680000e+04,681,28.375000
16369,1.63690000e+04,681,28.375000
16370,1.63700000e+04,653,27.208333
16371,1.63710000e+04,653,27.208333
16372,1.63720000e+04,653,27.208333
16373,1.63730000e+04,653,27.208333
16374,1.63740000e+04,653,27.208333
16375,1.63750000e+04,616,25.666667
16376,1.63760000e+04,616,25.666667
16377,1.63770000e+04,616,25.666667
16378,1.63780000e+04,616,25.666667
16379,1.63790000e+04,616,25.666667
16380,1.63800000e+04,585,24.375000
16381,1.63810000e+04,585,24.375000
16382,1.63820000e+04,585,24.375000
16383,1.63830000e+04,585,24.375000
16384,1.63840000e+04,585,24.375000
16385,1.63850000e+04,550,22.916667
16386,1.63860000e+04,550,22.916667
16387,1.63870000e+04,550,22.916667
16388,1.63880000e+04,550,22.916667
16389,1.63890000e+04,550,22.916667
16390,1.63900000e+04,521,21.708333
16391,1.63910000e+04,521,21.708333
16392,1.63920000e+04,521,21.708333
16393,1.63930000e+04,521,21.708333
16394,1.63940000e+04,521,21.708333
16395,1.63950000e+04,488,20.333333
16396,1.63960000e+04,488,20.333333
16397,1.63970000e+04,488,20.333333
16398,1.63980000e+04,488,20.333333
16399,1.63990000e+04,488,20.333333
16400,1.64000000e+04,455,18.958333
16401,1.64010000e+04,455,18.958333
16402,1.64020000e+04,455,18.958333
16403,1.64030000e+04,455,18.958333
16404,1.64040000e+04,455,18.958333
16405,1.64050000e+04,424,17.666667
16406,1.64060000e+04,424,17.666667
16407,1.64070000e+04,424,17.666667
16408,1.64080000e+04,424,17.666667
16409,1.64090000e+04,424,17.666667
16410,1.64100000e+04,389,16.208333
16411,1.64110000e+04,389,16.208333
16412,1.64120000e+04,389,16.208333
16413,1.64130000e+04,389,16.208333
16414,1.64140000e+04,389,16.208333
16415,1.64150000e+04,359,14.958333
16416,1.64160000e+04,359,14.958333
16417,1.64170000e+04,359,14.958333
16418,1.64180000e+04,359,14.958333
16419,1.64190000e+04,359,14.958333
16420,1.64200000e+04,327,13.625000
16421,1.64210000e+04,327,13.625000
16422,1.64220000e+04,327,13.625000
16423,1.64230000e+04,327,13.625000
16424,1.64240000e+04,327,13.625000
16425,1.64250000e+04,289,12.041667
16426,1.64260000e+04,289,12.041667
16427,1.64270000e+04,289,12.041667
16428,1.64280000e+04,289,12.041667
16429,1.64290000e+04,289,12.041667
16430,1.64300000e+04,253,10.541667
16431,1.64310000e+04,253,10.541667
16432,1.64320000e+04,253,10.541667
16433,1.64330000e+04,253,10.541667
16434,1.64340000e+04,253,10.541667
16435,1.64350000e+04,218,9.083333
16436,1.64360000e+04,218,9.083333
16437,1.64370000e+04,218,9.083333
16438,1.64380000e+04,218,9.083333
16439,1.64390000e+04,218,9.083333
16440,1.64400000e+04,182,7.583333
16441,1.64410000e+04,182,7.583333
16442,1.64420000e+04,182,7.583333
16443,1.64430000e+04,182,7.583333
16444,1.64440000e+04,182,7.583333
16445,1.64450000e+04,142,5.916667
16446,1.64460000e+04,142,5.916667
16447,1.64470000e+04,142,5.916667
16448,1.64480000e+04,142,5.916667
16449,1.64490000e+04,142,5.916667
16450,1.64500000e+04,105,4.375000
16451,1.64510000e+04,105,4.375000
16452,1.64520000e+04,105,4.375000
16453,1.64530000e+04,105,4.375000
16454,1.64540000e+04,105,4.375000
16455,1.64550000e+04,65,2.708333
16456,1.64560000e+04,65,2.708333
16457,1.64570000e+04,65,2.708333
16458,1.64580000e+04,65,2.708333
16459,1.64590000e+04,65,2.708333
16460,1.64600000e+04,24,1.000000
16461,1.64610000e+04,24,1.000000
16462,1.64620000e+04,24,1.000000
16463,1.64630000e+04,24,1.000000
16464,1.64640000e+04,24,1.000000
16465,1.64650000e+04,-15,-0.625000
16466,1.64660000e+04,-15,-0.625000
16467,1.64670000e+04,-15,-0.625000
16468,1.64680000e+04,-15,-0.625000
16469,1.64690000e+04,-15,-0.625000
16470,1.64700000e+04,-53,-2.208333
16471,1.64710000e+04,-53,-2.208333
16472,1.64720000e+04,-53,-2.208333
16473,1.64730000e+04,-53,-2.208333
16474,1.64740000e+04,-53,-2.208333
16475,1.64750000e+04,-92,-3.833333
16476,1.64760000e+04,-92,-3.833333
16477,1.64770000e+04,-92,-3.833333
16478,1.64780000e+04,-92,-3.833333
16479,1.64790000e+04,-92,-3.833333
16480,1.64800000e+04,-130,-5.416667
16481,1.64810000e+04,-130,-5.416667
16482,1.64820000e+04,-130,-5.416667
16483,1.64830000e+04,-130,-5.416667
16484,1.64840000e+04,-130,-5.416667
16485,1.64850000e+04,-170,-7.083333
16486,1.64860000e+04,-170,-7.083333
16487,1.64870000e+04,-170,-7.083333
16488,1.64880000e+04,-170,-7.083333
16489,1.64890000e+04,-170,-7.083333
16490,1.64900000e+04,-209,-8.708333
16491,1.64910000e+04,-209,-8.708333
16492,1.64920000e+04,-209,-8.708333
16493,1.64930000e+04,-209,-8.708333
16494,1.64940000e+04,-209,-8.708333
16495,1.64950000e+04,-245,-10.208333
16496,1.64960000e+04,-245,-10.208333
16497,1.64970000e+04,-245,-10.208333
16498,1.64980000e+04,-245,-10.208333
16499,1.64990000e+04,-245,-10.208333
16500,1.65000000e+04,-278,-11.583333
16501,1.65010000e+04,-278,-11.583333
16502,1.65020000e+04,-278,-11.583333
16503,1.65030000e+04,-278,-11.583333
16504,1.65040000e+04,-278,-11.583333
16505,1.65050000e+04,-313,-13.041667
16506,1.65060000e+04,-313,-13.041667
16507,1.65070000e+04,-313,-13.041667
16508,1.65080000e+04,-313,-13.041667
16509,1.65090000e+04,-313,-13.041667
16510,1.65100000e+04,-344,-14.333333
16511,1.65110000e+04,-344,-14.333333
16512,1.65120000e+04,-344,-14.333333
16513,1.65130000e+04,-344,-14.333333
16514,1.65140000e+04,-344,-14.333333
16515,1.65150000e+04,-374,-15.583333
16516,1.65160000e+04,-374,-15.583333
16517,1.65170000e+04,-374,-15.583333
16518,1.65180000e+04,-374,-15.583333
16519,1.65190000e+04,-374,-15.583333
16520,1.65200000e+04,-409,-17.041667
16521,1.65210000e+04,-409,-17.041667
16522,1.65220000e+04,-409,-17.041667
16523,1.65230000e+04,-409,-17.041667
16524,1.65240000e+04,-409,-17.041667
16525,1.65250000e+04,-441,-18.375000
16526,1.65260000e+04,-441,-18.375000
16527,1.65270000e+04,-441,-18.375000
16528,1.65280000e+04,-441,-18.375000
16529,1.65290000e+04,-441,-18.375000
16530,1.65300000e+04,-471,-19.625000
16531,1.65310000e+04,-471,-19.625000
16532,1.65320000e+04,-471,-19.625000
16533,1.65330000e+04,-471,-19.625000
16534,1.65340000e+04,-471,-19.625000
16535,1.65350000e+04,-502,-20.916667
16536,1.65360000e+04,-502,-20.916667
16537,1.65370000e+04,-502,-20.916667
16538,1.65380000e+04,-502,-20.916667
16539,1.65390000e+04,-502,-20.916667
16540,1.65400000e+04,-529,-22.041667
16541,1.65410000e+04,-529,-22.041667
16542,1.65420000e+04,-529,-22.041667
16543,1.65430000e+04,-529,-22.041667
16544,1.65440000e+04,-529,-22.041667
16545,1.65450000e+04,-565,-23.541667
16546,1.65460000e+04,-565,-23.541667
16547,1.65470000e+04,-565,-23.541667
16548,1.65480000e+04,-565,-23.541667
16549,1.65490000e+04,-565,-23.541667
16550,1.65500000e+04,-597,-24.875000
16551,1.65510000e+04,-597,-24.875000
16552,1.65520000e+04,-597,-24.875000
16553,1.65530000e+04,-597,-24.875000
16554,1.65540000e+04,-597,-24.875000
16555,1.65550000e+04,-630,-26.250000
16556,1.65560000e+04,-630,-26.250000
16557,1.65570000e+04,-630,-26.250000
16558,1.65580000e+04,-630,-26.250000
16559,1.65590000e+04,-630,-26.250000
16560,1.65600000e+04,-668,-27.833333
16561,1.65610000e+04,-668,-27.833333
16562,1.65620000e+04,-668,-27.833333
16563,1.65630000e+04,-668,-27.833333
16564,1.65640000e+04,-668,-27.833333
16565,1.65650000e+04,-704,-29.333333
16566,1.65660000e+04,-704,-29.333333
16567,1.65670000e+04,-704,-29.333333
16568,1.65680000e+04,-704,-29.333333
16569,1.65690000e+04,-704,-29.333333
16570,1.65700000e+04,-740,-30.833333
16571,1.65710000e+04,-740,-30.833333
16572,1.65720000e+04,-740,-30.833333
16573,1.65730000e+04,-740,-30.833333
16574,1.65740000e+04,-740,-30.833333
16575,1.65750000e+04,-776,-32.333333
16576,1.65760000e+04,-776,-32.333333
16577,1.65770000e+04,-776,-32.333333
16578,1.65780000e+04,-776,-32.333333
16579,1.65790000e+04,-776,-32.333333
16580,1.65800000e+04,-812,-33.833333
16581,1.65810000e+04,-812,-33.833333
16582,1.65820000e+04,-812,-33.833333
16583,1.65830000e+04,-812,-33.833333
16584,1.65840000e+04,-812,-33.833333
16585,1.65850000e+04,-845,-35.208333
16586,1.65860000e+04,-845,-35.208333
16587,1.65870000e+04,-845,-35.208333
16588,1.65880000e+04,-845,-35.208333
16589,1.65890000e+04,-845,-35.208333
16590,1.65900000e+04,-880,-36.666667
16591,1.65910000e+04,-880,-36.666667
16592,1.65920000e+04,-880,-36.666667
16593,1.65930000e+04,-880,-36.666667
16594,1.65940000e+04,-880,-36.666667
16595,1.65950000e+04,-917,-38.208333
16596,1.65960000e+04,-917,-38.208333
16597,1.65970000e+04,-917,-38.208333
16598,1.65980000e+04,-917,-38.208333
16599,1.65990000e+04,-917,-38.208333
16600,1.66000000e+04,-950,-39.583333
16601,1.66010000e+04,-950,-39.583333
16602,1.66020000e+04,-950,-39.583333
16603,1.66030000e+04,-950,-39.583333
16604,1.66040000e+04,-950,-39.583333
16605,1.66050000e+04,-977,-40.708333
16606,1.66060000e+04,-977,-40.708333
16607,1.66070000e+04,-977,-40.708333
16608,1.66080000e+04,-977,-40.708333
16609,1.66090000e+04,-977,-40.708333
16610,1.66100000e+04,-1012,-42.166667
16611,1.66110000e+04,-1012,-42.166667
16612,1.66120000e+04,-1012,-42.166667
16613,1.66130000e+04,-1012,-42.166667
16614,1.66140000e+04,-1012,-42.166667
16615,1.66150000e+04,-1042,-43.416667
16616,1.66160000e+04,-1042,-43.416667
16617,1.66170000e+04,-1042,-43.416667
16618,1.66180000e+04,-1042,-43.416667
16619,1.66190000e+04,-1042,-43.416667
16620,1.66200000e+04,-1073,-44.708333
16621,1.66210000e+04,-1073,-44.708333
16622,1.66220000e+04,-1073,-44.708333
16623,1.66230000e+04,-1073,-44.708333
16624,1.66240000e+04,-1073,-44.708333
16625,1.66250000e+04,-1102,-45.916667
16626,1.66260000e+04,-1102,-45.916667
16627,1.66270000e+04,-1102,-45.916667
16628,1.66280000e+04,-1102,-45.916667
16629,1.66290000e+04,-1102,-45.916667
16630,1.66300000e+04,-1133,-47.208333
16631,1.66310000e+04,-1133,-47.208333
16632,1.66320000e+04,-1133,-47.208333
16633,1.66330000e+04,-1133,-47.208333
16634,1.66340000e+04,-1133,-47.208333
16635,1.66350000e+04,-1162,-48.416667
16636,1.66360000e+04,-1162,-48.416667
16637,1.66370000e+04,-1162,-48.416667
16638,1.66380000e+04,-1162,-48.416667
16639,1.66390000e+04,-1162,-48.416667
16640,1.66400000e+04,-1192,-49.666667
16641,1.66410000e+04,-1192,-49.666667
16642,1.66420000e+04,-1192,-49.666667
16643,1.66430000e+04,-1192,-49.666667
16644,1.66440000e+04,-1192,-49.666667
16645,1.66450000e+04,-1230,-51.250000
16646,1.66460000e+04,-1230,-51.250000
16647,1.66470000e+04,-1230,-51.250000
16648,1.66480000e+04,-1230,-51.250000
16649,1.66490000e+04,-1230,-51.250000
16650,1.66500000e+04,-1255,-52.291667
16651,1.66510000e+04,-1255,-52.291667
16652,1.66520000e+04,-1255,-52.291667
16653,1.66530000e+04,-1255,-52.291667
16654,1.66540000e+04,-1255,-52.291667
16655,1.66550000e+04,-1289,-53.708333
16656,1.66560000e+04,-1289,-53.708333
16657,1.66570000e+04,-1289,-53.708333
16658,1.66580000e+04,-1289,-53.708333
16659,1.66590000e+04,-1289,-53.708333
16660,1.66600000e+04,-1319,-54.958333
16661,1.66610000e+04,-1319,-54.958333
16662,1.66620000e+04,-1319,-54.958333
16663,1.66630000e+04,-1319,-54.958333
16664,1.66640000e+04,-1319,-54.958333
16665,1.66650000e+04,-1351,-56.291667
16666,1.66660000e+04,-1351,-56.291667
16667,1.66670000e+04,-1351,-56.291667
16668,1.66680000e+04,-1351,-56.291667
16669,1.66690000e+04,-1351,-56.291667
16670,1.66700000e+04,-1389,-57.875000
16671,1.66710000e+04,-1389,-57.875000
16672,1.66720000e+04,-1389,-57.875000
16673,1.66730000e+04,-1389,-57.875000
16674,1.66740000e+04,-1389,-57.875000
16675,1.66750000e+04,-1428,-59.500000
16676,1.66760000e+04,-1428,-59.500000
16677,1.66770000e+04,-1428,-59.500000
16678,1.66780000e+04,-1428,-59.500000
16679,1.66790000e+04,-1428,-59.500000
16680,1.66800000e+04,-1463,-60.958333
16681,1.66810000e+04,-1463,-60.958333
16682,1.66820000e+04,-1463,-60.958333
16683,1.66830000e+04,-1463,-60.958333
16684,1.66840000e+04,-1463,-60.958333
16685,1.66850000e+04,-1499,-62.458333
16686,1.66860000e+04,-1499,-62.458333
16687,1.66870000e+04,-1499,-62.458333
16688,1.66880000e+04,-1499,-62.458333
16689,1.66890000e+04,-1499,-62.458333
16690,1.66900000e+04,-1537,-64.041667
16691,1.66910000e+04,-1537,-64.041667
16692,1.66920000e+04,-1537,-64.041667
16693,1.66930000e+04,-1537,-64.041667
16694,1.66940000e+04,-1537,-64.041667
16695,1.66950000e+04,-1570,-65.416667
16696,1.66960000e+04,-1570,-65.416667
16697,1.66970000e+04,-1570,-65.416667
16698,1.66980000e+04,-1570,-65.416667
16699,1.66990000e+04,-1570,-65.416667
16700,1.67000000e+04,-1606,-66.916667
16701,1.67010000e+04,-1606,-66.916667
16702,1.67020000e+04,-1606,-66.916667
16703,1.67030000e+04,-1606,-66.916667
16704,1.67040000e+04,-1606,-66.916667
16705,1.67050000e+04,-1642,-68.416667
16706,1.67060000e+04,-1642,-68.416667
16707,1.67070000e+04,-1642,-68.416667
16708,1.67080000e+04,-1642,-68.416667
16709,1.67090000e+04,-1642,-68.416667
16710,1.67100000e+04,-1670,-69.583333
16711,1.67110000e+04,-1670,-69.583333
16712,1.67120000e+04,-1670,-69.583333
16713,1.67130000e+04,-1670,-69.583333
16714,1.67140000e+04,-1670,-69.583333
16715,1.67150000e+04,-1704,-71.000000
16716,1.67160000e+04,-1704,-71.000000
16717,1.67170000e+04,-1704,-71.000000
16718,1.67180000e+04,-1704,-71.000000
16719,1.67190000e+04,-1704,-71.000000
16720,1.67200000e+04,-1725,-71.875000
16721,1.67210000e+04,-1725,-71.875000
16722,1.67220000e+04,-1725,-71.875000
16723,1.67230000e+04,-1725,-71.875000
16724,1.67240000e+04,-1725,-71.875000
16725,1.67250000e+04,-1751,-72.958333
16726,1.67260000e+04,-1751,-72.958333
16727,1.67270000e+04,-1751,-72.958333
16728,1.67280000e+04,-1751,-72.958333
16729,1.67290000e+04,-1751,-72.958333
16730,1.67300000e+04,-1778,-74.083333
16731,1.67310000e+04,-1778,-74.083333
16732,1.67320000e+04,-1778,-74.083333
16733,1.67330000e+04,-1778,-74.083333
16734,1.67340000e+04,-1778,-74.083333
16735,1.67350000e+04,-1802,-75.083333
16736,1.67360000e+04,-1802,-75.083333
16737,1.67370000e+04,-1802,-75.083333
16738,1.67380000e+04,-1802,-75.083333
16739,1.67390000e+04,-1802,-75.083333
16740,1.67400000e+04,-1820,-75.833333
16741,1.67410000e+04,-1820,-75.833333
16742,1.67420000e+04,-1820,-75.833333
16743,1.67430000e+04,-1820,-75.833333
16744,1.67440000e+04,-1820,-75.833333
16745,1.67450000e+04,-1842,-76.750000
16746,1.67460000e+04,-1842,-76.750000
16747,1.67470000e+04,-1842,-76.750000
16748,1.67480000e+04,-1842,-76.750000
16749,1.67490000e+04,-1842,-76.750000
16750,1.67500000e+04,-1864,-77.666667
16751,1.67510000e+04,-1864,-77.666667
16752,1.67520000e+04,-1864,-77.666667
16753,1.67530000e+04,-1864,-77.666667
16754,1.67540000e+04,-1864,-77.666667
16755,1.67550000e+04,-1884,-78.500000
16756,1.67560000e+04,-1884,-78.500000
16757,1.67570000e+04,-1884,-78.500000
16758,1.67580000e+04,-1884,-78.500000
16759,1.67590000e+04,-1884,-78.500000
16760,1.67600000e+04,-1906,-79.416667
16761,1.67610000e+04,-1906,-79.416667
16762,1.67620000e+04,-1906,-79.416667
16763,1.67630000e+04,-1906,-79.416667
16764,1.67640000e+04,-1906,-79.416667
16765,1.67650000e+04,-1928,-80.333333
16766,1.67660000e+04,-1928,-80.333333
16767,1.67670000e+04,-1928,-80.333333
16768,1.67680000e+04,-1928,-80.333333
16769,1.67690000e+04,-1928,-80.333333
16770,1.67700000e+04,-1947,-81.125000
16771,1.67710000e+04,-1947,-81.125000
16772,1.67720000e+04,-1947,-81.125000
16773,1.67730000e+04,-1947,-81.125000
16774,1.67740000e+04,-1947,-81.125000
16775,1.67750000e+04,-1969,-82.041667
16776,1.67760000e+04,-1969,-82.041667
16777,1.67770000e+04,-1969,-82.041667
16778,1.67780000e+04,-1969,-82.041667
16779,1.67790000e+04,-1969,-82.041667
16780,1.67800000e+04,-1989,-82.875000
16781,1.67810000e+04,-1989,-82.875000
16782,1.67820000e+04,-1989,-82.875000
16783,1.67830000e+04,-1989,-82.875000
16784,1.67840000e+04,-1989,-82.875000
16785,1.67850000e+04,-2013,-83.875000
16786,1.67860000e+04,-2013,-83.875000
16787,1.67870000e+04,-2013,-83.875000
16788,1.67880000e+04,-2013,-83.875000
16789,1.67890000e+04,-2013,-83.875000
16790,1.67900000e+04,-2035,-84.791667
16791,1.67910000e+04,-2035,-84.791667
16792,1.67920000e+04,-2035,-84.791667
16793,1.67930000e+04,-2035,-84.791667
16794,1.67940000e+04,-2035,-84.791667
16795,1.67950000e+04,-2059,-85.791667
16796,1.67960000e+04,-2059,-85.791667
16797,1.67970000e+04,-2059,-85.791667
16798,1.67980000e+04,-2059,-85.791667
16799,1.67990000e+04,-2059,-85.791667
16800,1.68000000e+04,-2083,-86.791667
16801,1.68010000e+04,-2083,-86.791667
16802,1.68020000e+04,-2083,-86.791667
16803,1.68030000e+04,-2083,-86.791667
16804,1.68040000e+04,-2083,-86.791667
16805,1.68050000e+04,-2106,-87.750000
16806,1.68060000e+04,-2106,-87.750000
16807,1.68070000e+04,-2106,-87.750000
16808,1.68080000e+04,-2106,-87.750000
16809,1.68090000e+04,-2106,-87.750000
16810,1.68100000e+04,-2130,-88.750000
16811,1.68110000e+04,-2130,-88.750000
16812,1.68120000e+04,-2130,-88.750000
16813,1.68130000e+04,-2130,-88.750000
16814,1.68140000e+04,-2130,-88.750000
16815,1.68150000e+04,-2154,-89.750000
16816,1.68160000e+04,-2154,-89.750000
16817,1.68170000e+04,-2154,-89.750000
16818,1.68180000e+04,-2154,-89.750000
16819,1.68190000e+04,-2154,-89.750000
16820,1.68200000e+04,-2175,-90.625000
16821,1.68210000e+04,-2175,-90.625000
16822,1.68220000e+04,-2175,-90.625000
16823,1.68230000e+04,-2175,-90.625000
16824,1.68240000e+04,-2175,-90.625000
16825,1.68250000e+04,-2197,-91.541667
16826,1.68260000e+04,-2197,-91.541667
16827,1.68270000e+04,-2197,-91.541667
16828,1.68280000e+04,-2197,-91.541667
16829,1.68290000e+04,-2197,-91.541667
16830,1.68300000e+04,-2218,-92.416667
16831,1.68310000e+04,-2218,-92.416667
16832,1.68320000e+04,-2218,-92.416667
16833,1.68330000e+04,-2218,-92.416667
16834,1.68340000e+04,-2218,-92.416667
16835,1.68350000e+04,-2237,-93.208333
16836,1.68360000e+04,-2237,-93.208333
16837,1.68370000e+04,-2237,-93.208333
16838,1.68380000e+04,-2237,-93.208333
16839,1.68390000e+04,-2237,-93.208333
16840,1.68400000e+04,-2252,-93.833333
16841,1.68410000e+04,-2252,-93.833333
16842,1.68420000e+04,-2252,-93.833333
16843,1.68430000e+04,-2252,-93.833333
16844,1.68440000e+04,-2252,-93.833333
16845,1.68450000e+04,-2267,-94.458333
16846,1.68460000e+04,-2267,-94.458333
16847,1.68470000e+04,-2267,-94.458333
16848,1.68480000e+04,-2267,-94.458333
16849,1.68490000e+04,-2267,-94.458333
16850,1.68500000e+04,-2281,-95.041667
16851,1.68510000e+04,-2281,-95.041667
16852,1.68520000e+04,-2281,-95.041667
16853,1.68530000e+04,-2281,-95.041667
16854,1.68540000e+04,-2281,-95.041667
16855,1.68550000e+04,-2295,-95.625000
16856,1.68560000e+04,-2295,-95.625000
16857,1.68570000e+04,-2295,-95.625000
16858,1.68580000e+04,-2295,-95.625000
16859,1.68590000e+04,-2295,-95.625000
16860,1.68600000e+04,-2307,-96.125000
16861,1.68610000e+04,-2307,-96.125000
16862,1.68620000e+04,-2307,-96.125000
16863,1.68630000e+04,-2307,-96.125000
16864,1.68640000e+04,-2307,-96.125000
16865,1.68650000e+04,-2318,-96.583333
16866,1.68660000e+04,-2318,-96.583333
16867,1.68670000e+04,-2318,-96.583333
16868,1.68680000e+04,-2318,-96.583333
16869,1.68690000e+04,-2318,-96.583333
16870,1.68700000e+04,-2328,-97.000000
16871,1.68710000e+04,-2328,-97.000000
16872,1.68720000e+04,-2328,-97.000000
16873,1.68730000e+04,-2328,-97.000000
16874,1.68740000e+04,-2328,-97.000000
16875,1.68750000e+04,-2341,-97.541667
16876,1.68760000e+04,-2341,-97.541667
16877,1.68770000e+04,-2341,-97.541667
16878,1.68780000e+04,-2341,-97.541667
16879,1.68790000e+04,-2341,-97.541667
16880,1.68800000e+04,-2357,-98.208333
16881,1.68810000e+04,-2357,-98.208333
16882,1.68820000e+04,-2357,-98.208333
16883,1.68830000e+04,-2357,-98.208333
16884,1.68840000e+04,-2357,-98.208333
16885,1.68850000e+04,-2371,-98.791667
16886,1.68860000e+04,-2371,-98.791667
16887,1.68870000e+04,-2371,-98.791667
16888,1.68880000e+04,-2371,-98.791667
16889,1.68890000e+04,-2371,-98.791667
16890,1.68900000e+04,-2390,-99.583333
16891,1.68910000e+04,-2390,-99.583333
16892,1.68920000e+04,-2390,-99.583333
16893,1.68930000e+04,-2390,-99.583333
16894,1.68940000e+04,-2390,-99.583333
16895,1.68950000e+04,-2407,-100.291667
16896,1.68960000e+04,-2407,-100.291667
16897,1.68970000e+04,-2407,-100.291667
16898,1.68980000e+04,-2407,-100.291667
16899,1.68990000e+04,-2407,-100.291667
16900,1.69000000e+04,-2429,-101.208333
16901,1.69010000e+04,-2429,-101.208333
16902,1.69020000e+04,-2429,-101.208333
16903,1.69030000e+04,-2429,-101.208333
16904,1.69040000e+04,-2429,-101.208333
16905,1.69050000e+04,-2451,-102.125000
16906,1.69060000e+04,-2451,-102.125000
16907,1.69070000e+04,-2451,-102.125000
16908,1.69080000e+04,-2451,-102.125000
16909,1.69090000e+04,-2451,-102.125000
16910,1.69100000e+04,-2475,-103.125000
16911,1.69110000e+04,-2475,-103.125000
16912,1.69120000e+04,-2475,-103.125000
16913,1.69130000e+04,-2475,-103.125000
16914,1.69140000e+04,-2475,-103.125000
16915,1.69150000e+04,-2499,-104.125000
16916,1.69160000e+04,-2499,-104.125000
16917,1.69170000e+04,-2499,-104.125000
16918,1.69180000e+04,-2499,-104.125000
16919,1.69190000e+04,-2499,-104.125000
16920,1.69200000e+04,-2528,-105.333333
16921,1.69210000e+04,-2528,-105.333333
16922,1.69220000e+04,-2528,-105.333333
16923,1.69230000e+04,-2528,-105.333333
16924,1.69240000e+04,-2528,-105.333333
16925,1.69250000e+04,-2554,-106.416667
16926,1.69260000e+04,-2554,-106.416667
16927,1.69270000e+04,-2554,-106.416667
16928,1.69280000e+04,-2554,-106.416667
16929,1.69290000e+04,-2554,-106.416667
16930,1.69300000e+04,-2577,-107.375000
16931,1.69310000e+04,-2577,-107.375000
16932,1.69320000e+04,-2577,-107.375000
16933,1.69330000e+04,-2577,-107.375000
16934,1.69340000e+04,-2577,-107.375000
16935,1.69350000e+04,-2602,-108.416667
16936,1.69360000e+04,-2602,-108.416667
16937,1.69370000e+04,-2602,-108.416667
16938,1.69380000e+04,-2602,-108.416667
16939,1.69390000e+04,-2602,-108.416667
16940,1.69400000e+04,-2623,-109.291667
16941,1.69410000e+04,-2623,-109.291667
16942,1.69420000e+04,-2623,-109.291667
16943,1.69430000e+04,-2623,-109.291667
16944,1.69440000e+04,-2623,-109.291667
16945,1.69450000e+04,-2640,-110.000000
16946,1.69460000e+04,-2640,-110.000000
16947,1.69470000e+04,-2640,-110.000000
16948,1.69480000e+04,-2640,-110.000000
16949,1.69490000e+04,-2640,-110.000000
16950,1.69500000e+04,-2656,-110.666667
16951,1.69510000e+04,-2656,-110.666667
16952,1.69520000e+04,-2656,-110.666667
16953,1.69530000e+04,-2656,-110.666667
16954,1.69540000e+04,-2656,-110.666667
16955,1.69550000e+04,-2668,-111.166667
16956,1.69560000e+04,-2668,-111.166667
16957,1.69570000e+04,-2668,-111.166667
16958,1.69580000e+04,-2668,-111.166667
16959,1.69590000e+04,-2668,-111.166667
16960,1.69600000e+04,-2679,-111.625000
16961,1.69610000e+04,-2679,-111.625000
16962,1.69620000e+04,-2679,-111.625000
16963,1.69630000e+04,-2679,-111.625000
16964,1.69640000e+04,-2679,-111.625000
16965,1.69650000e+04,-2691,-112.125000
16966,1.69660000e+04,-2691,-112.125000
16967,1.69670000e+04,-2691,-112.125000
16968,1.69680000e+04,-2691,-112.125000
16969,1.69690000e+04,-2691,-112.125000
16970,1.69700000e+04,-2704,-112.666667
16971,1.69710000e+04,-2704,-112.666667
16972,1.69720000e+04,-2704,-112.666667
16973,1.69730000e+04,-2704,-112.666667
16974,1.69740000e+04,-2704,-112.666667
16975,1.69750000e+04,-2713,-113.041667
16976,1.69760000e+04,-2713,-113.041667
16977,1.69770000e+04,-2713,-113.041667
16978,1.69780000e+04,-2713,-113.041667
16979,1.69790000e+04,-2713,-113.041667
16980,1.69800000e+04,-2720,-113.333333
16981,1.69810000e+04,-2720,-113.333333
16982,1.69820000e+04,-2720,-113.333333
16983,1.69830000e+04,-2720,-113.333333
16984,1.69840000e+04,-2720,-113.333333
16985,1.69850000e+04,-2734,-113.916667
16986,1.69860000e+04,-2734,-113.916667
16987,1.69870000e+04,-2734,-113.916667
16988,1.69880000e+04,-2734,-113.916667
16989,1.69890000e+04,-2734,-113.916667
16990,1.69900000e+04,-2743,-114.291667
16991,1.69910000e+04,-2743,-114.291667
16992,1.69920000e+04,-2743,-114.291667
16993,1.69930000e+04,-2743,-114.291667
16994,1.69940000e+04,-2743,-114.291667
16995,1.69950000e+04,-2757,-114.875000
16996,1.69960000e+04,-2757,-114.875000
16997,1.69970000e+04,-2757,-114.875000
16998,1.69980000e+04,-2757,-114.875000
16999,1.69990000e+04,-2757,-114.875000
17000,1.70000000e+04,-2772,-115.500000
17001,1.70010000e+04,-2772,-115.500000
17002,1.70020000e+04,-2772,-115.500000
17003,1.70030000e+04,-2772,-115.500000
17004,1.70040000e+04,-2772,-115.500000
17005,1.70050000e+04,-2789,-116.208333
17006,1.70060000e+04,-2789,-116.208333
17007,1.70070000e+04,-2789,-116.208333
17008,1.70080000e+04,-2789,-116.208333
17009,1.70090000e+04,-2789,-116.208333
17010,1.70100000e+04,-2804,-116.833333
17011,1.70110000e+04,-2804,-116.833333
17012,1.70120000e+04,-2804,-116.833333
17013,1.70130000e+04,-2804,-116.833333
17014,1.70140000e+04,-2804,-116.833333
17015,1.70150000e+04,-2820,-117.500000
17016,1.70160000e+04,-2820,-117.500000
17017,1.70170000e+04,-2820,-117.500000
17018,1.70180000e+04,-2820,-117.500000
17019,1.70190000e+04,-2820,-117.500000
17020,1.70200000e+04,-2837,-118.208333
17021,1.70210000e+04,-2837,-118.208333
17022,1.70220000e+04,-2837,-118.208333
17023,1.70230000e+04,-2837,-118.208333
17024,1.70240000e+04,-2837,-118.208333
17025,1.70250000e+04,-2860,-119.166667
17026,1.70260000e+04,-2860,-119.166667
17027,1.70270000e+04,-2860,-119.166667
17028,1.70280000e+04,-2860,-119.166667
17029,1.70290000e+04,-2860,-119.166667
17030,1.70300000e+04,-2879,-119.958333
17031,1.70310000e+04,-2879,-119.958333
17032,1.70320000e+04,-2879,-119.958333
17033,1.70330000e+04,-2879,-119.958333
17034,1.70340000e+04,-2879,-119.958333
17035,1.70350000e+04,-2901,-120.875000
17036,1.70360000e+04,-2901,-120.875000
17037,1.70370000e+04,-2901,-120.875000
17038,1.70380000e+04,-2901,-120.875000
17039,1.70390000e+04,-2901,-120.875000
17040,1.70400000e+04,-2922,-121.750000
17041,1.70410000e+04,-2922,-121.750000
17042,1.70420000e+04,-2922,-121.750000
17043,1.70430000e+04,-2922,-121.750000
17044,1.70440000e+04,-2922,-121.750000
17045,1.70450000e+04,-2941,-122.541667
17046,1.70460000e+04,-2941,-122.541667
17047,1.70470000e+04,-2941,-122.541667
17048,1.70480000e+04,-2941,-122.541667
17049,1.70490000e+04,-2941,-122.541667
17050,1.70500000e+04,-2960,-123.333333
17051,1.70510000e+04,-2960,-123.333333
17052,1.70520000e+04,-2960,-123.333333
17053,1.70530000e+04,-2960,-123.333333
17054,1.70540000e+04,-2960,-123.333333
17055,1.70550000e+04,-2980,-124.166667
17056,1.70560000e+04,-2980,-124.166667
17057,1.70570000e+04,-2980,-124.166667
17058,1.70580000e+04,-2980,-124.166667
17059,1.70590000e+04,-2980,-124.166667
17060,1.70600000e+04,-2994,-124.750000
17061,1.70610000e+04,-2994,-124.750000
17062,1.70620000e+04,-2994,-124.750000
17063,1.70630000e+04,-2994,-124.750000
17064,1.70640000e+04,-2994,-124.750000
17065,1.70650000e+04,-3008,-125.333333
17066,1.70660000e+04,-3008,-125.333333
17067,1.70670000e+04,-3008,-125.333333
17068,1.70680000e+04,-3008,-125.333333
17069,1.70690000e+04,-3008,-125.333333
17070,1.70700000e+04,-3021,-125.875000
17071,1.70710000e+04,-3021,-125.875000
17072,1.70720000e+04,-3021,-125.875000
17073,1.70730000e+04,-3021,-125.875000
17074,1.70740000e+04,-3021,-125.875000
17075,1.70750000e+04,-3027,-126.125000
17076,1.70760000e+04,-3027,-126.125000
17077,1.70770000e+04,-3027,-126.125000
17078,1.70780000e+04,-3027,-126.125000
17079,1.70790000e+04,-3027,-126.125000
17080,1.70800000e+04,-3040,-126.666667
17081,1.70810000e+04,-3040,-126.666667
17082,1.70820000e+04,-3040,-126.666667
17083,1.70830000e+04,-3040,-126.666667
17084,1.70840000e+04,-3040,-126.666667
17085,1.70850000e+04,-3046,-126.916667
17086,1.70860000e+04,-3046,-126.916667
17087,1.70870000e+04,-3046,-126.916667
17088,1.70880000e+04,-3046,-126.916667
17089,1.70890000e+04,-3046,-126.916667
17090,1.70900000e+04,-3053,-127.208333
17091,1.70910000e+04,-3053,-127.208333
17092,1.70920000e+04,-3053,-127.208333
17093,1.70930000e+04,-3053,-127.208333
17094,1.70940000e+04,-3053,-127.208333
17095,1.70950000e+04,-3060,-127.500000
17096,1.70960000e+04,-3060,-127.500000
17097,1.70970000e+04,-3060,-127.500000
17098,1.70980000e+04,-3060,-127.500000
17099,1.70990000e+04,-3060,-127.500000
17100,1.71000000e+04,-3068,-127.833333
17101,1.71010000e+04,-3068,-127.833333
17102,1.71020000e+04,-3068,-127.833333
17103,1.71030000e+04,-3068,-127.833333
17104,1.71040000e+04,-3068,-127.833333
17105,1.71050000e+04,-3073,-128.041667
17106,1.71060000e+04,-3073,-128.041667
17107,1.71070000e+04,-3073,-128.041667
17108,1.71080000e+04,-3073,-128.041667
17109,1.71090000e+04,-3073,-128.041667
17110,1.71100000e+04,-3079,-128.291667
17111,1.71110000e+04,-3079,-128.291667
17112,1.71120000e+04,-3079,-128.291667
17113,1.71130000e+04,-3079,-128.291667
17114,1.71140000e+04,-3079,-128.291667
17115,1.71150000e+04,-3087,-128.625000
17116,1.71160000e+04,-3087,-128.625000
17117,1.71170000e+04,-3087,-128.625000
17118,1.71180000e+04,-3087,-128.625000
17119,1.71190000e+04,-3087,-128.625000
17120,1.71200000e+04,-3097,-129.041667
17121,1.71210000e+04,-3097,-129.041667
17122,1.71220000e+04,-3097,-129.041667
17123,1.71230000e+04,-3097,-129.041667
17124,1.71240000e+04,-3097,-129.041667
17125,1.71250000e+04,-3105,-129.375000
17126,1.71260000e+04,-3105,-129.375000
17127,1.71270000e+04,-3105,-129.375000
17128,1.71280000e+04,-3105,-129.375000
17129,1.71290000e+04,-3105,-129.375000
17130,1.71300000e+04,-3115,-129.791667
17131,1.71310000e+04,-3115,-129.791667
17132,1.71320000e+04,-3115,-129.791667
17133,1.71330000e+04,-3115,-129.791667
17134,1.71340000e+04,-3115,-129.791667
17135,1.71350000e+04,-3123,-130.125000
17136,1.71360000e+04,-3123,-130.125000
17137,1.71370000e+04,-3123,-130.125000
17138,1.71380000e+04,-3123,-130.125000
17139,1.71390000e+04,-3123,-130.125000
17140,1.71400000e+04,-3134,-130.583333
17141,1.71410000e+04,-3134,-130.583333
17142,1.71420000e+04,-3134,-130.583333
17143,1.71430000e+04,-3134,-130.583333
17144,1.71440000e+04,-3134,-130.583333
17145,1.71450000e+04,-3150,-131.250000
17146,1.71460000e+04,-3150,-131.250000
17147,1.71470000e+04,-3150,-131.250000
17148,1.71480000e+04,-3150,-131.250000
17149,1.71490000e+04,-3150,-131.250000
17150,1.71500000e+04,-3162,-131.750000
17151,1.71510000e+04,-3162,-131.750000
17152,1.71520000e+04,-3162,-131.750000
17153,1.71530000e+04,-3162,-131.750000
17154,1.71540000e+04,-3162,-131.750000
17155,1.71550000e+04,-3174,-132.250000
17156,1.71560000e+04,-3174,-132.250000
17157,1.71570000e+04,-3174,-132.250000
17158,1.71580000e+04,-3174,-132.250000
17159,1.71590000e+04,-3174,-132.250000
17160,1.71600000e+04,-3187,-132.791667
17161,1.71610000e+04,-3187,-132.791667
17162,1.71620000e+04,-3187,-132.791667
17163,1.71630000e+04,-3187,-132.791667
17164,1.71640000e+04,-3187,-132.791667
17165,1.71650000e+04,-3196,-133.166667
17166,1.71660000e+04,-3196,-133.166667
17167,1.71670000e+04,-3196,-133.166667
17168,1.71680000e+04,-3196,-133.166667
17169,1.71690000e+04,-3196,-133.166667
17170,1.71700000e+04,-3205,-133.541667
17171,1.71710000e+04,-3205,-133.541667
17172,1.71720000e+04,-3205,-133.541667
17173,1.71730000e+04,-3205,-133.541667
17174,1.71740000e+04,-3205,-133.541667
17175,1.71750000e+04,-3211,-133.791667
17176,1.71760000e+04,-3211,-133.791667
17177,1.71770000e+04,-3211,-133.791667
17178,1.71780000e+04,-3211,-133.791667
17179,1.71790000e+04,-3211,-133.791667
17180,1.71800000e+04,-3214,-133.916667
17181,1.71810000e+04,-3214,-133.916667
17182,1.71820000e+04,-3214,-133.916667
17183,1.71830000e+04,-3214,-133.916667
17184,1.71840000e+04,-3214,-133.916667
17185,1.71850000e+04,-3209,-133.708333
17186,1.71860000e+04,-3209,-133.708333
17187,1.71870000e+04,-3209,-133.708333
17188,1.71880000e+04,-3209,-133.708333
17189,1.71890000e+04,-3209,-133.708333
17190,1.71900000e+04,-3205,-133.541667
17191,1.71910000e+04,-3205,-133.541667
17192,1.71920000e+04,-3205,-133.541667
17193,1.71930000e+04,-3205,-133.541667
17194,1.71940000e+04,-3205,-133.541667
17195,1.71950000e+04,-3199,-133.291667
17196,1.71960000e+04,-3199,-133.291667
17197,1.71970000e+04,-3199,-133.291667
17198,1.71980000e+04,-3199,-133.291667
17199,1.71990000e+04,-3199,-133.291667
17200,1.72000000e+04,-3188,-132.833333
17201,1.72010000e+04,-3188,-132.833333
17202,1.72020000e+04,-3188,-132.833333
17203,1.72030000e+04,-3188,-132.833333
17204,1.72040000e+04,-3188,-132.833333
17205,1.72050000e+04,-3173,-132.208333
17206,1.72060000e+04,-3173,-132.208333
17207,1.72070000e+04,-3173,-132.208333
17208,1.72080000e+04,-3173,-132.208333
17209,1.72090000e+04,-3173,-132.208333
17210,1.72100000e+04,-3161,-131.708333
17211,1.72110000e+04,-3161,-131.708333
17212,1.72120000e+04,-3161,-131.708333
17213,1.72130000e+04,-3161,-131.708333
17214,1.72140000e+04,-3161,-131.708333
17215,1.72150000e+04,-3151,-131.291667
17216,1.72160000e+04,-3151,-131.291667
17217,1.72170000e+04,-3151,-131.291667
17218,1.72180000e+04,-3151,-131.291667
17219,1.72190000e+04,-3151,-131.291667
17220,1.72200000e+04,-3134,-130.583333
17221,1.72210000e+04,-3134,-130.583333
17222,1.72220000e+04,-3134,-130.583333
17223,1.72230000e+04,-3134,-130.583333
17224,1.72240000e+04,-3134,-130.583333
17225,1.72250000e+04,-3125,-130.208333
17226,1.72260000e+04,-3125,-130.208333
17227,1.72270000e+04,-3125,-130.208333
17228,1.72280000e+04,-3125,-130.208333
17229,1.72290000e+04,-3125,-130.208333
17230,1.72300000e+04,-3112,-129.666667
17231,1.72310000e+04,-3112,-129.666667
17232,1.72320000e+04,-3112,-129.666667
17233,1.72330000e+04,-3112,-129.666667
17234,1.72340000e+04,-3112,-129.666667
17235,1.72350000e+04,-3103,-129.291667
17236,1.72360000e+04,-3103,-129.291667
17237,1.72370000e+04,-3103,-129.291667
17238,1.72380000e+04,-3103,-129.291667
17239,1.72390000e+04,-3103,-129.291667
17240,1.72400000e+04,-3091,-128.791667
17241,1.72410000e+04,-3091,-128.791667
17242,1.72420000e+04,-3091,-128.791667
17243,1.72430000e+04,-3091,-128.791667
17244,1.72440000e+04,-3091,-128.791667
17245,1.72450000e+04,-3084,-128.500000
17246,1.72460000e+04,-3084,-128.500000
17247,1.72470000e+04,-3084,-128.500000
17248,1.72480000e+04,-3084,-128.500000
17249,1.72490000e+04,-3084,-128.500000
17250,1.72500000e+04,-3076,-128.166667
17251,1.72510000e+04,-3076,-128.166667
17252,1.72520000e+04,-3076,-128.166667
17253,1.72530000e+04,-3076,-128.166667
17254,1.72540000e+04,-3076,-128.166667
17255,1.72550000e+04,-3064,-127.666667
17256,1.72560000e+04,-3064,-127.666667
17257,1.72570000e+04,-3064,-127.666667
17258,1.72580000e+04,-3064,-127.666667
17259,1.72590000e+04,-3064,-127.666667
17260,1.72600000e+04,-3059,-127.458333
17261,1.72610000e+04,-3059,-127.458333
17262,1.72620000e+04,-3059,-127.458333
17263,1.72630000e+04,-3059,-127.458333
17264,1.72640000e+04,-3059,-127.458333
17265,1.72650000e+04,-3050,-127.083333
17266,1.72660000e+04,-3050,-127.083333
17267,1.72670000e+04,-3050,-127.083333
17268,1.72680000e+04,-3050,-127.083333
17269,1.72690000e+04,-3050,-127.083333
17270,1.72700000e+04,-3046,-126.916667
17271,1.72710000e+04,-3046,-126.916667
17272,1.72720000e+04,-3046,-126.916667
17273,1.72730000e+04,-3046,-126.916667
17274,1.72740000e+04,-3046,-126.916667
17275,1.72750000e+04,-3038,-126.583333
17276,1.72760000e+04,-3038,-126.583333
17277,1.72770000e+04,-3038,-126.583333
17278,1.72780000e+04,-3038,-126.583333
17279,1.72790000e+04,-3038,-126.583333
17280,1.72800000e+04,-3031,-126.291667
17281,1.72810000e+04,-3031,-126.291667
17282,1.72820000e+04,-3031,-126.291667
17283,1.72830000e+04,-3031,-126.291667
17284,1.72840000e+04,-3031,-126.291667
17285,1.72850000e+04,-3026,-126.083333
17286,1.72860000e+04,-3026,-126.083333
17287,1.72870000e+04,-3026,-126.083333
17288,1.72880000e+04,-3026,-126.083333
17289,1.72890000e+04,-3026,-126.083333
17290,1.72900000e+04,-3013,-125.541667
17291,1.72910000e+04,-3013,-125.541667
17292,1.72920000e+04,-3013,-125.541667
17293,1.72930000e+04,-3013,-125.541667
17294,1.72940000e+04,-3013,-125.541667
17295,1.72950000e+04,-3005,-125.208333
17296,1.72960000e+04,-3005,-125.208333
17297,1.72970000e+04,-3005,-125.208333
17298,1.72980000e+04,-3005,-125.208333
17299,1.72990000e+04,-3005,-125.208333
17300,1.73000000e+04,-2992,-124.666667
17301,1.73010000e+04,-2992,-124.666667
17302,1.73020000e+04,-2992,-124.666667
17303,1.73030000e+04,-2992,-124.666667
17304,1.73040000e+04,-2992,-124.666667
17305,1.73050000e+04,-2978,-124.083333
17306,1.73060000e+04,-2978,-124.083333
17307,1.73070000e+04,-2978,-124.083333
17308,1.73080000e+04,-2978,-124.083333
17309,1.73090000e+04,-2978,-124.083333
17310,1.73100000e+04,-2963,-123.458333
17311,1.73110000e+04,-2963,-123.458333
17312,1.73120000e+04,-2963,-123.458333
17313,1.73130000e+04,-2963,-123.458333
17314,1.73140000e+04,-2963,-123.458333
17315,1.73150000e+04,-2945,-122.708333
17316,1.73160000e+04,-2945,-122.708333
17317,1.73170000e+04,-2945,-122.708333
17318,1.73180000e+04,-2945,-122.708333
17319,1.73190000e+04,-2945,-122.708333
17320,1.73200000e+04,-2928,-122.000000
17321,1.73210000e+04,-2928,-122.000000
17322,1.73220000e+04,-2928,-122.000000
17323,1.73230000e+04,-2928,-122.000000
17324,1.73240000e+04,-2928,-122.000000
17325,1.73250000e+04,-2907,-121.125000
17326,1.73260000e+04,-2907,-121.125000
17327,1.73270000e+04,-2907,-121.125000
17328,1.73280000e+04,-2907,-121.125000
17329,1.73290000e+04,-2907,-121.125000
17330,1.73300000e+04,-2888,-120.333333
17331,1.73310000e+04,-2888,-120.333333
17332,1.73320000e+04,-2888,-120.333333
17333,1.73330000e+04,-2888,-120.333333
17334,1.73340000e+04,-2888,-120.333333
17335,1.73350000e+04,-2861,-119.208333
17336,1.73360000e+04,-2861,-119.208333
17337,1.73370000e+04,-2861,-119.208333
17338,1.73380000e+04,-2861,-119.208333
17339,1.73390000e+04,-2861,-119.208333
17340,1.73400000e+04,-2842,-118.416667
17341,1.73410000e+04,-2842,-118.416667
17342,1.73420000e+04,-2842,-118.416667
17343,1.73430000e+04,-2842,-118.416667
17344,1.73440000e+04,-2842,-118.416667
17345,1.73450000e+04,-2820,-117.500000
17346,1.73460000e+04,-2820,-117.500000
17347,1.73470000e+04,-2820,-117.500000
17348,1.73480000e+04,-2820,-117.500000
17349,1.73490000e+04,-2820,-117.500000
17350,1.73500000e+04,-2805,-116.875000
17351,1.73510000e+04,-2805,-116.875000
17352,1.73520000e+04,-2805,-116.875000
17353,1.73530000e+04,-2805,-116.875000
17354,1.73540000e+04,-2805,-116.875000
17355,1.73550000e+04,-2781,-115.875000
17356,1.73560000e+04,-2781,-115.875000
17357,1.73570000e+04,-2781,-115.875000
17358,1.73580000e+04,-2781,-115.875000
17359,1.73590000e+04,-2781,-115.875000
17360,1.73600000e+04,-2766,-115.250000
17361,1.73610000e+04,-2766,-115.250000
17362,1.73620000e+04,-2766,-115.250000
17363,1.73630000e+04,-2766,-115.250000
17364,1.73640000e+04,-2766,-115.250000
17365,1.73650000e+04,-2749,-114.541667
17366,1.73660000e+04,-2749,-114.541667
17367,1.73670000e+04,-2749,-114.541667
17368,1.73680000e+04,-2749,-114.541667
17369,1.73690000e+04,-2749,-114.541667
17370,1.73700000e+04,-2735,-113.958333
17371,1.73710000e+04,-2735,-113.958333
17372,1.73720000e+04,-2735,-113.958333
17373,1.73730000e+04,-2735,-113.958333
17374,1.73740000e+04,-2735,-113.958333
17375,1.73750000e+04,-2720,-113.333333
17376,1.73760000e+04,-2720,-113.333333
17377,1.73770000e+04,-2720,-113.333333
17378,1.73780000e+04,-2720,-113.333333
17379,1.73790000e+04,-2720,-113.333333
17380,1.73800000e+04,-2708,-112.833333
17381,1.73810000e+04,-2708,-112.833333
17382,1.73820000e+04,-2708,-112.833333
17383,1.73830000e+04,-2708,-112.833333
17384,1.73840000e+04,-2708,-112.833333
17385,1.73850000e+04,-2695,-112.291667
17386,1.73860000e+04,-2695,-112.291667
17387,1.73870000e+04,-2695,-112.291667
17388,1.73880000e+04,-2695,-112.291667
17389,1.73890000e+04,-2695,-112.291667
17390,1.73900000e+04,-2688,-112.000000
17391,1.73910000e+04,-2688,-112.000000
17392,1.73920000e+04,-2688,-112.000000
17393,1.73930000e+04,-2688,-112.000000
17394,1.73940000e+04,-2688,-112.000000
17395,1.73950000e+04,-2678,-111.583333
17396,1.73960000e+04,-2678,-111.583333
17397,1.73970000e+04,-2678,-111.583333
17398,1.73980000e+04,-2678,-111.583333
17399,1.73990000e+04,-2678,-111.583333
17400,1.74000000e+04,-2663,-110.958333
17401,1.74010000e+04,-2663,-110.958333
17402,1.74020000e+04,-2663,-110.958333
17403,1.74030000e+04,-2663,-110.958333
17404,1.74040000e+04,-2663,-110.958333
17405,1.74050000e+04,-2651,-110.458333
17406,1.74060000e+04,-2651,-110.458333
17407,1.74070000e+04,-2651,-110.458333
17408,1.74080000e+04,-2651,-110.458333
17409,1.74090000e+04,-2651,-110.458333
17410,1.74100000e+04,-2639,-109.958333
17411,1.74110000e+04,-2639,-109.958333
17412,1.74120000e+04,-2639,-109.958333
17413,1.74130000e+04,-2639,-109.958333
17414,1.74140000e+04,-2639,-109.958333
17415,1.74150000e+04,-2623,-109.291667
17416,1.74160000e+04,-2623,-109.291667
17417,1.74170000e+04,-2623,-109.291667
17418,1.74180000e+04,-2623,-109.291667
17419,1.74190000e+04,-2623,-109.291667
17420,1.74200000e+04,-2602,-108.416667
17421,1.74210000e+04,-2602,-108.416667
17422,1.74220000e+04,-2602,-108.416667
17423,1.74230000e+04,-2602,-108.416667
17424,1.74240000e+04,-2602,-108.416667
17425,1.74250000e+04,-2581,-107.541667
17426,1.74260000e+04,-2581,-107.541667
17427,1.74270000e+04,-2581,-107.541667
17428,1.74280000e+04,-2581,-107.541667
17429,1.74290000e+04,-2581,-107.541667
17430,1.74300000e+04,-2556,-106.500000
17431,1.74310000e+04,-2556,-106.500000
17432,1.74320000e+04,-2556,-106.500000
17433,1.74330000e+04,-2556,-106.500000
17434,1.74340000e+04,-2556,-106.500000
17435,1.74350000e+04,-2528,-105.333333
17436,1.74360000e+04,-2528,-105.333333
17437,1.74370000e+04,-2528,-105.333333
17438,1.74380000e+04,-2528,-105.333333
17439,1.74390000e+04,-2528,-105.333333
17440,1.74400000e+04,-2501,-104.208333
17441,1.74410000e+04,-2501,-104.208333
17442,1.74420000e+04,-2501,-104.208333
17443,1.74430000e+04,-2501,-104.208333
17444,1.74440000e+04,-2501,-104.208333
17445,1.74450000e+04,-2477,-103.208333
17446,1.74460000e+04,-2477,-103.208333
17447,1.74470000e+04,-2477,-103.208333
17448,1.74480000e+04,-2477,-103.208333
17449,1.74490000e+04,-2477,-103.208333
17450,1.74500000e+04,-2448,-102.000000
17451,1.74510000e+04,-2448,-102.000000
17452,1.74520000e+04,-2448,-102.000000
17453,1.74530000e+04,-2448,-102.000000
17454,1.74540000e+04,-2448,-102.000000
17455,1.74550000e+04,-2425,-101.041667
17456,1.74560000e+04,-2425,-101.041667
17457,1.74570000e+04,-2425,-101.041667
17458,1.74580000e+04,-2425,-101.041667
17459,1.74590000e+04,-2425,-101.041667
17460,1.74600000e+04,-2400,-100.000000
17461,1.74610000e+04,-2400,-100.000000
17462,1.74620000e+04,-2400,-100.000000
17463,1.74630000e+04,-2400,-100.000000
17464,1.74640000e+04,-2400,-100.000000
17465,1.74650000e+04,-2379,-99.125000
17466,1.74660000e+04,-2379,-99.125000
17467,1.74670000e+04,-2379,-99.125000
17468,1.74680000e+04,-2379,-99.125000
17469,1.74690000e+04,-2379,-99.125000
17470,1.74700000e+04,-2361,-98.375000
17471,1.74710000e+04,-2361,-98.375000
17472,1.74720000e+04,-2361,-98.375000
17473,1.74730000e+04,-2361,-98.375000
17474,1.74740000e+04,-2361,-98.375000
17475,1.74750000e+04,-2343,-97.625000
17476,1.74760000e+04,-2343,-97.625000
17477,1.74770000e+04,-2343,-97.625000
17478,1.74780000e+04,-2343,-97.625000
17479,1.74790000e+04,-2343,-97.625000
17480,1.74800000e+04,-2327,-96.958333
17481,1.74810000e+04,-2327,-96.958333
17482,1.74820000e+04,-2327,-96.958333
17483,1.74830000e+04,-2327,-96.958333
17484,1.74840000e+04,-2327,-96.958333
17485,1.74850000e+04,-2316,-96.500000
17486,1.74860000e+04,-2316,-96.500000
17487,1.74870000e+04,-2316,-96.500000
17488,1.74880000e+04,-2316,-96.500000
17489,1.74890000e+04,-2316,-96.500000
17490,1.74900000e+04,-2302,-95.916667
17491,1.74910000e+04,-2302,-95.916667
17492,1.74920000e+04,-2302,-95.916667
17493,1.74930000e+04,-2302,-95.916667
17494,1.74940000e+04,-2302,-95.916667
17495,1.74950000e+04,-2287,-95.291667
17496,1.74960000e+04,-2287,-95.291667
17497,1.74970000e+04,-2287,-95.291667
17498,1.74980000e+04,-2287,-95.291667
17499,1.74990000e+04,-2287,-95.291667
17500,1.75000000e+04,-2276,-94.833333
17501,1.75010000e+04,-2276,-94.833333
17502,1.75020000e+04,-2276,-94.833333
17503,1.75030000e+04,-2276,-94.833333
17504,1.75040000e+04,-2276,-94.833333
17505,1.75050000e+04,-2266,-94.416667
17506,1.75060000e+04,-2266,-94.416667
17507,1.75070000e+04,-2266,-94.416667
17508,1.75080000e+04,-2266,-94.416667
17509,1.75090000e+04,-2266,-94.416667
17510,1.75100000e+04,-2256,-94.000000
17511,1.75110000e+04,-2256,-94.000000
17512,1.75120000e+04,-2256,-94.000000
17513,1.75130000e+04,-2256,-94.000000
17514,1.75140000e+04,-2256,-94.000000
17515,1.75150000e+04,-2242,-93.416667
17516,1.75160000e+04,-2242,-93.416667
17517,1.75170000e+04,-2242,-93.416667
17518,1.75180000e+04,-2242,-93.416667
17519,1.75190000e+04,-2242,-93.416667
17520,1.75200000e+04,-2229,-92.875000
17521,1.75210000e+04,-2229,-92.875000
17522,1.75220000e+04,-2229,-92.875000
17523,1.75230000e+04,-2229,-92.875000
17524,1.75240000e+04,-2229,-92.875000
17525,1.75250000e+04,-2214,-92.250000
17526,1.75260000e+04,-2214,-92.250000
17527,1.75270000e+04,-2214,-92.250000
17528,1.75280000e+04,-2214,-92.250000
17529,1.75290000e+04,-2214,-92.250000
17530,1.75300000e+04,-2200,-91.666667
17531,1.75310000e+04,-2200,-91.666667
17532,1.75320000e+04,-2200,-91.666667
17533,1.75330000e+04,-2200,-91.666667
17534,1.75340000e+04,-2200,-91.666667
17535,1.75350000e+04,-2181,-90.875000
17536,1.75360000e+04,-2181,-90.875000
17537,1.75370000e+04,-2181,-90.875000
17538,1.75380000e+04,-2181,-90.875000
17539,1.75390000e+04,-2181,-90.875000
17540,1.75400000e+04,-2159,-89.958333
17541,1.75410000e+04,-2159,-89.958333
17542,1.75420000e+04,-2159,-89.958333
17543,1.75430000e+04,-2159,-89.958333
17544,1.75440000e+04,-2159,-89.958333
17545,1.75450000e+04,-2140,-89.166667
17546,1.75460000e+04,-2140,-89.166667
17547,1.75470000e+04,-2140,-89.166667
17548,1.75480000e+04,-2140,-89.166667
17549,1.75490000e+04,-2140,-89.166667
17550,1.75500000e+04,-2117,-88.208333
17551,1.75510000e+04,-2117,-88.208333
17552,1.75520000e+04,-2117,-88.208333
17553,1.75530000e+04,-2117,-88.208333
17554,1.75540000e+04,-2117,-88.208333
17555,1.75550000e+04,-2095,-87.291667
17556,1.75560000e+04,-2095,-87.291667
17557,1.75570000e+04,-2095,-87.291667
17558,1.75580000e+04,-2095,-87.291667
17559,1.75590000e+04,-2095,-87.291667
17560,1.75600000e+04,-2070,-86.250000
17561,1.75610000e+04,-2070,-86.250000
17562,1.75620000e+04,-2070,-86.250000
17563,1.75630000e+04,-2070,-86.250000
17564,1.75640000e+04,-2070,-86.250000
17565,1.75650000e+04,-2052,-85.500000
17566,1.75660000e+04,-2052,-85.500000
17567,1.75670000e+04,-2052,-85.500000
17568,1.75680000e+04,-2052,-85.500000
17569,1.75690000e+04,-2052,-85.500000
17570,1.75700000e+04,-2025,-84.375000
17571,1.75710000e+04,-2025,-84.375000
17572,1.75720000e+04,-2025,-84.375000
17573,1.75730000e+04,-2025,-84.375000
17574,1.75740000e+04,-2025,-84.375000
17575,1.75750000e+04,-2002,-83.416667
17576,1.75760000e+04,-2002,-83.416667
17577,1.75770000e+04,-2002,-83.416667
17578,1.75780000e+04,-2002,-83.416667
17579,1.75790000e+04,-2002,-83.416667
17580,1.75800000e+04,-1979,-82.458333
17581,1.75810000e+04,-1979,-82.458333
17582,1.75820000e+04,-1979,-82.458333
17583,1.75830000e+04,-1979,-82.458333
17584,1.75840000e+04,-1979,-82.458333
17585,1.75850000e+04,-1959,-81.625000
17586,1.75860000e+04,-1959,-81.625000
17587,1.75870000e+04,-1959,-81.625000
17588,1.75880000e+04,-1959,-81.625000
17589,1.75890000e+04,-1959,-81.625000
17590,1.75900000e+04,-1936,-80.666667
17591,1.75910000e+04,-1936,-80.666667
17592,1.75920000e+04,-1936,-80.666667
17593,1.75930000e+04,-1936,-80.666667
17594,1.75940000e+04,-1936,-80.666667
17595,1.75950000e+04,-1918,-79.916667
17596,1.75960000e+04,-1918,-79.916667
17597,1.75970000e+04,-1918,-79.916667
17598,1.75980000e+04,-1918,-79.916667
17599,1.75990000e+04,-1918,-79.916667
17600,1.76000000e+04,-1894,-78.916667
17601,1.76010000e+04,-1894,-78.916667
17602,1.76020000e+04,-1894,-78.916667
17603,1.76030000e+04,-1894,-78.916667
17604,1.76040000e+04,-1894,-78.916667
17605,1.76050000e+04,-1876,-78.166667
17606,1.76060000e+04,-1876,-78.166667
17607,1.76070000e+04,-1876,-78.166667
17608,1.76080000e+04,-1876,-78.166667
17609,1.76090000e+04,-1876,-78.166667
17610,1.76100000e+04,-1853,-77.208333
17611,1.76110000e+04,-1853,-77.208333
17612,1.76120000e+04,-1853,-77.208333
17613,1.76130000e+04,-1853,-77.208333
17614,1.76140000e+04,-1853,-77.208333
17615,1.76150000e+04,-1830,-76.250000
17616,1.76160000e+04,-1830,-76.250000
17617,1.76170000e+04,-1830,-76.250000
17618,1.76180000e+04,-1830,-76.250000
17619,1.76190000e+04,-1830,-76.250000
17620,1.76200000e+04,-1812,-75.500000
17621,1.76210000e+04,-1812,-75.500000
17622,1.76220000e+04,-1812,-75.500000
17623,1.76230000e+04,-1812,-75.500000
17624,1.76240000e+04,-1812,-75.500000
17625,1.76250000e+04,-1791,-74.625000
17626,1.76260000e+04,-1791,-74.625000
17627,1.76270000e+04,-1791,-74.625000
17628,1.76280000e+04,-1791,-74.625000
17629,1.76290000e+04,-1791,-74.625000
17630,1.76300000e+04,-1767,-73.625000
17631,1.76310000e+04,-1767,-73.625000
17632,1.76320000e+04,-1767,-73.625000
17633,1.76330000e+04,-1767,-73.625000
17634,1.76340000e+04,-1767,-73.625000
17635,1.76350000e+04,-1741,-72.541667
17636,1.76360000e+04,-1741,-72.541667
17637,1.76370000e+04,-1741,-72.541667
17638,1.76380000e+04,-1741,-72.541667
17639,1.76390000e+04,-1741,-72.541667
17640,1.76400000e+04,-1718,-71.583333
17641,1.76410000e+04,-1718,-71.583333
17642,1.76420000e+04,-1718,-71.583333
17643,1.76430000e+04,-1718,-71.583333
17644,1.76440000e+04,-1718,-71.583333
17645,1.76450000e+04,-1695,-70.625000
17646,1.76460000e+04,-1695,-70.625000
17647,1.76470000e+04,-1695,-70.625000
17648,1.76480000e+04,-1695,-70.625000
17649,1.76490000e+04,-1695,-70.625000
17650,1.76500000e+04,-1662,-69.250000
17651,1.76510000e+04,-1662,-69.250000
17652,1.76520000e+04,-1662,-69.250000
17653,1.76530000e+04,-1662,-69.250000
17654,1.76540000e+04,-1662,-69.250000
17655,1.76550000e+04,-1630,-67.916667
17656,1.76560000e+04,-1630,-67.916667
17657,1.76570000e+04,-1630,-67.916667
17658,1.76580000e+04,-1630,-67.916667
17659,1.76590000e+04,-1630,-67.916667
17660,1.76600000e+04,-1599,-66.625000
17661,1.76610000e+04,-1599,-66.625000
17662,1.76620000e+04,-1599,-66.625000
17663,1.76630000e+04,-1599,-66.625000
17664,1.76640000e+04,-1599,-66.625000
17665,1.76650000e+04,-1564,-65.166667
17666,1.76660000e+04,-1564,-65.166667
17667,1.76670000e+04,-1564,-65.166667
17668,1.76680000e+04,-1564,-65.166667
17669,1.76690000e+04,-1564,-65.166667
17670,1.76700000e+04,-1529,-63.708333
17671,1.76710000e+04,-1529,-63.708333
17672,1.76720000e+04,-1529,-63.708333
17673,1.76730000e+04,-1529,-63.708333
17674,1.76740000e+04,-1529,-63.708333
17675,1.76750000e+04,-1492,-62.166667
17676,1.76760000e+04,-1492,-62.166667
17677,1.76770000e+04,-1492,-62.166667
17678,1.76780000e+04,-1492,-62.166667
17679,1.76790000e+04,-1492,-62.166667
17680,1.76800000e+04,-1455,-60.625000
17681,1.76810000e+04,-1455,-60.625000
17682,1.76820000e+04,-1455,-60.625000
17683,1.76830000e+04,-1455,-60.625000
17684,1.76840000e+04,-1455,-60.625000
17685,1.76850000e+04,-1420,-59.166667
17686,1.76860000e+04,-1420,-59.166667
17687,1.76870000e+04,-1420,-59.166667
17688,1.76880000e+04,-1420,-59.166667
17689,1.76890000e+04,-1420,-59.166667
17690,1.76900000e+04,-1385,-57.708333
17691,1.76910000e+04,-1385,-57.708333
17692,1.76920000e+04,-1385,-57.708333
17693,1.76930000e+04,-1385,-57.708333
17694,1.76940000e+04,-1385,-57.708333
17695,1.76950000e+04,-1349,-56.208333
17696,1.76960000e+04,-1349,-56.208333
17697,1.76970000e+04,-1349,-56.208333
17698,1.76980000e+04,-1349,-56.208333
17699,1.76990000e+04,-1349,-56.208333
17700,1.77000000e+04,-1317,-54.875000
17701,1.77010000e+04,-1317,-54.875000
17702,1.77020000e+04,-1317,-54.875000
17703,1.77030000e+04,-1317,-54.875000
17704,1.77040000e+04,-1317,-54.875000
17705,1.77050000e+04,-1287,-53.625000
17706,1.77060000e+04,-1287,-53.625000
17707,1.77070000e+04,-1287,-53.625000
17708,1.77080000e+04,-1287,-53.625000
17709,1.77090000e+04,-1287,-53.625000
17710,1.77100000e+04,-1255,-52.291667
17711,1.77110000e+04,-1255,-52.291667
17712,1.77120000e+04,-1255,-52.291667
17713,1.77130000e+04,-1255,-52.291667
17714,1.77140000e+04,-1255,-52.291667
17715,1.77150000e+04,-1227,-51.125000
17716,1.77160000e+04,-1227,-51.125000
17717,1.77170000e+04,-1227,-51.125000
17718,1.77180000e+04,-1227,-51.125000
17719,1.77190000e+04,-1227,-51.125000
17720,1.77200000e+04,-1197,-49.875000
17721,1.77210000e+04,-1197,-49.875000
17722,1.77220000e+04,-1197,-49.875000
17723,1.77230000e+04,-1197,-49.875000
17724,1.77240000e+04,-1197,-49.875000
17725,1.77250000e+04,-1165,-48.541667
17726,1.77260000e+04,-1165,-48.541667
17727,1.77270000e+04,-1165,-48.541667
17728,1.77280000e+04,-1165,-48.541667
17729,1.77290000e+04,-1165,-48.541667
17730,1.77300000e+04,-1140,-47.500000
17731,1.77310000e+04,-1140,-47.500000
17732,1.77320000e+04,-1140,-47.500000
17733,1.77330000e+04,-1140,-47.500000
17734,1.77340000e+04,-1140,-47.500000
17735,1.77350000e+04,-1110,-46.250000
17736,1.77360000e+04,-1110,-46.250000
17737,1.77370000e+04,-1110,-46.250000
17738,1.77380000e+04,-1110,-46.250000
17739,1.77390000e+04,-1110,-46.250000
17740,1.77400000e+04,-1084,-45.166667
17741,1.77410000e+04,-1084,-45.166667
17742,1.77420000e+04,-1084,-45.166667
17743,1.77430000e+04,-1084,-45.166667
17744,1.77440000e+04,-1084,-45.166667
17745,1.77450000e+04,-1055,-43.958333
17746,1.77460000e+04,-1055,-43.958333
17747,1.77470000e+04,-1055,-43.958333
17748,1.77480000e+04,-1055,-43.958333
17749,1.77490000e+04,-1055,-43.958333
17750,1.77500000e+04,-1023,-42.625000
17751,1.77510000e+04,-1023,-42.625000
17752,1.77520000e+04,-1023,-42.625000
17753,1.77530000e+04,-1023,-42.625000
17754,1.77540000e+04,-1023,-42.625000
17755,1.77550000e+04,-993,-41.375000
17756,1.77560000e+04,-993,-41.375000
17757,1.77570000e+04,-993,-41.375000
17758,1.77580000e+04,-993,-41.375000
17759,1.77590000e+04,-993,-41.375000
17760,1.77600000e+04,-964,-40.166667
17761,1.77610000e+04,-964,-40.166667
17762,1.77620000e+04,-964,-40.166667
17763,1.77630000e+04,-964,-40.166667
17764,1.77640000e+04,-964,-40.166667
17765,1.77650000e+04,-934,-38.916667
17766,1.77660000e+04,-934,-38.916667
17767,1.77670000e+04,-934,-38.916667
17768,1.77680000e+04,-934,-38.916667
17769,1.77690000e+04,-934,-38.916667
17770,1.77700000e+04,-895,-37.291667
17771,1.77710000e+04,-895,-37.291667
17772,1.77720000e+04,-895,-37.291667
17773,1.77730000e+04,-895,-37.291667
17774,1.77740000e+04,-895,-37.291667
17775,1.77750000e+04,-868,-36.166667
17776,1.77760000e+04,-868,-36.166667
17777,1.77770000e+04,-868,-36.166667
17778,1.77780000e+04,-868,-36.166667
17779,1.77790000e+04,-868,-36.166667
17780,1.77800000e+04,-835,-34.791667
17781,1.77810000e+04,-835,-34.791667
17782,1.77820000e+04,-835,-34.791667
17783,1.77830000e+04,-835,-34.791667
17784,1.77840000e+04,-835,-34.791667
17785,1.77850000e+04,-798,-33.250000
17786,1.77860000e+04,-798,-33.250000
17787,1.77870000e+04,-798,-33.250000
17788,1.77880000e+04,-798,-33.250000
17789,1.77890000e+04,-798,-33.250000
17790,1.77900000e+04,-760,-31.666667
17791,1.77910000e+04,-760,-31.666667
17792,1.77920000e+04,-760,-31.666667
17793,1.77930000e+04,-760,-31.666667
17794,1.77940000e+04,-760,-31.666667
17795,1.77950000e+04,-726,-30.250000
17796,1.77960000e+04,-726,-30.250000
17797,1.77970000e+04,-726,-30.250000
17798,1.77980000e+04,-726,-30.250000
17799,1.77990000e+04,-726,-30.250000
17800,1.78000000e+04,-691,-28.791667
17801,1.78010000e+04,-691,-28.791667
17802,1.78020000e+04,-691,-28.791667
17803,1.78030000e+04,-691,-28.791667
17804,1.78040000e+04,-691,-28.791667
17805,1.78050000e+04,-655,-27.291667
17806,1.78060000e+04,-655,-27.291667
17807,1.78070000e+04,-655,-27.291667
17808,1.78080000e+04,-655,-27.291667
17809,1.78090000e+04,-655,-27.291667
17810,1.78100000e+04,-621,-25.875000
17811,1.78110000e+04,-621,-25.875000
17812,1.78120000e+04,-621,-25.875000
17813,1.78130000e+04,-621,-25.875000
17814,1.78140000e+04,-621,-25.875000
17815,1.78150000e+04,-589,-24.541667
17816,1.78160000e+04,-589,-24.541667
17817,1.78170000e+04,-589,-24.541667
17818,1.78180000e+04,-589,-24.541667
17819,1.78190000e+04,-589,-24.541667
17820,1.78200000e+04,-554,-23.083333
17821,1.78210000e+04,-554,-23.083333
17822,1.78220000e+04,-554,-23.083333
17823,1.78230000e+04,-554,-23.083333
17824,1.78240000e+04,-554,-23.083333
17825,1.78250000e+04,-525,-21.875000
17826,1.78260000e+04,-525,-21.875000
17827,1.78270000e+04,-525,-21.875000
17828,1.78280000e+04,-525,-21.875000
17829,1.78290000e+04,-525,-21.875000
17830,1.78300000e+04,-494,-20.583333
17831,1.78310000e+04,-494,-20.583333
17832,1.78320000e+04,-494,-20.583333
17833,1.78330000e+04,-494,-20.583333
17834,1.78340000e+04,-494,-20.583333
17835,1.78350000e+04,-460,-19.166667
17836,1.78360000e+04,-460,-19.166667
17837,1.78370000e+04,-460,-19.166667
17838,1.78380000e+04,-460,-19.166667
17839,1.78390000e+04,-460,-19.166667
17840,1.78400000e+04,-426,-17.750000
17841,1.78410000e+04,-426,-17.750000
17842,1.78420000e+04,-426,-17.750000
17843,1.78430000e+04,-426,-17.750000
17844,1.78440000e+04,-426,-17.750000
17845,1.78450000e+04,-393,-16.375000
17846,1.78460000e+04,-393,-16.375000
17847,1.78470000e+04,-393,-16.375000
17848,1.78480000e+04,-393,-16.375000
17849,1.78490000e+04,-393,-16.375000
17850,1.78500000e+04,-363,-15.125000
17851,1.78510000e+04,-363,-15.125000
17852,1.78520000e+04,-363,-15.125000
17853,1.78530000e+04,-363,-15.125000
17854,1.78540000e+04,-363,-15.125000
17855,1.78550000e+04,-326,-13.583333
17856,1.78560000e+04,-326,-13.583333
17857,1.78570000e+04,-326,-13.583333
17858,1.78580000e+04,-326,-13.583333
17859,1.78590000e+04,-326,-13.583333
17860,1.78600000e+04,-297,-12.375000
17861,1.78610000e+04,-297,-12.375000
17862,1.78620000e+04,-297,-12.375000
17863,1.78630000e+04,-297,-12.375000
17864,1.78640000e+04,-297,-12.375000
17865,1.78650000e+04,-261,-10.875000
17866,1.78660000e+04,-261,-10.875000
17867,1.78670000e+04,-261,-10.875000
17868,1.78680000e+04,-261,-10.875000
17869,1.78690000e+04,-261,-10.875000
17870,1.78700000e+04,-225,-9.375000
17871,1.78710000e+04,-225,-9.375000
17872,1.78720000e+04,-225,-9.375000
17873,1.78730000e+04,-225,-9.375000
17874,1.78740000e+04,-225,-9.375000
17875,1.78750000e+04,-187,-7.791667
17876,1.78760000e+04,-187,-7.791667
17877,1.78770000e+04,-187,-7.791667
17878,1.78780000e+04,-187,-7.791667
17879,1.78790000e+04,-187,-7.791667
17880,1.78800000e+04,-146,-6.083333
17881,1.78810000e+04,-146,-6.083333
17882,1.78820000e+04,-146,-6.083333
17883,1.78830000e+04,-146,-6.083333
17884,1.78840000e+04,-146,-6.083333
17885,1.78850000e+04,-110,-4.583333
17886,1.78860000e+04,-110,-4.583333
17887,1.78870000e+04,-110,-4.583333
17888,1.78880000e+04,-110,-4.583333
17889,1.78890000e+04,-110,-4.583333
17890,1.78900000e+04,-66,-2.750000
17891,1.78910000e+04,-66,-2.750000
17892,1.78920000e+04,-66,-2.750000
17893,1.78930000e+04,-66,-2.750000
17894,1.78940000e+04,-66,-2.750000
17895,1.78950000e+04,-29,-1.208333
17896,1.78960000e+04,-29,-1.208333
17897,1.78970000e+04,-29,-1.208333
17898,1.78980000e+04,-29,-1.208333
17899,1.78990000e+04,-29,-1.208333
17900,1.79000000e+04,10,0.416667
17901,1.79010000e+04,10,0.416667
17902,1.79020000e+04,10,0.416667
17903,1.79030000e+04,10,0.416667
17904,1.79040000e+04,10,0.416667
17905,1.79050000e+04,46,1.916667
17906,1.79060000e+04,46,1.916667
17907,1.79070000e+04,46,1.916667
17908,1.79080000e+04,46,1.916667
17909,1.79090000e+04,46,1.916667
17910,1.79100000e+04,91,3.791667
17911,1.79110000e+04,91,3.791667
17912,1.79120000e+04,91,3.791667
17913,1.79130000e+04,91,3.791667
17914,1.79140000e+04,91,3.791667
17915,1.79150000e+04,129,5.375000
17916,1.79160000e+04,129,5.375000
17917,1.79170000e+04,129,5.375000
17918,1.79180000e+04,129,5.375000
17919,1.79190000e+04,129,5.375000
17920,1.79200000e+04,166,6.916667
17921,1.79210000e+04,166,6.916667
17922,1.79220000e+04,166,6.916667
17923,1.79230000e+04,166,6.916667
17924,1.79240000e+04,166,6.916667
17925,1.79250000e+04,202,8.416667
17926,1.79260000e+04,202,8.416667
17927,1.79270000e+04,202,8.416667
17928,1.79280000e+04,202,8.416667
17929,1.79290000e+04,202,8.416667
17930,1.79300000e+04,240,10.000000
17931,1.79310000e+04,240,10.000000
17932,1.79320000e+04,240,10.000000
17933,1.79330000e+04,240,10.000000
17934,1.79340000e+04,240,10.000000
17935,1.79350000e+04,275,11.458333
17936,1.79360000e+04,275,11.458333
17937,1.79370000e+04,275,11.458333
17938,1.79380000e+04,275,11.458333
17939,1.79390000e+04,275,11.458333
17940,1.79400000e+04,306,12.750000
17941,1.79410000e+04,306,12.750000
17942,1.79420000e+04,306,12.750000
17943,1.79430000e+04,306,12.750000
17944,1.79440000e+04,306,12.750000
17945,1.79450000e+04,342,14.250000
17946,1.79460000e+04,342,14.250000
17947,1.79470000e+04,342,14.250000
17948,1.79480000e+04,342,14.250000
17949,1.79490000e+04,342,14.250000
17950,1.79500000e+04,373,15.541667
17951,1.79510000e+04,373,15.541667
17952,1.79520000e+04,373,15.541667
17953,1.79530000e+04,373,15.541667
17954,1.79540000e+04,373,15.541667
17955,1.79550000e+04,404,16.833333
17956,1.79560000e+04,404,16.833333
17957,1.79570000e+04,404,16.833333
17958,1.79580000e+04,404,16.833333
17959,1.79590000e+04,404,16.833333
17960,1.79600000e+04,434,18.083333
17961,1.79610000e+04,434,18.083333
17962,1.79620000e+04,434,18.083333
17963,1.79630000e+04,434,18.083333
17964,1.79640000e+04,434,18.083333
17965,1.79650000e+04,467,19.458333
17966,1.79660000e+04,467,19.458333
17967,1.79670000e+04,467,19.458333
17968,1.79680000e+04,467,19.458333
17969,1.79690000e+04,467,19.458333
17970,1.79700000e+04,497,20.708333
17971,1.79710000e+04,497,20.708333
17972,1.79720000e+04,497,20.708333
17973,1.79730000e+04,497,20.708333
17974,1.79740000e+04,497,20.708333
17975,1.79750000e+04,529,22.041667
17976,1.79760000e+04,529,22.041667
17977,1.79770000e+04,529,22.041667
17978,1.79780000e+04,529,22.041667
17979,1.79790000e+04,529,22.041667
17980,1.79800000e+04,561,23.375000
17981,1.79810000e+04,561,23.375000
17982,1.79820000e+04,561,23.375000
17983,1.79830000e+04,561,23.375000
17984,1.79840000e+04,561,23.375000
17985,1.79850000e+04,590,24.583333
17986,1.79860000e+04,590,24.583333
17987,1.79870000e+04,590,24.583333
17988,1.79880000e+04,590,24.583333
17989,1.79890000e+04,590,24.583333
17990,1.79900000e+04,627,26.125000
17991,1.79910000e+04,627,26.125000
17992,1.79920000e+04,627,26.125000
17993,1.79930000e+04,627,26.125000
17994,1.79940000e+04,627,26.125000
17995,1.79950000e+04,662,27.583333
17996,1.79960000e+04,662,27.583333
17997,1.79970000e+04,662,27.583333
17998,1.79980000e+04,662,27.583333
17999,1.79990000e+04,662,27.583333
18000,1.80000000e+04,699,29.125000
18001,1.80010000e+04,699,29.125000
18002,1.80020000e+04,699,29.125000
18003,1.80030000e+04,699,29.125000
18004,1.80040000e+04,699,29.125000
18005,1.80050000e+04,735,30.625000
18006,1.80060000e+04,735,30.625000
18007,1.80070000e+04,735,30.625000
18008,1.80080000e+04,735,30.625000
18009,1.80090000e+04,735,30.625000
18010,1.80100000e+04,770,32.083333
18011,1.80110000e+04,770,32.083333
18012,1.80120000e+04,770,32.083333
18013,1.80130000e+04,770,32.083333
18014,1.80140000e+04,770,32.083333
18015,1.80150000e+04,806,33.583333
18016,1.80160000e+04,806,33.583333
18017,1.80170000e+04,806,33.583333
18018,1.80180000e+04,806,33.583333
18019,1.80190000e+04,806,33.583333
18020,1.80200000e+04,838,34.916667
18021,1.80210000e+04,838,34.916667
18022,1.80220000e+04,838,34.916667
18023,1.80230000e+04,838,34.916667
18024,1.80240000e+04,838,34.916667
18025,1.80250000e+04,878,36.583333
18026,1.80260000e+04,878,36.583333
18027,1.80270000e+04,878,36.583333
18028,1.80280000e+04,878,36.583333
18029,1.80290000e+04,878,36.583333
18030,1.80300000e+04,910,37.916667
18031,1.80310000e+04,910,37.916667
18032,1.80320000e+04,910,37.916667
18033,1.80330000e+04,910,37.916667
18034,1.80340000e+04,910,37.916667
18035,1.80350000e+04,945,39.375000
18036,1.80360000e+04,945,39.375000
18037,1.80370000e+04,945,39.375000
18038,1.80380000e+04,945,39.375000
18039,1.80390000e+04,945,39.375000
18040,1.80400000e+04,978,40.750000
18041,1.80410000e+04,978,40.750000
18042,1.80420000e+04,978,40.750000
18043,1.80430000e+04,978,40.750000
18044,1.80440000e+04,978,40.750000
18045,1.80450000e+04,1011,42.125000
18046,1.80460000e+04,1011,42.125000
18047,1.80470000e+04,1011,42.125000
18048,1.80480000e+04,1011,42.125000
18049,1.80490000e+04,1011,42.125000
18050,1.80500000e+04,1041,43.375000
18051,1.80510000e+04,1041,43.375000
18052,1.80520000e+04,1041,43.375000
18053,1.80530000e+04,1041,43.375000
18054,1.80540000e+04,1041,43.375000
18055,1.80550000e+04,1069,44.541667
18056,1.80560000e+04,1069,44.541667
18057,1.80570000e+04,1069,44.541667
18058,1.80580000e+04,1069,44.541667
18059,1.80590000e+04,1069,44.541667
18060,1.80600000e+04,1097,45.708333
18061,1.80610000e+04,1097,45.708333
18062,1.80620000e+04,1097,45.708333
18063,1.80630000e+04,1097,45.708333
18064,1.80640000e+04,1097,45.708333
18065,1.80650000e+04,1129,47.041667
18066,1.80660000e+04,1129,47.041667
18067,1.80670000e+04,1129,47.041667
18068,1.80680000e+04,1129,47.041667
18069,1.80690000e+04,1129,47.041667
18070,1.80700000e+04,1156,48.166667
18071,1.80710000e+04,1156,48.166667
18072,1.80720000e+04,1156,48.166667
18073,1.80730000e+04,1156,48.166667
18074,1.80740000e+04,1156,48.166667
18075,1.80750000e+04,1191,49.625000
18076,1.80760000e+04,1191,49.625000
18077,1.80770000e+04,1191,49.625000
18078,1.80780000e+04,1191,49.625000
18079,1.80790000e+04,1191,49.625000
18080,1.80800000e+04,1220,50.833333
18081,1.80810000e+04,1220,50.833333
18082,1.80820000e+04,1220,50.833333
18083,1.80830000e+04,1220,50.833333
18084,1.80840000e+04,1220,50.833333
18085,1.80850000e+04,1250,52.083333
18086,1.80860000e+04,1250,52.083333
18087,1.80870000e+04,1250,52.083333
18088,1.80880000e+04,1250,52.083333
18089,1.80890000e+04,1250,52.083333
18090,1.80900000e+04,1284,53.500000
18091,1.80910000e+04,1284,53.500000
18092,1.80920000e+04,1284,53.500000
18093,1.80930000e+04,1284,53.500000
18094,1.80940000e+04,1284,53.500000
18095,1.80950000e+04,1318,54.916667
18096,1.80960000e+04,1318,54.916667
18097,1.80970000e+04,1318,54.916667
18098,1.80980000e+04,1318,54.916667
18099,1.80990000e+04,1318,54.916667
18100,1.81000000e+04,1349,56.208333
18101,1.81010000e+04,1349,56.208333
18102,1.81020000e+04,1349,56.208333
18103,1.81030000e+04,1349,56.208333
18104,1.81040000e+04,1349,56.208333
18105,1.81050000e+04,1385,57.708333
18106,1.81060000e+04,1385,57.708333
18107,1.81070000e+04,1385,57.708333
18108,1.81080000e+04,1385,57.708333
18109,1.81090000e+04,1385,57.708333
18110,1.81100000e+04,1424,59.333333
18111,1.81110000e+04,1424,59.333333
18112,1.81120000e+04,1424,59.333333
18113,1.81130000e+04,1424,59.333333
18114,1.81140000e+04,1424,59.333333
18115,1.81150000e+04,1461,60.875000
18116,1.81160000e+04,1461,60.875000
18117,1.81170000e+04,1461,60.875000
18118,1.81180000e+04,1461,60.875000
18119,1.81190000e+04,1461,60.875000
18120,1.81200000e+04,1494,62.250000
18121,1.81210000e+04,1494,62.250000
18122,1.81220000e+04,1494,62.250000
18123,1.81230000e+04,1494,62.250000
18124,1.81240000e+04,1494,62.250000
18125,1.81250000e+04,1533,63.875000
18126,1.81260000e+04,1533,63.875000
18127,1.81270000e+04,1533,63.875000
18128,1.81280000e+04,1533,63.875000
18129,1.81290000e+04,1533,63.875000
18130,1.81300000e+04,1567,65.291667
18131,1.81310000e+04,1567,65.291667
18132,1.81320000e+04,1567,65.291667
18133,1.81330000e+04,1567,65.291667
18134,1.81340000e+04,1567,65.291667
18135,1.81350000e+04,1603,66.791667
18136,1.81360000e+04,1603,66.791667
18137,1.81370000e+04,1603,66.791667
18138,1.81380000e+04,1603,66.791667
18139,1.81390000e+04,1603,66.791667
18140,1.81400000e+04,1637,68.208333
18141,1.81410000e+04,1637,68.208333
18142,1.81420000e+04,1637,68.208333
18143,1.81430000e+04,1637,68.208333
18144,1.81440000e+04,1637,68.208333
18145,1.81450000e+04,1667,69.458333
18146,1.81460000e+04,1667,69.458333
18147,1.81470000e+04,1667,69.458333
18148,1.81480000e+04,1667,69.458333
18149,1.81490000e+04,1667,69.458333
18150,1.81500000e+04,1698,70.750000
18151,1.81510000e+04,1698,70.750000
18152,1.81520000e+04,1698,70.750000
18153,1.81530000e+04,1698,70.750000
18154,1.81540000e+04,1698,70.750000
18155,1.81550000e+04,1724,71.833333
18156,1.81560000e+04,1724,71.833333
18157,1.81570000e+04,1724,71.833333
18158,1.81580000e+04,1724,71.833333
18159,1.81590000e+04,1724,71.833333
18160,1.81600000e+04,1749,72.875000
18161,1.81610000e+04,1749,72.875000
18162,1.81620000e+04,1749,72.875000
18163,1.81630000e+04,1749,72.875000
18164,1.81640000e+04,1749,72.875000
18165,1.81650000e+04,1772,73.833333
18166,1.81660000e+04,1772,73.833333
18167,1.81670000e+04,1772,73.833333
18168,1.81680000e+04,1772,73.833333
18169,1.81690000e+04,1772,73.833333
18170,1.81700000e+04,1796,74.833333
18171,1.81710000e+04,1796,74.833333
18172,1.81720000e+04,1796,74.833333
18173,1.81730000e+04,1796,74.833333
18174,1.81740000e+04,1796,74.833333
18175,1.81750000e+04,1820,75.833333
18176,1.81760000e+04,1820,75.833333
18177,1.81770000e+04,1820,75.833333
18178,1.81780000e+04,1820,75.833333
18179,1.81790000e+04,1820,75.833333
18180,1.81800000e+04,1839,76.625000
18181,1.81810000e+04,1839,76.625000
18182,1.81820000e+04,1839,76.625000
18183,1.81830000e+04,1839,76.625000
18184,1.81840000e+04,1839,76.625000
18185,1.81850000e+04,1860,77.500000
18186,1.81860000e+04,1860,77.500000
18187,1.81870000e+04,1860,77.500000
18188,1.81880000e+04,1860,77.500000
18189,1.81890000e+04,1860,77.500000
18190,1.81900000e+04,1886,78.583333
18191,1.81910000e+04,1886,78.583333
18192,1.81920000e+04,1886,78.583333
18193,1.81930000e+04,1886,78.583333
18194,1.81940000e+04,1886,78.583333
18195,1.81950000e+04,1903,79.291667
18196,1.81960000e+04,1903,79.291667
18197,1.81970000e+04,1903,79.291667
18198,1.81980000e+04,1903,79.291667
18199,1.81990000e+04,1903,79.291667
18200,1.82000000e+04,1926,80.250000
18201,1.82010000e+04,1926,80.250000
18202,1.82020000e+04,1926,80.250000
18203,1.82030000e+04,1926,80.250000
18204,1.82040000e+04,1926,80.250000
18205,1.82050000e+04,1945,81.041667
18206,1.82060000e+04,1945,81.041667
18207,1.82070000e+04,1945,81.041667
18208,1.82080000e+04,1945,81.041667
18209,1.82090000e+04,1945,81.041667
18210,1.82100000e+04,1967,81.958333
18211,1.82110000e+04,1967,81.958333
18212,1.82120000e+04,1967,81.958333
18213,1.82130000e+04,1967,81.958333
18214,1.82140000e+04,1967,81.958333
18215,1.82150000e+04,1987,82.791667
18216,1.82160000e+04,1987,82.791667
18217,1.82170000e+04,1987,82.791667
18218,1.82180000e+04,1987,82.791667
18219,1.82190000e+04,1987,82.791667
18220,1.82200000e+04,2010,83.750000
18221,1.82210000e+04,2010,83.750000
18222,1.82220000e+04,2010,83.750000
18223,1.82230000e+04,2010,83.750000
18224,1.82240000e+04,2010,83.750000
18225,1.82250000e+04,2030,84.583333
18226,1.82260000e+04,2030,84.583333
18227,1.82270000e+04,2030,84.583333
18228,1.82280000e+04,2030,84.583333
18229,1.82290000e+04,2030,84.583333
18230,1.82300000e+04,2052,85.500000
18231,1.82310000e+04,2052,85.500000
18232,1.82320000e+04,2052,85.500000
18233,1.82330000e+04,2052,85.500000
18234,1.82340000e+04,2052,85.500000
18235,1.82350000e+04,2078,86.583333
18236,1.82360000e+04,2078,86.583333
18237,1.82370000e+04,2078,86.583333
18238,1.82380000e+04,2078,86.583333
18239,1.82390000e+04,2078,86.583333
18240,1.82400000e+04,2105,87.708333
18241,1.82410000e+04,2105,87.708333
18242,1.82420000e+04,2105,87.708333
18243,1.82430000e+04,2105,87.708333
18244,1.82440000e+04,2105,87.708333
18245,1.82450000e+04,2127,88.625000
18246,1.82460000e+04,2127,88.625000
18247,1.82470000e+04,2127,88.625000
18248,1.82480000e+04,2127,88.625000
18249,1.82490000e+04,2127,88.625000
18250,1.82500000e+04,2149,89.541667
18251,1.82510000e+04,2149,89.541667
18252,1.82520000e+04,2149,89.541667
18253,1.82530000e+04,2149,89.541667
18254,1.82540000e+04,2149,89.541667
18255,1.82550000e+04,2176,90.666667
18256,1.82560000e+04,2176,90.666667
18257,1.82570000e+04,2176,90.666667
18258,1.82580000e+04,2176,90.666667
18259,1.82590000e+04,2176,90.666667
18260,1.82600000e+04,2196,91.500000
18261,1.82610000e+04,2196,91.500000
18262,1.82620000e+04,2196,91.500000
18263,1.82630000e+04,2196,91.500000
18264,1.82640000e+04,2196,91.500000
18265,1.82650000e+04,2215,92.291667
18266,1.82660000e+04,2215,92.291667
18267,1.82670000e+04,2215,92.291667
18268,1.82680000e+04,2215,92.291667
18269,1.82690000e+04,2215,92.291667
18270,1.82700000e+04,2234,93.083333
18271,1.82710000e+04,2234,93.083333
18272,1.82720000e+04,2234,93.083333
18273,1.82730000e+04,2234,93.083333
18274,1.82740000e+04,2234,93.083333
18275,1.82750000e+04,2255,93.958333
18276,1.82760000e+04,2255,93.958333
18277,1.82770000e+04,2255,93.958333
18278,1.82780000e+04,2255,93.958333
18279,1.82790000e+04,2255,93.958333
18280,1.82800000e+04,2267,94.458333
18281,1.82810000e+04,2267,94.458333
18282,1.82820000e+04,2267,94.458333
18283,1.82830000e+04,2267,94.458333
18284,1.82840000e+04,2267,94.458333
18285,1.82850000e+04,2280,95.000000
18286,1.82860000e+04,2280,95.000000
18287,1.82870000e+04,2280,95.000000
18288,1.82880000e+04,2280,95.000000
18289,1.82890000e+04,2280,95.000000
18290,1.82900000e+04,2294,95.583333
18291,1.82910000e+04,2294,95.583333
18292,1.82920000e+04,2294,95.583333
18293,1.82930000e+04,2294,95.583333
18294,1.82940000e+04,2294,95.583333
18295,1.82950000e+04,2304,96.000000
18296,1.82960000e+04,2304,96.000000
18297,1.82970000e+04,2304,96.000000
18298,1.82980000e+04,2304,96.000000
18299,1.82990000e+04,2304,96.000000
18300,1.83000000e+04,2316,96.500000
18301,1.83010000e+04,2316,96.500000
18302,1.83020000e+04,2316,96.500000
18303,1.83030000e+04,2316,96.500000
18304,1.83040000e+04,2316,96.500000
18305,1.83050000e+04,2324,96.833333
18306,1.83060000e+04,2324,96.833333
18307,1.83070000e+04,2324,96.833333
18308,1.83080000e+04,2324,96.833333
18309,1.83090000e+04,2324,96.833333
18310,1.83100000e+04,2343,97.625000
18311,1.83110000e+04,2343,97.625000
18312,1.83120000e+04,2343,97.625000
18313,1.83130000e+04,2343,97.625000
18314,1.83140000e+04,2343,97.625000
18315,1.83150000e+04,2355,98.125000
18316,1.83160000e+04,2355,98.125000
18317,1.83170000e+04,2355,98.125000
18318,1.83180000e+04,2355,98.125000
18319,1.83190000e+04,2355,98.125000
18320,1.83200000e+04,2369,98.708333
18321,1.83210000e+04,2369,98.708333
18322,1.83220000e+04,2369,98.708333
18323,1.83230000e+04,2369,98.708333
18324,1.83240000e+04,2369,98.708333
18325,1.83250000e+04,2389,99.541667
18326,1.83260000e+04,2389,99.541667
18327,1.83270000e+04,2389,99.541667
18328,1.83280000e+04,2389,99.541667
18329,1.83290000e+04,2389,99.541667
18330,1.83300000e+04,2405,100.208333
18331,1.83310000e+04,2405,100.208333
18332,1.83320000e+04,2405,100.208333
18333,1.83330000e+04,2405,100.208333
18334,1.83340000e+04,2405,100.208333
18335,1.83350000e+04,2424,101.000000
18336,1.83360000e+04,2424,101.000000
18337,1.83370000e+04,2424,101.000000
18338,1.83380000e+04,2424,101.000000
18339,1.83390000e+04,2424,101.000000
18340,1.83400000e+04,2447,101.958333
18341,1.83410000e+04,2447,101.958333
18342,1.83420000e+04,2447,101.958333
18343,1.83430000e+04,2447,101.958333
18344,1.83440000e+04,2447,101.958333
18345,1.83450000e+04,2474,103.083333
18346,1.83460000e+04,2474,103.083333
18347,1.83470000e+04,2474,103.083333
18348,1.83480000e+04,2474,103.083333
18349,1.83490000e+04,2474,103.083333
18350,1.83500000e+04,2494,103.916667
18351,1.83510000e+04,2494,103.916667
18352,1.83520000e+04,2494,103.916667
18353,1.83530000e+04,2494,103.916667
18354,1.83540000e+04,2494,103.916667
18355,1.83550000e+04,2523,105.125000
18356,1.83560000e+04,2523,105.125000
18357,1.83570000e+04,2523,105.125000
18358,1.83580000e+04,2523,105.125000
18359,1.83590000e+04,2523,105.125000
18360,1.83600000e+04,2551,106.291667
18361,1.83610000e+04,2551,106.291667
18362,1.83620000e+04,2551,106.291667
18363,1.83630000e+04,2551,106.291667
18364,1.83640000e+04,2551,106.291667
18365,1.83650000e+04,2575,107.291667
18366,1.83660000e+04,2575,107.291667
18367,1.83670000e+04,2575,107.291667
18368,1.83680000e+04,2575,107.291667
18369,1.83690000e+04,2575,107.291667
18370,1.83700000e+04,2596,108.166667
18371,1.83710000e+04,2596,108.166667
18372,1.83720000e+04,2596,108.166667
18373,1.83730000e+04,2596,108.166667
18374,1.83740000e+04,2596,108.166667
18375,1.83750000e+04,2622,109.250000
18376,1.83760000e+04,2622,109.250000
18377,1.83770000e+04,2622,109.250000
18378,1.83780000e+04,2622,109.250000
18379,1.83790000e+04,2622,109.250000
18380,1.83800000e+04,2639,109.958333
18381,1.83810000e+04,2639,109.958333
18382,1.83820000e+04,2639,109.958333
18383,1.83830000e+04,2639,109.958333
18384,1.83840000e+04,2639,109.958333
18385,1.83850000e+04,2654,110.583333
18386,1.83860000e+04,2654,110.583333
18387,1.83870000e+04,2654,110.583333
18388,1.83880000e+04,2654,110.583333
18389,1.83890000e+04,2654,110.583333
18390,1.83900000e+04,2670,111.250000
18391,1.83910000e+04,2670,111.250000
18392,1.83920000e+04,2670,111.250000
18393,1.83930000e+04,2670,111.250000
18394,1.83940000e+04,2670,111.250000
18395,1.83950000e+04,2681,111.708333
18396,1.83960000e+04,2681,111.708333
18397,1.83970000e+04,2681,111.708333
18398,1.83980000e+04,2681,111.708333
18399,1.83990000e+04,2681,111.708333
18400,1.84000000e+04,2692,112.166667
18401,1.84010000e+04,2692,112.166667
18402,1.84020000e+04,2692,112.166667
18403,1.84030000e+04,2692,112.166667
18404,1.84040000e+04,2692,112.166667
18405,1.84050000e+04,2701,112.541667
18406,1.84060000e+04,2701,112.541667
18407,1.84070000e+04,2701,112.541667
18408,1.84080000e+04,2701,112.541667
18409,1.84090000e+04,2701,112.541667
18410,1.84100000e+04,2711,112.958333
18411,1.84110000e+04,2711,112.958333
18412,1.84120000e+04,2711,112.958333
18413,1.84130000e+04,2711,112.958333
18414,1.84140000e+04,2711,112.958333
18415,1.84150000e+04,2722,113.416667
18416,1.84160000e+04,2722,113.416667
18417,1.84170000e+04,2722,113.416667
18418,1.84180000e+04,2722,113.416667
18419,1.84190000e+04,2722,113.416667
18420,1.84200000e+04,2731,113.791667
18421,1.84210000e+04,2731,113.791667
18422,1.84220000e+04,2731,113.791667
18423,1.84230000e+04,2731,113.791667
18424,1.84240000e+04,2731,113.791667
18425,1.84250000e+04,2743,114.291667
18426,1.84260000e+04,2743,114.291667
18427,1.84270000e+04,2743,114.291667
18428,1.84280000e+04,2743,114.291667
18429,1.84290000e+04,2743,114.291667
18430,1.84300000e+04,2757,114.875000
18431,1.84310000e+04,2757,114.875000
18432,1.84320000e+04,2757,114.875000
18433,1.84330000e+04,2757,114.875000
18434,1.84340000e+04,2757,114.875000
18435,1.84350000e+04,2768,115.333333
18436,1.84360000e+04,2768,115.333333
18437,1.84370000e+04,2768,115.333333
18438,1.84380000e+04,2768,115.333333
18439,1.84390000e+04,2768,115.333333
18440,1.84400000e+04,2784,116.000000
18441,1.84410000e+04,2784,116.000000
18442,1.84420000e+04,2784,116.000000
18443,1.84430000e+04,2784,116.000000
18444,1.84440000e+04,2784,116.000000
18445,1.84450000e+04,2803,116.791667
18446,1.84460000e+04,2803,116.791667
18447,1.84470000e+04,2803,116.791667
18448,1.84480000e+04,2803,116.791667
18449,1.84490000e+04,2803,116.791667
18450,1.84500000e+04,2820,117.500000
18451,1.84510000e+04,2820,117.500000
18452,1.84520000e+04,2820,117.500000
18453,1.84530000e+04,2820,117.500000
18454,1.84540000e+04,2820,117.500000
18455,1.84550000e+04,2836,118.166667
18456,1.84560000e+04,2836,118.166667
18457,1.84570000e+04,2836,118.166667
18458,1.84580000e+04,2836,118.166667
18459,1.84590000e+04,2836,118.166667
18460,1.84600000e+04,2855,118.958333
18461,1.84610000e+04,2855,118.958333
18462,1.84620000e+04,2855,118.958333
18463,1.84630000e+04,2855,118.958333
18464,1.84640000e+04,2855,118.958333
18465,1.84650000e+04,2875,119.791667
18466,1.84660000e+04,2875,119.791667
18467,1.84670000e+04,2875,119.791667
18468,1.84680000e+04,2875,119.791667
18469,1.84690000e+04,2875,119.791667
18470,1.84700000e+04,2896,120.666667
18471,1.84710000e+04,2896,120.666667
18472,1.84720000e+04,2896,120.666667
18473,1.84730000e+04,2896,120.666667
18474,1.84740000e+04,2896,120.666667
18475,1.84750000e+04,2917,121.541667
18476,1.84760000e+04,2917,121.541667
18477,1.84770000e+04,2917,121.541667
18478,1.84780000e+04,2917,121.541667
18479,1.84790000e+04,2917,121.541667
18480,1.84800000e+04,2940,122.500000
18481,1.84810000e+04,2940,122.500000
18482,1.84820000e+04,2940,122.500000
18483,1.84830000e+04,2940,122.500000
18484,1.84840000e+04,2940,122.500000
18485,1.84850000e+04,2958,123.250000
18486,1.84860000e+04,2958,123.250000
18487,1.84870000e+04,2958,123.250000
18488,1.84880000e+04,2958,123.250000
18489,1.84890000e+04,2958,123.250000
18490,1.84900000e+04,2977,124.041667
18491,1.84910000e+04,2977,124.041667
18492,1.84920000e+04,2977,124.041667
18493,1.84930000e+04,2977,124.041667
18494,1.84940000e+04,2977,124.041667
18495,1.84950000e+04,2995,124.791667
18496,1.84960000e+04,2995,124.791667
18497,1.84970000e+04,2995,124.791667
18498,1.84980000e+04,2995,124.791667
18499,1.84990000e+04,2995,124.791667
18500,1.85000000e+04,3005,125.208333
18501,1.85010000e+04,3005,125.208333
18502,1.85020000e+04,3005,125.208333
18503,1.85030000e+04,3005,125.208333
18504,1.85040000e+04,3005,125.208333
18505,1.85050000e+04,3021,125.875000
18506,1.85060000e+04,3021,125.875000
18507,1.85070000e+04,3021,125.875000
18508,1.85080000e+04,3021,125.875000
18509,1.85090000e+04,3021,125.875000
18510,1.85100000e+04,3032,126.333333
18511,1.85110000e+04,3032,126.333333
18512,1.85120000e+04,3032,126.333333
18513,1.85130000e+04,3032,126.333333
18514,1.85140000e+04,3032,126.333333
18515,1.85150000e+04,3041,126.708333
18516,1.85160000e+04,3041,126.708333
18517,1.85170000e+04,3041,126.708333
18518,1.85180000e+04,3041,126.708333
18519,1.85190000e+04,3041,126.708333
18520,1.85200000e+04,3047,126.958333
18521,1.85210000e+04,3047,126.958333
18522,1.85220000e+04,3047,126.958333
18523,1.85230000e+04,3047,126.958333
18524,1.85240000e+04,3047,126.958333
18525,1.85250000e+04,3055,127.291667
18526,1.85260000e+04,3055,127.291667
18527,1.85270000e+04,3055,127.291667
18528,1.85280000e+04,3055,127.291667
18529,1.85290000e+04,3055,127.291667
18530,1.85300000e+04,3059,127.458333
18531,1.85310000e+04,3059,127.458333
18532,1.85320000e+04,3059,127.458333
18533,1.85330000e+04,3059,127.458333
18534,1.85340000e+04,3059,127.458333
18535,1.85350000e+04,3066,127.750000
18536,1.85360000e+04,3066,127.750000
18537,1.85370000e+04,3066,127.750000
18538,1.85380000e+04,3066,127.750000
18539,1.85390000e+04,3066,127.750000
18540,1.85400000e+04,3073,128.041667
18541,1.85410000e+04,3073,128.041667
18542,1.85420000e+04,3073,128.041667
18543,1.85430000e+04,3073,128.041667
18544,1.85440000e+04,3073,128.041667
18545,1.85450000e+04,3082,128.416667
18546,1.85460000e+04,3082,128.416667
18547,1.85470000e+04,3082,128.416667
18548,1.85480000e+04,3082,128.416667
18549,1.85490000e+04,3082,128.416667
18550,1.85500000e+04,3087,128.625000
18551,1.85510000e+04,3087,128.625000
18552,1.85520000e+04,3087,128.625000
18553,1.85530000e+04,3087,128.625000
18554,1.85540000e+04,3087,128.625000
18555,1.85550000e+04,3097,129.041667
18556,1.85560000e+04,3097,129.041667
18557,1.85570000e+04,3097,129.041667
18558,1.85580000e+04,3097,129.041667
18559,1.85590000e+04,3097,129.041667
18560,1.85600000e+04,3102,129.250000
18561,1.85610000e+04,3102,129.250000
18562,1.85620000e+04,3102,129.250000
18563,1.85630000e+04,3102,129.250000
18564,1.85640000e+04,3102,129.250000
18565,1.85650000e+04,3112,129.666667
18566,1.85660000e+04,3112,129.666667
18567,1.85670000e+04,3112,129.666667
18568,1.85680000e+04,3112,129.666667
18569,1.85690000e+04,3112,129.666667
18570,1.85700000e+04,3125,130.208333
18571,1.85710000e+04,3125,130.208333
18572,1.85720000e+04,3125,130.208333
18573,1.85730000e+04,3125,130.208333
18574,1.85740000e+04,3125,130.208333
18575,1.85750000e+04,3133,130.541667
18576,1.85760000e+04,3133,130.541667
18577,1.85770000e+04,3133,130.541667
18578,1.85780000e+04,3133,130.541667
18579,1.85790000e+04,3133,130.541667
18580,1.85800000e+04,3147,131.125000
18581,1.85810000e+04,3147,131.125000
18582,1.85820000e+04,3147,131.125000
18583,1.85830000e+04,3147,131.125000
18584,1.85840000e+04,3147,131.125000
18585,1.85850000e+04,3160,131.666667
18586,1.85860000e+04,3160,131.666667
18587,1.85870000e+04,3160,131.666667
18588,1.85880000e+04,3160,131.666667
18589,1.85890000e+04,3160,131.666667
18590,1.85900000e+04,3172,132.166667
18591,1.85910000e+04,3172,132.166667
18592,1.85920000e+04,3172,132.166667
18593,1.85930000e+04,3172,132.166667
18594,1.85940000e+04,3172,132.166667
18595,1.85950000e+04,3184,132.666667
18596,1.85960000e+04,3184,132.666667
18597,1.85970000e+04,3184,132.666667
18598,1.85980000e+04,3184,132.666667
18599,1.85990000e+04,3184,132.666667
18600,1.86000000e+04,3196,133.166667
18601,1.86010000e+04,3196,133.166667
18602,1.86020000e+04,3196,133.166667
18603,1.86030000e+04,3196,133.166667
18604,1.86040000e+04,3196,133.166667
18605,1.86050000e+04,3206,133.583333
18606,1.86060000e+04,3206,133.583333
18607,1.86070000e+04,3206,133.583333
18608,1.86080000e+04,3206,133.583333
18609,1.86090000e+04,3206,133.583333
18610,1.86100000e+04,3213,133.875000
18611,1.86110000e+04,3213,133.875000
18612,1.86120000e+04,3213,133.875000
18613,1.86130000e+04,3213,133.875000
18614,1.86140000e+04,3213,133.875000
18615,1.86150000e+04,3214,133.916667
18616,1.86160000e+04,3214,133.916667
18617,1.86170000e+04,3214,133.916667
18618,1.86180000e+04,3214,133.916667
18619,1.86190000e+04,3214,133.916667
18620,1.86200000e+04,3211,133.791667
18621,1.86210000e+04,3211,133.791667
18622,1.86220000e+04,3211,133.791667
18623,1.86230000e+04,3211,133.791667
18624,1.86240000e+04,3211,133.791667
18625,1.86250000e+04,3208,133.666667
18626,1.86260000e+04,3208,133.666667
18627,1.86270000e+04,3208,133.666667
18628,1.86280000e+04,3208,133.666667
18629,1.86290000e+04,3208,133.666667
18630,1.86300000e+04,3200,133.333333
18631,1.86310000e+04,3200,133.333333
18632,1.86320000e+04,3200,133.333333
18633,1.86330000e+04,3200,133.333333
18634,1.86340000e+04,3200,133.333333
18635,1.86350000e+04,3189,132.875000
18636,1.86360000e+04,3189,132.875000
18637,1.86370000e+04,3189,132.875000
18638,1.86380000e+04,3189,132.875000
18639,1.86390000e+04,3189,132.875000
18640,1.86400000e+04,3183,132.625000
18641,1.86410000e+04,3183,132.625000
18642,1.86420000e+04,3183,132.625000
18643,1.86430000e+04,3183,132.625000
18644,1.86440000e+04,3183,132.625000
18645,1.86450000e+04,3167,131.958333
18646,1.86460000e+04,3167,131.958333
18647,1.86470000e+04,3167,131.958333
18648,1.86480000e+04,3167,131.958333
18649,1.86490000e+04,3167,131.958333
18650,1.86500000e+04,3153,131.375000
18651,1.86510000e+04,3153,131.375000
18652,1.86520000e+04,3153,131.375000
18653,1.86530000e+04,3153,131.375000
18654,1.86540000e+04,3153,131.375000
18655,1.86550000e+04,3142,130.916667
18656,1.86560000e+04,3142,130.916667
18657,1.86570000e+04,3142,130.916667
18658,1.86580000e+04,3142,130.916667
18659,1.86590000e+04,3142,130.916667
18660,1.86600000e+04,3130,130.416667
18661,1.86610000e+04,3130,130.416667
18662,1.86620000e+04,3130,130.416667
18663,1.86630000e+04,3130,130.416667
18664,1.86640000e+04,3130,130.416667
18665,1.86650000e+04,3117,129.875000
18666,1.86660000e+04,3117,129.875000
18667,1.86670000e+04,3117,129.875000
18668,1.86680000e+04,3117,129.875000
18669,1.86690000e+04,3117,129.875000
18670,1.86700000e+04,3106,129.416667
18671,1.86710000e+04,3106,129.416667
18672,1.86720000e+04,3106,129.416667
18673,1.86730000e+04,3106,129.416667
18674,1.86740000e+04,3106,129.416667
18675,1.86750000e+04,3097,129.041667
18676,1.86760000e+04,3097,129.041667
18677,1.86770000e+04,3097,129.041667
18678,1.86780000e+04,3097,129.041667
18679,1.86790000e+04,3097,129.041667
18680,1.86800000e+04,3086,128.583333
18681,1.86810000e+04,3086,128.583333
18682,1.86820000e+04,3086,128.583333
18683,1.86830000e+04,3086,128.583333
18684,1.86840000e+04,3086,128.583333
18685,1.86850000e+04,3077,128.208333
18686,1.86860000e+04,3077,128.208333
18687,1.86870000e+04,3077,128.208333
18688,1.86880000e+04,3077,128.208333
18689,1.86890000e+04,3077,128.208333
18690,1.86900000e+04,3071,127.958333
18691,1.86910000e+04,3071,127.958333
18692,1.86920000e+04,3071,127.958333
18693,1.86930000e+04,3071,127.958333
18694,1.86940000e+04,3071,127.958333
18695,1.86950000e+04,3063,127.625000
18696,1.86960000e+04,3063,127.625000
18697,1.86970000e+04,3063,127.625000
18698,1.86980000e+04,3063,127.625000
18699,1.86990000e+04,3063,127.625000
18700,1.87000000e+04,3058,127.416667
18701,1.87010000e+04,3058,127.416667
18702,1.87020000e+04,3058,127.416667
18703,1.87030000e+04,3058,127.416667
18704,1.87040000e+04,3058,127.416667
18705,1.87050000e+04,3050,127.083333
18706,1.87060000e+04,3050,127.083333
18707,1.87070000e+04,3050,127.083333
18708,1.87080000e+04,3050,127.083333
18709,1.87090000e+04,3050,127.083333
18710,1.87100000e+04,3043,126.791667
18711,1.87110000e+04,3043,126.791667
18712,1.87120000e+04,3043,126.791667
18713,1.87130000e+04,3043,126.791667
18714,1.87140000e+04,3043,126.791667
18715,1.87150000e+04,3035,126.458333
18716,1.87160000e+04,3035,126.458333
18717,1.87170000e+04,3035,126.458333
18718,1.87180000e+04,3035,126.458333
18719,1.87190000e+04,3035,126.458333
18720,1.87200000e+04,3032,126.333333
18721,1.87210000e+04,3032,126.333333
18722,1.87220000e+04,3032,126.333333
18723,1.87230000e+04,3032,126.333333
18724,1.87240000e+04,3032,126.333333
18725,1.87250000e+04,3024,126.000000
18726,1.87260000e+04,3024,126.000000
18727,1.87270000e+04,3024,126.000000
18728,1.87280000e+04,3024,126.000000
18729,1.87290000e+04,3024,126.000000
18730,1.87300000e+04,3007,125.291667
18731,1.87310000e+04,3007,125.291667
18732,1.87320000e+04,3007,125.291667
18733,1.87330000e+04,3007,125.291667
18734,1.87340000e+04,3007,125.291667
18735,1.87350000e+04,3001,125.041667
18736,1.87360000e+04,3001,125.041667
18737,1.87370000e+04,3001,125.041667
18738,1.87380000e+04,3001,125.041667
18739,1.87390000e+04,3001,125.041667
18740,1.87400000e+04,2984,124.333333
18741,1.87410000e+04,2984,124.333333
18742,1.87420000e+04,2984,124.333333
18743,1.87430000e+04,2984,124.333333
18744,1.87440000e+04,2984,124.333333
18745,1.87450000e+04,2972,123.833333
18746,1.87460000e+04,2972,123.833333
18747,1.87470000e+04,2972,123.833333
18748,1.87480000e+04,2972,123.833333
18749,1.87490000e+04,2972,123.833333
18750,1.87500000e+04,2950,122.916667
18751,1.87510000e+04,2950,122.916667
18752,1.87520000e+04,2950,122.916667
18753,1.87530000e+04,2950,122.916667
18754,1.87540000e+04,2950,122.916667
18755,1.87550000e+04,2931,122.125000
18756,1.87560000e+04,2931,122.125000
18757,1.87570000e+04,2931,122.125000
18758,1.87580000e+04,2931,122.125000
18759,1.87590000e+04,2931,122.125000
18760,1.87600000e+04,2910,121.250000
18761,1.87610000e+04,2910,121.250000
18762,1.87620000e+04,2910,121.250000
18763,1.87630000e+04,2910,121.250000
18764,1.87640000e+04,2910,121.250000
18765,1.87650000e+04,2891,120.458333
18766,1.87660000e+04,2891,120.458333
18767,1.87670000e+04,2891,120.458333
18768,1.87680000e+04,2891,120.458333
18769,1.87690000e+04,2891,120.458333
18770,1.87700000e+04,2871,119.625000
18771,1.87710000e+04,2871,119.625000
18772,1.87720000e+04,2871,119.625000
18773,1.87730000e+04,2871,119.625000
18774,1.87740000e+04,2871,119.625000
18775,1.87750000e+04,2850,118.750000
18776,1.87760000e+04,2850,118.750000
18777,1.87770000e+04,2850,118.750000
18778,1.87780000e+04,2850,118.750000
18779,1.87790000e+04,2850,118.750000
18780,1.87800000e+04,2831,117.958333
18781,1.87810000e+04,2831,117.958333
18782,1.87820000e+04,2831,117.958333
18783,1.87830000e+04,2831,117.958333
18784,1.87840000e+04,2831,117.958333
18785,1.87850000e+04,2805,116.875000
18786,1.87860000e+04,2805,116.875000
18787,1.87870000e+04,2805,116.875000
18788,1.87880000e+04,2805,116.875000
18789,1.87890000e+04,2805,116.875000
18790,1.87900000e+04,2791,116.291667
18791,1.87910000e+04,2791,116.291667
18792,1.87920000e+04,2791,116.291667
18793,1.87930000e+04,2791,116.291667
18794,1.87940000e+04,2791,116.291667
18795,1.87950000e+04,2770,115.416667
18796,1.87960000e+04,2770,115.416667
18797,1.87970000e+04,2770,115.416667
18798,1.87980000e+04,2770,115.416667
18799,1.87990000e+04,2770,115.416667
18800,1.88000000e+04,2754,114.750000
18801,1.88010000e+04,2754,114.750000
18802,1.88020000e+04,2754,114.750000
18803,1.88030000e+04,2754,114.750000
18804,1.88040000e+04,2754,114.750000
18805,1.88050000e+04,2739,114.125000
18806,1.88060000e+04,2739,114.125000
18807,1.88070000e+04,2739,114.125000
18808,1.88080000e+04,2739,114.125000
18809,1.88090000e+04,2739,114.125000
18810,1.88100000e+04,2726,113.583333
18811,1.88110000e+04,2726,113.583333
18812,1.88120000e+04,2726,113.583333
18813,1.88130000e+04,2726,113.583333
18814,1.88140000e+04,2726,113.583333
18815,1.88150000e+04,2711,112.958333
18816,1.88160000e+04,2711,112.958333
18817,1.88170000e+04,2711,112.958333
18818,1.88180000e+04,2711,112.958333
18819,1.88190000e+04,2711,112.958333
18820,1.88200000e+04,2702,112.583333
18821,1.88210000e+04,2702,112.583333
18822,1.88220000e+04,2702,112.583333
18823,1.88230000e+04,2702,112.583333
18824,1.88240000e+04,2702,112.583333
18825,1.88250000e+04,2690,112.083333
18826,1.88260000e+04,2690,112.083333
18827,1.88270000e+04,2690,112.083333
18828,1.88280000e+04,2690,112.083333
18829,1.88290000e+04,2690,112.083333
18830,1.88300000e+04,2679,111.625000
18831,1.88310000e+04,2679,111.625000
18832,1.88320000e+04,2679,111.625000
18833,1.88330000e+04,2679,111.625000
18834,1.88340000e+04,2679,111.625000
18835,1.88350000e+04,2671,111.291667
18836,1.88360000e+04,2671,111.291667
18837,1.88370000e+04,2671,111.291667
18838,1.88380000e+04,2671,111.291667
18839,1.88390000e+04,2671,111.291667
18840,1.88400000e+04,2657,110.708333
18841,1.88410000e+04,2657,110.708333
18842,1.88420000e+04,2657,110.708333
18843,1.88430000e+04,2657,110.708333
18844,1.88440000e+04,2657,110.708333
18845,1.88450000e+04,2643,110.125000
18846,1.88460000e+04,2643,110.125000
18847,1.88470000e+04,2643,110.125000
18848,1.88480000e+04,2643,110.125000
18849,1.88490000e+04,2643,110.125000
18850,1.88500000e+04,2627,109.458333
18851,1.88510000e+04,2627,109.458333
18852,1.88520000e+04,2627,109.458333
18853,1.88530000e+04,2627,109.458333
18854,1.88540000e+04,2627,109.458333
18855,1.88550000e+04,2608,108.666667
18856,1.88560000e+04,2608,108.666667
18857,1.88570000e+04,2608,108.666667
18858,1.88580000e+04,2608,108.666667
18859,1.88590000e+04,2608,108.666667
18860,1.88600000e+04,2588,107.833333
18861,1.88610000e+04,2588,107.833333
18862,1.88620000e+04,2588,107.833333
18863,1.88630000e+04,2588,107.833333
18864,1.88640000e+04,2588,107.833333
18865,1.88650000e+04,2565,106.875000
18866,1.88660000e+04,2565,106.875000
18867,1.88670000e+04,2565,106.875000
18868,1.88680000e+04,2565,106.875000
18869,1.88690000e+04,2565,106.875000
18870,1.88700000e+04,2537,105.708333
18871,1.88710000e+04,2537,105.708333
18872,1.88720000e+04,2537,105.708333
18873,1.88730000e+04,2537,105.708333
18874,1.88740000e+04,2537,105.708333
18875,1.88750000e+04,2512,104.666667
18876,1.88760000e+04,2512,104.666667
18877,1.88770000e+04,2512,104.666667
18878,1.88780000e+04,2512,104.666667
18879,1.88790000e+04,2512,104.666667
18880,1.88800000e+04,2485,103.541667
18881,1.88810000e+04,2485,103.541667
18882,1.88820000e+04,2485,103.541667
18883,1.88830000e+04,2485,103.541667
18884,1.88840000e+04,2485,103.541667
18885,1.88850000e+04,2459,102.458333
18886,1.88860000e+04,2459,102.458333
18887,1.88870000e+04,2459,102.458333
18888,1.88880000e+04,2459,102.458333
18889,1.88890000e+04,2459,102.458333
18890,1.88900000e+04,2432,101.333333
18891,1.88910000e+04,2432,101.333333
18892,1.88920000e+04,2432,101.333333
18893,1.88930000e+04,2432,101.333333
18894,1.88940000e+04,2432,101.333333
18895,1.88950000e+04,2410,100.416667
18896,1.88960000e+04,2410,100.416667
18897,1.88970000e+04,2410,100.416667
18898,1.88980000e+04,2410,100.416667
18899,1.88990000e+04,2410,100.416667
18900,1.89000000e+04,2388,99.500000
18901,1.89010000e+04,2388,99.500000
18902,1.89020000e+04,2388,99.500000
18903,1.89030000e+04,2388,99.500000
18904,1.89040000e+04,2388,99.500000
18905,1.89050000e+04,2369,98.708333
18906,1.89060000e+04,2369,98.708333
18907,1.89070000e+04,2369,98.708333
18908,1.89080000e+04,2369,98.708333
18909,1.89090000e+04,2369,98.708333
18910,1.89100000e+04,2351,97.958333
18911,1.89110000e+04,2351,97.958333
18912,1.89120000e+04,2351,97.958333
18913,1.89130000e+04,2351,97.958333
18914,1.89140000e+04,2351,97.958333
18915,1.89150000e+04,2336,97.333333
18916,1.89160000e+04,2336,97.333333
18917,1.89170000e+04,2336,97.333333
18918,1.89180000e+04,2336,97.333333
18919,1.89190000e+04,2336,97.333333
18920,1.89200000e+04,2319,96.625000
18921,1.89210000e+04,2319,96.625000
18922,1.89220000e+04,2319,96.625000
18923,1.89230000e+04,2319,96.625000
18924,1.89240000e+04,2319,96.625000
18925,1.89250000e+04,2307,96.125000
18926,1.89260000e+04,2307,96.125000
18927,1.89270000e+04,2307,96.125000
18928,1.89280000e+04,2307,96.125000
18929,1.89290000e+04,2307,96.125000
18930,1.89300000e+04,2294,95.583333
18931,1.89310000e+04,2294,95.583333
18932,1.89320000e+04,2294,95.583333
18933,1.89330000e+04,2294,95.583333
18934,1.89340000e+04,2294,95.583333
18935,1.89350000e+04,2280,95.000000
18936,1.89360000e+04,2280,95.000000
18937,1.89370000e+04,2280,95.000000
18938,1.89380000e+04,2280,95.000000
18939,1.89390000e+04,2280,95.000000
18940,1.89400000e+04,2271,94.625000
18941,1.89410000e+04,2271,94.625000
18942,1.89420000e+04,2271,94.625000
18943,1.89430000e+04,2271,94.625000
18944,1.89440000e+04,2271,94.625000
18945,1.89450000e+04,2259,94.125000
18946,1.89460000e+04,2259,94.125000
18947,1.89470000e+04,2259,94.125000
18948,1.89480000e+04,2259,94.125000
18949,1.89490000e+04,2259,94.125000
18950,1.89500000e+04,2246,93.583333
18951,1.89510000e+04,2246,93.583333
18952,1.89520000e+04,2246,93.583333
18953,1.89530000e+04,2246,93.583333
18954,1.89540000e+04,2246,93.583333
18955,1.89550000e+04,2236,93.166667
18956,1.89560000e+04,2236,93.166667
18957,1.89570000e+04,2236,93.166667
18958,1.89580000e+04,2236,93.166667
18959,1.89590000e+04,2236,93.166667
18960,1.89600000e+04,2217,92.375000
18961,1.89610000e+04,2217,92.375000
18962,1.89620000e+04,2217,92.375000
18963,1.89630000e+04,2217,92.375000
18964,1.89640000e+04,2217,92.375000
18965,1.89650000e+04,2203,91.791667
18966,1.89660000e+04,2203,91.791667
18967,1.89670000e+04,2203,91.791667
18968,1.89680000e+04,2203,91.791667
18969,1.89690000e+04,2203,91.791667
18970,1.89700000e+04,2187,91.125000
18971,1.89710000e+04,2187,91.125000
18972,1.89720000e+04,2187,91.125000
18973,1.89730000e+04,2187,91.125000
18974,1.89740000e+04,2187,91.125000
18975,1.89750000e+04,2169,90.375000
18976,1.89760000e+04,2169,90.375000
18977,1.89770000e+04,2169,90.375000
18978,1.89780000e+04,2169,90.375000
18979,1.89790000e+04,2169,90.375000
18980,1.89800000e+04,2145,89.375000
18981,1.89810000e+04,2145,89.375000
18982,1.89820000e+04,2145,89.375000
18983,1.89830000e+04,2145,89.375000
18984,1.89840000e+04,2145,89.375000
18985,1.89850000e+04,2126,88.583333
18986,1.89860000e+04,2126,88.583333
18987,1.89870000e+04,2126,88.583333
18988,1.89880000e+04,2126,88.583333
18989,1.89890000e+04,2126,88.583333
18990,1.89900000e+04,2098,87.416667
18991,1.89910000e+04,2098,87.416667
18992,1.89920000e+04,2098,87.416667
18993,1.89930000e+04,2098,87.416667
18994,1.89940000e+04,2098,87.416667
18995,1.89950000e+04,2080,86.666667
18996,1.89960000e+04,2080,86.666667
18997,1.89970000e+04,2080,86.666667
18998,1.89980000e+04,2080,86.666667
18999,1.89990000e+04,2080,86.666667
19000,1.90000000e+04,2056,85.666667
19001,1.90010000e+04,2056,85.666667
19002,1.90020000e+04,2056,85.666667
19003,1.90030000e+04,2056,85.666667
19004,1.90040000e+04,2056,85.666667
19005,1.90050000e+04,2033,84.708333
19006,1.90060000e+04,2033,84.708333
19007,1.90070000e+04,2033,84.708333
19008,1.90080000e+04,2033,84.708333
19009,1.90090000e+04,2033,84.708333
19010,1.90100000e+04,2010,83.750000
19011,1.90110000e+04,2010,83.750000
19012,1.90120000e+04,2010,83.750000
19013,1.90130000e+04,2010,83.750000
19014,1.90140000e+04,2010,83.750000
19015,1.90150000e+04,1989,82.875000
19016,1.90160000e+04,1989,82.875000
19017,1.90170000e+04,1989,82.875000
19018,1.90180000e+04,1989,82.875000
19019,1.90190000e+04,1989,82.875000
19020,1.90200000e+04,1967,81.958333
19021,1.90210000e+04,1967,81.958333
19022,1.90220000e+04,1967,81.958333
19023,1.90230000e+04,1967,81.958333
19024,1.90240000e+04,1967,81.958333
19025,1.90250000e+04,1945,81.041667
19026,1.90260000e+04,1945,81.041667
19027,1.90270000e+04,1945,81.041667
19028,1.90280000e+04,1945,81.041667
19029,1.90290000e+04,1945,81.041667
19030,1.90300000e+04,1924,80.166667
19031,1.90310000e+04,1924,80.166667
19032,1.90320000e+04,1924,80.166667
19033,1.90330000e+04,1924,80.166667
19034,1.90340000e+04,1924,80.166667
19035,1.90350000e+04,1903,79.291667
19036,1.90360000e+04,1903,79.291667
19037,1.90370000e+04,1903,79.291667
19038,1.90380000e+04,1903,79.291667
19039,1.90390000e+04,1903,79.291667
19040,1.90400000e+04,1884,78.500000
19041,1.90410000e+04,1884,78.500000
19042,1.90420000e+04,1884,78.500000
19043,1.90430000e+04,1884,78.500000
19044,1.90440000e+04,1884,78.500000
19045,1.90450000e+04,1860,77.500000
19046,1.90460000e+04,1860,77.500000
19047,1.90470000e+04,1860,77.500000
19048,1.90480000e+04,1860,77.500000
19049,1.90490000e+04,1860,77.500000
19050,1.90500000e+04,1837,76.541667
19051,1.90510000e+04,1837,76.541667
19052,1.90520000e+04,1837,76.541667
19053,1.90530000e+04,1837,76.541667
19054,1.90540000e+04,1837,76.541667
19055,1.90550000e+04,1815,75.625000
19056,1.90560000e+04,1815,75.625000
19057,1.90570000e+04,1815,75.625000
19058,1.90580000e+04,1815,75.625000
19059,1.90590000e+04,1815,75.625000
19060,1.90600000e+04,1797,74.875000
19061,1.90610000e+04,1797,74.875000
19062,1.90620000e+04,1797,74.875000
19063,1.90630000e+04,1797,74.875000
19064,1.90640000e+04,1797,74.875000
19065,1.90650000e+04,1771,73.791667
19066,1.90660000e+04,1771,73.791667
19067,1.90670000e+04,1771,73.791667
19068,1.90680000e+04,1771,73.791667
19069,1.90690000e+04,1771,73.791667
19070,1.90700000e+04,1755,73.125000
19071,1.90710000e+04,1755,73.125000
19072,1.90720000e+04,1755,73.125000
19073,1.90730000e+04,1755,73.125000
19074,1.90740000e+04,1755,73.125000
19075,1.90750000e+04,1729,72.041667
19076,1.90760000e+04,1729,72.041667
19077,1.90770000e+04,1729,72.041667
19078,1.90780000e+04,1729,72.041667
19079,1.90790000e+04,1729,72.041667
19080,1.90800000e+04,1703,70.958333
19081,1.90810000e+04,1703,70.958333
19082,1.90820000e+04,1703,70.958333
19083,1.90830000e+04,1703,70.958333
19084,1.90840000e+04,1703,70.958333
19085,1.90850000e+04,1673,69.708333
19086,1.90860000e+04,1673,69.708333
19087,1.90870000e+04,1673,69.708333
19088,1.90880000e+04,1673,69.708333
19089,1.90890000e+04,1673,69.708333
19090,1.90900000e+04,1642,68.416667
19091,1.90910000e+04,1642,68.416667
19092,1.90920000e+04,1642,68.416667
19093,1.90930000e+04,1642,68.416667
19094,1.90940000e+04,1642,68.416667
19095,1.90950000e+04,1611,67.125000
19096,1.90960000e+04,1611,67.125000
19097,1.90970000e+04,1611,67.125000
19098,1.90980000e+04,1611,67.125000
19099,1.90990000e+04,1611,67.125000
19100,1.91000000e+04,1576,65.666667
19101,1.91010000e+04,1576,65.666667
19102,1.91020000e+04,1576,65.666667
19103,1.91030000e+04,1576,65.666667
19104,1.91040000e+04,1576,65.666667
19105,1.91050000e+04,1543,64.291667
19106,1.91060000e+04,1543,64.291667
19107,1.91070000e+04,1543,64.291667
19108,1.91080000e+04,1543,64.291667
19109,1.91090000e+04,1543,64.291667
19110,1.91100000e+04,1505,62.708333
19111,1.91110000e+04,1505,62.708333
19112,1.91120000e+04,1505,62.708333
19113,1.91130000e+04,1505,62.708333
19114,1.91140000e+04,1505,62.708333
19115,1.91150000e+04,1469,61.208333
19116,1.91160000e+04,1469,61.208333
19117,1.91170000e+04,1469,61.208333
19118,1.91180000e+04,1469,61.208333
19119,1.91190000e+04,1469,61.208333
19120,1.91200000e+04,1431,59.625000
19121,1.91210000e+04,1431,59.625000
19122,1.91220000e+04,1431,59.625000
19123,1.91230000e+04,1431,59.625000
19124,1.91240000e+04,1431,59.625000
19125,1.91250000e+04,1395,58.125000
19126,1.91260000e+04,1395,58.125000
19127,1.91270000e+04,1395,58.125000
19128,1.91280000e+04,1395,58.125000
19129,1.91290000e+04,1395,58.125000
19130,1.91300000e+04,1361,56.708333
19131,1.91310000e+04,1361,56.708333
19132,1.91320000e+04,1361,56.708333
19133,1.91330000e+04,1361,56.708333
19134,1.91340000e+04,1361,56.708333
19135,1.91350000e+04,1323,55.125000
19136,1.91360000e+04,1323,55.125000
19137,1.91370000e+04,1323,55.125000
19138,1.91380000e+04,1323,55.125000
19139,1.91390000e+04,1323,55.125000
19140,1.91400000e+04,1295,53.958333
19141,1.91410000e+04,1295,53.958333
19142,1.91420000e+04,1295,53.958333
19143,1.91430000e+04,1295,53.958333
19144,1.91440000e+04,1295,53.958333
19145,1.91450000e+04,1263,52.625000
19146,1.91460000e+04,1263,52.625000
19147,1.91470000e+04,1263,52.625000
19148,1.91480000e+04,1263,52.625000
19149,1.91490000e+04,1263,52.625000
19150,1.91500000e+04,1235,51.458333
19151,1.91510000e+04,1235,51.458333
19152,1.91520000e+04,1235,51.458333
19153,1.91530000e+04,1235,51.458333
19154,1.91540000e+04,1235,51.458333
19155,1.91550000e+04,1205,50.208333
19156,1.91560000e+04,1205,50.208333
19157,1.91570000e+04,1205,50.208333
19158,1.91580000e+04,1205,50.208333
19159,1.91590000e+04,1205,50.208333
19160,1.91600000e+04,1173,48.875000
19161,1.91610000e+04,1173,48.875000
19162,1.91620000e+04,1173,48.875000
19163,1.91630000e+04,1173,48.875000
19164,1.91640000e+04,1173,48.875000
19165,1.91650000e+04,1145,47.708333
19166,1.91660000e+04,1145,47.708333
19167,1.91670000e+04,1145,47.708333
19168,1.91680000e+04,1145,47.708333
19169,1.91690000e+04,1145,47.708333
19170,1.91700000e+04,1119,46.625000
19171,1.91710000e+04,1119,46.625000
19172,1.91720000e+04,1119,46.625000
19173,1.91730000e+04,1119,46.625000
19174,1.91740000e+04,1119,46.625000
19175,1.91750000e+04,1089,45.375000
19176,1.91760000e+04,1089,45.375000
19177,1.91770000e+04,1089,45.375000
19178,1.91780000e+04,1089,45.375000
19179,1.91790000e+04,1089,45.375000
19180,1.91800000e+04,1064,44.333333
19181,1.91810000e+04,1064,44.333333
19182,1.91820000e+04,1064,44.333333
19183,1.91830000e+04,1064,44.333333
19184,1.91840000e+04,1064,44.333333
19185,1.91850000e+04,1036,43.166667
19186,1.91860000e+04,1036,43.166667
19187,1.91870000e+04,1036,43.166667
19188,1.91880000e+04,1036,43.166667
19189,1.91890000e+04,1036,43.166667
19190,1.91900000e+04,1003,41.791667
19191,1.91910000e+04,1003,41.791667
19192,1.91920000e+04,1003,41.791667
19193,1.91930000e+04,1003,41.791667
19194,1.91940000e+04,1003,41.791667
19195,1.91950000e+04,976,40.666667
19196,1.91960000e+04,976,40.666667
19197,1.91970000e+04,976,40.666667
19198,1.91980000e+04,976,40.666667
19199,1.91990000e+04,976,40.666667
19200,1.92000000e+04,940,39.166667
19201,1.92010000e+04,940,39.166667
19202,1.92020000e+04,940,39.166667
19203,1.92030000e+04,940,39.166667
19204,1.92040000e+04,940,39.166667
19205,1.92050000e+04,911,37.958333
19206,1.92060000e+04,911,37.958333
19207,1.92070000e+04,911,37.958333
19208,1.92080000e+04,911,37.958333
19209,1.92090000e+04,911,37.958333
19210,1.92100000e+04,877,36.541667
19211,1.92110000e+04,877,36.541667
19212,1.92120000e+04,877,36.541667
19213,1.92130000e+04,877,36.541667
19214,1.92140000e+04,877,36.541667
19215,1.92150000e+04,840,35.000000
19216,1.92160000e+04,840,35.000000
19217,1.92170000e+04,840,35.000000
19218,1.92180000e+04,840,35.000000
19219,1.92190000e+04,840,35.000000
19220,1.92200000e+04,807,33.625000
19221,1.92210000e+04,807,33.625000
19222,1.92220000e+04,807,33.625000
19223,1.92230000e+04,807,33.625000
19224,1.92240000e+04,807,33.625000
19225,1.92250000e+04,771,32.125000
19226,1.92260000e+04,771,32.125000
19227,1.92270000e+04,771,32.125000
19228,1.92280000e+04,771,32.125000
19229,1.92290000e+04,771,32.125000
19230,1.92300000e+04,738,30.750000
19231,1.92310000e+04,738,30.750000
19232,1.92320000e+04,738,30.750000
19233,1.92330000e+04,738,30.750000
19234,1.92340000e+04,738,30.750000
19235,1.92350000e+04,702,29.250000
19236,1.92360000e+04,702,29.250000
19237,1.92370000e+04,702,29.250000
19238,1.92380000e+04,702,29.250000
19239,1.92390000e+04,702,29.250000
19240,1.92400000e+04,663,27.625000
19241,1.92410000e+04,663,27.625000
19242,1.92420000e+04,663,27.625000
19243,1.92430000e+04,663,27.625000
19244,1.92440000e+04,663,27.625000
19245,1.92450000e+04,632,26.333333
19246,1.92460000e+04,632,26.333333
19247,1.92470000e+04,632,26.333333
19248,1.92480000e+04,632,26.333333
19249,1.92490000e+04,632,26.333333
19250,1.92500000e+04,597,24.875000
19251,1.92510000e+04,597,24.875000
19252,1.92520000e+04,597,24.875000
19253,1.92530000e+04,597,24.875000
19254,1.92540000e+04,597,24.875000
19255,1.92550000e+04,565,23.541667
19256,1.92560000e+04,565,23.541667
19257,1.92570000e+04,565,23.541667
19258,1.92580000e+04,565,23.541667
19259,1.92590000e+04,565,23.541667
19260,1.92600000e+04,534,22.250000
19261,1.92610000e+04,534,22.250000
19262,1.92620000e+04,534,22.250000
19263,1.92630000e+04,534,22.250000
19264,1.92640000e+04,534,22.250000
19265,1.92650000e+04,506,21.083333
19266,1.92660000e+04,506,21.083333
19267,1.92670000e+04,506,21.083333
19268,1.92680000e+04,506,21.083333
19269,1.92690000e+04,506,21.083333
19270,1.92700000e+04,470,19.583333
19271,1.92710000e+04,470,19.583333
19272,1.92720000e+04,470,19.583333
19273,1.92730000e+04,470,19.583333
19274,1.92740000e+04,470,19.583333
19275,1.92750000e+04,437,18.208333
19276,1.92760000e+04,437,18.208333
19277,1.92770000e+04,437,18.208333
19278,1.92780000e+04,437,18.208333
19279,1.92790000e+04,437,18.208333
19280,1.92800000e+04,404,16.833333
19281,1.92810000e+04,404,16.833333
19282,1.92820000e+04,404,16.833333
19283,1.92830000e+04,404,16.833333
19284,1.92840000e+04,404,16.833333
19285,1.92850000e+04,374,15.583333
19286,1.92860000e+04,374,15.583333
19287,1.92870000e+04,374,15.583333
19288,1.92880000e+04,374,15.583333
19289,1.92890000e+04,374,15.583333
19290,1.92900000e+04,339,14.125000
19291,1.92910000e+04,339,14.125000
19292,1.92920000e+04,339,14.125000
19293,1.92930000e+04,339,14.125000
19294,1.92940000e+04,339,14.125000
19295,1.92950000e+04,305,12.708333
19296,1.92960000e+04,305,12.708333
19297,1.92970000e+04,305,12.708333
19298,1.92980000e+04,305,12.708333
19299,1.92990000e+04,305,12.708333
19300,1.93000000e+04,268,11.166667
19301,1.93010000e+04,268,11.166667
19302,1.93020000e+04,268,11.166667
19303,1.93030000e+04,268,11.166667
19304,1.93040000e+04,268,11.166667
19305,1.93050000e+04,236,9.833333
19306,1.93060000e+04,236,9.833333
19307,1.93070000e+04,236,9.833333
19308,1.93080000e+04,236,9.833333
19309,1.93090000e+04,236,9.833333
19310,1.93100000e+04,201,8.375000
19311,1.93110000e+04,201,8.375000
19312,1.93120000e+04,201,8.375000
19313,1.93130000e+04,201,8.375000
19314,1.93140000e+04,201,8.375000
19315,1.93150000e+04,160,6.666667
19316,1.93160000e+04,160,6.666667
19317,1.93170000e+04,160,6.666667
19318,1.93180000e+04,160,6.666667
19319,1.93190000e+04,160,6.666667
19320,1.93200000e+04,122,5.083333
19321,1.93210000e+04,122,5.083333
19322,1.93220000e+04,122,5.083333
19323,1.93230000e+04,122,5.083333
19324,1.93240000e+04,122,5.083333
19325,1.93250000e+04,82,3.416667
19326,1.93260000e+04,82,3.416667
19327,1.93270000e+04,82,3.416667
19328,1.93280000e+04,82,3.416667
19329,1.93290000e+04,82,3.416667
19330,1.93300000e+04,43,1.791667
19331,1.93310000e+04,43,1.791667
19332,1.93320000e+04,43,1.791667
19333,1.93330000e+04,43,1.791667
19334,1.93340000e+04,43,1.791667
19335,1.93350000e+04,4,0.166667
19336,1.93360000e+04,4,0.166667
19337,1.93370000e+04,4,0.166667
19338,1.93380000e+04,4,0.166667
19339,1.93390000e+04,4,0.166667
19340,1.93400000e+04,-36,-1.500000
19341,1.93410000e+04,-36,-1.500000
19342,1.93420000e+04,-36,-1.500000
19343,1.93430000e+04,-36,-1.500000
19344,1.93440000e+04,-36,-1.500000
19345,1.93450000e+04,-76,-3.166667
19346,1.93460000e+04,-76,-3.166667
19347,1.93470000e+04,-76,-3.166667
19348,1.93480000e+04,-76,-3.166667
19349,1.93490000e+04,-76,-3.166667
19350,1.93500000e+04,-115,-4.791667
19351,1.93510000e+04,-115,-4.791667
19352,1.93520000e+04,-115,-4.791667
19353,1.93530000e+04,-115,-4.791667
19354,1.93540000e+04,-115,-4.791667
19355,1.93550000e+04,-155,-6.458333
19356,1.93560000e+04,-155,-6.458333
19357,1.93570000e+04,-155,-6.458333
19358,1.93580000e+04,-155,-6.458333
19359,1.93590000e+04,-155,-6.458333
19360,1.93600000e+04,-192,-8.000000
19361,1.93610000e+04,-192,-8.000000
19362,1.93620000e+04,-192,-8.000000
19363,1.93630000e+04,-192,-8.000000
19364,1.93640000e+04,-192,-8.000000
19365,1.93650000e+04,-229,-9.541667
19366,1.93660000e+04,-229,-9.541667
19367,1.93670000e+04,-229,-9.541667
19368,1.93680000e+04,-229,-9.541667
19369,1.93690000e+04,-229,-9.541667
19370,1.93700000e+04,-262,-10.916667
19371,1.93710000e+04,-262,-10.916667
19372,1.93720000e+04,-262,-10.916667
19373,1.93730000e+04,-262,-10.916667
19374,1.93740000e+04,-262,-10.916667
19375,1.93750000e+04,-297,-12.375000
19376,1.93760000e+04,-297,-12.375000
19377,1.93770000e+04,-297,-12.375000
19378,1.93780000e+04,-297,-12.375000
19379,1.93790000e+04,-297,-12.375000
19380,1.93800000e+04,-329,-13.708333
19381,1.93810000e+04,-329,-13.708333
19382,1.93820000e+04,-329,-13.708333
19383,1.93830000e+04,-329,-13.708333
19384,1.93840000e+04,-329,-13.708333
19385,1.93850000e+04,-360,-15.000000
19386,1.93860000e+04,-360,-15.000000
19387,1.93870000e+04,-360,-15.000000
19388,1.93880000e+04,-360,-15.000000
19389,1.93890000e+04,-360,-15.000000
19390,1.93900000e+04,-392,-16.333333
19391,1.93910000e+04,-392,-16.333333
19392,1.93920000e+04,-392,-16.333333
19393,1.93930000e+04,-392,-16.333333
19394,1.93940000e+04,-392,-16.333333
19395,1.93950000e+04,-424,-17.666667
19396,1.93960000e+04,-424,-17.666667
19397,1.93970000e+04,-424,-17.666667
19398,1.93980000e+04,-424,-17.666667
19399,1.93990000e+04,-424,-17.666667
19400,1.94000000e+04,-457,-19.041667
19401,1.94010000e+04,-457,-19.041667
19402,1.94020000e+04,-457,-19.041667
19403,1.94030000e+04,-457,-19.041667
19404,1.94040000e+04,-457,-19.041667
19405,1.94050000e+04,-486,-20.250000
19406,1.94060000e+04,-486,-20.250000
19407,1.94070000e+04,-486,-20.250000
19408,1.94080000e+04,-486,-20.250000
19409,1.94090000e+04,-486,-20.250000
19410,1.94100000e+04,-516,-21.500000
19411,1.94110000e+04,-516,-21.500000
19412,1.94120000e+04,-516,-21.500000
19413,1.94130000e+04,-516,-21.500000
19414,1.94140000e+04,-516,-21.500000
19415,1.94150000e+04,-549,-22.875000
19416,1.94160000e+04,-549,-22.875000
19417,1.94170000e+04,-549,-22.875000
19418,1.94180000e+04,-549,-22.875000
19419,1.94190000e+04,-549,-22.875000
19420,1.94200000e+04,-580,-24.166667
19421,1.94210000e+04,-580,-24.166667
19422,1.94220000e+04,-580,-24.166667
19423,1.94230000e+04,-580,-24.166667
19424,1.94240000e+04,-580,-24.166667
19425,1.94250000e+04,-616,-25.666667
19426,1.94260000e+04,-616,-25.666667
19427,1.94270000e+04,-616,-25.666667
19428,1.94280000e+04,-616,-25.666667
19429,1.94290000e+04,-616,-25.666667
19430,1.94300000e+04,-649,-27.041667
19431,1.94310000e+04,-649,-27.041667
19432,1.94320000e+04,-649,-27.041667
19433,1.94330000e+04,-649,-27.041667
19434,1.94340000e+04,-649,-27.041667
19435,1.94350000e+04,-686,-28.583333
19436,1.94360000e+04,-686,-28.583333
19437,1.94370000e+04,-686,-28.583333
19438,1.94380000e+04,-686,-28.583333
19439,1.94390000e+04,-686,-28.583333
19440,1.94400000e+04,-723,-30.125000
19441,1.94410000e+04,-723,-30.125000
19442,1.94420000e+04,-723,-30.125000
19443,1.94430000e+04,-723,-30.125000
19444,1.94440000e+04,-723,-30.125000
19445,1.94450000e+04,-759,-31.625000
19446,1.94460000e+04,-759,-31.625000
19447,1.94470000e+04,-759,-31.625000
19448,1.94480000e+04,-759,-31.625000
19449,1.94490000e+04,-759,-31.625000
19450,1.94500000e+04,-795,-33.125000
19451,1.94510000e+04,-795,-33.125000
19452,1.94520000e+04,-795,-33.125000
19453,1.94530000e+04,-795,-33.125000
19454,1.94540000e+04,-795,-33.125000
19455,1.94550000e+04,-827,-34.458333
19456,1.94560000e+04,-827,-34.458333
19457,1.94570000e+04,-827,-34.458333
19458,1.94580000e+04,-827,-34.458333
19459,1.94590000e+04,-827,-34.458333
19460,1.94600000e+04,-863,-35.958333
19461,1.94610000e+04,-863,-35.958333
19462,1.94620000e+04,-863,-35.958333
19463,1.94630000e+04,-863,-35.958333
19464,1.94640000e+04,-863,-35.958333
19465,1.94650000e+04,-901,-37.541667
19466,1.94660000e+04,-901,-37.541667
19467,1.94670000e+04,-901,-37.541667
19468,1.94680000e+04,-901,-37.541667
19469,1.94690000e+04,-901,-37.541667
19470,1.94700000e+04,-930,-38.750000
19471,1.94710000e+04,-930,-38.750000
19472,1.94720000e+04,-930,-38.750000
19473,1.94730000e+04,-930,-38.750000
19474,1.94740000e+04,-930,-38.750000
19475,1.94750000e+04,-965,-40.208333
19476,1.94760000e+04,-965,-40.208333
19477,1.94770000e+04,-965,-40.208333
19478,1.94780000e+04,-965,-40.208333
19479,1.94790000e+04,-965,-40.208333
19480,1.94800000e+04,-996,-41.500000
19481,1.94810000e+04,-996,-41.500000
19482,1.94820000e+04,-996,-41.500000
19483,1.94830000e+04,-996,-41.500000
19484,1.94840000e+04,-996,-41.500000
19485,1.94850000e+04,-1028,-42.833333
19486,1.94860000e+04,-1028,-42.833333
19487,1.94870000e+04,-1028,-42.833333
19488,1.94880000e+04,-1028,-42.833333
19489,1.94890000e+04,-1028,-42.833333
19490,1.94900000e+04,-1060,-44.166667
19491,1.94910000e+04,-1060,-44.166667
19492,1.94920000e+04,-1060,-44.166667
19493,1.94930000e+04,-1060,-44.166667
19494,1.94940000e+04,-1060,-44.166667
19495,1.94950000e+04,-1089,-45.375000
19496,1.94960000e+04,-1089,-45.375000
19497,1.94970000e+04,-1089,-45.375000
19498,1.94980000e+04,-1089,-45.375000
19499,1.94990000e+04,-1089,-45.375000
19500,1.95000000e+04,-1118,-46.583333
19501,1.95010000e+04,-1118,-46.583333
19502,1.95020000e+04,-1118,-46.583333
19503,1.95030000e+04,-1118,-46.583333
19504,1.95040000e+04,-1118,-46.583333
19505,1.95050000e+04,-1147,-47.791667
19506,1.95060000e+04,-1147,-47.791667
19507,1.95070000e+04,-1147,-47.791667
19508,1.95080000e+04,-1147,-47.791667
19509,1.95090000e+04,-1147,-47.791667
19510,1.95100000e+04,-1179,-49.125000
19511,1.95110000e+04,-1179,-49.125000
19512,1.95120000e+04,-1179,-49.125000
19513,1.95130000e+04,-1179,-49.125000
19514,1.95140000e+04,-1179,-49.125000
19515,1.95150000e+04,-1206,-50.250000
19516,1.95160000e+04,-1206,-50.250000
19517,1.95170000e+04,-1206,-50.250000
19518,1.95180000e+04,-1206,-50.250000
19519,1.95190000e+04,-1206,-50.250000
19520,1.95200000e+04,-1240,-51.666667
19521,1.95210000e+04,-1240,-51.666667
19522,1.95220000e+04,-1240,-51.666667
19523,1.95230000e+04,-1240,-51.666667
19524,1.95240000e+04,-1240,-51.666667
19525,1.95250000e+04,-1273,-53.041667
19526,1.95260000e+04,-1273,-53.041667
19527,1.95270000e+04,-1273,-53.041667
19528,1.95280000e+04,-1273,-53.041667
19529,1.95290000e+04,-1273,-53.041667
19530,1.95300000e+04,-1306,-54.416667
19531,1.95310000e+04,-1306,-54.416667
19532,1.95320000e+04,-1306,-54.416667
19533,1.95330000e+04,-1306,-54.416667
19534,1.95340000e+04,-1306,-54.416667
19535,1.95350000e+04,-1335,-55.625000
19536,1.95360000e+04,-1335,-55.625000
19537,1.95370000e+04,-1335,-55.625000
19538,1.95380000e+04,-1335,-55.625000
19539,1.95390000e+04,-1335,-55.625000
19540,1.95400000e+04,-1373,-57.208333
19541,1.95410000e+04,-1373,-57.208333
19542,1.95420000e+04,-1373,-57.208333
19543,1.95430000e+04,-1373,-57.208333
19544,1.95440000e+04,-1373,-57.208333
19545,1.95450000e+04,-1410,-58.750000
19546,1.95460000e+04,-1410,-58.750000
19547,1.95470000e+04,-1410,-58.750000
19548,1.95480000e+04,-1410,-58.750000
19549,1.95490000e+04,-1410,-58.750000
19550,1.95500000e+04,-1446,-60.250000
19551,1.95510000e+04,-1446,-60.250000
19552,1.95520000e+04,-1446,-60.250000
19553,1.95530000e+04,-1446,-60.250000
19554,1.95540000e+04,-1446,-60.250000
19555,1.95550000e+04,-1481,-61.708333
19556,1.95560000e+04,-1481,-61.708333
19557,1.95570000e+04,-1481,-61.708333
19558,1.95580000e+04,-1481,-61.708333
19559,1.95590000e+04,-1481,-61.708333
19560,1.95600000e+04,-1517,-63.208333
19561,1.95610000e+04,-1517,-63.208333
19562,1.95620000e+04,-1517,-63.208333
19563,1.95630000e+04,-1517,-63.208333
19564,1.95640000e+04,-1517,-63.208333
19565,1.95650000e+04,-1554,-64.750000
19566,1.95660000e+04,-1554,-64.750000
19567,1.95670000e+04,-1554,-64.750000
19568,1.95680000e+04,-1554,-64.750000
19569,1.95690000e+04,-1554,-64.750000
19570,1.95700000e+04,-1589,-66.208333
19571,1.95710000e+04,-1589,-66.208333
19572,1.95720000e+04,-1589,-66.208333
19573,1.95730000e+04,-1589,-66.208333
19574,1.95740000e+04,-1589,-66.208333
19575,1.95750000e+04,-1625,-67.708333
19576,1.95760000e+04,-1625,-67.708333
19577,1.95770000e+04,-1625,-67.708333
19578,1.95780000e+04,-1625,-67.708333
19579,1.95790000e+04,-1625,-67.708333
19580,1.95800000e+04,-1657,-69.041667
19581,1.95810000e+04,-1657,-69.041667
19582,1.95820000e+04,-1657,-69.041667
19583,1.95830000e+04,-1657,-69.041667
19584,1.95840000e+04,-1657,-69.041667
19585,1.95850000e+04,-1684,-70.166667
19586,1.95860000e+04,-1684,-70.166667
19587,1.95870000e+04,-1684,-70.166667
19588,1.95880000e+04,-1684,-70.166667
19589,1.95890000e+04,-1684,-70.166667
19590,1.95900000e+04,-1715,-71.458333
19591,1.95910000e+04,-1715,-71.458333
19592,1.95920000e+04,-1715,-71.458333
19593,1.95930000e+04,-1715,-71.458333
19594,1.95940000e+04,-1715,-71.458333
19595,1.95950000e+04,-1741,-72.541667
19596,1.95960000e+04,-1741,-72.541667
19597,1.95970000e+04,-1741,-72.541667
19598,1.95980000e+04,-1741,-72.541667
19599,1.95990000e+04,-1741,-72.541667
19600,1.96000000e+04,-1768,-73.666667
19601,1.96010000e+04,-1768,-73.666667
19602,1.96020000e+04,-1768,-73.666667
19603,1.96030000e+04,-1768,-73.666667
19604,1.96040000e+04,-1768,-73.666667
19605,1.96050000e+04,-1788,-74.500000
19606,1.96060000e+04,-1788,-74.500000
19607,1.96070000e+04,-1788,-74.500000
19608,1.96080000e+04,-1788,-74.500000
19609,1.96090000e+04,-1788,-74.500000
19610,1.96100000e+04,-1811,-75.458333
19611,1.96110000e+04,-1811,-75.458333
19612,1.96120000e+04,-1811,-75.458333
19613,1.96130000e+04,-1811,-75.458333
19614,1.96140000e+04,-1811,-75.458333
19615,1.96150000e+04,-1832,-76.333333
19616,1.96160000e+04,-1832,-76.333333
19617,1.96170000e+04,-1832,-76.333333
19618,1.96180000e+04,-1832,-76.333333
19619,1.96190000e+04,-1832,-76.333333
19620,1.96200000e+04,-1850,-77.083333
19621,1.96210000e+04,-1850,-77.083333
19622,1.96220000e+04,-1850,-77.083333
19623,1.96230000e+04,-1850,-77.083333
19624,1.96240000e+04,-1850,-77.083333
19625,1.96250000e+04,-1872,-78.000000
19626,1.96260000e+04,-1872,-78.000000
19627,1.96270000e+04,-1872,-78.000000
19628,1.96280000e+04,-1872,-78.000000
19629,1.96290000e+04,-1872,-78.000000
19630,1.96300000e+04,-1893,-78.875000
19631,1.96310000e+04,-1893,-78.875000
19632,1.96320000e+04,-1893,-78.875000
19633,1.96330000e+04,-1893,-78.875000
19634,1.96340000e+04,-1893,-78.875000
19635,1.96350000e+04,-1915,-79.791667
19636,1.96360000e+04,-1915,-79.791667
19637,1.96370000e+04,-1915,-79.791667
19638,1.96380000e+04,-1915,-79.791667
19639,1.96390000e+04,-1915,-79.791667
19640,1.96400000e+04,-1937,-80.708333
19641,1.96410000e+04,-1937,-80.708333
19642,1.96420000e+04,-1937,-80.708333
19643,1.96430000e+04,-1937,-80.708333
19644,1.96440000e+04,-1937,-80.708333
19645,1.96450000e+04,-1957,-81.541667
19646,1.96460000e+04,-1957,-81.541667
19647,1.96470000e+04,-1957,-81.541667
19648,1.96480000e+04,-1957,-81.541667
19649,1.96490000e+04,-1957,-81.541667
19650,1.96500000e+04,-1982,-82.583333
19651,1.96510000e+04,-1982,-82.583333
19652,1.96520000e+04,-1982,-82.583333
19653,1.96530000e+04,-1982,-82.583333
19654,1.96540000e+04,-1982,-82.583333
19655,1.96550000e+04,-2002,-83.416667
19656,1.96560000e+04,-2002,-83.416667
19657,1.96570000e+04,-2002,-83.416667
19658,1.96580000e+04,-2002,-83.416667
19659,1.96590000e+04,-2002,-83.416667
19660,1.96600000e+04,-2022,-84.250000
19661,1.96610000e+04,-2022,-84.250000
19662,1.96620000e+04,-2022,-84.250000
19663,1.96630000e+04,-2022,-84.250000
19664,1.96640000e+04,-2022,-84.250000
19665,1.96650000e+04,-2045,-85.208333
19666,1.96660000e+04,-2045,-85.208333
19667,1.96670000e+04,-2045,-85.208333
19668,1.96680000e+04,-2045,-85.208333
19669,1.96690000e+04,-2045,-85.208333
19670,1.96700000e+04,-2070,-86.250000
19671,1.96710000e+04,-2070,-86.250000
19672,1.96720000e+04,-2070,-86.250000
19673,1.96730000e+04,-2070,-86.250000
19674,1.96740000e+04,-2070,-86.250000
19675,1.96750000e+04,-2093,-87.208333
19676,1.96760000e+04,-2093,-87.208333
19677,1.96770000e+04,-2093,-87.208333
19678,1.96780000e+04,-2093,-87.208333
19679,1.96790000e+04,-2093,-87.208333
19680,1.96800000e+04,-2120,-88.333333
19681,1.96810000e+04,-2120,-88.333333
19682,1.96820000e+04,-2120,-88.333333
19683,1.96830000e+04,-2120,-88.333333
19684,1.96840000e+04,-2120,-88.333333
19685,1.96850000e+04,-2142,-89.250000
19686,1.96860000e+04,-2142,-89.250000
19687,1.96870000e+04,-2142,-89.250000
19688,1.96880000e+04,-2142,-89.250000
19689,1.96890000e+04,-2142,-89.250000
19690,1.96900000e+04,-2164,-90.166667
19691,1.96910000e+04,-2164,-90.166667
19692,1.96920000e+04,-2164,-90.166667
19693,1.96930000e+04,-2164,-90.166667
19694,1.96940000e+04,-2164,-90.166667
19695,1.96950000e+04,-2187,-91.125000
19696,1.96960000e+04,-2187,-91.125000
19697,1.96970000e+04,-2187,-91.125000
19698,1.96980000e+04,-2187,-91.125000
19699,1.96990000e+04,-2187,-91.125000
19700,1.97000000e+04,-2207,-91.958333
19701,1.97010000e+04,-2207,-91.958333
19702,1.97020000e+04,-2207,-91.958333
19703,1.97030000e+04,-2207,-91.958333
19704,1.97040000e+04,-2207,-91.958333
19705,1.97050000e+04,-2229,-92.875000
19706,1.97060000e+04,-2229,-92.875000
19707,1.97070000e+04,-2229,-92.875000
19708,1.97080000e+04,-2229,-92.875000
19709,1.97090000e+04,-2229,-92.875000
19710,1.97100000e+04,-2245,-93.541667
19711,1.97110000e+04,-2245,-93.541667
19712,1.97120000e+04,-2245,-93.541667
19713,1.97130000e+04,-2245,-93.541667
19714,1.97140000e+04,-2245,-93.541667
19715,1.97150000e+04,-2261,-94.208333
19716,1.97160000e+04,-2261,-94.208333
19717,1.97170000e+04,-2261,-94.208333
19718,1.97180000e+04,-2261,-94.208333
19719,1.97190000e+04,-2261,-94.208333
19720,1.97200000e+04,-2271,-94.625000
19721,1.97210000e+04,-2271,-94.625000
19722,1.97220000e+04,-2271,-94.625000
19723,1.97230000e+04,-2271,-94.625000
19724,1.97240000e+04,-2271,-94.625000
19725,1.97250000e+04,-2288,-95.333333
19726,1.97260000e+04,-2288,-95.333333
19727,1.97270000e+04,-2288,-95.333333
19728,1.97280000e+04,-2288,-95.333333
19729,1.97290000e+04,-2288,-95.333333
19730,1.97300000e+04,-2298,-95.750000
19731,1.97310000e+04,-2298,-95.750000
19732,1.97320000e+04,-2298,-95.750000
19733,1.97330000e+04,-2298,-95.750000
19734,1.97340000e+04,-2298,-95.750000
19735,1.97350000e+04,-2314,-96.416667
19736,1.97360000e+04,-2314,-96.416667
19737,1.97370000e+04,-2314,-96.416667
19738,1.97380000e+04,-2314,-96.416667
19739,1.97390000e+04,-2314,-96.416667
19740,1.97400000e+04,-2322,-96.750000
19741,1.97410000e+04,-2322,-96.750000
19742,1.97420000e+04,-2322,-96.750000
19743,1.97430000e+04,-2322,-96.750000
19744,1.97440000e+04,-2322,-96.750000
19745,1.97450000e+04,-2334,-97.250000
19746,1.97460000e+04,-2334,-97.250000
19747,1.97470000e+04,-2334,-97.250000
19748,1.97480000e+04,-2334,-97.250000
19749,1.97490000e+04,-2334,-97.250000
19750,1.97500000e+04,-2349,-97.875000
19751,1.97510000e+04,-2349,-97.875000
19752,1.97520000e+04,-2349,-97.875000
19753,1.97530000e+04,-2349,-97.875000
19754,1.97540000e+04,-2349,-97.875000
19755,1.97550000e+04,-2365,-98.541667
19756,1.97560000e+04,-2365,-98.541667
19757,1.97570000e+04,-2365,-98.541667
19758,1.97580000e+04,-2365,-98.541667
19759,1.97590000e+04,-2365,-98.541667
19760,1.97600000e+04,-2379,-99.125000
19761,1.97610000e+04,-2379,-99.125000
19762,1.97620000e+04,-2379,-99.125000
19763,1.97630000e+04,-2379,-99.125000
19764,1.97640000e+04,-2379,-99.125000
19765,1.97650000e+04,-2397,-99.875000
19766,1.97660000e+04,-2397,-99.875000
19767,1.97670000e+04,-2397,-99.875000
19768,1.97680000e+04,-2397,-99.875000
19769,1.97690000e+04,-2397,-99.875000
19770,1.97700000e+04,-2414,-100.583333
19771,1.97710000e+04,-2414,-100.583333
19772,1.97720000e+04,-2414,-100.583333
19773,1.97730000e+04,-2414,-100.583333
19774,1.97740000e+04,-2414,-100.583333
19775,1.97750000e+04,-2436,-101.500000
19776,1.97760000e+04,-2436,-101.500000
19777,1.97770000e+04,-2436,-101.500000
19778,1.97780000e+04,-2436,-101.500000
19779,1.97790000e+04,-2436,-101.500000
19780,1.97800000e+04,-2464,-102.666667
19781,1.97810000e+04,-2464,-102.666667
19782,1.97820000e+04,-2464,-102.666667
19783,1.97830000e+04,-2464,-102.666667
19784,1.97840000e+04,-2464,-102.666667
19785,1.97850000e+04,-2485,-103.541667
19786,1.97860000e+04,-2485,-103.541667
19787,1.97870000e+04,-2485,-103.541667
19788,1.97880000e+04,-2485,-103.541667
19789,1.97890000e+04,-2485,-103.541667
19790,1.97900000e+04,-2514,-104.750000
19791,1.97910000e+04,-2514,-104.750000
19792,1.97920000e+04,-2514,-104.750000
19793,1.97930000e+04,-2514,-104.750000
19794,1.97940000e+04,-2514,-104.750000
19795,1.97950000e+04,-2537,-105.708333
19796,1.97960000e+04,-2537,-105.708333
19797,1.97970000e+04,-2537,-105.708333
19798,1.97980000e+04,-2537,-105.708333
19799,1.97990000e+04,-2537,-105.708333
19800,1.98000000e+04,-2566,-106.916667
19801,1.98010000e+04,-2566,-106.916667
19802,1.98020000e+04,-2566,-106.916667
19803,1.98030000e+04,-2566,-106.916667
19804,1.98040000e+04,-2566,-106.916667
19805,1.98050000e+04,-2591,-107.958333
19806,1.98060000e+04,-2591,-107.958333
19807,1.98070000e+04,-2591,-107.958333
19808,1.98080000e+04,-2591,-107.958333
19809,1.98090000e+04,-2591,-107.958333
19810,1.98100000e+04,-2609,-108.708333
19811,1.98110000e+04,-2609,-108.708333
19812,1.98120000e+04,-2609,-108.708333
19813,1.98130000e+04,-2609,-108.708333
19814,1.98140000e+04,-2609,-108.708333
19815,1.98150000e+04,-2630,-109.583333
19816,1.98160000e+04,-2630,-109.583333
19817,1.98170000e+04,-2630,-109.583333
19818,1.98180000e+04,-2630,-109.583333
19819,1.98190000e+04,-2630,-109.583333
19820,1.98200000e+04,-2647,-110.291667
19821,1.98210000e+04,-2647,-110.291667
19822,1.98220000e+04,-2647,-110.291667
19823,1.98230000e+04,-2647,-110.291667
19824,1.98240000e+04,-2647,-110.291667
19825,1.98250000e+04,-2665,-111.041667
19826,1.98260000e+04,-2665,-111.041667
19827,1.98270000e+04,-2665,-111.041667
19828,1.98280000e+04,-2665,-111.041667
19829,1.98290000e+04,-2665,-111.041667
19830,1.98300000e+04,-2675,-111.458333
19831,1.98310000e+04,-2675,-111.458333
19832,1.98320000e+04,-2675,-111.458333
19833,1.98330000e+04,-2675,-111.458333
19834,1.98340000e+04,-2675,-111.458333
19835,1.98350000e+04,-2686,-111.916667
19836,1.98360000e+04,-2686,-111.916667
19837,1.98370000e+04,-2686,-111.916667
19838,1.98380000e+04,-2686,-111.916667
19839,1.98390000e+04,-2686,-111.916667
19840,1.98400000e+04,-2695,-112.291667
19841,1.98410000e+04,-2695,-112.291667
19842,1.98420000e+04,-2695,-112.291667
19843,1.98430000e+04,-2695,-112.291667
19844,1.98440000e+04,-2695,-112.291667
19845,1.98450000e+04,-2704,-112.666667
19846,1.98460000e+04,-2704,-112.666667
19847,1.98470000e+04,-2704,-112.666667
19848,1.98480000e+04,-2704,-112.666667
19849,1.98490000e+04,-2704,-112.666667
19850,1.98500000e+04,-2716,-113.166667
19851,1.98510000e+04,-2716,-113.166667
19852,1.98520000e+04,-2716,-113.166667
19853,1.98530000e+04,-2716,-113.166667
19854,1.98540000e+04,-2716,-113.166667
19855,1.98550000e+04,-2725,-113.541667
19856,1.98560000e+04,-2725,-113.541667
19857,1.98570000e+04,-2725,-113.541667
19858,1.98580000e+04,-2725,-113.541667
19859,1.98590000e+04,-2725,-113.541667
19860,1.98600000e+04,-2736,-114.000000
19861,1.98610000e+04,-2736,-114.000000
19862,1.98620000e+04,-2736,-114.000000
19863,1.98630000e+04,-2736,-114.000000
19864,1.98640000e+04,-2736,-114.000000
19865,1.98650000e+04,-2750,-114.583333
19866,1.98660000e+04,-2750,-114.583333
19867,1.98670000e+04,-2750,-114.583333
19868,1.98680000e+04,-2750,-114.583333
19869,1.98690000e+04,-2750,-114.583333
19870,1.98700000e+04,-2764,-115.166667
19871,1.98710000e+04,-2764,-115.166667
19872,1.98720000e+04,-2764,-115.166667
19873,1.98730000e+04,-2764,-115.166667
19874,1.98740000e+04,-2764,-115.166667
19875,1.98750000e+04,-2775,-115.625000
19876,1.98760000e+04,-2775,-115.625000
19877,1.98770000e+04,-2775,-115.625000
19878,1.98780000e+04,-2775,-115.625000
19879,1.98790000e+04,-2775,-115.625000
19880,1.98800000e+04,-2794,-116.416667
19881,1.98810000e+04,-2794,-116.416667
19882,1.98820000e+04,-2794,-116.416667
19883,1.98830000e+04,-2794,-116.416667
19884,1.98840000e+04,-2794,-116.416667
19885,1.98850000e+04,-2809,-117.041667
19886,1.98860000e+04,-2809,-117.041667
19887,1.98870000e+04,-2809,-117.041667
19888,1.98880000e+04,-2809,-117.041667
19889,1.98890000e+04,-2809,-117.041667
19890,1.98900000e+04,-2829,-117.875000
19891,1.98910000e+04,-2829,-117.875000
19892,1.98920000e+04,-2829,-117.875000
19893,1.98930000e+04,-2829,-117.875000
19894,1.98940000e+04,-2829,-117.875000
19895,1.98950000e+04,-2847,-118.625000
19896,1.98960000e+04,-2847,-118.625000
19897,1.98970000e+04,-2847,-118.625000
19898,1.98980000e+04,-2847,-118.625000
19899,1.98990000e+04,-2847,-118.625000
19900,1.99000000e+04,-2864,-119.333333
19901,1.99010000e+04,-2864,-119.333333
19902,1.99020000e+04,-2864,-119.333333
19903,1.99030000e+04,-2864,-119.333333
19904,1.99040000e+04,-2864,-119.333333
19905,1.99050000e+04,-2889,-120.375000
19906,1.99060000e+04,-2889,-120.375000
19907,1.99070000e+04,-2889,-120.375000
19908,1.99080000e+04,-2889,-120.375000
19909,1.99090000e+04,-2889,-120.375000
19910,1.99100000e+04,-2905,-121.041667
19911,1.99110000e+04,-2905,-121.041667
19912,1.99120000e+04,-2905,-121.041667
19913,1.99130000e+04,-2905,-121.041667
19914,1.99140000e+04,-2905,-121.041667
19915,1.99150000e+04,-2926,-121.916667
19916,1.99160000e+04,-2926,-121.916667
19917,1.99170000e+04,-2926,-121.916667
19918,1.99180000e+04,-2926,-121.916667
19919,1.99190000e+04,-2926,-121.916667
19920,1.99200000e+04,-2949,-122.875000
19921,1.99210000e+04,-2949,-122.875000
19922,1.99220000e+04,-2949,-122.875000
19923,1.99230000e+04,-2949,-122.875000
19924,1.99240000e+04,-2949,-122.875000
19925,1.99250000e+04,-2967,-123.625000
19926,1.99260000e+04,-2967,-123.625000
19927,1.99270000e+04,-2967,-123.625000
19928,1.99280000e+04,-2967,-123.625000
19929,1.99290000e+04,-2967,-123.625000
19930,1.99300000e+04,-2985,-124.375000
19931,1.99310000e+04,-2985,-124.375000
19932,1.99320000e+04,-2985,-124.375000
19933,1.99330000e+04,-2985,-124.375000
19934,1.99340000e+04,-2985,-124.375000
19935,1.99350000e+04,-3001,-125.041667
19936,1.99360000e+04,-3001,-125.041667
19937,1.99370000e+04,-3001,-125.041667
19938,1.99380000e+04,-3001,-125.041667
19939,1.99390000e+04,-3001,-125.041667
19940,1.99400000e+04,-3013,-125.541667
19941,1.99410000e+04,-3013,-125.541667
19942,1.99420000e+04,-3013,-125.541667
19943,1.99430000e+04,-3013,-125.541667
19944,1.99440000e+04,-3013,-125.541667
19945,1.99450000e+04,-3028,-126.166667
19946,1.99460000e+04,-3028,-126.166667
19947,1.99470000e+04,-3028,-126.166667
19948,1.99480000e+04,-3028,-126.166667
19949,1.99490000e+04,-3028,-126.166667
19950,1.99500000e+04,-3035,-126.458333
19951,1.99510000e+04,-3035,-126.458333
19952,1.99520000e+04,-3035,-126.458333
19953,1.99530000e+04,-3035,-126.458333
19954,1.99540000e+04,-3035,-126.458333
19955,1.99550000e+04,-3040,-126.666667
19956,1.99560000e+04,-3040,-126.666667
19957,1.99570000e+04,-3040,-126.666667
19958,1.99580000e+04,-3040,-126.666667
19959,1.99590000e+04,-3040,-126.666667
19960,1.99600000e+04,-3051,-127.125000
19961,1.99610000e+04,-3051,-127.125000
19962,1.99620000e+04,-3051,-127.125000
19963,1.99630000e+04,-3051,-127.125000
19964,1.99640000e+04,-3051,-127.125000
19965,1.99650000e+04,-3057,-127.375000
19966,1.99660000e+04,-3057,-127.375000
19967,1.99670000e+04,-3057,-127.375000
19968,1.99680000e+04,-3057,-127.375000
19969,1.99690000e+04,-3057,-127.375000
19970,1.99700000e+04,-3062,-127.583333
19971,1.99710000e+04,-3062,-127.583333
19972,1.99720000e+04,-3062,-127.583333
19973,1.99730000e+04,-3062,-127.583333
19974,1.99740000e+04,-3062,-127.583333
19975,1.99750000e+04,-3072,-128.000000
19976,1.99760000e+04,-3072,-128.000000
19977,1.99770000e+04,-3072,-128.000000
19978,1.99780000e+04,-3072,-128.000000
19979,1.99790000e+04,-3072,-128.000000
19980,1.99800000e+04,-3073,-128.041667
19981,1.99810000e+04,-3073,-128.041667
19982,1.99820000e+04,-3073,-128.041667
19983,1.99830000e+04,-3073,-128.041667
19984,1.99840000e+04,-3073,-128.041667
19985,1.99850000e+04,-3083,-128.458333
19986,1.99860000e+04,-3083,-128.458333
19987,1.99870000e+04,-3083,-128.458333
19988,1.99880000e+04,-3083,-128.458333
19989,1.99890000e+04,-3083,-128.458333
19990,1.99900000e+04,-3089,-128.708333
19991,1.99910000e+04,-3089,-128.708333
19992,1.99920000e+04,-3089,-128.708333
19993,1.99930000e+04,-3089,-128.708333
19994,1.99940000e+04,-3089,-128.708333
19995,1.99950000e+04,-3100,-129.166667
19996,1.99960000e+04,-3100,-129.166667
19997,1.99970000e+04,-3100,-129.166667
19998,1.99980000e+04,-3100,-129.166667
19999,1.99990000e+04,-3100,-129.166667
20000,2.00000000e+04,-3108,-129.500000
20001,2.00010000e+04,-3108,-129.500000
20002,2.00020000e+04,-3108,-129.500000
20003,2.00030000e+04,-3108,-129.500000
20004,2.00040000e+04,-3108,-129.500000
20005,2.00050000e+04,-3117,-129.875000
20006,2.00060000e+04,-3117,-129.875000
20007,2.00070000e+04,-3117,-129.875000
20008,2.00080000e+04,-3117,-129.875000
20009,2.00090000e+04,-3117,-129.875000
20010,2.00100000e+04,-3127,-130.291667
20011,2.00110000e+04,-3127,-130.291667
20012,2.00120000e+04,-3127,-130.291667
20013,2.00130000e+04,-3127,-130.291667
20014,2.00140000e+04,-3127,-130.291667
20015,2.00150000e+04,-3137,-130.708333
20016,2.00160000e+04,-3137,-130.708333
20017,2.00170000e+04,-3137,-130.708333
20018,2.00180000e+04,-3137,-130.708333
20019,2.00190000e+04,-3137,-130.708333
20020,2.00200000e+04,-3153,-131.375000
20021,2.00210000e+04,-3153,-131.375000
20022,2.00220000e+04,-3153,-131.375000
20023,2.00230000e+04,-3153,-131.375000
20024,2.00240000e+04,-3153,-131.375000
20025,2.00250000e+04,-3166,-131.916667
20026,2.00260000e+04,-3166,-131.916667
20027,2.00270000e+04,-3166,-131.916667
20028,2.00280000e+04,-3166,-131.916667
20029,2.00290000e+04,-3166,-131.916667
20030,2.00300000e+04,-3177,-132.375000
20031,2.00310000e+04,-3177,-132.375000
20032,2.00320000e+04,-3177,-132.375000
20033,2.00330000e+04,-3177,-132.375000
20034,2.00340000e+04,-3177,-132.375000
20035,2.00350000e+04,-3191,-132.958333
20036,2.00360000e+04,-3191,-132.958333
20037,2.00370000e+04,-3191,-132.958333
20038,2.00380000e+04,-3191,-132.958333
20039,2.00390000e+04,-3191,-132.958333
20040,2.00400000e+04,-3199,-133.291667
20041,2.00410000e+04,-3199,-133.291667
20042,2.00420000e+04,-3199,-133.291667
20043,2.00430000e+04,-3199,-133.291667
20044,2.00440000e+04,-3199,-133.291667
20045,2.00450000e+04,-3207,-133.625000
20046,2.00460000e+04,-3207,-133.625000
20047,2.00470000e+04,-3207,-133.625000
20048,2.00480000e+04,-3207,-133.625000
20049,2.00490000e+04,-3207,-133.625000
20050,2.00500000e+04,-3211,-133.791667
20051,2.00510000e+04,-3211,-133.791667
20052,2.00520000e+04,-3211,-133.791667
20053,2.00530000e+04,-3211,-133.791667
20054,2.00540000e+04,-3211,-133.791667
20055,2.00550000e+04,-3211,-133.791667
20056,2.00560000e+04,-3211,-133.791667
20057,2.00570000e+04,-3211,-133.791667
20058,2.00580000e+04,-3211,-133.791667
20059,2.00590000e+04,-3211,-133.791667
20060,2.00600000e+04,-3207,-133.625000
20061,2.00610000e+04,-3207,-133.625000
20062,2.00620000e+04,-3207,-133.625000
20063,2.00630000e+04,-3207,-133.625000
20064,2.00640000e+04,-3207,-133.625000
20065,2.00650000e+04,-3198,-133.250000
20066,2.00660000e+04,-3198,-133.250000
20067,2.00670000e+04,-3198,-133.250000
20068,2.00680000e+04,-3198,-133.250000
20069,2.00690000e+04,-3198,-133.250000
20070,2.00700000e+04,-3192,-133.000000
20071,2.00710000e+04,-3192,-133.000000
20072,2.00720000e+04,-3192,-133.000000
20073,2.00730000e+04,-3192,-133.000000
20074,2.00740000e+04,-3192,-133.000000
20075,2.00750000e+04,-3178,-132.416667
20076,2.00760000e+04,-3178,-132.416667
20077,2.00770000e+04,-3178,-132.416667
20078,2.00780000e+04,-3178,-132.416667
20079,2.00790000e+04,-3178,-132.416667
20080,2.00800000e+04,-3166,-131.916667
20081,2.00810000e+04,-3166,-131.916667
20082,2.00820000e+04,-3166,-131.916667
20083,2.00830000e+04,-3166,-131.916667
20084,2.00840000e+04,-3166,-131.916667
20085,2.00850000e+04,-3156,-131.500000
20086,2.00860000e+04,-3156,-131.500000
20087,2.00870000e+04,-3156,-131.500000
20088,2.00880000e+04,-3156,-131.500000
20089,2.00890000e+04,-3156,-131.500000
20090,2.00900000e+04,-3138,-130.750000
20091,2.00910000e+04,-3138,-130.750000
20092,2.00920000e+04,-3138,-130.750000
20093,2.00930000e+04,-3138,-130.750000
20094,2.00940000e+04,-3138,-130.750000
20095,2.00950000e+04,-3129,-130.375000
20096,2.00960000e+04,-3129,-130.375000
20097,2.00970000e+04,-3129,-130.375000
20098,2.00980000e+04,-3129,-130.375000
20099,2.00990000e+04,-3129,-130.375000
20100,2.01000000e+04,-3116,-129.833333
20101,2.01010000e+04,-3116,-129.833333
20102,2.01020000e+04,-3116,-129.833333
20103,2.01030000e+04,-3116,-129.833333
20104,2.01040000e+04,-3116,-129.833333
20105,2.01050000e+04,-3109,-129.541667
20106,2.01060000e+04,-3109,-129.541667
20107,2.01070000e+04,-3109,-129.541667
20108,2.01080000e+04,-3109,-129.541667
20109,2.01090000e+04,-3109,-129.541667
20110,2.01100000e+04,-3097,-129.041667
20111,2.01110000e+04,-3097,-129.041667
20112,2.01120000e+04,-3097,-129.041667
20113,2.01130000e+04,-3097,-129.041667
20114,2.01140000e+04,-3097,-129.041667
20115,2.01150000e+04,-3085,-128.541667
20116,2.01160000e+04,-3085,-128.541667
20117,2.01170000e+04,-3085,-128.541667
20118,2.01180000e+04,-3085,-128.541667
20119,2.01190000e+04,-3085,-128.541667
20120,2.01200000e+04,-3078,-128.250000
20121,2.01210000e+04,-3078,-128.250000
20122,2.01220000e+04,-3078,-128.250000
20123,2.01230000e+04,-3078,-128.250000
20124,2.01240000e+04,-3078,-128.250000
20125,2.01250000e+04,-3070,-127.916667
20126,2.01260000e+04,-3070,-127.916667
20127,2.01270000e+04,-3070,-127.916667
20128,2.01280000e+04,-3070,-127.916667
20129,2.01290000e+04,-3070,-127.916667
20130,2.01300000e+04,-3063,-127.625000
20131,2.01310000e+04,-3063,-127.625000
20132,2.01320000e+04,-3063,-127.625000
20133,2.01330000e+04,-3063,-127.625000
20134,2.01340000e+04,-3063,-127.625000
20135,2.01350000e+04,-3052,-127.166667
20136,2.01360000e+04,-3052,-127.166667
20137,2.01370000e+04,-3052,-127.166667
20138,2.01380000e+04,-3052,-127.166667
20139,2.01390000e+04,-3052,-127.166667
20140,2.01400000e+04,-3046,-126.916667
20141,2.01410000e+04,-3046,-126.916667
20142,2.01420000e+04,-3046,-126.916667
20143,2.01430000e+04,-3046,-126.916667
20144,2.01440000e+04,-3046,-126.916667
20145,2.01450000e+04,-3043,-126.791667
20146,2.01460000e+04,-3043,-126.791667
20147,2.01470000e+04,-3043,-126.791667
20148,2.01480000e+04,-3043,-126.791667
20149,2.01490000e+04,-3043,-126.791667
20150,2.01500000e+04,-3035,-126.458333
20151,2.01510000e+04,-3035,-126.458333
20152,2.01520000e+04,-3035,-126.458333
20153,2.01530000e+04,-3035,-126.458333
20154,2.01540000e+04,-3035,-126.458333
20155,2.01550000e+04,-3024,-126.000000
20156,2.01560000e+04,-3024,-126.000000
20157,2.01570000e+04,-3024,-126.000000
20158,2.01580000e+04,-3024,-126.000000
20159,2.01590000e+04,-3024,-126.000000
20160,2.01600000e+04,-3022,-125.916667
20161,2.01610000e+04,-3022,-125.916667
20162,2.01620000e+04,-3022,-125.916667
20163,2.01630000e+04,-3022,-125.916667
20164,2.01640000e+04,-3022,-125.916667
20165,2.01650000e+04,-3008,-125.333333
20166,2.01660000e+04,-3008,-125.333333
20167,2.01670000e+04,-3008,-125.333333
20168,2.01680000e+04,-3008,-125.333333
20169,2.01690000e+04,-3008,-125.333333
20170,2.01700000e+04,-2997,-124.875000
20171,2.01710000e+04,-2997,-124.875000
20172,2.01720000e+04,-2997,-124.875000
20173,2.01730000e+04,-2997,-124.875000
20174,2.01740000e+04,-2997,-124.875000
20175,2.01750000e+04,-2984,-124.333333
20176,2.01760000e+04,-2984,-124.333333
20177,2.01770000e+04,-2984,-124.333333
20178,2.01780000e+04,-2984,-124.333333
20179,2.01790000e+04,-2984,-124.333333
20180,2.01800000e+04,-2970,-123.750000
20181,2.01810000e+04,-2970,-123.750000
20182,2.01820000e+04,-2970,-123.750000
20183,2.01830000e+04,-2970,-123.750000
20184,2.01840000e+04,-2970,-123.750000
20185,2.01850000e+04,-2952,-123.000000
20186,2.01860000e+04,-2952,-123.000000
20187,2.01870000e+04,-2952,-123.000000
20188,2.01880000e+04,-2952,-123.000000
20189,2.01890000e+04,-2952,-123.000000
20190,2.01900000e+04,-2937,-122.375000
20191,2.01910000e+04,-2937,-122.375000
20192,2.01920000e+04,-2937,-122.375000
20193,2.01930000e+04,-2937,-122.375000
20194,2.01940000e+04,-2937,-122.375000
20195,2.01950000e+04,-2913,-121.375000
20196,2.01960000e+04,-2913,-121.375000
20197,2.01970000e+04,-2913,-121.375000
20198,2.01980000e+04,-2913,-121.375000
20199,2.01990000e+04,-2913,-121.375000
20200,2.02000000e+04,-2894,-120.583333
20201,2.02010000e+04,-2894,-120.583333
20202,2.02020000e+04,-2894,-120.583333
20203,2.02030000e+04,-2894,-120.583333
20204,2.02040000e+04,-2894,-120.583333
20205,2.02050000e+04,-2874,-119.750000
20206,2.02060000e+04,-2874,-119.750000
20207,2.02070000e+04,-2874,-119.750000
20208,2.02080000e+04,-2874,-119.750000
20209,2.02090000e+04,-2874,-119.750000
20210,2.02100000e+04,-2850,-118.750000
20211,2.02110000e+04,-2850,-118.750000
20212,2.02120000e+04,-2850,-118.750000
20213,2.02130000e+04,-2850,-118.750000
20214,2.02140000e+04,-2850,-118.750000
20215,2.02150000e+04,-2831,-117.958333
20216,2.02160000e+04,-2831,-117.958333
20217,2.02170000e+04,-2831,-117.958333
20218,2.02180000e+04,-2831,-117.958333
20219,2.02190000e+04,-2831,-117.958333
20220,2.02200000e+04,-2813,-117.208333
20221,2.02210000e+04,-2813,-117.208333
20222,2.02220000e+04,-2813,-117.208333
20223,2.02230000e+04,-2813,-117.208333
20224,2.02240000e+04,-2813,-117.208333
20225,2.02250000e+04,-2790,-116.250000
20226,2.02260000e+04,-2790,-116.250000
20227,2.02270000e+04,-2790,-116.250000
20228,2.02280000e+04,-2790,-116.250000
20229,2.02290000e+04,-2790,-116.250000
20230,2.02300000e+04,-2775,-115.625000
20231,2.02310000e+04,-2775,-115.625000
20232,2.02320000e+04,-2775,-115.625000
20233,2.02330000e+04,-2775,-115.625000
20234,2.02340000e+04,-2775,-115.625000
20235,2.02350000e+04,-2754,-114.750000
20236,2.02360000e+04,-2754,-114.750000
20237,2.02370000e+04,-2754,-114.750000
20238,2.02380000e+04,-2754,-114.750000
20239,2.02390000e+04,-2754,-114.750000
20240,2.02400000e+04,-2742,-114.250000
20241,2.02410000e+04,-2742,-114.250000
20242,2.02420000e+04,-2742,-114.250000
20243,2.02430000e+04,-2742,-114.250000
20244,2.02440000e+04,-2742,-114.250000
20245,2.02450000e+04,-2727,-113.625000
20246,2.02460000e+04,-2727,-113.625000
20247,2.02470000e+04,-2727,-113.625000
20248,2.02480000e+04,-2727,-113.625000
20249,2.02490000e+04,-2727,-113.625000
20250,2.02500000e+04,-2716,-113.166667
20251,2.02510000e+04,-2716,-113.166667
20252,2.02520000e+04,-2716,-113.166667
20253,2.02530000e+04,-2716,-113.166667
20254,2.02540000e+04,-2716,-113.166667
20255,2.02550000e+04,-2701,-112.541667
20256,2.02560000e+04,-2701,-112.541667
20257,2.02570000e+04,-2701,-112.541667
20258,2.02580000e+04,-2701,-112.541667
20259,2.02590000e+04,-2701,-112.541667
20260,2.02600000e+04,-2691,-112.125000
20261,2.02610000e+04,-2691,-112.125000
20262,2.02620000e+04,-2691,-112.125000
20263,2.02630000e+04,-2691,-112.125000
20264,2.02640000e+04,-2691,-112.125000
20265,2.02650000e+04,-2682,-111.750000
20266,2.02660000e+04,-2682,-111.750000
20267,2.02670000e+04,-2682,-111.750000
20268,2.02680000e+04,-2682,-111.750000
20269,2.02690000e+04,-2682,-111.750000
20270,2.02700000e+04,-2671,-111.291667
20271,2.02710000e+04,-2671,-111.291667
20272,2.02720000e+04,-2671,-111.291667
20273,2.02730000e+04,-2671,-111.291667
20274,2.02740000e+04,-2671,-111.291667
20275,2.02750000e+04,-2659,-110.791667
20276,2.02760000e+04,-2659,-110.791667
20277,2.02770000e+04,-2659,-110.791667
20278,2.02780000e+04,-2659,-110.791667
20279,2.02790000e+04,-2659,-110.791667
20280,2.02800000e+04,-2643,-110.125000
20281,2.02810000e+04,-2643,-110.125000
20282,2.02820000e+04,-2643,-110.125000
20283,2.02830000e+04,-2643,-110.125000
20284,2.02840000e+04,-2643,-110.125000
20285,2.02850000e+04,-2626,-109.416667
20286,2.02860000e+04,-2626,-109.416667
20287,2.02870000e+04,-2626,-109.416667
20288,2.02880000e+04,-2626,-109.416667
20289,2.02890000e+04,-2626,-109.416667
20290,2.02900000e+04,-2612,-108.833333
20291,2.02910000e+04,-2612,-108.833333
20292,2.02920000e+04,-2612,-108.833333
20293,2.02930000e+04,-2612,-108.833333
20294,2.02940000e+04,-2612,-108.833333
20295,2.02950000e+04,-2589,-107.875000
20296,2.02960000e+04,-2589,-107.875000
20297,2.02970000e+04,-2589,-107.875000
20298,2.02980000e+04,-2589,-107.875000
20299,2.02990000e+04,-2589,-107.875000
20300,2.03000000e+04,-2569,-107.041667
20301,2.03010000e+04,-2569,-107.041667
20302,2.03020000e+04,-2569,-107.041667
20303,2.03030000e+04,-2569,-107.041667
20304,2.03040000e+04,-2569,-107.041667
20305,2.03050000e+04,-2542,-105.916667
20306,2.03060000e+04,-2542,-105.916667
20307,2.03070000e+04,-2542,-105.916667
20308,2.03080000e+04,-2542,-105.916667
20309,2.03090000e+04,-2542,-105.916667
20310,2.03100000e+04,-2516,-104.833333
20311,2.03110000e+04,-2516,-104.833333
20312,2.03120000e+04,-2516,-104.833333
20313,2.03130000e+04,-2516,-104.833333
20314,2.03140000e+04,-2516,-104.833333
20315,2.03150000e+04,-2489,-103.708333
20316,2.03160000e+04,-2489,-103.708333
20317,2.03170000e+04,-2489,-103.708333
20318,2.03180000e+04,-2489,-103.708333
20319,2.03190000e+04,-2489,-103.708333
20320,2.03200000e+04,-2464,-102.666667
20321,2.03210000e+04,-2464,-102.666667
20322,2.03220000e+04,-2464,-102.666667
20323,2.03230000e+04,-2464,-102.666667
20324,2.03240000e+04,-2464,-102.666667
20325,2.03250000e+04,-2434,-101.416667
20326,2.03260000e+04,-2434,-101.416667
20327,2.03270000e+04,-2434,-101.416667
20328,2.03280000e+04,-2434,-101.416667
20329,2.03290000e+04,-2434,-101.416667
20330,2.03300000e+04,-2414,-100.583333
20331,2.03310000e+04,-2414,-100.583333
20332,2.03320000e+04,-2414,-100.583333
20333,2.03330000e+04,-2414,-100.583333
20334,2.03340000e+04,-2414,-100.583333
20335,2.03350000e+04,-2391,-99.625000
20336,2.03360000e+04,-2391,-99.625000
20337,2.03370000e+04,-2391,-99.625000
20338,2.03380000e+04,-2391,-99.625000
20339,2.03390000e+04,-2391,-99.625000
20340,2.03400000e+04,-2367,-98.625000
20341,2.03410000e+04,-2367,-98.625000
20342,2.03420000e+04,-2367,-98.625000
20343,2.03430000e+04,-2367,-98.625000
20344,2.03440000e+04,-2367,-98.625000
20345,2.03450000e+04,-2351,-97.958333
20346,2.03460000e+04,-2351,-97.958333
20347,2.03470000e+04,-2351,-97.958333
20348,2.03480000e+04,-2351,-97.958333
20349,2.03490000e+04,-2351,-97.958333
20350,2.03500000e+04,-2334,-97.250000
20351,2.03510000e+04,-2334,-97.250000
20352,2.03520000e+04,-2334,-97.250000
20353,2.03530000e+04,-2334,-97.250000
20354,2.03540000e+04,-2334,-97.250000
20355,2.03550000e+04,-2323,-96.791667
20356,2.03560000e+04,-2323,-96.791667
20357,2.03570000e+04,-2323,-96.791667
20358,2.03580000e+04,-2323,-96.791667
20359,2.03590000e+04,-2323,-96.791667
20360,2.03600000e+04,-2305,-96.041667
20361,2.03610000e+04,-2305,-96.041667
20362,2.03620000e+04,-2305,-96.041667
20363,2.03630000e+04,-2305,-96.041667
20364,2.03640000e+04,-2305,-96.041667
20365,2.03650000e+04,-2294,-95.583333
20366,2.03660000e+04,-2294,-95.583333
20367,2.03670000e+04,-2294,-95.583333
20368,2.03680000e+04,-2294,-95.583333
20369,2.03690000e+04,-2294,-95.583333
20370,2.03700000e+04,-2280,-95.000000
20371,2.03710000e+04,-2280,-95.000000
20372,2.03720000e+04,-2280,-95.000000
20373,2.03730000e+04,-2280,-95.000000
20374,2.03740000e+04,-2280,-95.000000
20375,2.03750000e+04,-2271,-94.625000
20376,2.03760000e+04,-2271,-94.625000
20377,2.03770000e+04,-2271,-94.625000
20378,2.03780000e+04,-2271,-94.625000
20379,2.03790000e+04,-2271,-94.625000
20380,2.03800000e+04,-2261,-94.208333
20381,2.03810000e+04,-2261,-94.208333
20382,2.03820000e+04,-2261,-94.208333
20383,2.03830000e+04,-2261,-94.208333
20384,2.03840000e+04,-2261,-94.208333
20385,2.03850000e+04,-2248,-93.666667
20386,2.03860000e+04,-2248,-93.666667
20387,2.03870000e+04,-2248,-93.666667
20388,2.03880000e+04,-2248,-93.666667
20389,2.03890000e+04,-2248,-93.666667
20390,2.03900000e+04,-2235,-93.125000
20391,2.03910000e+04,-2235,-93.125000
20392,2.03920000e+04,-2235,-93.125000
20393,2.03930000e+04,-2235,-93.125000
20394,2.03940000e+04,-2235,-93.125000
20395,2.03950000e+04,-2222,-92.583333
20396,2.03960000e+04,-2222,-92.583333
20397,2.03970000e+04,-2222,-92.583333
20398,2.03980000e+04,-2222,-92.583333
20399,2.03990000e+04,-2222,-92.583333
20400,2.04000000e+04,-2207,-91.958333
20401,2.04010000e+04,-2207,-91.958333
20402,2.04020000e+04,-2207,-91.958333
20403,2.04030000e+04,-2207,-91.958333
20404,2.04040000e+04,-2207,-91.958333
20405,2.04050000e+04,-2188,-91.166667
20406,2.04060000e+04,-2188,-91.166667
20407,2.04070000e+04,-2188,-91.166667
20408,2.04080000e+04,-2188,-91.166667
20409,2.04090000e+04,-2188,-91.166667
20410,2.04100000e+04,-2170,-90.416667
20411,2.04110000e+04,-2170,-90.416667
20412,2.04120000e+04,-2170,-90.416667
20413,2.04130000e+04,-2170,-90.416667
20414,2.04140000e+04,-2170,-90.416667
20415,2.04150000e+04,-2148,-89.500000
20416,2.04160000e+04,-2148,-89.500000
20417,2.04170000e+04,-2148,-89.500000
20418,2.04180000e+04,-2148,-89.500000
20419,2.04190000e+04,-2148,-89.500000
20420,2.04200000e+04,-2128,-88.666667
20421,2.04210000e+04,-2128,-88.666667
20422,2.04220000e+04,-2128,-88.666667
20423,2.04230000e+04,-2128,-88.666667
20424,2.04240000e+04,-2128,-88.666667
20425,2.04250000e+04,-2108,-87.833333
20426,2.04260000e+04,-2108,-87.833333
20427,2.04270000e+04,-2108,-87.833333
20428,2.04280000e+04,-2108,-87.833333
20429,2.04290000e+04,-2108,-87.833333
20430,2.04300000e+04,-2084,-86.833333
20431,2.04310000e+04,-2084,-86.833333
20432,2.04320000e+04,-2084,-86.833333
20433,2.04330000e+04,-2084,-86.833333
20434,2.04340000e+04,-2084,-86.833333
20435,2.04350000e+04,-2061,-85.875000
20436,2.04360000e+04,-2061,-85.875000
20437,2.04370000e+04,-2061,-85.875000
20438,2.04380000e+04,-2061,-85.875000
20439,2.04390000e+04,-2061,-85.875000
20440,2.04400000e+04,-2036,-84.833333
20441,2.04410000e+04,-2036,-84.833333
20442,2.04420000e+04,-2036,-84.833333
20443,2.04430000e+04,-2036,-84.833333
20444,2.04440000e+04,-2036,-84.833333
20445,2.04450000e+04,-2015,-83.958333
20446,2.04460000e+04,-2015,-83.958333
20447,2.04470000e+04,-2015,-83.958333
20448,2.04480000e+04,-2015,-83.958333
20449,2.04490000e+04,-2015,-83.958333
20450,2.04500000e+04,-1991,-82.958333
20451,2.04510000e+04,-1991,-82.958333
20452,2.04520000e+04,-1991,-82.958333
20453,2.04530000e+04,-1991,-82.958333
20454,2.04540000e+04,-1991,-82.958333
20455,2.04550000e+04,-1970,-82.083333
20456,2.04560000e+04,-1970,-82.083333
20457,2.04570000e+04,-1970,-82.083333
20458,2.04580000e+04,-1970,-82.083333
20459,2.04590000e+04,-1970,-82.083333
20460,2.04600000e+04,-1947,-81.125000
20461,2.04610000e+04,-1947,-81.125000
20462,2.04620000e+04,-1947,-81.125000
20463,2.04630000e+04,-1947,-81.125000
20464,2.04640000e+04,-1947,-81.125000
20465,2.04650000e+04,-1929,-80.375000
20466,2.04660000e+04,-1929,-80.375000
20467,2.04670000e+04,-1929,-80.375000
20468,2.04680000e+04,-1929,-80.375000
20469,2.04690000e+04,-1929,-80.375000
20470,2.04700000e+04,-1906,-79.416667
20471,2.04710000e+04,-1906,-79.416667
20472,2.04720000e+04,-1906,-79.416667
20473,2.04730000e+04,-1906,-79.416667
20474,2.04740000e+04,-1906,-79.416667
20475,2.04750000e+04,-1885,-78.541667
20476,2.04760000e+04,-1885,-78.541667
20477,2.04770000e+04,-1885,-78.541667
20478,2.04780000e+04,-1885,-78.541667
20479,2.04790000e+04,-1885,-78.541667
20480,2.04800000e+04,-1861,-77.541667
20481,2.04810000e+04,-1861,-77.541667
20482,2.04820000e+04,-1861,-77.541667
20483,2.04830000e+04,-1861,-77.541667
20484,2.04840000e+04,-1861,-77.541667
20485,2.04850000e+04,-1842,-76.750000
20486,2.04860000e+04,-1842,-76.750000
20487,2.04870000e+04,-1842,-76.750000
20488,2.04880000e+04,-1842,-76.750000
20489,2.04890000e+04,-1842,-76.750000
20490,2.04900000e+04,-1823,-75.958333
20491,2.04910000e+04,-1823,-75.958333
20492,2.04920000e+04,-1823,-75.958333
20493,2.04930000e+04,-1823,-75.958333
20494,2.04940000e+04,-1823,-75.958333
20495,2.04950000e+04,-1800,-75.000000
20496,2.04960000e+04,-1800,-75.000000
20497,2.04970000e+04,-1800,-75.000000
20498,2.04980000e+04,-1800,-75.000000
20499,2.04990000e+04,-1800,-75.000000
20500,2.05000000e+04,-1778,-74.083333
20501,2.05010000e+04,-1778,-74.083333
20502,2.05020000e+04,-1778,-74.083333
20503,2.05030000e+04,-1778,-74.083333
20504,2.05040000e+04,-1778,-74.083333
20505,2.05050000e+04,-1756,-73.166667
20506,2.05060000e+04,-1756,-73.166667
20507,2.05070000e+04,-1756,-73.166667
20508,2.05080000e+04,-1756,-73.166667
20509,2.05090000e+04,-1756,-73.166667
20510,2.05100000e+04,-1733,-72.208333
20511,2.05110000e+04,-1733,-72.208333
20512,2.05120000e+04,-1733,-72.208333
20513,2.05130000e+04,-1733,-72.208333
20514,2.05140000e+04,-1733,-72.208333
20515,2.05150000e+04,-1709,-71.208333
20516,2.05160000e+04,-1709,-71.208333
20517,2.05170000e+04,-1709,-71.208333
20518,2.05180000e+04,-1709,-71.208333
20519,2.05190000e+04,-1709,-71.208333
20520,2.05200000e+04,-1677,-69.875000
20521,2.05210000e+04,-1677,-69.875000
20522,2.05220000e+04,-1677,-69.875000
20523,2.05230000e+04,-1677,-69.875000
20524,2.05240000e+04,-1677,-69.875000
20525,2.05250000e+04,-1650,-68.750000
20526,2.05260000e+04,-1650,-68.750000
20527,2.05270000e+04,-1650,-68.750000
20528,2.05280000e+04,-1650,-68.750000
20529,2.05290000e+04,-1650,-68.750000
20530,2.05300000e+04,-1618,-67.416667
20531,2.05310000e+04,-1618,-67.416667
20532,2.05320000e+04,-1618,-67.416667
20533,2.05330000e+04,-1618,-67.416667
20534,2.05340000e+04,-1618,-67.416667
20535,2.05350000e+04,-1581,-65.875000
20536,2.05360000e+04,-1581,-65.875000
20537,2.05370000e+04,-1581,-65.875000
20538,2.05380000e+04,-1581,-65.875000
20539,2.05390000e+04,-1581,-65.875000
20540,2.05400000e+04,-1550,-64.583333
20541,2.05410000e+04,-1550,-64.583333
20542,2.05420000e+04,-1550,-64.583333
20543,2.05430000e+04,-1550,-64.583333
20544,2.05440000e+04,-1550,-64.583333
20545,2.05450000e+04,-1512,-63.000000
20546,2.05460000e+04,-1512,-63.000000
20547,2.05470000e+04,-1512,-63.000000
20548,2.05480000e+04,-1512,-63.000000
20549,2.05490000e+04,-1512,-63.000000
20550,2.05500000e+04,-1475,-61.458333
20551,2.05510000e+04,-1475,-61.458333
20552,2.05520000e+04,-1475,-61.458333
20553,2.05530000e+04,-1475,-61.458333
20554,2.05540000e+04,-1475,-61.458333
20555,2.05550000e+04,-1439,-59.958333
20556,2.05560000e+04,-1439,-59.958333
20557,2.05570000e+04,-1439,-59.958333
20558,2.05580000e+04,-1439,-59.958333
20559,2.05590000e+04,-1439,-59.958333
20560,2.05600000e+04,-1403,-58.458333
20561,2.05610000e+04,-1403,-58.458333
20562,2.05620000e+04,-1403,-58.458333
20563,2.05630000e+04,-1403,-58.458333
20564,2.05640000e+04,-1403,-58.458333
20565,2.05650000e+04,-1365,-56.875000
20566,2.05660000e+04,-1365,-56.875000
20567,2.05670000e+04,-1365,-56.875000
20568,2.05680000e+04,-1365,-56.875000
20569,2.05690000e+04,-1365,-56.875000
20570,2.05700000e+04,-1332,-55.500000
20571,2.05710000e+04,-1332,-55.500000
20572,2.05720000e+04,-1332,-55.500000
20573,2.05730000e+04,-1332,-55.500000
20574,2.05740000e+04,-1332,-55.500000
20575,2.05750000e+04,-1304,-54.333333
20576,2.05760000e+04,-1304,-54.333333
20577,2.05770000e+04,-1304,-54.333333
20578,2.05780000e+04,-1304,-54.333333
20579,2.05790000e+04,-1304,-54.333333
20580,2.05800000e+04,-1270,-52.916667
20581,2.05810000e+04,-1270,-52.916667
20582,2.05820000e+04,-1270,-52.916667
20583,2.05830000e+04,-1270,-52.916667
20584,2.05840000e+04,-1270,-52.916667
20585,2.05850000e+04,-1242,-51.750000
20586,2.05860000e+04,-1242,-51.750000
20587,2.05870000e+04,-1242,-51.750000
20588,2.05880000e+04,-1242,-51.750000
20589,2.05890000e+04,-1242,-51.750000
20590,2.05900000e+04,-1211,-50.458333
20591,2.05910000e+04,-1211,-50.458333
20592,2.05920000e+04,-1211,-50.458333
20593,2.05930000e+04,-1211,-50.458333
20594,2.05940000e+04,-1211,-50.458333
20595,2.05950000e+04,-1181,-49.208333
20596,2.05960000e+04,-1181,-49.208333
20597,2.05970000e+04,-1181,-49.208333
20598,2.05980000e+04,-1181,-49.208333
20599,2.05990000e+04,-1181,-49.208333
20600,2.06000000e+04,-1152,-48.000000
20601,2.06010000e+04,-1152,-48.000000
20602,2.06020000e+04,-1152,-48.000000
20603,2.06030000e+04,-1152,-48.000000
20604,2.06040000e+04,-1152,-48.000000
20605,2.06050000e+04,-1121,-46.708333
20606,2.06060000e+04,-1121,-46.708333
20607,2.06070000e+04,-1121,-46.708333
20608,2.06080000e+04,-1121,-46.708333
20609,2.06090000e+04,-1121,-46.708333
20610,2.06100000e+04,-1097,-45.708333
20611,2.06110000e+04,-1097,-45.708333
20612,2.06120000e+04,-1097,-45.708333
20613,2.06130000e+04,-1097,-45.708333
20614,2.06140000e+04,-1097,-45.708333
20615,2.06150000e+04,-1071,-44.625000
20616,2.06160000e+04,-1071,-44.625000
20617,2.06170000e+04,-1071,-44.625000
20618,2.06180000e+04,-1071,-44.625000
20619,2.06190000e+04,-1071,-44.625000
20620,2.06200000e+04,-1041,-43.375000
20621,2.06210000e+04,-1041,-43.375000
20622,2.06220000e+04,-1041,-43.375000
20623,2.06230000e+04,-1041,-43.375000
20624,2.06240000e+04,-1041,-43.375000
20625,2.06250000e+04,-1011,-42.125000
20626,2.06260000e+04,-1011,-42.125000
20627,2.06270000e+04,-1011,-42.125000
20628,2.06280000e+04,-1011,-42.125000
20629,2.06290000e+04,-1011,-42.125000
20630,2.06300000e+04,-982,-40.916667
20631,2.06310000e+04,-982,-40.916667
20632,2.06320000e+04,-982,-40.916667
20633,2.06330000e+04,-982,-40.916667
20634,2.06340000e+04,-982,-40.916667
20635,2.06350000e+04,-948,-39.500000
20636,2.06360000e+04,-948,-39.500000
20637,2.06370000e+04,-948,-39.500000
20638,2.06380000e+04,-948,-39.500000
20639,2.06390000e+04,-948,-39.500000
20640,2.06400000e+04,-917,-38.208333
20641,2.06410000e+04,-917,-38.208333
20642,2.06420000e+04,-917,-38.208333
20643,2.06430000e+04,-917,-38.208333
20644,2.06440000e+04,-917,-38.208333
20645,2.06450000e+04,-886,-36.916667
20646,2.06460000e+04,-886,-36.916667
20647,2.06470000e+04,-886,-36.916667
20648,2.06480000e+04,-886,-36.916667
20649,2.06490000e+04,-886,-36.916667
20650,2.06500000e+04,-850,-35.416667
20651,2.06510000e+04,-850,-35.416667
20652,2.06520000e+04,-850,-35.416667
20653,2.06530000e+04,-850,-35.416667
20654,2.06540000e+04,-850,-35.416667
20655,2.06550000e+04,-819,-34.125000
20656,2.06560000e+04,-819,-34.125000
20657,2.06570000e+04,-819,-34.125000
20658,2.06580000e+04,-819,-34.125000
20659,2.06590000e+04,-819,-34.125000
20660,2.06600000e+04,-780,-32.500000
20661,2.06610000e+04,-780,-32.500000
20662,2.06620000e+04,-780,-32.500000
20663,2.06630000e+04,-780,-32.500000
20664,2.06640000e+04,-780,-32.500000
20665,2.06650000e+04,-749,-31.208333
20666,2.06660000e+04,-749,-31.208333
20667,2.06670000e+04,-749,-31.208333
20668,2.06680000e+04,-749,-31.208333
20669,2.06690000e+04,-749,-31.208333
20670,2.06700000e+04,-708,-29.500000
20671,2.06710000e+04,-708,-29.500000
20672,2.06720000e+04,-708,-29.500000
20673,2.06730000e+04,-708,-29.500000
20674,2.06740000e+04,-708,-29.500000
20675,2.06750000e+04,-675,-28.125000
20676,2.06760000e+04,-675,-28.125000
20677,2.06770000e+04,-675,-28.125000
20678,2.06780000e+04,-675,-28.125000
20679,2.06790000e+04,-675,-28.125000
20680,2.06800000e+04,-641,-26.708333
20681,2.06810000e+04,-641,-26.708333
20682,2.06820000e+04,-641,-26.708333
20683,2.06830000e+04,-641,-26.708333
20684,2.06840000e+04,-641,-26.708333
20685,2.06850000e+04,-607,-25.291667
20686,2.06860000e+04,-607,-25.291667
20687,2.06870000e+04,-607,-25.291667
20688,2.06880000e+04,-607,-25.291667
20689,2.06890000e+04,-607,-25.291667
20690,2.06900000e+04,-574,-23.916667
20691,2.06910000e+04,-574,-23.916667
20692,2.06920000e+04,-574,-23.916667
20693,2.06930000e+04,-574,-23.916667
20694,2.06940000e+04,-574,-23.916667
20695,2.06950000e+04,-541,-22.541667
20696,2.06960000e+04,-541,-22.541667
20697,2.06970000e+04,-541,-22.541667
20698,2.06980000e+04,-541,-22.541667
20699,2.06990000e+04,-541,-22.541667
20700,2.07000000e+04,-512,-21.333333
20701,2.07010000e+04,-512,-21.333333
20702,2.07020000e+04,-512,-21.333333
20703,2.07030000e+04,-512,-21.333333
20704,2.07040000e+04,-512,-21.333333
20705,2.07050000e+04,-479,-19.958333
20706,2.07060000e+04,-479,-19.958333
20707,2.07070000e+04,-479,-19.958333
20708,2.07080000e+04,-479,-19.958333
20709,2.07090000e+04,-479,-19.958333
20710,2.07100000e+04,-448,-18.666667
20711,2.07110000e+04,-448,-18.666667
20712,2.07120000e+04,-448,-18.666667
20713,2.07130000e+04,-448,-18.666667
20714,2.07140000e+04,-448,-18.666667
20715,2.07150000e+04,-416,-17.333333
20716,2.07160000e+04,-416,-17.333333
20717,2.07170000e+04,-416,-17.333333
20718,2.07180000e+04,-416,-17.333333
20719,2.07190000e+04,-416,-17.333333
20720,2.07200000e+04,-382,-15.916667
20721,2.07210000e+04,-382,-15.916667
20722,2.07220000e+04,-382,-15.916667
20723,2.07230000e+04,-382,-15.916667
20724,2.07240000e+04,-382,-15.916667
20725,2.07250000e+04,-346,-14.416667
20726,2.07260000e+04,-346,-14.416667
20727,2.07270000e+04,-346,-14.416667
20728,2.07280000e+04,-346,-14.416667
20729,2.07290000e+04,-346,-14.416667
20730,2.07300000e+04,-316,-13.166667
20731,2.07310000e+04,-316,-13.166667
20732,2.07320000e+04,-316,-13.166667
20733,2.07330000e+04,-316,-13.166667
20734,2.07340000e+04,-316,-13.166667
20735,2.07350000e+04,-280,-11.666667
20736,2.07360000e+04,-280,-11.666667
20737,2.07370000e+04,-280,-11.666667
20738,2.07380000e+04,-280,-11.666667
20739,2.07390000e+04,-280,-11.666667
20740,2.07400000e+04,-247,-10.291667
20741,2.07410000e+04,-247,-10.291667
20742,2.07420000e+04,-247,-10.291667
20743,2.07430000e+04,-247,-10.291667
20744,2.07440000e+04,-247,-10.291667
20745,2.07450000e+04,-209,-8.708333
20746,2.07460000e+04,-209,-8.708333
20747,2.07470000e+04,-209,-8.708333
20748,2.07480000e+04,-209,-8.708333
20749,2.07490000e+04,-209,-8.708333
20750,2.07500000e+04,-171,-7.125000
20751,2.07510000e+04,-171,-7.125000
20752,2.07520000e+04,-171,-7.125000
20753,2.07530000e+04,-171,-7.125000
20754,2.07540000e+04,-171,-7.125000
20755,2.07550000e+04,-128,-5.333333
20756,2.07560000e+04,-128,-5.333333
20757,2.07570000e+04,-128,-5.333333
20758,2.07580000e+04,-128,-5.333333
20759,2.07590000e+04,-128,-5.333333
20760,2.07600000e+04,-89,-3.708333
20761,2.07610000e+04,-89,-3.708333
20762,2.07620000e+04,-89,-3.708333
20763,2.07630000e+04,-89,-3.708333
20764,2.07640000e+04,-89,-3.708333
20765,2.07650000e+04,-52,-2.166667
20766,2.07660000e+04,-52,-2.166667
20767,2.07670000e+04,-52,-2.166667
20768,2.07680000e+04,-52,-2.166667
20769,2.07690000e+04,-52,-2.166667
20770,2.07700000e+04,-13,-0.541667
20771,2.07710000e+04,-13,-0.541667
20772,2.07720000e+04,-13,-0.541667
20773,2.07730000e+04,-13,-0.541667
20774,2.07740000e+04,-13,-0.541667
20775,2.07750000e+04,25,1.041667
20776,2.07760000e+04,25,1.041667
20777,2.07770000e+04,25,1.041667
20778,2.07780000e+04,25,1.041667
20779,2.07790000e+04,25,1.041667
20780,2.07800000e+04,65,2.708333
20781,2.07810000e+04,65,2.708333
20782,2.07820000e+04,65,2.708333
20783,2.07830000e+04,65,2.708333
20784,2.07840000e+04,65,2.708333
20785,2.07850000e+04,106,4.416667
20786,2.07860000e+04,106,4.416667
20787,2.07870000e+04,106,4.416667
20788,2.07880000e+04,106,4.416667
20789,2.07890000e+04,106,4.416667
20790,2.07900000e+04,144,6.000000
20791,2.07910000e+04,144,6.000000
20792,2.07920000e+04,144,6.000000
20793,2.07930000e+04,144,6.000000
20794,2.07940000e+04,144,6.000000
20795,2.07950000e+04,179,7.458333
20796,2.07960000e+04,179,7.458333
20797,2.07970000e+04,179,7.458333
20798,2.07980000e+04,179,7.458333
20799,2.07990000e+04,179,7.458333
20800,2.08000000e+04,218,9.083333
20801,2.08010000e+04,218,9.083333
20802,2.08020000e+04,218,9.083333
20803,2.08030000e+04,218,9.083333
20804,2.08040000e+04,218,9.083333
20805,2.08050000e+04,256,10.666667
20806,2.08060000e+04,256,10.666667
20807,2.08070000e+04,256,10.666667
20808,2.08080000e+04,256,10.666667
20809,2.08090000e+04,256,10.666667
20810,2.08100000e+04,284,11.833333
20811,2.08110000e+04,284,11.833333
20812,2.08120000e+04,284,11.833333
20813,2.08130000e+04,284,11.833333
20814,2.08140000e+04,284,11.833333
20815,2.08150000e+04,319,13.291667
20816,2.08160000e+04,319,13.291667
20817,2.08170000e+04,319,13.291667
20818,2.08180000e+04,319,13.291667
20819,2.08190000e+04,319,13.291667
20820,2.08200000e+04,353,14.708333
20821,2.08210000e+04,353,14.708333
20822,2.08220000e+04,353,14.708333
20823,2.08230000e+04,353,14.708333
20824,2.08240000e+04,353,14.708333
20825,2.08250000e+04,388,16.166667
20826,2.08260000e+04,388,16.166667
20827,2.08270000e+04,388,16.166667
20828,2.08280000e+04,388,16.166667
20829,2.08290000e+04,388,16.166667
20830,2.08300000e+04,417,17.375000
20831,2.08310000e+04,417,17.375000
20832,2.08320000e+04,417,17.375000
20833,2.08330000e+04,417,17.375000
20834,2.08340000e+04,417,17.375000
20835,2.08350000e+04,451,18.791667
20836,2.08360000e+04,451,18.791667
20837,2.08370000e+04,451,18.791667
20838,2.08380000e+04,451,18.791667
20839,2.08390000e+04,451,18.791667
20840,2.08400000e+04,480,20.000000
20841,2.08410000e+04,480,20.000000
20842,2.08420000e+04,480,20.000000
20843,2.08430000e+04,480,20.000000
20844,2.08440000e+04,480,20.000000
20845,2.08450000e+04,512,21.333333
20846,2.08460000e+04,512,21.333333
20847,2.08470000e+04,512,21.333333
20848,2.08480000e+04,512,21.333333
20849,2.08490000e+04,512,21.333333
20850,2.08500000e+04,541,22.541667
20851,2.08510000e+04,541,22.541667
20852,2.08520000e+04,541,22.541667
20853,2.08530000e+04,541,22.541667
20854,2.08540000e+04,541,22.541667
20855,2.08550000e+04,576,24.000000
20856,2.08560000e+04,576,24.000000
20857,2.08570000e+04,576,24.000000
20858,2.08580000e+04,576,24.000000
20859,2.08590000e+04,576,24.000000
20860,2.08600000e+04,606,25.250000
20861,2.08610000e+04,606,25.250000
20862,2.08620000e+04,606,25.250000
20863,2.08630000e+04,606,25.250000
20864,2.08640000e+04,606,25.250000
20865,2.08650000e+04,639,26.625000
20866,2.08660000e+04,639,26.625000
20867,2.08670000e+04,639,26.625000
20868,2.08680000e+04,639,26.625000
20869,2.08690000e+04,639,26.625000
20870,2.08700000e+04,676,28.166667
20871,2.08710000e+04,676,28.166667
20872,2.08720000e+04,676,28.166667
20873,2.08730000e+04,676,28.166667
20874,2.08740000e+04,676,28.166667
20875,2.08750000e+04,710,29.583333
20876,2.08760000e+04,710,29.583333
20877,2.08770000e+04,710,29.583333
20878,2.08780000e+04,710,29.583333
20879,2.08790000e+04,710,29.583333
20880,2.08800000e+04,747,31.125000
20881,2.08810000e+04,747,31.125000
20882,2.08820000e+04,747,31.125000
20883,2.08830000e+04,747,31.125000
20884,2.08840000e+04,747,31.125000
20885,2.08850000e+04,785,32.708333
20886,2.08860000e+04,785,32.708333
20887,2.08870000e+04,785,32.708333
20888,2.08880000e+04,785,32.708333
20889,2.08890000e+04,785,32.708333
20890,2.08900000e+04,819,34.125000
20891,2.08910000e+04,819,34.125000
20892,2.08920000e+04,819,34.125000
20893,2.08930000e+04,819,34.125000
20894,2.08940000e+04,819,34.125000
20895,2.08950000e+04,856,35.666667
20896,2.08960000e+04,856,35.666667
20897,2.08970000e+04,856,35.666667
20898,2.08980000e+04,856,35.666667
20899,2.08990000e+04,856,35.666667
20900,2.09000000e+04,891,37.125000
20901,2.09010000e+04,891,37.125000
20902,2.09020000e+04,891,37.125000
20903,2.09030000e+04,891,37.125000
20904,2.09040000e+04,891,37.125000
20905,2.09050000e+04,925,38.541667
20906,2.09060000e+04,925,38.541667
20907,2.09070000e+04,925,38.541667
20908,2.09080000e+04,925,38.541667
20909,2.09090000e+04,925,38.541667
20910,2.09100000e+04,960,40.000000
20911,2.09110000e+04,960,40.000000
20912,2.09120000e+04,960,40.000000
20913,2.09130000e+04,960,40.000000
20914,2.09140000e+04,960,40.000000
20915,2.09150000e+04,990,41.250000
20916,2.09160000e+04,990,41.250000
20917,2.09170000e+04,990,41.250000
20918,2.09180000e+04,990,41.250000
20919,2.09190000e+04,990,41.250000
20920,2.09200000e+04,1020,42.500000
20921,2.09210000e+04,1020,42.500000
20922,2.09220000e+04,1020,42.500000
20923,2.09230000e+04,1020,42.500000
20924,2.09240000e+04,1020,42.500000
20925,2.09250000e+04,1050,43.750000
20926,2.09260000e+04,1050,43.750000
20927,2.09270000e+04,1050,43.750000
20928,2.09280000e+04,1050,43.750000
20929,2.09290000e+04,1050,43.750000
20930,2.09300000e+04,1080,45.000000
20931,2.09310000e+04,1080,45.000000
20932,2.09320000e+04,1080,45.000000
20933,2.09330000e+04,1080,45.000000
20934,2.09340000e+04,1080,45.000000
20935,2.09350000e+04,1112,46.333333
20936,2.09360000e+04,1112,46.333333
20937,2.09370000e+04,1112,46.333333
20938,2.09380000e+04,1112,46.333333
20939,2.09390000e+04,1112,46.333333
20940,2.09400000e+04,1140,47.500000
20941,2.09410000e+04,1140,47.500000
20942,2.09420000e+04,1140,47.500000
20943,2.09430000e+04,1140,47.500000
20944,2.09440000e+04,1140,47.500000
20945,2.09450000e+04,1169,48.708333
20946,2.09460000e+04,1169,48.708333
20947,2.09470000e+04,1169,48.708333
20948,2.09480000e+04,1169,48.708333
20949,2.09490000e+04,1169,48.708333
20950,2.09500000e+04,1197,49.875000
20951,2.09510000e+04,1197,49.875000
20952,2.09520000e+04,1197,49.875000
20953,2.09530000e+04,1197,49.875000
20954,2.09540000e+04,1197,49.875000
20955,2.09550000e+04,1231,51.291667
20956,2.09560000e+04,1231,51.291667
20957,2.09570000e+04,1231,51.291667
20958,2.09580000e+04,1231,51.291667
20959,2.09590000e+04,1231,51.291667
20960,2.09600000e+04,1265,52.708333
20961,2.09610000e+04,1265,52.708333
20962,2.09620000e+04,1265,52.708333
20963,2.09630000e+04,1265,52.708333
20964,2.09640000e+04,1265,52.708333
20965,2.09650000e+04,1295,53.958333
20966,2.09660000e+04,1295,53.958333
20967,2.09670000e+04,1295,53.958333
20968,2.09680000e+04,1295,53.958333
20969,2.09690000e+04,1295,53.958333
20970,2.09700000e+04,1329,55.375000
20971,2.09710000e+04,1329,55.375000
20972,2.09720000e+04,1329,55.375000
20973,2.09730000e+04,1329,55.375000
20974,2.09740000e+04,1329,55.375000
20975,2.09750000e+04,1362,56.750000
20976,2.09760000e+04,1362,56.750000
20977,2.09770000e+04,1362,56.750000
20978,2.09780000e+04,1362,56.750000
20979,2.09790000e+04,1362,56.750000
20980,2.09800000e+04,1400,58.333333
20981,2.09810000e+04,1400,58.333333
20982,2.09820000e+04,1400,58.333333
20983,2.09830000e+04,1400,58.333333
20984,2.09840000e+04,1400,58.333333
20985,2.09850000e+04,1435,59.791667
20986,2.09860000e+04,1435,59.791667
20987,2.09870000e+04,1435,59.791667
20988,2.09880000e+04,1435,59.791667
20989,2.09890000e+04,1435,59.791667
20990,2.09900000e+04,1475,61.458333
20991,2.09910000e+04,1475,61.458333
20992,2.09920000e+04,1475,61.458333
20993,2.09930000e+04,1475,61.458333
20994,2.09940000e+04,1475,61.458333
20995,2.09950000e+04,1510,62.916667
20996,2.09960000e+04,1510,62.916667
20997,2.09970000e+04,1510,62.916667
20998,2.09980000e+04,1510,62.916667
20999,2.09990000e+04,1510,62.916667
21000,2.10000000e+04,1546,64.416667
21001,2.10010000e+04,1546,64.416667
21002,2.10020000e+04,1546,64.416667
21003,2.10030000e+04,1546,64.416667
21004,2.10040000e+04,1546,64.416667
21005,2.10050000e+04,1582,65.916667
21006,2.10060000e+04,1582,65.916667
21007,2.10070000e+04,1582,65.916667
21008,2.10080000e+04,1582,65.916667
21009,2.10090000e+04,1582,65.916667
21010,2.10100000e+04,1615,67.291667
21011,2.10110000e+04,1615,67.291667
21012,2.10120000e+04,1615,67.291667
21013,2.10130000e+04,1615,67.291667
21014,2.10140000e+04,1615,67.291667
21015,2.10150000e+04,1650,68.750000
21016,2.10160000e+04,1650,68.750000
21017,2.10170000e+04,1650,68.750000
21018,2.10180000e+04,1650,68.750000
21019,2.10190000e+04,1650,68.750000
21020,2.10200000e+04,1677,69.875000
21021,2.10210000e+04,1677,69.875000
21022,2.10220000e+04,1677,69.875000
21023,2.10230000e+04,1677,69.875000
21024,2.10240000e+04,1677,69.875000
21025,2.10250000e+04,1705,71.041667
21026,2.10260000e+04,1705,71.041667
21027,2.10270000e+04,1705,71.041667
21028,2.10280000e+04,1705,71.041667
21029,2.10290000e+04,1705,71.041667
21030,2.10300000e+04,1733,72.208333
21031,2.10310000e+04,1733,72.208333
21032,2.10320000e+04,1733,72.208333
21033,2.10330000e+04,1733,72.208333
21034,2.10340000e+04,1733,72.208333
21035,2.10350000e+04,1760,73.333333
21036,2.10360000e+04,1760,73.333333
21037,2.10370000e+04,1760,73.333333
21038,2.10380000e+04,1760,73.333333
21039,2.10390000e+04,1760,73.333333
21040,2.10400000e+04,1785,74.375000
21041,2.10410000e+04,1785,74.375000
21042,2.10420000e+04,1785,74.375000
21043,2.10430000e+04,1785,74.375000
21044,2.10440000e+04,1785,74.375000
21045,2.10450000e+04,1805,75.208333
21046,2.10460000e+04,1805,75.208333
21047,2.10470000e+04,1805,75.208333
21048,2.10480000e+04,1805,75.208333
21049,2.10490000e+04,1805,75.208333
21050,2.10500000e+04,1825,76.041667
21051,2.10510000e+04,1825,76.041667
21052,2.10520000e+04,1825,76.041667
21053,2.10530000e+04,1825,76.041667
21054,2.10540000e+04,1825,76.041667
21055,2.10550000e+04,1848,77.000000
21056,2.10560000e+04,1848,77.000000
21057,2.10570000e+04,1848,77.000000
21058,2.10580000e+04,1848,77.000000
21059,2.10590000e+04,1848,77.000000
21060,2.10600000e+04,1868,77.833333
21061,2.10610000e+04,1868,77.833333
21062,2.10620000e+04,1868,77.833333
21063,2.10630000e+04,1868,77.833333
21064,2.10640000e+04,1868,77.833333
21065,2.10650000e+04,1889,78.708333
21066,2.10660000e+04,1889,78.708333
21067,2.10670000e+04,1889,78.708333
21068,2.10680000e+04,1889,78.708333
21069,2.10690000e+04,1889,78.708333
21070,2.10700000e+04,1909,79.541667
21071,2.10710000e+04,1909,79.541667
21072,2.10720000e+04,1909,79.541667
21073,2.10730000e+04,1909,79.541667
21074,2.10740000e+04,1909,79.541667
21075,2.10750000e+04,1933,80.541667
21076,2.10760000e+04,1933,80.541667
21077,2.10770000e+04,1933,80.541667
21078,2.10780000e+04,1933,80.541667
21079,2.10790000e+04,1933,80.541667
21080,2.10800000e+04,1950,81.250000
21081,2.10810000e+04,1950,81.250000
21082,2.10820000e+04,1950,81.250000
21083,2.10830000e+04,1950,81.250000
21084,2.10840000e+04,1950,81.250000
21085,2.10850000e+04,1974,82.250000
21086,2.10860000e+04,1974,82.250000
21087,2.10870000e+04,1974,82.250000
21088,2.10880000e+04,1974,82.250000
21089,2.10890000e+04,1974,82.250000
21090,2.10900000e+04,1997,83.208333
21091,2.10910000e+04,1997,83.208333
21092,2.10920000e+04,1997,83.208333
21093,2.10930000e+04,1997,83.208333
21094,2.10940000e+04,1997,83.208333
21095,2.10950000e+04,2015,83.958333
21096,2.10960000e+04,2015,83.958333
21097,2.10970000e+04,2015,83.958333
21098,2.10980000e+04,2015,83.958333
21099,2.10990000e+04,2015,83.958333
21100,2.11000000e+04,2040,85.000000
21101,2.11010000e+04,2040,85.000000
21102,2.11020000e+04,2040,85.000000
21103,2.11030000e+04,2040,85.000000
21104,2.11040000e+04,2040,85.000000
21105,2.11050000e+04,2063,85.958333
21106,2.11060000e+04,2063,85.958333
21107,2.11070000e+04,2063,85.958333
21108,2.11080000e+04,2063,85.958333
21109,2.11090000e+04,2063,85.958333
21110,2.11100000e+04,2087,86.958333
21111,2.11110000e+04,2087,86.958333
21112,2.11120000e+04,2087,86.958333
21113,2.11130000e+04,2087,86.958333
21114,2.11140000e+04,2087,86.958333
21115,2.11150000e+04,2115,88.125000
21116,2.11160000e+04,2115,88.125000
21117,2.11170000e+04,2115,88.125000
21118,2.11180000e+04,2115,88.125000
21119,2.11190000e+04,2115,88.125000
21120,2.11200000e+04,2139,89.125000
21121,2.11210000e+04,2139,89.125000
21122,2.11220000e+04,2139,89.125000
21123,2.11230000e+04,2139,89.125000
21124,2.11240000e+04,2139,89.125000
21125,2.11250000e+04,2162,90.083333
21126,2.11260000e+04,2162,90.083333
21127,2.11270000e+04,2162,90.083333
21128,2.11280000e+04,2162,90.083333
21129,2.11290000e+04,2162,90.083333
21130,2.11300000e+04,2184,91.000000
21131,2.11310000e+04,2184,91.000000
21132,2.11320000e+04,2184,91.000000
21133,2.11330000e+04,2184,91.000000
21134,2.11340000e+04,2184,91.000000
21135,2.11350000e+04,2204,91.833333
21136,2.11360000e+04,2204,91.833333
21137,2.11370000e+04,2204,91.833333
21138,2.11380000e+04,2204,91.833333
21139,2.11390000e+04,2204,91.833333
21140,2.11400000e+04,2222,92.583333
21141,2.11410000e+04,2222,92.583333
21142,2.11420000e+04,2222,92.583333
21143,2.11430000e+04,2222,92.583333
21144,2.11440000e+04,2222,92.583333
21145,2.11450000e+04,2240,93.333333
21146,2.11460000e+04,2240,93.333333
21147,2.11470000e+04,2240,93.333333
21148,2.11480000e+04,2240,93.333333
21149,2.11490000e+04,2240,93.333333
21150,2.11500000e+04,2257,94.041667
21151,2.11510000e+04,2257,94.041667
21152,2.11520000e+04,2257,94.041667
21153,2.11530000e+04,2257,94.041667
21154,2.11540000e+04,2257,94.041667
21155,2.11550000e+04,2272,94.666667
21156,2.11560000e+04,2272,94.666667
21157,2.11570000e+04,2272,94.666667
21158,2.11580000e+04,2272,94.666667
21159,2.11590000e+04,2272,94.666667
21160,2.11600000e+04,2285,95.208333
21161,2.11610000e+04,2285,95.208333
21162,2.11620000e+04,2285,95.208333
21163,2.11630000e+04,2285,95.208333
21164,2.11640000e+04,2285,95.208333
21165,2.11650000e+04,2298,95.750000
21166,2.11660000e+04,2298,95.750000
21167,2.11670000e+04,2298,95.750000
21168,2.11680000e+04,2298,95.750000
21169,2.11690000e+04,2298,95.750000
21170,2.11700000e+04,2311,96.291667
21171,2.11710000e+04,2311,96.291667
21172,2.11720000e+04,2311,96.291667
21173,2.11730000e+04,2311,96.291667
21174,2.11740000e+04,2311,96.291667
21175,2.11750000e+04,2319,96.625000
21176,2.11760000e+04,2319,96.625000
21177,2.11770000e+04,2319,96.625000
21178,2.11780000e+04,2319,96.625000
21179,2.11790000e+04,2319,96.625000
21180,2.11800000e+04,2330,97.083333
21181,2.11810000e+04,2330,97.083333
21182,2.11820000e+04,2330,97.083333
21183,2.11830000e+04,2330,97.083333
21184,2.11840000e+04,2330,97.083333
21185,2.11850000e+04,2347,97.791667
21186,2.11860000e+04,2347,97.791667
21187,2.11870000e+04,2347,97.791667
21188,2.11880000e+04,2347,97.791667
21189,2.11890000e+04,2347,97.791667
21190,2.11900000e+04,2356,98.166667
21191,2.11910000e+04,2356,98.166667
21192,2.11920000e+04,2356,98.166667
21193,2.11930000e+04,2356,98.166667
21194,2.11940000e+04,2356,98.166667
21195,2.11950000e+04,2377,99.041667
21196,2.11960000e+04,2377,99.041667
21197,2.11970000e+04,2377,99.041667
21198,2.11980000e+04,2377,99.041667
21199,2.11990000e+04,2377,99.041667
21200,2.12000000e+04,2393,99.708333
21201,2.12010000e+04,2393,99.708333
21202,2.12020000e+04,2393,99.708333
21203,2.12030000e+04,2393,99.708333
21204,2.12040000e+04,2393,99.708333
21205,2.12050000e+04,2413,100.541667
21206,2.12060000e+04,2413,100.541667
21207,2.12070000e+04,2413,100.541667
21208,2.12080000e+04,2413,100.541667
21209,2.12090000e+04,2413,100.541667
21210,2.12100000e+04,2433,101.375000
21211,2.12110000e+04,2433,101.375000
21212,2.12120000e+04,2433,101.375000
21213,2.12130000e+04,2433,101.375000
21214,2.12140000e+04,2433,101.375000
21215,2.12150000e+04,2453,102.208333
21216,2.12160000e+04,2453,102.208333
21217,2.12170000e+04,2453,102.208333
21218,2.12180000e+04,2453,102.208333
21219,2.12190000e+04,2453,102.208333
21220,2.12200000e+04,2480,103.333333
21221,2.12210000e+04,2480,103.333333
21222,2.12220000e+04,2480,103.333333
21223,2.12230000e+04,2480,103.333333
21224,2.12240000e+04,2480,103.333333
21225,2.12250000e+04,2504,104.333333
21226,2.12260000e+04,2504,104.333333
21227,2.12270000e+04,2504,104.333333
21228,2.12280000e+04,2504,104.333333
21229,2.12290000e+04,2504,104.333333
21230,2.12300000e+04,2530,105.416667
21231,2.12310000e+04,2530,105.416667
21232,2.12320000e+04,2530,105.416667
21233,2.12330000e+04,2530,105.416667
21234,2.12340000e+04,2530,105.416667
21235,2.12350000e+04,2560,106.666667
21236,2.12360000e+04,2560,106.666667
21237,2.12370000e+04,2560,106.666667
21238,2.12380000e+04,2560,106.666667
21239,2.12390000e+04,2560,106.666667
21240,2.12400000e+04,2583,107.625000
21241,2.12410000e+04,2583,107.625000
21242,2.12420000e+04,2583,107.625000
21243,2.12430000e+04,2583,107.625000
21244,2.12440000e+04,2583,107.625000
21245,2.12450000e+04,2606,108.583333
21246,2.12460000e+04,2606,108.583333
21247,2.12470000e+04,2606,108.583333
21248,2.12480000e+04,2606,108.583333
21249,2.12490000e+04,2606,108.583333
21250,2.12500000e+04,2627,109.458333
21251,2.12510000e+04,2627,109.458333
21252,2.12520000e+04,2627,109.458333
21253,2.12530000e+04,2627,109.458333
21254,2.12540000e+04,2627,109.458333
21255,2.12550000e+04,2645,110.208333
21256,2.12560000e+04,2645,110.208333
21257,2.12570000e+04,2645,110.208333
21258,2.12580000e+04,2645,110.208333
21259,2.12590000e+04,2645,110.208333
21260,2.12600000e+04,2657,110.708333
21261,2.12610000e+04,2657,110.708333
21262,2.12620000e+04,2657,110.708333
21263,2.12630000e+04,2657,110.708333
21264,2.12640000e+04,2657,110.708333
21265,2.12650000e+04,2669,111.208333
21266,2.12660000e+04,2669,111.208333
21267,2.12670000e+04,2669,111.208333
21268,2.12680000e+04,2669,111.208333
21269,2.12690000e+04,2669,111.208333
21270,2.12700000e+04,2685,111.875000
21271,2.12710000e+04,2685,111.875000
21272,2.12720000e+04,2685,111.875000
21273,2.12730000e+04,2685,111.875000
21274,2.12740000e+04,2685,111.875000
21275,2.12750000e+04,2693,112.208333
21276,2.12760000e+04,2693,112.208333
21277,2.12770000e+04,2693,112.208333
21278,2.12780000e+04,2693,112.208333
21279,2.12790000e+04,2693,112.208333
21280,2.12800000e+04,2703,112.625000
21281,2.12810000e+04,2703,112.625000
21282,2.12820000e+04,2703,112.625000
21283,2.12830000e+04,2703,112.625000
21284,2.12840000e+04,2703,112.625000
21285,2.12850000e+04,2711,112.958333
21286,2.12860000e+04,2711,112.958333
21287,2.12870000e+04,2711,112.958333
21288,2.12880000e+04,2711,112.958333
21289,2.12890000e+04,2711,112.958333
21290,2.12900000e+04,2722,113.416667
21291,2.12910000e+04,2722,113.416667
21292,2.12920000e+04,2722,113.416667
21293,2.12930000e+04,2722,113.416667
21294,2.12940000e+04,2722,113.416667
21295,2.12950000e+04,2735,113.958333
21296,2.12960000e+04,2735,113.958333
21297,2.12970000e+04,2735,113.958333
21298,2.12980000e+04,2735,113.958333
21299,2.12990000e+04,2735,113.958333
21300,2.13000000e+04,2747,114.458333
21301,2.13010000e+04,2747,114.458333
21302,2.13020000e+04,2747,114.458333
21303,2.13030000e+04,2747,114.458333
21304,2.13040000e+04,2747,114.458333
21305,2.13050000e+04,2759,114.958333
21306,2.13060000e+04,2759,114.958333
21307,2.13070000e+04,2759,114.958333
21308,2.13080000e+04,2759,114.958333
21309,2.13090000e+04,2759,114.958333
21310,2.13100000e+04,2774,115.583333
21311,2.13110000e+04,2774,115.583333
21312,2.13120000e+04,2774,115.583333
21313,2.13130000e+04,2774,115.583333
21314,2.13140000e+04,2774,115.583333
21315,2.13150000e+04,2788,116.166667
21316,2.13160000e+04,2788,116.166667
21317,2.13170000e+04,2788,116.166667
21318,2.13180000e+04,2788,116.166667
21319,2.13190000e+04,2788,116.166667
21320,2.13200000e+04,2808,117.000000
21321,2.13210000e+04,2808,117.000000
21322,2.13220000e+04,2808,117.000000
21323,2.13230000e+04,2808,117.000000
21324,2.13240000e+04,2808,117.000000
21325,2.13250000e+04,2822,117.583333
21326,2.13260000e+04,2822,117.583333
21327,2.13270000e+04,2822,117.583333
21328,2.13280000e+04,2822,117.583333
21329,2.13290000e+04,2822,117.583333
21330,2.13300000e+04,2841,118.375000
21331,2.13310000e+04,2841,118.375000
21332,2.13320000e+04,2841,118.375000
21333,2.13330000e+04,2841,118.375000
21334,2.13340000e+04,2841,118.375000
21335,2.13350000e+04,2864,119.333333
21336,2.13360000e+04,2864,119.333333
21337,2.13370000e+04,2864,119.333333
21338,2.13380000e+04,2864,119.333333
21339,2.13390000e+04,2864,119.333333
21340,2.13400000e+04,2882,120.083333
21341,2.13410000e+04,2882,120.083333
21342,2.13420000e+04,2882,120.083333
21343,2.13430000e+04,2882,120.083333
21344,2.13440000e+04,2882,120.083333
21345,2.13450000e+04,2903,120.958333
21346,2.13460000e+04,2903,120.958333
21347,2.13470000e+04,2903,120.958333
21348,2.13480000e+04,2903,120.958333
21349,2.13490000e+04,2903,120.958333
21350,2.13500000e+04,2926,121.916667
21351,2.13510000e+04,2926,121.916667
21352,2.13520000e+04,2926,121.916667
21353,2.13530000e+04,2926,121.916667
21354,2.13540000e+04,2926,121.916667
21355,2.13550000e+04,2946,122.750000
21356,2.13560000e+04,2946,122.750000
21357,2.13570000e+04,2946,122.750000
21358,2.13580000e+04,2946,122.750000
21359,2.13590000e+04,2946,122.750000
21360,2.13600000e+04,2963,123.458333
21361,2.13610000e+04,2963,123.458333
21362,2.13620000e+04,2963,123.458333
21363,2.13630000e+04,2963,123.458333
21364,2.13640000e+04,2963,123.458333
21365,2.13650000e+04,2984,124.333333
21366,2.13660000e+04,2984,124.333333
21367,2.13670000e+04,2984,124.333333
21368,2.13680000e+04,2984,124.333333
21369,2.13690000e+04,2984,124.333333
21370,2.13700000e+04,2997,124.875000
21371,2.13710000e+04,2997,124.875000
21372,2.13720000e+04,2997,124.875000
21373,2.13730000e+04,2997,124.875000
21374,2.13740000e+04,2997,124.875000
21375,2.13750000e+04,3012,125.500000
21376,2.13760000e+04,3012,125.500000
21377,2.13770000e+04,3012,125.500000
21378,2.13780000e+04,3012,125.500000
21379,2.13790000e+04,3012,125.500000
21380,2.13800000e+04,3022,125.916667
21381,2.13810000e+04,3022,125.916667
21382,2.13820000e+04,3022,125.916667
21383,2.13830000e+04,3022,125.916667
21384,2.13840000e+04,3022,125.916667
21385,2.13850000e+04,3035,126.458333
21386,2.13860000e+04,3035,126.458333
21387,2.13870000e+04,3035,126.458333
21388,2.13880000e+04,3035,126.458333
21389,2.13890000e+04,3035,126.458333
21390,2.13900000e+04,3040,126.666667
21391,2.13910000e+04,3040,126.666667
21392,2.13920000e+04,3040,126.666667
21393,2.13930000e+04,3040,126.666667
21394,2.13940000e+04,3040,126.666667
21395,2.13950000e+04,3048,127.000000
21396,2.13960000e+04,3048,127.000000
21397,2.13970000e+04,3048,127.000000
21398,2.13980000e+04,3048,127.000000
21399,2.13990000e+04,3048,127.000000
21400,2.14000000e+04,3058,127.416667
21401,2.14010000e+04,3058,127.416667
21402,2.14020000e+04,3058,127.416667
21403,2.14030000e+04,3058,127.416667
21404,2.14040000e+04,3058,127.416667
21405,2.14050000e+04,3060,127.500000
21406,2.14060000e+04,3060,127.500000
21407,2.14070000e+04,3060,127.500000
21408,2.14080000e+04,3060,127.500000
21409,2.14090000e+04,3060,127.500000
21410,2.14100000e+04,3068,127.833333
21411,2.14110000e+04,3068,127.833333
21412,2.14120000e+04,3068,127.833333
21413,2.14130000e+04,3068,127.833333
21414,2.14140000e+04,3068,127.833333
21415,2.14150000e+04,3074,128.083333
21416,2.14160000e+04,3074,128.083333
21417,2.14170000e+04,3074,128.083333
21418,2.14180000e+04,3074,128.083333
21419,2.14190000e+04,3074,128.083333
21420,2.14200000e+04,3079,128.291667
21421,2.14210000e+04,3079,128.291667
21422,2.14220000e+04,3079,128.291667
21423,2.14230000e+04,3079,128.291667
21424,2.14240000e+04,3079,128.291667
21425,2.14250000e+04,3088,128.666667
21426,2.14260000e+04,3088,128.666667
21427,2.14270000e+04,3088,128.666667
21428,2.14280000e+04,3088,128.666667
21429,2.14290000e+04,3088,128.666667
21430,2.14300000e+04,3094,128.916667
21431,2.14310000e+04,3094,128.916667
21432,2.14320000e+04,3094,128.916667
21433,2.14330000e+04,3094,128.916667
21434,2.14340000e+04,3094,128.916667
21435,2.14350000e+04,3107,129.458333
21436,2.14360000e+04,3107,129.458333
21437,2.14370000e+04,3107,129.458333
21438,2.14380000e+04,3107,129.458333
21439,2.14390000e+04,3107,129.458333
21440,2.14400000e+04,3118,129.916667
21441,2.14410000e+04,3118,129.916667
21442,2.14420000e+04,3118,129.916667
21443,2.14430000e+04,3118,129.916667
21444,2.14440000e+04,3118,129.916667
21445,2.14450000e+04,3127,130.291667
21446,2.14460000e+04,3127,130.291667
21447,2.14470000e+04,3127,130.291667
21448,2.14480000e+04,3127,130.291667
21449,2.14490000e+04,3127,130.291667
21450,2.14500000e+04,3138,130.750000
21451,2.14510000e+04,3138,130.750000
21452,2.14520000e+04,3138,130.750000
21453,2.14530000e+04,3138,130.750000
21454,2.14540000e+04,3138,130.750000
21455,2.14550000e+04,3148,131.166667
21456,2.14560000e+04,3148,131.166667
21457,2.14570000e+04,3148,131.166667
21458,2.14580000e+04,3148,131.166667
21459,2.14590000e+04,3148,131.166667
21460,2.14600000e+04,3162,131.750000
21461,2.14610000e+04,3162,131.750000
21462,2.14620000e+04,3162,131.750000
21463,2.14630000e+04,3162,131.750000
21464,2.14640000e+04,3162,131.750000
21465,2.14650000e+04,3176,132.333333
21466,2.14660000e+04,3176,132.333333
21467,2.14670000e+04,3176,132.333333
21468,2.14680000e+04,3176,132.333333
21469,2.14690000e+04,3176,132.333333
21470,2.14700000e+04,3185,132.708333
21471,2.14710000e+04,3185,132.708333
21472,2.14720000e+04,3185,132.708333
21473,2.14730000e+04,3185,132.708333
21474,2.14740000e+04,3185,132.708333
21475,2.14750000e+04,3199,133.291667
21476,2.14760000e+04,3199,133.291667
21477,2.14770000e+04,3199,133.291667
21478,2.14780000e+04,3199,133.291667
21479,2.14790000e+04,3199,133.291667
21480,2.14800000e+04,3208,133.666667
21481,2.14810000e+04,3208,133.666667
21482,2.14820000e+04,3208,133.666667
21483,2.14830000e+04,3208,133.666667
21484,2.14840000e+04,3208,133.666667
21485,2.14850000e+04,3210,133.750000
21486,2.14860000e+04,3210,133.750000
21487,2.14870000e+04,3210,133.750000
21488,2.14880000e+04,3210,133.750000
21489,2.14890000e+04,3210,133.750000
21490,2.14900000e+04,3212,133.833333
21491,2.14910000e+04,3212,133.833333
21492,2.14920000e+04,3212,133.833333
21493,2.14930000e+04,3212,133.833333
21494,2.14940000e+04,3212,133.833333
21495,2.14950000e+04,3211,133.791667
21496,2.14960000e+04,3211,133.791667
21497,2.14970000e+04,3211,133.791667
21498,2.14980000e+04,3211,133.791667
21499,2.14990000e+04,3211,133.791667
21500,2.15000000e+04,3207,133.625000
21501,2.15010000e+04,3207,133.625000
21502,2.15020000e+04,3207,133.625000
21503,2.15030000e+04,3207,133.625000
21504,2.15040000e+04,3207,133.625000
21505,2.15050000e+04,3196,133.166667
21506,2.15060000e+04,3196,133.166667
21507,2.15070000e+04,3196,133.166667
21508,2.15080000e+04,3196,133.166667
21509,2.15090000e+04,3196,133.166667
21510,2.15100000e+04,3186,132.750000
21511,2.15110000e+04,3186,132.750000
21512,2.15120000e+04,3186,132.750000
21513,2.15130000e+04,3186,132.750000
21514,2.15140000e+04,3186,132.750000
21515,2.15150000e+04,3173,132.208333
21516,2.15160000e+04,3173,132.208333
21517,2.15170000e+04,3173,132.208333
21518,2.15180000e+04,3173,132.208333
21519,2.15190000e+04,3173,132.208333
21520,2.15200000e+04,3162,131.750000
21521,2.15210000e+04,3162,131.750000
21522,2.15220000e+04,3162,131.750000
21523,2.15230000e+04,3162,131.750000
21524,2.15240000e+04,3162,131.750000
21525,2.15250000e+04,3148,131.166667
21526,2.15260000e+04,3148,131.166667
21527,2.15270000e+04,3148,131.166667
21528,2.15280000e+04,3148,131.166667
21529,2.15290000e+04,3148,131.166667
21530,2.15300000e+04,3133,130.541667
21531,2.15310000e+04,3133,130.541667
21532,2.15320000e+04,3133,130.541667
21533,2.15330000e+04,3133,130.541667
21534,2.15340000e+04,3133,130.541667
21535,2.15350000e+04,3122,130.083333
21536,2.15360000e+04,3122,130.083333
21537,2.15370000e+04,3122,130.083333
21538,2.15380000e+04,3122,130.083333
21539,2.15390000e+04,3122,130.083333
21540,2.15400000e+04,3113,129.708333
21541,2.15410000e+04,3113,129.708333
21542,2.15420000e+04,3113,129.708333
21543,2.15430000e+04,3113,129.708333
21544,2.15440000e+04,3113,129.708333
21545,2.15450000e+04,3105,129.375000
21546,2.15460000e+04,3105,129.375000
21547,2.15470000e+04,3105,129.375000
21548,2.15480000e+04,3105,129.375000
21549,2.15490000e+04,3105,129.375000
21550,2.15500000e+04,3094,128.916667
21551,2.15510000e+04,3094,128.916667
21552,2.15520000e+04,3094,128.916667
21553,2.15530000e+04,3094,128.916667
21554,2.15540000e+04,3094,128.916667
21555,2.15550000e+04,3083,128.458333
21556,2.15560000e+04,3083,128.458333
21557,2.15570000e+04,3083,128.458333
21558,2.15580000e+04,3083,128.458333
21559,2.15590000e+04,3083,128.458333
21560,2.15600000e+04,3072,128.000000
21561,2.15610000e+04,3072,128.000000
21562,2.15620000e+04,3072,128.000000
21563,2.15630000e+04,3072,128.000000
21564,2.15640000e+04,3072,128.000000
21565,2.15650000e+04,3066,127.750000
21566,2.15660000e+04,3066,127.750000
21567,2.15670000e+04,3066,127.750000
21568,2.15680000e+04,3066,127.750000
21569,2.15690000e+04,3066,127.750000
21570,2.15700000e+04,3061,127.541667
21571,2.15710000e+04,3061,127.541667
21572,2.15720000e+04,3061,127.541667
21573,2.15730000e+04,3061,127.541667
21574,2.15740000e+04,3061,127.541667
21575,2.15750000e+04,3051,127.125000
21576,2.15760000e+04,3051,127.125000
21577,2.15770000e+04,3051,127.125000
21578,2.15780000e+04,3051,127.125000
21579,2.15790000e+04,3051,127.125000
21580,2.15800000e+04,3044,126.833333
21581,2.15810000e+04,3044,126.833333
21582,2.15820000e+04,3044,126.833333
21583,2.15830000e+04,3044,126.833333
21584,2.15840000e+04,3044,126.833333
21585,2.15850000e+04,3039,126.625000
21586,2.15860000e+04,3039,126.625000
21587,2.15870000e+04,3039,126.625000
21588,2.15880000e+04,3039,126.625000
21589,2.15890000e+04,3039,126.625000
21590,2.15900000e+04,3035,126.458333
21591,2.15910000e+04,3035,126.458333
21592,2.15920000e+04,3035,126.458333
21593,2.15930000e+04,3035,126.458333
21594,2.15940000e+04,3035,126.458333
21595,2.15950000e+04,3021,125.875000
21596,2.15960000e+04,3021,125.875000
21597,2.15970000e+04,3021,125.875000
21598,2.15980000e+04,3021,125.875000
21599,2.15990000e+04,3021,125.875000
21600,2.16000000e+04,3016,125.666667
21601,2.16010000e+04,3016,125.666667
21602,2.16020000e+04,3016,125.666667
21603,2.16030000e+04,3016,125.666667
21604,2.16040000e+04,3016,125.666667
21605,2.16050000e+04,3007,125.291667
21606,2.16060000e+04,3007,125.291667
21607,2.16070000e+04,3007,125.291667
21608,2.16080000e+04,3007,125.291667
21609,2.16090000e+04,3007,125.291667
21610,2.16100000e+04,2993,124.708333
21611,2.16110000e+04,2993,124.708333
21612,2.16120000e+04,2993,124.708333
21613,2.16130000e+04,2993,124.708333
21614,2.16140000e+04,2993,124.708333
21615,2.16150000e+04,2978,124.083333
21616,2.16160000e+04,2978,124.083333
21617,2.16170000e+04,2978,124.083333
21618,2.16180000e+04,2978,124.083333
21619,2.16190000e+04,2978,124.083333
21620,2.16200000e+04,2962,123.416667
21621,2.16210000e+04,2962,123.416667
21622,2.16220000e+04,2962,123.416667
21623,2.16230000e+04,2962,123.416667
21624,2.16240000e+04,2962,123.416667
21625,2.16250000e+04,2942,122.583333
21626,2.16260000e+04,2942,122.583333
21627,2.16270000e+04,2942,122.583333
21628,2.16280000e+04,2942,122.583333
21629,2.16290000e+04,2942,122.583333
21630,2.16300000e+04,2926,121.916667
21631,2.16310000e+04,2926,121.916667
21632,2.16320000e+04,2926,121.916667
21633,2.16330000e+04,2926,121.916667
21634,2.16340000e+04,2926,121.916667
21635,2.16350000e+04,2903,120.958333
21636,2.16360000e+04,2903,120.958333
21637,2.16370000e+04,2903,120.958333
21638,2.16380000e+04,2903,120.958333
21639,2.16390000e+04,2903,120.958333
21640,2.16400000e+04,2883,120.125000
21641,2.16410000e+04,2883,120.125000
21642,2.16420000e+04,2883,120.125000
21643,2.16430000e+04,2883,120.125000
21644,2.16440000e+04,2883,120.125000
21645,2.16450000e+04,2864,119.333333
21646,2.16460000e+04,2864,119.333333
21647,2.16470000e+04,2864,119.333333
21648,2.16480000e+04,2864,119.333333
21649,2.16490000e+04,2864,119.333333
21650,2.16500000e+04,2839,118.291667
21651,2.16510000e+04,2839,118.291667
21652,2.16520000e+04,2839,118.291667
21653,2.16530000e+04,2839,118.291667
21654,2.16540000e+04,2839,118.291667
21655,2.16550000e+04,2820,117.500000
21656,2.16560000e+04,2820,117.500000
21657,2.16570000e+04,2820,117.500000
21658,2.16580000e+04,2820,117.500000
21659,2.16590000e+04,2820,117.500000
21660,2.16600000e+04,2802,116.750000
21661,2.16610000e+04,2802,116.750000
21662,2.16620000e+04,2802,116.750000
21663,2.16630000e+04,2802,116.750000
21664,2.16640000e+04,2802,116.750000
21665,2.16650000e+04,2782,115.916667
21666,2.16660000e+04,2782,115.916667
21667,2.16670000e+04,2782,115.916667
21668,2.16680000e+04,2782,115.916667
21669,2.16690000e+04,2782,115.916667
21670,2.16700000e+04,2764,115.166667
21671,2.16710000e+04,2764,115.166667
21672,2.16720000e+04,2764,115.166667
21673,2.16730000e+04,2764,115.166667
21674,2.16740000e+04,2764,115.166667
21675,2.16750000e+04,2752,114.666667
21676,2.16760000e+04,2752,114.666667
21677,2.16770000e+04,2752,114.666667
21678,2.16780000e+04,2752,114.666667
21679,2.16790000e+04,2752,114.666667
21680,2.16800000e+04,2735,113.958333
21681,2.16810000e+04,2735,113.958333
21682,2.16820000e+04,2735,113.958333
21683,2.16830000e+04,2735,113.958333
21684,2.16840000e+04,2735,113.958333
21685,2.16850000e+04,2718,113.250000
21686,2.16860000e+04,2718,113.250000
21687,2.16870000e+04,2718,113.250000
21688,2.16880000e+04,2718,113.250000
21689,2.16890000e+04,2718,113.250000
21690,2.16900000e+04,2708,112.833333
21691,2.16910000e+04,2708,112.833333
21692,2.16920000e+04,2708,112.833333
21693,2.16930000e+04,2708,112.833333
21694,2.16940000e+04,2708,112.833333
21695,2.16950000e+04,2696,112.333333
21696,2.16960000e+04,2696,112.333333
21697,2.16970000e+04,2696,112.333333
21698,2.16980000e+04,2696,112.333333
21699,2.16990000e+04,2696,112.333333
21700,2.17000000e+04,2687,111.958333
21701,2.17010000e+04,2687,111.958333
21702,2.17020000e+04,2687,111.958333
21703,2.17030000e+04,2687,111.958333
21704,2.17040000e+04,2687,111.958333
21705,2.17050000e+04,2675,111.458333
21706,2.17060000e+04,2675,111.458333
21707,2.17070000e+04,2675,111.458333
21708,2.17080000e+04,2675,111.458333
21709,2.17090000e+04,2675,111.458333
21710,2.17100000e+04,2664,111.000000
21711,2.17110000e+04,2664,111.000000
21712,2.17120000e+04,2664,111.000000
21713,2.17130000e+04,2664,111.000000
21714,2.17140000e+04,2664,111.000000
21715,2.17150000e+04,2652,110.500000
21716,2.17160000e+04,2652,110.500000
21717,2.17170000e+04,2652,110.500000
21718,2.17180000e+04,2652,110.500000
21719,2.17190000e+04,2652,110.500000
21720,2.17200000e+04,2638,109.916667
21721,2.17210000e+04,2638,109.916667
21722,2.17220000e+04,2638,109.916667
21723,2.17230000e+04,2638,109.916667
21724,2.17240000e+04,2638,109.916667
21725,2.17250000e+04,2620,109.166667
21726,2.17260000e+04,2620,109.166667
21727,2.17270000e+04,2620,109.166667
21728,2.17280000e+04,2620,109.166667
21729,2.17290000e+04,2620,109.166667
21730,2.17300000e+04,2600,108.333333
21731,2.17310000e+04,2600,108.333333
21732,2.17320000e+04,2600,108.333333
21733,2.17330000e+04,2600,108.333333
21734,2.17340000e+04,2600,108.333333
21735,2.17350000e+04,2579,107.458333
21736,2.17360000e+04,2579,107.458333
21737,2.17370000e+04,2579,107.458333
21738,2.17380000e+04,2579,107.458333
21739,2.17390000e+04,2579,107.458333
21740,2.17400000e+04,2553,106.375000
21741,2.17410000e+04,2553,106.375000
21742,2.17420000e+04,2553,106.375000
21743,2.17430000e+04,2553,106.375000
21744,2.17440000e+04,2553,106.375000
21745,2.17450000e+04,2528,105.333333
21746,2.17460000e+04,2528,105.333333
21747,2.17470000e+04,2528,105.333333
21748,2.17480000e+04,2528,105.333333
21749,2.17490000e+04,2528,105.333333
21750,2.17500000e+04,2500,104.166667
21751,2.17510000e+04,2500,104.166667
21752,2.17520000e+04,2500,104.166667
21753,2.17530000e+04,2500,104.166667
21754,2.17540000e+04,2500,104.166667
21755,2.17550000e+04,2474,103.083333
21756,2.17560000e+04,2474,103.083333
21757,2.17570000e+04,2474,103.083333
21758,2.17580000e+04,2474,103.083333
21759,2.17590000e+04,2474,103.083333
21760,2.17600000e+04,2447,101.958333
21761,2.17610000e+04,2447,101.958333
21762,2.17620000e+04,2447,101.958333
21763,2.17630000e+04,2447,101.958333
21764,2.17640000e+04,2447,101.958333
21765,2.17650000e+04,2421,100.875000
21766,2.17660000e+04,2421,100.875000
21767,2.17670000e+04,2421,100.875000
21768,2.17680000e+04,2421,100.875000
21769,2.17690000e+04,2421,100.875000
21770,2.17700000e+04,2402,100.083333
21771,2.17710000e+04,2402,100.083333
21772,2.17720000e+04,2402,100.083333
21773,2.17730000e+04,2402,100.083333
21774,2.17740000e+04,2402,100.083333
21775,2.17750000e+04,2381,99.208333
21776,2.17760000e+04,2381,99.208333
21777,2.17770000e+04,2381,99.208333
21778,2.17780000e+04,2381,99.208333
21779,2.17790000e+04,2381,99.208333
21780,2.17800000e+04,2361,98.375000
21781,2.17810000e+04,2361,98.375000
21782,2.17820000e+04,2361,98.375000
21783,2.17830000e+04,2361,98.375000
21784,2.17840000e+04,2361,98.375000
21785,2.17850000e+04,2343,97.625000
21786,2.17860000e+04,2343,97.625000
21787,2.17870000e+04,2343,97.625000
21788,2.17880000e+04,2343,97.625000
21789,2.17890000e+04,2343,97.625000
21790,2.17900000e+04,2328,97.000000
21791,2.17910000e+04,2328,97.000000
21792,2.17920000e+04,2328,97.000000
21793,2.17930000e+04,2328,97.000000
21794,2.17940000e+04,2328,97.000000
21795,2.17950000e+04,2312,96.333333
21796,2.17960000e+04,2312,96.333333
21797,2.17970000e+04,2312,96.333333
21798,2.17980000e+04,2312,96.333333
21799,2.17990000e+04,2312,96.333333
21800,2.18000000e+04,2301,95.875000
21801,2.18010000e+04,2301,95.875000
21802,2.18020000e+04,2301,95.875000
21803,2.18030000e+04,2301,95.875000
21804,2.18040000e+04,2301,95.875000
21805,2.18050000e+04,2288,95.333333
21806,2.18060000e+04,2288,95.333333
21807,2.18070000e+04,2288,95.333333
21808,2.18080000e+04,2288,95.333333
21809,2.18090000e+04,2288,95.333333
21810,2.18100000e+04,2275,94.791667
21811,2.18110000e+04,2275,94.791667
21812,2.18120000e+04,2275,94.791667
21813,2.18130000e+04,2275,94.791667
21814,2.18140000e+04,2275,94.791667
21815,2.18150000e+04,2263,94.291667
21816,2.18160000e+04,2263,94.291667
21817,2.18170000e+04,2263,94.291667
21818,2.18180000e+04,2263,94.291667
21819,2.18190000e+04,2263,94.291667
21820,2.18200000e+04,2255,93.958333
21821,2.18210000e+04,2255,93.958333
21822,2.18220000e+04,2255,93.958333
21823,2.18230000e+04,2255,93.958333
21824,2.18240000e+04,2255,93.958333
21825,2.18250000e+04,2238,93.250000
21826,2.18260000e+04,2238,93.250000
21827,2.18270000e+04,2238,93.250000
21828,2.18280000e+04,2238,93.250000
21829,2.18290000e+04,2238,93.250000
21830,2.18300000e+04,2226,92.750000
21831,2.18310000e+04,2226,92.750000
21832,2.18320000e+04,2226,92.750000
21833,2.18330000e+04,2226,92.750000
21834,2.18340000e+04,2226,92.750000
21835,2.18350000e+04,2216,92.333333
21836,2.18360000e+04,2216,92.333333
21837,2.18370000e+04,2216,92.333333
21838,2.18380000e+04,2216,92.333333
21839,2.18390000e+04,2216,92.333333
21840,2.18400000e+04,2197,91.541667
21841,2.18410000e+04,2197,91.541667
21842,2.18420000e+04,2197,91.541667
21843,2.18430000e+04,2197,91.541667
21844,2.18440000e+04,2197,91.541667
21845,2.18450000e+04,2178,90.750000
21846,2.18460000e+04,2178,90.750000
21847,2.18470000e+04,2178,90.750000
21848,2.18480000e+04,2178,90.750000
21849,2.18490000e+04,2178,90.750000
21850,2.18500000e+04,2162,90.083333
21851,2.18510000e+04,2162,90.083333
21852,2.18520000e+04,2162,90.083333
21853,2.18530000e+04,2162,90.083333
21854,2.18540000e+04,2162,90.083333
21855,2.18550000e+04,2136,89.000000
21856,2.18560000e+04,2136,89.000000
21857,2.18570000e+04,2136,89.000000
21858,2.18580000e+04,2136,89.000000
21859,2.18590000e+04,2136,89.000000
21860,2.18600000e+04,2119,88.291667
21861,2.18610000e+04,2119,88.291667
21862,2.18620000e+04,2119,88.291667
21863,2.18630000e+04,2119,88.291667
21864,2.18640000e+04,2119,88.291667
21865,2.18650000e+04,2091,87.125000
21866,2.18660000e+04,2091,87.125000
21867,2.18670000e+04,2091,87.125000
21868,2.18680000e+04,2091,87.125000
21869,2.18690000e+04,2091,87.125000
21870,2.18700000e+04,2070,86.250000
21871,2.18710000e+04,2070,86.250000
21872,2.18720000e+04,2070,86.250000
21873,2.18730000e+04,2070,86.250000
21874,2.18740000e+04,2070,86.250000
21875,2.18750000e+04,2048,85.333333
21876,2.18760000e+04,2048,85.333333
21877,2.18770000e+04,2048,85.333333
21878,2.18780000e+04,2048,85.333333
21879,2.18790000e+04,2048,85.333333
21880,2.18800000e+04,2026,84.416667
21881,2.18810000e+04,2026,84.416667
21882,2.18820000e+04,2026,84.416667
21883,2.18830000e+04,2026,84.416667
21884,2.18840000e+04,2026,84.416667
21885,2.18850000e+04,2004,83.500000
21886,2.18860000e+04,2004,83.500000
21887,2.18870000e+04,2004,83.500000
21888,2.18880000e+04,2004,83.500000
21889,2.18890000e+04,2004,83.500000
21890,2.18900000e+04,1983,82.625000
21891,2.18910000e+04,1983,82.625000
21892,2.18920000e+04,1983,82.625000
21893,2.18930000e+04,1983,82.625000
21894,2.18940000e+04,1983,82.625000
21895,2.18950000e+04,1960,81.666667
21896,2.18960000e+04,1960,81.666667
21897,2.18970000e+04,1960,81.666667
21898,2.18980000e+04,1960,81.666667
21899,2.18990000e+04,1960,81.666667
21900,2.19000000e+04,1936,80.666667
21901,2.19010000e+04,1936,80.666667
21902,2.19020000e+04,1936,80.666667
21903,2.19030000e+04,1936,80.666667
21904,2.19040000e+04,1936,80.666667
21905,2.19050000e+04,1915,79.791667
21906,2.19060000e+04,1915,79.791667
21907,2.19070000e+04,1915,79.791667
21908,2.19080000e+04,1915,79.791667
21909,2.19090000e+04,1915,79.791667
21910,2.19100000e+04,1893,78.875000
21911,2.19110000e+04,1893,78.875000
21912,2.19120000e+04,1893,78.875000
21913,2.19130000e+04,1893,78.875000
21914,2.19140000e+04,1893,78.875000
21915,2.19150000e+04,1873,78.041667
21916,2.19160000e+04,1873,78.041667
21917,2.19170000e+04,1873,78.041667
21918,2.19180000e+04,1873,78.041667
21919,2.19190000e+04,1873,78.041667
21920,2.19200000e+04,1854,77.250000
21921,2.19210000e+04,1854,77.250000
21922,2.19220000e+04,1854,77.250000
21923,2.19230000e+04,1854,77.250000
21924,2.19240000e+04,1854,77.250000
21925,2.19250000e+04,1831,76.291667
21926,2.19260000e+04,1831,76.291667
21927,2.19270000e+04,1831,76.291667
21928,2.19280000e+04,1831,76.291667
21929,2.19290000e+04,1831,76.291667
21930,2.19300000e+04,1811,75.458333
21931,2.19310000e+04,1811,75.458333
21932,2.19320000e+04,1811,75.458333
21933,2.19330000e+04,1811,75.458333
21934,2.19340000e+04,1811,75.458333
21935,2.19350000e+04,1790,74.583333
21936,2.19360000e+04,1790,74.583333
21937,2.19370000e+04,1790,74.583333
21938,2.19380000e+04,1790,74.583333
21939,2.19390000e+04,1790,74.583333
21940,2.19400000e+04,1767,73.625000
21941,2.19410000e+04,1767,73.625000
21942,2.19420000e+04,1767,73.625000
21943,2.19430000e+04,1767,73.625000
21944,2.19440000e+04,1767,73.625000
21945,2.19450000e+04,1743,72.625000
21946,2.19460000e+04,1743,72.625000
21947,2.19470000e+04,1743,72.625000
21948,2.19480000e+04,1743,72.625000
21949,2.19490000e+04,1743,72.625000
21950,2.19500000e+04,1722,71.750000
21951,2.19510000e+04,1722,71.750000
21952,2.19520000e+04,1722,71.750000
21953,2.19530000e+04,1722,71.750000
21954,2.19540000e+04,1722,71.750000
21955,2.19550000e+04,1692,70.500000
21956,2.19560000e+04,1692,70.500000
21957,2.19570000e+04,1692,70.500000
21958,2.19580000e+04,1692,70.500000
21959,2.19590000e+04,1692,70.500000
21960,2.19600000e+04,1663,69.291667
21961,2.19610000e+04,1663,69.291667
21962,2.19620000e+04,1663,69.291667
21963,2.19630000e+04,1663,69.291667
21964,2.19640000e+04,1663,69.291667
21965,2.19650000e+04,1633,68.041667
21966,2.19660000e+04,1633,68.041667
21967,2.19670000e+04,1633,68.041667
21968,2.19680000e+04,1633,68.041667
21969,2.19690000e+04,1633,68.041667
21970,2.19700000e+04,1597,66.541667
21971,2.19710000e+04,1597,66.541667
21972,2.19720000e+04,1597,66.541667
21973,2.19730000e+04,1597,66.541667
21974,2.19740000e+04,1597,66.541667
21975,2.19750000e+04,1563,65.125000
21976,2.19760000e+04,1563,65.125000
21977,2.19770000e+04,1563,65.125000
21978,2.19780000e+04,1563,65.125000
21979,2.19790000e+04,1563,65.125000
21980,2.19800000e+04,1528,63.666667
21981,2.19810000e+04,1528,63.666667
21982,2.19820000e+04,1528,63.666667
21983,2.19830000e+04,1528,63.666667
21984,2.19840000e+04,1528,63.666667
21985,2.19850000e+04,1492,62.166667
21986,2.19860000e+04,1492,62.166667
21987,2.19870000e+04,1492,62.166667
21988,2.19880000e+04,1492,62.166667
21989,2.19890000e+04,1492,62.166667
21990,2.19900000e+04,1457,60.708333
21991,2.19910000e+04,1457,60.708333
21992,2.19920000e+04,1457,60.708333
21993,2.19930000e+04,1457,60.708333
21994,2.19940000e+04,1457,60.708333
21995,2.19950000e+04,1420,59.166667
21996,2.19960000e+04,1420,59.166667
21997,2.19970000e+04,1420,59.166667
21998,2.19980000e+04,1420,59.166667
21999,2.19990000e+04,1420,59.166667
22000,2.20000000e+04,1384,57.666667
22001,2.20010000e+04,1384,57.666667
22002,2.20020000e+04,1384,57.666667
22003,2.20030000e+04,1384,57.666667
22004,2.20040000e+04,1384,57.666667
22005,2.20050000e+04,1349,56.208333
22006,2.20060000e+04,1349,56.208333
22007,2.20070000e+04,1349,56.208333
22008,2.20080000e+04,1349,56.208333
22009,2.20090000e+04,1349,56.208333
22010,2.20100000e+04,1317,54.875000
22011,2.20110000e+04,1317,54.875000
22012,2.20120000e+04,1317,54.875000
22013,2.20130000e+04,1317,54.875000
22014,2.20140000e+04,1317,54.875000
22015,2.20150000e+04,1283,53.458333
22016,2.20160000e+04,1283,53.458333
22017,2.20170000e+04,1283,53.458333
22018,2.20180000e+04,1283,53.458333
22019,2.20190000e+04,1283,53.458333
22020,2.20200000e+04,1256,52.333333
22021,2.20210000e+04,1256,52.333333
22022,2.20220000e+04,1256,52.333333
22023,2.20230000e+04,1256,52.333333
22024,2.20240000e+04,1256,52.333333
22025,2.20250000e+04,1223,50.958333
22026,2.20260000e+04,1223,50.958333
22027,2.20270000e+04,1223,50.958333
22028,2.20280000e+04,1223,50.958333
22029,2.20290000e+04,1223,50.958333
22030,2.20300000e+04,1197,49.875000
22031,2.20310000e+04,1197,49.875000
22032,2.20320000e+04,1197,49.875000
22033,2.20330000e+04,1197,49.875000
22034,2.20340000e+04,1197,49.875000
22035,2.20350000e+04,1162,48.416667
22036,2.20360000e+04,1162,48.416667
22037,2.20370000e+04,1162,48.416667
22038,2.20380000e+04,1162,48.416667
22039,2.20390000e+04,1162,48.416667
22040,2.20400000e+04,1138,47.416667
22041,2.20410000e+04,1138,47.416667
22042,2.20420000e+04,1138,47.416667
22043,2.20430000e+04,1138,47.416667
22044,2.20440000e+04,1138,47.416667
22045,2.20450000e+04,1111,46.291667
22046,2.20460000e+04,1111,46.291667
22047,2.20470000e+04,1111,46.291667
22048,2.20480000e+04,1111,46.291667
22049,2.20490000e+04,1111,46.291667
22050,2.20500000e+04,1080,45.000000
22051,2.20510000e+04,1080,45.000000
22052,2.20520000e+04,1080,45.000000
22053,2.20530000e+04,1080,45.000000
22054,2.20540000e+04,1080,45.000000
22055,2.20550000e+04,1052,43.833333
22056,2.20560000e+04,1052,43.833333
22057,2.20570000e+04,1052,43.833333
22058,2.20580000e+04,1052,43.833333
22059,2.20590000e+04,1052,43.833333
22060,2.20600000e+04,1025,42.708333
22061,2.20610000e+04,1025,42.708333
22062,2.20620000e+04,1025,42.708333
22063,2.20630000e+04,1025,42.708333
22064,2.20640000e+04,1025,42.708333
22065,2.20650000e+04,993,41.375000
22066,2.20660000e+04,993,41.375000
22067,2.20670000e+04,993,41.375000
22068,2.20680000e+04,993,41.375000
22069,2.20690000e+04,993,41.375000
22070,2.20700000e+04,964,40.166667
22071,2.20710000e+04,964,40.166667
22072,2.20720000e+04,964,40.166667
22073,2.20730000e+04,964,40.166667
22074,2.20740000e+04,964,40.166667
22075,2.20750000e+04,931,38.791667
22076,2.20760000e+04,931,38.791667
22077,2.20770000e+04,931,38.791667
22078,2.20780000e+04,931,38.791667
22079,2.20790000e+04,931,38.791667
22080,2.20800000e+04,899,37.458333
22081,2.20810000e+04,899,37.458333
22082,2.20820000e+04,899,37.458333
22083,2.20830000e+04,899,37.458333
22084,2.20840000e+04,899,37.458333
22085,2.20850000e+04,868,36.166667
22086,2.20860000e+04,868,36.166667
22087,2.20870000e+04,868,36.166667
22088,2.20880000e+04,868,36.166667
22089,2.20890000e+04,868,36.166667
22090,2.20900000e+04,831,34.625000
22091,2.20910000e+04,831,34.625000
22092,2.20920000e+04,831,34.625000
22093,2.20930000e+04,831,34.625000
22094,2.20940000e+04,831,34.625000
22095,2.20950000e+04,796,33.166667
22096,2.20960000e+04,796,33.166667
22097,2.20970000e+04,796,33.166667
22098,2.20980000e+04,796,33.166667
22099,2.20990000e+04,796,33.166667
22100,2.21000000e+04,759,31.625000
22101,2.21010000e+04,759,31.625000
22102,2.21020000e+04,759,31.625000
22103,2.21030000e+04,759,31.625000
22104,2.21040000e+04,759,31.625000
22105,2.21050000e+04,725,30.208333
22106,2.21060000e+04,725,30.208333
22107,2.21070000e+04,725,30.208333
22108,2.21080000e+04,725,30.208333
22109,2.21090000e+04,725,30.208333
22110,2.21100000e+04,689,28.708333
22111,2.21110000e+04,689,28.708333
22112,2.21120000e+04,689,28.708333
22113,2.21130000e+04,689,28.708333
22114,2.21140000e+04,689,28.708333
22115,2.21150000e+04,655,27.291667
22116,2.21160000e+04,655,27.291667
22117,2.21170000e+04,655,27.291667
22118,2.21180000e+04,655,27.291667
22119,2.21190000e+04,655,27.291667
22120,2.21200000e+04,620,25.833333
22121,2.21210000e+04,620,25.833333
22122,2.21220000e+04,620,25.833333
22123,2.21230000e+04,620,25.833333
22124,2.21240000e+04,620,25.833333
22125,2.21250000e+04,589,24.541667
22126,2.21260000e+04,589,24.541667
22127,2.21270000e+04,589,24.541667
22128,2.21280000e+04,589,24.541667
22129,2.21290000e+04,589,24.541667
22130,2.21300000e+04,555,23.125000
22131,2.21310000e+04,555,23.125000
22132,2.21320000e+04,555,23.125000
22133,2.21330000e+04,555,23.125000
22134,2.21340000e+04,555,23.125000
22135,2.21350000e+04,524,21.833333
22136,2.21360000e+04,524,21.833333
22137,2.21370000e+04,524,21.833333
22138,2.21380000e+04,524,21.833333
22139,2.21390000e+04,524,21.833333
22140,2.21400000e+04,494,20.583333
22141,2.21410000e+04,494,20.583333
22142,2.21420000e+04,494,20.583333
22143,2.21430000e+04,494,20.583333
22144,2.21440000e+04,494,20.583333
22145,2.21450000e+04,457,19.041667
22146,2.21460000e+04,457,19.041667
22147,2.21470000e+04,457,19.041667
22148,2.21480000e+04,457,19.041667
22149,2.21490000e+04,457,19.041667
22150,2.21500000e+04,428,17.833333
22151,2.21510000e+04,428,17.833333
22152,2.21520000e+04,428,17.833333
22153,2.21530000e+04,428,17.833333
22154,2.21540000e+04,428,17.833333
22155,2.21550000e+04,397,16.541667
22156,2.21560000e+04,397,16.541667
22157,2.21570000e+04,397,16.541667
22158,2.21580000e+04,397,16.541667
22159,2.21590000e+04,397,16.541667
22160,2.21600000e+04,363,15.125000
22161,2.21610000e+04,363,15.125000
22162,2.21620000e+04,363,15.125000
22163,2.21630000e+04,363,15.125000
22164,2.21640000e+04,363,15.125000
22165,2.21650000e+04,330,13.750000
22166,2.21660000e+04,330,13.750000
22167,2.21670000e+04,330,13.750000
22168,2.21680000e+04,330,13.750000
22169,2.21690000e+04,330,13.750000
22170,2.21700000e+04,298,12.416667
22171,2.21710000e+04,298,12.416667
22172,2.21720000e+04,298,12.416667
22173,2.21730000e+04,298,12.416667
22174,2.21740000e+04,298,12.416667
22175,2.21750000e+04,260,10.833333
22176,2.21760000e+04,260,10.833333
22177,2.21770000e+04,260,10.833333
22178,2.21780000e+04,260,10.833333
22179,2.21790000e+04,260,10.833333
22180,2.21800000e+04,223,9.291667
22181,2.21810000e+04,223,9.291667
22182,2.21820000e+04,223,9.291667
22183,2.21830000e+04,223,9.291667
22184,2.21840000e+04,223,9.291667
22185,2.21850000e+04,189,7.875000
22186,2.21860000e+04,189,7.875000
22187,2.21870000e+04,189,7.875000
22188,2.21880000e+04,189,7.875000
22189,2.21890000e+04,189,7.875000
22190,2.21900000e+04,149,6.208333
22191,2.21910000e+04,149,6.208333
22192,2.21920000e+04,149,6.208333
22193,2.21930000e+04,149,6.208333
22194,2.21940000e+04,149,6.208333
22195,2.21950000e+04,109,4.541667
22196,2.21960000e+04,109,4.541667
22197,2.21970000e+04,109,4.541667
22198,2.21980000e+04,109,4.541667
22199,2.21990000e+04,109,4.541667
22200,2.22000000e+04,69,2.875000
22201,2.22010000e+04,69,2.875000
22202,2.22020000e+04,69,2.875000
22203,2.22030000e+04,69,2.875000
22204,2.22040000e+04,69,2.875000
22205,2.22050000e+04,32,1.333333
22206,2.22060000e+04,32,1.333333
22207,2.22070000e+04,32,1.333333
22208,2.22080000e+04,32,1.333333
22209,2.22090000e+04,32,1.333333
22210,2.22100000e+04,-8,-0.333333
22211,2.22110000e+04,-8,-0.333333
22212,2.22120000e+04,-8,-0.333333
22213,2.22130000e+04,-8,-0.333333
22214,2.22140000e+04,-8,-0.333333
22215,2.22150000e+04,-48,-2.000000
22216,2.22160000e+04,-48,-2.000000
22217,2.22170000e+04,-48,-2.000000
22218,2.22180000e+04,-48,-2.000000
22219,2.22190000e+04,-48,-2.000000
22220,2.22200000e+04,-85,-3.541667
22221,2.22210000e+04,-85,-3.541667
22222,2.22220000e+04,-85,-3.541667
22223,2.22230000e+04,-85,-3.541667
22224,2.22240000e+04,-85,-3.541667
22225,2.22250000e+04,-126,-5.250000
22226,2.22260000e+04,-126,-5.250000
22227,2.22270000e+04,-126,-5.250000
22228,2.22280000e+04,-126,-5.250000
22229,2.22290000e+04,-126,-5.250000
22230,2.22300000e+04,-162,-6.750000
22231,2.22310000e+04,-162,-6.750000
22232,2.22320000e+04,-162,-6.750000
22233,2.22330000e+04,-162,-6.750000
22234,2.22340000e+04,-162,-6.750000
22235,2.22350000e+04,-205,-8.541667
22236,2.22360000e+04,-205,-8.541667
22237,2.22370000e+04,-205,-8.541667
22238,2.22380000e+04,-205,-8.541667
22239,2.22390000e+04,-205,-8.541667
22240,2.22400000e+04,-239,-9.958333
22241,2.22410000e+04,-239,-9.958333
22242,2.22420000e+04,-239,-9.958333
22243,2.22430000e+04,-239,-9.958333
22244,2.22440000e+04,-239,-9.958333
22245,2.22450000e+04,-272,-11.333333
22246,2.22460000e+04,-272,-11.333333
22247,2.22470000e+04,-272,-11.333333
22248,2.22480000e+04,-272,-11.333333
22249,2.22490000e+04,-272,-11.333333
22250,2.22500000e+04,-306,-12.750000
22251,2.22510000e+04,-306,-12.750000
22252,2.22520000e+04,-306,-12.750000
22253,2.22530000e+04,-306,-12.750000
22254,2.22540000e+04,-306,-12.750000
22255,2.22550000e+04,-343,-14.291667
22256,2.22560000e+04,-343,-14.291667
22257,2.22570000e+04,-343,-14.291667
22258,2.22580000e+04,-343,-14.291667
22259,2.22590000e+04,-343,-14.291667
22260,2.22600000e+04,-369,-15.375000
22261,2.22610000e+04,-369,-15.375000
22262,2.22620000e+04,-369,-15.375000
22263,2.22630000e+04,-369,-15.375000
22264,2.22640000e+04,-369,-15.375000
22265,2.22650000e+04,-400,-16.666667
22266,2.22660000e+04,-400,-16.666667
22267,2.22670000e+04,-400,-16.666667
22268,2.22680000e+04,-400,-16.666667
22269,2.22690000e+04,-400,-16.666667
22270,2.22700000e+04,-433,-18.041667
22271,2.22710000e+04,-433,-18.041667
22272,2.22720000e+04,-433,-18.041667
22273,2.22730000e+04,-433,-18.041667
22274,2.22740000e+04,-433,-18.041667
22275,2.22750000e+04,-464,-19.333333
22276,2.22760000e+04,-464,-19.333333
22277,2.22770000e+04,-464,-19.333333
22278,2.22780000e+04,-464,-19.333333
22279,2.22790000e+04,-464,-19.333333
22280,2.22800000e+04,-496,-20.666667
22281,2.22810000e+04,-496,-20.666667
22282,2.22820000e+04,-496,-20.666667
22283,2.22830000e+04,-496,-20.666667
22284,2.22840000e+04,-496,-20.666667
22285,2.22850000e+04,-527,-21.958333
22286,2.22860000e+04,-527,-21.958333
22287,2.22870000e+04,-527,-21.958333
22288,2.22880000e+04,-527,-21.958333
22289,2.22890000e+04,-527,-21.958333
22290,2.22900000e+04,-559,-23.291667
22291,2.22910000e+04,-559,-23.291667
22292,2.22920000e+04,-559,-23.291667
22293,2.22930000e+04,-559,-23.291667
22294,2.22940000e+04,-559,-23.291667
22295,2.22950000e+04,-591,-24.625000
22296,2.22960000e+04,-591,-24.625000
22297,2.22970000e+04,-591,-24.625000
22298,2.22980000e+04,-591,-24.625000
22299,2.22990000e+04,-591,-24.625000
22300,2.23000000e+04,-626,-26.083333
22301,2.23010000e+04,-626,-26.083333
22302,2.23020000e+04,-626,-26.083333
22303,2.23030000e+04,-626,-26.083333
22304,2.23040000e+04,-626,-26.083333
22305,2.23050000e+04,-660,-27.500000
22306,2.23060000e+04,-660,-27.500000
22307,2.23070000e+04,-660,-27.500000
22308,2.23080000e+04,-660,-27.500000
22309,2.23090000e+04,-660,-27.500000
22310,2.23100000e+04,-695,-28.958333
22311,2.23110000e+04,-695,-28.958333
22312,2.23120000e+04,-695,-28.958333
22313,2.23130000e+04,-695,-28.958333
22314,2.23140000e+04,-695,-28.958333
22315,2.23150000e+04,-733,-30.541667
22316,2.23160000e+04,-733,-30.541667
22317,2.23170000e+04,-733,-30.541667
22318,2.23180000e+04,-733,-30.541667
22319,2.23190000e+04,-733,-30.541667
22320,2.23200000e+04,-766,-31.916667
22321,2.23210000e+04,-766,-31.916667
22322,2.23220000e+04,-766,-31.916667
22323,2.23230000e+04,-766,-31.916667
22324,2.23240000e+04,-766,-31.916667
22325,2.23250000e+04,-804,-33.500000
22326,2.23260000e+04,-804,-33.500000
22327,2.23270000e+04,-804,-33.500000
22328,2.23280000e+04,-804,-33.500000
22329,2.23290000e+04,-804,-33.500000
22330,2.23300000e+04,-839,-34.958333
22331,2.23310000e+04,-839,-34.958333
22332,2.23320000e+04,-839,-34.958333
22333,2.23330000e+04,-839,-34.958333
22334,2.23340000e+04,-839,-34.958333
22335,2.23350000e+04,-871,-36.291667
22336,2.23360000e+04,-871,-36.291667
22337,2.23370000e+04,-871,-36.291667
22338,2.23380000e+04,-871,-36.291667
22339,2.23390000e+04,-871,-36.291667
22340,2.23400000e+04,-907,-37.791667
22341,2.23410000e+04,-907,-37.791667
22342,2.23420000e+04,-907,-37.791667
22343,2.23430000e+04,-907,-37.791667
22344,2.23440000e+04,-907,-37.791667
22345,2.23450000e+04,-943,-39.291667
22346,2.23460000e+04,-943,-39.291667
22347,2.23470000e+04,-943,-39.291667
22348,2.23480000e+04,-943,-39.291667
22349,2.23490000e+04,-943,-39.291667
22350,2.23500000e+04,-977,-40.708333
22351,2.23510000e+04,-977,-40.708333
22352,2.23520000e+04,-977,-40.708333
22353,2.23530000e+04,-977,-40.708333
22354,2.23540000e+04,-977,-40.708333
22355,2.23550000e+04,-1005,-41.875000
22356,2.23560000e+04,-1005,-41.875000
22357,2.23570000e+04,-1005,-41.875000
22358,2.23580000e+04,-1005,-41.875000
22359,2.23590000e+04,-1005,-41.875000
22360,2.23600000e+04,-1036,-43.166667
22361,2.23610000e+04,-1036,-43.166667
22362,2.23620000e+04,-1036,-43.166667
22363,2.23630000e+04,-1036,-43.166667
22364,2.23640000e+04,-1036,-43.166667
22365,2.23650000e+04,-1068,-44.500000
22366,2.23660000e+04,-1068,-44.500000
22367,2.23670000e+04,-1068,-44.500000
22368,2.23680000e+04,-1068,-44.500000
22369,2.23690000e+04,-1068,-44.500000
22370,2.23700000e+04,-1094,-45.583333
22371,2.23710000e+04,-1094,-45.583333
22372,2.23720000e+04,-1094,-45.583333
22373,2.23730000e+04,-1094,-45.583333
22374,2.23740000e+04,-1094,-45.583333
22375,2.23750000e+04,-1124,-46.833333
22376,2.23760000e+04,-1124,-46.833333
22377,2.23770000e+04,-1124,-46.833333
22378,2.23780000e+04,-1124,-46.833333
22379,2.23790000e+04,-1124,-46.833333
22380,2.23800000e+04,-1153,-48.041667
22381,2.23810000e+04,-1153,-48.041667
22382,2.23820000e+04,-1153,-48.041667
22383,2.23830000e+04,-1153,-48.041667
22384,2.23840000e+04,-1153,-48.041667
22385,2.23850000e+04,-1185,-49.375000
22386,2.23860000e+04,-1185,-49.375000
22387,2.23870000e+04,-1185,-49.375000
22388,2.23880000e+04,-1185,-49.375000
22389,2.23890000e+04,-1185,-49.375000
22390,2.23900000e+04,-1215,-50.625000
22391,2.23910000e+04,-1215,-50.625000
22392,2.23920000e+04,-1215,-50.625000
22393,2.23930000e+04,-1215,-50.625000
22394,2.23940000e+04,-1215,-50.625000
22395,2.23950000e+04,-1249,-52.041667
22396,2.23960000e+04,-1249,-52.041667
22397,2.23970000e+04,-1249,-52.041667
22398,2.23980000e+04,-1249,-52.041667
22399,2.23990000e+04,-1249,-52.041667
22400,2.24000000e+04,-1282,-53.416667
22401,2.24010000e+04,-1282,-53.416667
22402,2.24020000e+04,-1282,-53.416667
22403,2.24030000e+04,-1282,-53.416667
22404,2.24040000e+04,-1282,-53.416667
22405,2.24050000e+04,-1316,-54.833333
22406,2.24060000e+04,-1316,-54.833333
22407,2.24070000e+04,-1316,-54.833333
22408,2.24080000e+04,-1316,-54.833333
22409,2.24090000e+04,-1316,-54.833333
22410,2.24100000e+04,-1346,-56.083333
22411,2.24110000e+04,-1346,-56.083333
22412,2.24120000e+04,-1346,-56.083333
22413,2.24130000e+04,-1346,-56.083333
22414,2.24140000e+04,-1346,-56.083333
22415,2.24150000e+04,-1381,-57.541667
22416,2.24160000e+04,-1381,-57.541667
22417,2.24170000e+04,-1381,-57.541667
22418,2.24180000e+04,-1381,-57.541667
22419,2.24190000e+04,-1381,-57.541667
22420,2.24200000e+04,-1418,-59.083333
22421,2.24210000e+04,-1418,-59.083333
22422,2.24220000e+04,-1418,-59.083333
22423,2.24230000e+04,-1418,-59.083333
22424,2.24240000e+04,-1418,-59.083333
22425,2.24250000e+04,-1458,-60.750000
22426,2.24260000e+04,-1458,-60.750000
22427,2.24270000e+04,-1458,-60.750000
22428,2.24280000e+04,-1458,-60.750000
22429,2.24290000e+04,-1458,-60.750000
22430,2.24300000e+04,-1493,-62.208333
22431,2.24310000e+04,-1493,-62.208333
22432,2.24320000e+04,-1493,-62.208333
22433,2.24330000e+04,-1493,-62.208333
22434,2.24340000e+04,-1493,-62.208333
22435,2.24350000e+04,-1528,-63.666667
22436,2.24360000e+04,-1528,-63.666667
22437,2.24370000e+04,-1528,-63.666667
22438,2.24380000e+04,-1528,-63.666667
22439,2.24390000e+04,-1528,-63.666667
22440,2.24400000e+04,-1567,-65.291667
22441,2.24410000e+04,-1567,-65.291667
22442,2.24420000e+04,-1567,-65.291667
22443,2.24430000e+04,-1567,-65.291667
22444,2.24440000e+04,-1567,-65.291667
22445,2.24450000e+04,-1600,-66.666667
22446,2.24460000e+04,-1600,-66.666667
22447,2.24470000e+04,-1600,-66.666667
22448,2.24480000e+04,-1600,-66.666667
22449,2.24490000e+04,-1600,-66.666667
22450,2.24500000e+04,-1632,-68.000000
22451,2.24510000e+04,-1632,-68.000000
22452,2.24520000e+04,-1632,-68.000000
22453,2.24530000e+04,-1632,-68.000000
22454,2.24540000e+04,-1632,-68.000000
22455,2.24550000e+04,-1663,-69.291667
22456,2.24560000e+04,-1663,-69.291667
22457,2.24570000e+04,-1663,-69.291667
22458,2.24580000e+04,-1663,-69.291667
22459,2.24590000e+04,-1663,-69.291667
22460,2.24600000e+04,-1697,-70.708333
22461,2.24610000e+04,-1697,-70.708333
22462,2.24620000e+04,-1697,-70.708333
22463,2.24630000e+04,-1697,-70.708333
22464,2.24640000e+04,-1697,-70.708333
22465,2.24650000e+04,-1724,-71.833333
22466,2.24660000e+04,-1724,-71.833333
22467,2.24670000e+04,-1724,-71.833333
22468,2.24680000e+04,-1724,-71.833333
22469,2.24690000e+04,-1724,-71.833333
22470,2.24700000e+04,-1747,-72.791667
22471,2.24710000e+04,-1747,-72.791667
22472,2.24720000e+04,-1747,-72.791667
22473,2.24730000e+04,-1747,-72.791667
22474,2.24740000e+04,-1747,-72.791667
22475,2.24750000e+04,-1772,-73.833333
22476,2.24760000e+04,-1772,-73.833333
22477,2.24770000e+04,-1772,-73.833333
22478,2.24780000e+04,-1772,-73.833333
22479,2.24790000e+04,-1772,-73.833333
22480,2.24800000e+04,-1798,-74.916667
22481,2.24810000e+04,-1798,-74.916667
22482,2.24820000e+04,-1798,-74.916667
22483,2.24830000e+04,-1798,-74.916667
22484,2.24840000e+04,-1798,-74.916667
22485,2.24850000e+04,-1818,-75.750000
22486,2.24860000e+04,-1818,-75.750000
22487,2.24870000e+04,-1818,-75.750000
22488,2.24880000e+04,-1818,-75.750000
22489,2.24890000e+04,-1818,-75.750000
22490,2.24900000e+04,-1838,-76.583333
22491,2.24910000e+04,-1838,-76.583333
22492,2.24920000e+04,-1838,-76.583333
22493,2.24930000e+04,-1838,-76.583333
22494,2.24940000e+04,-1838,-76.583333
22495,2.24950000e+04,-1855,-77.291667
22496,2.24960000e+04,-1855,-77.291667
22497,2.24970000e+04,-1855,-77.291667
22498,2.24980000e+04,-1855,-77.291667
22499,2.24990000e+04,-1855,-77.291667
22500,2.25000000e+04,-1878,-78.250000
22501,2.25010000e+04,-1878,-78.250000
22502,2.25020000e+04,-1878,-78.250000
22503,2.25030000e+04,-1878,-78.250000
22504,2.25040000e+04,-1878,-78.250000
22505,2.25050000e+04,-1900,-79.166667
22506,2.25060000e+04,-1900,-79.166667
22507,2.25070000e+04,-1900,-79.166667
22508,2.25080000e+04,-1900,-79.166667
22509,2.25090000e+04,-1900,-79.166667
22510,2.25100000e+04,-1922,-80.083333
22511,2.25110000e+04,-1922,-80.083333
22512,2.25120000e+04,-1922,-80.083333
22513,2.25130000e+04,-1922,-80.083333
22514,2.25140000e+04,-1922,-80.083333
22515,2.25150000e+04,-1941,-80.875000
22516,2.25160000e+04,-1941,-80.875000
22517,2.25170000e+04,-1941,-80.875000
22518,2.25180000e+04,-1941,-80.875000
22519,2.25190000e+04,-1941,-80.875000
22520,2.25200000e+04,-1962,-81.750000
22521,2.25210000e+04,-1962,-81.750000
22522,2.25220000e+04,-1962,-81.750000
22523,2.25230000e+04,-1962,-81.750000
22524,2.25240000e+04,-1962,-81.750000
22525,2.25250000e+04,-1984,-82.666667
22526,2.25260000e+04,-1984,-82.666667
22527,2.25270000e+04,-1984,-82.666667
22528,2.25280000e+04,-1984,-82.666667
22529,2.25290000e+04,-1984,-82.666667
22530,2.25300000e+04,-2004,-83.500000
22531,2.25310000e+04,-2004,-83.500000
22532,2.25320000e+04,-2004,-83.500000
22533,2.25330000e+04,-2004,-83.500000
22534,2.25340000e+04,-2004,-83.500000
22535,2.25350000e+04,-2029,-84.541667
22536,2.25360000e+04,-2029,-84.541667
22537,2.25370000e+04,-2029,-84.541667
22538,2.25380000e+04,-2029,-84.541667
22539,2.25390000e+04,-2029,-84.541667
22540,2.25400000e+04,-2054,-85.583333
22541,2.25410000e+04,-2054,-85.583333
22542,2.25420000e+04,-2054,-85.583333
22543,2.25430000e+04,-2054,-85.583333
22544,2.25440000e+04,-2054,-85.583333
22545,2.25450000e+04,-2076,-86.500000
22546,2.25460000e+04,-2076,-86.500000
22547,2.25470000e+04,-2076,-86.500000
22548,2.25480000e+04,-2076,-86.500000
22549,2.25490000e+04,-2076,-86.500000
22550,2.25500000e+04,-2100,-87.500000
22551,2.25510000e+04,-2100,-87.500000
22552,2.25520000e+04,-2100,-87.500000
22553,2.25530000e+04,-2100,-87.500000
22554,2.25540000e+04,-2100,-87.500000
22555,2.25550000e+04,-2126,-88.583333
22556,2.25560000e+04,-2126,-88.583333
22557,2.25570000e+04,-2126,-88.583333
22558,2.25580000e+04,-2126,-88.583333
22559,2.25590000e+04,-2126,-88.583333
22560,2.25600000e+04,-2148,-89.500000
22561,2.25610000e+04,-2148,-89.500000
22562,2.25620000e+04,-2148,-89.500000
22563,2.25630000e+04,-2148,-89.500000
22564,2.25640000e+04,-2148,-89.500000
22565,2.25650000e+04,-2172,-90.500000
22566,2.25660000e+04,-2172,-90.500000
22567,2.25670000e+04,-2172,-90.500000
22568,2.25680000e+04,-2172,-90.500000
22569,2.25690000e+04,-2172,-90.500000
22570,2.25700000e+04,-2192,-91.333333
22571,2.25710000e+04,-2192,-91.333333
22572,2.25720000e+04,-2192,-91.333333
22573,2.25730000e+04,-2192,-91.333333
22574,2.25740000e+04,-2192,-91.333333
22575,2.25750000e+04,-2210,-92.083333
22576,2.25760000e+04,-2210,-92.083333
22577,2.25770000e+04,-2210,-92.083333
22578,2.25780000e+04,-2210,-92.083333
22579,2.25790000e+04,-2210,-92.083333
22580,2.25800000e+04,-2230,-92.916667
22581,2.25810000e+04,-2230,-92.916667
22582,2.25820000e+04,-2230,-92.916667
22583,2.25830000e+04,-2230,-92.916667
22584,2.25840000e+04,-2230,-92.916667
22585,2.25850000e+04,-2245,-93.541667
22586,2.25860000e+04,-2245,-93.541667
22587,2.25870000e+04,-2245,-93.541667
22588,2.25880000e+04,-2245,-93.541667
22589,2.25890000e+04,-2245,-93.541667
22590,2.25900000e+04,-2261,-94.208333
22591,2.25910000e+04,-2261,-94.208333
22592,2.25920000e+04,-2261,-94.208333
22593,2.25930000e+04,-2261,-94.208333
22594,2.25940000e+04,-2261,-94.208333
22595,2.25950000e+04,-2275,-94.791667
22596,2.25960000e+04,-2275,-94.791667
22597,2.25970000e+04,-2275,-94.791667
22598,2.25980000e+04,-2275,-94.791667
22599,2.25990000e+04,-2275,-94.791667
22600,2.26000000e+04,-2290,-95.416667
22601,2.26010000e+04,-2290,-95.416667
22602,2.26020000e+04,-2290,-95.416667
22603,2.26030000e+04,-2290,-95.416667
22604,2.26040000e+04,-2290,-95.416667
22605,2.26050000e+04,-2301,-95.875000
22606,2.26060000e+04,-2301,-95.875000
22607,2.26070000e+04,-2301,-95.875000
22608,2.26080000e+04,-2301,-95.875000
22609,2.26090000e+04,-2301,-95.875000
22610,2.26100000e+04,-2311,-96.291667
22611,2.26110000e+04,-2311,-96.291667
22612,2.26120000e+04,-2311,-96.291667
22613,2.26130000e+04,-2311,-96.291667
22614,2.26140000e+04,-2311,-96.291667
22615,2.26150000e+04,-2324,-96.833333
22616,2.26160000e+04,-2324,-96.833333
22617,2.26170000e+04,-2324,-96.833333
22618,2.26180000e+04,-2324,-96.833333
22619,2.26190000e+04,-2324,-96.833333
22620,2.26200000e+04,-2337,-97.375000
22621,2.26210000e+04,-2337,-97.375000
22622,2.26220000e+04,-2337,-97.375000
22623,2.26230000e+04,-2337,-97.375000
22624,2.26240000e+04,-2337,-97.375000
22625,2.26250000e+04,-2349,-97.875000
22626,2.26260000e+04,-2349,-97.875000
22627,2.26270000e+04,-2349,-97.875000
22628,2.26280000e+04,-2349,-97.875000
22629,2.26290000e+04,-2349,-97.875000
22630,2.26300000e+04,-2370,-98.750000
22631,2.26310000e+04,-2370,-98.750000
22632,2.26320000e+04,-2370,-98.750000
22633,2.26330000e+04,-2370,-98.750000
22634,2.26340000e+04,-2370,-98.750000
22635,2.26350000e+04,-2383,-99.291667
22636,2.26360000e+04,-2383,-99.291667
22637,2.26370000e+04,-2383,-99.291667
22638,2.26380000e+04,-2383,-99.291667
22639,2.26390000e+04,-2383,-99.291667
22640,2.26400000e+04,-2401,-100.041667
22641,2.26410000e+04,-2401,-100.041667
22642,2.26420000e+04,-2401,-100.041667
22643,2.26430000e+04,-2401,-100.041667
22644,2.26440000e+04,-2401,-100.041667
22645,2.26450000e+04,-2420,-100.833333
22646,2.26460000e+04,-2420,-100.833333
22647,2.26470000e+04,-2420,-100.833333
22648,2.26480000e+04,-2420,-100.833333
22649,2.26490000e+04,-2420,-100.833333
22650,2.26500000e+04,-2444,-101.833333
22651,2.26510000e+04,-2444,-101.833333
22652,2.26520000e+04,-2444,-101.833333
22653,2.26530000e+04,-2444,-101.833333
22654,2.26540000e+04,-2444,-101.833333
22655,2.26550000e+04,-2466,-102.750000
22656,2.26560000e+04,-2466,-102.750000
22657,2.26570000e+04,-2466,-102.750000
22658,2.26580000e+04,-2466,-102.750000
22659,2.26590000e+04,-2466,-102.750000
22660,2.26600000e+04,-2490,-103.750000
22661,2.26610000e+04,-2490,-103.750000
22662,2.26620000e+04,-2490,-103.750000
22663,2.26630000e+04,-2490,-103.750000
22664,2.26640000e+04,-2490,-103.750000
22665,2.26650000e+04,-2521,-105.041667
22666,2.26660000e+04,-2521,-105.041667
22667,2.26670000e+04,-2521,-105.041667
22668,2.26680000e+04,-2521,-105.041667
22669,2.26690000e+04,-2521,-105.041667
22670,2.26700000e+04,-2542,-105.916667
22671,2.26710000e+04,-2542,-105.916667
22672,2.26720000e+04,-2542,-105.916667
22673,2.26730000e+04,-2542,-105.916667
22674,2.26740000e+04,-2542,-105.916667
22675,2.26750000e+04,-2571,-107.125000
22676,2.26760000e+04,-2571,-107.125000
22677,2.26770000e+04,-2571,-107.125000
22678,2.26780000e+04,-2571,-107.125000
22679,2.26790000e+04,-2571,-107.125000
22680,2.26800000e+04,-2593,-108.041667
22681,2.26810000e+04,-2593,-108.041667
22682,2.26820000e+04,-2593,-108.041667
22683,2.26830000e+04,-2593,-108.041667
22684,2.26840000e+04,-2593,-108.041667
22685,2.26850000e+04,-2616,-109.000000
22686,2.26860000e+04,-2616,-109.000000
22687,2.26870000e+04,-2616,-109.000000
22688,2.26880000e+04,-2616,-109.000000
22689,2.26890000e+04,-2616,-109.000000
22690,2.26900000e+04,-2636,-109.833333
22691,2.26910000e+04,-2636,-109.833333
22692,2.26920000e+04,-2636,-109.833333
22693,2.26930000e+04,-2636,-109.833333
22694,2.26940000e+04,-2636,-109.833333
22695,2.26950000e+04,-2651,-110.458333
22696,2.26960000e+04,-2651,-110.458333
22697,2.26970000e+04,-2651,-110.458333
22698,2.26980000e+04,-2651,-110.458333
22699,2.26990000e+04,-2651,-110.458333
22700,2.27000000e+04,-2665,-111.041667
22701,2.27010000e+04,-2665,-111.041667
22702,2.27020000e+04,-2665,-111.041667
22703,2.27030000e+04,-2665,-111.041667
22704,2.27040000e+04,-2665,-111.041667
22705,2.27050000e+04,-2676,-111.500000
22706,2.27060000e+04,-2676,-111.500000
22707,2.27070000e+04,-2676,-111.500000
22708,2.27080000e+04,-2676,-111.500000
22709,2.27090000e+04,-2676,-111.500000
22710,2.27100000e+04,-2686,-111.916667
22711,2.27110000e+04,-2686,-111.916667
22712,2.27120000e+04,-2686,-111.916667
22713,2.27130000e+04,-2686,-111.916667
22714,2.27140000e+04,-2686,-111.916667
22715,2.27150000e+04,-2695,-112.291667
22716,2.27160000e+04,-2695,-112.291667
22717,2.27170000e+04,-2695,-112.291667
22718,2.27180000e+04,-2695,-112.291667
22719,2.27190000e+04,-2695,-112.291667
22720,2.27200000e+04,-2710,-112.916667
22721,2.27210000e+04,-2710,-112.916667
22722,2.27220000e+04,-2710,-112.916667
22723,2.27230000e+04,-2710,-112.916667
22724,2.27240000e+04,-2710,-112.916667
22725,2.27250000e+04,-2718,-113.250000
22726,2.27260000e+04,-2718,-113.250000
22727,2.27270000e+04,-2718,-113.250000
22728,2.27280000e+04,-2718,-113.250000
22729,2.27290000e+04,-2718,-113.250000
22730,2.27300000e+04,-2727,-113.625000
22731,2.27310000e+04,-2727,-113.625000
22732,2.27320000e+04,-2727,-113.625000
22733,2.27330000e+04,-2727,-113.625000
22734,2.27340000e+04,-2727,-113.625000
22735,2.27350000e+04,-2739,-114.125000
22736,2.27360000e+04,-2739,-114.125000
22737,2.27370000e+04,-2739,-114.125000
22738,2.27380000e+04,-2739,-114.125000
22739,2.27390000e+04,-2739,-114.125000
22740,2.27400000e+04,-2750,-114.583333
22741,2.27410000e+04,-2750,-114.583333
22742,2.27420000e+04,-2750,-114.583333
22743,2.27430000e+04,-2750,-114.583333
22744,2.27440000e+04,-2750,-114.583333
22745,2.27450000e+04,-2765,-115.208333
22746,2.27460000e+04,-2765,-115.208333
22747,2.27470000e+04,-2765,-115.208333
22748,2.27480000e+04,-2765,-115.208333
22749,2.27490000e+04,-2765,-115.208333
22750,2.27500000e+04,-2780,-115.833333
22751,2.27510000e+04,-2780,-115.833333
22752,2.27520000e+04,-2780,-115.833333
22753,2.27530000e+04,-2780,-115.833333
22754,2.27540000e+04,-2780,-115.833333
22755,2.27550000e+04,-2795,-116.458333
22756,2.27560000e+04,-2795,-116.458333
22757,2.27570000e+04,-2795,-116.458333
22758,2.27580000e+04,-2795,-116.458333
22759,2.27590000e+04,-2795,-116.458333
22760,2.27600000e+04,-2813,-117.208333
22761,2.27610000e+04,-2813,-117.208333
22762,2.27620000e+04,-2813,-117.208333
22763,2.27630000e+04,-2813,-117.208333
22764,2.27640000e+04,-2813,-117.208333
22765,2.27650000e+04,-2829,-117.875000
22766,2.27660000e+04,-2829,-117.875000
22767,2.27670000e+04,-2829,-117.875000
22768,2.27680000e+04,-2829,-117.875000
22769,2.27690000e+04,-2829,-117.875000
22770,2.27700000e+04,-2852,-118.833333
22771,2.27710000e+04,-2852,-118.833333
22772,2.27720000e+04,-2852,-118.833333
22773,2.27730000e+04,-2852,-118.833333
22774,2.27740000e+04,-2852,-118.833333
22775,2.27750000e+04,-2871,-119.625000
22776,2.27760000e+04,-2871,-119.625000
22777,2.27770000e+04,-2871,-119.625000
22778,2.27780000e+04,-2871,-119.625000
22779,2.27790000e+04,-2871,-119.625000
22780,2.27800000e+04,-2891,-120.458333
22781,2.27810000e+04,-2891,-120.458333
22782,2.27820000e+04,-2891,-120.458333
22783,2.27830000e+04,-2891,-120.458333
22784,2.27840000e+04,-2891,-120.458333
22785,2.27850000e+04,-2915,-121.458333
22786,2.27860000e+04,-2915,-121.458333
22787,2.27870000e+04,-2915,-121.458333
22788,2.27880000e+04,-2915,-121.458333
22789,2.27890000e+04,-2915,-121.458333
22790,2.27900000e+04,-2935,-122.291667
22791,2.27910000e+04,-2935,-122.291667
22792,2.27920000e+04,-2935,-122.291667
22793,2.27930000e+04,-2935,-122.291667
22794,2.27940000e+04,-2935,-122.291667
22795,2.27950000e+04,-2956,-123.166667
22796,2.27960000e+04,-2956,-123.166667
22797,2.27970000e+04,-2956,-123.166667
22798,2.27980000e+04,-2956,-123.166667
22799,2.27990000e+04,-2956,-123.166667
22800,2.28000000e+04,-2970,-123.750000
22801,2.28010000e+04,-2970,-123.750000
22802,2.28020000e+04,-2970,-123.750000
22803,2.28030000e+04,-2970,-123.750000
22804,2.28040000e+04,-2970,-123.750000
22805,2.28050000e+04,-2991,-124.625000
22806,2.28060000e+04,-2991,-124.625000
22807,2.28070000e+04,-2991,-124.625000
22808,2.28080000e+04,-2991,-124.625000
22809,2.28090000e+04,-2991,-124.625000
22810,2.28100000e+04,-3000,-125.000000
22811,2.28110000e+04,-3000,-125.000000
22812,2.28120000e+04,-3000,-125.000000
22813,2.28130000e+04,-3000,-125.000000
22814,2.28140000e+04,-3000,-125.000000
22815,2.28150000e+04,-3015,-125.625000
22816,2.28160000e+04,-3015,-125.625000
22817,2.28170000e+04,-3015,-125.625000
22818,2.28180000e+04,-3015,-125.625000
22819,2.28190000e+04,-3015,-125.625000
22820,2.28200000e+04,-3026,-126.083333
22821,2.28210000e+04,-3026,-126.083333
22822,2.28220000e+04,-3026,-126.083333
22823,2.28230000e+04,-3026,-126.083333
22824,2.28240000e+04,-3026,-126.083333
22825,2.28250000e+04,-3034,-126.416667
22826,2.28260000e+04,-3034,-126.416667
22827,2.28270000e+04,-3034,-126.416667
22828,2.28280000e+04,-3034,-126.416667
22829,2.28290000e+04,-3034,-126.416667
22830,2.28300000e+04,-3042,-126.750000
22831,2.28310000e+04,-3042,-126.750000
22832,2.28320000e+04,-3042,-126.750000
22833,2.28330000e+04,-3042,-126.750000
22834,2.28340000e+04,-3042,-126.750000
22835,2.28350000e+04,-3050,-127.083333
22836,2.28360000e+04,-3050,-127.083333
22837,2.28370000e+04,-3050,-127.083333
22838,2.28380000e+04,-3050,-127.083333
22839,2.28390000e+04,-3050,-127.083333
22840,2.28400000e+04,-3056,-127.333333
22841,2.28410000e+04,-3056,-127.333333
22842,2.28420000e+04,-3056,-127.333333
22843,2.28430000e+04,-3056,-127.333333
22844,2.28440000e+04,-3056,-127.333333
22845,2.28450000e+04,-3063,-127.625000
22846,2.28460000e+04,-3063,-127.625000
22847,2.28470000e+04,-3063,-127.625000
22848,2.28480000e+04,-3063,-127.625000
22849,2.28490000e+04,-3063,-127.625000
22850,2.28500000e+04,-3071,-127.958333
22851,2.28510000e+04,-3071,-127.958333
22852,2.28520000e+04,-3071,-127.958333
22853,2.28530000e+04,-3071,-127.958333
22854,2.28540000e+04,-3071,-127.958333
22855,2.28550000e+04,-3077,-128.208333
22856,2.28560000e+04,-3077,-128.208333
22857,2.28570000e+04,-3077,-128.208333
22858,2.28580000e+04,-3077,-128.208333
22859,2.28590000e+04,-3077,-128.208333
22860,2.28600000e+04,-3084,-128.500000
22861,2.28610000e+04,-3084,-128.500000
22862,2.28620000e+04,-3084,-128.500000
22863,2.28630000e+04,-3084,-128.500000
22864,2.28640000e+04,-3084,-128.500000
22865,2.28650000e+04,-3089,-128.708333
22866,2.28660000e+04,-3089,-128.708333
22867,2.28670000e+04,-3089,-128.708333
22868,2.28680000e+04,-3089,-128.708333
22869,2.28690000e+04,-3089,-128.708333
22870,2.28700000e+04,-3101,-129.208333
22871,2.28710000e+04,-3101,-129.208333
22872,2.28720000e+04,-3101,-129.208333
22873,2.28730000e+04,-3101,-129.208333
22874,2.28740000e+04,-3101,-129.208333
22875,2.28750000e+04,-3111,-129.625000
22876,2.28760000e+04,-3111,-129.625000
22877,2.28770000e+04,-3111,-129.625000
22878,2.28780000e+04,-3111,-129.625000
22879,2.28790000e+04,-3111,-129.625000
22880,2.28800000e+04,-3119,-129.958333
22881,2.28810000e+04,-3119,-129.958333
22882,2.28820000e+04,-3119,-129.958333
22883,2.28830000e+04,-3119,-129.958333
22884,2.28840000e+04,-3119,-129.958333
22885,2.28850000e+04,-3130,-130.416667
22886,2.28860000e+04,-3130,-130.416667
22887,2.28870000e+04,-3130,-130.416667
22888,2.28880000e+04,-3130,-130.416667
22889,2.28890000e+04,-3130,-130.416667
22890,2.28900000e+04,-3144,-131.000000
22891,2.28910000e+04,-3144,-131.000000
22892,2.28920000e+04,-3144,-131.000000
22893,2.28930000e+04,-3144,-131.000000
22894,2.28940000e+04,-3144,-131.000000
22895,2.28950000e+04,-3153,-131.375000
22896,2.28960000e+04,-3153,-131.375000
22897,2.28970000e+04,-3153,-131.375000
22898,2.28980000e+04,-3153,-131.375000
22899,2.28990000e+04,-3153,-131.375000
22900,2.29000000e+04,-3169,-132.041667
22901,2.29010000e+04,-3169,-132.041667
22902,2.29020000e+04,-3169,-132.041667
22903,2.29030000e+04,-3169,-132.041667
22904,2.29040000e+04,-3169,-132.041667
22905,2.29050000e+04,-3175,-132.291667
22906,2.29060000e+04,-3175,-132.291667
22907,2.29070000e+04,-3175,-132.291667
22908,2.29080000e+04,-3175,-132.291667
22909,2.29090000e+04,-3175,-132.291667
22910,2.29100000e+04,-3193,-133.041667
22911,2.29110000e+04,-3193,-133.041667
22912,2.29120000e+04,-3193,-133.041667
22913,2.29130000e+04,-3193,-133.041667
22914,2.29140000e+04,-3193,-133.041667
22915,2.29150000e+04,-3202,-133.416667
22916,2.29160000e+04,-3202,-133.416667
22917,2.29170000e+04,-3202,-133.416667
22918,2.29180000e+04,-3202,-133.416667
22919,2.29190000e+04,-3202,-133.416667
22920,2.29200000e+04,-3209,-133.708333
22921,2.29210000e+04,-3209,-133.708333
22922,2.29220000e+04,-3209,-133.708333
22923,2.29230000e+04,-3209,-133.708333
22924,2.29240000e+04,-3209,-133.708333
22925,2.29250000e+04,-3209,-133.708333
22926,2.29260000e+04,-3209,-133.708333
22927,2.29270000e+04,-3209,-133.708333
22928,2.29280000e+04,-3209,-133.708333
22929,2.29290000e+04,-3209,-133.708333
22930,2.29300000e+04,-3208,-133.666667
22931,2.29310000e+04,-3208,-133.666667
22932,2.29320000e+04,-3208,-133.666667
22933,2.29330000e+04,-3208,-133.666667
22934,2.29340000e+04,-3208,-133.666667
22935,2.29350000e+04,-3203,-133.458333
22936,2.29360000e+04,-3203,-133.458333
22937,2.29370000e+04,-3203,-133.458333
22938,2.29380000e+04,-3203,-133.458333
22939,2.29390000e+04,-3203,-133.458333
22940,2.29400000e+04,-3196,-133.166667
22941,2.29410000e+04,-3196,-133.166667
22942,2.29420000e+04,-3196,-133.166667
22943,2.29430000e+04,-3196,-133.166667
22944,2.29440000e+04,-3196,-133.166667
22945,2.29450000e+04,-3188,-132.833333
22946,2.29460000e+04,-3188,-132.833333
22947,2.29470000e+04,-3188,-132.833333
22948,2.29480000e+04,-3188,-132.833333
22949,2.29490000e+04,-3188,-132.833333
22950,2.29500000e+04,-3176,-132.333333
22951,2.29510000e+04,-3176,-132.333333
22952,2.29520000e+04,-3176,-132.333333
22953,2.29530000e+04,-3176,-132.333333
22954,2.29540000e+04,-3176,-132.333333
22955,2.29550000e+04,-3164,-131.833333
22956,2.29560000e+04,-3164,-131.833333
22957,2.29570000e+04,-3164,-131.833333
22958,2.29580000e+04,-3164,-131.833333
22959,2.29590000e+04,-3164,-131.833333
22960,2.29600000e+04,-3148,-131.166667
22961,2.29610000e+04,-3148,-131.166667
22962,2.29620000e+04,-3148,-131.166667
22963,2.29630000e+04,-3148,-131.166667
22964,2.29640000e+04,-3148,-131.166667
22965,2.29650000e+04,-3132,-130.500000
22966,2.29660000e+04,-3132,-130.500000
22967,2.29670000e+04,-3132,-130.500000
22968,2.29680000e+04,-3132,-130.500000
22969,2.29690000e+04,-3132,-130.500000
22970,2.29700000e+04,-3125,-130.208333
22971,2.29710000e+04,-3125,-130.208333
22972,2.29720000e+04,-3125,-130.208333
22973,2.29730000e+04,-3125,-130.208333
22974,2.29740000e+04,-3125,-130.208333
22975,2.29750000e+04,-3113,-129.708333
22976,2.29760000e+04,-3113,-129.708333
22977,2.29770000e+04,-3113,-129.708333
22978,2.29780000e+04,-3113,-129.708333
22979,2.29790000e+04,-3113,-129.708333
22980,2.29800000e+04,-3101,-129.208333
22981,2.29810000e+04,-3101,-129.208333
22982,2.29820000e+04,-3101,-129.208333
22983,2.29830000e+04,-3101,-129.208333
22984,2.29840000e+04,-3101,-129.208333
22985,2.29850000e+04,-3093,-128.875000
22986,2.29860000e+04,-3093,-128.875000
22987,2.29870000e+04,-3093,-128.875000
22988,2.29880000e+04,-3093,-128.875000
22989,2.29890000e+04,-3093,-128.875000
22990,2.29900000e+04,-3083,-128.458333
22991,2.29910000e+04,-3083,-128.458333
22992,2.29920000e+04,-3083,-128.458333
22993,2.29930000e+04,-3083,-128.458333
22994,2.29940000e+04,-3083,-128.458333
22995,2.29950000e+04,-3073,-128.041667
22996,2.29960000e+04,-3073,-128.041667
22997,2.29970000e+04,-3073,-128.041667
22998,2.29980000e+04,-3073,-128.041667
22999,2.29990000e+04,-3073,-128.041667
23000,2.30000000e+04,-3068,-127.833333
23001,2.30010000e+04,-3068,-127.833333
23002,2.30020000e+04,-3068,-127.833333
23003,2.30030000e+04,-3068,-127.833333
23004,2.30040000e+04,-3068,-127.833333
23005,2.30050000e+04,-3059,-127.458333
23006,2.30060000e+04,-3059,-127.458333
23007,2.30070000e+04,-3059,-127.458333
23008,2.30080000e+04,-3059,-127.458333
23009,2.30090000e+04,-3059,-127.458333
23010,2.30100000e+04,-3051,-127.125000
23011,2.30110000e+04,-3051,-127.125000
23012,2.30120000e+04,-3051,-127.125000
23013,2.30130000e+04,-3051,-127.125000
23014,2.30140000e+04,-3051,-127.125000
23015,2.30150000e+04,-3045,-126.875000
23016,2.30160000e+04,-3045,-126.875000
23017,2.30170000e+04,-3045,-126.875000
23018,2.30180000e+04,-3045,-126.875000
23019,2.30190000e+04,-3045,-126.875000
23020,2.30200000e+04,-3038,-126.583333
23021,2.30210000e+04,-3038,-126.583333
23022,2.30220000e+04,-3038,-126.583333
23023,2.30230000e+04,-3038,-126.583333
23024,2.30240000e+04,-3038,-126.583333
23025,2.30250000e+04,-3032,-126.333333
23026,2.30260000e+04,-3032,-126.333333
23027,2.30270000e+04,-3032,-126.333333
23028,2.30280000e+04,-3032,-126.333333
23029,2.30290000e+04,-3032,-126.333333
23030,2.30300000e+04,-3023,-125.958333
23031,2.30310000e+04,-3023,-125.958333
23032,2.30320000e+04,-3023,-125.958333
23033,2.30330000e+04,-3023,-125.958333
23034,2.30340000e+04,-3023,-125.958333
23035,2.30350000e+04,-3014,-125.583333
23036,2.30360000e+04,-3014,-125.583333
23037,2.30370000e+04,-3014,-125.583333
23038,2.30380000e+04,-3014,-125.583333
23039,2.30390000e+04,-3014,-125.583333
23040,2.30400000e+04,-3003,-125.125000
23041,2.30410000e+04,-3003,-125.125000
23042,2.30420000e+04,-3003,-125.125000
23043,2.30430000e+04,-3003,-125.125000
23044,2.30440000e+04,-3003,-125.125000
23045,2.30450000e+04,-2993,-124.708333
23046,2.30460000e+04,-2993,-124.708333
23047,2.30470000e+04,-2993,-124.708333
23048,2.30480000e+04,-2993,-124.708333
23049,2.30490000e+04,-2993,-124.708333
23050,2.30500000e+04,-2982,-124.250000
23051,2.30510000e+04,-2982,-124.250000
23052,2.30520000e+04,-2982,-124.250000
23053,2.30530000e+04,-2982,-124.250000
23054,2.30540000e+04,-2982,-124.250000
23055,2.30550000e+04,-2965,-123.541667
23056,2.30560000e+04,-2965,-123.541667
23057,2.30570000e+04,-2965,-123.541667
23058,2.30580000e+04,-2965,-123.541667
23059,2.30590000e+04,-2965,-123.541667
23060,2.30600000e+04,-2947,-122.791667
23061,2.30610000e+04,-2947,-122.791667
23062,2.30620000e+04,-2947,-122.791667
23063,2.30630000e+04,-2947,-122.791667
23064,2.30640000e+04,-2947,-122.791667
23065,2.30650000e+04,-2931,-122.125000
23066,2.30660000e+04,-2931,-122.125000
23067,2.30670000e+04,-2931,-122.125000
23068,2.30680000e+04,-2931,-122.125000
23069,2.30690000e+04,-2931,-122.125000
23070,2.30700000e+04,-2909,-121.208333
23071,2.30710000e+04,-2909,-121.208333
23072,2.30720000e+04,-2909,-121.208333
23073,2.30730000e+04,-2909,-121.208333
23074,2.30740000e+04,-2909,-121.208333
23075,2.30750000e+04,-2889,-120.375000
23076,2.30760000e+04,-2889,-120.375000
23077,2.30770000e+04,-2889,-120.375000
23078,2.30780000e+04,-2889,-120.375000
23079,2.30790000e+04,-2889,-120.375000
23080,2.30800000e+04,-2866,-119.416667
23081,2.30810000e+04,-2866,-119.416667
23082,2.30820000e+04,-2866,-119.416667
23083,2.30830000e+04,-2866,-119.416667
23084,2.30840000e+04,-2866,-119.416667
23085,2.30850000e+04,-2844,-118.500000
23086,2.30860000e+04,-2844,-118.500000
23087,2.30870000e+04,-2844,-118.500000
23088,2.30880000e+04,-2844,-118.500000
23089,2.30890000e+04,-2844,-118.500000
23090,2.30900000e+04,-2825,-117.708333
23091,2.30910000e+04,-2825,-117.708333
23092,2.30920000e+04,-2825,-117.708333
23093,2.30930000e+04,-2825,-117.708333
23094,2.30940000e+04,-2825,-117.708333
23095,2.30950000e+04,-2807,-116.958333
23096,2.30960000e+04,-2807,-116.958333
23097,2.30970000e+04,-2807,-116.958333
23098,2.30980000e+04,-2807,-116.958333
23099,2.30990000e+04,-2807,-116.958333
23100,2.31000000e+04,-2786,-116.083333
23101,2.31010000e+04,-2786,-116.083333
23102,2.31020000e+04,-2786,-116.083333
23103,2.31030000e+04,-2786,-116.083333
23104,2.31040000e+04,-2786,-116.083333
23105,2.31050000e+04,-2768,-115.333333
23106,2.31060000e+04,-2768,-115.333333
23107,2.31070000e+04,-2768,-115.333333
23108,2.31080000e+04,-2768,-115.333333
23109,2.31090000e+04,-2768,-115.333333
23110,2.31100000e+04,-2752,-114.666667
23111,2.31110000e+04,-2752,-114.666667
23112,2.31120000e+04,-2752,-114.666667
23113,2.31130000e+04,-2752,-114.666667
23114,2.31140000e+04,-2752,-114.666667
23115,2.31150000e+04,-2741,-114.208333
23116,2.31160000e+04,-2741,-114.208333
23117,2.31170000e+04,-2741,-114.208333
23118,2.31180000e+04,-2741,-114.208333
23119,2.31190000e+04,-2741,-114.208333
23120,2.31200000e+04,-2721,-113.375000
23121,2.31210000e+04,-2721,-113.375000
23122,2.31220000e+04,-2721,-113.375000
23123,2.31230000e+04,-2721,-113.375000
23124,2.31240000e+04,-2721,-113.375000
23125,2.31250000e+04,-2709,-112.875000
23126,2.31260000e+04,-2709,-112.875000
23127,2.31270000e+04,-2709,-112.875000
23128,2.31280000e+04,-2709,-112.875000
23129,2.31290000e+04,-2709,-112.875000
23130,2.31300000e+04,-2698,-112.416667
23131,2.31310000e+04,-2698,-112.416667
23132,2.31320000e+04,-2698,-112.416667
23133,2.31330000e+04,-2698,-112.416667
23134,2.31340000e+04,-2698,-112.416667
23135,2.31350000e+04,-2687,-111.958333
23136,2.31360000e+04,-2687,-111.958333
23137,2.31370000e+04,-2687,-111.958333
23138,2.31380000e+04,-2687,-111.958333
23139,2.31390000e+04,-2687,-111.958333
23140,2.31400000e+04,-2676,-111.500000
23141,2.31410000e+04,-2676,-111.500000
23142,2.31420000e+04,-2676,-111.500000
23143,2.31430000e+04,-2676,-111.500000
23144,2.31440000e+04,-2676,-111.500000
23145,2.31450000e+04,-2665,-111.041667
23146,2.31460000e+04,-2665,-111.041667
23147,2.31470000e+04,-2665,-111.041667
23148,2.31480000e+04,-2665,-111.041667
23149,2.31490000e+04,-2665,-111.041667
23150,2.31500000e+04,-2652,-110.500000
23151,2.31510000e+04,-2652,-110.500000
23152,2.31520000e+04,-2652,-110.500000
23153,2.31530000e+04,-2652,-110.500000
23154,2.31540000e+04,-2652,-110.500000
23155,2.31550000e+04,-2639,-109.958333
23156,2.31560000e+04,-2639,-109.958333
23157,2.31570000e+04,-2639,-109.958333
23158,2.31580000e+04,-2639,-109.958333
23159,2.31590000e+04,-2639,-109.958333
23160,2.31600000e+04,-2621,-109.208333
23161,2.31610000e+04,-2621,-109.208333
23162,2.31620000e+04,-2621,-109.208333
23163,2.31630000e+04,-2621,-109.208333
23164,2.31640000e+04,-2621,-109.208333
23165,2.31650000e+04,-2602,-108.416667
23166,2.31660000e+04,-2602,-108.416667
23167,2.31670000e+04,-2602,-108.416667
23168,2.31680000e+04,-2602,-108.416667
23169,2.31690000e+04,-2602,-108.416667
23170,2.31700000e+04,-2584,-107.666667
23171,2.31710000e+04,-2584,-107.666667
23172,2.31720000e+04,-2584,-107.666667
23173,2.31730000e+04,-2584,-107.666667
23174,2.31740000e+04,-2584,-107.666667
23175,2.31750000e+04,-2564,-106.833333
23176,2.31760000e+04,-2564,-106.833333
23177,2.31770000e+04,-2564,-106.833333
23178,2.31780000e+04,-2564,-106.833333
23179,2.31790000e+04,-2564,-106.833333
23180,2.31800000e+04,-2535,-105.625000
23181,2.31810000e+04,-2535,-105.625000
23182,2.31820000e+04,-2535,-105.625000
23183,2.31830000e+04,-2535,-105.625000
23184,2.31840000e+04,-2535,-105.625000
23185,2.31850000e+04,-2508,-104.500000
23186,2.31860000e+04,-2508,-104.500000
23187,2.31870000e+04,-2508,-104.500000
23188,2.31880000e+04,-2508,-104.500000
23189,2.31890000e+04,-2508,-104.500000
23190,2.31900000e+04,-2483,-103.458333
23191,2.31910000e+04,-2483,-103.458333
23192,2.31920000e+04,-2483,-103.458333
23193,2.31930000e+04,-2483,-103.458333
23194,2.31940000e+04,-2483,-103.458333
23195,2.31950000e+04,-2453,-102.208333
23196,2.31960000e+04,-2453,-102.208333
23197,2.31970000e+04,-2453,-102.208333
23198,2.31980000e+04,-2453,-102.208333
23199,2.31990000e+04,-2453,-102.208333
23200,2.32000000e+04,-2431,-101.291667
23201,2.32010000e+04,-2431,-101.291667
23202,2.32020000e+04,-2431,-101.291667
23203,2.32030000e+04,-2431,-101.291667
23204,2.32040000e+04,-2431,-101.291667
23205,2.32050000e+04,-2406,-100.250000
23206,2.32060000e+04,-2406,-100.250000
23207,2.32070000e+04,-2406,-100.250000
23208,2.32080000e+04,-2406,-100.250000
23209,2.32090000e+04,-2406,-100.250000
23210,2.32100000e+04,-2383,-99.291667
23211,2.32110000e+04,-2383,-99.291667
23212,2.32120000e+04,-2383,-99.291667
23213,2.32130000e+04,-2383,-99.291667
23214,2.32140000e+04,-2383,-99.291667
23215,2.32150000e+04,-2366,-98.583333
23216,2.32160000e+04,-2366,-98.583333
23217,2.32170000e+04,-2366,-98.583333
23218,2.32180000e+04,-2366,-98.583333
23219,2.32190000e+04,-2366,-98.583333
23220,2.32200000e+04,-2345,-97.708333
23221,2.32210000e+04,-2345,-97.708333
23222,2.32220000e+04,-2345,-97.708333
23223,2.32230000e+04,-2345,-97.708333
23224,2.32240000e+04,-2345,-97.708333
23225,2.32250000e+04,-2331,-97.125000
23226,2.32260000e+04,-2331,-97.125000
23227,2.32270000e+04,-2331,-97.125000
23228,2.32280000e+04,-2331,-97.125000
23229,2.32290000e+04,-2331,-97.125000
23230,2.32300000e+04,-2316,-96.500000
23231,2.32310000e+04,-2316,-96.500000
23232,2.32320000e+04,-2316,-96.500000
23233,2.32330000e+04,-2316,-96.500000
23234,2.32340000e+04,-2316,-96.500000
23235,2.32350000e+04,-2303,-95.958333
23236,2.32360000e+04,-2303,-95.958333
23237,2.32370000e+04,-2303,-95.958333
23238,2.32380000e+04,-2303,-95.958333
23239,2.32390000e+04,-2303,-95.958333
23240,2.32400000e+04,-2289,-95.375000
23241,2.32410000e+04,-2289,-95.375000
23242,2.32420000e+04,-2289,-95.375000
23243,2.32430000e+04,-2289,-95.375000
23244,2.32440000e+04,-2289,-95.375000
23245,2.32450000e+04,-2277,-94.875000
23246,2.32460000e+04,-2277,-94.875000
23247,2.32470000e+04,-2277,-94.875000
23248,2.32480000e+04,-2277,-94.875000
23249,2.32490000e+04,-2277,-94.875000
23250,2.32500000e+04,-2266,-94.416667
23251,2.32510000e+04,-2266,-94.416667
23252,2.32520000e+04,-2266,-94.416667
23253,2.32530000e+04,-2266,-94.416667
23254,2.32540000e+04,-2266,-94.416667
23255,2.32550000e+04,-2257,-94.041667
23256,2.32560000e+04,-2257,-94.041667
23257,2.32570000e+04,-2257,-94.041667
23258,2.32580000e+04,-2257,-94.041667
23259,2.32590000e+04,-2257,-94.041667
23260,2.32600000e+04,-2246,-93.583333
23261,2.32610000e+04,-2246,-93.583333
23262,2.32620000e+04,-2246,-93.583333
23263,2.32630000e+04,-2246,-93.583333
23264,2.32640000e+04,-2246,-93.583333
23265,2.32650000e+04,-2230,-92.916667
23266,2.32660000e+04,-2230,-92.916667
23267,2.32670000e+04,-2230,-92.916667
23268,2.32680000e+04,-2230,-92.916667
23269,2.32690000e+04,-2230,-92.916667
23270,2.32700000e+04,-2217,-92.375000
23271,2.32710000e+04,-2217,-92.375000
23272,2.32720000e+04,-2217,-92.375000
23273,2.32730000e+04,-2217,-92.375000
23274,2.32740000e+04,-2217,-92.375000
23275,2.32750000e+04,-2201,-91.708333
23276,2.32760000e+04,-2201,-91.708333
23277,2.32770000e+04,-2201,-91.708333
23278,2.32780000e+04,-2201,-91.708333
23279,2.32790000e+04,-2201,-91.708333
23280,2.32800000e+04,-2184,-91.000000
23281,2.32810000e+04,-2184,-91.000000
23282,2.32820000e+04,-2184,-91.000000
23283,2.32830000e+04,-2184,-91.000000
23284,2.32840000e+04,-2184,-91.000000
23285,2.32850000e+04,-2163,-90.125000
23286,2.32860000e+04,-2163,-90.125000
23287,2.32870000e+04,-2163,-90.125000
23288,2.32880000e+04,-2163,-90.125000
23289,2.32890000e+04,-2163,-90.125000
23290,2.32900000e+04,-2146,-89.416667
23291,2.32910000e+04,-2146,-89.416667
23292,2.32920000e+04,-2146,-89.416667
23293,2.32930000e+04,-2146,-89.416667
23294,2.32940000e+04,-2146,-89.416667
23295,2.32950000e+04,-2124,-88.500000
23296,2.32960000e+04,-2124,-88.500000
23297,2.32970000e+04,-2124,-88.500000
23298,2.32980000e+04,-2124,-88.500000
23299,2.32990000e+04,-2124,-88.500000
23300,2.33000000e+04,-2101,-87.541667
23301,2.33010000e+04,-2101,-87.541667
23302,2.33020000e+04,-2101,-87.541667
23303,2.33030000e+04,-2101,-87.541667
23304,2.33040000e+04,-2101,-87.541667
23305,2.33050000e+04,-2078,-86.583333
23306,2.33060000e+04,-2078,-86.583333
23307,2.33070000e+04,-2078,-86.583333
23308,2.33080000e+04,-2078,-86.583333
23309,2.33090000e+04,-2078,-86.583333
23310,2.33100000e+04,-2053,-85.541667
23311,2.33110000e+04,-2053,-85.541667
23312,2.33120000e+04,-2053,-85.541667
23313,2.33130000e+04,-2053,-85.541667
23314,2.33140000e+04,-2053,-85.541667
23315,2.33150000e+04,-2033,-84.708333
23316,2.33160000e+04,-2033,-84.708333
23317,2.33170000e+04,-2033,-84.708333
23318,2.33180000e+04,-2033,-84.708333
23319,2.33190000e+04,-2033,-84.708333
23320,2.33200000e+04,-2008,-83.666667
23321,2.33210000e+04,-2008,-83.666667
23322,2.33220000e+04,-2008,-83.666667
23323,2.33230000e+04,-2008,-83.666667
23324,2.33240000e+04,-2008,-83.666667
23325,2.33250000e+04,-1988,-82.833333
23326,2.33260000e+04,-1988,-82.833333
23327,2.33270000e+04,-1988,-82.833333
23328,2.33280000e+04,-1988,-82.833333
23329,2.33290000e+04,-1988,-82.833333
23330,2.33300000e+04,-1966,-81.916667
23331,2.33310000e+04,-1966,-81.916667
23332,2.33320000e+04,-1966,-81.916667
23333,2.33330000e+04,-1966,-81.916667
23334,2.33340000e+04,-1966,-81.916667
23335,2.33350000e+04,-1947,-81.125000
23336,2.33360000e+04,-1947,-81.125000
23337,2.33370000e+04,-1947,-81.125000
23338,2.33380000e+04,-1947,-81.125000
23339,2.33390000e+04,-1947,-81.125000
23340,2.33400000e+04,-1921,-80.041667
23341,2.33410000e+04,-1921,-80.041667
23342,2.33420000e+04,-1921,-80.041667
23343,2.33430000e+04,-1921,-80.041667
23344,2.33440000e+04,-1921,-80.041667
23345,2.33450000e+04,-1900,-79.166667
23346,2.33460000e+04,-1900,-79.166667
23347,2.33470000e+04,-1900,-79.166667
23348,2.33480000e+04,-1900,-79.166667
23349,2.33490000e+04,-1900,-79.166667
23350,2.33500000e+04,-1878,-78.250000
23351,2.33510000e+04,-1878,-78.250000
23352,2.33520000e+04,-1878,-78.250000
23353,2.33530000e+04,-1878,-78.250000
23354,2.33540000e+04,-1878,-78.250000
23355,2.33550000e+04,-1855,-77.291667
23356,2.33560000e+04,-1855,-77.291667
23357,2.33570000e+04,-1855,-77.291667
23358,2.33580000e+04,-1855,-77.291667
23359,2.33590000e+04,-1855,-77.291667
23360,2.33600000e+04,-1838,-76.583333
23361,2.33610000e+04,-1838,-76.583333
23362,2.33620000e+04,-1838,-76.583333
23363,2.33630000e+04,-1838,-76.583333
23364,2.33640000e+04,-1838,-76.583333
23365,2.33650000e+04,-1817,-75.708333
23366,2.33660000e+04,-1817,-75.708333
23367,2.33670000e+04,-1817,-75.708333
23368,2.33680000e+04,-1817,-75.708333
23369,2.33690000e+04,-1817,-75.708333
23370,2.33700000e+04,-1799,-74.958333
23371,2.33710000e+04,-1799,-74.958333
23372,2.33720000e+04,-1799,-74.958333
23373,2.33730000e+04,-1799,-74.958333
23374,2.33740000e+04,-1799,-74.958333
23375,2.33750000e+04,-1773,-73.875000
23376,2.33760000e+04,-1773,-73.875000
23377,2.33770000e+04,-1773,-73.875000
23378,2.33780000e+04,-1773,-73.875000
23379,2.33790000e+04,-1773,-73.875000
23380,2.33800000e+04,-1752,-73.000000
23381,2.33810000e+04,-1752,-73.000000
23382,2.33820000e+04,-1752,-73.000000
23383,2.33830000e+04,-1752,-73.000000
23384,2.33840000e+04,-1752,-73.000000
23385,2.33850000e+04,-1727,-71.958333
23386,2.33860000e+04,-1727,-71.958333
23387,2.33870000e+04,-1727,-71.958333
23388,2.33880000e+04,-1727,-71.958333
23389,2.33890000e+04,-1727,-71.958333
23390,2.33900000e+04,-1702,-70.916667
23391,2.33910000e+04,-1702,-70.916667
23392,2.33920000e+04,-1702,-70.916667
23393,2.33930000e+04,-1702,-70.916667
23394,2.33940000e+04,-1702,-70.916667
23395,2.33950000e+04,-1674,-69.750000
23396,2.33960000e+04,-1674,-69.750000
23397,2.33970000e+04,-1674,-69.750000
23398,2.33980000e+04,-1674,-69.750000
23399,2.33990000e+04,-1674,-69.750000
23400,2.34000000e+04,-1641,-68.375000
23401,2.34010000e+04,-1641,-68.375000
23402,2.34020000e+04,-1641,-68.375000
23403,2.34030000e+04,-1641,-68.375000
23404,2.34040000e+04,-1641,-68.375000
23405,2.34050000e+04,-1612,-67.166667
23406,2.34060000e+04,-1612,-67.166667
23407,2.34070000e+04,-1612,-67.166667
23408,2.34080000e+04,-1612,-67.166667
23409,2.34090000e+04,-1612,-67.166667
23410,2.34100000e+04,-1575,-65.625000
23411,2.34110000e+04,-1575,-65.625000
23412,2.34120000e+04,-1575,-65.625000
23413,2.34130000e+04,-1575,-65.625000
23414,2.34140000e+04,-1575,-65.625000
23415,2.34150000e+04,-1542,-64.250000
23416,2.34160000e+04,-1542,-64.250000
23417,2.34170000e+04,-1542,-64.250000
23418,2.34180000e+04,-1542,-64.250000
23419,2.34190000e+04,-1542,-64.250000
23420,2.34200000e+04,-1504,-62.666667
23421,2.34210000e+04,-1504,-62.666667
23422,2.34220000e+04,-1504,-62.666667
23423,2.34230000e+04,-1504,-62.666667
23424,2.34240000e+04,-1504,-62.666667
23425,2.34250000e+04,-1468,-61.166667
23426,2.34260000e+04,-1468,-61.166667
23427,2.34270000e+04,-1468,-61.166667
23428,2.34280000e+04,-1468,-61.166667
23429,2.34290000e+04,-1468,-61.166667
23430,2.34300000e+04,-1430,-59.583333
23431,2.34310000e+04,-1430,-59.583333
23432,2.34320000e+04,-1430,-59.583333
23433,2.34330000e+04,-1430,-59.583333
23434,2.34340000e+04,-1430,-59.583333
23435,2.34350000e+04,-1394,-58.083333
23436,2.34360000e+04,-1394,-58.083333
23437,2.34370000e+04,-1394,-58.083333
23438,2.34380000e+04,-1394,-58.083333
23439,2.34390000e+04,-1394,-58.083333
23440,2.34400000e+04,-1359,-56.625000
23441,2.34410000e+04,-1359,-56.625000
23442,2.34420000e+04,-1359,-56.625000
23443,2.34430000e+04,-1359,-56.625000
23444,2.34440000e+04,-1359,-56.625000
23445,2.34450000e+04,-1328,-55.333333
23446,2.34460000e+04,-1328,-55.333333
23447,2.34470000e+04,-1328,-55.333333
23448,2.34480000e+04,-1328,-55.333333
23449,2.34490000e+04,-1328,-55.333333
23450,2.34500000e+04,-1297,-54.041667
23451,2.34510000e+04,-1297,-54.041667
23452,2.34520000e+04,-1297,-54.041667
23453,2.34530000e+04,-1297,-54.041667
23454,2.34540000e+04,-1297,-54.041667
23455,2.34550000e+04,-1266,-52.750000
23456,2.34560000e+04,-1266,-52.750000
23457,2.34570000e+04,-1266,-52.750000
23458,2.34580000e+04,-1266,-52.750000
23459,2.34590000e+04,-1266,-52.750000
23460,2.34600000e+04,-1236,-51.500000
23461,2.34610000e+04,-1236,-51.500000
23462,2.34620000e+04,-1236,-51.500000
23463,2.34630000e+04,-1236,-51.500000
23464,2.34640000e+04,-1236,-51.500000
23465,2.34650000e+04,-1204,-50.166667
23466,2.34660000e+04,-1204,-50.166667
23467,2.34670000e+04,-1204,-50.166667
23468,2.34680000e+04,-1204,-50.166667
23469,2.34690000e+04,-1204,-50.166667
23470,2.34700000e+04,-1176,-49.000000
23471,2.34710000e+04,-1176,-49.000000
23472,2.34720000e+04,-1176,-49.000000
23473,2.34730000e+04,-1176,-49.000000
23474,2.34740000e+04,-1176,-49.000000
23475,2.34750000e+04,-1147,-47.791667
23476,2.34760000e+04,-1147,-47.791667
23477,2.34770000e+04,-1147,-47.791667
23478,2.34780000e+04,-1147,-47.791667
23479,2.34790000e+04,-1147,-47.791667
23480,2.34800000e+04,-1118,-46.583333
23481,2.34810000e+04,-1118,-46.583333
23482,2.34820000e+04,-1118,-46.583333
23483,2.34830000e+04,-1118,-46.583333
23484,2.34840000e+04,-1118,-46.583333
23485,2.34850000e+04,-1091,-45.458333
23486,2.34860000e+04,-1091,-45.458333
23487,2.34870000e+04,-1091,-45.458333
23488,2.34880000e+04,-1091,-45.458333
23489,2.34890000e+04,-1091,-45.458333
23490,2.34900000e+04,-1063,-44.291667
23491,2.34910000e+04,-1063,-44.291667
23492,2.34920000e+04,-1063,-44.291667
23493,2.34930000e+04,-1063,-44.291667
23494,2.34940000e+04,-1063,-44.291667
23495,2.34950000e+04,-1034,-43.083333
23496,2.34960000e+04,-1034,-43.083333
23497,2.34970000e+04,-1034,-43.083333
23498,2.34980000e+04,-1034,-43.083333
23499,2.34990000e+04,-1034,-43.083333
23500,2.35000000e+04,-1003,-41.791667
23501,2.35010000e+04,-1003,-41.791667
23502,2.35020000e+04,-1003,-41.791667
23503,2.35030000e+04,-1003,-41.791667
23504,2.35040000e+04,-1003,-41.791667
23505,2.35050000e+04,-973,-40.541667
23506,2.35060000e+04,-973,-40.541667
23507,2.35070000e+04,-973,-40.541667
23508,2.35080000e+04,-973,-40.541667
23509,2.35090000e+04,-973,-40.541667
23510,2.35100000e+04,-942,-39.250000
23511,2.35110000e+04,-942,-39.250000
23512,2.35120000e+04,-942,-39.250000
23513,2.35130000e+04,-942,-39.250000
23514,2.35140000e+04,-942,-39.250000
23515,2.35150000e+04,-907,-37.791667
23516,2.35160000e+04,-907,-37.791667
23517,2.35170000e+04,-907,-37.791667
23518,2.35180000e+04,-907,-37.791667
23519,2.35190000e+04,-907,-37.791667
23520,2.35200000e+04,-876,-36.500000
23521,2.35210000e+04,-876,-36.500000
23522,2.35220000e+04,-876,-36.500000
23523,2.35230000e+04,-876,-36.500000
23524,2.35240000e+04,-876,-36.500000
23525,2.35250000e+04,-841,-35.041667
23526,2.35260000e+04,-841,-35.041667
23527,2.35270000e+04,-841,-35.041667
23528,2.35280000e+04,-841,-35.041667
23529,2.35290000e+04,-841,-35.041667
23530,2.35300000e+04,-808,-33.666667
23531,2.35310000e+04,-808,-33.666667
23532,2.35320000e+04,-808,-33.666667
23533,2.35330000e+04,-808,-33.666667
23534,2.35340000e+04,-808,-33.666667
23535,2.35350000e+04,-773,-32.208333
23536,2.35360000e+04,-773,-32.208333
23537,2.35370000e+04,-773,-32.208333
23538,2.35380000e+04,-773,-32.208333
23539,2.35390000e+04,-773,-32.208333
23540,2.35400000e+04,-741,-30.875000
23541,2.35410000e+04,-741,-30.875000
23542,2.35420000e+04,-741,-30.875000
23543,2.35430000e+04,-741,-30.875000
23544,2.35440000e+04,-741,-30.875000
23545,2.35450000e+04,-703,-29.291667
23546,2.35460000e+04,-703,-29.291667
23547,2.35470000e+04,-703,-29.291667
23548,2.35480000e+04,-703,-29.291667
23549,2.35490000e+04,-703,-29.291667
23550,2.35500000e+04,-666,-27.750000
23551,2.35510000e+04,-666,-27.750000
23552,2.35520000e+04,-666,-27.750000
23553,2.35530000e+04,-666,-27.750000
23554,2.35540000e+04,-666,-27.750000
23555,2.35550000e+04,-633,-26.375000
23556,2.35560000e+04,-633,-26.375000
23557,2.35570000e+04,-633,-26.375000
23558,2.35580000e+04,-633,-26.375000
23559,2.35590000e+04,-633,-26.375000
23560,2.35600000e+04,-601,-25.041667
23561,2.35610000e+04,-601,-25.041667
23562,2.35620000e+04,-601,-25.041667
23563,2.35630000e+04,-601,-25.041667
23564,2.35640000e+04,-601,-25.041667
23565,2.35650000e+04,-565,-23.541667
23566,2.35660000e+04,-565,-23.541667
23567,2.35670000e+04,-565,-23.541667
23568,2.35680000e+04,-565,-23.541667
23569,2.35690000e+04,-565,-23.541667
23570,2.35700000e+04,-532,-22.166667
23571,2.35710000e+04,-532,-22.166667
23572,2.35720000e+04,-532,-22.166667
23573,2.35730000e+04,-532,-22.166667
23574,2.35740000e+04,-532,-22.166667
23575,2.35750000e+04,-503,-20.958333
23576,2.35760000e+04,-503,-20.958333
23577,2.35770000e+04,-503,-20.958333
23578,2.35780000e+04,-503,-20.958333
23579,2.35790000e+04,-503,-20.958333
23580,2.35800000e+04,-473,-19.708333
23581,2.35810000e+04,-473,-19.708333
23582,2.35820000e+04,-473,-19.708333
23583,2.35830000e+04,-473,-19.708333
23584,2.35840000e+04,-473,-19.708333
23585,2.35850000e+04,-440,-18.333333
23586,2.35860000e+04,-440,-18.333333
23587,2.35870000e+04,-440,-18.333333
23588,2.35880000e+04,-440,-18.333333
23589,2.35890000e+04,-440,-18.333333
23590,2.35900000e+04,-406,-16.916667
23591,2.35910000e+04,-406,-16.916667
23592,2.35920000e+04,-406,-16.916667
23593,2.35930000e+04,-406,-16.916667
23594,2.35940000e+04,-406,-16.916667
23595,2.35950000e+04,-374,-15.583333
23596,2.35960000e+04,-374,-15.583333
23597,2.35970000e+04,-374,-15.583333
23598,2.35980000e+04,-374,-15.583333
23599,2.35990000e+04,-374,-15.583333
23600,2.36000000e+04,-343,-14.291667
23601,2.36010000e+04,-343,-14.291667
23602,2.36020000e+04,-343,-14.291667
23603,2.36030000e+04,-343,-14.291667
23604,2.36040000e+04,-343,-14.291667
23605,2.36050000e+04,-307,-12.791667
23606,2.36060000e+04,-307,-12.791667
23607,2.36070000e+04,-307,-12.791667
23608,2.36080000e+04,-307,-12.791667
23609,2.36090000e+04,-307,-12.791667
23610,2.36100000e+04,-273,-11.375000
23611,2.36110000e+04,-273,-11.375000
23612,2.36120000e+04,-273,-11.375000
23613,2.36130000e+04,-273,-11.375000
23614,2.36140000e+04,-273,-11.375000
23615,2.36150000e+04,-236,-9.833333
23616,2.36160000e+04,-236,-9.833333
23617,2.36170000e+04,-236,-9.833333
23618,2.36180000e+04,-236,-9.833333
23619,2.36190000e+04,-236,-9.833333
23620,2.36200000e+04,-203,-8.458333
23621,2.36210000e+04,-203,-8.458333
23622,2.36220000e+04,-203,-8.458333
23623,2.36230000e+04,-203,-8.458333
23624,2.36240000e+04,-203,-8.458333
23625,2.36250000e+04,-164,-6.833333
23626,2.36260000e+04,-164,-6.833333
23627,2.36270000e+04,-164,-6.833333
23628,2.36280000e+04,-164,-6.833333
23629,2.36290000e+04,-164,-6.833333
23630,2.36300000e+04,-123,-5.125000
23631,2.36310000e+04,-123,-5.125000
23632,2.36320000e+04,-123,-5.125000
23633,2.36330000e+04,-123,-5.125000
23634,2.36340000e+04,-123,-5.125000
23635,2.36350000e+04,-88,-3.666667
23636,2.36360000e+04,-88,-3.666667
23637,2.36370000e+04,-88,-3.666667
23638,2.36380000e+04,-88,-3.666667
23639,2.36390000e+04,-88,-3.666667
23640,2.36400000e+04,-45,-1.875000
23641,2.36410000e+04,-45,-1.875000
23642,2.36420000e+04,-45,-1.875000
23643,2.36430000e+04,-45,-1.875000
23644,2.36440000e+04,-45,-1.875000
23645,2.36450000e+04,-7,-0.291667
23646,2.36460000e+04,-7,-0.291667
23647,2.36470000e+04,-7,-0.291667
23648,2.36480000e+04,-7,-0.291667
23649,2.36490000e+04,-7,-0.291667
23650,2.36500000e+04,32,1.333333
23651,2.36510000e+04,32,1.333333
23652,2.36520000e+04,32,1.333333
23653,2.36530000e+04,32,1.333333
23654,2.36540000e+04,32,1.333333
23655,2.36550000e+04,71,2.958333
23656,2.36560000e+04,71,2.958333
23657,2.36570000e+04,71,2.958333
23658,2.36580000e+04,71,2.958333
23659,2.36590000e+04,71,2.958333
23660,2.36600000e+04,114,4.750000
23661,2.36610000e+04,114,4.750000
23662,2.36620000e+04,114,4.750000
23663,2.36630000e+04,114,4.750000
23664,2.36640000e+04,114,4.750000
23665,2.36650000e+04,152,6.333333
23666,2.36660000e+04,152,6.333333
23667,2.36670000e+04,152,6.333333
23668,2.36680000e+04,152,6.333333
23669,2.36690000e+04,152,6.333333
23670,2.36700000e+04,187,7.791667
23671,2.36710000e+04,187,7.791667
23672,2.36720000e+04,187,7.791667
23673,2.36730000e+04,187,7.791667
23674,2.36740000e+04,187,7.791667
23675,2.36750000e+04,225,9.375000
23676,2.36760000e+04,225,9.375000
23677,2.36770000e+04,225,9.375000
23678,2.36780000e+04,225,9.375000
23679,2.36790000e+04,225,9.375000
23680,2.36800000e+04,258,10.750000
23681,2.36810000e+04,258,10.750000
23682,2.36820000e+04,258,10.750000
23683,2.36830000e+04,258,10.750000
23684,2.36840000e+04,258,10.750000
23685,2.36850000e+04,294,12.250000
23686,2.36860000e+04,294,12.250000
23687,2.36870000e+04,294,12.250000
23688,2.36880000e+04,294,12.250000
23689,2.36890000e+04,294,12.250000
23690,2.36900000e+04,327,13.625000
23691,2.36910000e+04,327,13.625000
23692,2.36920000e+04,327,13.625000
23693,2.36930000e+04,327,13.625000
23694,2.36940000e+04,327,13.625000
23695,2.36950000e+04,359,14.958333
23696,2.36960000e+04,359,14.958333
23697,2.36970000e+04,359,14.958333
23698,2.36980000e+04,359,14.958333
23699,2.36990000e+04,359,14.958333
23700,2.37000000e+04,388,16.166667
23701,2.37010000e+04,388,16.166667
23702,2.37020000e+04,388,16.166667
23703,2.37030000e+04,388,16.166667
23704,2.37040000e+04,388,16.166667
23705,2.37050000e+04,422,17.583333
23706,2.37060000e+04,422,17.583333
23707,2.37070000e+04,422,17.583333
23708,2.37080000e+04,422,17.583333
23709,2.37090000e+04,422,17.583333
23710,2.37100000e+04,454,18.916667
23711,2.37110000e+04,454,18.916667
23712,2.37120000e+04,454,18.916667
23713,2.37130000e+04,454,18.916667
23714,2.37140000e+04,454,18.916667
23715,2.37150000e+04,482,20.083333
23716,2.37160000e+04,482,20.083333
23717,2.37170000e+04,482,20.083333
23718,2.37180000e+04,482,20.083333
23719,2.37190000e+04,482,20.083333
23720,2.37200000e+04,517,21.541667
23721,2.37210000e+04,517,21.541667
23722,2.37220000e+04,517,21.541667
23723,2.37230000e+04,517,21.541667
23724,2.37240000e+04,517,21.541667
23725,2.37250000e+04,550,22.916667
23726,2.37260000e+04,550,22.916667
23727,2.37270000e+04,550,22.916667
23728,2.37280000e+04,550,22.916667
23729,2.37290000e+04,550,22.916667
23730,2.37300000e+04,579,24.125000
23731,2.37310000e+04,579,24.125000
23732,2.37320000e+04,579,24.125000
23733,2.37330000e+04,579,24.125000
23734,2.37340000e+04,579,24.125000
23735,2.37350000e+04,613,25.541667
23736,2.37360000e+04,613,25.541667
23737,2.37370000e+04,613,25.541667
23738,2.37380000e+04,613,25.541667
23739,2.37390000e+04,613,25.541667
23740,2.37400000e+04,649,27.041667
23741,2.37410000e+04,649,27.041667
23742,2.37420000e+04,649,27.041667
23743,2.37430000e+04,649,27.041667
23744,2.37440000e+04,649,27.041667
23745,2.37450000e+04,680,28.333333
23746,2.37460000e+04,680,28.333333
23747,2.37470000e+04,680,28.333333
23748,2.37480000e+04,680,28.333333
23749,2.37490000e+04,680,28.333333
23750,2.37500000e+04,718,29.916667
23751,2.37510000e+04,718,29.916667
23752,2.37520000e+04,718,29.916667
23753,2.37530000e+04,718,29.916667
23754,2.37540000e+04,718,29.916667
23755,2.37550000e+04,754,31.416667
23756,2.37560000e+04,754,31.416667
23757,2.37570000e+04,754,31.416667
23758,2.37580000e+04,754,31.416667
23759,2.37590000e+04,754,31.416667
23760,2.37600000e+04,790,32.916667
23761,2.37610000e+04,790,32.916667
23762,2.37620000e+04,790,32.916667
23763,2.37630000e+04,790,32.916667
23764,2.37640000e+04,790,32.916667
23765,2.37650000e+04,829,34.541667
23766,2.37660000e+04,829,34.541667
23767,2.37670000e+04,829,34.541667
23768,2.37680000e+04,829,34.541667
23769,2.37690000e+04,829,34.541667
23770,2.37700000e+04,862,35.916667
23771,2.37710000e+04,862,35.916667
23772,2.37720000e+04,862,35.916667
23773,2.37730000e+04,862,35.916667
23774,2.37740000e+04,862,35.916667
23775,2.37750000e+04,894,37.250000
23776,2.37760000e+04,894,37.250000
23777,2.37770000e+04,894,37.250000
23778,2.37780000e+04,894,37.250000
23779,2.37790000e+04,894,37.250000
23780,2.37800000e+04,930,38.750000
23781,2.37810000e+04,930,38.750000
23782,2.37820000e+04,930,38.750000
23783,2.37830000e+04,930,38.750000
23784,2.37840000e+04,930,38.750000
23785,2.37850000e+04,963,40.125000
23786,2.37860000e+04,963,40.125000
23787,2.37870000e+04,963,40.125000
23788,2.37880000e+04,963,40.125000
23789,2.37890000e+04,963,40.125000
23790,2.37900000e+04,993,41.375000
23791,2.37910000e+04,993,41.375000
23792,2.37920000e+04,993,41.375000
23793,2.37930000e+04,993,41.375000
23794,2.37940000e+04,993,41.375000
23795,2.37950000e+04,1022,42.583333
23796,2.37960000e+04,1022,42.583333
23797,2.37970000e+04,1022,42.583333
23798,2.37980000e+04,1022,42.583333
23799,2.37990000e+04,1022,42.583333
23800,2.38000000e+04,1057,44.041667
23801,2.38010000e+04,1057,44.041667
23802,2.38020000e+04,1057,44.041667
23803,2.38030000e+04,1057,44.041667
23804,2.38040000e+04,1057,44.041667
23805,2.38050000e+04,1086,45.250000
23806,2.38060000e+04,1086,45.250000
23807,2.38070000e+04,1086,45.250000
23808,2.38080000e+04,1086,45.250000
23809,2.38090000e+04,1086,45.250000
23810,2.38100000e+04,1115,46.458333
23811,2.38110000e+04,1115,46.458333
23812,2.38120000e+04,1115,46.458333
23813,2.38130000e+04,1115,46.458333
23814,2.38140000e+04,1115,46.458333
23815,2.38150000e+04,1146,47.750000
23816,2.38160000e+04,1146,47.750000
23817,2.38170000e+04,1146,47.750000
23818,2.38180000e+04,1146,47.750000
23819,2.38190000e+04,1146,47.750000
23820,2.38200000e+04,1173,48.875000
23821,2.38210000e+04,1173,48.875000
23822,2.38220000e+04,1173,48.875000
23823,2.38230000e+04,1173,48.875000
23824,2.38240000e+04,1173,48.875000
23825,2.38250000e+04,1206,50.250000
23826,2.38260000e+04,1206,50.250000
23827,2.38270000e+04,1206,50.250000
23828,2.38280000e+04,1206,50.250000
23829,2.38290000e+04,1206,50.250000
23830,2.38300000e+04,1235,51.458333
23831,2.38310000e+04,1235,51.458333
23832,2.38320000e+04,1235,51.458333
23833,2.38330000e+04,1235,51.458333
23834,2.38340000e+04,1235,51.458333
23835,2.38350000e+04,1268,52.833333
23836,2.38360000e+04,1268,52.833333
23837,2.38370000e+04,1268,52.833333
23838,2.38380000e+04,1268,52.833333
23839,2.38390000e+04,1268,52.833333
23840,2.38400000e+04,1300,54.166667
23841,2.38410000e+04,1300,54.166667
23842,2.38420000e+04,1300,54.166667
23843,2.38430000e+04,1300,54.166667
23844,2.38440000e+04,1300,54.166667
23845,2.38450000e+04,1335,55.625000
23846,2.38460000e+04,1335,55.625000
23847,2.38470000e+04,1335,55.625000
23848,2.38480000e+04,1335,55.625000
23849,2.38490000e+04,1335,55.625000
23850,2.38500000e+04,1367,56.958333
23851,2.38510000e+04,1367,56.958333
23852,2.38520000e+04,1367,56.958333
23853,2.38530000e+04,1367,56.958333
23854,2.38540000e+04,1367,56.958333
23855,2.38550000e+04,1406,58.583333
23856,2.38560000e+04,1406,58.583333
23857,2.38570000e+04,1406,58.583333
23858,2.38580000e+04,1406,58.583333
23859,2.38590000e+04,1406,58.583333
23860,2.38600000e+04,1442,60.083333
23861,2.38610000e+04,1442,60.083333
23862,2.38620000e+04,1442,60.083333
23863,2.38630000e+04,1442,60.083333
23864,2.38640000e+04,1442,60.083333
23865,2.38650000e+04,1482,61.750000
23866,2.38660000e+04,1482,61.750000
23867,2.38670000e+04,1482,61.750000
23868,2.38680000e+04,1482,61.750000
23869,2.38690000e+04,1482,61.750000
23870,2.38700000e+04,1516,63.166667
23871,2.38710000e+04,1516,63.166667
23872,2.38720000e+04,1516,63.166667
23873,2.38730000e+04,1516,63.166667
23874,2.38740000e+04,1516,63.166667
23875,2.38750000e+04,1555,64.791667
23876,2.38760000e+04,1555,64.791667
23877,2.38770000e+04,1555,64.791667
23878,2.38780000e+04,1555,64.791667
23879,2.38790000e+04,1555,64.791667
23880,2.38800000e+04,1586,66.083333
23881,2.38810000e+04,1586,66.083333
23882,2.38820000e+04,1586,66.083333
23883,2.38830000e+04,1586,66.083333
23884,2.38840000e+04,1586,66.083333
23885,2.38850000e+04,1622,67.583333
23886,2.38860000e+04,1622,67.583333
23887,2.38870000e+04,1622,67.583333
23888,2.38880000e+04,1622,67.583333
23889,2.38890000e+04,1622,67.583333
23890,2.38900000e+04,1653,68.875000
23891,2.38910000e+04,1653,68.875000
23892,2.38920000e+04,1653,68.875000
23893,2.38930000e+04,1653,68.875000
23894,2.38940000e+04,1653,68.875000
23895,2.38950000e+04,1683,70.125000
23896,2.38960000e+04,1683,70.125000
23897,2.38970000e+04,1683,70.125000
23898,2.38980000e+04,1683,70.125000
23899,2.38990000e+04,1683,70.125000
23900,2.39000000e+04,1715,71.458333
23901,2.39010000e+04,1715,71.458333
23902,2.39020000e+04,1715,71.458333
23903,2.39030000e+04,1715,71.458333
23904,2.39040000e+04,1715,71.458333
23905,2.39050000e+04,1739,72.458333
23906,2.39060000e+04,1739,72.458333
23907,2.39070000e+04,1739,72.458333
23908,2.39080000e+04,1739,72.458333
23909,2.39090000e+04,1739,72.458333
23910,2.39100000e+04,1762,73.416667
23911,2.39110000e+04,1762,73.416667
23912,2.39120000e+04,1762,73.416667
23913,2.39130000e+04,1762,73.416667
23914,2.39140000e+04,1762,73.416667
23915,2.39150000e+04,1783,74.291667
23916,2.39160000e+04,1783,74.291667
23917,2.39170000e+04,1783,74.291667
23918,2.39180000e+04,1783,74.291667
23919,2.39190000e+04,1783,74.291667
23920,2.39200000e+04,1809,75.375000
23921,2.39210000e+04,1809,75.375000
23922,2.39220000e+04,1809,75.375000
23923,2.39230000e+04,1809,75.375000
23924,2.39240000e+04,1809,75.375000
23925,2.39250000e+04,1832,76.333333
23926,2.39260000e+04,1832,76.333333
23927,2.39270000e+04,1832,76.333333
23928,2.39280000e+04,1832,76.333333
23929,2.39290000e+04,1832,76.333333
23930,2.39300000e+04,1851,77.125000
23931,2.39310000e+04,1851,77.125000
23932,2.39320000e+04,1851,77.125000
23933,2.39330000e+04,1851,77.125000
23934,2.39340000e+04,1851,77.125000
23935,2.39350000e+04,1872,78.000000
23936,2.39360000e+04,1872,78.000000
23937,2.39370000e+04,1872,78.000000
23938,2.39380000e+04,1872,78.000000
23939,2.39390000e+04,1872,78.000000
23940,2.39400000e+04,1890,78.750000
23941,2.39410000e+04,1890,78.750000
23942,2.39420000e+04,1890,78.750000
23943,2.39430000e+04,1890,78.750000
23944,2.39440000e+04,1890,78.750000
23945,2.39450000e+04,1911,79.625000
23946,2.39460000e+04,1911,79.625000
23947,2.39470000e+04,1911,79.625000
23948,2.39480000e+04,1911,79.625000
23949,2.39490000e+04,1911,79.625000
23950,2.39500000e+04,1935,80.625000
23951,2.39510000e+04,1935,80.625000
23952,2.39520000e+04,1935,80.625000
23953,2.39530000e+04,1935,80.625000
23954,2.39540000e+04,1935,80.625000
23955,2.39550000e+04,1954,81.416667
23956,2.39560000e+04,1954,81.416667
23957,2.39570000e+04,1954,81.416667
23958,2.39580000e+04,1954,81.416667
23959,2.39590000e+04,1954,81.416667
23960,2.39600000e+04,1976,82.333333
23961,2.39610000e+04,1976,82.333333
23962,2.39620000e+04,1976,82.333333
23963,2.39630000e+04,1976,82.333333
23964,2.39640000e+04,1976,82.333333
23965,2.39650000e+04,1998,83.250000
23966,2.39660000e+04,1998,83.250000
23967,2.39670000e+04,1998,83.250000
23968,2.39680000e+04,1998,83.250000
23969,2.39690000e+04,1998,83.250000
23970,2.39700000e+04,2018,84.083333
23971,2.39710000e+04,2018,84.083333
23972,2.39720000e+04,2018,84.083333
23973,2.39730000e+04,2018,84.083333
23974,2.39740000e+04,2018,84.083333
23975,2.39750000e+04,2042,85.083333
23976,2.39760000e+04,2042,85.083333
23977,2.39770000e+04,2042,85.083333
23978,2.39780000e+04,2042,85.083333
23979,2.39790000e+04,2042,85.083333
23980,2.39800000e+04,2066,86.083333
23981,2.39810000e+04,2066,86.083333
23982,2.39820000e+04,2066,86.083333
23983,2.39830000e+04,2066,86.083333
23984,2.39840000e+04,2066,86.083333
23985,2.39850000e+04,2092,87.166667
23986,2.39860000e+04,2092,87.166667
23987,2.39870000e+04,2092,87.166667
23988,2.39880000e+04,2092,87.166667
23989,2.39890000e+04,2092,87.166667
23990,2.39900000e+04,2115,88.125000
23991,2.39910000e+04,2115,88.125000
23992,2.39920000e+04,2115,88.125000
23993,2.39930000e+04,2115,88.125000
23994,2.39940000e+04,2115,88.125000
23995,2.39950000e+04,2138,89.083333
23996,2.39960000e+04,2138,89.083333
23997,2.39970000e+04,2138,89.083333
23998,2.39980000e+04,2138,89.083333
23999,2.39990000e+04,2138,89.083333
24000,2.40000000e+04,2162,90.083333
24001,2.40010000e+04,2162,90.083333
24002,2.40020000e+04,2162,90.083333
24003,2.40030000e+04,2162,90.083333
24004,2.40040000e+04,2162,90.083333
24005,2.40050000e+04,2185,91.041667
24006,2.40060000e+04,2185,91.041667
24007,2.40070000e+04,2185,91.041667
24008,2.40080000e+04,2185,91.041667
24009,2.40090000e+04,2185,91.041667
24010,2.40100000e+04,2205,91.875000
24011,2.40110000e+04,2205,91.875000
24012,2.40120000e+04,2205,91.875000
24013,2.40130000e+04,2205,91.875000
24014,2.40140000e+04,2205,91.875000
24015,2.40150000e+04,2224,92.666667
24016,2.40160000e+04,2224,92.666667
24017,2.40170000e+04,2224,92.666667
24018,2.40180000e+04,2224,92.666667
24019,2.40190000e+04,2224,92.666667
24020,2.40200000e+04,2244,93.500000
24021,2.40210000e+04,2244,93.500000
24022,2.40220000e+04,2244,93.500000
24023,2.40230000e+04,2244,93.500000
24024,2.40240000e+04,2244,93.500000
24025,2.40250000e+04,2256,94.000000
24026,2.40260000e+04,2256,94.000000
24027,2.40270000e+04,2256,94.000000
24028,2.40280000e+04,2256,94.000000
24029,2.40290000e+04,2256,94.000000
24030,2.40300000e+04,2273,94.708333
24031,2.40310000e+04,2273,94.708333
24032,2.40320000e+04,2273,94.708333
24033,2.40330000e+04,2273,94.708333
24034,2.40340000e+04,2273,94.708333
24035,2.40350000e+04,2288,95.333333
24036,2.40360000e+04,2288,95.333333
24037,2.40370000e+04,2288,95.333333
24038,2.40380000e+04,2288,95.333333
24039,2.40390000e+04,2288,95.333333
24040,2.40400000e+04,2299,95.791667
24041,2.40410000e+04,2299,95.791667
24042,2.40420000e+04,2299,95.791667
24043,2.40430000e+04,2299,95.791667
24044,2.40440000e+04,2299,95.791667
24045,2.40450000e+04,2307,96.125000
24046,2.40460000e+04,2307,96.125000
24047,2.40470000e+04,2307,96.125000
24048,2.40480000e+04,2307,96.125000
24049,2.40490000e+04,2307,96.125000
24050,2.40500000e+04,2319,96.625000
24051,2.40510000e+04,2319,96.625000
24052,2.40520000e+04,2319,96.625000
24053,2.40530000e+04,2319,96.625000
24054,2.40540000e+04,2319,96.625000
24055,2.40550000e+04,2333,97.208333
24056,2.40560000e+04,2333,97.208333
24057,2.40570000e+04,2333,97.208333
24058,2.40580000e+04,2333,97.208333
24059,2.40590000e+04,2333,97.208333
24060,2.40600000e+04,2346,97.750000
24061,2.40610000e+04,2346,97.750000
24062,2.40620000e+04,2346,97.750000
24063,2.40630000e+04,2346,97.750000
24064,2.40640000e+04,2346,97.750000
24065,2.40650000e+04,2362,98.416667
24066,2.40660000e+04,2362,98.416667
24067,2.40670000e+04,2362,98.416667
24068,2.40680000e+04,2362,98.416667
24069,2.40690000e+04,2362,98.416667
24070,2.40700000e+04,2377,99.041667
24071,2.40710000e+04,2377,99.041667
24072,2.40720000e+04,2377,99.041667
24073,2.40730000e+04,2377,99.041667
24074,2.40740000e+04,2377,99.041667
24075,2.40750000e+04,2395,99.791667
24076,2.40760000e+04,2395,99.791667
24077,2.40770000e+04,2395,99.791667
24078,2.40780000e+04,2395,99.791667
24079,2.40790000e+04,2395,99.791667
24080,2.40800000e+04,2413,100.541667
24081,2.40810000e+04,2413,100.541667
24082,2.40820000e+04,2413,100.541667
24083,2.40830000e+04,2413,100.541667
24084,2.40840000e+04,2413,100.541667
24085,2.40850000e+04,2432,101.333333
24086,2.40860000e+04,2432,101.333333
24087,2.40870000e+04,2432,101.333333
24088,2.40880000e+04,2432,101.333333
24089,2.40890000e+04,2432,101.333333
24090,2.40900000e+04,2457,102.375000
24091,2.40910000e+04,2457,102.375000
24092,2.40920000e+04,2457,102.375000
24093,2.40930000e+04,2457,102.375000
24094,2.40940000e+04,2457,102.375000
24095,2.40950000e+04,2481,103.375000
24096,2.40960000e+04,2481,103.375000
24097,2.40970000e+04,2481,103.375000
24098,2.40980000e+04,2481,103.375000
24099,2.40990000e+04,2481,103.375000
24100,2.41000000e+04,2506,104.416667
24101,2.41010000e+04,2506,104.416667
24102,2.41020000e+04,2506,104.416667
24103,2.41030000e+04,2506,104.416667
24104,2.41040000e+04,2506,104.416667
24105,2.41050000e+04,2535,105.625000
24106,2.41060000e+04,2535,105.625000
24107,2.41070000e+04,2535,105.625000
24108,2.41080000e+04,2535,105.625000
24109,2.41090000e+04,2535,105.625000
24110,2.41100000e+04,2560,106.666667
24111,2.41110000e+04,2560,106.666667
24112,2.41120000e+04,2560,106.666667
24113,2.41130000e+04,2560,106.666667
24114,2.41140000e+04,2560,106.666667
24115,2.41150000e+04,2585,107.708333
24116,2.41160000e+04,2585,107.708333
24117,2.41170000e+04,2585,107.708333
24118,2.41180000e+04,2585,107.708333
24119,2.41190000e+04,2585,107.708333
24120,2.41200000e+04,2605,108.541667
24121,2.41210000e+04,2605,108.541667
24122,2.41220000e+04,2605,108.541667
24123,2.41230000e+04,2605,108.541667
24124,2.41240000e+04,2605,108.541667
24125,2.41250000e+04,2627,109.458333
24126,2.41260000e+04,2627,109.458333
24127,2.41270000e+04,2627,109.458333
24128,2.41280000e+04,2627,109.458333
24129,2.41290000e+04,2627,109.458333
24130,2.41300000e+04,2644,110.166667
24131,2.41310000e+04,2644,110.166667
24132,2.41320000e+04,2644,110.166667
24133,2.41330000e+04,2644,110.166667
24134,2.41340000e+04,2644,110.166667
24135,2.41350000e+04,2660,110.833333
24136,2.41360000e+04,2660,110.833333
24137,2.41370000e+04,2660,110.833333
24138,2.41380000e+04,2660,110.833333
24139,2.41390000e+04,2660,110.833333
24140,2.41400000e+04,2672,111.333333
24141,2.41410000e+04,2672,111.333333
24142,2.41420000e+04,2672,111.333333
24143,2.41430000e+04,2672,111.333333
24144,2.41440000e+04,2672,111.333333
24145,2.41450000e+04,2679,111.625000
24146,2.41460000e+04,2679,111.625000
24147,2.41470000e+04,2679,111.625000
24148,2.41480000e+04,2679,111.625000
24149,2.41490000e+04,2679,111.625000
24150,2.41500000e+04,2696,112.333333
24151,2.41510000e+04,2696,112.333333
24152,2.41520000e+04,2696,112.333333
24153,2.41530000e+04,2696,112.333333
24154,2.41540000e+04,2696,112.333333
24155,2.41550000e+04,2701,112.541667
24156,2.41560000e+04,2701,112.541667
24157,2.41570000e+04,2701,112.541667
24158,2.41580000e+04,2701,112.541667
24159,2.41590000e+04,2701,112.541667
24160,2.41600000e+04,2713,113.041667
24161,2.41610000e+04,2713,113.041667
24162,2.41620000e+04,2713,113.041667
24163,2.41630000e+04,2713,113.041667
24164,2.41640000e+04,2713,113.041667
24165,2.41650000e+04,2727,113.625000
24166,2.41660000e+04,2727,113.625000
24167,2.41670000e+04,2727,113.625000
24168,2.41680000e+04,2727,113.625000
24169,2.41690000e+04,2727,113.625000
24170,2.41700000e+04,2733,113.875000
24171,2.41710000e+04,2733,113.875000
24172,2.41720000e+04,2733,113.875000
24173,2.41730000e+04,2733,113.875000
24174,2.41740000e+04,2733,113.875000
24175,2.41750000e+04,2748,114.500000
24176,2.41760000e+04,2748,114.500000
24177,2.41770000e+04,2748,114.500000
24178,2.41780000e+04,2748,114.500000
24179,2.41790000e+04,2748,114.500000
24180,2.41800000e+04,2763,115.125000
24181,2.41810000e+04,2763,115.125000
24182,2.41820000e+04,2763,115.125000
24183,2.41830000e+04,2763,115.125000
24184,2.41840000e+04,2763,115.125000
24185,2.41850000e+04,2776,115.666667
24186,2.41860000e+04,2776,115.666667
24187,2.41870000e+04,2776,115.666667
24188,2.41880000e+04,2776,115.666667
24189,2.41890000e+04,2776,115.666667
24190,2.41900000e+04,2791,116.291667
24191,2.41910000e+04,2791,116.291667
24192,2.41920000e+04,2791,116.291667
24193,2.41930000e+04,2791,116.291667
24194,2.41940000e+04,2791,116.291667
24195,2.41950000e+04,2805,116.875000
24196,2.41960000e+04,2805,116.875000
24197,2.41970000e+04,2805,116.875000
24198,2.41980000e+04,2805,116.875000
24199,2.41990000e+04,2805,116.875000
24200,2.42000000e+04,2824,117.666667
24201,2.42010000e+04,2824,117.666667
24202,2.42020000e+04,2824,117.666667
24203,2.42030000e+04,2824,117.666667
24204,2.42040000e+04,2824,117.666667
24205,2.42050000e+04,2844,118.500000
24206,2.42060000e+04,2844,118.500000
24207,2.42070000e+04,2844,118.500000
24208,2.42080000e+04,2844,118.500000
24209,2.42090000e+04,2844,118.500000
24210,2.42100000e+04,2860,119.166667
24211,2.42110000e+04,2860,119.166667
24212,2.42120000e+04,2860,119.166667
24213,2.42130000e+04,2860,119.166667
24214,2.42140000e+04,2860,119.166667
24215,2.42150000e+04,2884,120.166667
24216,2.42160000e+04,2884,120.166667
24217,2.42170000e+04,2884,120.166667
24218,2.42180000e+04,2884,120.166667
24219,2.42190000e+04,2884,120.166667
24220,2.42200000e+04,2904,121.000000
24221,2.42210000e+04,2904,121.000000
24222,2.42220000e+04,2904,121.000000
24223,2.42230000e+04,2904,121.000000
24224,2.42240000e+04,2904,121.000000
24225,2.42250000e+04,2927,121.958333
24226,2.42260000e+04,2927,121.958333
24227,2.42270000e+04,2927,121.958333
24228,2.42280000e+04,2927,121.958333
24229,2.42290000e+04,2927,121.958333
24230,2.42300000e+04,2945,122.708333
24231,2.42310000e+04,2945,122.708333
24232,2.42320000e+04,2945,122.708333
24233,2.42330000e+04,2945,122.708333
24234,2.42340000e+04,2945,122.708333
24235,2.42350000e+04,2965,123.541667
24236,2.42360000e+04,2965,123.541667
24237,2.42370000e+04,2965,123.541667
24238,2.42380000e+04,2965,123.541667
24239,2.42390000e+04,2965,123.541667
24240,2.42400000e+04,2983,124.291667
24241,2.42410000e+04,2983,124.291667
24242,2.42420000e+04,2983,124.291667
24243,2.42430000e+04,2983,124.291667
24244,2.42440000e+04,2983,124.291667
24245,2.42450000e+04,2999,124.958333
24246,2.42460000e+04,2999,124.958333
24247,2.42470000e+04,2999,124.958333
24248,2.42480000e+04,2999,124.958333
24249,2.42490000e+04,2999,124.958333
24250,2.42500000e+04,3013,125.541667
24251,2.42510000e+04,3013,125.541667
24252,2.42520000e+04,3013,125.541667
24253,2.42530000e+04,3013,125.541667
24254,2.42540000e+04,3013,125.541667
24255,2.42550000e+04,3023,125.958333
24256,2.42560000e+04,3023,125.958333
24257,2.42570000e+04,3023,125.958333
24258,2.42580000e+04,3023,125.958333
24259,2.42590000e+04,3023,125.958333
24260,2.42600000e+04,3036,126.500000
24261,2.42610000e+04,3036,126.500000
24262,2.42620000e+04,3036,126.500000
24263,2.42630000e+04,3036,126.500000
24264,2.42640000e+04,3036,126.500000
24265,2.42650000e+04,3043,126.791667
24266,2.42660000e+04,3043,126.791667
24267,2.42670000e+04,3043,126.791667
24268,2.42680000e+04,3043,126.791667
24269,2.42690000e+04,3043,126.791667
24270,2.42700000e+04,3047,126.958333
24271,2.42710000e+04,3047,126.958333
24272,2.42720000e+04,3047,126.958333
24273,2.42730000e+04,3047,126.958333
24274,2.42740000e+04,3047,126.958333
24275,2.42750000e+04,3053,127.208333
24276,2.42760000e+04,3053,127.208333
24277,2.42770000e+04,3053,127.208333
24278,2.42780000e+04,3053,127.208333
24279,2.42790000e+04,3053,127.208333
24280,2.42800000e+04,3063,127.625000
24281,2.42810000e+04,3063,127.625000
24282,2.42820000e+04,3063,127.625000
24283,2.42830000e+04,3063,127.625000
24284,2.42840000e+04,3063,127.625000
24285,2.42850000e+04,3065,127.708333
24286,2.42860000e+04,3065,127.708333
24287,2.42870000e+04,3065,127.708333
24288,2.42880000e+04,3065,127.708333
24289,2.42890000e+04,3065,127.708333
24290,2.42900000e+04,3075,128.125000
24291,2.42910000e+04,3075,128.125000
24292,2.42920000e+04,3075,128.125000
24293,2.42930000e+04,3075,128.125000
24294,2.42940000e+04,3075,128.125000
24295,2.42950000e+04,3083,128.458333
24296,2.42960000e+04,3083,128.458333
24297,2.42970000e+04,3083,128.458333
24298,2.42980000e+04,3083,128.458333
24299,2.42990000e+04,3083,128.458333
24300,2.43000000e+04,3092,128.833333
24301,2.43010000e+04,3092,128.833333
24302,2.43020000e+04,3092,128.833333
24303,2.43030000e+04,3092,128.833333
24304,2.43040000e+04,3092,128.833333
24305,2.43050000e+04,3097,129.041667
24306,2.43060000e+04,3097,129.041667
24307,2.43070000e+04,3097,129.041667
24308,2.43080000e+04,3097,129.041667
24309,2.43090000e+04,3097,129.041667
24310,2.43100000e+04,3105,129.375000
24311,2.43110000e+04,3105,129.375000
24312,2.43120000e+04,3105,129.375000
24313,2.43130000e+04,3105,129.375000
24314,2.43140000e+04,3105,129.375000
24315,2.43150000e+04,3117,129.875000
24316,2.43160000e+04,3117,129.875000
24317,2.43170000e+04,3117,129.875000
24318,2.43180000e+04,3117,129.875000
24319,2.43190000e+04,3117,129.875000
24320,2.43200000e+04,3130,130.416667
24321,2.43210000e+04,3130,130.416667
24322,2.43220000e+04,3130,130.416667
24323,2.43230000e+04,3130,130.416667
24324,2.43240000e+04,3130,130.416667
24325,2.43250000e+04,3138,130.750000
24326,2.43260000e+04,3138,130.750000
24327,2.43270000e+04,3138,130.750000
24328,2.43280000e+04,3138,130.750000
24329,2.43290000e+04,3138,130.750000
24330,2.43300000e+04,3149,131.208333
24331,2.43310000e+04,3149,131.208333
24332,2.43320000e+04,3149,131.208333
24333,2.43330000e+04,3149,131.208333
24334,2.43340000e+04,3149,131.208333
24335,2.43350000e+04,3165,131.875000
24336,2.43360000e+04,3165,131.875000
24337,2.43370000e+04,3165,131.875000
24338,2.43380000e+04,3165,131.875000
24339,2.43390000e+04,3165,131.875000
24340,2.43400000e+04,3175,132.291667
24341,2.43410000e+04,3175,132.291667
24342,2.43420000e+04,3175,132.291667
24343,2.43430000e+04,3175,132.291667
24344,2.43440000e+04,3175,132.291667
24345,2.43450000e+04,3188,132.833333
24346,2.43460000e+04,3188,132.833333
24347,2.43470000e+04,3188,132.833333
24348,2.43480000e+04,3188,132.833333
24349,2.43490000e+04,3188,132.833333
24350,2.43500000e+04,3200,133.333333
24351,2.43510000e+04,3200,133.333333
24352,2.43520000e+04,3200,133.333333
24353,2.43530000e+04,3200,133.333333
24354,2.43540000e+04,3200,133.333333
24355,2.43550000e+04,3206,133.583333
24356,2.43560000e+04,3206,133.583333
24357,2.43570000e+04,3206,133.583333
24358,2.43580000e+04,3206,133.583333
24359,2.43590000e+04,3206,133.583333
24360,2.43600000e+04,3211,133.791667
24361,2.43610000e+04,3211,133.791667
24362,2.43620000e+04,3211,133.791667
24363,2.43630000e+04,3211,133.791667
24364,2.43640000e+04,3211,133.791667
24365,2.43650000e+04,3211,133.791667
24366,2.43660000e+04,3211,133.791667
24367,2.43670000e+04,3211,133.791667
24368,2.43680000e+04,3211,133.791667
24369,2.43690000e+04,3211,133.791667
24370,2.43700000e+04,3207,133.625000
24371,2.43710000e+04,3207,133.625000
24372,2.43720000e+04,3207,133.625000
24373,2.43730000e+04,3207,133.625000
24374,2.43740000e+04,3207,133.625000
24375,2.43750000e+04,3205,133.541667
24376,2.43760000e+04,3205,133.541667
24377,2.43770000e+04,3205,133.541667
24378,2.43780000e+04,3205,133.541667
24379,2.43790000e+04,3205,133.541667
24380,2.43800000e+04,3194,133.083333
24381,2.43810000e+04,3194,133.083333
24382,2.43820000e+04,3194,133.083333
24383,2.43830000e+04,3194,133.083333
24384,2.43840000e+04,3194,133.083333
24385,2.43850000e+04,3183,132.625000
24386,2.43860000e+04,3183,132.625000
24387,2.43870000e+04,3183,132.625000
24388,2.43880000e+04,3183,132.625000
24389,2.43890000e+04,3183,132.625000
24390,2.43900000e+04,3169,132.041667
24391,2.43910000e+04,3169,132.041667
24392,2.43920000e+04,3169,132.041667
24393,2.43930000e+04,3169,132.041667
24394,2.43940000e+04,3169,132.041667
24395,2.43950000e+04,3157,131.541667
24396,2.43960000e+04,3157,131.541667
24397,2.43970000e+04,3157,131.541667
24398,2.43980000e+04,3157,131.541667
24399,2.43990000e+04,3157,131.541667
24400,2.44000000e+04,3144,131.000000
24401,2.44010000e+04,3144,131.000000
24402,2.44020000e+04,3144,131.000000
24403,2.44030000e+04,3144,131.000000
24404,2.44040000e+04,3144,131.000000
24405,2.44050000e+04,3132,130.500000
24406,2.44060000e+04,3132,130.500000
24407,2.44070000e+04,3132,130.500000
24408,2.44080000e+04,3132,130.500000
24409,2.44090000e+04,3132,130.500000
24410,2.44100000e+04,3121,130.041667
24411,2.44110000e+04,3121,130.041667
24412,2.44120000e+04,3121,130.041667
24413,2.44130000e+04,3121,130.041667
24414,2.44140000e+04,3121,130.041667
24415,2.44150000e+04,3109,129.541667
24416,2.44160000e+04,3109,129.541667
24417,2.44170000e+04,3109,129.541667
24418,2.44180000e+04,3109,129.541667
24419,2.44190000e+04,3109,129.541667
24420,2.44200000e+04,3099,129.125000
24421,2.44210000e+04,3099,129.125000
24422,2.44220000e+04,3099,129.125000
24423,2.44230000e+04,3099,129.125000
24424,2.44240000e+04,3099,129.125000
24425,2.44250000e+04,3090,128.750000
24426,2.44260000e+04,3090,128.750000
24427,2.44270000e+04,3090,128.750000
24428,2.44280000e+04,3090,128.750000
24429,2.44290000e+04,3090,128.750000
24430,2.44300000e+04,3081,128.375000
24431,2.44310000e+04,3081,128.375000
24432,2.44320000e+04,3081,128.375000
24433,2.44330000e+04,3081,128.375000
24434,2.44340000e+04,3081,128.375000
24435,2.44350000e+04,3072,128.000000
24436,2.44360000e+04,3072,128.000000
24437,2.44370000e+04,3072,128.000000
24438,2.44380000e+04,3072,128.000000
24439,2.44390000e+04,3072,128.000000
24440,2.44400000e+04,3062,127.583333
24441,2.44410000e+04,3062,127.583333
24442,2.44420000e+04,3062,127.583333
24443,2.44430000e+04,3062,127.583333
24444,2.44440000e+04,3062,127.583333
24445,2.44450000e+04,3056,127.333333
24446,2.44460000e+04,3056,127.333333
24447,2.44470000e+04,3056,127.333333
24448,2.44480000e+04,3056,127.333333
24449,2.44490000e+04,3056,127.333333
24450,2.44500000e+04,3048,127.000000
24451,2.44510000e+04,3048,127.000000
24452,2.44520000e+04,3048,127.000000
24453,2.44530000e+04,3048,127.000000
24454,2.44540000e+04,3048,127.000000
24455,2.44550000e+04,3042,126.750000
24456,2.44560000e+04,3042,126.750000
24457,2.44570000e+04,3042,126.750000
24458,2.44580000e+04,3042,126.750000
24459,2.44590000e+04,3042,126.750000
24460,2.44600000e+04,3037,126.541667
24461,2.44610000e+04,3037,126.541667
24462,2.44620000e+04,3037,126.541667
24463,2.44630000e+04,3037,126.541667
24464,2.44640000e+04,3037,126.541667
24465,2.44650000e+04,3030,126.250000
24466,2.44660000e+04,3030,126.250000
24467,2.44670000e+04,3030,126.250000
24468,2.44680000e+04,3030,126.250000
24469,2.44690000e+04,3030,126.250000
24470,2.44700000e+04,3024,126.000000
24471,2.44710000e+04,3024,126.000000
24472,2.44720000e+04,3024,126.000000
24473,2.44730000e+04,3024,126.000000
24474,2.44740000e+04,3024,126.000000
24475,2.44750000e+04,3015,125.625000
24476,2.44760000e+04,3015,125.625000
24477,2.44770000e+04,3015,125.625000
24478,2.44780000e+04,3015,125.625000
24479,2.44790000e+04,3015,125.625000
24480,2.44800000e+04,3001,125.041667
24481,2.44810000e+04,3001,125.041667
24482,2.44820000e+04,3001,125.041667
24483,2.44830000e+04,3001,125.041667
24484,2.44840000e+04,3001,125.041667
24485,2.44850000e+04,2992,124.666667
24486,2.44860000e+04,2992,124.666667
24487,2.44870000e+04,2992,124.666667
24488,2.44880000e+04,2992,124.666667
24489,2.44890000e+04,2992,124.666667
24490,2.44900000e+04,2975,123.958333
24491,2.44910000e+04,2975,123.958333
24492,2.44920000e+04,2975,123.958333
24493,2.44930000e+04,2975,123.958333
24494,2.44940000e+04,2975,123.958333
24495,2.44950000e+04,2959,123.291667
24496,2.44960000e+04,2959,123.291667
24497,2.44970000e+04,2959,123.291667
24498,2.44980000e+04,2959,123.291667
24499,2.44990000e+04,2959,123.291667
24500,2.45000000e+04,2940,122.500000
24501,2.45010000e+04,2940,122.500000
24502,2.45020000e+04,2940,122.500000
24503,2.45030000e+04,2940,122.500000
24504,2.45040000e+04,2940,122.500000
24505,2.45050000e+04,2919,121.625000
24506,2.45060000e+04,2919,121.625000
24507,2.45070000e+04,2919,121.625000
24508,2.45080000e+04,2919,121.625000
24509,2.45090000e+04,2919,121.625000
24510,2.45100000e+04,2901,120.875000
24511,2.45110000e+04,2901,120.875000
24512,2.45120000e+04,2901,120.875000
24513,2.45130000e+04,2901,120.875000
24514,2.45140000e+04,2901,120.875000
24515,2.45150000e+04,2880,120.000000
24516,2.45160000e+04,2880,120.000000
24517,2.45170000e+04,2880,120.000000
24518,2.45180000e+04,2880,120.000000
24519,2.45190000e+04,2880,120.000000
24520,2.45200000e+04,2856,119.000000
24521,2.45210000e+04,2856,119.000000
24522,2.45220000e+04,2856,119.000000
24523,2.45230000e+04,2856,119.000000
24524,2.45240000e+04,2856,119.000000
24525,2.45250000e+04,2839,118.291667
24526,2.45260000e+04,2839,118.291667
24527,2.45270000e+04,2839,118.291667
24528,2.45280000e+04,2839,118.291667
24529,2.45290000e+04,2839,118.291667
24530,2.45300000e+04,2816,117.333333
24531,2.45310000e+04,2816,117.333333
24532,2.45320000e+04,2816,117.333333
24533,2.45330000e+04,2816,117.333333
24534,2.45340000e+04,2816,117.333333
24535,2.45350000e+04,2795,116.458333
24536,2.45360000e+04,2795,116.458333
24537,2.45370000e+04,2795,116.458333
24538,2.45380000e+04,2795,116.458333
24539,2.45390000e+04,2795,116.458333
24540,2.45400000e+04,2777,115.708333
24541,2.45410000e+04,2777,115.708333
24542,2.45420000e+04,2777,115.708333
24543,2.45430000e+04,2777,115.708333
24544,2.45440000e+04,2777,115.708333
24545,2.45450000e+04,2763,115.125000
24546,2.45460000e+04,2763,115.125000
24547,2.45470000e+04,2763,115.125000
24548,2.45480000e+04,2763,115.125000
24549,2.45490000e+04,2763,115.125000
24550,2.45500000e+04,2747,114.458333
24551,2.45510000e+04,2747,114.458333
24552,2.45520000e+04,2747,114.458333
24553,2.45530000e+04,2747,114.458333
24554,2.45540000e+04,2747,114.458333
24555,2.45550000e+04,2731,113.791667
24556,2.45560000e+04,2731,113.791667
24557,2.45570000e+04,2731,113.791667
24558,2.45580000e+04,2731,113.791667
24559,2.45590000e+04,2731,113.791667
24560,2.45600000e+04,2716,113.166667
24561,2.45610000e+04,2716,113.166667
24562,2.45620000e+04,2716,113.166667
24563,2.45630000e+04,2716,113.166667
24564,2.45640000e+04,2716,113.166667
24565,2.45650000e+04,2707,112.791667
24566,2.45660000e+04,2707,112.791667
24567,2.45670000e+04,2707,112.791667
24568,2.45680000e+04,2707,112.791667
24569,2.45690000e+04,2707,112.791667
24570,2.45700000e+04,2695,112.291667
24571,2.45710000e+04,2695,112.291667
24572,2.45720000e+04,2695,112.291667
24573,2.45730000e+04,2695,112.291667
24574,2.45740000e+04,2695,112.291667
24575,2.45750000e+04,2682,111.750000
24576,2.45760000e+04,2682,111.750000
24577,2.45770000e+04,2682,111.750000
24578,2.45780000e+04,2682,111.750000
24579,2.45790000e+04,2682,111.750000
24580,2.45800000e+04,2672,111.333333
24581,2.45810000e+04,2672,111.333333
24582,2.45820000e+04,2672,111.333333
24583,2.45830000e+04,2672,111.333333
24584,2.45840000e+04,2672,111.333333
24585,2.45850000e+04,2661,110.875000
24586,2.45860000e+04,2661,110.875000
24587,2.45870000e+04,2661,110.875000
24588,2.45880000e+04,2661,110.875000
24589,2.45890000e+04,2661,110.875000
24590,2.45900000e+04,2648,110.333333
24591,2.45910000e+04,2648,110.333333
24592,2.45920000e+04,2648,110.333333
24593,2.45930000e+04,2648,110.333333
24594,2.45940000e+04,2648,110.333333
24595,2.45950000e+04,2633,109.708333
24596,2.45960000e+04,2633,109.708333
24597,2.45970000e+04,2633,109.708333
24598,2.45980000e+04,2633,109.708333
24599,2.45990000e+04,2633,109.708333
24600,2.46000000e+04,2617,109.041667
24601,2.46010000e+04,2617,109.041667
24602,2.46020000e+04,2617,109.041667
24603,2.46030000e+04,2617,109.041667
24604,2.46040000e+04,2617,109.041667
24605,2.46050000e+04,2598,108.250000
24606,2.46060000e+04,2598,108.250000
24607,2.46070000e+04,2598,108.250000
24608,2.46080000e+04,2598,108.250000
24609,2.46090000e+04,2598,108.250000
24610,2.46100000e+04,2573,107.208333
24611,2.46110000e+04,2573,107.208333
24612,2.46120000e+04,2573,107.208333
24613,2.46130000e+04,2573,107.208333
24614,2.46140000e+04,2573,107.208333
24615,2.46150000e+04,2552,106.333333
24616,2.46160000e+04,2552,106.333333
24617,2.46170000e+04,2552,106.333333
24618,2.46180000e+04,2552,106.333333
24619,2.46190000e+04,2552,106.333333
24620,2.46200000e+04,2523,105.125000
24621,2.46210000e+04,2523,105.125000
24622,2.46220000e+04,2523,105.125000
24623,2.46230000e+04,2523,105.125000
24624,2.46240000e+04,2523,105.125000
24625,2.46250000e+04,2499,104.125000
24626,2.46260000e+04,2499,104.125000
24627,2.46270000e+04,2499,104.125000
24628,2.46280000e+04,2499,104.125000
24629,2.46290000e+04,2499,104.125000
24630,2.46300000e+04,2473,103.041667
24631,2.46310000e+04,2473,103.041667
24632,2.46320000e+04,2473,103.041667
24633,2.46330000e+04,2473,103.041667
24634,2.46340000e+04,2473,103.041667
24635,2.46350000e+04,2442,101.750000
24636,2.46360000e+04,2442,101.750000
24637,2.46370000e+04,2442,101.750000
24638,2.46380000e+04,2442,101.750000
24639,2.46390000e+04,2442,101.750000
24640,2.46400000e+04,2419,100.791667
24641,2.46410000e+04,2419,100.791667
24642,2.46420000e+04,2419,100.791667
24643,2.46430000e+04,2419,100.791667
24644,2.46440000e+04,2419,100.791667
24645,2.46450000e+04,2398,99.916667
24646,2.46460000e+04,2398,99.916667
24647,2.46470000e+04,2398,99.916667
24648,2.46480000e+04,2398,99.916667
24649,2.46490000e+04,2398,99.916667
24650,2.46500000e+04,2375,98.958333
24651,2.46510000e+04,2375,98.958333
24652,2.46520000e+04,2375,98.958333
24653,2.46530000e+04,2375,98.958333
24654,2.46540000e+04,2375,98.958333
24655,2.46550000e+04,2358,98.250000
24656,2.46560000e+04,2358,98.250000
24657,2.46570000e+04,2358,98.250000
24658,2.46580000e+04,2358,98.250000
24659,2.46590000e+04,2358,98.250000
24660,2.46600000e+04,2340,97.500000
24661,2.46610000e+04,2340,97.500000
24662,2.46620000e+04,2340,97.500000
24663,2.46630000e+04,2340,97.500000
24664,2.46640000e+04,2340,97.500000
24665,2.46650000e+04,2324,96.833333
24666,2.46660000e+04,2324,96.833333
24667,2.46670000e+04,2324,96.833333
24668,2.46680000e+04,2324,96.833333
24669,2.46690000e+04,2324,96.833333
24670,2.46700000e+04,2311,96.291667
24671,2.46710000e+04,2311,96.291667
24672,2.46720000e+04,2311,96.291667
24673,2.46730000e+04,2311,96.291667
24674,2.46740000e+04,2311,96.291667
24675,2.46750000e+04,2297,95.708333
24676,2.46760000e+04,2297,95.708333
24677,2.46770000e+04,2297,95.708333
24678,2.46780000e+04,2297,95.708333
24679,2.46790000e+04,2297,95.708333
24680,2.46800000e+04,2287,95.291667
24681,2.46810000e+04,2287,95.291667
24682,2.46820000e+04,2287,95.291667
24683,2.46830000e+04,2287,95.291667
24684,2.46840000e+04,2287,95.291667
24685,2.46850000e+04,2272,94.666667
24686,2.46860000e+04,2272,94.666667
24687,2.46870000e+04,2272,94.666667
24688,2.46880000e+04,2272,94.666667
24689,2.46890000e+04,2272,94.666667
24690,2.46900000e+04,2264,94.333333
24691,2.46910000e+04,2264,94.333333
24692,2.46920000e+04,2264,94.333333
24693,2.46930000e+04,2264,94.333333
24694,2.46940000e+04,2264,94.333333
24695,2.46950000e+04,2253,93.875000
24696,2.46960000e+04,2253,93.875000
24697,2.46970000e+04,2253,93.875000
24698,2.46980000e+04,2253,93.875000
24699,2.46990000e+04,2253,93.875000
24700,2.47000000e+04,2240,93.333333
24701,2.47010000e+04,2240,93.333333
24702,2.47020000e+04,2240,93.333333
24703,2.47030000e+04,2240,93.333333
24704,2.47040000e+04,2240,93.333333
24705,2.47050000e+04,2230,92.916667
24706,2.47060000e+04,2230,92.916667
24707,2.47070000e+04,2230,92.916667
24708,2.47080000e+04,2230,92.916667
24709,2.47090000e+04,2230,92.916667
24710,2.47100000e+04,2210,92.083333
24711,2.47110000e+04,2210,92.083333
24712,2.47120000e+04,2210,92.083333
24713,2.47130000e+04,2210,92.083333
24714,2.47140000e+04,2210,92.083333
24715,2.47150000e+04,2193,91.375000
24716,2.47160000e+04,2193,91.375000
24717,2.47170000e+04,2193,91.375000
24718,2.47180000e+04,2193,91.375000
24719,2.47190000e+04,2193,91.375000
24720,2.47200000e+04,2177,90.708333
24721,2.47210000e+04,2177,90.708333
24722,2.47220000e+04,2177,90.708333
24723,2.47230000e+04,2177,90.708333
24724,2.47240000e+04,2177,90.708333
24725,2.47250000e+04,2158,89.916667
24726,2.47260000e+04,2158,89.916667
24727,2.47270000e+04,2158,89.916667
24728,2.47280000e+04,2158,89.916667
24729,2.47290000e+04,2158,89.916667
24730,2.47300000e+04,2139,89.125000
24731,2.47310000e+04,2139,89.125000
24732,2.47320000e+04,2139,89.125000
24733,2.47330000e+04,2139,89.125000
24734,2.47340000e+04,2139,89.125000
24735,2.47350000e+04,2114,88.083333
24736,2.47360000e+04,2114,88.083333
24737,2.47370000e+04,2114,88.083333
24738,2.47380000e+04,2114,88.083333
24739,2.47390000e+04,2114,88.083333
24740,2.47400000e+04,2091,87.125000
24741,2.47410000e+04,2091,87.125000
24742,2.47420000e+04,2091,87.125000
24743,2.47430000e+04,2091,87.125000
24744,2.47440000e+04,2091,87.125000
24745,2.47450000e+04,2065,86.041667
24746,2.47460000e+04,2065,86.041667
24747,2.47470000e+04,2065,86.041667
24748,2.47480000e+04,2065,86.041667
24749,2.47490000e+04,2065,86.041667
24750,2.47500000e+04,2044,85.166667
24751,2.47510000e+04,2044,85.166667
24752,2.47520000e+04,2044,85.166667
24753,2.47530000e+04,2044,85.166667
24754,2.47540000e+04,2044,85.166667
24755,2.47550000e+04,2021,84.208333
24756,2.47560000e+04,2021,84.208333
24757,2.47570000e+04,2021,84.208333
24758,2.47580000e+04,2021,84.208333
24759,2.47590000e+04,2021,84.208333
24760,2.47600000e+04,1998,83.250000
24761,2.47610000e+04,1998,83.250000
24762,2.47620000e+04,1998,83.250000
24763,2.47630000e+04,1998,83.250000
24764,2.47640000e+04,1998,83.250000
24765,2.47650000e+04,1977,82.375000
24766,2.47660000e+04,1977,82.375000
24767,2.47670000e+04,1977,82.375000
24768,2.47680000e+04,1977,82.375000
24769,2.47690000e+04,1977,82.375000
24770,2.47700000e+04,1956,81.500000
24771,2.47710000e+04,1956,81.500000
24772,2.47720000e+04,1956,81.500000
24773,2.47730000e+04,1956,81.500000
24774,2.47740000e+04,1956,81.500000
24775,2.47750000e+04,1935,80.625000
24776,2.47760000e+04,1935,80.625000
24777,2.47770000e+04,1935,80.625000
24778,2.47780000e+04,1935,80.625000
24779,2.47790000e+04,1935,80.625000
24780,2.47800000e+04,1915,79.791667
24781,2.47810000e+04,1915,79.791667
24782,2.47820000e+04,1915,79.791667
24783,2.47830000e+04,1915,79.791667
24784,2.47840000e+04,1915,79.791667
24785,2.47850000e+04,1892,78.833333
24786,2.47860000e+04,1892,78.833333
24787,2.47870000e+04,1892,78.833333
24788,2.47880000e+04,1892,78.833333
24789,2.47890000e+04,1892,78.833333
24790,2.47900000e+04,1873,78.041667
24791,2.47910000e+04,1873,78.041667
24792,2.47920000e+04,1873,78.041667
24793,2.47930000e+04,1873,78.041667
24794,2.47940000e+04,1873,78.041667
24795,2.47950000e+04,1847,76.958333
24796,2.47960000e+04,1847,76.958333
24797,2.47970000e+04,1847,76.958333
24798,2.47980000e+04,1847,76.958333
24799,2.47990000e+04,1847,76.958333
24800,2.48000000e+04,1831,76.291667
24801,2.48010000e+04,1831,76.291667
24802,2.48020000e+04,1831,76.291667
24803,2.48030000e+04,1831,76.291667
24804,2.48040000e+04,1831,76.291667
24805,2.48050000e+04,1806,75.250000
24806,2.48060000e+04,1806,75.250000
24807,2.48070000e+04,1806,75.250000
24808,2.48080000e+04,1806,75.250000
24809,2.48090000e+04,1806,75.250000
24810,2.48100000e+04,1788,74.500000
24811,2.48110000e+04,1788,74.500000
24812,2.48120000e+04,1788,74.500000
24813,2.48130000e+04,1788,74.500000
24814,2.48140000e+04,1788,74.500000
24815,2.48150000e+04,1766,73.583333
24816,2.48160000e+04,1766,73.583333
24817,2.48170000e+04,1766,73.583333
24818,2.48180000e+04,1766,73.583333
24819,2.48190000e+04,1766,73.583333
24820,2.48200000e+04,1739,72.458333
24821,2.48210000e+04,1739,72.458333
24822,2.48220000e+04,1739,72.458333
24823,2.48230000e+04,1739,72.458333
24824,2.48240000e+04,1739,72.458333
24825,2.48250000e+04,1715,71.458333
24826,2.48260000e+04,1715,71.458333
24827,2.48270000e+04,1715,71.458333
24828,2.48280000e+04,1715,71.458333
24829,2.48290000e+04,1715,71.458333
24830,2.48300000e+04,1690,70.416667
24831,2.48310000e+04,1690,70.416667
24832,2.48320000e+04,1690,70.416667
24833,2.48330000e+04,1690,70.416667
24834,2.48340000e+04,1690,70.416667
24835,2.48350000e+04,1658,69.083333
24836,2.48360000e+04,1658,69.083333
24837,2.48370000e+04,1658,69.083333
24838,2.48380000e+04,1658,69.083333
24839,2.48390000e+04,1658,69.083333
24840,2.48400000e+04,1629,67.875000
24841,2.48410000e+04,1629,67.875000
24842,2.48420000e+04,1629,67.875000
24843,2.48430000e+04,1629,67.875000
24844,2.48440000e+04,1629,67.875000
24845,2.48450000e+04,1596,66.500000
24846,2.48460000e+04,1596,66.500000
24847,2.48470000e+04,1596,66.500000
24848,2.48480000e+04,1596,66.500000
24849,2.48490000e+04,1596,66.500000
24850,2.48500000e+04,1560,65.000000
24851,2.48510000e+04,1560,65.000000
24852,2.48520000e+04,1560,65.000000
24853,2.48530000e+04,1560,65.000000
24854,2.48540000e+04,1560,65.000000
24855,2.48550000e+04,1529,63.708333
24856,2.48560000e+04,1529,63.708333
24857,2.48570000e+04,1529,63.708333
24858,2.48580000e+04,1529,63.708333
24859,2.48590000e+04,1529,63.708333
24860,2.48600000e+04,1488,62.000000
24861,2.48610000e+04,1488,62.000000
24862,2.48620000e+04,1488,62.000000
24863,2.48630000e+04,1488,62.000000
24864,2.48640000e+04,1488,62.000000
24865,2.48650000e+04,1451,60.458333
24866,2.48660000e+04,1451,60.458333
24867,2.48670000e+04,1451,60.458333
24868,2.48680000e+04,1451,60.458333
24869,2.48690000e+04,1451,60.458333
24870,2.48700000e+04,1413,58.875000
24871,2.48710000e+04,1413,58.875000
24872,2.48720000e+04,1413,58.875000
24873,2.48730000e+04,1413,58.875000
24874,2.48740000e+04,1413,58.875000
24875,2.48750000e+04,1380,57.500000
24876,2.48760000e+04,1380,57.500000
24877,2.48770000e+04,1380,57.500000
24878,2.48780000e+04,1380,57.500000
24879,2.48790000e+04,1380,57.500000
24880,2.48800000e+04,1347,56.125000
24881,2.48810000e+04,1347,56.125000
24882,2.48820000e+04,1347,56.125000
24883,2.48830000e+04,1347,56.125000
24884,2.48840000e+04,1347,56.125000
24885,2.48850000e+04,1312,54.666667
24886,2.48860000e+04,1312,54.666667
24887,2.48870000e+04,1312,54.666667
24888,2.48880000e+04,1312,54.666667
24889,2.48890000e+04,1312,54.666667
24890,2.48900000e+04,1284,53.500000
24891,2.48910000e+04,1284,53.500000
24892,2.48920000e+04,1284,53.500000
24893,2.48930000e+04,1284,53.500000
24894,2.48940000e+04,1284,53.500000
24895,2.48950000e+04,1252,52.166667
24896,2.48960000e+04,1252,52.166667
24897,2.48970000e+04,1252,52.166667
24898,2.48980000e+04,1252,52.166667
24899,2.48990000e+04,1252,52.166667
24900,2.49000000e+04,1221,50.875000
24901,2.49010000e+04,1221,50.875000
24902,2.49020000e+04,1221,50.875000
24903,2.49030000e+04,1221,50.875000
24904,2.49040000e+04,1221,50.875000
24905,2.49050000e+04,1193,49.708333
24906,2.49060000e+04,1193,49.708333
24907,2.49070000e+04,1193,49.708333
24908,2.49080000e+04,1193,49.708333
24909,2.49090000e+04,1193,49.708333
24910,2.49100000e+04,1164,48.500000
24911,2.49110000e+04,1164,48.500000
24912,2.49120000e+04,1164,48.500000
24913,2.49130000e+04,1164,48.500000
24914,2.49140000e+04,1164,48.500000
24915,2.49150000e+04,1134,47.250000
24916,2.49160000e+04,1134,47.250000
24917,2.49170000e+04,1134,47.250000
24918,2.49180000e+04,1134,47.250000
24919,2.49190000e+04,1134,47.250000
24920,2.49200000e+04,1107,46.125000
24921,2.49210000e+04,1107,46.125000
24922,2.49220000e+04,1107,46.125000
24923,2.49230000e+04,1107,46.125000
24924,2.49240000e+04,1107,46.125000
24925,2.49250000e+04,1081,45.041667
24926,2.49260000e+04,1081,45.041667
24927,2.49270000e+04,1081,45.041667
24928,2.49280000e+04,1081,45.041667
24929,2.49290000e+04,1081,45.041667
24930,2.49300000e+04,1050,43.750000
24931,2.49310000e+04,1050,43.750000
24932,2.49320000e+04,1050,43.750000
24933,2.49330000e+04,1050,43.750000
24934,2.49340000e+04,1050,43.750000
24935,2.49350000e+04,1021,42.541667
24936,2.49360000e+04,1021,42.541667
24937,2.49370000e+04,1021,42.541667
24938,2.49380000e+04,1021,42.541667
24939,2.49390000e+04,1021,42.541667
24940,2.49400000e+04,993,41.375000
24941,2.49410000e+04,993,41.375000
24942,2.49420000e+04,993,41.375000
24943,2.49430000e+04,993,41.375000
24944,2.49440000e+04,993,41.375000
24945,2.49450000e+04,961,40.041667
24946,2.49460000e+04,961,40.041667
24947,2.49470000e+04,961,40.041667
24948,2.49480000e+04,961,40.041667
24949,2.49490000e+04,961,40.041667
24950,2.49500000e+04,929,38.708333
24951,2.49510000e+04,929,38.708333
24952,2.49520000e+04,929,38.708333
24953,2.49530000e+04,929,38.708333
24954,2.49540000e+04,929,38.708333
24955,2.49550000e+04,895,37.291667
24956,2.49560000e+04,895,37.291667
24957,2.49570000e+04,895,37.291667
24958,2.49580000e+04,895,37.291667
24959,2.49590000e+04,895,37.291667
24960,2.49600000e+04,860,35.833333
24961,2.49610000e+04,860,35.833333
24962,2.49620000e+04,860,35.833333
24963,2.49630000e+04,860,35.833333
24964,2.49640000e+04,860,35.833333
24965,2.49650000e+04,829,34.541667
24966,2.49660000e+04,829,34.541667
24967,2.49670000e+04,829,34.541667
24968,2.49680000e+04,829,34.541667
24969,2.49690000e+04,829,34.541667
24970,2.49700000e+04,793,33.041667
24971,2.49710000e+04,793,33.041667
24972,2.49720000e+04,793,33.041667
24973,2.49730000e+04,793,33.041667
24974,2.49740000e+04,793,33.041667
24975,2.49750000e+04,758,31.583333
24976,2.49760000e+04,758,31.583333
24977,2.49770000e+04,758,31.583333
24978,2.49780000e+04,758,31.583333
24979,2.49790000e+04,758,31.583333
24980,2.49800000e+04,720,30.000000
24981,2.49810000e+04,720,30.000000
24982,2.49820000e+04,720,30.000000
24983,2.49830000e+04,720,30.000000
24984,2.49840000e+04,720,30.000000
24985,2.49850000e+04,686,28.583333
24986,2.49860000e+04,686,28.583333
24987,2.49870000e+04,686,28.583333
24988,2.49880000e+04,686,28.583333
24989,2.49890000e+04,686,28.583333
24990,2.49900000e+04,653,27.208333
24991,2.49910000e+04,653,27.208333
24992,2.49920000e+04,653,27.208333
24993,2.49930000e+04,653,27.208333
24994,2.49940000e+04,653,27.208333
24995,2.49950000e+04,617,25.708333
24996,2.49960000e+04,617,25.708333
24997,2.49970000e+04,617,25.708333
24998,2.49980000e+04,617,25.708333
24999,2.49990000e+04,617,25.708333
25000,2.50000000e+04,586,24.416667
25001,2.50010000e+04,586,24.416667
25002,2.50020000e+04,586,24.416667
25003,2.50030000e+04,586,24.416667
25004,2.50040000e+04,586,24.416667
25005,2.50050000e+04,554,23.083333
25006,2.50060000e+04,554,23.083333
25007,2.50070000e+04,554,23.083333
25008,2.50080000e+04,554,23.083333
25009,2.50090000e+04,554,23.083333
25010,2.50100000e+04,521,21.708333
25011,2.50110000e+04,521,21.708333
25012,2.50120000e+04,521,21.708333
25013,2.50130000e+04,521,21.708333
25014,2.50140000e+04,521,21.708333
25015,2.50150000e+04,490,20.416667
25016,2.50160000e+04,490,20.416667
25017,2.50170000e+04,490,20.416667
25018,2.50180000e+04,490,20.416667
25019,2.50190000e+04,490,20.416667
25020,2.50200000e+04,456,19.000000
25021,2.50210000e+04,456,19.000000
25022,2.50220000e+04,456,19.000000
25023,2.50230000e+04,456,19.000000
25024,2.50240000e+04,456,19.000000
