Sample_Index,Time_Relative_Trigger_s,Voltage_V
0,0.00000000e+00,-225.916667
1,1.00000000e+00,-225.916667
2,2.00000000e+00,-225.250000
3,3.00000000e+00,-225.250000
4,4.00000000e+00,-224.625000
5,5.00000000e+00,-224.625000
6,6.00000000e+00,-224.000000
7,7.00000000e+00,-224.000000
8,8.00000000e+00,-223.291667
9,9.00000000e+00,-223.291667
10,1.00000000e+01,-222.541667
11,1.10000000e+01,-222.541667
12,1.20000000e+01,-221.500000
13,1.30000000e+01,-221.500000
14,1.40000000e+01,-220.708333
15,1.50000000e+01,-220.708333
16,1.60000000e+01,-219.833333
17,1.70000000e+01,-219.833333
18,1.80000000e+01,-219.125000
19,1.90000000e+01,-219.125000
20,2.00000000e+01,-218.166667
21,2.10000000e+01,-218.166667
22,2.20000000e+01,-217.250000
23,2.30000000e+01,-217.250000
24,2.40000000e+01,-216.208333
25,2.50000000e+01,-216.208333
26,2.60000000e+01,-215.166667
27,2.70000000e+01,-215.166667
28,2.80000000e+01,-214.250000
29,2.90000000e+01,-214.250000
30,3.00000000e+01,-213.291667
31,3.10000000e+01,-213.291667
32,3.20000000e+01,-212.208333
33,3.30000000e+01,-212.208333
34,3.40000000e+01,-211.208333
35,3.50000000e+01,-211.208333
36,3.60000000e+01,-210.208333
37,3.70000000e+01,-210.208333
38,3.80000000e+01,-208.833333
39,3.90000000e+01,-208.833333
40,4.00000000e+01,-208.000000
41,4.10000000e+01,-208.000000
42,4.20000000e+01,-206.750000
43,4.30000000e+01,-206.750000
44,4.40000000e+01,-205.750000
45,4.50000000e+01,-205.750000
46,4.60000000e+01,-204.750000
47,4.70000000e+01,-204.750000
48,4.80000000e+01,-203.500000
49,4.90000000e+01,-203.500000
50,5.00000000e+01,-202.291667
51,5.10000000e+01,-202.291667
52,5.20000000e+01,-201.458333
53,5.30000000e+01,-201.458333
54,5.40000000e+01,-200.208333
55,5.50000000e+01,-200.208333
56,5.60000000e+01,-199.166667
57,5.70000000e+01,-199.166667
58,5.80000000e+01,-197.833333
59,5.90000000e+01,-197.833333
60,6.00000000e+01,-196.791667
61,6.10000000e+01,-196.791667
62,6.20000000e+01,-195.625000
63,6.30000000e+01,-195.625000
64,6.40000000e+01,-194.666667
65,6.50000000e+01,-194.666667
66,6.60000000e+01,-193.541667
67,6.70000000e+01,-193.541667
68,6.80000000e+01,-192.666667
69,6.90000000e+01,-192.666667
70,7.00000000e+01,-191.458333
71,7.10000000e+01,-191.458333
72,7.20000000e+01,-190.166667
73,7.30000000e+01,-190.166667
74,7.40000000e+01,-189.333333
75,7.50000000e+01,-189.333333
76,7.60000000e+01,-188.250000
77,7.70000000e+01,-188.250000
78,7.80000000e+01,-187.250000
79,7.90000000e+01,-187.250000
80,8.00000000e+01,-186.250000
81,8.10000000e+01,-186.250000
82,8.20000000e+01,-185.250000
83,8.30000000e+01,-185.250000
84,8.40000000e+01,-184.125000
85,8.50000000e+01,-184.125000
86,8.60000000e+01,-183.125000
87,8.70000000e+01,-183.125000
88,8.80000000e+01,-182.208333
89,8.90000000e+01,-182.208333
90,9.00000000e+01,-180.958333
91,9.10000000e+01,-180.958333
92,9.20000000e+01,-180.208333
93,9.30000000e+01,-180.208333
94,9.40000000e+01,-179.125000
95,9.50000000e+01,-179.125000
96,9.60000000e+01,-178.041667
97,9.70000000e+01,-178.041667
98,9.80000000e+01,-177.125000
99,9.90000000e+01,-177.125000
100,1.00000000e+02,-176.166667
101,1.01000000e+02,-176.166667
102,1.02000000e+02,-175.166667
103,1.03000000e+02,-175.166667
104,1.04000000e+02,-174.250000
105,1.05000000e+02,-174.250000
106,1.06000000e+02,-173.041667
107,1.07000000e+02,-173.041667
108,1.08000000e+02,-171.916667
109,1.09000000e+02,-171.916667
110,1.10000000e+02,-171.000000
111,1.11000000e+02,-171.000000
112,1.12000000e+02,-169.958333
113,1.13000000e+02,-169.958333
114,1.14000000e+02,-168.875000
115,1.15000000e+02,-168.875000
116,1.16000000e+02,-167.833333
117,1.17000000e+02,-167.833333
118,1.18000000e+02,-166.791667
119,1.19000000e+02,-166.791667
120,1.20000000e+02,-165.583333
121,1.21000000e+02,-165.583333
122,1.22000000e+02,-164.500000
123,1.23000000e+02,-164.500000
124,1.24000000e+02,-163.250000
125,1.25000000e+02,-163.250000
126,1.26000000e+02,-162.166667
127,1.27000000e+02,-162.166667
128,1.28000000e+02,-161.083333
129,1.29000000e+02,-161.083333
130,1.30000000e+02,-159.708333
131,1.31000000e+02,-159.708333
132,1.32000000e+02,-158.583333
133,1.33000000e+02,-158.583333
134,1.34000000e+02,-157.125000
135,1.35000000e+02,-157.125000
136,1.36000000e+02,-156.083333
137,1.37000000e+02,-156.083333
138,1.38000000e+02,-154.708333
139,1.39000000e+02,-154.708333
140,1.40000000e+02,-153.333333
141,1.41000000e+02,-153.333333
142,1.42000000e+02,-151.958333
143,1.43000000e+02,-151.958333
144,1.44000000e+02,-150.500000
145,1.45000000e+02,-150.500000
146,1.46000000e+02,-149.041667
147,1.47000000e+02,-149.041667
148,1.48000000e+02,-147.541667
149,1.49000000e+02,-147.541667
150,1.50000000e+02,-146.166667
151,1.51000000e+02,-146.166667
152,1.52000000e+02,-144.625000
153,1.53000000e+02,-144.625000
154,1.54000000e+02,-142.958333
155,1.55000000e+02,-142.958333
156,1.56000000e+02,-141.458333
157,1.57000000e+02,-141.458333
158,1.58000000e+02,-139.833333
159,1.59000000e+02,-139.833333
160,1.60000000e+02,-138.208333
161,1.61000000e+02,-138.208333
162,1.62000000e+02,-136.750000
163,1.63000000e+02,-136.750000
164,1.64000000e+02,-134.916667
165,1.65000000e+02,-134.916667
166,1.66000000e+02,-133.333333
167,1.67000000e+02,-133.333333
168,1.68000000e+02,-131.458333
169,1.69000000e+02,-131.458333
170,1.70000000e+02,-129.791667
171,1.71000000e+02,-129.791667
172,1.72000000e+02,-127.958333
173,1.73000000e+02,-127.958333
174,1.74000000e+02,-126.291667
175,1.75000000e+02,-126.291667
176,1.76000000e+02,-124.458333
177,1.77000000e+02,-124.458333
178,1.78000000e+02,-122.791667
179,1.79000000e+02,-122.791667
180,1.80000000e+02,-120.708333
181,1.81000000e+02,-120.708333
182,1.82000000e+02,-118.875000
183,1.83000000e+02,-118.875000
184,1.84000000e+02,-117.250000
185,1.85000000e+02,-117.250000
186,1.86000000e+02,-115.250000
187,1.87000000e+02,-115.250000
188,1.88000000e+02,-113.333333
189,1.89000000e+02,-113.333333
190,1.90000000e+02,-111.750000
191,1.91000000e+02,-111.750000
192,1.92000000e+02,-109.708333
193,1.93000000e+02,-109.708333
194,1.94000000e+02,-108.125000
195,1.95000000e+02,-108.125000
196,1.96000000e+02,-106.208333
197,1.97000000e+02,-106.208333
198,1.98000000e+02,-104.291667
199,1.99000000e+02,-104.291667
200,2.00000000e+02,-102.541667
201,2.01000000e+02,-102.541667
202,2.02000000e+02,-100.666667
203,2.03000000e+02,-100.666667
204,2.04000000e+02,-98.791667
205,2.05000000e+02,-98.791667
206,2.06000000e+02,-97.166667
207,2.07000000e+02,-97.166667
208,2.08000000e+02,-95.291667
209,2.09000000e+02,-95.291667
210,2.10000000e+02,-93.291667
211,2.11000000e+02,-93.291667
212,2.12000000e+02,-91.583333
213,2.13000000e+02,-91.583333
214,2.14000000e+02,-89.791667
215,2.15000000e+02,-89.791667
216,2.16000000e+02,-87.958333
217,2.17000000e+02,-87.958333
218,2.18000000e+02,-86.125000
219,2.19000000e+02,-86.125000
220,2.20000000e+02,-84.375000
221,2.21000000e+02,-84.375000
222,2.22000000e+02,-82.708333
223,2.23000000e+02,-82.708333
224,2.24000000e+02,-80.916667
225,2.25000000e+02,-80.916667
226,2.26000000e+02,-79.125000
227,2.27000000e+02,-79.125000
228,2.28000000e+02,-77.458333
229,2.29000000e+02,-77.458333
230,2.30000000e+02,-75.666667
231,2.31000000e+02,-75.666667
232,2.32000000e+02,-73.750000
233,2.33000000e+02,-73.750000
234,2.34000000e+02,-72.125000
235,2.35000000e+02,-72.125000
236,2.36000000e+02,-70.333333
237,2.37000000e+02,-70.333333
238,2.38000000e+02,-68.541667
239,2.39000000e+02,-68.541667
240,2.40000000e+02,-66.875000
241,2.41000000e+02,-66.875000
242,2.42000000e+02,-64.958333
243,2.43000000e+02,-64.958333
244,2.44000000e+02,-63.458333
245,2.45000000e+02,-63.458333
246,2.46000000e+02,-61.500000
247,2.47000000e+02,-61.500000
248,2.48000000e+02,-59.750000
249,2.49000000e+02,-59.750000
250,2.50000000e+02,-57.958333
251,2.51000000e+02,-57.958333
252,2.52000000e+02,-56.250000
253,2.53000000e+02,-56.250000
254,2.54000000e+02,-54.583333
255,2.55000000e+02,-54.583333
256,2.56000000e+02,-52.666667
257,2.57000000e+02,-52.666667
258,2.58000000e+02,-50.750000
259,2.59000000e+02,-50.750000
260,2.60000000e+02,-49.083333
261,2.61000000e+02,-49.083333
262,2.62000000e+02,-47.166667
263,2.63000000e+02,-47.166667
264,2.64000000e+02,-45.250000
265,2.65000000e+02,-45.250000
266,2.66000000e+02,-43.416667
267,2.67000000e+02,-43.416667
268,2.68000000e+02,-41.416667
269,2.69000000e+02,-41.416667
270,2.70000000e+02,-39.541667
271,2.71000000e+02,-39.541667
272,2.72000000e+02,-37.458333
273,2.73000000e+02,-37.458333
274,2.74000000e+02,-35.500000
275,2.75000000e+02,-35.500000
276,2.76000000e+02,-33.666667
277,2.77000000e+02,-33.666667
278,2.78000000e+02,-31.750000
279,2.79000000e+02,-31.750000
280,2.80000000e+02,-29.500000
281,2.81000000e+02,-29.500000
282,2.82000000e+02,-27.625000
283,2.83000000e+02,-27.625000
284,2.84000000e+02,-25.500000
285,2.85000000e+02,-25.500000
286,2.86000000e+02,-23.458333
287,2.87000000e+02,-23.458333
288,2.88000000e+02,-21.458333
289,2.89000000e+02,-21.458333
290,2.90000000e+02,-19.375000
291,2.91000000e+02,-19.375000
292,2.92000000e+02,-17.416667
293,2.93000000e+02,-17.416667
294,2.94000000e+02,-15.041667
295,2.95000000e+02,-15.041667
296,2.96000000e+02,-13.000000
297,2.97000000e+02,-13.000000
298,2.98000000e+02,-10.916667
299,2.99000000e+02,-10.916667
300,3.00000000e+02,-8.750000
301,3.01000000e+02,-8.750000
302,3.02000000e+02,-6.750000
303,3.03000000e+02,-6.750000
304,3.04000000e+02,-4.541667
305,3.05000000e+02,-4.541667
306,3.06000000e+02,-2.333333
307,3.07000000e+02,-2.333333
308,3.08000000e+02,-0.208333
309,3.09000000e+02,-0.208333
310,3.10000000e+02,2.000000
311,3.11000000e+02,2.000000
312,3.12000000e+02,4.208333
313,3.13000000e+02,4.208333
314,3.14000000e+02,6.250000
315,3.15000000e+02,6.250000
316,3.16000000e+02,8.416667
317,3.17000000e+02,8.416667
318,3.18000000e+02,10.500000
319,3.19000000e+02,10.500000
320,3.20000000e+02,12.583333
321,3.21000000e+02,12.583333
322,3.22000000e+02,14.750000
323,3.23000000e+02,14.750000
324,3.24000000e+02,16.958333
325,3.25000000e+02,16.958333
326,3.26000000e+02,18.958333
327,3.27000000e+02,18.958333
328,3.28000000e+02,21.208333
329,3.29000000e+02,21.208333
330,3.30000000e+02,23.208333
331,3.31000000e+02,23.208333
332,3.32000000e+02,25.375000
333,3.33000000e+02,25.375000
334,3.34000000e+02,27.500000
335,3.35000000e+02,27.500000
336,3.36000000e+02,29.541667
337,3.37000000e+02,29.541667
338,3.38000000e+02,31.500000
339,3.39000000e+02,31.500000
340,3.40000000e+02,33.458333
341,3.41000000e+02,33.458333
342,3.42000000e+02,35.458333
343,3.43000000e+02,35.458333
344,3.44000000e+02,37.458333
345,3.45000000e+02,37.458333
346,3.46000000e+02,39.541667
347,3.47000000e+02,39.541667
348,3.48000000e+02,41.416667
349,3.49000000e+02,41.416667
350,3.50000000e+02,43.583333
351,3.51000000e+02,43.583333
352,3.52000000e+02,45.458333
353,3.53000000e+02,45.458333
354,3.54000000e+02,47.333333
355,3.55000000e+02,47.333333
356,3.56000000e+02,49.166667
357,3.57000000e+02,49.166667
358,3.58000000e+02,51.083333
359,3.59000000e+02,51.083333
360,3.60000000e+02,52.916667
361,3.61000000e+02,52.916667
362,3.62000000e+02,54.708333
363,3.63000000e+02,54.708333
364,3.64000000e+02,56.416667
365,3.65000000e+02,56.416667
366,3.66000000e+02,58.291667
367,3.67000000e+02,58.291667
368,3.68000000e+02,60.250000
369,3.69000000e+02,60.250000
370,3.70000000e+02,61.875000
371,3.71000000e+02,61.875000
372,3.72000000e+02,63.583333
373,3.73000000e+02,63.583333
374,3.74000000e+02,65.458333
375,3.75000000e+02,65.458333
376,3.76000000e+02,67.083333
377,3.77000000e+02,67.083333
378,3.78000000e+02,68.875000
379,3.79000000e+02,68.875000
380,3.80000000e+02,70.750000
381,3.81000000e+02,70.750000
382,3.82000000e+02,72.416667
383,3.83000000e+02,72.416667
384,3.84000000e+02,74.166667
385,3.85000000e+02,74.166667
386,3.86000000e+02,75.750000
387,3.87000000e+02,75.750000
388,3.88000000e+02,77.708333
389,3.89000000e+02,77.708333
390,3.90000000e+02,79.333333
391,3.91000000e+02,79.333333
392,3.92000000e+02,81.041667
393,3.93000000e+02,81.041667
394,3.94000000e+02,82.833333
395,3.95000000e+02,82.833333
396,3.96000000e+02,84.583333
397,3.97000000e+02,84.583333
398,3.98000000e+02,86.458333
399,3.99000000e+02,86.458333
400,4.00000000e+02,88.166667
401,4.01000000e+02,88.166667
402,4.02000000e+02,89.916667
403,4.03000000e+02,89.916667
404,4.04000000e+02,91.625000
405,4.05000000e+02,91.625000
406,4.06000000e+02,93.583333
407,4.07000000e+02,93.583333
408,4.08000000e+02,95.333333
409,4.09000000e+02,95.333333
410,4.10000000e+02,97.208333
411,4.11000000e+02,97.208333
412,4.12000000e+02,98.833333
413,4.13000000e+02,98.833333
414,4.14000000e+02,100.583333
415,4.15000000e+02,100.583333
416,4.16000000e+02,102.375000
417,4.17000000e+02,102.375000
418,4.18000000e+02,104.333333
419,4.19000000e+02,104.333333
420,4.20000000e+02,105.875000
421,4.21000000e+02,105.875000
422,4.22000000e+02,107.750000
423,4.23000000e+02,107.750000
424,4.24000000e+02,109.625000
425,4.25000000e+02,109.625000
426,4.26000000e+02,111.375000
427,4.27000000e+02,111.375000
428,4.28000000e+02,113.208333
429,4.29000000e+02,113.208333
430,4.30000000e+02,115.083333
431,4.31000000e+02,115.083333
432,4.32000000e+02,116.875000
433,4.33000000e+02,116.875000
434,4.34000000e+02,118.583333
435,4.35000000e+02,118.583333
436,4.36000000e+02,120.416667
437,4.37000000e+02,120.416667
438,4.38000000e+02,122.250000
439,4.39000000e+02,122.250000
440,4.40000000e+02,123.750000
441,4.41000000e+02,123.750000
442,4.42000000e+02,125.958333
443,4.43000000e+02,125.958333
444,4.44000000e+02,127.458333
445,4.45000000e+02,127.458333
446,4.46000000e+02,129.166667
447,4.47000000e+02,129.166667
448,4.48000000e+02,131.083333
449,4.49000000e+02,131.083333
450,4.50000000e+02,132.750000
451,4.51000000e+02,132.750000
452,4.52000000e+02,134.208333
453,4.53000000e+02,134.208333
454,4.54000000e+02,135.875000
455,4.55000000e+02,135.875000
456,4.56000000e+02,137.625000
457,4.57000000e+02,137.625000
458,4.58000000e+02,139.250000
459,4.59000000e+02,139.250000
460,4.60000000e+02,140.958333
461,4.61000000e+02,140.958333
462,4.62000000e+02,142.375000
463,4.63000000e+02,142.375000
464,4.64000000e+02,144.041667
465,4.65000000e+02,144.041667
466,4.66000000e+02,145.583333
467,4.67000000e+02,145.583333
468,4.68000000e+02,147.125000
469,4.69000000e+02,147.125000
470,4.70000000e+02,148.666667
471,4.71000000e+02,148.666667
472,4.72000000e+02,150.208333
473,4.73000000e+02,150.208333
474,4.74000000e+02,151.458333
475,4.75000000e+02,151.458333
476,4.76000000e+02,152.958333
477,4.77000000e+02,152.958333
478,4.78000000e+02,154.375000
479,4.79000000e+02,154.375000
480,4.80000000e+02,155.625000
481,4.81000000e+02,155.625000
482,4.82000000e+02,157.083333
483,4.83000000e+02,157.083333
484,4.84000000e+02,158.333333
485,4.85000000e+02,158.333333
486,4.86000000e+02,159.625000
487,4.87000000e+02,159.625000
488,4.88000000e+02,160.875000
489,4.89000000e+02,160.875000
490,4.90000000e+02,162.166667
491,4.91000000e+02,162.166667
492,4.92000000e+02,163.333333
493,4.93000000e+02,163.333333
494,4.94000000e+02,164.541667
495,4.95000000e+02,164.541667
496,4.96000000e+02,165.583333
497,4.97000000e+02,165.583333
498,4.98000000e+02,166.875000
499,4.99000000e+02,166.875000
500,5.00000000e+02,167.958333
501,5.01000000e+02,167.958333
502,5.02000000e+02,169.041667
503,5.03000000e+02,169.041667
504,5.04000000e+02,170.041667
505,5.05000000e+02,170.041667
506,5.06000000e+02,171.083333
507,5.07000000e+02,171.083333
508,5.08000000e+02,172.125000
509,5.09000000e+02,172.125000
510,5.10000000e+02,173.208333
511,5.11000000e+02,173.208333
512,5.12000000e+02,174.416667
513,5.13000000e+02,174.416667
514,5.14000000e+02,175.500000
515,5.15000000e+02,175.500000
516,5.16000000e+02,176.500000
517,5.17000000e+02,176.500000
518,5.18000000e+02,177.458333
519,5.19000000e+02,177.458333
520,5.20000000e+02,178.291667
521,5.21000000e+02,178.291667
522,5.22000000e+02,179.333333
523,5.23000000e+02,179.333333
524,5.24000000e+02,180.125000
525,5.25000000e+02,180.125000
526,5.26000000e+02,181.333333
527,5.27000000e+02,181.333333
528,5.28000000e+02,182.291667
529,5.29000000e+02,182.291667
530,5.30000000e+02,183.333333
531,5.31000000e+02,183.333333
532,5.32000000e+02,184.333333
533,5.33000000e+02,184.333333
534,5.34000000e+02,185.291667
535,5.35000000e+02,185.291667
536,5.36000000e+02,186.208333
537,5.37000000e+02,186.208333
538,5.38000000e+02,187.041667
539,5.39000000e+02,187.041667
540,5.40000000e+02,188.166667
541,5.41000000e+02,188.166667
542,5.42000000e+02,189.291667
543,5.43000000e+02,189.291667
544,5.44000000e+02,190.333333
545,5.45000000e+02,190.333333
546,5.46000000e+02,191.291667
547,5.47000000e+02,191.291667
548,5.48000000e+02,192.333333
549,5.49000000e+02,192.333333
550,5.50000000e+02,193.333333
551,5.51000000e+02,193.333333
552,5.52000000e+02,194.375000
553,5.53000000e+02,194.375000
554,5.54000000e+02,195.458333
555,5.55000000e+02,195.458333
556,5.56000000e+02,196.458333
557,5.57000000e+02,196.458333
558,5.58000000e+02,197.541667
559,5.59000000e+02,197.541667
560,5.60000000e+02,198.625000
561,5.61000000e+02,198.625000
562,5.62000000e+02,199.583333
563,5.63000000e+02,199.583333
564,5.64000000e+02,200.625000
565,5.65000000e+02,200.625000
566,5.66000000e+02,201.708333
567,5.67000000e+02,201.708333
568,5.68000000e+02,203.000000
569,5.69000000e+02,203.000000
570,5.70000000e+02,203.791667
571,5.71000000e+02,203.791667
572,5.72000000e+02,204.958333
573,5.73000000e+02,204.958333
574,5.74000000e+02,205.958333
575,5.75000000e+02,205.958333
576,5.76000000e+02,207.000000
577,5.77000000e+02,207.000000
578,5.78000000e+02,208.166667
579,5.79000000e+02,208.166667
580,5.80000000e+02,209.166667
581,5.81000000e+02,209.166667
582,5.82000000e+02,210.291667
583,5.83000000e+02,210.291667
584,5.84000000e+02,211.500000
585,5.85000000e+02,211.500000
586,5.86000000e+02,212.291667
587,5.87000000e+02,212.291667
588,5.88000000e+02,213.416667
589,5.89000000e+02,213.416667
590,5.90000000e+02,214.583333
591,5.91000000e+02,214.583333
592,5.92000000e+02,215.541667
593,5.93000000e+02,215.541667
594,5.94000000e+02,216.500000
595,5.95000000e+02,216.500000
596,5.96000000e+02,217.458333
597,5.97000000e+02,217.458333
598,5.98000000e+02,218.375000
599,5.99000000e+02,218.375000
600,6.00000000e+02,219.250000
601,6.01000000e+02,219.250000
602,6.02000000e+02,220.166667
603,6.03000000e+02,220.166667
604,6.04000000e+02,220.875000
605,6.05000000e+02,220.875000
606,6.06000000e+02,221.875000
607,6.07000000e+02,221.875000
608,6.08000000e+02,222.625000
609,6.09000000e+02,222.625000
610,6.10000000e+02,223.416667
611,6.11000000e+02,223.416667
612,6.12000000e+02,224.375000
613,6.13000000e+02,224.375000
614,6.14000000e+02,224.875000
615,6.15000000e+02,224.875000
616,6.16000000e+02,225.666667
617,6.17000000e+02,225.666667
618,6.18000000e+02,226.375000
619,6.19000000e+02,226.375000
620,6.20000000e+02,227.083333
621,6.21000000e+02,227.083333
622,6.22000000e+02,227.625000
623,6.23000000e+02,227.625000
624,6.24000000e+02,228.125000
625,6.25000000e+02,228.125000
626,6.26000000e+02,228.916667
627,6.27000000e+02,228.916667
628,6.28000000e+02,229.375000
629,6.29000000e+02,229.375000
630,6.30000000e+02,229.958333
631,6.31000000e+02,229.958333
632,6.32000000e+02,230.291667
633,6.33000000e+02,230.291667
634,6.34000000e+02,230.791667
635,6.35000000e+02,230.791667
636,6.36000000e+02,231.333333
637,6.37000000e+02,231.333333
638,6.38000000e+02,231.833333
639,6.39000000e+02,231.833333
640,6.40000000e+02,232.000000
641,6.41000000e+02,232.000000
642,6.42000000e+02,232.416667
643,6.43000000e+02,232.416667
644,6.44000000e+02,232.708333
645,6.45000000e+02,232.708333
646,6.46000000e+02,233.041667
647,6.47000000e+02,233.041667
648,6.48000000e+02,233.250000
649,6.49000000e+02,233.250000
650,6.50000000e+02,233.541667
651,6.51000000e+02,233.541667
652,6.52000000e+02,233.958333
653,6.53000000e+02,233.958333
654,6.54000000e+02,233.791667
655,6.55000000e+02,233.791667
656,6.56000000e+02,234.166667
657,6.57000000e+02,234.166667
658,6.58000000e+02,234.375000
659,6.59000000e+02,234.375000
660,6.60000000e+02,234.541667
661,6.61000000e+02,234.541667
662,6.62000000e+02,234.583333
663,6.63000000e+02,234.583333
664,6.64000000e+02,234.666667
665,6.65000000e+02,234.666667
666,6.66000000e+02,234.666667
667,6.67000000e+02,234.666667
668,6.68000000e+02,234.791667
669,6.69000000e+02,234.791667
670,6.70000000e+02,234.916667
671,6.71000000e+02,234.916667
672,6.72000000e+02,235.041667
673,6.73000000e+02,235.041667
674,6.74000000e+02,235.041667
675,6.75000000e+02,235.041667
676,6.76000000e+02,235.166667
677,6.77000000e+02,235.166667
678,6.78000000e+02,235.166667
679,6.79000000e+02,235.166667
680,6.80000000e+02,235.083333
681,6.81000000e+02,235.083333
682,6.82000000e+02,234.833333
683,6.83000000e+02,234.833333
684,6.84000000e+02,234.958333
685,6.85000000e+02,234.958333
686,6.86000000e+02,234.958333
687,6.87000000e+02,234.958333
688,6.88000000e+02,234.750000
689,6.89000000e+02,234.750000
690,6.90000000e+02,234.916667
691,6.91000000e+02,234.916667
692,6.92000000e+02,234.708333
693,6.93000000e+02,234.708333
694,6.94000000e+02,234.541667
695,6.95000000e+02,234.541667
696,6.96000000e+02,234.750000
697,6.97000000e+02,234.750000
698,6.98000000e+02,234.541667
699,6.99000000e+02,234.541667
700,7.00000000e+02,234.208333
701,7.01000000e+02,234.208333
702,7.02000000e+02,234.083333
703,7.03000000e+02,234.083333
704,7.04000000e+02,233.958333
705,7.05000000e+02,233.958333
706,7.06000000e+02,233.958333
707,7.07000000e+02,233.958333
708,7.08000000e+02,233.458333
709,7.09000000e+02,233.458333
710,7.10000000e+02,233.375000
711,7.11000000e+02,233.375000
712,7.12000000e+02,233.125000
713,7.13000000e+02,233.125000
714,7.14000000e+02,232.958333
715,7.15000000e+02,232.958333
716,7.16000000e+02,232.541667
717,7.17000000e+02,232.541667
718,7.18000000e+02,232.333333
719,7.19000000e+02,232.333333
720,7.20000000e+02,232.083333
721,7.21000000e+02,232.083333
722,7.22000000e+02,231.750000
723,7.23000000e+02,231.750000
724,7.24000000e+02,231.375000
725,7.25000000e+02,231.375000
726,7.26000000e+02,231.041667
727,7.27000000e+02,231.041667
728,7.28000000e+02,230.750000
729,7.29000000e+02,230.750000
730,7.30000000e+02,230.250000
731,7.31000000e+02,230.250000
732,7.32000000e+02,229.750000
733,7.33000000e+02,229.750000
734,7.34000000e+02,229.500000
735,7.35000000e+02,229.500000
736,7.36000000e+02,228.833333
737,7.37000000e+02,228.833333
738,7.38000000e+02,228.458333
739,7.39000000e+02,228.458333
740,7.40000000e+02,227.958333
741,7.41000000e+02,227.958333
742,7.42000000e+02,227.291667
743,7.43000000e+02,227.291667
744,7.44000000e+02,226.708333
745,7.45000000e+02,226.708333
746,7.46000000e+02,226.166667
747,7.47000000e+02,226.166667
748,7.48000000e+02,225.458333
749,7.49000000e+02,225.458333
750,7.50000000e+02,224.833333
751,7.51000000e+02,224.833333
752,7.52000000e+02,224.041667
753,7.53000000e+02,224.041667
754,7.54000000e+02,223.500000
755,7.55000000e+02,223.500000
756,7.56000000e+02,222.708333
757,7.57000000e+02,222.708333
758,7.58000000e+02,221.875000
759,7.59000000e+02,221.875000
760,7.60000000e+02,221.000000
761,7.61000000e+02,221.000000
762,7.62000000e+02,220.250000
763,7.63000000e+02,220.250000
764,7.64000000e+02,219.333333
765,7.65000000e+02,219.333333
766,7.66000000e+02,218.375000
767,7.67000000e+02,218.375000
768,7.68000000e+02,217.416667
769,7.69000000e+02,217.416667
770,7.70000000e+02,216.416667
771,7.71000000e+02,216.416667
772,7.72000000e+02,215.666667
773,7.73000000e+02,215.666667
774,7.74000000e+02,214.666667
775,7.75000000e+02,214.666667
776,7.76000000e+02,213.458333
777,7.77000000e+02,213.458333
778,7.78000000e+02,212.541667
779,7.79000000e+02,212.541667
780,7.80000000e+02,211.500000
781,7.81000000e+02,211.500000
782,7.82000000e+02,210.625000
783,7.83000000e+02,210.625000
784,7.84000000e+02,209.291667
785,7.85000000e+02,209.291667
786,7.86000000e+02,208.333333
787,7.87000000e+02,208.333333
788,7.88000000e+02,207.083333
789,7.89000000e+02,207.083333
790,7.90000000e+02,206.083333
791,7.91000000e+02,206.083333
792,7.92000000e+02,205.041667
793,7.93000000e+02,205.041667
794,7.94000000e+02,203.916667
795,7.95000000e+02,203.916667
796,7.96000000e+02,202.625000
797,7.97000000e+02,202.625000
798,7.98000000e+02,201.625000
799,7.99000000e+02,201.625000
800,8.00000000e+02,200.583333
801,8.01000000e+02,200.583333
802,8.02000000e+02,199.333333
803,8.03000000e+02,199.333333
804,8.04000000e+02,198.250000
805,8.05000000e+02,198.250000
806,8.06000000e+02,197.166667
807,8.07000000e+02,197.166667
808,8.08000000e+02,196.166667
809,8.09000000e+02,196.166667
810,8.10000000e+02,195.083333
811,8.11000000e+02,195.083333
812,8.12000000e+02,193.958333
813,8.13000000e+02,193.958333
814,8.14000000e+02,192.916667
815,8.15000000e+02,192.916667
816,8.16000000e+02,191.708333
817,8.17000000e+02,191.708333
818,8.18000000e+02,190.833333
819,8.19000000e+02,190.833333
820,8.20000000e+02,189.791667
821,8.21000000e+02,189.791667
822,8.22000000e+02,188.583333
823,8.23000000e+02,188.583333
824,8.24000000e+02,187.541667
825,8.25000000e+02,187.541667
826,8.26000000e+02,186.541667
827,8.27000000e+02,186.541667
828,8.28000000e+02,185.708333
829,8.29000000e+02,185.708333
830,8.30000000e+02,184.416667
831,8.31000000e+02,184.416667
832,8.32000000e+02,183.333333
833,8.33000000e+02,183.333333
834,8.34000000e+02,182.416667
835,8.35000000e+02,182.416667
836,8.36000000e+02,181.291667
837,8.37000000e+02,181.291667
838,8.38000000e+02,180.500000
839,8.39000000e+02,180.500000
840,8.40000000e+02,179.375000
841,8.41000000e+02,179.375000
842,8.42000000e+02,178.375000
843,8.43000000e+02,178.375000
844,8.44000000e+02,177.541667
845,8.45000000e+02,177.541667
846,8.46000000e+02,176.375000
847,8.47000000e+02,176.375000
848,8.48000000e+02,175.416667
849,8.49000000e+02,175.416667
850,8.50000000e+02,174.500000
851,8.51000000e+02,174.500000
852,8.52000000e+02,173.375000
853,8.53000000e+02,173.375000
854,8.54000000e+02,172.500000
855,8.55000000e+02,172.500000
856,8.56000000e+02,171.333333
857,8.57000000e+02,171.333333
858,8.58000000e+02,170.291667
859,8.59000000e+02,170.291667
860,8.60000000e+02,169.166667
861,8.61000000e+02,169.166667
862,8.62000000e+02,168.125000
863,8.63000000e+02,168.125000
864,8.64000000e+02,167.083333
865,8.65000000e+02,167.083333
866,8.66000000e+02,166.208333
867,8.67000000e+02,166.208333
868,8.68000000e+02,164.833333
869,8.69000000e+02,164.833333
870,8.70000000e+02,163.666667
871,8.71000000e+02,163.666667
872,8.72000000e+02,162.625000
873,8.73000000e+02,162.625000
874,8.74000000e+02,161.166667
875,8.75000000e+02,161.166667
876,8.76000000e+02,160.208333
877,8.77000000e+02,160.208333
878,8.78000000e+02,158.916667
879,8.79000000e+02,158.916667
880,8.80000000e+02,157.708333
881,8.81000000e+02,157.708333
882,8.82000000e+02,156.583333
883,8.83000000e+02,156.583333
884,8.84000000e+02,155.125000
885,8.85000000e+02,155.125000
886,8.86000000e+02,153.708333
887,8.87000000e+02,153.708333
888,8.88000000e+02,152.500000
889,8.89000000e+02,152.500000
890,8.90000000e+02,150.958333
891,8.91000000e+02,150.958333
892,8.92000000e+02,149.458333
893,8.93000000e+02,149.458333
894,8.94000000e+02,148.375000
895,8.95000000e+02,148.375000
896,8.96000000e+02,146.708333
897,8.97000000e+02,146.708333
898,8.98000000e+02,145.166667
899,8.99000000e+02,145.166667
900,9.00000000e+02,143.541667
901,9.01000000e+02,143.541667
902,9.02000000e+02,142.083333
903,9.03000000e+02,142.083333
904,9.04000000e+02,140.583333
905,9.05000000e+02,140.583333
906,9.06000000e+02,138.916667
907,9.07000000e+02,138.916667
908,9.08000000e+02,137.333333
909,9.09000000e+02,137.333333
910,9.10000000e+02,135.541667
911,9.11000000e+02,135.541667
912,9.12000000e+02,134.041667
913,9.13000000e+02,134.041667
914,9.14000000e+02,132.291667
915,9.15000000e+02,132.291667
916,9.16000000e+02,130.541667
917,9.17000000e+02,130.541667
918,9.18000000e+02,128.791667
919,9.19000000e+02,128.791667
920,9.20000000e+02,126.958333
921,9.21000000e+02,126.958333
922,9.22000000e+02,125.083333
923,9.23000000e+02,125.083333
924,9.24000000e+02,123.458333
925,9.25000000e+02,123.458333
926,9.26000000e+02,121.541667
927,9.27000000e+02,121.541667
928,9.28000000e+02,120.041667
929,9.29000000e+02,120.041667
930,9.30000000e+02,117.875000
931,9.31000000e+02,117.875000
932,9.32000000e+02,116.291667
933,9.33000000e+02,116.291667
934,9.34000000e+02,114.458333
935,9.35000000e+02,114.458333
936,9.36000000e+02,112.625000
937,9.37000000e+02,112.625000
938,9.38000000e+02,110.750000
939,9.39000000e+02,110.750000
940,9.40000000e+02,108.916667
941,9.41000000e+02,108.916667
942,9.42000000e+02,107.125000
943,9.43000000e+02,107.125000
944,9.44000000e+02,105.208333
945,9.45000000e+02,105.208333
946,9.46000000e+02,103.375000
947,9.47000000e+02,103.375000
948,9.48000000e+02,101.375000
949,9.49000000e+02,101.375000
950,9.50000000e+02,99.750000
951,9.51000000e+02,99.750000
952,9.52000000e+02,97.875000
953,9.53000000e+02,97.875000
954,9.54000000e+02,96.166667
955,9.55000000e+02,96.166667
956,9.56000000e+02,94.166667
957,9.57000000e+02,94.166667
958,9.58000000e+02,92.375000
959,9.59000000e+02,92.375000
960,9.60000000e+02,90.750000
961,9.61000000e+02,90.750000
962,9.62000000e+02,88.791667
963,9.63000000e+02,88.791667
964,9.64000000e+02,87.125000
965,9.65000000e+02,87.125000
966,9.66000000e+02,85.250000
967,9.67000000e+02,85.250000
968,9.68000000e+02,83.625000
969,9.69000000e+02,83.625000
970,9.70000000e+02,81.791667
971,9.71000000e+02,81.791667
972,9.72000000e+02,79.875000
973,9.73000000e+02,79.875000
974,9.74000000e+02,78.208333
975,9.75000000e+02,78.208333
976,9.76000000e+02,76.500000
977,9.77000000e+02,76.500000
978,9.78000000e+02,74.708333
979,9.79000000e+02,74.708333
980,9.80000000e+02,72.875000
981,9.81000000e+02,72.875000
982,9.82000000e+02,71.166667
983,9.83000000e+02,71.166667
984,9.84000000e+02,69.458333
985,9.85000000e+02,69.458333
986,9.86000000e+02,67.708333
987,9.87000000e+02,67.708333
988,9.88000000e+02,65.958333
989,9.89000000e+02,65.958333
990,9.90000000e+02,64.250000
991,9.91000000e+02,64.250000
992,9.92000000e+02,62.416667
993,9.93000000e+02,62.416667
994,9.94000000e+02,60.666667
995,9.95000000e+02,60.666667
996,9.96000000e+02,58.916667
997,9.97000000e+02,58.916667
998,9.98000000e+02,57.083333
999,9.99000000e+02,57.083333
1000,1.00000000e+03,55.208333
1001,1.00100000e+03,55.208333
1002,1.00200000e+03,53.750000
1003,1.00300000e+03,53.750000
1004,1.00400000e+03,51.791667
1005,1.00500000e+03,51.791667
1006,1.00600000e+03,50.000000
1007,1.00700000e+03,50.000000
1008,1.00800000e+03,48.208333
1009,1.00900000e+03,48.208333
1010,1.01000000e+03,46.291667
1011,1.01100000e+03,46.291667
1012,1.01200000e+03,44.458333
1013,1.01300000e+03,44.458333
1014,1.01400000e+03,42.375000
1015,1.01500000e+03,42.375000
1016,1.01600000e+03,40.541667
1017,1.01700000e+03,40.541667
1018,1.01800000e+03,38.541667
1019,1.01900000e+03,38.541667
1020,1.02000000e+03,36.666667
1021,1.02100000e+03,36.666667
1022,1.02200000e+03,34.666667
1023,1.02300000e+03,34.666667
1024,1.02400000e+03,32.708333
1025,1.02500000e+03,32.708333
1026,1.02600000e+03,30.875000
1027,1.02700000e+03,30.875000
1028,1.02800000e+03,28.791667
1029,1.02900000e+03,28.791667
1030,1.03000000e+03,26.625000
1031,1.03100000e+03,26.625000
1032,1.03200000e+03,24.708333
1033,1.03300000e+03,24.708333
1034,1.03400000e+03,22.583333
1035,1.03500000e+03,22.583333
1036,1.03600000e+03,20.500000
1037,1.03700000e+03,20.500000
1038,1.03800000e+03,18.541667
1039,1.03900000e+03,18.541667
1040,1.04000000e+03,16.416667
1041,1.04100000e+03,16.416667
1042,1.04200000e+03,14.166667
1043,1.04300000e+03,14.166667
1044,1.04400000e+03,12.000000
1045,1.04500000e+03,12.000000
1046,1.04600000e+03,10.041667
1047,1.04700000e+03,10.041667
1048,1.04800000e+03,7.750000
1049,1.04900000e+03,7.750000
1050,1.05000000e+03,5.708333
1051,1.05100000e+03,5.708333
1052,1.05200000e+03,3.541667
1053,1.05300000e+03,3.541667
1054,1.05400000e+03,1.333333
1055,1.05500000e+03,1.333333
1056,1.05600000e+03,-0.583333
1057,1.05700000e+03,-0.583333
1058,1.05800000e+03,-2.750000
1059,1.05900000e+03,-2.750000
1060,1.06000000e+03,-5.041667
1061,1.06100000e+03,-5.041667
1062,1.06200000e+03,-7.041667
1063,1.06300000e+03,-7.041667
1064,1.06400000e+03,-9.375000
1065,1.06500000e+03,-9.375000
1066,1.06600000e+03,-11.291667
1067,1.06700000e+03,-11.291667
1068,1.06800000e+03,-13.666667
1069,1.06900000e+03,-13.666667
1070,1.07000000e+03,-15.625000
1071,1.07100000e+03,-15.625000
1072,1.07200000e+03,-17.666667
1073,1.07300000e+03,-17.666667
1074,1.07400000e+03,-19.958333
1075,1.07500000e+03,-19.958333
1076,1.07600000e+03,-21.958333
1077,1.07700000e+03,-21.958333
1078,1.07800000e+03,-24.125000
1079,1.07900000e+03,-24.125000
1080,1.08000000e+03,-26.291667
1081,1.08100000e+03,-26.291667
1082,1.08200000e+03,-28.375000
1083,1.08300000e+03,-28.375000
1084,1.08400000e+03,-30.333333
1085,1.08500000e+03,-30.333333
1086,1.08600000e+03,-32.291667
1087,1.08700000e+03,-32.291667
1088,1.08800000e+03,-34.250000
1089,1.08900000e+03,-34.250000
1090,1.09000000e+03,-36.333333
1091,1.09100000e+03,-36.333333
1092,1.09200000e+03,-38.250000
1093,1.09300000e+03,-38.250000
1094,1.09400000e+03,-40.250000
1095,1.09500000e+03,-40.250000
1096,1.09600000e+03,-42.208333
1097,1.09700000e+03,-42.208333
1098,1.09800000e+03,-44.250000
1099,1.09900000e+03,-44.250000
1100,1.10000000e+03,-46.166667
1101,1.10100000e+03,-46.166667
1102,1.10200000e+03,-48.125000
1103,1.10300000e+03,-48.125000
1104,1.10400000e+03,-49.916667
1105,1.10500000e+03,-49.916667
1106,1.10600000e+03,-51.708333
1107,1.10700000e+03,-51.708333
1108,1.10800000e+03,-53.500000
1109,1.10900000e+03,-53.500000
1110,1.11000000e+03,-55.458333
1111,1.11100000e+03,-55.458333
1112,1.11200000e+03,-57.125000
1113,1.11300000e+03,-57.125000
1114,1.11400000e+03,-58.875000
1115,1.11500000e+03,-58.875000
1116,1.11600000e+03,-60.875000
1117,1.11700000e+03,-60.875000
1118,1.11800000e+03,-62.666667
1119,1.11900000e+03,-62.666667
1120,1.12000000e+03,-64.291667
1121,1.12100000e+03,-64.291667
1122,1.12200000e+03,-66.041667
1123,1.12300000e+03,-66.041667
1124,1.12400000e+03,-67.875000
1125,1.12500000e+03,-67.875000
1126,1.12600000e+03,-69.625000
1127,1.12700000e+03,-69.625000
1128,1.12800000e+03,-71.333333
1129,1.12900000e+03,-71.333333
1130,1.13000000e+03,-73.083333
1131,1.13100000e+03,-73.083333
1132,1.13200000e+03,-74.875000
1133,1.13300000e+03,-74.875000
1134,1.13400000e+03,-76.541667
1135,1.13500000e+03,-76.541667
1136,1.13600000e+03,-78.291667
1137,1.13700000e+03,-78.291667
1138,1.13800000e+03,-80.125000
1139,1.13900000e+03,-80.125000
1140,1.14000000e+03,-81.875000
1141,1.14100000e+03,-81.875000
1142,1.14200000e+03,-83.500000
1143,1.14300000e+03,-83.500000
1144,1.14400000e+03,-85.291667
1145,1.14500000e+03,-85.291667
1146,1.14600000e+03,-87.041667
1147,1.14700000e+03,-87.041667
1148,1.14800000e+03,-88.833333
1149,1.14900000e+03,-88.833333
1150,1.15000000e+03,-90.416667
1151,1.15100000e+03,-90.416667
1152,1.15200000e+03,-92.208333
1153,1.15300000e+03,-92.208333
1154,1.15400000e+03,-94.041667
1155,1.15500000e+03,-94.041667
1156,1.15600000e+03,-95.958333
1157,1.15700000e+03,-95.958333
1158,1.15800000e+03,-97.708333
1159,1.15900000e+03,-97.708333
1160,1.16000000e+03,-99.500000
1161,1.16100000e+03,-99.500000
1162,1.16200000e+03,-101.375000
1163,1.16300000e+03,-101.375000
1164,1.16400000e+03,-103.083333
1165,1.16500000e+03,-103.083333
1166,1.16600000e+03,-104.875000
1167,1.16700000e+03,-104.875000
1168,1.16800000e+03,-106.625000
1169,1.16900000e+03,-106.625000
1170,1.17000000e+03,-108.375000
1171,1.17100000e+03,-108.375000
1172,1.17200000e+03,-110.208333
1173,1.17300000e+03,-110.208333
1174,1.17400000e+03,-111.916667
1175,1.17500000e+03,-111.916667
1176,1.17600000e+03,-113.791667
1177,1.17700000e+03,-113.791667
1178,1.17800000e+03,-115.666667
1179,1.17900000e+03,-115.666667
1180,1.18000000e+03,-117.333333
1181,1.18100000e+03,-117.333333
1182,1.18200000e+03,-119.291667
1183,1.18300000e+03,-119.291667
1184,1.18400000e+03,-120.958333
1185,1.18500000e+03,-120.958333
1186,1.18600000e+03,-122.708333
1187,1.18700000e+03,-122.708333
1188,1.18800000e+03,-124.416667
1189,1.18900000e+03,-124.416667
1190,1.19000000e+03,-126.375000
1191,1.19100000e+03,-126.375000
1192,1.19200000e+03,-128.083333
1193,1.19300000e+03,-128.083333
1194,1.19400000e+03,-129.708333
1195,1.19500000e+03,-129.708333
1196,1.19600000e+03,-131.500000
1197,1.19700000e+03,-131.500000
1198,1.19800000e+03,-133.166667
1199,1.19900000e+03,-133.166667
1200,1.20000000e+03,-134.875000
1201,1.20100000e+03,-134.875000
1202,1.20200000e+03,-136.458333
1203,1.20300000e+03,-136.458333
1204,1.20400000e+03,-137.958333
1205,1.20500000e+03,-137.958333
1206,1.20600000e+03,-139.666667
1207,1.20700000e+03,-139.666667
1208,1.20800000e+03,-141.208333
1209,1.20900000e+03,-141.208333
1210,1.21000000e+03,-142.958333
1211,1.21100000e+03,-142.958333
1212,1.21200000e+03,-144.541667
1213,1.21300000e+03,-144.541667
1214,1.21400000e+03,-145.916667
1215,1.21500000e+03,-145.916667
1216,1.21600000e+03,-147.250000
1217,1.21700000e+03,-147.250000
1218,1.21800000e+03,-148.875000
1219,1.21900000e+03,-148.875000
1220,1.22000000e+03,-150.500000
1221,1.22100000e+03,-150.500000
1222,1.22200000e+03,-151.833333
1223,1.22300000e+03,-151.833333
1224,1.22400000e+03,-153.125000
1225,1.22500000e+03,-153.125000
1226,1.22600000e+03,-154.750000
1227,1.22700000e+03,-154.750000
1228,1.22800000e+03,-156.041667
1229,1.22900000e+03,-156.041667
1230,1.23000000e+03,-157.291667
1231,1.23100000e+03,-157.291667
1232,1.23200000e+03,-158.333333
1233,1.23300000e+03,-158.333333
1234,1.23400000e+03,-159.875000
1235,1.23500000e+03,-159.875000
1236,1.23600000e+03,-160.958333
1237,1.23700000e+03,-160.958333
1238,1.23800000e+03,-162.208333
1239,1.23900000e+03,-162.208333
1240,1.24000000e+03,-163.541667
1241,1.24100000e+03,-163.541667
1242,1.24200000e+03,-164.666667
1243,1.24300000e+03,-164.666667
1244,1.24400000e+03,-165.791667
1245,1.24500000e+03,-165.791667
1246,1.24600000e+03,-166.875000
1247,1.24700000e+03,-166.875000
1248,1.24800000e+03,-168.083333
1249,1.24900000e+03,-168.083333
1250,1.25000000e+03,-169.083333
1251,1.25100000e+03,-169.083333
1252,1.25200000e+03,-170.208333
1253,1.25300000e+03,-170.208333
1254,1.25400000e+03,-171.250000
1255,1.25500000e+03,-171.250000
1256,1.25600000e+03,-172.375000
1257,1.25700000e+03,-172.375000
1258,1.25800000e+03,-173.458333
1259,1.25900000e+03,-173.458333
1260,1.26000000e+03,-174.458333
1261,1.26100000e+03,-174.458333
1262,1.26200000e+03,-175.458333
1263,1.26300000e+03,-175.458333
1264,1.26400000e+03,-176.625000
1265,1.26500000e+03,-176.625000
1266,1.26600000e+03,-177.375000
1267,1.26700000e+03,-177.375000
1268,1.26800000e+03,-178.291667
1269,1.26900000e+03,-178.291667
1270,1.27000000e+03,-179.500000
1271,1.27100000e+03,-179.500000
1272,1.27200000e+03,-180.375000
1273,1.27300000e+03,-180.375000
1274,1.27400000e+03,-181.500000
1275,1.27500000e+03,-181.500000
1276,1.27600000e+03,-182.333333
1277,1.27700000e+03,-182.333333
1278,1.27800000e+03,-183.250000
1279,1.27900000e+03,-183.250000
1280,1.28000000e+03,-184.291667
1281,1.28100000e+03,-184.291667
1282,1.28200000e+03,-185.375000
1283,1.28300000e+03,-185.375000
1284,1.28400000e+03,-186.333333
1285,1.28500000e+03,-186.333333
1286,1.28600000e+03,-187.375000
1287,1.28700000e+03,-187.375000
1288,1.28800000e+03,-188.250000
1289,1.28900000e+03,-188.250000
1290,1.29000000e+03,-189.208333
1291,1.29100000e+03,-189.208333
1292,1.29200000e+03,-190.375000
1293,1.29300000e+03,-190.375000
1294,1.29400000e+03,-191.375000
1295,1.29500000e+03,-191.375000
1296,1.29600000e+03,-192.416667
1297,1.29700000e+03,-192.416667
1298,1.29800000e+03,-193.291667
1299,1.29900000e+03,-193.291667
1300,1.30000000e+03,-194.500000
1301,1.30100000e+03,-194.500000
1302,1.30200000e+03,-195.500000
1303,1.30300000e+03,-195.500000
1304,1.30400000e+03,-196.500000
1305,1.30500000e+03,-196.500000
1306,1.30600000e+03,-197.625000
1307,1.30700000e+03,-197.625000
1308,1.30800000e+03,-198.666667
1309,1.30900000e+03,-198.666667
1310,1.31000000e+03,-199.875000
1311,1.31100000e+03,-199.875000
1312,1.31200000e+03,-200.833333
1313,1.31300000e+03,-200.833333
1314,1.31400000e+03,-201.833333
1315,1.31500000e+03,-201.833333
1316,1.31600000e+03,-202.875000
1317,1.31700000e+03,-202.875000
1318,1.31800000e+03,-203.916667
1319,1.31900000e+03,-203.916667
1320,1.32000000e+03,-205.125000
1321,1.32100000e+03,-205.125000
1322,1.32200000e+03,-206.291667
1323,1.32300000e+03,-206.291667
1324,1.32400000e+03,-207.375000
1325,1.32500000e+03,-207.375000
1326,1.32600000e+03,-208.416667
1327,1.32700000e+03,-208.416667
1328,1.32800000e+03,-209.250000
1329,1.32900000e+03,-209.250000
1330,1.33000000e+03,-210.500000
1331,1.33100000e+03,-210.500000
1332,1.33200000e+03,-211.416667
1333,1.33300000e+03,-211.416667
1334,1.33400000e+03,-212.500000
1335,1.33500000e+03,-212.500000
1336,1.33600000e+03,-213.541667
1337,1.33700000e+03,-213.541667
1338,1.33800000e+03,-214.666667
1339,1.33900000e+03,-214.666667
1340,1.34000000e+03,-215.750000
1341,1.34100000e+03,-215.750000
1342,1.34200000e+03,-216.541667
1343,1.34300000e+03,-216.541667
1344,1.34400000e+03,-217.416667
1345,1.34500000e+03,-217.416667
1346,1.34600000e+03,-218.375000
1347,1.34700000e+03,-218.375000
1348,1.34800000e+03,-219.208333
1349,1.34900000e+03,-219.208333
1350,1.35000000e+03,-220.208333
1351,1.35100000e+03,-220.208333
1352,1.35200000e+03,-221.000000
1353,1.35300000e+03,-221.000000
1354,1.35400000e+03,-221.750000
1355,1.35500000e+03,-221.750000
1356,1.35600000e+03,-222.666667
1357,1.35700000e+03,-222.666667
1358,1.35800000e+03,-223.416667
1359,1.35900000e+03,-223.416667
1360,1.36000000e+03,-224.291667
1361,1.36100000e+03,-224.291667
1362,1.36200000e+03,-224.875000
1363,1.36300000e+03,-224.875000
1364,1.36400000e+03,-225.541667
1365,1.36500000e+03,-225.541667
1366,1.36600000e+03,-226.208333
1367,1.36700000e+03,-226.208333
1368,1.36800000e+03,-226.958333
1369,1.36900000e+03,-226.958333
1370,1.37000000e+03,-227.583333
1371,1.37100000e+03,-227.583333
1372,1.37200000e+03,-228.041667
1373,1.37300000e+03,-228.041667
1374,1.37400000e+03,-228.541667
1375,1.37500000e+03,-228.541667
1376,1.37600000e+03,-229.125000
1377,1.37700000e+03,-229.125000
1378,1.37800000e+03,-229.666667
1379,1.37900000e+03,-229.666667
1380,1.38000000e+03,-230.125000
1381,1.38100000e+03,-230.125000
1382,1.38200000e+03,-230.583333
1383,1.38300000e+03,-230.583333
1384,1.38400000e+03,-231.000000
1385,1.38500000e+03,-231.000000
1386,1.38600000e+03,-231.458333
1387,1.38700000e+03,-231.458333
1388,1.38800000e+03,-231.833333
1389,1.38900000e+03,-231.833333
1390,1.39000000e+03,-232.000000
1391,1.39100000e+03,-232.000000
1392,1.39200000e+03,-232.458333
1393,1.39300000e+03,-232.458333
1394,1.39400000e+03,-232.708333
1395,1.39500000e+03,-232.708333
1396,1.39600000e+03,-232.916667
1397,1.39700000e+03,-232.916667
1398,1.39800000e+03,-233.250000
1399,1.39900000e+03,-233.250000
1400,1.40000000e+03,-233.375000
1401,1.40100000e+03,-233.375000
1402,1.40200000e+03,-233.541667
1403,1.40300000e+03,-233.541667
1404,1.40400000e+03,-233.791667
1405,1.40500000e+03,-233.791667
1406,1.40600000e+03,-234.000000
1407,1.40700000e+03,-234.000000
1408,1.40800000e+03,-234.208333
1409,1.40900000e+03,-234.208333
1410,1.41000000e+03,-234.125000
1411,1.41100000e+03,-234.125000
1412,1.41200000e+03,-234.333333
1413,1.41300000e+03,-234.333333
1414,1.41400000e+03,-234.458333
1415,1.41500000e+03,-234.458333
1416,1.41600000e+03,-234.416667
1417,1.41700000e+03,-234.416667
1418,1.41800000e+03,-234.541667
1419,1.41900000e+03,-234.541667
1420,1.42000000e+03,-234.500000
1421,1.42100000e+03,-234.500000
1422,1.42200000e+03,-234.541667
1423,1.42300000e+03,-234.541667
1424,1.42400000e+03,-234.500000
1425,1.42500000e+03,-234.500000
1426,1.42600000e+03,-234.583333
1427,1.42700000e+03,-234.583333
1428,1.42800000e+03,-234.500000
1429,1.42900000e+03,-234.500000
1430,1.43000000e+03,-234.541667
1431,1.43100000e+03,-234.541667
1432,1.43200000e+03,-234.416667
1433,1.43300000e+03,-234.416667
1434,1.43400000e+03,-234.458333
1435,1.43500000e+03,-234.458333
1436,1.43600000e+03,-234.458333
1437,1.43700000e+03,-234.458333
1438,1.43800000e+03,-234.375000
1439,1.43900000e+03,-234.375000
1440,1.44000000e+03,-234.333333
1441,1.44100000e+03,-234.333333
1442,1.44200000e+03,-234.166667
1443,1.44300000e+03,-234.166667
1444,1.44400000e+03,-233.916667
1445,1.44500000e+03,-233.916667
1446,1.44600000e+03,-233.833333
1447,1.44700000e+03,-233.833333
1448,1.44800000e+03,-233.625000
1449,1.44900000e+03,-233.625000
1450,1.45000000e+03,-233.541667
1451,1.45100000e+03,-233.541667
1452,1.45200000e+03,-233.500000
1453,1.45300000e+03,-233.500000
1454,1.45400000e+03,-233.208333
1455,1.45500000e+03,-233.208333
1456,1.45600000e+03,-232.916667
1457,1.45700000e+03,-232.916667
1458,1.45800000e+03,-232.708333
1459,1.45900000e+03,-232.708333
1460,1.46000000e+03,-232.541667
1461,1.46100000e+03,-232.541667
1462,1.46200000e+03,-232.416667
1463,1.46300000e+03,-232.416667
1464,1.46400000e+03,-232.125000
1465,1.46500000e+03,-232.125000
1466,1.46600000e+03,-231.791667
1467,1.46700000e+03,-231.791667
1468,1.46800000e+03,-231.500000
1469,1.46900000e+03,-231.500000
1470,1.47000000e+03,-231.125000
1471,1.47100000e+03,-231.125000
1472,1.47200000e+03,-230.875000
1473,1.47300000e+03,-230.875000
1474,1.47400000e+03,-230.458333
1475,1.47500000e+03,-230.458333
1476,1.47600000e+03,-229.916667
1477,1.47700000e+03,-229.916667
1478,1.47800000e+03,-229.625000
1479,1.47900000e+03,-229.625000
1480,1.48000000e+03,-229.041667
1481,1.48100000e+03,-229.041667
1482,1.48200000e+03,-228.791667
1483,1.48300000e+03,-228.791667
1484,1.48400000e+03,-228.208333
1485,1.48500000e+03,-228.208333
1486,1.48600000e+03,-227.833333
1487,1.48700000e+03,-227.833333
1488,1.48800000e+03,-227.166667
1489,1.48900000e+03,-227.166667
1490,1.49000000e+03,-226.541667
1491,1.49100000e+03,-226.541667
1492,1.49200000e+03,-226.041667
1493,1.49300000e+03,-226.041667
1494,1.49400000e+03,-225.375000
1495,1.49500000e+03,-225.375000
1496,1.49600000e+03,-224.750000
1497,1.49700000e+03,-224.750000
1498,1.49800000e+03,-224.000000
1499,1.49900000e+03,-224.000000
1500,1.50000000e+03,-223.333333
1501,1.50100000e+03,-223.333333
1502,1.50200000e+03,-222.666667
1503,1.50300000e+03,-222.666667
1504,1.50400000e+03,-221.833333
1505,1.50500000e+03,-221.833333
1506,1.50600000e+03,-221.041667
1507,1.50700000e+03,-221.041667
1508,1.50800000e+03,-220.166667
1509,1.50900000e+03,-220.166667
1510,1.51000000e+03,-219.208333
1511,1.51100000e+03,-219.208333
1512,1.51200000e+03,-218.541667
1513,1.51300000e+03,-218.541667
1514,1.51400000e+03,-217.458333
1515,1.51500000e+03,-217.458333
1516,1.51600000e+03,-216.583333
1517,1.51700000e+03,-216.583333
1518,1.51800000e+03,-215.625000
1519,1.51900000e+03,-215.625000
1520,1.52000000e+03,-214.666667
1521,1.52100000e+03,-214.666667
1522,1.52200000e+03,-213.625000
1523,1.52300000e+03,-213.625000
1524,1.52400000e+03,-212.708333
1525,1.52500000e+03,-212.708333
1526,1.52600000e+03,-211.750000
1527,1.52700000e+03,-211.750000
1528,1.52800000e+03,-210.666667
1529,1.52900000e+03,-210.666667
1530,1.53000000e+03,-209.583333
1531,1.53100000e+03,-209.583333
1532,1.53200000e+03,-208.583333
1533,1.53300000e+03,-208.583333
1534,1.53400000e+03,-207.416667
1535,1.53500000e+03,-207.416667
1536,1.53600000e+03,-206.291667
1537,1.53700000e+03,-206.291667
1538,1.53800000e+03,-205.208333
1539,1.53900000e+03,-205.208333
1540,1.54000000e+03,-204.208333
1541,1.54100000e+03,-204.208333
1542,1.54200000e+03,-203.000000
1543,1.54300000e+03,-203.000000
1544,1.54400000e+03,-201.875000
1545,1.54500000e+03,-201.875000
1546,1.54600000e+03,-200.833333
1547,1.54700000e+03,-200.833333
1548,1.54800000e+03,-199.791667
1549,1.54900000e+03,-199.791667
1550,1.55000000e+03,-198.500000
1551,1.55100000e+03,-198.500000
1552,1.55200000e+03,-197.416667
1553,1.55300000e+03,-197.416667
1554,1.55400000e+03,-196.333333
1555,1.55500000e+03,-196.333333
1556,1.55600000e+03,-195.125000
1557,1.55700000e+03,-195.125000
1558,1.55800000e+03,-194.208333
1559,1.55900000e+03,-194.208333
1560,1.56000000e+03,-193.041667
1561,1.56100000e+03,-193.041667
1562,1.56200000e+03,-192.125000
1563,1.56300000e+03,-192.125000
1564,1.56400000e+03,-190.958333
1565,1.56500000e+03,-190.958333
1566,1.56600000e+03,-189.791667
1567,1.56700000e+03,-189.791667
1568,1.56800000e+03,-188.791667
1569,1.56900000e+03,-188.791667
1570,1.57000000e+03,-187.875000
1571,1.57100000e+03,-187.875000
1572,1.57200000e+03,-186.750000
1573,1.57300000e+03,-186.750000
1574,1.57400000e+03,-185.625000
1575,1.57500000e+03,-185.625000
1576,1.57600000e+03,-184.625000
1577,1.57700000e+03,-184.625000
1578,1.57800000e+03,-183.666667
1579,1.57900000e+03,-183.666667
1580,1.58000000e+03,-182.625000
1581,1.58100000e+03,-182.625000
1582,1.58200000e+03,-181.625000
1583,1.58300000e+03,-181.625000
1584,1.58400000e+03,-180.625000
1585,1.58500000e+03,-180.625000
1586,1.58600000e+03,-179.541667
1587,1.58700000e+03,-179.541667
1588,1.58800000e+03,-178.458333
1589,1.58900000e+03,-178.458333
1590,1.59000000e+03,-177.583333
1591,1.59100000e+03,-177.583333
1592,1.59200000e+03,-176.666667
1593,1.59300000e+03,-176.666667
1594,1.59400000e+03,-175.541667
1595,1.59500000e+03,-175.541667
1596,1.59600000e+03,-174.458333
1597,1.59700000e+03,-174.458333
1598,1.59800000e+03,-173.625000
1599,1.59900000e+03,-173.625000
1600,1.60000000e+03,-172.666667
1601,1.60100000e+03,-172.666667
1602,1.60200000e+03,-171.583333
1603,1.60300000e+03,-171.583333
1604,1.60400000e+03,-170.541667
1605,1.60500000e+03,-170.541667
1606,1.60600000e+03,-169.500000
1607,1.60700000e+03,-169.500000
1608,1.60800000e+03,-168.458333
1609,1.60900000e+03,-168.458333
1610,1.61000000e+03,-167.250000
1611,1.61100000e+03,-167.250000
1612,1.61200000e+03,-166.166667
1613,1.61300000e+03,-166.166667
1614,1.61400000e+03,-165.041667
1615,1.61500000e+03,-165.041667
1616,1.61600000e+03,-164.000000
1617,1.61700000e+03,-164.000000
1618,1.61800000e+03,-163.000000
1619,1.61900000e+03,-163.000000
1620,1.62000000e+03,-161.708333
1621,1.62100000e+03,-161.708333
1622,1.62200000e+03,-160.500000
1623,1.62300000e+03,-160.500000
1624,1.62400000e+03,-159.250000
1625,1.62500000e+03,-159.250000
1626,1.62600000e+03,-158.041667
1627,1.62700000e+03,-158.041667
1628,1.62800000e+03,-156.833333
1629,1.62900000e+03,-156.833333
1630,1.63000000e+03,-155.541667
1631,1.63100000e+03,-155.541667
1632,1.63200000e+03,-154.208333
1633,1.63300000e+03,-154.208333
1634,1.63400000e+03,-152.791667
1635,1.63500000e+03,-152.791667
1636,1.63600000e+03,-151.500000
1637,1.63700000e+03,-151.500000
1638,1.63800000e+03,-149.958333
1639,1.63900000e+03,-149.958333
1640,1.64000000e+03,-148.666667
1641,1.64100000e+03,-148.666667
1642,1.64200000e+03,-147.125000
1643,1.64300000e+03,-147.125000
1644,1.64400000e+03,-145.666667
1645,1.64500000e+03,-145.666667
1646,1.64600000e+03,-144.083333
1647,1.64700000e+03,-144.083333
1648,1.64800000e+03,-142.625000
1649,1.64900000e+03,-142.625000
1650,1.65000000e+03,-141.000000
1651,1.65100000e+03,-141.000000
1652,1.65200000e+03,-139.583333
1653,1.65300000e+03,-139.583333
1654,1.65400000e+03,-137.875000
1655,1.65500000e+03,-137.875000
1656,1.65600000e+03,-136.208333
1657,1.65700000e+03,-136.208333
1658,1.65800000e+03,-134.625000
1659,1.65900000e+03,-134.625000
1660,1.66000000e+03,-132.875000
1661,1.66100000e+03,-132.875000
1662,1.66200000e+03,-131.166667
1663,1.66300000e+03,-131.166667
1664,1.66400000e+03,-129.416667
1665,1.66500000e+03,-129.416667
1666,1.66600000e+03,-127.708333
1667,1.66700000e+03,-127.708333
1668,1.66800000e+03,-125.916667
1669,1.66900000e+03,-125.916667
1670,1.67000000e+03,-124.000000
1671,1.67100000e+03,-124.000000
1672,1.67200000e+03,-122.291667
1673,1.67300000e+03,-122.291667
1674,1.67400000e+03,-120.541667
1675,1.67500000e+03,-120.541667
1676,1.67600000e+03,-118.708333
1677,1.67700000e+03,-118.708333
1678,1.67800000e+03,-116.958333
1679,1.67900000e+03,-116.958333
1680,1.68000000e+03,-115.041667
1681,1.68100000e+03,-115.041667
1682,1.68200000e+03,-113.416667
1683,1.68300000e+03,-113.416667
1684,1.68400000e+03,-111.458333
1685,1.68500000e+03,-111.458333
1686,1.68600000e+03,-109.541667
1687,1.68700000e+03,-109.541667
1688,1.68800000e+03,-107.875000
1689,1.68900000e+03,-107.875000
1690,1.69000000e+03,-105.958333
1691,1.69100000e+03,-105.958333
1692,1.69200000e+03,-104.125000
1693,1.69300000e+03,-104.125000
1694,1.69400000e+03,-102.375000
1695,1.69500000e+03,-102.375000
1696,1.69600000e+03,-100.500000
1697,1.69700000e+03,-100.500000
1698,1.69800000e+03,-98.750000
1699,1.69900000e+03,-98.750000
1700,1.70000000e+03,-96.875000
1701,1.70100000e+03,-96.875000
1702,1.70200000e+03,-95.083333
1703,1.70300000e+03,-95.083333
1704,1.70400000e+03,-93.416667
1705,1.70500000e+03,-93.416667
1706,1.70600000e+03,-91.458333
1707,1.70700000e+03,-91.458333
1708,1.70800000e+03,-89.583333
1709,1.70900000e+03,-89.583333
1710,1.71000000e+03,-87.666667
1711,1.71100000e+03,-87.666667
1712,1.71200000e+03,-86.041667
1713,1.71300000e+03,-86.041667
1714,1.71400000e+03,-84.333333
1715,1.71500000e+03,-84.333333
1716,1.71600000e+03,-82.500000
1717,1.71700000e+03,-82.500000
1718,1.71800000e+03,-80.708333
1719,1.71900000e+03,-80.708333
1720,1.72000000e+03,-78.833333
1721,1.72100000e+03,-78.833333
1722,1.72200000e+03,-77.000000
1723,1.72300000e+03,-77.000000
1724,1.72400000e+03,-75.583333
1725,1.72500000e+03,-75.583333
1726,1.72600000e+03,-73.708333
1727,1.72700000e+03,-73.708333
1728,1.72800000e+03,-72.000000
1729,1.72900000e+03,-72.000000
1730,1.73000000e+03,-70.166667
1731,1.73100000e+03,-70.166667
1732,1.73200000e+03,-68.500000
1733,1.73300000e+03,-68.500000
1734,1.73400000e+03,-66.791667
1735,1.73500000e+03,-66.791667
1736,1.73600000e+03,-65.041667
1737,1.73700000e+03,-65.041667
1738,1.73800000e+03,-63.333333
1739,1.73900000e+03,-63.333333
1740,1.74000000e+03,-61.541667
1741,1.74100000e+03,-61.541667
1742,1.74200000e+03,-59.750000
1743,1.74300000e+03,-59.750000
1744,1.74400000e+03,-58.041667
1745,1.74500000e+03,-58.041667
1746,1.74600000e+03,-56.250000
1747,1.74700000e+03,-56.250000
1748,1.74800000e+03,-54.500000
1749,1.74900000e+03,-54.500000
1750,1.75000000e+03,-52.666667
1751,1.75100000e+03,-52.666667
1752,1.75200000e+03,-50.750000
1753,1.75300000e+03,-50.750000
1754,1.75400000e+03,-49.041667
1755,1.75500000e+03,-49.041667
1756,1.75600000e+03,-47.125000
1757,1.75700000e+03,-47.125000
1758,1.75800000e+03,-45.291667
1759,1.75900000e+03,-45.291667
1760,1.76000000e+03,-43.375000
1761,1.76100000e+03,-43.375000
1762,1.76200000e+03,-41.500000
1763,1.76300000e+03,-41.500000
1764,1.76400000e+03,-39.333333
1765,1.76500000e+03,-39.333333
1766,1.76600000e+03,-37.458333
1767,1.76700000e+03,-37.458333
1768,1.76800000e+03,-35.541667
1769,1.76900000e+03,-35.541667
1770,1.77000000e+03,-33.750000
1771,1.77100000e+03,-33.750000
1772,1.77200000e+03,-31.750000
1773,1.77300000e+03,-31.750000
1774,1.77400000e+03,-29.666667
1775,1.77500000e+03,-29.666667
1776,1.77600000e+03,-27.666667
1777,1.77700000e+03,-27.666667
1778,1.77800000e+03,-25.708333
1779,1.77900000e+03,-25.708333
1780,1.78000000e+03,-23.583333
1781,1.78100000e+03,-23.583333
1782,1.78200000e+03,-21.541667
1783,1.78300000e+03,-21.541667
1784,1.78400000e+03,-19.583333
1785,1.78500000e+03,-19.583333
1786,1.78600000e+03,-17.375000
1787,1.78700000e+03,-17.375000
1788,1.78800000e+03,-15.333333
1789,1.78900000e+03,-15.333333
1790,1.79000000e+03,-13.125000
1791,1.79100000e+03,-13.125000
1792,1.79200000e+03,-11.166667
1793,1.79300000e+03,-11.166667
1794,1.79400000e+03,-8.958333
1795,1.79500000e+03,-8.958333
1796,1.79600000e+03,-6.875000
1797,1.79700000e+03,-6.875000
1798,1.79800000e+03,-4.666667
1799,1.79900000e+03,-4.666667
1800,1.80000000e+03,-2.458333
1801,1.80100000e+03,-2.458333
1802,1.80200000e+03,-0.500000
1803,1.80300000e+03,-0.500000
1804,1.80400000e+03,1.666667
1805,1.80500000e+03,1.666667
1806,1.80600000e+03,3.833333
1807,1.80700000e+03,3.833333
1808,1.80800000e+03,6.000000
1809,1.80900000e+03,6.000000
1810,1.81000000e+03,8.041667
1811,1.81100000e+03,8.041667
1812,1.81200000e+03,10.458333
1813,1.81300000e+03,10.458333
1814,1.81400000e+03,12.583333
1815,1.81500000e+03,12.583333
1816,1.81600000e+03,14.583333
1817,1.81700000e+03,14.583333
1818,1.81800000e+03,16.625000
1819,1.81900000e+03,16.625000
1820,1.82000000e+03,18.958333
1821,1.82100000e+03,18.958333
1822,1.82200000e+03,20.958333
1823,1.82300000e+03,20.958333
1824,1.82400000e+03,23.041667
1825,1.82500000e+03,23.041667
1826,1.82600000e+03,25.125000
1827,1.82700000e+03,25.125000
1828,1.82800000e+03,27.291667
1829,1.82900000e+03,27.291667
1830,1.83000000e+03,29.208333
1831,1.83100000e+03,29.208333
1832,1.83200000e+03,31.250000
1833,1.83300000e+03,31.250000
1834,1.83400000e+03,33.125000
1835,1.83500000e+03,33.125000
1836,1.83600000e+03,35.291667
1837,1.83700000e+03,35.291667
1838,1.83800000e+03,37.208333
1839,1.83900000e+03,37.208333
1840,1.84000000e+03,39.250000
1841,1.84100000e+03,39.250000
1842,1.84200000e+03,41.125000
1843,1.84300000e+03,41.125000
1844,1.84400000e+03,43.125000
1845,1.84500000e+03,43.125000
1846,1.84600000e+03,45.041667
1847,1.84700000e+03,45.041667
1848,1.84800000e+03,47.083333
1849,1.84900000e+03,47.083333
1850,1.85000000e+03,48.958333
1851,1.85100000e+03,48.958333
1852,1.85200000e+03,50.791667
1853,1.85300000e+03,50.791667
1854,1.85400000e+03,52.583333
1855,1.85500000e+03,52.583333
1856,1.85600000e+03,54.458333
1857,1.85700000e+03,54.458333
1858,1.85800000e+03,56.208333
1859,1.85900000e+03,56.208333
1860,1.86000000e+03,58.000000
1861,1.86100000e+03,58.000000
1862,1.86200000e+03,59.791667
1863,1.86300000e+03,59.791667
1864,1.86400000e+03,61.625000
1865,1.86500000e+03,61.625000
1866,1.86600000e+03,63.291667
1867,1.86700000e+03,63.291667
1868,1.86800000e+03,65.083333
1869,1.86900000e+03,65.083333
1870,1.87000000e+03,67.041667
1871,1.87100000e+03,67.041667
1872,1.87200000e+03,68.750000
1873,1.87300000e+03,68.750000
1874,1.87400000e+03,70.416667
1875,1.87500000e+03,70.416667
1876,1.87600000e+03,72.125000
1877,1.87700000e+03,72.125000
1878,1.87800000e+03,73.958333
1879,1.87900000e+03,73.958333
1880,1.88000000e+03,75.666667
1881,1.88100000e+03,75.666667
1882,1.88200000e+03,77.375000
1883,1.88300000e+03,77.375000
1884,1.88400000e+03,79.041667
1885,1.88500000e+03,79.041667
1886,1.88600000e+03,80.833333
1887,1.88700000e+03,80.833333
1888,1.88800000e+03,82.666667
1889,1.88900000e+03,82.666667
1890,1.89000000e+03,84.333333
1891,1.89100000e+03,84.333333
1892,1.89200000e+03,86.083333
1893,1.89300000e+03,86.083333
1894,1.89400000e+03,87.791667
1895,1.89500000e+03,87.791667
1896,1.89600000e+03,89.666667
1897,1.89700000e+03,89.666667
1898,1.89800000e+03,91.458333
1899,1.89900000e+03,91.458333
1900,1.90000000e+03,93.083333
1901,1.90100000e+03,93.083333
1902,1.90200000e+03,94.916667
1903,1.90300000e+03,94.916667
1904,1.90400000e+03,96.708333
1905,1.90500000e+03,96.708333
1906,1.90600000e+03,98.291667
1907,1.90700000e+03,98.291667
1908,1.90800000e+03,100.291667
1909,1.90900000e+03,100.291667
1910,1.91000000e+03,102.041667
1911,1.91100000e+03,102.041667
1912,1.91200000e+03,103.833333
1913,1.91300000e+03,103.833333
1914,1.91400000e+03,105.541667
1915,1.91500000e+03,105.541667
1916,1.91600000e+03,107.291667
1917,1.91700000e+03,107.291667
1918,1.91800000e+03,109.125000
1919,1.91900000e+03,109.125000
1920,1.92000000e+03,111.000000
1921,1.92100000e+03,111.000000
1922,1.92200000e+03,112.791667
1923,1.92300000e+03,112.791667
1924,1.92400000e+03,114.458333
1925,1.92500000e+03,114.458333
1926,1.92600000e+03,116.250000
1927,1.92700000e+03,116.250000
1928,1.92800000e+03,118.166667
1929,1.92900000e+03,118.166667
1930,1.93000000e+03,119.791667
1931,1.93100000e+03,119.791667
1932,1.93200000e+03,121.666667
1933,1.93300000e+03,121.666667
1934,1.93400000e+03,123.458333
1935,1.93500000e+03,123.458333
1936,1.93600000e+03,125.291667
1937,1.93700000e+03,125.291667
1938,1.93800000e+03,126.916667
1939,1.93900000e+03,126.916667
1940,1.94000000e+03,128.666667
1941,1.94100000e+03,128.666667
1942,1.94200000e+03,130.375000
1943,1.94300000e+03,130.375000
1944,1.94400000e+03,132.083333
1945,1.94500000e+03,132.083333
1946,1.94600000e+03,133.833333
1947,1.94700000e+03,133.833333
1948,1.94800000e+03,135.416667
1949,1.94900000e+03,135.416667
1950,1.95000000e+03,137.291667
1951,1.95100000e+03,137.291667
1952,1.95200000e+03,138.791667
1953,1.95300000e+03,138.791667
1954,1.95400000e+03,140.375000
1955,1.95500000e+03,140.375000
1956,1.95600000e+03,142.125000
1957,1.95700000e+03,142.125000
1958,1.95800000e+03,143.541667
1959,1.95900000e+03,143.541667
1960,1.96000000e+03,145.000000
1961,1.96100000e+03,145.000000
1962,1.96200000e+03,146.583333
1963,1.96300000e+03,146.583333
1964,1.96400000e+03,148.000000
1965,1.96500000e+03,148.000000
1966,1.96600000e+03,149.666667
1967,1.96700000e+03,149.666667
1968,1.96800000e+03,150.958333
1969,1.96900000e+03,150.958333
1970,1.97000000e+03,152.541667
1971,1.97100000e+03,152.541667
1972,1.97200000e+03,153.791667
1973,1.97300000e+03,153.791667
1974,1.97400000e+03,155.166667
1975,1.97500000e+03,155.166667
1976,1.97600000e+03,156.458333
1977,1.97700000e+03,156.458333
1978,1.97800000e+03,157.750000
1979,1.97900000e+03,157.750000
1980,1.98000000e+03,159.083333
1981,1.98100000e+03,159.083333
1982,1.98200000e+03,160.375000
1983,1.98300000e+03,160.375000
1984,1.98400000e+03,161.458333
1985,1.98500000e+03,161.458333
1986,1.98600000e+03,162.791667
1987,1.98700000e+03,162.791667
1988,1.98800000e+03,163.958333
1989,1.98900000e+03,163.958333
1990,1.99000000e+03,165.041667
1991,1.99100000e+03,165.041667
1992,1.99200000e+03,166.291667
1993,1.99300000e+03,166.291667
1994,1.99400000e+03,167.250000
1995,1.99500000e+03,167.250000
1996,1.99600000e+03,168.458333
1997,1.99700000e+03,168.458333
1998,1.99800000e+03,169.458333
1999,1.99900000e+03,169.458333
2000,2.00000000e+03,170.666667
2001,2.00100000e+03,170.666667
2002,2.00200000e+03,171.583333
2003,2.00300000e+03,171.583333
2004,2.00400000e+03,172.750000
2005,2.00500000e+03,172.750000
2006,2.00600000e+03,173.875000
2007,2.00700000e+03,173.875000
2008,2.00800000e+03,174.833333
2009,2.00900000e+03,174.833333
2010,2.01000000e+03,175.833333
2011,2.01100000e+03,175.833333
2012,2.01200000e+03,176.875000
2013,2.01300000e+03,176.875000
2014,2.01400000e+03,177.666667
2015,2.01500000e+03,177.666667
2016,2.01600000e+03,178.791667
2017,2.01700000e+03,178.791667
2018,2.01800000e+03,179.791667
2019,2.01900000e+03,179.791667
2020,2.02000000e+03,180.708333
2021,2.02100000e+03,180.708333
2022,2.02200000e+03,181.708333
2023,2.02300000e+03,181.708333
2024,2.02400000e+03,182.666667
2025,2.02500000e+03,182.666667
2026,2.02600000e+03,183.583333
2027,2.02700000e+03,183.583333
2028,2.02800000e+03,184.500000
2029,2.02900000e+03,184.500000
2030,2.03000000e+03,185.791667
2031,2.03100000e+03,185.791667
2032,2.03200000e+03,186.666667
2033,2.03300000e+03,186.666667
2034,2.03400000e+03,187.708333
2035,2.03500000e+03,187.708333
2036,2.03600000e+03,188.708333
2037,2.03700000e+03,188.708333
2038,2.03800000e+03,189.791667
2039,2.03900000e+03,189.791667
2040,2.04000000e+03,190.541667
2041,2.04100000e+03,190.541667
2042,2.04200000e+03,191.583333
2043,2.04300000e+03,191.583333
2044,2.04400000e+03,192.750000
2045,2.04500000e+03,192.750000
2046,2.04600000e+03,193.625000
2047,2.04700000e+03,193.625000
2048,2.04800000e+03,194.833333
2049,2.04900000e+03,194.833333
2050,2.05000000e+03,195.833333
2051,2.05100000e+03,195.833333
2052,2.05200000e+03,196.791667
2053,2.05300000e+03,196.791667
2054,2.05400000e+03,197.916667
2055,2.05500000e+03,197.916667
2056,2.05600000e+03,198.875000
2057,2.05700000e+03,198.875000
2058,2.05800000e+03,200.208333
2059,2.05900000e+03,200.208333
2060,2.06000000e+03,201.166667
2061,2.06100000e+03,201.166667
2062,2.06200000e+03,202.291667
2063,2.06300000e+03,202.291667
2064,2.06400000e+03,203.333333
2065,2.06500000e+03,203.333333
2066,2.06600000e+03,204.375000
2067,2.06700000e+03,204.375000
2068,2.06800000e+03,205.416667
2069,2.06900000e+03,205.416667
2070,2.07000000e+03,206.583333
2071,2.07100000e+03,206.583333
2072,2.07200000e+03,207.666667
2073,2.07300000e+03,207.666667
2074,2.07400000e+03,208.583333
2075,2.07500000e+03,208.583333
2076,2.07600000e+03,209.625000
2077,2.07700000e+03,209.625000
2078,2.07800000e+03,210.916667
2079,2.07900000e+03,210.916667
2080,2.08000000e+03,211.875000
2081,2.08100000e+03,211.875000
2082,2.08200000e+03,212.625000
2083,2.08300000e+03,212.625000
2084,2.08400000e+03,213.916667
2085,2.08500000e+03,213.916667
2086,2.08600000e+03,214.750000
2087,2.08700000e+03,214.750000
2088,2.08800000e+03,215.875000
2089,2.08900000e+03,215.875000
2090,2.09000000e+03,216.791667
2091,2.09100000e+03,216.791667
2092,2.09200000e+03,217.791667
2093,2.09300000e+03,217.791667
2094,2.09400000e+03,218.583333
2095,2.09500000e+03,218.583333
2096,2.09600000e+03,219.458333
2097,2.09700000e+03,219.458333
2098,2.09800000e+03,220.375000
2099,2.09900000e+03,220.375000
2100,2.10000000e+03,221.291667
2101,2.10100000e+03,221.291667
2102,2.10200000e+03,222.125000
2103,2.10300000e+03,222.125000
2104,2.10400000e+03,222.791667
2105,2.10500000e+03,222.791667
2106,2.10600000e+03,223.583333
2107,2.10700000e+03,223.583333
2108,2.10800000e+03,224.500000
2109,2.10900000e+03,224.500000
2110,2.11000000e+03,225.125000
2111,2.11100000e+03,225.125000
2112,2.11200000e+03,225.666667
2113,2.11300000e+03,225.666667
2114,2.11400000e+03,226.375000
2115,2.11500000e+03,226.375000
2116,2.11600000e+03,226.958333
2117,2.11700000e+03,226.958333
2118,2.11800000e+03,227.750000
2119,2.11900000e+03,227.750000
2120,2.12000000e+03,228.291667
2121,2.12100000e+03,228.291667
2122,2.12200000e+03,228.791667
2123,2.12300000e+03,228.791667
2124,2.12400000e+03,229.375000
2125,2.12500000e+03,229.375000
2126,2.12600000e+03,229.750000
2127,2.12700000e+03,229.750000
2128,2.12800000e+03,230.125000
2129,2.12900000e+03,230.125000
2130,2.13000000e+03,230.625000
2131,2.13100000e+03,230.625000
2132,2.13200000e+03,231.166667
2133,2.13300000e+03,231.166667
2134,2.13400000e+03,231.541667
2135,2.13500000e+03,231.541667
2136,2.13600000e+03,231.750000
2137,2.13700000e+03,231.750000
2138,2.13800000e+03,232.375000
2139,2.13900000e+03,232.375000
2140,2.14000000e+03,232.458333
2141,2.14100000e+03,232.458333
2142,2.14200000e+03,232.666667
2143,2.14300000e+03,232.666667
2144,2.14400000e+03,232.958333
2145,2.14500000e+03,232.958333
2146,2.14600000e+03,233.333333
2147,2.14700000e+03,233.333333
2148,2.14800000e+03,233.375000
2149,2.14900000e+03,233.375000
2150,2.15000000e+03,233.583333
2151,2.15100000e+03,233.583333
2152,2.15200000e+03,233.625000
2153,2.15300000e+03,233.625000
2154,2.15400000e+03,234.000000
2155,2.15500000e+03,234.000000
2156,2.15600000e+03,233.958333
2157,2.15700000e+03,233.958333
2158,2.15800000e+03,234.041667
2159,2.15900000e+03,234.041667
2160,2.16000000e+03,234.250000
2161,2.16100000e+03,234.250000
2162,2.16200000e+03,234.458333
2163,2.16300000e+03,234.458333
2164,2.16400000e+03,234.541667
2165,2.16500000e+03,234.541667
2166,2.16600000e+03,234.333333
2167,2.16700000e+03,234.333333
2168,2.16800000e+03,234.500000
2169,2.16900000e+03,234.500000
2170,2.17000000e+03,234.541667
2171,2.17100000e+03,234.541667
2172,2.17200000e+03,234.625000
2173,2.17300000e+03,234.625000
2174,2.17400000e+03,234.625000
2175,2.17500000e+03,234.625000
2176,2.17600000e+03,234.541667
2177,2.17700000e+03,234.541667
2178,2.17800000e+03,234.583333
2179,2.17900000e+03,234.583333
2180,2.18000000e+03,234.375000
2181,2.18100000e+03,234.375000
2182,2.18200000e+03,234.458333
2183,2.18300000e+03,234.458333
2184,2.18400000e+03,234.250000
2185,2.18500000e+03,234.250000
2186,2.18600000e+03,234.250000
2187,2.18700000e+03,234.250000
2188,2.18800000e+03,234.208333
2189,2.18900000e+03,234.208333
2190,2.19000000e+03,234.208333
2191,2.19100000e+03,234.208333
2192,2.19200000e+03,233.833333
2193,2.19300000e+03,233.833333
2194,2.19400000e+03,233.791667
2195,2.19500000e+03,233.791667
2196,2.19600000e+03,233.666667
2197,2.19700000e+03,233.666667
2198,2.19800000e+03,233.458333
2199,2.19900000e+03,233.458333
2200,2.20000000e+03,233.458333
2201,2.20100000e+03,233.458333
2202,2.20200000e+03,233.041667
2203,2.20300000e+03,233.041667
2204,2.20400000e+03,232.833333
2205,2.20500000e+03,232.833333
2206,2.20600000e+03,232.708333
2207,2.20700000e+03,232.708333
2208,2.20800000e+03,232.375000
2209,2.20900000e+03,232.375000
2210,2.21000000e+03,232.083333
2211,2.21100000e+03,232.083333
2212,2.21200000e+03,232.041667
2213,2.21300000e+03,232.041667
2214,2.21400000e+03,231.541667
2215,2.21500000e+03,231.541667
2216,2.21600000e+03,231.333333
2217,2.21700000e+03,231.333333
2218,2.21800000e+03,231.083333
2219,2.21900000e+03,231.083333
2220,2.22000000e+03,230.541667
2221,2.22100000e+03,230.541667
2222,2.22200000e+03,230.250000
2223,2.22300000e+03,230.250000
2224,2.22400000e+03,229.875000
2225,2.22500000e+03,229.875000
2226,2.22600000e+03,229.333333
2227,2.22700000e+03,229.333333
2228,2.22800000e+03,228.791667
2229,2.22900000e+03,228.791667
2230,2.23000000e+03,228.583333
2231,2.23100000e+03,228.583333
2232,2.23200000e+03,227.958333
2233,2.23300000e+03,227.958333
2234,2.23400000e+03,227.500000
2235,2.23500000e+03,227.500000
2236,2.23600000e+03,226.916667
2237,2.23700000e+03,226.916667
2238,2.23800000e+03,226.333333
2239,2.23900000e+03,226.333333
2240,2.24000000e+03,225.666667
2241,2.24100000e+03,225.666667
2242,2.24200000e+03,225.166667
2243,2.24300000e+03,225.166667
2244,2.24400000e+03,224.500000
2245,2.24500000e+03,224.500000
2246,2.24600000e+03,223.666667
2247,2.24700000e+03,223.666667
2248,2.24800000e+03,222.916667
2249,2.24900000e+03,222.916667
2250,2.25000000e+03,222.166667
2251,2.25100000e+03,222.166667
2252,2.25200000e+03,221.416667
2253,2.25300000e+03,221.416667
2254,2.25400000e+03,220.708333
2255,2.25500000e+03,220.708333
2256,2.25600000e+03,219.916667
2257,2.25700000e+03,219.916667
2258,2.25800000e+03,218.833333
2259,2.25900000e+03,218.833333
2260,2.26000000e+03,218.041667
2261,2.26100000e+03,218.041667
2262,2.26200000e+03,217.083333
2263,2.26300000e+03,217.083333
2264,2.26400000e+03,216.041667
2265,2.26500000e+03,216.041667
2266,2.26600000e+03,215.333333
2267,2.26700000e+03,215.333333
2268,2.26800000e+03,214.375000
2269,2.26900000e+03,214.375000
2270,2.27000000e+03,213.125000
2271,2.27100000e+03,213.125000
2272,2.27200000e+03,212.291667
2273,2.27300000e+03,212.291667
2274,2.27400000e+03,211.166667
2275,2.27500000e+03,211.166667
2276,2.27600000e+03,210.333333
2277,2.27700000e+03,210.333333
2278,2.27800000e+03,209.208333
2279,2.27900000e+03,209.208333
2280,2.28000000e+03,208.041667
2281,2.28100000e+03,208.041667
2282,2.28200000e+03,206.875000
2283,2.28300000e+03,206.875000
2284,2.28400000e+03,205.875000
2285,2.28500000e+03,205.875000
2286,2.28600000e+03,204.791667
2287,2.28700000e+03,204.791667
2288,2.28800000e+03,203.583333
2289,2.28900000e+03,203.583333
2290,2.29000000e+03,202.500000
2291,2.29100000e+03,202.500000
2292,2.29200000e+03,201.375000
2293,2.29300000e+03,201.375000
2294,2.29400000e+03,200.416667
2295,2.29500000e+03,200.416667
2296,2.29600000e+03,199.166667
2297,2.29700000e+03,199.166667
2298,2.29800000e+03,198.041667
2299,2.29900000e+03,198.041667
2300,2.30000000e+03,197.041667
2301,2.30100000e+03,197.041667
2302,2.30200000e+03,195.958333
2303,2.30300000e+03,195.958333
2304,2.30400000e+03,194.750000
2305,2.30500000e+03,194.750000
2306,2.30600000e+03,193.666667
2307,2.30700000e+03,193.666667
2308,2.30800000e+03,192.625000
2309,2.30900000e+03,192.625000
2310,2.31000000e+03,191.625000
2311,2.31100000e+03,191.625000
2312,2.31200000e+03,190.541667
2313,2.31300000e+03,190.541667
2314,2.31400000e+03,189.416667
2315,2.31500000e+03,189.416667
2316,2.31600000e+03,188.250000
2317,2.31700000e+03,188.250000
2318,2.31800000e+03,187.375000
2319,2.31900000e+03,187.375000
2320,2.32000000e+03,186.291667
2321,2.32100000e+03,186.291667
2322,2.32200000e+03,185.291667
2323,2.32300000e+03,185.291667
2324,2.32400000e+03,184.166667
2325,2.32500000e+03,184.166667
2326,2.32600000e+03,183.125000
2327,2.32700000e+03,183.125000
2328,2.32800000e+03,182.166667
2329,2.32900000e+03,182.166667
2330,2.33000000e+03,181.291667
2331,2.33100000e+03,181.291667
2332,2.33200000e+03,180.291667
2333,2.33300000e+03,180.291667
2334,2.33400000e+03,179.250000
2335,2.33500000e+03,179.250000
2336,2.33600000e+03,178.250000
2337,2.33700000e+03,178.250000
2338,2.33800000e+03,177.125000
2339,2.33900000e+03,177.125000
2340,2.34000000e+03,176.375000
2341,2.34100000e+03,176.375000
2342,2.34200000e+03,175.083333
2343,2.34300000e+03,175.083333
2344,2.34400000e+03,174.375000
2345,2.34500000e+03,174.375000
2346,2.34600000e+03,173.083333
2347,2.34700000e+03,173.083333
2348,2.34800000e+03,172.166667
2349,2.34900000e+03,172.166667
2350,2.35000000e+03,171.166667
2351,2.35100000e+03,171.166667
2352,2.35200000e+03,170.166667
2353,2.35300000e+03,170.166667
2354,2.35400000e+03,169.000000
2355,2.35500000e+03,169.000000
2356,2.35600000e+03,168.083333
2357,2.35700000e+03,168.083333
2358,2.35800000e+03,167.041667
2359,2.35900000e+03,167.041667
2360,2.36000000e+03,165.750000
2361,2.36100000e+03,165.750000
2362,2.36200000e+03,164.625000
2363,2.36300000e+03,164.625000
2364,2.36400000e+03,163.541667
2365,2.36500000e+03,163.541667
2366,2.36600000e+03,162.458333
2367,2.36700000e+03,162.458333
2368,2.36800000e+03,161.208333
2369,2.36900000e+03,161.208333
2370,2.37000000e+03,160.000000
2371,2.37100000e+03,160.000000
2372,2.37200000e+03,158.791667
2373,2.37300000e+03,158.791667
2374,2.37400000e+03,157.541667
2375,2.37500000e+03,157.541667
2376,2.37600000e+03,156.416667
2377,2.37700000e+03,156.416667
2378,2.37800000e+03,154.833333
2379,2.37900000e+03,154.833333
2380,2.38000000e+03,153.708333
2381,2.38100000e+03,153.708333
2382,2.38200000e+03,152.375000
2383,2.38300000e+03,152.375000
2384,2.38400000e+03,151.083333
2385,2.38500000e+03,151.083333
2386,2.38600000e+03,149.458333
2387,2.38700000e+03,149.458333
2388,2.38800000e+03,148.000000
2389,2.38900000e+03,148.000000
2390,2.39000000e+03,146.458333
2391,2.39100000e+03,146.458333
2392,2.39200000e+03,145.125000
2393,2.39300000e+03,145.125000
2394,2.39400000e+03,143.541667
2395,2.39500000e+03,143.541667
2396,2.39600000e+03,142.041667
2397,2.39700000e+03,142.041667
2398,2.39800000e+03,140.583333
2399,2.39900000e+03,140.583333
2400,2.40000000e+03,138.916667
2401,2.40100000e+03,138.916667
2402,2.40200000e+03,137.291667
2403,2.40300000e+03,137.291667
2404,2.40400000e+03,135.666667
2405,2.40500000e+03,135.666667
2406,2.40600000e+03,134.041667
2407,2.40700000e+03,134.041667
2408,2.40800000e+03,132.250000
2409,2.40900000e+03,132.250000
2410,2.41000000e+03,130.583333
2411,2.41100000e+03,130.583333
2412,2.41200000e+03,128.833333
2413,2.41300000e+03,128.833333
2414,2.41400000e+03,127.083333
2415,2.41500000e+03,127.083333
2416,2.41600000e+03,125.375000
2417,2.41700000e+03,125.375000
2418,2.41800000e+03,123.458333
2419,2.41900000e+03,123.458333
2420,2.42000000e+03,121.750000
2421,2.42100000e+03,121.750000
2422,2.42200000e+03,120.125000
2423,2.42300000e+03,120.125000
2424,2.42400000e+03,118.208333
2425,2.42500000e+03,118.208333
2426,2.42600000e+03,116.500000
2427,2.42700000e+03,116.500000
2428,2.42800000e+03,114.541667
2429,2.42900000e+03,114.541667
2430,2.43000000e+03,112.708333
2431,2.43100000e+03,112.708333
2432,2.43200000e+03,110.875000
2433,2.43300000e+03,110.875000
2434,2.43400000e+03,109.083333
2435,2.43500000e+03,109.083333
2436,2.43600000e+03,107.125000
2437,2.43700000e+03,107.125000
2438,2.43800000e+03,105.375000
2439,2.43900000e+03,105.375000
2440,2.44000000e+03,103.500000
2441,2.44100000e+03,103.500000
2442,2.44200000e+03,101.833333
2443,2.44300000e+03,101.833333
2444,2.44400000e+03,99.833333
2445,2.44500000e+03,99.833333
2446,2.44600000e+03,98.041667
2447,2.44700000e+03,98.041667
2448,2.44800000e+03,96.125000
2449,2.44900000e+03,96.125000
2450,2.45000000e+03,94.416667
2451,2.45100000e+03,94.416667
2452,2.45200000e+03,92.791667
2453,2.45300000e+03,92.791667
2454,2.45400000e+03,90.833333
2455,2.45500000e+03,90.833333
2456,2.45600000e+03,89.083333
2457,2.45700000e+03,89.083333
2458,2.45800000e+03,87.208333
2459,2.45900000e+03,87.208333
2460,2.46000000e+03,85.541667
2461,2.46100000e+03,85.541667
2462,2.46200000e+03,83.750000
2463,2.46300000e+03,83.750000
2464,2.46400000e+03,82.000000
2465,2.46500000e+03,82.000000
2466,2.46600000e+03,80.083333
2467,2.46700000e+03,80.083333
2468,2.46800000e+03,78.375000
2469,2.46900000e+03,78.375000
2470,2.47000000e+03,76.666667
2471,2.47100000e+03,76.666667
2472,2.47200000e+03,74.791667
2473,2.47300000e+03,74.791667
2474,2.47400000e+03,73.166667
2475,2.47500000e+03,73.166667
2476,2.47600000e+03,71.458333
2477,2.47700000e+03,71.458333
2478,2.47800000e+03,69.666667
2479,2.47900000e+03,69.666667
2480,2.48000000e+03,68.125000
2481,2.48100000e+03,68.125000
2482,2.48200000e+03,66.375000
2483,2.48300000e+03,66.375000
2484,2.48400000e+03,64.500000
2485,2.48500000e+03,64.500000
2486,2.48600000e+03,62.875000
2487,2.48700000e+03,62.875000
2488,2.48800000e+03,61.000000
2489,2.48900000e+03,61.000000
2490,2.49000000e+03,59.166667
2491,2.49100000e+03,59.166667
2492,2.49200000e+03,57.666667
2493,2.49300000e+03,57.666667
2494,2.49400000e+03,55.708333
2495,2.49500000e+03,55.708333
2496,2.49600000e+03,53.958333
2497,2.49700000e+03,53.958333
2498,2.49800000e+03,52.083333
2499,2.49900000e+03,52.083333
2500,2.50000000e+03,50.291667
2501,2.50100000e+03,50.291667
2502,2.50200000e+03,48.208333
2503,2.50300000e+03,48.208333
2504,2.50400000e+03,46.541667
2505,2.50500000e+03,46.541667
2506,2.50600000e+03,44.666667
2507,2.50700000e+03,44.666667
2508,2.50800000e+03,42.875000
2509,2.50900000e+03,42.875000
2510,2.51000000e+03,40.958333
2511,2.51100000e+03,40.958333
2512,2.51200000e+03,38.875000
2513,2.51300000e+03,38.875000
2514,2.51400000e+03,37.041667
2515,2.51500000e+03,37.041667
2516,2.51600000e+03,34.916667
2517,2.51700000e+03,34.916667
2518,2.51800000e+03,33.208333
2519,2.51900000e+03,33.208333
2520,2.52000000e+03,30.958333
2521,2.52100000e+03,30.958333
2522,2.52200000e+03,29.083333
2523,2.52300000e+03,29.083333
2524,2.52400000e+03,27.166667
2525,2.52500000e+03,27.166667
2526,2.52600000e+03,25.000000
2527,2.52700000e+03,25.000000
2528,2.52800000e+03,22.958333
2529,2.52900000e+03,22.958333
2530,2.53000000e+03,20.916667
2531,2.53100000e+03,20.916667
2532,2.53200000e+03,18.875000
2533,2.53300000e+03,18.875000
2534,2.53400000e+03,16.791667
2535,2.53500000e+03,16.791667
2536,2.53600000e+03,14.583333
2537,2.53700000e+03,14.583333
2538,2.53800000e+03,12.583333
2539,2.53900000e+03,12.583333
2540,2.54000000e+03,10.458333
2541,2.54100000e+03,10.458333
2542,2.54200000e+03,8.333333
2543,2.54300000e+03,8.333333
2544,2.54400000e+03,6.125000
2545,2.54500000e+03,6.125000
2546,2.54600000e+03,4.041667
2547,2.54700000e+03,4.041667
2548,2.54800000e+03,1.958333
2549,2.54900000e+03,1.958333
2550,2.55000000e+03,-0.125000
2551,2.55100000e+03,-0.125000
2552,2.55200000e+03,-2.500000
2553,2.55300000e+03,-2.500000
2554,2.55400000e+03,-4.375000
2555,2.55500000e+03,-4.375000
2556,2.55600000e+03,-6.500000
2557,2.55700000e+03,-6.500000
2558,2.55800000e+03,-8.666667
2559,2.55900000e+03,-8.666667
2560,2.56000000e+03,-10.791667
2561,2.56100000e+03,-10.791667
2562,2.56200000e+03,-13.083333
2563,2.56300000e+03,-13.083333
2564,2.56400000e+03,-15.083333
2565,2.56500000e+03,-15.083333
2566,2.56600000e+03,-17.125000
2567,2.56700000e+03,-17.125000
2568,2.56800000e+03,-19.541667
2569,2.56900000e+03,-19.541667
2570,2.57000000e+03,-21.500000
2571,2.57100000e+03,-21.500000
2572,2.57200000e+03,-23.416667
2573,2.57300000e+03,-23.416667
2574,2.57400000e+03,-25.625000
2575,2.57500000e+03,-25.625000
2576,2.57600000e+03,-27.791667
2577,2.57700000e+03,-27.791667
2578,2.57800000e+03,-29.875000
2579,2.57900000e+03,-29.875000
2580,2.58000000e+03,-31.750000
2581,2.58100000e+03,-31.750000
2582,2.58200000e+03,-33.916667
2583,2.58300000e+03,-33.916667
2584,2.58400000e+03,-35.958333
2585,2.58500000e+03,-35.958333
2586,2.58600000e+03,-37.708333
2587,2.58700000e+03,-37.708333
2588,2.58800000e+03,-39.708333
2589,2.58900000e+03,-39.708333
2590,2.59000000e+03,-41.708333
2591,2.59100000e+03,-41.708333
2592,2.59200000e+03,-43.583333
2593,2.59300000e+03,-43.583333
2594,2.59400000e+03,-45.666667
2595,2.59500000e+03,-45.666667
2596,2.59600000e+03,-47.625000
2597,2.59700000e+03,-47.625000
2598,2.59800000e+03,-49.375000
2599,2.59900000e+03,-49.375000
2600,2.60000000e+03,-51.208333
2601,2.60100000e+03,-51.208333
2602,2.60200000e+03,-53.083333
2603,2.60300000e+03,-53.083333
2604,2.60400000e+03,-54.833333
2605,2.60500000e+03,-54.833333
2606,2.60600000e+03,-56.583333
2607,2.60700000e+03,-56.583333
2608,2.60800000e+03,-58.458333
2609,2.60900000e+03,-58.458333
2610,2.61000000e+03,-60.250000
2611,2.61100000e+03,-60.250000
2612,2.61200000e+03,-62.000000
2613,2.61300000e+03,-62.000000
2614,2.61400000e+03,-63.958333
2615,2.61500000e+03,-63.958333
2616,2.61600000e+03,-65.458333
2617,2.61700000e+03,-65.458333
2618,2.61800000e+03,-67.333333
2619,2.61900000e+03,-67.333333
2620,2.62000000e+03,-69.041667
2621,2.62100000e+03,-69.041667
2622,2.62200000e+03,-70.958333
2623,2.62300000e+03,-70.958333
2624,2.62400000e+03,-72.666667
2625,2.62500000e+03,-72.666667
2626,2.62600000e+03,-74.250000
2627,2.62700000e+03,-74.250000
2628,2.62800000e+03,-76.125000
2629,2.62900000e+03,-76.125000
2630,2.63000000e+03,-77.791667
2631,2.63100000e+03,-77.791667
2632,2.63200000e+03,-79.583333
2633,2.63300000e+03,-79.583333
2634,2.63400000e+03,-81.375000
2635,2.63500000e+03,-81.375000
2636,2.63600000e+03,-83.041667
2637,2.63700000e+03,-83.041667
2638,2.63800000e+03,-84.833333
2639,2.63900000e+03,-84.833333
2640,2.64000000e+03,-86.375000
2641,2.64100000e+03,-86.375000
2642,2.64200000e+03,-88.291667
2643,2.64300000e+03,-88.291667
2644,2.64400000e+03,-90.083333
2645,2.64500000e+03,-90.083333
2646,2.64600000e+03,-91.833333
2647,2.64700000e+03,-91.833333
2648,2.64800000e+03,-93.583333
2649,2.64900000e+03,-93.583333
2650,2.65000000e+03,-95.375000
2651,2.65100000e+03,-95.375000
2652,2.65200000e+03,-97.041667
2653,2.65300000e+03,-97.041667
2654,2.65400000e+03,-98.791667
2655,2.65500000e+03,-98.791667
2656,2.65600000e+03,-100.833333
2657,2.65700000e+03,-100.833333
2658,2.65800000e+03,-102.458333
2659,2.65900000e+03,-102.458333
2660,2.66000000e+03,-104.166667
2661,2.66100000e+03,-104.166667
2662,2.66200000e+03,-106.166667
2663,2.66300000e+03,-106.166667
2664,2.66400000e+03,-108.000000
2665,2.66500000e+03,-108.000000
2666,2.66600000e+03,-109.500000
2667,2.66700000e+03,-109.500000
2668,2.66800000e+03,-111.541667
2669,2.66900000e+03,-111.541667
2670,2.67000000e+03,-113.250000
2671,2.67100000e+03,-113.250000
2672,2.67200000e+03,-114.958333
2673,2.67300000e+03,-114.958333
2674,2.67400000e+03,-116.791667
2675,2.67500000e+03,-116.791667
2676,2.67600000e+03,-118.458333
2677,2.67700000e+03,-118.458333
2678,2.67800000e+03,-120.541667
2679,2.67900000e+03,-120.541667
2680,2.68000000e+03,-122.208333
2681,2.68100000e+03,-122.208333
2682,2.68200000e+03,-123.833333
2683,2.68300000e+03,-123.833333
2684,2.68400000e+03,-125.708333
2685,2.68500000e+03,-125.708333
2686,2.68600000e+03,-127.458333
2687,2.68700000e+03,-127.458333
2688,2.68800000e+03,-129.083333
2689,2.68900000e+03,-129.083333
2690,2.69000000e+03,-130.750000
2691,2.69100000e+03,-130.750000
2692,2.69200000e+03,-132.500000
2693,2.69300000e+03,-132.500000
2694,2.69400000e+03,-134.250000
2695,2.69500000e+03,-134.250000
2696,2.69600000e+03,-135.916667
2697,2.69700000e+03,-135.916667
2698,2.69800000e+03,-137.416667
2699,2.69900000e+03,-137.416667
2700,2.70000000e+03,-139.250000
2701,2.70100000e+03,-139.250000
2702,2.70200000e+03,-140.833333
2703,2.70300000e+03,-140.833333
2704,2.70400000e+03,-142.375000
2705,2.70500000e+03,-142.375000
2706,2.70600000e+03,-143.916667
2707,2.70700000e+03,-143.916667
2708,2.70800000e+03,-145.500000
2709,2.70900000e+03,-145.500000
2710,2.71000000e+03,-146.958333
2711,2.71100000e+03,-146.958333
2712,2.71200000e+03,-148.375000
2713,2.71300000e+03,-148.375000
2714,2.71400000e+03,-149.750000
2715,2.71500000e+03,-149.750000
2716,2.71600000e+03,-151.291667
2717,2.71700000e+03,-151.291667
2718,2.71800000e+03,-152.666667
2719,2.71900000e+03,-152.666667
2720,2.72000000e+03,-154.125000
2721,2.72100000e+03,-154.125000
2722,2.72200000e+03,-155.375000
2723,2.72300000e+03,-155.375000
2724,2.72400000e+03,-156.875000
2725,2.72500000e+03,-156.875000
2726,2.72600000e+03,-158.000000
2727,2.72700000e+03,-158.000000
2728,2.72800000e+03,-159.458333
2729,2.72900000e+03,-159.458333
2730,2.73000000e+03,-160.500000
2731,2.73100000e+03,-160.500000
2732,2.73200000e+03,-161.750000
2733,2.73300000e+03,-161.750000
2734,2.73400000e+03,-163.000000
2735,2.73500000e+03,-163.000000
2736,2.73600000e+03,-164.083333
2737,2.73700000e+03,-164.083333
2738,2.73800000e+03,-165.291667
2739,2.73900000e+03,-165.291667
2740,2.74000000e+03,-166.583333
2741,2.74100000e+03,-166.583333
2742,2.74200000e+03,-167.750000
2743,2.74300000e+03,-167.750000
2744,2.74400000e+03,-168.625000
2745,2.74500000e+03,-168.625000
2746,2.74600000e+03,-169.833333
2747,2.74700000e+03,-169.833333
2748,2.74800000e+03,-170.708333
2749,2.74900000e+03,-170.708333
2750,2.75000000e+03,-171.875000
2751,2.75100000e+03,-171.875000
2752,2.75200000e+03,-172.875000
2753,2.75300000e+03,-172.875000
2754,2.75400000e+03,-173.916667
2755,2.75500000e+03,-173.916667
2756,2.75600000e+03,-175.083333
2757,2.75700000e+03,-175.083333
2758,2.75800000e+03,-175.916667
2759,2.75900000e+03,-175.916667
2760,2.76000000e+03,-177.041667
2761,2.76100000e+03,-177.041667
2762,2.76200000e+03,-178.000000
2763,2.76300000e+03,-178.000000
2764,2.76400000e+03,-179.000000
2765,2.76500000e+03,-179.000000
2766,2.76600000e+03,-179.916667
2767,2.76700000e+03,-179.916667
2768,2.76800000e+03,-181.125000
2769,2.76900000e+03,-181.125000
2770,2.77000000e+03,-181.916667
2771,2.77100000e+03,-181.916667
2772,2.77200000e+03,-182.916667
2773,2.77300000e+03,-182.916667
2774,2.77400000e+03,-183.875000
2775,2.77500000e+03,-183.875000
2776,2.77600000e+03,-184.916667
2777,2.77700000e+03,-184.916667
2778,2.77800000e+03,-185.791667
2779,2.77900000e+03,-185.791667
2780,2.78000000e+03,-186.916667
2781,2.78100000e+03,-186.916667
2782,2.78200000e+03,-187.958333
2783,2.78300000e+03,-187.958333
2784,2.78400000e+03,-188.916667
2785,2.78500000e+03,-188.916667
2786,2.78600000e+03,-189.750000
2787,2.78700000e+03,-189.750000
2788,2.78800000e+03,-190.791667
2789,2.78900000e+03,-190.791667
2790,2.79000000e+03,-191.833333
2791,2.79100000e+03,-191.833333
2792,2.79200000e+03,-192.833333
2793,2.79300000e+03,-192.833333
2794,2.79400000e+03,-194.041667
2795,2.79500000e+03,-194.041667
2796,2.79600000e+03,-194.875000
2797,2.79700000e+03,-194.875000
2798,2.79800000e+03,-196.166667
2799,2.79900000e+03,-196.166667
2800,2.80000000e+03,-197.041667
2801,2.80100000e+03,-197.041667
2802,2.80200000e+03,-198.041667
2803,2.80300000e+03,-198.041667
2804,2.80400000e+03,-199.250000
2805,2.80500000e+03,-199.250000
2806,2.80600000e+03,-200.416667
2807,2.80700000e+03,-200.416667
2808,2.80800000e+03,-201.375000
2809,2.80900000e+03,-201.375000
2810,2.81000000e+03,-202.458333
2811,2.81100000e+03,-202.458333
2812,2.81200000e+03,-203.458333
2813,2.81300000e+03,-203.458333
2814,2.81400000e+03,-204.541667
2815,2.81500000e+03,-204.541667
2816,2.81600000e+03,-205.458333
2817,2.81700000e+03,-205.458333
2818,2.81800000e+03,-206.583333
2819,2.81900000e+03,-206.583333
2820,2.82000000e+03,-207.791667
2821,2.82100000e+03,-207.791667
2822,2.82200000e+03,-208.833333
2823,2.82300000e+03,-208.833333
2824,2.82400000e+03,-209.791667
2825,2.82500000e+03,-209.791667
2826,2.82600000e+03,-210.916667
2827,2.82700000e+03,-210.916667
2828,2.82800000e+03,-212.041667
2829,2.82900000e+03,-212.041667
2830,2.83000000e+03,-213.125000
2831,2.83100000e+03,-213.125000
2832,2.83200000e+03,-213.916667
2833,2.83300000e+03,-213.916667
2834,2.83400000e+03,-215.083333
2835,2.83500000e+03,-215.083333
2836,2.83600000e+03,-215.875000
2837,2.83700000e+03,-215.875000
2838,2.83800000e+03,-216.875000
2839,2.83900000e+03,-216.875000
2840,2.84000000e+03,-217.791667
2841,2.84100000e+03,-217.791667
2842,2.84200000e+03,-218.833333
2843,2.84300000e+03,-218.833333
2844,2.84400000e+03,-219.583333
2845,2.84500000e+03,-219.583333
2846,2.84600000e+03,-220.541667
2847,2.84700000e+03,-220.541667
2848,2.84800000e+03,-221.333333
2849,2.84900000e+03,-221.333333
2850,2.85000000e+03,-222.041667
2851,2.85100000e+03,-222.041667
2852,2.85200000e+03,-222.916667
2853,2.85300000e+03,-222.916667
2854,2.85400000e+03,-223.583333
2855,2.85500000e+03,-223.583333
2856,2.85600000e+03,-224.375000
2857,2.85700000e+03,-224.375000
2858,2.85800000e+03,-225.000000
2859,2.85900000e+03,-225.000000
2860,2.86000000e+03,-225.666667
2861,2.86100000e+03,-225.666667
2862,2.86200000e+03,-226.250000
2863,2.86300000e+03,-226.250000
2864,2.86400000e+03,-226.750000
2865,2.86500000e+03,-226.750000
2866,2.86600000e+03,-227.583333
2867,2.86700000e+03,-227.583333
2868,2.86800000e+03,-228.208333
2869,2.86900000e+03,-228.208333
2870,2.87000000e+03,-228.750000
2871,2.87100000e+03,-228.750000
2872,2.87200000e+03,-229.041667
2873,2.87300000e+03,-229.041667
2874,2.87400000e+03,-229.625000
2875,2.87500000e+03,-229.625000
2876,2.87600000e+03,-230.125000
2877,2.87700000e+03,-230.125000
2878,2.87800000e+03,-230.541667
2879,2.87900000e+03,-230.541667
2880,2.88000000e+03,-230.916667
2881,2.88100000e+03,-230.916667
2882,2.88200000e+03,-231.291667
2883,2.88300000e+03,-231.291667
2884,2.88400000e+03,-231.666667
2885,2.88500000e+03,-231.666667
2886,2.88600000e+03,-232.000000
2887,2.88700000e+03,-232.000000
2888,2.88800000e+03,-232.208333
2889,2.88900000e+03,-232.208333
2890,2.89000000e+03,-232.541667
2891,2.89100000e+03,-232.541667
2892,2.89200000e+03,-232.625000
2893,2.89300000e+03,-232.625000
2894,2.89400000e+03,-233.000000
2895,2.89500000e+03,-233.000000
2896,2.89600000e+03,-233.250000
2897,2.89700000e+03,-233.250000
2898,2.89800000e+03,-233.333333
2899,2.89900000e+03,-233.333333
2900,2.90000000e+03,-233.541667
2901,2.90100000e+03,-233.541667
2902,2.90200000e+03,-233.625000
2903,2.90300000e+03,-233.625000
2904,2.90400000e+03,-233.916667
2905,2.90500000e+03,-233.916667
2906,2.90600000e+03,-233.916667
2907,2.90700000e+03,-233.916667
2908,2.90800000e+03,-233.958333
2909,2.90900000e+03,-233.958333
2910,2.91000000e+03,-234.041667
2911,2.91100000e+03,-234.041667
2912,2.91200000e+03,-234.125000
2913,2.91300000e+03,-234.125000
2914,2.91400000e+03,-234.250000
2915,2.91500000e+03,-234.250000
2916,2.91600000e+03,-234.250000
2917,2.91700000e+03,-234.250000
2918,2.91800000e+03,-234.208333
2919,2.91900000e+03,-234.208333
2920,2.92000000e+03,-234.208333
2921,2.92100000e+03,-234.208333
2922,2.92200000e+03,-234.375000
2923,2.92300000e+03,-234.375000
2924,2.92400000e+03,-234.166667
2925,2.92500000e+03,-234.166667
2926,2.92600000e+03,-234.166667
2927,2.92700000e+03,-234.166667
2928,2.92800000e+03,-233.958333
2929,2.92900000e+03,-233.958333
2930,2.93000000e+03,-234.041667
2931,2.93100000e+03,-234.041667
2932,2.93200000e+03,-234.000000
2933,2.93300000e+03,-234.000000
2934,2.93400000e+03,-233.916667
2935,2.93500000e+03,-233.916667
2936,2.93600000e+03,-233.750000
2937,2.93700000e+03,-233.750000
2938,2.93800000e+03,-233.625000
2939,2.93900000e+03,-233.625000
2940,2.94000000e+03,-233.458333
2941,2.94100000e+03,-233.458333
2942,2.94200000e+03,-233.458333
2943,2.94300000e+03,-233.458333
2944,2.94400000e+03,-233.250000
2945,2.94500000e+03,-233.250000
2946,2.94600000e+03,-233.125000
2947,2.94700000e+03,-233.125000
2948,2.94800000e+03,-233.000000
2949,2.94900000e+03,-233.000000
2950,2.95000000e+03,-232.875000
2951,2.95100000e+03,-232.875000
2952,2.95200000e+03,-232.541667
2953,2.95300000e+03,-232.541667
2954,2.95400000e+03,-232.333333
2955,2.95500000e+03,-232.333333
2956,2.95600000e+03,-232.000000
2957,2.95700000e+03,-232.000000
2958,2.95800000e+03,-231.916667
2959,2.95900000e+03,-231.916667
2960,2.96000000e+03,-231.625000
2961,2.96100000e+03,-231.625000
2962,2.96200000e+03,-231.250000
2963,2.96300000e+03,-231.250000
2964,2.96400000e+03,-230.916667
2965,2.96500000e+03,-230.916667
2966,2.96600000e+03,-230.500000
2967,2.96700000e+03,-230.500000
2968,2.96800000e+03,-230.291667
2969,2.96900000e+03,-230.291667
2970,2.97000000e+03,-229.708333
2971,2.97100000e+03,-229.708333
2972,2.97200000e+03,-229.375000
2973,2.97300000e+03,-229.375000
2974,2.97400000e+03,-229.041667
2975,2.97500000e+03,-229.041667
2976,2.97600000e+03,-228.541667
2977,2.97700000e+03,-228.541667
2978,2.97800000e+03,-228.041667
2979,2.97900000e+03,-228.041667
2980,2.98000000e+03,-227.500000
2981,2.98100000e+03,-227.500000
2982,2.98200000e+03,-227.000000
2983,2.98300000e+03,-227.000000
2984,2.98400000e+03,-226.541667
2985,2.98500000e+03,-226.541667
2986,2.98600000e+03,-225.791667
2987,2.98700000e+03,-225.791667
2988,2.98800000e+03,-225.166667
2989,2.98900000e+03,-225.166667
2990,2.99000000e+03,-224.583333
2991,2.99100000e+03,-224.583333
2992,2.99200000e+03,-223.708333
2993,2.99300000e+03,-223.708333
2994,2.99400000e+03,-223.291667
2995,2.99500000e+03,-223.291667
2996,2.99600000e+03,-222.375000
2997,2.99700000e+03,-222.375000
2998,2.99800000e+03,-221.541667
2999,2.99900000e+03,-221.541667
3000,3.00000000e+03,-220.958333
3001,3.00100000e+03,-220.958333
3002,3.00200000e+03,-220.041667
3003,3.00300000e+03,-220.041667
3004,3.00400000e+03,-219.250000
3005,3.00500000e+03,-219.250000
3006,3.00600000e+03,-218.250000
3007,3.00700000e+03,-218.250000
3008,3.00800000e+03,-217.500000
3009,3.00900000e+03,-217.500000
3010,3.01000000e+03,-216.583333
3011,3.01100000e+03,-216.583333
3012,3.01200000e+03,-215.583333
3013,3.01300000e+03,-215.583333
3014,3.01400000e+03,-214.625000
3015,3.01500000e+03,-214.625000
3016,3.01600000e+03,-213.625000
3017,3.01700000e+03,-213.625000
3018,3.01800000e+03,-212.541667
3019,3.01900000e+03,-212.541667
3020,3.02000000e+03,-211.750000
3021,3.02100000e+03,-211.750000
3022,3.02200000e+03,-210.666667
3023,3.02300000e+03,-210.666667
3024,3.02400000e+03,-209.625000
3025,3.02500000e+03,-209.625000
3026,3.02600000e+03,-208.500000
3027,3.02700000e+03,-208.500000
3028,3.02800000e+03,-207.208333
3029,3.02900000e+03,-207.208333
3030,3.03000000e+03,-206.333333
3031,3.03100000e+03,-206.333333
3032,3.03200000e+03,-205.125000
3033,3.03300000e+03,-205.125000
3034,3.03400000e+03,-204.041667
3035,3.03500000e+03,-204.041667
3036,3.03600000e+03,-203.041667
3037,3.03700000e+03,-203.041667
3038,3.03800000e+03,-201.916667
3039,3.03900000e+03,-201.916667
3040,3.04000000e+03,-200.625000
3041,3.04100000e+03,-200.625000
3042,3.04200000e+03,-199.791667
3043,3.04300000e+03,-199.791667
3044,3.04400000e+03,-198.666667
3045,3.04500000e+03,-198.666667
3046,3.04600000e+03,-197.458333
3047,3.04700000e+03,-197.458333
3048,3.04800000e+03,-196.541667
3049,3.04900000e+03,-196.541667
3050,3.05000000e+03,-195.375000
3051,3.05100000e+03,-195.375000
3052,3.05200000e+03,-194.166667
3053,3.05300000e+03,-194.166667
3054,3.05400000e+03,-193.041667
3055,3.05500000e+03,-193.041667
3056,3.05600000e+03,-192.083333
3057,3.05700000e+03,-192.083333
3058,3.05800000e+03,-191.000000
3059,3.05900000e+03,-191.000000
3060,3.06000000e+03,-190.125000
3061,3.06100000e+03,-190.125000
3062,3.06200000e+03,-188.875000
3063,3.06300000e+03,-188.875000
3064,3.06400000e+03,-187.750000
3065,3.06500000e+03,-187.750000
3066,3.06600000e+03,-186.833333
3067,3.06700000e+03,-186.833333
3068,3.06800000e+03,-185.833333
3069,3.06900000e+03,-185.833333
3070,3.07000000e+03,-184.708333
3071,3.07100000e+03,-184.708333
3072,3.07200000e+03,-183.500000
3073,3.07300000e+03,-183.500000
3074,3.07400000e+03,-182.666667
3075,3.07500000e+03,-182.666667
3076,3.07600000e+03,-181.500000
3077,3.07700000e+03,-181.500000
3078,3.07800000e+03,-180.833333
3079,3.07900000e+03,-180.833333
3080,3.08000000e+03,-179.666667
3081,3.08100000e+03,-179.666667
3082,3.08200000e+03,-178.583333
3083,3.08300000e+03,-178.583333
3084,3.08400000e+03,-177.625000
3085,3.08500000e+03,-177.625000
3086,3.08600000e+03,-176.583333
3087,3.08700000e+03,-176.583333
3088,3.08800000e+03,-175.750000
3089,3.08900000e+03,-175.750000
3090,3.09000000e+03,-174.625000
3091,3.09100000e+03,-174.625000
3092,3.09200000e+03,-173.541667
3093,3.09300000e+03,-173.541667
3094,3.09400000e+03,-172.541667
3095,3.09500000e+03,-172.541667
3096,3.09600000e+03,-171.583333
3097,3.09700000e+03,-171.583333
3098,3.09800000e+03,-170.541667
3099,3.09900000e+03,-170.541667
3100,3.10000000e+03,-169.541667
3101,3.10100000e+03,-169.541667
3102,3.10200000e+03,-168.541667
3103,3.10300000e+03,-168.541667
3104,3.10400000e+03,-167.416667
3105,3.10500000e+03,-167.416667
3106,3.10600000e+03,-166.208333
3107,3.10700000e+03,-166.208333
3108,3.10800000e+03,-165.208333
3109,3.10900000e+03,-165.208333
3110,3.11000000e+03,-164.208333
3111,3.11100000e+03,-164.208333
3112,3.11200000e+03,-162.958333
3113,3.11300000e+03,-162.958333
3114,3.11400000e+03,-161.666667
3115,3.11500000e+03,-161.666667
3116,3.11600000e+03,-160.583333
3117,3.11700000e+03,-160.583333
3118,3.11800000e+03,-159.250000
3119,3.11900000e+03,-159.250000
3120,3.12000000e+03,-158.041667
3121,3.12100000e+03,-158.041667
3122,3.12200000e+03,-156.791667
3123,3.12300000e+03,-156.791667
3124,3.12400000e+03,-155.541667
3125,3.12500000e+03,-155.541667
3126,3.12600000e+03,-154.250000
3127,3.12700000e+03,-154.250000
3128,3.12800000e+03,-152.708333
3129,3.12900000e+03,-152.708333
3130,3.13000000e+03,-151.500000
3131,3.13100000e+03,-151.500000
3132,3.13200000e+03,-150.291667
3133,3.13300000e+03,-150.291667
3134,3.13400000e+03,-148.833333
3135,3.13500000e+03,-148.833333
3136,3.13600000e+03,-147.333333
3137,3.13700000e+03,-147.333333
3138,3.13800000e+03,-145.875000
3139,3.13900000e+03,-145.875000
3140,3.14000000e+03,-144.500000
3141,3.14100000e+03,-144.500000
3142,3.14200000e+03,-142.791667
3143,3.14300000e+03,-142.791667
3144,3.14400000e+03,-141.333333
3145,3.14500000e+03,-141.333333
3146,3.14600000e+03,-139.708333
3147,3.14700000e+03,-139.708333
3148,3.14800000e+03,-138.083333
3149,3.14900000e+03,-138.083333
3150,3.15000000e+03,-136.375000
3151,3.15100000e+03,-136.375000
3152,3.15200000e+03,-134.750000
3153,3.15300000e+03,-134.750000
3154,3.15400000e+03,-132.916667
3155,3.15500000e+03,-132.916667
3156,3.15600000e+03,-131.416667
3157,3.15700000e+03,-131.416667
3158,3.15800000e+03,-129.625000
3159,3.15900000e+03,-129.625000
3160,3.16000000e+03,-128.083333
3161,3.16100000e+03,-128.083333
3162,3.16200000e+03,-126.291667
3163,3.16300000e+03,-126.291667
3164,3.16400000e+03,-124.291667
3165,3.16500000e+03,-124.291667
3166,3.16600000e+03,-122.583333
3167,3.16700000e+03,-122.583333
3168,3.16800000e+03,-120.666667
3169,3.16900000e+03,-120.666667
3170,3.17000000e+03,-118.875000
3171,3.17100000e+03,-118.875000
3172,3.17200000e+03,-117.250000
3173,3.17300000e+03,-117.250000
3174,3.17400000e+03,-115.208333
3175,3.17500000e+03,-115.208333
3176,3.17600000e+03,-113.458333
3177,3.17700000e+03,-113.458333
3178,3.17800000e+03,-111.833333
3179,3.17900000e+03,-111.833333
3180,3.18000000e+03,-109.958333
3181,3.18100000e+03,-109.958333
3182,3.18200000e+03,-108.208333
3183,3.18300000e+03,-108.208333
3184,3.18400000e+03,-106.291667
3185,3.18500000e+03,-106.291667
3186,3.18600000e+03,-104.458333
3187,3.18700000e+03,-104.458333
3188,3.18800000e+03,-102.625000
3189,3.18900000e+03,-102.625000
3190,3.19000000e+03,-100.666667
3191,3.19100000e+03,-100.666667
3192,3.19200000e+03,-98.958333
3193,3.19300000e+03,-98.958333
3194,3.19400000e+03,-97.083333
3195,3.19500000e+03,-97.083333
3196,3.19600000e+03,-95.166667
3197,3.19700000e+03,-95.166667
3198,3.19800000e+03,-93.375000
3199,3.19900000e+03,-93.375000
3200,3.20000000e+03,-91.791667
3201,3.20100000e+03,-91.791667
3202,3.20200000e+03,-90.083333
3203,3.20300000e+03,-90.083333
3204,3.20400000e+03,-88.041667
3205,3.20500000e+03,-88.041667
3206,3.20600000e+03,-86.375000
3207,3.20700000e+03,-86.375000
3208,3.20800000e+03,-84.500000
3209,3.20900000e+03,-84.500000
3210,3.21000000e+03,-82.833333
3211,3.21100000e+03,-82.833333
3212,3.21200000e+03,-80.958333
3213,3.21300000e+03,-80.958333
3214,3.21400000e+03,-79.166667
3215,3.21500000e+03,-79.166667
3216,3.21600000e+03,-77.541667
3217,3.21700000e+03,-77.541667
3218,3.21800000e+03,-75.833333
3219,3.21900000e+03,-75.833333
3220,3.22000000e+03,-74.083333
3221,3.22100000e+03,-74.083333
3222,3.22200000e+03,-72.416667
3223,3.22300000e+03,-72.416667
3224,3.22400000e+03,-70.625000
3225,3.22500000e+03,-70.625000
3226,3.22600000e+03,-68.875000
3227,3.22700000e+03,-68.875000
3228,3.22800000e+03,-67.083333
3229,3.22900000e+03,-67.083333
3230,3.23000000e+03,-65.291667
3231,3.23100000e+03,-65.291667
3232,3.23200000e+03,-63.625000
3233,3.23300000e+03,-63.625000
3234,3.23400000e+03,-61.791667
3235,3.23500000e+03,-61.791667
3236,3.23600000e+03,-60.041667
3237,3.23700000e+03,-60.041667
3238,3.23800000e+03,-58.333333
3239,3.23900000e+03,-58.333333
3240,3.24000000e+03,-56.458333
3241,3.24100000e+03,-56.458333
3242,3.24200000e+03,-54.625000
3243,3.24300000e+03,-54.625000
3244,3.24400000e+03,-52.916667
3245,3.24500000e+03,-52.916667
3246,3.24600000e+03,-51.333333
3247,3.24700000e+03,-51.333333
3248,3.24800000e+03,-49.125000
3249,3.24900000e+03,-49.125000
3250,3.25000000e+03,-47.541667
3251,3.25100000e+03,-47.541667
3252,3.25200000e+03,-45.708333
3253,3.25300000e+03,-45.708333
3254,3.25400000e+03,-43.625000
3255,3.25500000e+03,-43.625000
3256,3.25600000e+03,-41.583333
3257,3.25700000e+03,-41.583333
3258,3.25800000e+03,-39.833333
3259,3.25900000e+03,-39.833333
3260,3.26000000e+03,-37.958333
3261,3.26100000e+03,-37.958333
3262,3.26200000e+03,-36.083333
3263,3.26300000e+03,-36.083333
3264,3.26400000e+03,-34.166667
3265,3.26500000e+03,-34.166667
3266,3.26600000e+03,-32.166667
3267,3.26700000e+03,-32.166667
3268,3.26800000e+03,-29.916667
3269,3.26900000e+03,-29.916667
3270,3.27000000e+03,-28.208333
3271,3.27100000e+03,-28.208333
3272,3.27200000e+03,-26.041667
3273,3.27300000e+03,-26.041667
3274,3.27400000e+03,-23.916667
3275,3.27500000e+03,-23.916667
3276,3.27600000e+03,-22.041667
3277,3.27700000e+03,-22.041667
3278,3.27800000e+03,-20.000000
3279,3.27900000e+03,-20.000000
3280,3.28000000e+03,-17.791667
3281,3.28100000e+03,-17.791667
3282,3.28200000e+03,-15.750000
3283,3.28300000e+03,-15.750000
3284,3.28400000e+03,-13.708333
3285,3.28500000e+03,-13.708333
3286,3.28600000e+03,-11.583333
3287,3.28700000e+03,-11.583333
3288,3.28800000e+03,-9.375000
3289,3.28900000e+03,-9.375000
3290,3.29000000e+03,-7.250000
3291,3.29100000e+03,-7.250000
3292,3.29200000e+03,-5.166667
3293,3.29300000e+03,-5.166667
3294,3.29400000e+03,-3.166667
3295,3.29500000e+03,-3.166667
3296,3.29600000e+03,-0.791667
3297,3.29700000e+03,-0.791667
3298,3.29800000e+03,1.250000
3299,3.29900000e+03,1.250000
3300,3.30000000e+03,3.416667
3301,3.30100000e+03,3.416667
3302,3.30200000e+03,5.708333
3303,3.30300000e+03,5.708333
3304,3.30400000e+03,7.541667
3305,3.30500000e+03,7.541667
3306,3.30600000e+03,9.833333
3307,3.30700000e+03,9.833333
3308,3.30800000e+03,12.083333
3309,3.30900000e+03,12.083333
3310,3.31000000e+03,14.000000
3311,3.31100000e+03,14.000000
3312,3.31200000e+03,16.041667
3313,3.31300000e+03,16.041667
3314,3.31400000e+03,18.541667
3315,3.31500000e+03,18.541667
3316,3.31600000e+03,20.416667
3317,3.31700000e+03,20.416667
3318,3.31800000e+03,22.375000
3319,3.31900000e+03,22.375000
3320,3.32000000e+03,24.625000
3321,3.32100000e+03,24.625000
3322,3.32200000e+03,26.625000
3323,3.32300000e+03,26.625000
3324,3.32400000e+03,28.833333
3325,3.32500000e+03,28.833333
3326,3.32600000e+03,30.750000
3327,3.32700000e+03,30.750000
3328,3.32800000e+03,32.750000
3329,3.32900000e+03,32.750000
3330,3.33000000e+03,34.833333
3331,3.33100000e+03,34.833333
3332,3.33200000e+03,36.791667
3333,3.33300000e+03,36.791667
3334,3.33400000e+03,38.791667
3335,3.33500000e+03,38.791667
3336,3.33600000e+03,40.750000
3337,3.33700000e+03,40.750000
3338,3.33800000e+03,42.666667
3339,3.33900000e+03,42.666667
3340,3.34000000e+03,44.541667
3341,3.34100000e+03,44.541667
3342,3.34200000e+03,46.625000
3343,3.34300000e+03,46.625000
3344,3.34400000e+03,48.583333
3345,3.34500000e+03,48.583333
3346,3.34600000e+03,50.166667
3347,3.34700000e+03,50.166667
3348,3.34800000e+03,51.958333
3349,3.34900000e+03,51.958333
3350,3.35000000e+03,54.041667
3351,3.35100000e+03,54.041667
3352,3.35200000e+03,55.750000
3353,3.35300000e+03,55.750000
3354,3.35400000e+03,57.500000
3355,3.35500000e+03,57.500000
3356,3.35600000e+03,59.291667
3357,3.35700000e+03,59.291667
3358,3.35800000e+03,61.083333
3359,3.35900000e+03,61.083333
3360,3.36000000e+03,62.875000
3361,3.36100000e+03,62.875000
3362,3.36200000e+03,64.708333
3363,3.36300000e+03,64.708333
3364,3.36400000e+03,66.208333
3365,3.36500000e+03,66.208333
3366,3.36600000e+03,68.083333
3367,3.36700000e+03,68.083333
3368,3.36800000e+03,69.791667
3369,3.36900000e+03,69.791667
3370,3.37000000e+03,71.500000
3371,3.37100000e+03,71.500000
3372,3.37200000e+03,73.291667
3373,3.37300000e+03,73.291667
3374,3.37400000e+03,75.000000
3375,3.37500000e+03,75.000000
3376,3.37600000e+03,76.791667
3377,3.37700000e+03,76.791667
3378,3.37800000e+03,78.583333
3379,3.37900000e+03,78.583333
3380,3.38000000e+03,80.500000
3381,3.38100000e+03,80.500000
3382,3.38200000e+03,82.125000
3383,3.38300000e+03,82.125000
3384,3.38400000e+03,83.833333
3385,3.38500000e+03,83.833333
3386,3.38600000e+03,85.541667
3387,3.38700000e+03,85.541667
3388,3.38800000e+03,87.208333
3389,3.38900000e+03,87.208333
3390,3.39000000e+03,88.958333
3391,3.39100000e+03,88.958333
3392,3.39200000e+03,90.791667
3393,3.39300000e+03,90.791667
3394,3.39400000e+03,92.541667
3395,3.39500000e+03,92.541667
3396,3.39600000e+03,94.375000
3397,3.39700000e+03,94.375000
3398,3.39800000e+03,96.250000
3399,3.39900000e+03,96.250000
3400,3.40000000e+03,97.833333
3401,3.40100000e+03,97.833333
3402,3.40200000e+03,99.750000
3403,3.40300000e+03,99.750000
3404,3.40400000e+03,101.583333
3405,3.40500000e+03,101.583333
3406,3.40600000e+03,103.208333
3407,3.40700000e+03,103.208333
3408,3.40800000e+03,105.125000
3409,3.40900000e+03,105.125000
3410,3.41000000e+03,107.000000
3411,3.41100000e+03,107.000000
3412,3.41200000e+03,108.750000
3413,3.41300000e+03,108.750000
3414,3.41400000e+03,110.375000
3415,3.41500000e+03,110.375000
3416,3.41600000e+03,112.166667
3417,3.41700000e+03,112.166667
3418,3.41800000e+03,114.000000
3419,3.41900000e+03,114.000000
3420,3.42000000e+03,115.875000
3421,3.42100000e+03,115.875000
3422,3.42200000e+03,117.583333
3423,3.42300000e+03,117.583333
3424,3.42400000e+03,119.416667
3425,3.42500000e+03,119.416667
3426,3.42600000e+03,121.333333
3427,3.42700000e+03,121.333333
3428,3.42800000e+03,122.916667
3429,3.42900000e+03,122.916667
3430,3.43000000e+03,124.750000
3431,3.43100000e+03,124.750000
3432,3.43200000e+03,126.416667
3433,3.43300000e+03,126.416667
3434,3.43400000e+03,128.208333
3435,3.43500000e+03,128.208333
3436,3.43600000e+03,129.958333
3437,3.43700000e+03,129.958333
3438,3.43800000e+03,131.583333
3439,3.43900000e+03,131.583333
3440,3.44000000e+03,133.291667
3441,3.44100000e+03,133.291667
3442,3.44200000e+03,135.000000
3443,3.44300000e+03,135.000000
3444,3.44400000e+03,136.625000
3445,3.44500000e+03,136.625000
3446,3.44600000e+03,138.208333
3447,3.44700000e+03,138.208333
3448,3.44800000e+03,140.000000
3449,3.44900000e+03,140.000000
3450,3.45000000e+03,141.416667
3451,3.45100000e+03,141.416667
3452,3.45200000e+03,143.000000
3453,3.45300000e+03,143.000000
3454,3.45400000e+03,144.708333
3455,3.45500000e+03,144.708333
3456,3.45600000e+03,146.208333
3457,3.45700000e+03,146.208333
3458,3.45800000e+03,147.625000
3459,3.45900000e+03,147.625000
3460,3.46000000e+03,148.875000
3461,3.46100000e+03,148.875000
3462,3.46200000e+03,150.541667
3463,3.46300000e+03,150.541667
3464,3.46400000e+03,152.000000
3465,3.46500000e+03,152.000000
3466,3.46600000e+03,153.333333
3467,3.46700000e+03,153.333333
3468,3.46800000e+03,154.666667
3469,3.46900000e+03,154.666667
3470,3.47000000e+03,156.125000
3471,3.47100000e+03,156.125000
3472,3.47200000e+03,157.333333
3473,3.47300000e+03,157.333333
3474,3.47400000e+03,158.708333
3475,3.47500000e+03,158.708333
3476,3.47600000e+03,160.000000
3477,3.47700000e+03,160.000000
3478,3.47800000e+03,161.041667
3479,3.47900000e+03,161.041667
3480,3.48000000e+03,162.291667
3481,3.48100000e+03,162.291667
3482,3.48200000e+03,163.500000
3483,3.48300000e+03,163.500000
3484,3.48400000e+03,164.708333
3485,3.48500000e+03,164.708333
3486,3.48600000e+03,165.875000
3487,3.48700000e+03,165.875000
3488,3.48800000e+03,166.875000
3489,3.48900000e+03,166.875000
3490,3.49000000e+03,168.083333
3491,3.49100000e+03,168.083333
3492,3.49200000e+03,169.166667
3493,3.49300000e+03,169.166667
3494,3.49400000e+03,170.166667
3495,3.49500000e+03,170.166667
3496,3.49600000e+03,171.250000
3497,3.49700000e+03,171.250000
3498,3.49800000e+03,172.291667
3499,3.49900000e+03,172.291667
3500,3.50000000e+03,173.333333
3501,3.50100000e+03,173.333333
3502,3.50200000e+03,174.375000
3503,3.50300000e+03,174.375000
3504,3.50400000e+03,175.500000
3505,3.50500000e+03,175.500000
3506,3.50600000e+03,176.416667
3507,3.50700000e+03,176.416667
3508,3.50800000e+03,177.375000
3509,3.50900000e+03,177.375000
3510,3.51000000e+03,178.500000
3511,3.51100000e+03,178.500000
3512,3.51200000e+03,179.333333
3513,3.51300000e+03,179.333333
3514,3.51400000e+03,180.500000
3515,3.51500000e+03,180.500000
3516,3.51600000e+03,181.291667
3517,3.51700000e+03,181.291667
3518,3.51800000e+03,182.291667
3519,3.51900000e+03,182.291667
3520,3.52000000e+03,183.333333
3521,3.52100000e+03,183.333333
3522,3.52200000e+03,184.333333
3523,3.52300000e+03,184.333333
3524,3.52400000e+03,185.291667
3525,3.52500000e+03,185.291667
3526,3.52600000e+03,186.250000
3527,3.52700000e+03,186.250000
3528,3.52800000e+03,187.458333
3529,3.52900000e+03,187.458333
3530,3.53000000e+03,188.333333
3531,3.53100000e+03,188.333333
3532,3.53200000e+03,189.208333
3533,3.53300000e+03,189.208333
3534,3.53400000e+03,190.375000
3535,3.53500000e+03,190.375000
3536,3.53600000e+03,191.375000
3537,3.53700000e+03,191.375000
3538,3.53800000e+03,192.250000
3539,3.53900000e+03,192.250000
3540,3.54000000e+03,193.250000
3541,3.54100000e+03,193.250000
3542,3.54200000e+03,194.500000
3543,3.54300000e+03,194.500000
3544,3.54400000e+03,195.541667
3545,3.54500000e+03,195.541667
3546,3.54600000e+03,196.541667
3547,3.54700000e+03,196.541667
3548,3.54800000e+03,197.625000
3549,3.54900000e+03,197.625000
3550,3.55000000e+03,198.708333
3551,3.55100000e+03,198.708333
3552,3.55200000e+03,199.541667
3553,3.55300000e+03,199.541667
3554,3.55400000e+03,200.833333
3555,3.55500000e+03,200.833333
3556,3.55600000e+03,202.000000
3557,3.55700000e+03,202.000000
3558,3.55800000e+03,202.875000
3559,3.55900000e+03,202.875000
3560,3.56000000e+03,203.916667
3561,3.56100000e+03,203.916667
3562,3.56200000e+03,205.208333
3563,3.56300000e+03,205.208333
3564,3.56400000e+03,206.000000
3565,3.56500000e+03,206.000000
3566,3.56600000e+03,207.125000
3567,3.56700000e+03,207.125000
3568,3.56800000e+03,208.333333
3569,3.56900000e+03,208.333333
3570,3.57000000e+03,209.458333
3571,3.57100000e+03,209.458333
3572,3.57200000e+03,210.291667
3573,3.57300000e+03,210.291667
3574,3.57400000e+03,211.458333
3575,3.57500000e+03,211.458333
3576,3.57600000e+03,212.500000
3577,3.57700000e+03,212.500000
3578,3.57800000e+03,213.541667
3579,3.57900000e+03,213.541667
3580,3.58000000e+03,214.291667
3581,3.58100000e+03,214.291667
3582,3.58200000e+03,215.500000
3583,3.58300000e+03,215.500000
3584,3.58400000e+03,216.208333
3585,3.58500000e+03,216.208333
3586,3.58600000e+03,217.208333
3587,3.58700000e+03,217.208333
3588,3.58800000e+03,218.125000
3589,3.58900000e+03,218.125000
3590,3.59000000e+03,219.125000
3591,3.59100000e+03,219.125000
3592,3.59200000e+03,219.958333
3593,3.59300000e+03,219.958333
3594,3.59400000e+03,220.750000
3595,3.59500000e+03,220.750000
3596,3.59600000e+03,221.583333
3597,3.59700000e+03,221.583333
3598,3.59800000e+03,222.416667
3599,3.59900000e+03,222.416667
3600,3.60000000e+03,223.125000
3601,3.60100000e+03,223.125000
3602,3.60200000e+03,223.916667
3603,3.60300000e+03,223.916667
3604,3.60400000e+03,224.625000
3605,3.60500000e+03,224.625000
3606,3.60600000e+03,225.291667
3607,3.60700000e+03,225.291667
3608,3.60800000e+03,225.958333
3609,3.60900000e+03,225.958333
3610,3.61000000e+03,226.541667
3611,3.61100000e+03,226.541667
3612,3.61200000e+03,227.208333
3613,3.61300000e+03,227.208333
3614,3.61400000e+03,227.958333
3615,3.61500000e+03,227.958333
3616,3.61600000e+03,228.500000
3617,3.61700000e+03,228.500000
3618,3.61800000e+03,228.875000
3619,3.61900000e+03,228.875000
3620,3.62000000e+03,229.375000
3621,3.62100000e+03,229.375000
3622,3.62200000e+03,229.791667
3623,3.62300000e+03,229.791667
3624,3.62400000e+03,230.166667
3625,3.62500000e+03,230.166667
3626,3.62600000e+03,230.625000
3627,3.62700000e+03,230.625000
3628,3.62800000e+03,231.166667
3629,3.62900000e+03,231.166667
3630,3.63000000e+03,231.375000
3631,3.63100000e+03,231.375000
3632,3.63200000e+03,231.708333
3633,3.63300000e+03,231.708333
3634,3.63400000e+03,232.041667
3635,3.63500000e+03,232.041667
3636,3.63600000e+03,232.416667
3637,3.63700000e+03,232.416667
3638,3.63800000e+03,232.625000
3639,3.63900000e+03,232.625000
3640,3.64000000e+03,232.875000
3641,3.64100000e+03,232.875000
3642,3.64200000e+03,233.041667
3643,3.64300000e+03,233.041667
3644,3.64400000e+03,233.208333
3645,3.64500000e+03,233.208333
3646,3.64600000e+03,233.333333
3647,3.64700000e+03,233.333333
3648,3.64800000e+03,233.583333
3649,3.64900000e+03,233.583333
3650,3.65000000e+03,233.666667
3651,3.65100000e+03,233.666667
3652,3.65200000e+03,233.958333
3653,3.65300000e+03,233.958333
3654,3.65400000e+03,234.000000
3655,3.65500000e+03,234.000000
3656,3.65600000e+03,233.958333
3657,3.65700000e+03,233.958333
3658,3.65800000e+03,234.166667
3659,3.65900000e+03,234.166667
3660,3.66000000e+03,234.083333
3661,3.66100000e+03,234.083333
3662,3.66200000e+03,234.166667
3663,3.66300000e+03,234.166667
3664,3.66400000e+03,234.333333
3665,3.66500000e+03,234.333333
3666,3.66600000e+03,234.291667
3667,3.66700000e+03,234.291667
3668,3.66800000e+03,234.375000
3669,3.66900000e+03,234.375000
3670,3.67000000e+03,234.166667
3671,3.67100000e+03,234.166667
3672,3.67200000e+03,234.125000
3673,3.67300000e+03,234.125000
3674,3.67400000e+03,234.375000
3675,3.67500000e+03,234.375000
3676,3.67600000e+03,234.166667
3677,3.67700000e+03,234.166667
3678,3.67800000e+03,234.000000
3679,3.67900000e+03,234.000000
3680,3.68000000e+03,234.041667
3681,3.68100000e+03,234.041667
3682,3.68200000e+03,234.000000
3683,3.68300000e+03,234.000000
3684,3.68400000e+03,233.791667
3685,3.68500000e+03,233.791667
3686,3.68600000e+03,233.791667
3687,3.68700000e+03,233.791667
3688,3.68800000e+03,233.375000
3689,3.68900000e+03,233.375000
3690,3.69000000e+03,233.375000
3691,3.69100000e+03,233.375000
3692,3.69200000e+03,233.250000
3693,3.69300000e+03,233.250000
3694,3.69400000e+03,233.000000
3695,3.69500000e+03,233.000000
3696,3.69600000e+03,233.041667
3697,3.69700000e+03,233.041667
3698,3.69800000e+03,232.666667
3699,3.69900000e+03,232.666667
3700,3.70000000e+03,232.333333
3701,3.70100000e+03,232.333333
3702,3.70200000e+03,232.250000
3703,3.70300000e+03,232.250000
3704,3.70400000e+03,232.041667
3705,3.70500000e+03,232.041667
3706,3.70600000e+03,231.833333
3707,3.70700000e+03,231.833333
3708,3.70800000e+03,231.416667
3709,3.70900000e+03,231.416667
3710,3.71000000e+03,230.916667
3711,3.71100000e+03,230.916667
3712,3.71200000e+03,230.625000
3713,3.71300000e+03,230.625000
3714,3.71400000e+03,230.375000
3715,3.71500000e+03,230.375000
3716,3.71600000e+03,230.125000
3717,3.71700000e+03,230.125000
3718,3.71800000e+03,229.708333
3719,3.71900000e+03,229.708333
3720,3.72000000e+03,229.250000
3721,3.72100000e+03,229.250000
3722,3.72200000e+03,228.708333
3723,3.72300000e+03,228.708333
3724,3.72400000e+03,228.458333
3725,3.72500000e+03,228.458333
3726,3.72600000e+03,227.750000
3727,3.72700000e+03,227.750000
3728,3.72800000e+03,227.333333
3729,3.72900000e+03,227.333333
3730,3.73000000e+03,226.666667
3731,3.73100000e+03,226.666667
3732,3.73200000e+03,226.125000
3733,3.73300000e+03,226.125000
3734,3.73400000e+03,225.416667
3735,3.73500000e+03,225.416667
3736,3.73600000e+03,224.833333
3737,3.73700000e+03,224.833333
3738,3.73800000e+03,224.333333
3739,3.73900000e+03,224.333333
3740,3.74000000e+03,223.500000
3741,3.74100000e+03,223.500000
3742,3.74200000e+03,222.750000
3743,3.74300000e+03,222.750000
3744,3.74400000e+03,222.125000
3745,3.74500000e+03,222.125000
3746,3.74600000e+03,221.375000
3747,3.74700000e+03,221.375000
3748,3.74800000e+03,220.541667
3749,3.74900000e+03,220.541667
3750,3.75000000e+03,219.750000
3751,3.75100000e+03,219.750000
3752,3.75200000e+03,218.958333
3753,3.75300000e+03,218.958333
3754,3.75400000e+03,218.041667
3755,3.75500000e+03,218.041667
3756,3.75600000e+03,217.166667
3757,3.75700000e+03,217.166667
3758,3.75800000e+03,216.166667
3759,3.75900000e+03,216.166667
3760,3.76000000e+03,215.208333
3761,3.76100000e+03,215.208333
3762,3.76200000e+03,214.291667
3763,3.76300000e+03,214.291667
3764,3.76400000e+03,213.208333
3765,3.76500000e+03,213.208333
3766,3.76600000e+03,212.250000
3767,3.76700000e+03,212.250000
3768,3.76800000e+03,211.208333
3769,3.76900000e+03,211.208333
3770,3.77000000e+03,210.000000
3771,3.77100000e+03,210.000000
3772,3.77200000e+03,209.250000
3773,3.77300000e+03,209.250000
3774,3.77400000e+03,208.125000
3775,3.77500000e+03,208.125000
3776,3.77600000e+03,207.083333
3777,3.77700000e+03,207.083333
3778,3.77800000e+03,205.916667
3779,3.77900000e+03,205.916667
3780,3.78000000e+03,204.708333
3781,3.78100000e+03,204.708333
3782,3.78200000e+03,203.666667
3783,3.78300000e+03,203.666667
3784,3.78400000e+03,202.500000
3785,3.78500000e+03,202.500000
3786,3.78600000e+03,201.500000
3787,3.78700000e+03,201.500000
3788,3.78800000e+03,200.416667
3789,3.78900000e+03,200.416667
3790,3.79000000e+03,199.416667
3791,3.79100000e+03,199.416667
3792,3.79200000e+03,198.166667
3793,3.79300000e+03,198.166667
3794,3.79400000e+03,196.916667
3795,3.79500000e+03,196.916667
3796,3.79600000e+03,196.125000
3797,3.79700000e+03,196.125000
3798,3.79800000e+03,194.833333
3799,3.79900000e+03,194.833333
3800,3.80000000e+03,193.791667
3801,3.80100000e+03,193.791667
3802,3.80200000e+03,192.708333
3803,3.80300000e+03,192.708333
3804,3.80400000e+03,191.583333
3805,3.80500000e+03,191.583333
3806,3.80600000e+03,190.583333
3807,3.80700000e+03,190.583333
3808,3.80800000e+03,189.416667
3809,3.80900000e+03,189.416667
3810,3.81000000e+03,188.458333
3811,3.81100000e+03,188.458333
3812,3.81200000e+03,187.375000
3813,3.81300000e+03,187.375000
3814,3.81400000e+03,186.333333
3815,3.81500000e+03,186.333333
3816,3.81600000e+03,185.375000
3817,3.81700000e+03,185.375000
3818,3.81800000e+03,184.208333
3819,3.81900000e+03,184.208333
3820,3.82000000e+03,183.333333
3821,3.82100000e+03,183.333333
3822,3.82200000e+03,182.291667
3823,3.82300000e+03,182.291667
3824,3.82400000e+03,181.125000
3825,3.82500000e+03,181.125000
3826,3.82600000e+03,180.166667
3827,3.82700000e+03,180.166667
3828,3.82800000e+03,179.208333
3829,3.82900000e+03,179.208333
3830,3.83000000e+03,178.125000
3831,3.83100000e+03,178.125000
3832,3.83200000e+03,177.291667
3833,3.83300000e+03,177.291667
3834,3.83400000e+03,176.083333
3835,3.83500000e+03,176.083333
3836,3.83600000e+03,175.250000
3837,3.83700000e+03,175.250000
3838,3.83800000e+03,174.083333
3839,3.83900000e+03,174.083333
3840,3.84000000e+03,173.125000
3841,3.84100000e+03,173.125000
3842,3.84200000e+03,172.208333
3843,3.84300000e+03,172.208333
3844,3.84400000e+03,171.166667
3845,3.84500000e+03,171.166667
3846,3.84600000e+03,170.041667
3847,3.84700000e+03,170.041667
3848,3.84800000e+03,169.041667
3849,3.84900000e+03,169.041667
3850,3.85000000e+03,167.833333
3851,3.85100000e+03,167.833333
3852,3.85200000e+03,166.708333
3853,3.85300000e+03,166.708333
3854,3.85400000e+03,165.791667
3855,3.85500000e+03,165.791667
3856,3.85600000e+03,164.708333
3857,3.85700000e+03,164.708333
3858,3.85800000e+03,163.458333
3859,3.85900000e+03,163.458333
3860,3.86000000e+03,162.333333
3861,3.86100000e+03,162.333333
3862,3.86200000e+03,161.250000
3863,3.86300000e+03,161.250000
3864,3.86400000e+03,160.083333
3865,3.86500000e+03,160.083333
3866,3.86600000e+03,158.750000
3867,3.86700000e+03,158.750000
3868,3.86800000e+03,157.416667
3869,3.86900000e+03,157.416667
3870,3.87000000e+03,156.291667
3871,3.87100000e+03,156.291667
3872,3.87200000e+03,155.041667
3873,3.87300000e+03,155.041667
3874,3.87400000e+03,153.833333
3875,3.87500000e+03,153.833333
3876,3.87600000e+03,152.458333
3877,3.87700000e+03,152.458333
3878,3.87800000e+03,151.083333
3879,3.87900000e+03,151.083333
3880,3.88000000e+03,149.666667
3881,3.88100000e+03,149.666667
3882,3.88200000e+03,148.000000
3883,3.88300000e+03,148.000000
3884,3.88400000e+03,146.666667
3885,3.88500000e+03,146.666667
3886,3.88600000e+03,145.208333
3887,3.88700000e+03,145.208333
3888,3.88800000e+03,143.708333
3889,3.88900000e+03,143.708333
3890,3.89000000e+03,142.125000
3891,3.89100000e+03,142.125000
3892,3.89200000e+03,140.541667
3893,3.89300000e+03,140.541667
3894,3.89400000e+03,138.916667
3895,3.89500000e+03,138.916667
3896,3.89600000e+03,137.416667
3897,3.89700000e+03,137.416667
3898,3.89800000e+03,135.750000
3899,3.89900000e+03,135.750000
3900,3.90000000e+03,134.083333
3901,3.90100000e+03,134.083333
3902,3.90200000e+03,132.416667
3903,3.90300000e+03,132.416667
3904,3.90400000e+03,130.750000
3905,3.90500000e+03,130.750000
3906,3.90600000e+03,128.750000
3907,3.90700000e+03,128.750000
3908,3.90800000e+03,127.166667
3909,3.90900000e+03,127.166667
3910,3.91000000e+03,125.541667
3911,3.91100000e+03,125.541667
3912,3.91200000e+03,123.625000
3913,3.91300000e+03,123.625000
3914,3.91400000e+03,121.791667
3915,3.91500000e+03,121.791667
3916,3.91600000e+03,120.125000
3917,3.91700000e+03,120.125000
3918,3.91800000e+03,118.125000
3919,3.91900000e+03,118.125000
3920,3.92000000e+03,116.541667
3921,3.92100000e+03,116.541667
3922,3.92200000e+03,114.625000
3923,3.92300000e+03,114.625000
3924,3.92400000e+03,112.791667
3925,3.92500000e+03,112.791667
3926,3.92600000e+03,111.000000
3927,3.92700000e+03,111.000000
3928,3.92800000e+03,109.041667
3929,3.92900000e+03,109.041667
3930,3.93000000e+03,107.291667
3931,3.93100000e+03,107.291667
3932,3.93200000e+03,105.541667
3933,3.93300000e+03,105.541667
3934,3.93400000e+03,103.583333
3935,3.93500000e+03,103.583333
3936,3.93600000e+03,101.791667
3937,3.93700000e+03,101.791667
3938,3.93800000e+03,100.125000
3939,3.93900000e+03,100.125000
3940,3.94000000e+03,98.125000
3941,3.94100000e+03,98.125000
3942,3.94200000e+03,96.416667
3943,3.94300000e+03,96.416667
3944,3.94400000e+03,94.541667
3945,3.94500000e+03,94.541667
3946,3.94600000e+03,92.666667
3947,3.94700000e+03,92.666667
3948,3.94800000e+03,90.833333
3949,3.94900000e+03,90.833333
3950,3.95000000e+03,89.166667
3951,3.95100000e+03,89.166667
3952,3.95200000e+03,87.375000
3953,3.95300000e+03,87.375000
3954,3.95400000e+03,85.708333
3955,3.95500000e+03,85.708333
3956,3.95600000e+03,83.833333
3957,3.95700000e+03,83.833333
3958,3.95800000e+03,81.958333
3959,3.95900000e+03,81.958333
3960,3.96000000e+03,80.250000
3961,3.96100000e+03,80.250000
3962,3.96200000e+03,78.541667
3963,3.96300000e+03,78.541667
3964,3.96400000e+03,76.791667
3965,3.96500000e+03,76.791667
3966,3.96600000e+03,75.083333
3967,3.96700000e+03,75.083333
3968,3.96800000e+03,73.416667
3969,3.96900000e+03,73.416667
3970,3.97000000e+03,71.458333
3971,3.97100000e+03,71.458333
3972,3.97200000e+03,69.958333
3973,3.97300000e+03,69.958333
3974,3.97400000e+03,68.208333
3975,3.97500000e+03,68.208333
3976,3.97600000e+03,66.291667
3977,3.97700000e+03,66.291667
3978,3.97800000e+03,64.666667
3979,3.97900000e+03,64.666667
3980,3.98000000e+03,62.875000
3981,3.98100000e+03,62.875000
3982,3.98200000e+03,61.000000
3983,3.98300000e+03,61.000000
3984,3.98400000e+03,59.250000
3985,3.98500000e+03,59.250000
3986,3.98600000e+03,57.541667
3987,3.98700000e+03,57.541667
3988,3.98800000e+03,55.666667
3989,3.98900000e+03,55.666667
3990,3.99000000e+03,53.875000
3991,3.99100000e+03,53.875000
3992,3.99200000e+03,52.125000
3993,3.99300000e+03,52.125000
3994,3.99400000e+03,50.375000
3995,3.99500000e+03,50.375000
3996,3.99600000e+03,48.583333
3997,3.99700000e+03,48.583333
3998,3.99800000e+03,46.750000
3999,3.99900000e+03,46.750000
4000,4.00000000e+03,44.875000
4001,4.00100000e+03,44.875000
4002,4.00200000e+03,43.041667
4003,4.00300000e+03,43.041667
4004,4.00400000e+03,41.125000
4005,4.00500000e+03,41.125000
4006,4.00600000e+03,39.208333
4007,4.00700000e+03,39.208333
4008,4.00800000e+03,37.208333
4009,4.00900000e+03,37.208333
4010,4.01000000e+03,35.166667
4011,4.01100000e+03,35.166667
4012,4.01200000e+03,33.041667
4013,4.01300000e+03,33.041667
4014,4.01400000e+03,31.208333
4015,4.01500000e+03,31.208333
4016,4.01600000e+03,29.250000
4017,4.01700000e+03,29.250000
4018,4.01800000e+03,27.166667
4019,4.01900000e+03,27.166667
4020,4.02000000e+03,25.208333
4021,4.02100000e+03,25.208333
4022,4.02200000e+03,23.000000
4023,4.02300000e+03,23.000000
4024,4.02400000e+03,21.041667
4025,4.02500000e+03,21.041667
4026,4.02600000e+03,18.958333
4027,4.02700000e+03,18.958333
4028,4.02800000e+03,16.916667
4029,4.02900000e+03,16.916667
4030,4.03000000e+03,14.916667
4031,4.03100000e+03,14.916667
4032,4.03200000e+03,12.833333
4033,4.03300000e+03,12.833333
4034,4.03400000e+03,10.708333
4035,4.03500000e+03,10.708333
4036,4.03600000e+03,8.583333
4037,4.03700000e+03,8.583333
4038,4.03800000e+03,6.291667
4039,4.03900000e+03,6.291667
4040,4.04000000e+03,4.291667
4041,4.04100000e+03,4.291667
4042,4.04200000e+03,2.166667
4043,4.04300000e+03,2.166667
4044,4.04400000e+03,-0.041667
4045,4.04500000e+03,-0.041667
4046,4.04600000e+03,-2.125000
4047,4.04700000e+03,-2.125000
4048,4.04800000e+03,-4.166667
4049,4.04900000e+03,-4.166667
4050,4.05000000e+03,-6.375000
4051,4.05100000e+03,-6.375000
4052,4.05200000e+03,-8.583333
4053,4.05300000e+03,-8.583333
4054,4.05400000e+03,-10.625000
4055,4.05500000e+03,-10.625000
4056,4.05600000e+03,-12.791667
4057,4.05700000e+03,-12.791667
4058,4.05800000e+03,-14.875000
4059,4.05900000e+03,-14.875000
4060,4.06000000e+03,-16.750000
4061,4.06100000e+03,-16.750000
4062,4.06200000e+03,-19.208333
4063,4.06300000e+03,-19.208333
4064,4.06400000e+03,-21.208333
4065,4.06500000e+03,-21.208333
4066,4.06600000e+03,-23.291667
4067,4.06700000e+03,-23.291667
4068,4.06800000e+03,-25.500000
4069,4.06900000e+03,-25.500000
4070,4.07000000e+03,-27.375000
4071,4.07100000e+03,-27.375000
4072,4.07200000e+03,-29.458333
4073,4.07300000e+03,-29.458333
4074,4.07400000e+03,-31.500000
4075,4.07500000e+03,-31.500000
4076,4.07600000e+03,-33.583333
4077,4.07700000e+03,-33.583333
4078,4.07800000e+03,-35.583333
4079,4.07900000e+03,-35.583333
4080,4.08000000e+03,-37.333333
4081,4.08100000e+03,-37.333333
4082,4.08200000e+03,-39.500000
4083,4.08300000e+03,-39.500000
4084,4.08400000e+03,-41.291667
4085,4.08500000e+03,-41.291667
4086,4.08600000e+03,-43.500000
4087,4.08700000e+03,-43.500000
4088,4.08800000e+03,-45.125000
4089,4.08900000e+03,-45.125000
4090,4.09000000e+03,-47.166667
4091,4.09100000e+03,-47.166667
4092,4.09200000e+03,-49.041667
4093,4.09300000e+03,-49.041667
4094,4.09400000e+03,-50.875000
4095,4.09500000e+03,-50.875000
4096,4.09600000e+03,-52.791667
4097,4.09700000e+03,-52.791667
4098,4.09800000e+03,-54.500000
4099,4.09900000e+03,-54.500000
4100,4.10000000e+03,-56.208333
4101,4.10100000e+03,-56.208333
4102,4.10200000e+03,-58.083333
4103,4.10300000e+03,-58.083333
4104,4.10400000e+03,-59.791667
4105,4.10500000e+03,-59.791667
4106,4.10600000e+03,-61.791667
4107,4.10700000e+03,-61.791667
4108,4.10800000e+03,-63.375000
4109,4.10900000e+03,-63.375000
4110,4.11000000e+03,-65.291667
4111,4.11100000e+03,-65.291667
4112,4.11200000e+03,-66.875000
4113,4.11300000e+03,-66.875000
4114,4.11400000e+03,-68.708333
4115,4.11500000e+03,-68.708333
4116,4.11600000e+03,-70.500000
4117,4.11700000e+03,-70.500000
4118,4.11800000e+03,-72.250000
4119,4.11900000e+03,-72.250000
4120,4.12000000e+03,-73.875000
4121,4.12100000e+03,-73.875000
4122,4.12200000e+03,-75.708333
4123,4.12300000e+03,-75.708333
4124,4.12400000e+03,-77.416667
4125,4.12500000e+03,-77.416667
4126,4.12600000e+03,-79.125000
4127,4.12700000e+03,-79.125000
4128,4.12800000e+03,-80.791667
4129,4.12900000e+03,-80.791667
4130,4.13000000e+03,-82.708333
4131,4.13100000e+03,-82.708333
4132,4.13200000e+03,-84.375000
4133,4.13300000e+03,-84.375000
4134,4.13400000e+03,-86.166667
4135,4.13500000e+03,-86.166667
4136,4.13600000e+03,-87.916667
4137,4.13700000e+03,-87.916667
4138,4.13800000e+03,-89.583333
4139,4.13900000e+03,-89.583333
4140,4.14000000e+03,-91.541667
4141,4.14100000e+03,-91.541667
4142,4.14200000e+03,-93.083333
4143,4.14300000e+03,-93.083333
4144,4.14400000e+03,-94.791667
4145,4.14500000e+03,-94.791667
4146,4.14600000e+03,-96.583333
4147,4.14700000e+03,-96.583333
4148,4.14800000e+03,-98.500000
4149,4.14900000e+03,-98.500000
4150,4.15000000e+03,-100.333333
4151,4.15100000e+03,-100.333333
4152,4.15200000e+03,-102.000000
4153,4.15300000e+03,-102.000000
4154,4.15400000e+03,-103.916667
4155,4.15500000e+03,-103.916667
4156,4.15600000e+03,-105.500000
4157,4.15700000e+03,-105.500000
4158,4.15800000e+03,-107.583333
4159,4.15900000e+03,-107.583333
4160,4.16000000e+03,-109.125000
4161,4.16100000e+03,-109.125000
4162,4.16200000e+03,-111.166667
4163,4.16300000e+03,-111.166667
4164,4.16400000e+03,-112.916667
4165,4.16500000e+03,-112.916667
4166,4.16600000e+03,-114.666667
4167,4.16700000e+03,-114.666667
4168,4.16800000e+03,-116.375000
4169,4.16900000e+03,-116.375000
4170,4.17000000e+03,-118.041667
4171,4.17100000e+03,-118.041667
4172,4.17200000e+03,-119.916667
4173,4.17300000e+03,-119.916667
4174,4.17400000e+03,-121.750000
4175,4.17500000e+03,-121.750000
4176,4.17600000e+03,-123.416667
4177,4.17700000e+03,-123.416667
4178,4.17800000e+03,-125.083333
4179,4.17900000e+03,-125.083333
4180,4.18000000e+03,-126.958333
4181,4.18100000e+03,-126.958333
4182,4.18200000e+03,-128.500000
4183,4.18300000e+03,-128.500000
4184,4.18400000e+03,-130.375000
4185,4.18500000e+03,-130.375000
4186,4.18600000e+03,-132.166667
4187,4.18700000e+03,-132.166667
4188,4.18800000e+03,-133.875000
4189,4.18900000e+03,-133.875000
4190,4.19000000e+03,-135.333333
4191,4.19100000e+03,-135.333333
4192,4.19200000e+03,-137.083333
4193,4.19300000e+03,-137.083333
4194,4.19400000e+03,-138.750000
4195,4.19500000e+03,-138.750000
4196,4.19600000e+03,-140.333333
4197,4.19700000e+03,-140.333333
4198,4.19800000e+03,-141.791667
4199,4.19900000e+03,-141.791667
4200,4.20000000e+03,-143.333333
4201,4.20100000e+03,-143.333333
4202,4.20200000e+03,-144.916667
4203,4.20300000e+03,-144.916667
4204,4.20400000e+03,-146.541667
4205,4.20500000e+03,-146.541667
4206,4.20600000e+03,-147.958333
4207,4.20700000e+03,-147.958333
4208,4.20800000e+03,-149.500000
4209,4.20900000e+03,-149.500000
4210,4.21000000e+03,-150.750000
4211,4.21100000e+03,-150.750000
4212,4.21200000e+03,-152.333333
4213,4.21300000e+03,-152.333333
4214,4.21400000e+03,-153.583333
4215,4.21500000e+03,-153.583333
4216,4.21600000e+03,-154.916667
4217,4.21700000e+03,-154.916667
4218,4.21800000e+03,-156.250000
4219,4.21900000e+03,-156.250000
4220,4.22000000e+03,-157.625000
4221,4.22100000e+03,-157.625000
4222,4.22200000e+03,-158.916667
4223,4.22300000e+03,-158.916667
4224,4.22400000e+03,-160.250000
4225,4.22500000e+03,-160.250000
4226,4.22600000e+03,-161.333333
4227,4.22700000e+03,-161.333333
4228,4.22800000e+03,-162.583333
4229,4.22900000e+03,-162.583333
4230,4.23000000e+03,-163.666667
4231,4.23100000e+03,-163.666667
4232,4.23200000e+03,-164.875000
4233,4.23300000e+03,-164.875000
4234,4.23400000e+03,-166.083333
4235,4.23500000e+03,-166.083333
4236,4.23600000e+03,-167.125000
4237,4.23700000e+03,-167.125000
4238,4.23800000e+03,-168.041667
4239,4.23900000e+03,-168.041667
4240,4.24000000e+03,-169.291667
4241,4.24100000e+03,-169.291667
4242,4.24200000e+03,-170.250000
4243,4.24300000e+03,-170.250000
4244,4.24400000e+03,-171.333333
4245,4.24500000e+03,-171.333333
4246,4.24600000e+03,-172.500000
4247,4.24700000e+03,-172.500000
4248,4.24800000e+03,-173.458333
4249,4.24900000e+03,-173.458333
4250,4.25000000e+03,-174.541667
4251,4.25100000e+03,-174.541667
4252,4.25200000e+03,-175.583333
4253,4.25300000e+03,-175.583333
4254,4.25400000e+03,-176.625000
4255,4.25500000e+03,-176.625000
4256,4.25600000e+03,-177.583333
4257,4.25700000e+03,-177.583333
4258,4.25800000e+03,-178.541667
4259,4.25900000e+03,-178.541667
4260,4.26000000e+03,-179.458333
4261,4.26100000e+03,-179.458333
4262,4.26200000e+03,-180.500000
4263,4.26300000e+03,-180.500000
4264,4.26400000e+03,-181.291667
4265,4.26500000e+03,-181.291667
4266,4.26600000e+03,-182.541667
4267,4.26700000e+03,-182.541667
4268,4.26800000e+03,-183.416667
4269,4.26900000e+03,-183.416667
4270,4.27000000e+03,-184.458333
4271,4.27100000e+03,-184.458333
4272,4.27200000e+03,-185.583333
4273,4.27300000e+03,-185.583333
4274,4.27400000e+03,-186.375000
4275,4.27500000e+03,-186.375000
4276,4.27600000e+03,-187.416667
4277,4.27700000e+03,-187.416667
4278,4.27800000e+03,-188.500000
4279,4.27900000e+03,-188.500000
4280,4.28000000e+03,-189.458333
4281,4.28100000e+03,-189.458333
4282,4.28200000e+03,-190.458333
4283,4.28300000e+03,-190.458333
4284,4.28400000e+03,-191.500000
4285,4.28500000e+03,-191.500000
4286,4.28600000e+03,-192.500000
4287,4.28700000e+03,-192.500000
4288,4.28800000e+03,-193.458333
4289,4.28900000e+03,-193.458333
4290,4.29000000e+03,-194.583333
4291,4.29100000e+03,-194.583333
4292,4.29200000e+03,-195.541667
4293,4.29300000e+03,-195.541667
4294,4.29400000e+03,-196.500000
4295,4.29500000e+03,-196.500000
4296,4.29600000e+03,-197.708333
4297,4.29700000e+03,-197.708333
4298,4.29800000e+03,-198.791667
4299,4.29900000e+03,-198.791667
4300,4.30000000e+03,-199.833333
4301,4.30100000e+03,-199.833333
4302,4.30200000e+03,-200.708333
4303,4.30300000e+03,-200.708333
4304,4.30400000e+03,-201.875000
4305,4.30500000e+03,-201.875000
4306,4.30600000e+03,-202.958333
4307,4.30700000e+03,-202.958333
4308,4.30800000e+03,-204.083333
4309,4.30900000e+03,-204.083333
4310,4.31000000e+03,-205.000000
4311,4.31100000e+03,-205.000000
4312,4.31200000e+03,-206.208333
4313,4.31300000e+03,-206.208333
4314,4.31400000e+03,-207.250000
4315,4.31500000e+03,-207.250000
4316,4.31600000e+03,-208.250000
4317,4.31700000e+03,-208.250000
4318,4.31800000e+03,-209.458333
4319,4.31900000e+03,-209.458333
4320,4.32000000e+03,-210.541667
4321,4.32100000e+03,-210.541667
4322,4.32200000e+03,-211.666667
4323,4.32300000e+03,-211.666667
4324,4.32400000e+03,-212.458333
4325,4.32500000e+03,-212.458333
4326,4.32600000e+03,-213.583333
4327,4.32700000e+03,-213.583333
4328,4.32800000e+03,-214.375000
4329,4.32900000e+03,-214.375000
4330,4.33000000e+03,-215.333333
4331,4.33100000e+03,-215.333333
4332,4.33200000e+03,-216.458333
4333,4.33300000e+03,-216.458333
4334,4.33400000e+03,-217.375000
4335,4.33500000e+03,-217.375000
4336,4.33600000e+03,-218.291667
4337,4.33700000e+03,-218.291667
4338,4.33800000e+03,-219.166667
4339,4.33900000e+03,-219.166667
4340,4.34000000e+03,-219.958333
4341,4.34100000e+03,-219.958333
4342,4.34200000e+03,-220.958333
4343,4.34300000e+03,-220.958333
4344,4.34400000e+03,-221.541667
4345,4.34500000e+03,-221.541667
4346,4.34600000e+03,-222.416667
4347,4.34700000e+03,-222.416667
4348,4.34800000e+03,-223.041667
4349,4.34900000e+03,-223.041667
4350,4.35000000e+03,-223.708333
4351,4.35100000e+03,-223.708333
4352,4.35200000e+03,-224.458333
4353,4.35300000e+03,-224.458333
4354,4.35400000e+03,-225.083333
4355,4.35500000e+03,-225.083333
4356,4.35600000e+03,-225.875000
4357,4.35700000e+03,-225.875000
4358,4.35800000e+03,-226.375000
4359,4.35900000e+03,-226.375000
4360,4.36000000e+03,-227.166667
4361,4.36100000e+03,-227.166667
4362,4.36200000e+03,-227.583333
4363,4.36300000e+03,-227.583333
4364,4.36400000e+03,-228.208333
4365,4.36500000e+03,-228.208333
4366,4.36600000e+03,-228.625000
4367,4.36700000e+03,-228.625000
4368,4.36800000e+03,-229.083333
4369,4.36900000e+03,-229.083333
4370,4.37000000e+03,-229.583333
4371,4.37100000e+03,-229.583333
4372,4.37200000e+03,-230.125000
4373,4.37300000e+03,-230.125000
4374,4.37400000e+03,-230.375000
4375,4.37500000e+03,-230.375000
4376,4.37600000e+03,-230.791667
4377,4.37700000e+03,-230.791667
4378,4.37800000e+03,-231.125000
4379,4.37900000e+03,-231.125000
4380,4.38000000e+03,-231.500000
4381,4.38100000e+03,-231.500000
4382,4.38200000e+03,-231.666667
4383,4.38300000e+03,-231.666667
4384,4.38400000e+03,-232.125000
4385,4.38500000e+03,-232.125000
4386,4.38600000e+03,-232.375000
4387,4.38700000e+03,-232.375000
4388,4.38800000e+03,-232.541667
4389,4.38900000e+03,-232.541667
4390,4.39000000e+03,-232.750000
4391,4.39100000e+03,-232.750000
4392,4.39200000e+03,-232.958333
4393,4.39300000e+03,-232.958333
4394,4.39400000e+03,-233.125000
4395,4.39500000e+03,-233.125000
4396,4.39600000e+03,-233.208333
4397,4.39700000e+03,-233.208333
4398,4.39800000e+03,-233.500000
4399,4.39900000e+03,-233.500000
4400,4.40000000e+03,-233.416667
4401,4.40100000e+03,-233.416667
4402,4.40200000e+03,-233.500000
4403,4.40300000e+03,-233.500000
4404,4.40400000e+03,-233.750000
4405,4.40500000e+03,-233.750000
4406,4.40600000e+03,-233.708333
4407,4.40700000e+03,-233.708333
4408,4.40800000e+03,-233.791667
4409,4.40900000e+03,-233.791667
4410,4.41000000e+03,-233.833333
4411,4.41100000e+03,-233.833333
4412,4.41200000e+03,-233.958333
4413,4.41300000e+03,-233.958333
4414,4.41400000e+03,-233.750000
4415,4.41500000e+03,-233.750000
4416,4.41600000e+03,-233.958333
4417,4.41700000e+03,-233.958333
4418,4.41800000e+03,-233.875000
4419,4.41900000e+03,-233.875000
4420,4.42000000e+03,-233.791667
4421,4.42100000e+03,-233.791667
4422,4.42200000e+03,-233.833333
4423,4.42300000e+03,-233.833333
4424,4.42400000e+03,-233.541667
4425,4.42500000e+03,-233.541667
4426,4.42600000e+03,-233.583333
4427,4.42700000e+03,-233.583333
4428,4.42800000e+03,-233.625000
4429,4.42900000e+03,-233.625000
4430,4.43000000e+03,-233.500000
4431,4.43100000e+03,-233.500000
4432,4.43200000e+03,-233.458333
4433,4.43300000e+03,-233.458333
4434,4.43400000e+03,-233.000000
4435,4.43500000e+03,-233.000000
4436,4.43600000e+03,-233.083333
4437,4.43700000e+03,-233.083333
4438,4.43800000e+03,-232.875000
4439,4.43900000e+03,-232.875000
4440,4.44000000e+03,-232.791667
4441,4.44100000e+03,-232.791667
4442,4.44200000e+03,-232.750000
4443,4.44300000e+03,-232.750000
4444,4.44400000e+03,-232.625000
4445,4.44500000e+03,-232.625000
4446,4.44600000e+03,-232.208333
4447,4.44700000e+03,-232.208333
4448,4.44800000e+03,-232.000000
4449,4.44900000e+03,-232.000000
4450,4.45000000e+03,-231.750000
4451,4.45100000e+03,-231.750000
4452,4.45200000e+03,-231.500000
4453,4.45300000e+03,-231.500000
4454,4.45400000e+03,-231.208333
4455,4.45500000e+03,-231.208333
4456,4.45600000e+03,-231.000000
4457,4.45700000e+03,-231.000000
4458,4.45800000e+03,-230.500000
4459,4.45900000e+03,-230.500000
4460,4.46000000e+03,-230.291667
4461,4.46100000e+03,-230.291667
4462,4.46200000e+03,-230.000000
4463,4.46300000e+03,-230.000000
4464,4.46400000e+03,-229.625000
4465,4.46500000e+03,-229.625000
4466,4.46600000e+03,-229.000000
4467,4.46700000e+03,-229.000000
4468,4.46800000e+03,-228.625000
4469,4.46900000e+03,-228.625000
4470,4.47000000e+03,-228.208333
4471,4.47100000e+03,-228.208333
4472,4.47200000e+03,-227.750000
4473,4.47300000e+03,-227.750000
4474,4.47400000e+03,-227.166667
4475,4.47500000e+03,-227.166667
4476,4.47600000e+03,-226.708333
4477,4.47700000e+03,-226.708333
4478,4.47800000e+03,-226.125000
4479,4.47900000e+03,-226.125000
4480,4.48000000e+03,-225.583333
4481,4.48100000e+03,-225.583333
4482,4.48200000e+03,-225.000000
4483,4.48300000e+03,-225.000000
4484,4.48400000e+03,-224.166667
4485,4.48500000e+03,-224.166667
4486,4.48600000e+03,-223.541667
4487,4.48700000e+03,-223.541667
4488,4.48800000e+03,-223.041667
4489,4.48900000e+03,-223.041667
4490,4.49000000e+03,-222.166667
4491,4.49100000e+03,-222.166667
4492,4.49200000e+03,-221.375000
4493,4.49300000e+03,-221.375000
4494,4.49400000e+03,-220.583333
4495,4.49500000e+03,-220.583333
4496,4.49600000e+03,-219.833333
4497,4.49700000e+03,-219.833333
4498,4.49800000e+03,-219.083333
4499,4.49900000e+03,-219.083333
4500,4.50000000e+03,-218.250000
4501,4.50100000e+03,-218.250000
4502,4.50200000e+03,-217.250000
4503,4.50300000e+03,-217.250000
4504,4.50400000e+03,-216.333333
4505,4.50500000e+03,-216.333333
4506,4.50600000e+03,-215.416667
4507,4.50700000e+03,-215.416667
4508,4.50800000e+03,-214.500000
4509,4.50900000e+03,-214.500000
4510,4.51000000e+03,-213.625000
4511,4.51100000e+03,-213.625000
4512,4.51200000e+03,-212.541667
4513,4.51300000e+03,-212.541667
4514,4.51400000e+03,-211.500000
4515,4.51500000e+03,-211.500000
4516,4.51600000e+03,-210.416667
4517,4.51700000e+03,-210.416667
4518,4.51800000e+03,-209.375000
4519,4.51900000e+03,-209.375000
4520,4.52000000e+03,-208.250000
4521,4.52100000e+03,-208.250000
4522,4.52200000e+03,-207.291667
4523,4.52300000e+03,-207.291667
4524,4.52400000e+03,-206.166667
4525,4.52500000e+03,-206.166667
4526,4.52600000e+03,-204.958333
4527,4.52700000e+03,-204.958333
4528,4.52800000e+03,-204.000000
4529,4.52900000e+03,-204.000000
4530,4.53000000e+03,-202.916667
4531,4.53100000e+03,-202.916667
4532,4.53200000e+03,-201.791667
4533,4.53300000e+03,-201.791667
4534,4.53400000e+03,-200.625000
4535,4.53500000e+03,-200.625000
4536,4.53600000e+03,-199.625000
4537,4.53700000e+03,-199.625000
4538,4.53800000e+03,-198.625000
4539,4.53900000e+03,-198.625000
4540,4.54000000e+03,-197.458333
4541,4.54100000e+03,-197.458333
4542,4.54200000e+03,-196.250000
4543,4.54300000e+03,-196.250000
4544,4.54400000e+03,-195.208333
4545,4.54500000e+03,-195.208333
4546,4.54600000e+03,-194.250000
4547,4.54700000e+03,-194.250000
4548,4.54800000e+03,-193.041667
4549,4.54900000e+03,-193.041667
4550,4.55000000e+03,-191.958333
4551,4.55100000e+03,-191.958333
4552,4.55200000e+03,-190.958333
4553,4.55300000e+03,-190.958333
4554,4.55400000e+03,-189.833333
4555,4.55500000e+03,-189.833333
4556,4.55600000e+03,-188.708333
4557,4.55700000e+03,-188.708333
4558,4.55800000e+03,-187.708333
4559,4.55900000e+03,-187.708333
4560,4.56000000e+03,-186.625000
4561,4.56100000e+03,-186.625000
4562,4.56200000e+03,-185.583333
4563,4.56300000e+03,-185.583333
4564,4.56400000e+03,-184.625000
4565,4.56500000e+03,-184.625000
4566,4.56600000e+03,-183.666667
4567,4.56700000e+03,-183.666667
4568,4.56800000e+03,-182.583333
4569,4.56900000e+03,-182.583333
4570,4.57000000e+03,-181.541667
4571,4.57100000e+03,-181.541667
4572,4.57200000e+03,-180.416667
4573,4.57300000e+03,-180.416667
4574,4.57400000e+03,-179.583333
4575,4.57500000e+03,-179.583333
4576,4.57600000e+03,-178.583333
4577,4.57700000e+03,-178.583333
4578,4.57800000e+03,-177.500000
4579,4.57900000e+03,-177.500000
4580,4.58000000e+03,-176.416667
4581,4.58100000e+03,-176.416667
4582,4.58200000e+03,-175.416667
4583,4.58300000e+03,-175.416667
4584,4.58400000e+03,-174.666667
4585,4.58500000e+03,-174.666667
4586,4.58600000e+03,-173.541667
4587,4.58700000e+03,-173.541667
4588,4.58800000e+03,-172.458333
4589,4.58900000e+03,-172.458333
4590,4.59000000e+03,-171.500000
4591,4.59100000e+03,-171.500000
4592,4.59200000e+03,-170.250000
4593,4.59300000e+03,-170.250000
4594,4.59400000e+03,-169.416667
4595,4.59500000e+03,-169.416667
4596,4.59600000e+03,-168.250000
4597,4.59700000e+03,-168.250000
4598,4.59800000e+03,-167.125000
4599,4.59900000e+03,-167.125000
4600,4.60000000e+03,-166.166667
4601,4.60100000e+03,-166.166667
4602,4.60200000e+03,-165.041667
4603,4.60300000e+03,-165.041667
4604,4.60400000e+03,-163.875000
4605,4.60500000e+03,-163.875000
4606,4.60600000e+03,-163.000000
4607,4.60700000e+03,-163.000000
4608,4.60800000e+03,-161.625000
4609,4.60900000e+03,-161.625000
4610,4.61000000e+03,-160.458333
4611,4.61100000e+03,-160.458333
4612,4.61200000e+03,-159.208333
4613,4.61300000e+03,-159.208333
4614,4.61400000e+03,-158.083333
4615,4.61500000e+03,-158.083333
4616,4.61600000e+03,-156.750000
4617,4.61700000e+03,-156.750000
4618,4.61800000e+03,-155.458333
4619,4.61900000e+03,-155.458333
4620,4.62000000e+03,-154.083333
4621,4.62100000e+03,-154.083333
4622,4.62200000e+03,-152.666667
4623,4.62300000e+03,-152.666667
4624,4.62400000e+03,-151.333333
4625,4.62500000e+03,-151.333333
4626,4.62600000e+03,-150.291667
4627,4.62700000e+03,-150.291667
4628,4.62800000e+03,-148.708333
4629,4.62900000e+03,-148.708333
4630,4.63000000e+03,-147.333333
4631,4.63100000e+03,-147.333333
4632,4.63200000e+03,-145.791667
4633,4.63300000e+03,-145.791667
4634,4.63400000e+03,-144.291667
4635,4.63500000e+03,-144.291667
4636,4.63600000e+03,-142.750000
4637,4.63700000e+03,-142.750000
4638,4.63800000e+03,-141.250000
4639,4.63900000e+03,-141.250000
4640,4.64000000e+03,-139.583333
4641,4.64100000e+03,-139.583333
4642,4.64200000e+03,-137.916667
4643,4.64300000e+03,-137.916667
4644,4.64400000e+03,-136.458333
4645,4.64500000e+03,-136.458333
4646,4.64600000e+03,-134.666667
4647,4.64700000e+03,-134.666667
4648,4.64800000e+03,-133.041667
4649,4.64900000e+03,-133.041667
4650,4.65000000e+03,-131.375000
4651,4.65100000e+03,-131.375000
4652,4.65200000e+03,-129.750000
4653,4.65300000e+03,-129.750000
4654,4.65400000e+03,-127.833333
4655,4.65500000e+03,-127.833333
4656,4.65600000e+03,-126.125000
4657,4.65700000e+03,-126.125000
4658,4.65800000e+03,-124.541667
4659,4.65900000e+03,-124.541667
4660,4.66000000e+03,-122.750000
4661,4.66100000e+03,-122.750000
4662,4.66200000e+03,-120.875000
4663,4.66300000e+03,-120.875000
4664,4.66400000e+03,-118.833333
4665,4.66500000e+03,-118.833333
4666,4.66600000e+03,-117.333333
4667,4.66700000e+03,-117.333333
4668,4.66800000e+03,-115.375000
4669,4.66900000e+03,-115.375000
4670,4.67000000e+03,-113.625000
4671,4.67100000e+03,-113.625000
4672,4.67200000e+03,-111.833333
4673,4.67300000e+03,-111.833333
4674,4.67400000e+03,-110.083333
4675,4.67500000e+03,-110.083333
4676,4.67600000e+03,-108.250000
4677,4.67700000e+03,-108.250000
4678,4.67800000e+03,-106.375000
4679,4.67900000e+03,-106.375000
4680,4.68000000e+03,-104.541667
4681,4.68100000e+03,-104.541667
4682,4.68200000e+03,-102.791667
4683,4.68300000e+03,-102.791667
4684,4.68400000e+03,-100.791667
4685,4.68500000e+03,-100.791667
4686,4.68600000e+03,-99.083333
4687,4.68700000e+03,-99.083333
4688,4.68800000e+03,-97.041667
4689,4.68900000e+03,-97.041667
4690,4.69000000e+03,-95.333333
4691,4.69100000e+03,-95.333333
4692,4.69200000e+03,-93.666667
4693,4.69300000e+03,-93.666667
4694,4.69400000e+03,-91.750000
4695,4.69500000e+03,-91.750000
4696,4.69600000e+03,-90.041667
4697,4.69700000e+03,-90.041667
4698,4.69800000e+03,-88.250000
4699,4.69900000e+03,-88.250000
4700,4.70000000e+03,-86.458333
4701,4.70100000e+03,-86.458333
4702,4.70200000e+03,-84.708333
4703,4.70300000e+03,-84.708333
4704,4.70400000e+03,-82.875000
4705,4.70500000e+03,-82.875000
4706,4.70600000e+03,-81.083333
4707,4.70700000e+03,-81.083333
4708,4.70800000e+03,-79.416667
4709,4.70900000e+03,-79.416667
4710,4.71000000e+03,-77.708333
4711,4.71100000e+03,-77.708333
4712,4.71200000e+03,-76.041667
4713,4.71300000e+03,-76.041667
4714,4.71400000e+03,-74.125000
4715,4.71500000e+03,-74.125000
4716,4.71600000e+03,-72.500000
4717,4.71700000e+03,-72.500000
4718,4.71800000e+03,-70.708333
4719,4.71900000e+03,-70.708333
4720,4.72000000e+03,-68.958333
4721,4.72100000e+03,-68.958333
4722,4.72200000e+03,-67.291667
4723,4.72300000e+03,-67.291667
4724,4.72400000e+03,-65.541667
4725,4.72500000e+03,-65.541667
4726,4.72600000e+03,-63.625000
4727,4.72700000e+03,-63.625000
4728,4.72800000e+03,-61.916667
4729,4.72900000e+03,-61.916667
4730,4.73000000e+03,-60.166667
4731,4.73100000e+03,-60.166667
4732,4.73200000e+03,-58.500000
4733,4.73300000e+03,-58.500000
4734,4.73400000e+03,-56.583333
4735,4.73500000e+03,-56.583333
4736,4.73600000e+03,-54.791667
4737,4.73700000e+03,-54.791667
4738,4.73800000e+03,-53.041667
4739,4.73900000e+03,-53.041667
4740,4.74000000e+03,-51.250000
4741,4.74100000e+03,-51.250000
4742,4.74200000e+03,-49.375000
4743,4.74300000e+03,-49.375000
4744,4.74400000e+03,-47.625000
4745,4.74500000e+03,-47.625000
4746,4.74600000e+03,-45.750000
4747,4.74700000e+03,-45.750000
4748,4.74800000e+03,-43.833333
4749,4.74900000e+03,-43.833333
4750,4.75000000e+03,-41.958333
4751,4.75100000e+03,-41.958333
4752,4.75200000e+03,-40.125000
4753,4.75300000e+03,-40.125000
4754,4.75400000e+03,-38.166667
4755,4.75500000e+03,-38.166667
4756,4.75600000e+03,-36.291667
4757,4.75700000e+03,-36.291667
4758,4.75800000e+03,-34.208333
4759,4.75900000e+03,-34.208333
4760,4.76000000e+03,-32.166667
4761,4.76100000e+03,-32.166667
4762,4.76200000e+03,-30.375000
4763,4.76300000e+03,-30.375000
4764,4.76400000e+03,-28.250000
4765,4.76500000e+03,-28.250000
4766,4.76600000e+03,-26.250000
4767,4.76700000e+03,-26.250000
4768,4.76800000e+03,-24.291667
4769,4.76900000e+03,-24.291667
4770,4.77000000e+03,-22.208333
4771,4.77100000e+03,-22.208333
4772,4.77200000e+03,-20.208333
4773,4.77300000e+03,-20.208333
4774,4.77400000e+03,-18.208333
4775,4.77500000e+03,-18.208333
4776,4.77600000e+03,-15.916667
4777,4.77700000e+03,-15.916667
4778,4.77800000e+03,-14.000000
4779,4.77900000e+03,-14.000000
4780,4.78000000e+03,-11.750000
4781,4.78100000e+03,-11.750000
4782,4.78200000e+03,-9.791667
4783,4.78300000e+03,-9.791667
4784,4.78400000e+03,-7.583333
4785,4.78500000e+03,-7.583333
4786,4.78600000e+03,-5.458333
4787,4.78700000e+03,-5.458333
4788,4.78800000e+03,-3.250000
4789,4.78900000e+03,-3.250000
4790,4.79000000e+03,-1.125000
4791,4.79100000e+03,-1.125000
4792,4.79200000e+03,0.750000
4793,4.79300000e+03,0.750000
4794,4.79400000e+03,3.083333
4795,4.79500000e+03,3.083333
4796,4.79600000e+03,5.041667
4797,4.79700000e+03,5.041667
4798,4.79800000e+03,7.291667
4799,4.79900000e+03,7.291667
4800,4.80000000e+03,9.625000
4801,4.80100000e+03,9.625000
4802,4.80200000e+03,11.791667
4803,4.80300000e+03,11.791667
4804,4.80400000e+03,13.750000
4805,4.80500000e+03,13.750000
4806,4.80600000e+03,16.041667
4807,4.80700000e+03,16.041667
4808,4.80800000e+03,18.041667
4809,4.80900000e+03,18.041667
4810,4.81000000e+03,20.083333
4811,4.81100000e+03,20.083333
4812,4.81200000e+03,22.125000
4813,4.81300000e+03,22.125000
4814,4.81400000e+03,24.166667
4815,4.81500000e+03,24.166667
4816,4.81600000e+03,26.333333
4817,4.81700000e+03,26.333333
4818,4.81800000e+03,28.291667
4819,4.81900000e+03,28.291667
4820,4.82000000e+03,30.500000
4821,4.82100000e+03,30.500000
4822,4.82200000e+03,32.541667
4823,4.82300000e+03,32.541667
4824,4.82400000e+03,34.666667
4825,4.82500000e+03,34.666667
4826,4.82600000e+03,36.500000
4827,4.82700000e+03,36.500000
4828,4.82800000e+03,38.458333
4829,4.82900000e+03,38.458333
4830,4.83000000e+03,40.208333
4831,4.83100000e+03,40.208333
4832,4.83200000e+03,42.375000
4833,4.83300000e+03,42.375000
4834,4.83400000e+03,44.333333
4835,4.83500000e+03,44.333333
4836,4.83600000e+03,46.041667
4837,4.83700000e+03,46.041667
4838,4.83800000e+03,48.000000
4839,4.83900000e+03,48.000000
4840,4.84000000e+03,49.875000
4841,4.84100000e+03,49.875000
4842,4.84200000e+03,51.625000
4843,4.84300000e+03,51.625000
4844,4.84400000e+03,53.416667
4845,4.84500000e+03,53.416667
4846,4.84600000e+03,55.333333
4847,4.84700000e+03,55.333333
4848,4.84800000e+03,57.083333
4849,4.84900000e+03,57.083333
4850,4.85000000e+03,59.000000
4851,4.85100000e+03,59.000000
4852,4.85200000e+03,60.875000
4853,4.85300000e+03,60.875000
4854,4.85400000e+03,62.416667
4855,4.85500000e+03,62.416667
4856,4.85600000e+03,64.208333
4857,4.85700000e+03,64.208333
4858,4.85800000e+03,65.958333
4859,4.85900000e+03,65.958333
4860,4.86000000e+03,67.666667
4861,4.86100000e+03,67.666667
4862,4.86200000e+03,69.416667
4863,4.86300000e+03,69.416667
4864,4.86400000e+03,71.166667
4865,4.86500000e+03,71.166667
4866,4.86600000e+03,73.041667
4867,4.86700000e+03,73.041667
4868,4.86800000e+03,74.666667
4869,4.86900000e+03,74.666667
4870,4.87000000e+03,76.458333
4871,4.87100000e+03,76.458333
4872,4.87200000e+03,78.291667
4873,4.87300000e+03,78.291667
4874,4.87400000e+03,79.958333
4875,4.87500000e+03,79.958333
4876,4.87600000e+03,81.625000
4877,4.87700000e+03,81.625000
4878,4.87800000e+03,83.500000
4879,4.87900000e+03,83.500000
4880,4.88000000e+03,85.041667
4881,4.88100000e+03,85.041667
4882,4.88200000e+03,86.833333
4883,4.88300000e+03,86.833333
4884,4.88400000e+03,88.708333
4885,4.88500000e+03,88.708333
4886,4.88600000e+03,90.375000
4887,4.88700000e+03,90.375000
4888,4.88800000e+03,92.166667
4889,4.88900000e+03,92.166667
4890,4.89000000e+03,93.750000
4891,4.89100000e+03,93.750000
4892,4.89200000e+03,95.750000
4893,4.89300000e+03,95.750000
4894,4.89400000e+03,97.458333
4895,4.89500000e+03,97.458333
4896,4.89600000e+03,99.208333
4897,4.89700000e+03,99.208333
4898,4.89800000e+03,101.041667
4899,4.89900000e+03,101.041667
4900,4.90000000e+03,102.875000
4901,4.90100000e+03,102.875000
4902,4.90200000e+03,104.500000
4903,4.90300000e+03,104.500000
4904,4.90400000e+03,106.375000
4905,4.90500000e+03,106.375000
4906,4.90600000e+03,108.166667
4907,4.90700000e+03,108.166667
4908,4.90800000e+03,109.875000
4909,4.90900000e+03,109.875000
4910,4.91000000e+03,111.708333
4911,4.91100000e+03,111.708333
4912,4.91200000e+03,113.541667
4913,4.91300000e+03,113.541667
4914,4.91400000e+03,115.333333
4915,4.91500000e+03,115.333333
4916,4.91600000e+03,117.125000
4917,4.91700000e+03,117.125000
4918,4.91800000e+03,118.875000
4919,4.91900000e+03,118.875000
4920,4.92000000e+03,120.666667
4921,4.92100000e+03,120.666667
4922,4.92200000e+03,122.500000
4923,4.92300000e+03,122.500000
4924,4.92400000e+03,124.083333
4925,4.92500000e+03,124.083333
4926,4.92600000e+03,126.083333
4927,4.92700000e+03,126.083333
4928,4.92800000e+03,127.666667
4929,4.92900000e+03,127.666667
4930,4.93000000e+03,129.458333
4931,4.93100000e+03,129.458333
4932,4.93200000e+03,131.083333
4933,4.93300000e+03,131.083333
4934,4.93400000e+03,132.750000
4935,4.93500000e+03,132.750000
4936,4.93600000e+03,134.458333
4937,4.93700000e+03,134.458333
4938,4.93800000e+03,136.166667
4939,4.93900000e+03,136.166667
4940,4.94000000e+03,137.708333
4941,4.94100000e+03,137.708333
4942,4.94200000e+03,139.250000
4943,4.94300000e+03,139.250000
4944,4.94400000e+03,140.958333
4945,4.94500000e+03,140.958333
4946,4.94600000e+03,142.541667
4947,4.94700000e+03,142.541667
4948,4.94800000e+03,144.041667
4949,4.94900000e+03,144.041667
4950,4.95000000e+03,145.375000
4951,4.95100000e+03,145.375000
4952,4.95200000e+03,147.125000
4953,4.95300000e+03,147.125000
4954,4.95400000e+03,148.500000
4955,4.95500000e+03,148.500000
4956,4.95600000e+03,150.125000
4957,4.95700000e+03,150.125000
4958,4.95800000e+03,151.500000
4959,4.95900000e+03,151.500000
4960,4.96000000e+03,152.791667
4961,4.96100000e+03,152.791667
4962,4.96200000e+03,154.166667
4963,4.96300000e+03,154.166667
4964,4.96400000e+03,155.500000
4965,4.96500000e+03,155.500000
4966,4.96600000e+03,156.791667
4967,4.96700000e+03,156.791667
4968,4.96800000e+03,157.958333
4969,4.96900000e+03,157.958333
4970,4.97000000e+03,159.375000
4971,4.97100000e+03,159.375000
4972,4.97200000e+03,160.666667
4973,4.97300000e+03,160.666667
4974,4.97400000e+03,161.833333
4975,4.97500000e+03,161.833333
4976,4.97600000e+03,163.000000
4977,4.97700000e+03,163.000000
4978,4.97800000e+03,164.208333
4979,4.97900000e+03,164.208333
4980,4.98000000e+03,165.250000
4981,4.98100000e+03,165.250000
4982,4.98200000e+03,166.625000
4983,4.98300000e+03,166.625000
4984,4.98400000e+03,167.583333
4985,4.98500000e+03,167.583333
4986,4.98600000e+03,168.541667
4987,4.98700000e+03,168.541667
4988,4.98800000e+03,169.666667
4989,4.98900000e+03,169.666667
4990,4.99000000e+03,170.791667
4991,4.99100000e+03,170.791667
4992,4.99200000e+03,171.875000
4993,4.99300000e+03,171.875000
4994,4.99400000e+03,172.875000
4995,4.99500000e+03,172.875000
4996,4.99600000e+03,174.041667
4997,4.99700000e+03,174.041667
4998,4.99800000e+03,174.791667
4999,4.99900000e+03,174.791667
5000,5.00000000e+03,175.708333
5001,5.00100000e+03,175.708333
5002,5.00200000e+03,176.916667
5003,5.00300000e+03,176.916667
5004,5.00400000e+03,177.958333
5005,5.00500000e+03,177.958333
5006,5.00600000e+03,178.958333
5007,5.00700000e+03,178.958333
5008,5.00800000e+03,179.916667
5009,5.00900000e+03,179.916667
5010,5.01000000e+03,180.875000
5011,5.01100000e+03,180.875000
5012,5.01200000e+03,181.916667
5013,5.01300000e+03,181.916667
5014,5.01400000e+03,182.875000
5015,5.01500000e+03,182.875000
5016,5.01600000e+03,183.875000
5017,5.01700000e+03,183.875000
5018,5.01800000e+03,184.791667
5019,5.01900000e+03,184.791667
5020,5.02000000e+03,185.875000
5021,5.02100000e+03,185.875000
5022,5.02200000e+03,186.833333
5023,5.02300000e+03,186.833333
5024,5.02400000e+03,187.750000
5025,5.02500000e+03,187.750000
5026,5.02600000e+03,188.791667
5027,5.02700000e+03,188.791667
5028,5.02800000e+03,189.791667
5029,5.02900000e+03,189.791667
5030,5.03000000e+03,190.833333
5031,5.03100000e+03,190.833333
5032,5.03200000e+03,191.875000
5033,5.03300000e+03,191.875000
5034,5.03400000e+03,192.833333
5035,5.03500000e+03,192.833333
5036,5.03600000e+03,194.000000
5037,5.03700000e+03,194.000000
5038,5.03800000e+03,194.958333
5039,5.03900000e+03,194.958333
5040,5.04000000e+03,196.083333
5041,5.04100000e+03,196.083333
5042,5.04200000e+03,197.041667
5043,5.04300000e+03,197.041667
5044,5.04400000e+03,197.958333
5045,5.04500000e+03,197.958333
5046,5.04600000e+03,199.125000
5047,5.04700000e+03,199.125000
5048,5.04800000e+03,200.291667
5049,5.04900000e+03,200.291667
5050,5.05000000e+03,201.375000
5051,5.05100000e+03,201.375000
5052,5.05200000e+03,202.625000
5053,5.05300000e+03,202.625000
5054,5.05400000e+03,203.458333
5055,5.05500000e+03,203.458333
5056,5.05600000e+03,204.583333
5057,5.05700000e+03,204.583333
5058,5.05800000e+03,205.625000
5059,5.05900000e+03,205.625000
5060,5.06000000e+03,206.625000
5061,5.06100000e+03,206.625000
5062,5.06200000e+03,207.541667
5063,5.06300000e+03,207.541667
5064,5.06400000e+03,208.916667
5065,5.06500000e+03,208.916667
5066,5.06600000e+03,210.000000
5067,5.06700000e+03,210.000000
5068,5.06800000e+03,211.000000
5069,5.06900000e+03,211.000000
5070,5.07000000e+03,211.958333
5071,5.07100000e+03,211.958333
5072,5.07200000e+03,212.916667
5073,5.07300000e+03,212.916667
5074,5.07400000e+03,213.916667
5075,5.07500000e+03,213.916667
5076,5.07600000e+03,214.916667
5077,5.07700000e+03,214.916667
5078,5.07800000e+03,215.875000
5079,5.07900000e+03,215.875000
5080,5.08000000e+03,216.666667
5081,5.08100000e+03,216.666667
5082,5.08200000e+03,217.708333
5083,5.08300000e+03,217.708333
5084,5.08400000e+03,218.583333
5085,5.08500000e+03,218.583333
5086,5.08600000e+03,219.458333
5087,5.08700000e+03,219.458333
5088,5.08800000e+03,220.250000
5089,5.08900000e+03,220.250000
5090,5.09000000e+03,221.166667
5091,5.09100000e+03,221.166667
5092,5.09200000e+03,221.916667
5093,5.09300000e+03,221.916667
5094,5.09400000e+03,222.791667
5095,5.09500000e+03,222.791667
5096,5.09600000e+03,223.541667
5097,5.09700000e+03,223.541667
5098,5.09800000e+03,224.208333
5099,5.09900000e+03,224.208333
5100,5.10000000e+03,224.875000
5101,5.10100000e+03,224.875000
5102,5.10200000e+03,225.458333
5103,5.10300000e+03,225.458333
5104,5.10400000e+03,226.125000
5105,5.10500000e+03,226.125000
5106,5.10600000e+03,226.708333
5107,5.10700000e+03,226.708333
5108,5.10800000e+03,227.125000
5109,5.10900000e+03,227.125000
5110,5.11000000e+03,228.000000
5111,5.11100000e+03,228.000000
5112,5.11200000e+03,228.500000
5113,5.11300000e+03,228.500000
5114,5.11400000e+03,228.791667
5115,5.11500000e+03,228.791667
5116,5.11600000e+03,229.416667
5117,5.11700000e+03,229.416667
5118,5.11800000e+03,229.833333
5119,5.11900000e+03,229.833333
5120,5.12000000e+03,230.250000
5121,5.12100000e+03,230.250000
5122,5.12200000e+03,230.666667
5123,5.12300000e+03,230.666667
5124,5.12400000e+03,230.833333
5125,5.12500000e+03,230.833333
5126,5.12600000e+03,231.333333
5127,5.12700000e+03,231.333333
5128,5.12800000e+03,231.500000
5129,5.12900000e+03,231.500000
5130,5.13000000e+03,231.916667
5131,5.13100000e+03,231.916667
5132,5.13200000e+03,232.041667
5133,5.13300000e+03,232.041667
5134,5.13400000e+03,232.208333
5135,5.13500000e+03,232.208333
5136,5.13600000e+03,232.666667
5137,5.13700000e+03,232.666667
5138,5.13800000e+03,232.833333
5139,5.13900000e+03,232.833333
5140,5.14000000e+03,233.000000
5141,5.14100000e+03,233.000000
5142,5.14200000e+03,233.208333
5143,5.14300000e+03,233.208333
5144,5.14400000e+03,233.375000
5145,5.14500000e+03,233.375000
5146,5.14600000e+03,233.458333
5147,5.14700000e+03,233.458333
5148,5.14800000e+03,233.541667
5149,5.14900000e+03,233.541667
5150,5.15000000e+03,233.583333
5151,5.15100000e+03,233.583333
5152,5.15200000e+03,233.666667
5153,5.15300000e+03,233.666667
5154,5.15400000e+03,233.958333
5155,5.15500000e+03,233.958333
5156,5.15600000e+03,233.833333
5157,5.15700000e+03,233.833333
5158,5.15800000e+03,233.833333
5159,5.15900000e+03,233.833333
5160,5.16000000e+03,234.041667
5161,5.16100000e+03,234.041667
5162,5.16200000e+03,233.875000
5163,5.16300000e+03,233.875000
5164,5.16400000e+03,233.791667
5165,5.16500000e+03,233.791667
5166,5.16600000e+03,233.791667
5167,5.16700000e+03,233.791667
5168,5.16800000e+03,233.750000
5169,5.16900000e+03,233.750000
5170,5.17000000e+03,233.750000
5171,5.17100000e+03,233.750000
5172,5.17200000e+03,233.791667
5173,5.17300000e+03,233.791667
5174,5.17400000e+03,233.625000
5175,5.17500000e+03,233.625000
5176,5.17600000e+03,233.500000
5177,5.17700000e+03,233.500000
5178,5.17800000e+03,233.416667
5179,5.17900000e+03,233.416667
5180,5.18000000e+03,233.375000
5181,5.18100000e+03,233.375000
5182,5.18200000e+03,233.125000
5183,5.18300000e+03,233.125000
5184,5.18400000e+03,232.958333
5185,5.18500000e+03,232.958333
5186,5.18600000e+03,232.958333
5187,5.18700000e+03,232.958333
5188,5.18800000e+03,232.791667
5189,5.18900000e+03,232.791667
5190,5.19000000e+03,232.500000
5191,5.19100000e+03,232.500000
5192,5.19200000e+03,232.333333
5193,5.19300000e+03,232.333333
5194,5.19400000e+03,232.083333
5195,5.19500000e+03,232.083333
5196,5.19600000e+03,231.833333
5197,5.19700000e+03,231.833333
5198,5.19800000e+03,231.541667
5199,5.19900000e+03,231.541667
5200,5.20000000e+03,231.250000
5201,5.20100000e+03,231.250000
5202,5.20200000e+03,231.208333
5203,5.20300000e+03,231.208333
5204,5.20400000e+03,230.708333
5205,5.20500000e+03,230.708333
5206,5.20600000e+03,230.541667
5207,5.20700000e+03,230.541667
5208,5.20800000e+03,230.166667
5209,5.20900000e+03,230.166667
5210,5.21000000e+03,229.750000
5211,5.21100000e+03,229.750000
5212,5.21200000e+03,229.500000
5213,5.21300000e+03,229.500000
5214,5.21400000e+03,228.958333
5215,5.21500000e+03,228.958333
5216,5.21600000e+03,228.541667
5217,5.21700000e+03,228.541667
5218,5.21800000e+03,228.041667
5219,5.21900000e+03,228.041667
5220,5.22000000e+03,227.458333
5221,5.22100000e+03,227.458333
5222,5.22200000e+03,227.125000
5223,5.22300000e+03,227.125000
5224,5.22400000e+03,226.541667
5225,5.22500000e+03,226.541667
5226,5.22600000e+03,226.000000
5227,5.22700000e+03,226.000000
5228,5.22800000e+03,225.291667
5229,5.22900000e+03,225.291667
5230,5.23000000e+03,224.666667
5231,5.23100000e+03,224.666667
5232,5.23200000e+03,224.000000
5233,5.23300000e+03,224.000000
5234,5.23400000e+03,223.416667
5235,5.23500000e+03,223.416667
5236,5.23600000e+03,222.625000
5237,5.23700000e+03,222.625000
5238,5.23800000e+03,221.916667
5239,5.23900000e+03,221.916667
5240,5.24000000e+03,221.375000
5241,5.24100000e+03,221.375000
5242,5.24200000e+03,220.416667
5243,5.24300000e+03,220.416667
5244,5.24400000e+03,219.541667
5245,5.24500000e+03,219.541667
5246,5.24600000e+03,218.625000
5247,5.24700000e+03,218.625000
5248,5.24800000e+03,217.916667
5249,5.24900000e+03,217.916667
5250,5.25000000e+03,217.041667
5251,5.25100000e+03,217.041667
5252,5.25200000e+03,216.083333
5253,5.25300000e+03,216.083333
5254,5.25400000e+03,215.083333
5255,5.25500000e+03,215.083333
5256,5.25600000e+03,214.041667
5257,5.25700000e+03,214.041667
5258,5.25800000e+03,213.250000
5259,5.25900000e+03,213.250000
5260,5.26000000e+03,212.125000
5261,5.26100000e+03,212.125000
5262,5.26200000e+03,211.041667
5263,5.26300000e+03,211.041667
5264,5.26400000e+03,210.083333
5265,5.26500000e+03,210.083333
5266,5.26600000e+03,209.041667
5267,5.26700000e+03,209.041667
5268,5.26800000e+03,207.875000
5269,5.26900000e+03,207.875000
5270,5.27000000e+03,206.833333
5271,5.27100000e+03,206.833333
5272,5.27200000e+03,205.791667
5273,5.27300000e+03,205.791667
5274,5.27400000e+03,204.625000
5275,5.27500000e+03,204.625000
5276,5.27600000e+03,203.583333
5277,5.27700000e+03,203.583333
5278,5.27800000e+03,202.458333
5279,5.27900000e+03,202.458333
5280,5.28000000e+03,201.333333
5281,5.28100000e+03,201.333333
5282,5.28200000e+03,200.375000
5283,5.28300000e+03,200.375000
5284,5.28400000e+03,199.125000
5285,5.28500000e+03,199.125000
5286,5.28600000e+03,198.208333
5287,5.28700000e+03,198.208333
5288,5.28800000e+03,197.041667
5289,5.28900000e+03,197.041667
5290,5.29000000e+03,195.791667
5291,5.29100000e+03,195.791667
5292,5.29200000e+03,194.750000
5293,5.29300000e+03,194.750000
5294,5.29400000e+03,193.791667
5295,5.29500000e+03,193.791667
5296,5.29600000e+03,192.583333
5297,5.29700000e+03,192.583333
5298,5.29800000e+03,191.541667
5299,5.29900000e+03,191.541667
5300,5.30000000e+03,190.416667
5301,5.30100000e+03,190.416667
5302,5.30200000e+03,189.541667
5303,5.30300000e+03,189.541667
5304,5.30400000e+03,188.291667
5305,5.30500000e+03,188.291667
5306,5.30600000e+03,187.458333
5307,5.30700000e+03,187.458333
5308,5.30800000e+03,186.250000
5309,5.30900000e+03,186.250000
5310,5.31000000e+03,185.291667
5311,5.31100000e+03,185.291667
5312,5.31200000e+03,184.333333
5313,5.31300000e+03,184.333333
5314,5.31400000e+03,183.166667
5315,5.31500000e+03,183.166667
5316,5.31600000e+03,182.166667
5317,5.31700000e+03,182.166667
5318,5.31800000e+03,181.208333
5319,5.31900000e+03,181.208333
5320,5.32000000e+03,180.375000
5321,5.32100000e+03,180.375000
5322,5.32200000e+03,179.166667
5323,5.32300000e+03,179.166667
5324,5.32400000e+03,178.208333
5325,5.32500000e+03,178.208333
5326,5.32600000e+03,177.125000
5327,5.32700000e+03,177.125000
5328,5.32800000e+03,176.166667
5329,5.32900000e+03,176.166667
5330,5.33000000e+03,175.041667
5331,5.33100000e+03,175.041667
5332,5.33200000e+03,174.166667
5333,5.33300000e+03,174.166667
5334,5.33400000e+03,173.125000
5335,5.33500000e+03,173.125000
5336,5.33600000e+03,172.291667
5337,5.33700000e+03,172.291667
5338,5.33800000e+03,171.083333
5339,5.33900000e+03,171.083333
5340,5.34000000e+03,170.083333
5341,5.34100000e+03,170.083333
5342,5.34200000e+03,168.875000
5343,5.34300000e+03,168.875000
5344,5.34400000e+03,168.083333
5345,5.34500000e+03,168.083333
5346,5.34600000e+03,166.916667
5347,5.34700000e+03,166.916667
5348,5.34800000e+03,165.875000
5349,5.34900000e+03,165.875000
5350,5.35000000e+03,164.666667
5351,5.35100000e+03,164.666667
5352,5.35200000e+03,163.625000
5353,5.35300000e+03,163.625000
5354,5.35400000e+03,162.458333
5355,5.35500000e+03,162.458333
5356,5.35600000e+03,161.208333
5357,5.35700000e+03,161.208333
5358,5.35800000e+03,160.041667
5359,5.35900000e+03,160.041667
5360,5.36000000e+03,158.750000
5361,5.36100000e+03,158.750000
5362,5.36200000e+03,157.666667
5363,5.36300000e+03,157.666667
5364,5.36400000e+03,156.333333
5365,5.36500000e+03,156.333333
5366,5.36600000e+03,155.166667
5367,5.36700000e+03,155.166667
5368,5.36800000e+03,153.791667
5369,5.36900000e+03,153.791667
5370,5.37000000e+03,152.375000
5371,5.37100000e+03,152.375000
5372,5.37200000e+03,151.000000
5373,5.37300000e+03,151.000000
5374,5.37400000e+03,149.625000
5375,5.37500000e+03,149.625000
5376,5.37600000e+03,148.125000
5377,5.37700000e+03,148.125000
5378,5.37800000e+03,146.666667
5379,5.37900000e+03,146.666667
5380,5.38000000e+03,145.458333
5381,5.38100000e+03,145.458333
5382,5.38200000e+03,143.750000
5383,5.38300000e+03,143.750000
5384,5.38400000e+03,142.166667
5385,5.38500000e+03,142.166667
5386,5.38600000e+03,140.625000
5387,5.38700000e+03,140.625000
5388,5.38800000e+03,139.125000
5389,5.38900000e+03,139.125000
5390,5.39000000e+03,137.500000
5391,5.39100000e+03,137.500000
5392,5.39200000e+03,135.833333
5393,5.39300000e+03,135.833333
5394,5.39400000e+03,134.291667
5395,5.39500000e+03,134.291667
5396,5.39600000e+03,132.541667
5397,5.39700000e+03,132.541667
5398,5.39800000e+03,130.833333
5399,5.39900000e+03,130.833333
5400,5.40000000e+03,129.083333
5401,5.40100000e+03,129.083333
5402,5.40200000e+03,127.250000
5403,5.40300000e+03,127.250000
5404,5.40400000e+03,125.750000
5405,5.40500000e+03,125.750000
5406,5.40600000e+03,123.833333
5407,5.40700000e+03,123.833333
5408,5.40800000e+03,122.125000
5409,5.40900000e+03,122.125000
5410,5.41000000e+03,120.208333
5411,5.41100000e+03,120.208333
5412,5.41200000e+03,118.416667
5413,5.41300000e+03,118.416667
5414,5.41400000e+03,116.708333
5415,5.41500000e+03,116.708333
5416,5.41600000e+03,114.833333
5417,5.41700000e+03,114.833333
5418,5.41800000e+03,113.125000
5419,5.41900000e+03,113.125000
5420,5.42000000e+03,111.291667
5421,5.42100000e+03,111.291667
5422,5.42200000e+03,109.541667
5423,5.42300000e+03,109.541667
5424,5.42400000e+03,107.625000
5425,5.42500000e+03,107.625000
5426,5.42600000e+03,105.791667
5427,5.42700000e+03,105.791667
5428,5.42800000e+03,103.958333
5429,5.42900000e+03,103.958333
5430,5.43000000e+03,102.125000
5431,5.43100000e+03,102.125000
5432,5.43200000e+03,100.416667
5433,5.43300000e+03,100.416667
5434,5.43400000e+03,98.333333
5435,5.43500000e+03,98.333333
5436,5.43600000e+03,96.708333
5437,5.43700000e+03,96.708333
5438,5.43800000e+03,94.875000
5439,5.43900000e+03,94.875000
5440,5.44000000e+03,93.083333
5441,5.44100000e+03,93.083333
5442,5.44200000e+03,91.166667
5443,5.44300000e+03,91.166667
5444,5.44400000e+03,89.458333
5445,5.44500000e+03,89.458333
5446,5.44600000e+03,87.583333
5447,5.44700000e+03,87.583333
5448,5.44800000e+03,85.958333
5449,5.44900000e+03,85.958333
5450,5.45000000e+03,84.250000
5451,5.45100000e+03,84.250000
5452,5.45200000e+03,82.291667
5453,5.45300000e+03,82.291667
5454,5.45400000e+03,80.583333
5455,5.45500000e+03,80.583333
5456,5.45600000e+03,78.875000
5457,5.45700000e+03,78.875000
5458,5.45800000e+03,77.041667
5459,5.45900000e+03,77.041667
5460,5.46000000e+03,75.333333
5461,5.46100000e+03,75.333333
5462,5.46200000e+03,73.666667
5463,5.46300000e+03,73.666667
5464,5.46400000e+03,71.875000
5465,5.46500000e+03,71.875000
5466,5.46600000e+03,70.250000
5467,5.46700000e+03,70.250000
5468,5.46800000e+03,68.500000
5469,5.46900000e+03,68.500000
5470,5.47000000e+03,66.625000
5471,5.47100000e+03,66.625000
5472,5.47200000e+03,64.916667
5473,5.47300000e+03,64.916667
5474,5.47400000e+03,63.083333
5475,5.47500000e+03,63.083333
5476,5.47600000e+03,61.583333
5477,5.47700000e+03,61.583333
5478,5.47800000e+03,59.625000
5479,5.47900000e+03,59.625000
5480,5.48000000e+03,57.958333
5481,5.48100000e+03,57.958333
5482,5.48200000e+03,56.208333
5483,5.48300000e+03,56.208333
5484,5.48400000e+03,54.291667
5485,5.48500000e+03,54.291667
5486,5.48600000e+03,52.583333
5487,5.48700000e+03,52.583333
5488,5.48800000e+03,50.583333
5489,5.48900000e+03,50.583333
5490,5.49000000e+03,48.916667
5491,5.49100000e+03,48.916667
5492,5.49200000e+03,47.250000
5493,5.49300000e+03,47.250000
5494,5.49400000e+03,45.166667
5495,5.49500000e+03,45.166667
5496,5.49600000e+03,43.333333
5497,5.49700000e+03,43.333333
5498,5.49800000e+03,41.416667
5499,5.49900000e+03,41.416667
5500,5.50000000e+03,39.416667
5501,5.50100000e+03,39.416667
5502,5.50200000e+03,37.541667
5503,5.50300000e+03,37.541667
5504,5.50400000e+03,35.625000
5505,5.50500000e+03,35.625000
5506,5.50600000e+03,33.625000
5507,5.50700000e+03,33.625000
5508,5.50800000e+03,31.750000
5509,5.50900000e+03,31.750000
5510,5.51000000e+03,29.708333
5511,5.51100000e+03,29.708333
5512,5.51200000e+03,27.708333
5513,5.51300000e+03,27.708333
5514,5.51400000e+03,25.583333
5515,5.51500000e+03,25.583333
5516,5.51600000e+03,23.791667
5517,5.51700000e+03,23.791667
5518,5.51800000e+03,21.583333
5519,5.51900000e+03,21.583333
5520,5.52000000e+03,19.750000
5521,5.52100000e+03,19.750000
5522,5.52200000e+03,17.500000
5523,5.52300000e+03,17.500000
5524,5.52400000e+03,15.083333
5525,5.52500000e+03,15.083333
5526,5.52600000e+03,13.333333
5527,5.52700000e+03,13.333333
5528,5.52800000e+03,11.166667
5529,5.52900000e+03,11.166667
5530,5.53000000e+03,9.166667
5531,5.53100000e+03,9.166667
5532,5.53200000e+03,6.916667
5533,5.53300000e+03,6.916667
5534,5.53400000e+03,4.833333
5535,5.53500000e+03,4.833333
5536,5.53600000e+03,2.666667
5537,5.53700000e+03,2.666667
5538,5.53800000e+03,0.333333
5539,5.53900000e+03,0.333333
5540,5.54000000e+03,-1.666667
5541,5.54100000e+03,-1.666667
5542,5.54200000e+03,-3.750000
5543,5.54300000e+03,-3.750000
5544,5.54400000e+03,-5.875000
5545,5.54500000e+03,-5.875000
5546,5.54600000e+03,-8.208333
5547,5.54700000e+03,-8.208333
5548,5.54800000e+03,-10.250000
5549,5.54900000e+03,-10.250000
5550,5.55000000e+03,-12.208333
5551,5.55100000e+03,-12.208333
5552,5.55200000e+03,-14.500000
5553,5.55300000e+03,-14.500000
5554,5.55400000e+03,-16.666667
5555,5.55500000e+03,-16.666667
5556,5.55600000e+03,-18.583333
5557,5.55700000e+03,-18.583333
5558,5.55800000e+03,-20.833333
5559,5.55900000e+03,-20.833333
5560,5.56000000e+03,-22.833333
5561,5.56100000e+03,-22.833333
5562,5.56200000e+03,-24.916667
5563,5.56300000e+03,-24.916667
5564,5.56400000e+03,-26.916667
5565,5.56500000e+03,-26.916667
5566,5.56600000e+03,-29.083333
5567,5.56700000e+03,-29.083333
5568,5.56800000e+03,-31.041667
5569,5.56900000e+03,-31.041667
5570,5.57000000e+03,-32.916667
5571,5.57100000e+03,-32.916667
5572,5.57200000e+03,-34.916667
5573,5.57300000e+03,-34.916667
5574,5.57400000e+03,-36.916667
5575,5.57500000e+03,-36.916667
5576,5.57600000e+03,-38.916667
5577,5.57700000e+03,-38.916667
5578,5.57800000e+03,-40.916667
5579,5.57900000e+03,-40.916667
5580,5.58000000e+03,-42.875000
5581,5.58100000e+03,-42.875000
5582,5.58200000e+03,-44.750000
5583,5.58300000e+03,-44.750000
5584,5.58400000e+03,-46.875000
5585,5.58500000e+03,-46.875000
5586,5.58600000e+03,-48.500000
5587,5.58700000e+03,-48.500000
5588,5.58800000e+03,-50.458333
5589,5.58900000e+03,-50.458333
5590,5.59000000e+03,-52.291667
5591,5.59100000e+03,-52.291667
5592,5.59200000e+03,-54.041667
5593,5.59300000e+03,-54.041667
5594,5.59400000e+03,-55.791667
5595,5.59500000e+03,-55.791667
5596,5.59600000e+03,-57.625000
5597,5.59700000e+03,-57.625000
5598,5.59800000e+03,-59.458333
5599,5.59900000e+03,-59.458333
5600,5.60000000e+03,-61.291667
5601,5.60100000e+03,-61.291667
5602,5.60200000e+03,-62.875000
5603,5.60300000e+03,-62.875000
5604,5.60400000e+03,-64.666667
5605,5.60500000e+03,-64.666667
5606,5.60600000e+03,-66.458333
5607,5.60700000e+03,-66.458333
5608,5.60800000e+03,-68.291667
5609,5.60900000e+03,-68.291667
5610,5.61000000e+03,-70.041667
5611,5.61100000e+03,-70.041667
5612,5.61200000e+03,-71.666667
5613,5.61300000e+03,-71.666667
5614,5.61400000e+03,-73.541667
5615,5.61500000e+03,-73.541667
5616,5.61600000e+03,-75.250000
5617,5.61700000e+03,-75.250000
5618,5.61800000e+03,-76.875000
5619,5.61900000e+03,-76.875000
5620,5.62000000e+03,-78.666667
5621,5.62100000e+03,-78.666667
5622,5.62200000e+03,-80.500000
5623,5.62300000e+03,-80.500000
5624,5.62400000e+03,-82.125000
5625,5.62500000e+03,-82.125000
5626,5.62600000e+03,-83.958333
5627,5.62700000e+03,-83.958333
5628,5.62800000e+03,-85.625000
5629,5.62900000e+03,-85.625000
5630,5.63000000e+03,-87.291667
5631,5.63100000e+03,-87.291667
5632,5.63200000e+03,-89.208333
5633,5.63300000e+03,-89.208333
5634,5.63400000e+03,-90.916667
5635,5.63500000e+03,-90.916667
5636,5.63600000e+03,-92.750000
5637,5.63700000e+03,-92.750000
5638,5.63800000e+03,-94.458333
5639,5.63900000e+03,-94.458333
5640,5.64000000e+03,-96.333333
5641,5.64100000e+03,-96.333333
5642,5.64200000e+03,-97.958333
5643,5.64300000e+03,-97.958333
5644,5.64400000e+03,-99.791667
5645,5.64500000e+03,-99.791667
5646,5.64600000e+03,-101.625000
5647,5.64700000e+03,-101.625000
5648,5.64800000e+03,-103.250000
5649,5.64900000e+03,-103.250000
5650,5.65000000e+03,-105.291667
5651,5.65100000e+03,-105.291667
5652,5.65200000e+03,-107.083333
5653,5.65300000e+03,-107.083333
5654,5.65400000e+03,-108.708333
5655,5.65500000e+03,-108.708333
5656,5.65600000e+03,-110.541667
5657,5.65700000e+03,-110.541667
5658,5.65800000e+03,-112.416667
5659,5.65900000e+03,-112.416667
5660,5.66000000e+03,-114.125000
5661,5.66100000e+03,-114.125000
5662,5.66200000e+03,-116.041667
5663,5.66300000e+03,-116.041667
5664,5.66400000e+03,-117.708333
5665,5.66500000e+03,-117.708333
5666,5.66600000e+03,-119.250000
5667,5.66700000e+03,-119.250000
5668,5.66800000e+03,-121.291667
5669,5.66900000e+03,-121.291667
5670,5.67000000e+03,-122.916667
5671,5.67100000e+03,-122.916667
5672,5.67200000e+03,-124.750000
5673,5.67300000e+03,-124.750000
5674,5.67400000e+03,-126.625000
5675,5.67500000e+03,-126.625000
5676,5.67600000e+03,-128.250000
5677,5.67700000e+03,-128.250000
5678,5.67800000e+03,-129.958333
5679,5.67900000e+03,-129.958333
5680,5.68000000e+03,-131.750000
5681,5.68100000e+03,-131.750000
5682,5.68200000e+03,-133.375000
5683,5.68300000e+03,-133.375000
5684,5.68400000e+03,-135.000000
5685,5.68500000e+03,-135.000000
5686,5.68600000e+03,-136.750000
5687,5.68700000e+03,-136.750000
5688,5.68800000e+03,-138.375000
5689,5.68900000e+03,-138.375000
5690,5.69000000e+03,-140.000000
5691,5.69100000e+03,-140.000000
5692,5.69200000e+03,-141.416667
5693,5.69300000e+03,-141.416667
5694,5.69400000e+03,-143.000000
5695,5.69500000e+03,-143.000000
5696,5.69600000e+03,-144.458333
5697,5.69700000e+03,-144.458333
5698,5.69800000e+03,-146.166667
5699,5.69900000e+03,-146.166667
5700,5.70000000e+03,-147.416667
5701,5.70100000e+03,-147.416667
5702,5.70200000e+03,-148.791667
5703,5.70300000e+03,-148.791667
5704,5.70400000e+03,-150.500000
5705,5.70500000e+03,-150.500000
5706,5.70600000e+03,-152.000000
5707,5.70700000e+03,-152.000000
5708,5.70800000e+03,-153.083333
5709,5.70900000e+03,-153.083333
5710,5.71000000e+03,-154.750000
5711,5.71100000e+03,-154.750000
5712,5.71200000e+03,-155.750000
5713,5.71300000e+03,-155.750000
5714,5.71400000e+03,-157.166667
5715,5.71500000e+03,-157.166667
5716,5.71600000e+03,-158.625000
5717,5.71700000e+03,-158.625000
5718,5.71800000e+03,-159.708333
5719,5.71900000e+03,-159.708333
5720,5.72000000e+03,-160.916667
5721,5.72100000e+03,-160.916667
5722,5.72200000e+03,-162.083333
5723,5.72300000e+03,-162.083333
5724,5.72400000e+03,-163.375000
5725,5.72500000e+03,-163.375000
5726,5.72600000e+03,-164.583333
5727,5.72700000e+03,-164.583333
5728,5.72800000e+03,-165.666667
5729,5.72900000e+03,-165.666667
5730,5.73000000e+03,-166.875000
5731,5.73100000e+03,-166.875000
5732,5.73200000e+03,-167.833333
5733,5.73300000e+03,-167.833333
5734,5.73400000e+03,-168.875000
5735,5.73500000e+03,-168.875000
5736,5.73600000e+03,-170.208333
5737,5.73700000e+03,-170.208333
5738,5.73800000e+03,-171.083333
5739,5.73900000e+03,-171.083333
5740,5.74000000e+03,-172.166667
5741,5.74100000e+03,-172.166667
5742,5.74200000e+03,-173.208333
5743,5.74300000e+03,-173.208333
5744,5.74400000e+03,-174.250000
5745,5.74500000e+03,-174.250000
5746,5.74600000e+03,-175.166667
5747,5.74700000e+03,-175.166667
5748,5.74800000e+03,-176.166667
5749,5.74900000e+03,-176.166667
5750,5.75000000e+03,-177.291667
5751,5.75100000e+03,-177.291667
5752,5.75200000e+03,-178.250000
5753,5.75300000e+03,-178.250000
5754,5.75400000e+03,-179.250000
5755,5.75500000e+03,-179.250000
5756,5.75600000e+03,-180.125000
5757,5.75700000e+03,-180.125000
5758,5.75800000e+03,-181.250000
5759,5.75900000e+03,-181.250000
5760,5.76000000e+03,-182.083333
5761,5.76100000e+03,-182.083333
5762,5.76200000e+03,-183.083333
5763,5.76300000e+03,-183.083333
5764,5.76400000e+03,-184.125000
5765,5.76500000e+03,-184.125000
5766,5.76600000e+03,-185.041667
5767,5.76700000e+03,-185.041667
5768,5.76800000e+03,-186.125000
5769,5.76900000e+03,-186.125000
5770,5.77000000e+03,-187.166667
5771,5.77100000e+03,-187.166667
5772,5.77200000e+03,-188.208333
5773,5.77300000e+03,-188.208333
5774,5.77400000e+03,-189.125000
5775,5.77500000e+03,-189.125000
5776,5.77600000e+03,-190.208333
5777,5.77700000e+03,-190.208333
5778,5.77800000e+03,-191.250000
5779,5.77900000e+03,-191.250000
5780,5.78000000e+03,-192.375000
5781,5.78100000e+03,-192.375000
5782,5.78200000e+03,-193.250000
5783,5.78300000e+03,-193.250000
5784,5.78400000e+03,-194.083333
5785,5.78500000e+03,-194.083333
5786,5.78600000e+03,-195.333333
5787,5.78700000e+03,-195.333333
5788,5.78800000e+03,-196.333333
5789,5.78900000e+03,-196.333333
5790,5.79000000e+03,-197.416667
5791,5.79100000e+03,-197.416667
5792,5.79200000e+03,-198.625000
5793,5.79300000e+03,-198.625000
5794,5.79400000e+03,-199.500000
5795,5.79500000e+03,-199.500000
5796,5.79600000e+03,-200.541667
5797,5.79700000e+03,-200.541667
5798,5.79800000e+03,-201.625000
5799,5.79900000e+03,-201.625000
5800,5.80000000e+03,-202.625000
5801,5.80100000e+03,-202.625000
5802,5.80200000e+03,-203.875000
5803,5.80300000e+03,-203.875000
5804,5.80400000e+03,-204.833333
5805,5.80500000e+03,-204.833333
5806,5.80600000e+03,-205.875000
5807,5.80700000e+03,-205.875000
5808,5.80800000e+03,-207.083333
5809,5.80900000e+03,-207.083333
5810,5.81000000e+03,-208.083333
5811,5.81100000e+03,-208.083333
5812,5.81200000e+03,-209.208333
5813,5.81300000e+03,-209.208333
5814,5.81400000e+03,-210.291667
5815,5.81500000e+03,-210.291667
5816,5.81600000e+03,-211.291667
5817,5.81700000e+03,-211.291667
5818,5.81800000e+03,-212.375000
5819,5.81900000e+03,-212.375000
5820,5.82000000e+03,-213.166667
5821,5.82100000e+03,-213.166667
5822,5.82200000e+03,-214.250000
5823,5.82300000e+03,-214.250000
5824,5.82400000e+03,-215.208333
5825,5.82500000e+03,-215.208333
5826,5.82600000e+03,-216.041667
5827,5.82700000e+03,-216.041667
5828,5.82800000e+03,-216.958333
5829,5.82900000e+03,-216.958333
5830,5.83000000e+03,-217.875000
5831,5.83100000e+03,-217.875000
5832,5.83200000e+03,-218.833333
5833,5.83300000e+03,-218.833333
5834,5.83400000e+03,-219.750000
5835,5.83500000e+03,-219.750000
5836,5.83600000e+03,-220.583333
5837,5.83700000e+03,-220.583333
5838,5.83800000e+03,-221.458333
5839,5.83900000e+03,-221.458333
5840,5.84000000e+03,-222.166667
5841,5.84100000e+03,-222.166667
5842,5.84200000e+03,-223.000000
5843,5.84300000e+03,-223.000000
5844,5.84400000e+03,-223.500000
5845,5.84500000e+03,-223.500000
5846,5.84600000e+03,-224.500000
5847,5.84700000e+03,-224.500000
5848,5.84800000e+03,-225.041667
5849,5.84900000e+03,-225.041667
5850,5.85000000e+03,-225.625000
5851,5.85100000e+03,-225.625000
5852,5.85200000e+03,-226.375000
5853,5.85300000e+03,-226.375000
5854,5.85400000e+03,-226.875000
5855,5.85500000e+03,-226.875000
5856,5.85600000e+03,-227.500000
5857,5.85700000e+03,-227.500000
5858,5.85800000e+03,-228.041667
5859,5.85900000e+03,-228.041667
5860,5.86000000e+03,-228.541667
5861,5.86100000e+03,-228.541667
5862,5.86200000e+03,-229.000000
5863,5.86300000e+03,-229.000000
5864,5.86400000e+03,-229.375000
5865,5.86500000e+03,-229.375000
5866,5.86600000e+03,-229.833333
5867,5.86700000e+03,-229.833333
5868,5.86800000e+03,-230.291667
5869,5.86900000e+03,-230.291667
5870,5.87000000e+03,-230.583333
5871,5.87100000e+03,-230.583333
5872,5.87200000e+03,-231.083333
5873,5.87300000e+03,-231.083333
5874,5.87400000e+03,-231.208333
5875,5.87500000e+03,-231.208333
5876,5.87600000e+03,-231.791667
5877,5.87700000e+03,-231.791667
5878,5.87800000e+03,-231.833333
5879,5.87900000e+03,-231.833333
5880,5.88000000e+03,-232.250000
5881,5.88100000e+03,-232.250000
5882,5.88200000e+03,-232.458333
5883,5.88300000e+03,-232.458333
5884,5.88400000e+03,-232.708333
5885,5.88500000e+03,-232.708333
5886,5.88600000e+03,-232.750000
5887,5.88700000e+03,-232.750000
5888,5.88800000e+03,-233.041667
5889,5.88900000e+03,-233.041667
5890,5.89000000e+03,-233.125000
5891,5.89100000e+03,-233.125000
5892,5.89200000e+03,-233.375000
5893,5.89300000e+03,-233.375000
5894,5.89400000e+03,-233.375000
5895,5.89500000e+03,-233.375000
5896,5.89600000e+03,-233.583333
5897,5.89700000e+03,-233.583333
5898,5.89800000e+03,-233.458333
5899,5.89900000e+03,-233.458333
5900,5.90000000e+03,-233.541667
5901,5.90100000e+03,-233.541667
5902,5.90200000e+03,-233.708333
5903,5.90300000e+03,-233.708333
5904,5.90400000e+03,-233.750000
5905,5.90500000e+03,-233.750000
5906,5.90600000e+03,-233.750000
5907,5.90700000e+03,-233.750000
5908,5.90800000e+03,-233.791667
5909,5.90900000e+03,-233.791667
5910,5.91000000e+03,-233.625000
5911,5.91100000e+03,-233.625000
5912,5.91200000e+03,-233.833333
5913,5.91300000e+03,-233.833333
5914,5.91400000e+03,-233.791667
5915,5.91500000e+03,-233.791667
5916,5.91600000e+03,-233.625000
5917,5.91700000e+03,-233.625000
5918,5.91800000e+03,-233.708333
5919,5.91900000e+03,-233.708333
5920,5.92000000e+03,-233.625000
5921,5.92100000e+03,-233.625000
5922,5.92200000e+03,-233.458333
5923,5.92300000e+03,-233.458333
5924,5.92400000e+03,-233.500000
5925,5.92500000e+03,-233.500000
5926,5.92600000e+03,-233.458333
5927,5.92700000e+03,-233.458333
5928,5.92800000e+03,-233.125000
5929,5.92900000e+03,-233.125000
5930,5.93000000e+03,-233.041667
5931,5.93100000e+03,-233.041667
5932,5.93200000e+03,-232.833333
5933,5.93300000e+03,-232.833333
5934,5.93400000e+03,-232.875000
5935,5.93500000e+03,-232.875000
5936,5.93600000e+03,-232.541667
5937,5.93700000e+03,-232.541667
5938,5.93800000e+03,-232.458333
5939,5.93900000e+03,-232.458333
5940,5.94000000e+03,-232.125000
5941,5.94100000e+03,-232.125000
5942,5.94200000e+03,-231.875000
5943,5.94300000e+03,-231.875000
5944,5.94400000e+03,-231.708333
5945,5.94500000e+03,-231.708333
5946,5.94600000e+03,-231.375000
5947,5.94700000e+03,-231.375000
5948,5.94800000e+03,-231.000000
5949,5.94900000e+03,-231.000000
5950,5.95000000e+03,-230.708333
5951,5.95100000e+03,-230.708333
5952,5.95200000e+03,-230.666667
5953,5.95300000e+03,-230.666667
5954,5.95400000e+03,-230.250000
5955,5.95500000e+03,-230.250000
5956,5.95600000e+03,-229.958333
5957,5.95700000e+03,-229.958333
5958,5.95800000e+03,-229.375000
5959,5.95900000e+03,-229.375000
5960,5.96000000e+03,-229.250000
5961,5.96100000e+03,-229.250000
5962,5.96200000e+03,-228.666667
5963,5.96300000e+03,-228.666667
5964,5.96400000e+03,-228.083333
5965,5.96500000e+03,-228.083333
5966,5.96600000e+03,-227.750000
5967,5.96700000e+03,-227.750000
5968,5.96800000e+03,-227.250000
5969,5.96900000e+03,-227.250000
5970,5.97000000e+03,-226.708333
5971,5.97100000e+03,-226.708333
5972,5.97200000e+03,-226.250000
5973,5.97300000e+03,-226.250000
5974,5.97400000e+03,-225.625000
5975,5.97500000e+03,-225.625000
5976,5.97600000e+03,-224.916667
5977,5.97700000e+03,-224.916667
5978,5.97800000e+03,-224.291667
5979,5.97900000e+03,-224.291667
5980,5.98000000e+03,-223.625000
5981,5.98100000e+03,-223.625000
5982,5.98200000e+03,-222.958333
5983,5.98300000e+03,-222.958333
5984,5.98400000e+03,-222.208333
5985,5.98500000e+03,-222.208333
5986,5.98600000e+03,-221.500000
5987,5.98700000e+03,-221.500000
5988,5.98800000e+03,-220.791667
5989,5.98900000e+03,-220.791667
5990,5.99000000e+03,-219.916667
5991,5.99100000e+03,-219.916667
5992,5.99200000e+03,-219.250000
5993,5.99300000e+03,-219.250000
5994,5.99400000e+03,-218.333333
5995,5.99500000e+03,-218.333333
5996,5.99600000e+03,-217.416667
5997,5.99700000e+03,-217.416667
5998,5.99800000e+03,-216.458333
5999,5.99900000e+03,-216.458333
6000,6.00000000e+03,-215.541667
6001,6.00100000e+03,-215.541667
6002,6.00200000e+03,-214.583333
6003,6.00300000e+03,-214.583333
6004,6.00400000e+03,-213.583333
6005,6.00500000e+03,-213.583333
6006,6.00600000e+03,-212.708333
6007,6.00700000e+03,-212.708333
6008,6.00800000e+03,-211.583333
6009,6.00900000e+03,-211.583333
6010,6.01000000e+03,-210.583333
6011,6.01100000e+03,-210.583333
6012,6.01200000e+03,-209.625000
6013,6.01300000e+03,-209.625000
6014,6.01400000e+03,-208.458333
6015,6.01500000e+03,-208.458333
6016,6.01600000e+03,-207.416667
6017,6.01700000e+03,-207.416667
6018,6.01800000e+03,-206.416667
6019,6.01900000e+03,-206.416667
6020,6.02000000e+03,-205.333333
6021,6.02100000e+03,-205.333333
6022,6.02200000e+03,-204.083333
6023,6.02300000e+03,-204.083333
6024,6.02400000e+03,-202.958333
6025,6.02500000e+03,-202.958333
6026,6.02600000e+03,-202.041667
6027,6.02700000e+03,-202.041667
6028,6.02800000e+03,-200.791667
6029,6.02900000e+03,-200.791667
6030,6.03000000e+03,-199.791667
6031,6.03100000e+03,-199.791667
6032,6.03200000e+03,-198.750000
6033,6.03300000e+03,-198.750000
6034,6.03400000e+03,-197.500000
6035,6.03500000e+03,-197.500000
6036,6.03600000e+03,-196.416667
6037,6.03700000e+03,-196.416667
6038,6.03800000e+03,-195.291667
6039,6.03900000e+03,-195.291667
6040,6.04000000e+03,-194.333333
6041,6.04100000e+03,-194.333333
6042,6.04200000e+03,-193.125000
6043,6.04300000e+03,-193.125000
6044,6.04400000e+03,-192.083333
6045,6.04500000e+03,-192.083333
6046,6.04600000e+03,-191.083333
6047,6.04700000e+03,-191.083333
6048,6.04800000e+03,-190.041667
6049,6.04900000e+03,-190.041667
6050,6.05000000e+03,-188.958333
6051,6.05100000e+03,-188.958333
6052,6.05200000e+03,-188.000000
6053,6.05300000e+03,-188.000000
6054,6.05400000e+03,-186.833333
6055,6.05500000e+03,-186.833333
6056,6.05600000e+03,-185.916667
6057,6.05700000e+03,-185.916667
6058,6.05800000e+03,-184.791667
6059,6.05900000e+03,-184.791667
6060,6.06000000e+03,-183.666667
6061,6.06100000e+03,-183.666667
6062,6.06200000e+03,-182.875000
6063,6.06300000e+03,-182.875000
6064,6.06400000e+03,-181.791667
6065,6.06500000e+03,-181.791667
6066,6.06600000e+03,-180.666667
6067,6.06700000e+03,-180.666667
6068,6.06800000e+03,-179.750000
6069,6.06900000e+03,-179.750000
6070,6.07000000e+03,-178.750000
6071,6.07100000e+03,-178.750000
6072,6.07200000e+03,-177.750000
6073,6.07300000e+03,-177.750000
6074,6.07400000e+03,-176.791667
6075,6.07500000e+03,-176.791667
6076,6.07600000e+03,-175.750000
6077,6.07700000e+03,-175.750000
6078,6.07800000e+03,-174.833333
6079,6.07900000e+03,-174.833333
6080,6.08000000e+03,-173.708333
6081,6.08100000e+03,-173.708333
6082,6.08200000e+03,-172.708333
6083,6.08300000e+03,-172.708333
6084,6.08400000e+03,-171.708333
6085,6.08500000e+03,-171.708333
6086,6.08600000e+03,-170.625000
6087,6.08700000e+03,-170.625000
6088,6.08800000e+03,-169.500000
6089,6.08900000e+03,-169.500000
6090,6.09000000e+03,-168.500000
6091,6.09100000e+03,-168.500000
6092,6.09200000e+03,-167.333333
6093,6.09300000e+03,-167.333333
6094,6.09400000e+03,-166.375000
6095,6.09500000e+03,-166.375000
6096,6.09600000e+03,-165.208333
6097,6.09700000e+03,-165.208333
6098,6.09800000e+03,-164.250000
6099,6.09900000e+03,-164.250000
6100,6.10000000e+03,-163.000000
6101,6.10100000e+03,-163.000000
6102,6.10200000e+03,-161.916667
6103,6.10300000e+03,-161.916667
6104,6.10400000e+03,-160.666667
6105,6.10500000e+03,-160.666667
6106,6.10600000e+03,-159.458333
6107,6.10700000e+03,-159.458333
6108,6.10800000e+03,-158.166667
6109,6.10900000e+03,-158.166667
6110,6.11000000e+03,-157.000000
6111,6.11100000e+03,-157.000000
6112,6.11200000e+03,-155.750000
6113,6.11300000e+03,-155.750000
6114,6.11400000e+03,-154.416667
6115,6.11500000e+03,-154.416667
6116,6.11600000e+03,-153.125000
6117,6.11700000e+03,-153.125000
6118,6.11800000e+03,-151.666667
6119,6.11900000e+03,-151.666667
6120,6.12000000e+03,-150.375000
6121,6.12100000e+03,-150.375000
6122,6.12200000e+03,-149.000000
6123,6.12300000e+03,-149.000000
6124,6.12400000e+03,-147.458333
6125,6.12500000e+03,-147.458333
6126,6.12600000e+03,-146.083333
6127,6.12700000e+03,-146.083333
6128,6.12800000e+03,-144.375000
6129,6.12900000e+03,-144.375000
6130,6.13000000e+03,-143.000000
6131,6.13100000e+03,-143.000000
6132,6.13200000e+03,-141.333333
6133,6.13300000e+03,-141.333333
6134,6.13400000e+03,-140.041667
6135,6.13500000e+03,-140.041667
6136,6.13600000e+03,-138.291667
6137,6.13700000e+03,-138.291667
6138,6.13800000e+03,-136.666667
6139,6.13900000e+03,-136.666667
6140,6.14000000e+03,-135.125000
6141,6.14100000e+03,-135.125000
6142,6.14200000e+03,-133.375000
6143,6.14300000e+03,-133.375000
6144,6.14400000e+03,-131.708333
6145,6.14500000e+03,-131.708333
6146,6.14600000e+03,-130.083333
6147,6.14700000e+03,-130.083333
6148,6.14800000e+03,-128.166667
6149,6.14900000e+03,-128.166667
6150,6.15000000e+03,-126.500000
6151,6.15100000e+03,-126.500000
6152,6.15200000e+03,-124.750000
6153,6.15300000e+03,-124.750000
6154,6.15400000e+03,-122.958333
6155,6.15500000e+03,-122.958333
6156,6.15600000e+03,-121.250000
6157,6.15700000e+03,-121.250000
6158,6.15800000e+03,-119.291667
6159,6.15900000e+03,-119.291667
6160,6.16000000e+03,-117.625000
6161,6.16100000e+03,-117.625000
6162,6.16200000e+03,-115.750000
6163,6.16300000e+03,-115.750000
6164,6.16400000e+03,-114.041667
6165,6.16500000e+03,-114.041667
6166,6.16600000e+03,-112.291667
6167,6.16700000e+03,-112.291667
6168,6.16800000e+03,-110.458333
6169,6.16900000e+03,-110.458333
6170,6.17000000e+03,-108.541667
6171,6.17100000e+03,-108.541667
6172,6.17200000e+03,-106.791667
6173,6.17300000e+03,-106.791667
6174,6.17400000e+03,-104.875000
6175,6.17500000e+03,-104.875000
6176,6.17600000e+03,-103.000000
6177,6.17700000e+03,-103.000000
6178,6.17800000e+03,-101.250000
6179,6.17900000e+03,-101.250000
6180,6.18000000e+03,-99.416667
6181,6.18100000e+03,-99.416667
6182,6.18200000e+03,-97.375000
6183,6.18300000e+03,-97.375000
6184,6.18400000e+03,-95.750000
6185,6.18500000e+03,-95.750000
6186,6.18600000e+03,-94.041667
6187,6.18700000e+03,-94.041667
6188,6.18800000e+03,-92.208333
6189,6.18900000e+03,-92.208333
6190,6.19000000e+03,-90.416667
6191,6.19100000e+03,-90.416667
6192,6.19200000e+03,-88.541667
6193,6.19300000e+03,-88.541667
6194,6.19400000e+03,-86.833333
6195,6.19500000e+03,-86.833333
6196,6.19600000e+03,-84.833333
6197,6.19700000e+03,-84.833333
6198,6.19800000e+03,-83.375000
6199,6.19900000e+03,-83.375000
6200,6.20000000e+03,-81.541667
6201,6.20100000e+03,-81.541667
6202,6.20200000e+03,-79.791667
6203,6.20300000e+03,-79.791667
6204,6.20400000e+03,-78.083333
6205,6.20500000e+03,-78.083333
6206,6.20600000e+03,-76.208333
6207,6.20700000e+03,-76.208333
6208,6.20800000e+03,-74.250000
6209,6.20900000e+03,-74.250000
6210,6.21000000e+03,-72.791667
6211,6.21100000e+03,-72.791667
6212,6.21200000e+03,-70.958333
6213,6.21300000e+03,-70.958333
6214,6.21400000e+03,-69.166667
6215,6.21500000e+03,-69.166667
6216,6.21600000e+03,-67.416667
6217,6.21700000e+03,-67.416667
6218,6.21800000e+03,-65.666667
6219,6.21900000e+03,-65.666667
6220,6.22000000e+03,-64.083333
6221,6.22100000e+03,-64.083333
6222,6.22200000e+03,-62.125000
6223,6.22300000e+03,-62.125000
6224,6.22400000e+03,-60.541667
6225,6.22500000e+03,-60.541667
6226,6.22600000e+03,-58.791667
6227,6.22700000e+03,-58.791667
6228,6.22800000e+03,-56.958333
6229,6.22900000e+03,-56.958333
6230,6.23000000e+03,-55.166667
6231,6.23100000e+03,-55.166667
6232,6.23200000e+03,-53.375000
6233,6.23300000e+03,-53.375000
6234,6.23400000e+03,-51.541667
6235,6.23500000e+03,-51.541667
6236,6.23600000e+03,-49.791667
6237,6.23700000e+03,-49.791667
6238,6.23800000e+03,-47.875000
6239,6.23900000e+03,-47.875000
6240,6.24000000e+03,-46.083333
6241,6.24100000e+03,-46.083333
6242,6.24200000e+03,-44.041667
6243,6.24300000e+03,-44.041667
6244,6.24400000e+03,-42.083333
6245,6.24500000e+03,-42.083333
6246,6.24600000e+03,-40.333333
6247,6.24700000e+03,-40.333333
6248,6.24800000e+03,-38.333333
6249,6.24900000e+03,-38.333333
6250,6.25000000e+03,-36.541667
6251,6.25100000e+03,-36.541667
6252,6.25200000e+03,-34.541667
6253,6.25300000e+03,-34.541667
6254,6.25400000e+03,-32.583333
6255,6.25500000e+03,-32.583333
6256,6.25600000e+03,-30.583333
6257,6.25700000e+03,-30.583333
6258,6.25800000e+03,-28.708333
6259,6.25900000e+03,-28.708333
6260,6.26000000e+03,-26.458333
6261,6.26100000e+03,-26.458333
6262,6.26200000e+03,-24.625000
6263,6.26300000e+03,-24.625000
6264,6.26400000e+03,-22.583333
6265,6.26500000e+03,-22.583333
6266,6.26600000e+03,-20.416667
6267,6.26700000e+03,-20.416667
6268,6.26800000e+03,-18.250000
6269,6.26900000e+03,-18.250000
6270,6.27000000e+03,-16.166667
6271,6.27100000e+03,-16.166667
6272,6.27200000e+03,-14.166667
6273,6.27300000e+03,-14.166667
6274,6.27400000e+03,-12.208333
6275,6.27500000e+03,-12.208333
6276,6.27600000e+03,-9.958333
6277,6.27700000e+03,-9.958333
6278,6.27800000e+03,-7.958333
6279,6.27900000e+03,-7.958333
6280,6.28000000e+03,-5.750000
6281,6.28100000e+03,-5.750000
6282,6.28200000e+03,-3.541667
6283,6.28300000e+03,-3.541667
6284,6.28400000e+03,-1.375000
6285,6.28500000e+03,-1.375000
6286,6.28600000e+03,0.625000
6287,6.28700000e+03,0.625000
6288,6.28800000e+03,2.708333
6289,6.28900000e+03,2.708333
6290,6.29000000e+03,5.000000
6291,6.29100000e+03,5.000000
6292,6.29200000e+03,7.041667
6293,6.29300000e+03,7.041667
6294,6.29400000e+03,9.125000
6295,6.29500000e+03,9.125000
6296,6.29600000e+03,11.458333
6297,6.29700000e+03,11.458333
6298,6.29800000e+03,13.333333
6299,6.29900000e+03,13.333333
6300,6.30000000e+03,15.666667
6301,6.30100000e+03,15.666667
6302,6.30200000e+03,17.833333
6303,6.30300000e+03,17.833333
6304,6.30400000e+03,19.625000
6305,6.30500000e+03,19.625000
6306,6.30600000e+03,21.750000
6307,6.30700000e+03,21.750000
6308,6.30800000e+03,23.916667
6309,6.30900000e+03,23.916667
6310,6.31000000e+03,25.958333
6311,6.31100000e+03,25.958333
6312,6.31200000e+03,27.958333
6313,6.31300000e+03,27.958333
6314,6.31400000e+03,30.041667
6315,6.31500000e+03,30.041667
6316,6.31600000e+03,32.125000
6317,6.31700000e+03,32.125000
6318,6.31800000e+03,34.208333
6319,6.31900000e+03,34.208333
6320,6.32000000e+03,36.208333
6321,6.32100000e+03,36.208333
6322,6.32200000e+03,38.125000
6323,6.32300000e+03,38.125000
6324,6.32400000e+03,40.041667
6325,6.32500000e+03,40.041667
6326,6.32600000e+03,42.000000
6327,6.32700000e+03,42.000000
6328,6.32800000e+03,43.916667
6329,6.32900000e+03,43.916667
6330,6.33000000e+03,45.708333
6331,6.33100000e+03,45.708333
6332,6.33200000e+03,47.625000
6333,6.33300000e+03,47.625000
6334,6.33400000e+03,49.458333
6335,6.33500000e+03,49.458333
6336,6.33600000e+03,51.500000
6337,6.33700000e+03,51.500000
6338,6.33800000e+03,53.125000
6339,6.33900000e+03,53.125000
6340,6.34000000e+03,54.875000
6341,6.34100000e+03,54.875000
6342,6.34200000e+03,56.833333
6343,6.34300000e+03,56.833333
6344,6.34400000e+03,58.541667
6345,6.34500000e+03,58.541667
6346,6.34600000e+03,60.458333
6347,6.34700000e+03,60.458333
6348,6.34800000e+03,62.166667
6349,6.34900000e+03,62.166667
6350,6.35000000e+03,64.000000
6351,6.35100000e+03,64.000000
6352,6.35200000e+03,65.666667
6353,6.35300000e+03,65.666667
6354,6.35400000e+03,67.416667
6355,6.35500000e+03,67.416667
6356,6.35600000e+03,69.125000
6357,6.35700000e+03,69.125000
6358,6.35800000e+03,70.791667
6359,6.35900000e+03,70.791667
6360,6.36000000e+03,72.708333
6361,6.36100000e+03,72.708333
6362,6.36200000e+03,74.333333
6363,6.36300000e+03,74.333333
6364,6.36400000e+03,76.250000
6365,6.36500000e+03,76.250000
6366,6.36600000e+03,78.000000
6367,6.36700000e+03,78.000000
6368,6.36800000e+03,79.583333
6369,6.36900000e+03,79.583333
6370,6.37000000e+03,81.500000
6371,6.37100000e+03,81.500000
6372,6.37200000e+03,83.083333
6373,6.37300000e+03,83.083333
6374,6.37400000e+03,84.916667
6375,6.37500000e+03,84.916667
6376,6.37600000e+03,86.708333
6377,6.37700000e+03,86.708333
6378,6.37800000e+03,88.666667
6379,6.37900000e+03,88.666667
6380,6.38000000e+03,90.166667
6381,6.38100000e+03,90.166667
6382,6.38200000e+03,91.833333
6383,6.38300000e+03,91.833333
6384,6.38400000e+03,93.625000
6385,6.38500000e+03,93.625000
6386,6.38600000e+03,95.375000
6387,6.38700000e+03,95.375000
6388,6.38800000e+03,97.166667
6389,6.38900000e+03,97.166667
6390,6.39000000e+03,99.083333
6391,6.39100000e+03,99.083333
6392,6.39200000e+03,100.791667
6393,6.39300000e+03,100.791667
6394,6.39400000e+03,102.583333
6395,6.39500000e+03,102.583333
6396,6.39600000e+03,104.333333
6397,6.39700000e+03,104.333333
6398,6.39800000e+03,106.375000
6399,6.39900000e+03,106.375000
6400,6.40000000e+03,107.916667
6401,6.40100000e+03,107.916667
6402,6.40200000e+03,109.833333
6403,6.40300000e+03,109.833333
6404,6.40400000e+03,111.500000
6405,6.40500000e+03,111.500000
6406,6.40600000e+03,113.541667
6407,6.40700000e+03,113.541667
6408,6.40800000e+03,115.000000
6409,6.40900000e+03,115.000000
6410,6.41000000e+03,116.875000
6411,6.41100000e+03,116.875000
6412,6.41200000e+03,118.833333
6413,6.41300000e+03,118.833333
6414,6.41400000e+03,120.500000
6415,6.41500000e+03,120.500000
6416,6.41600000e+03,122.291667
6417,6.41700000e+03,122.291667
6418,6.41800000e+03,124.000000
6419,6.41900000e+03,124.000000
6420,6.42000000e+03,125.875000
6421,6.42100000e+03,125.875000
6422,6.42200000e+03,127.458333
6423,6.42300000e+03,127.458333
6424,6.42400000e+03,129.125000
6425,6.42500000e+03,129.125000
6426,6.42600000e+03,131.208333
6427,6.42700000e+03,131.208333
6428,6.42800000e+03,132.625000
6429,6.42900000e+03,132.625000
6430,6.43000000e+03,134.541667
6431,6.43100000e+03,134.541667
6432,6.43200000e+03,136.041667
6433,6.43300000e+03,136.041667
6434,6.43400000e+03,137.500000
6435,6.43500000e+03,137.500000
6436,6.43600000e+03,139.250000
6437,6.43700000e+03,139.250000
6438,6.43800000e+03,140.916667
6439,6.43900000e+03,140.916667
6440,6.44000000e+03,142.416667
6441,6.44100000e+03,142.416667
6442,6.44200000e+03,143.916667
6443,6.44300000e+03,143.916667
6444,6.44400000e+03,145.541667
6445,6.44500000e+03,145.541667
6446,6.44600000e+03,146.916667
6447,6.44700000e+03,146.916667
6448,6.44800000e+03,148.500000
6449,6.44900000e+03,148.500000
6450,6.45000000e+03,149.916667
6451,6.45100000e+03,149.916667
6452,6.45200000e+03,151.333333
6453,6.45300000e+03,151.333333
6454,6.45400000e+03,152.791667
6455,6.45500000e+03,152.791667
6456,6.45600000e+03,154.125000
6457,6.45700000e+03,154.125000
6458,6.45800000e+03,155.458333
6459,6.45900000e+03,155.458333
6460,6.46000000e+03,156.708333
6461,6.46100000e+03,156.708333
6462,6.46200000e+03,158.083333
6463,6.46300000e+03,158.083333
6464,6.46400000e+03,159.208333
6465,6.46500000e+03,159.208333
6466,6.46600000e+03,160.666667
6467,6.46700000e+03,160.666667
6468,6.46800000e+03,161.833333
6469,6.46900000e+03,161.833333
6470,6.47000000e+03,162.958333
6471,6.47100000e+03,162.958333
6472,6.47200000e+03,164.208333
6473,6.47300000e+03,164.208333
6474,6.47400000e+03,165.375000
6475,6.47500000e+03,165.375000
6476,6.47600000e+03,166.625000
6477,6.47700000e+03,166.625000
6478,6.47800000e+03,167.666667
6479,6.47900000e+03,167.666667
6480,6.48000000e+03,168.583333
6481,6.48100000e+03,168.583333
6482,6.48200000e+03,169.625000
6483,6.48300000e+03,169.625000
6484,6.48400000e+03,170.750000
6485,6.48500000e+03,170.750000
6486,6.48600000e+03,171.666667
6487,6.48700000e+03,171.666667
6488,6.48800000e+03,172.791667
6489,6.48900000e+03,172.791667
6490,6.49000000e+03,173.875000
6491,6.49100000e+03,173.875000
6492,6.49200000e+03,175.041667
6493,6.49300000e+03,175.041667
6494,6.49400000e+03,175.916667
6495,6.49500000e+03,175.916667
6496,6.49600000e+03,177.041667
6497,6.49700000e+03,177.041667
6498,6.49800000e+03,178.041667
6499,6.49900000e+03,178.041667
6500,6.50000000e+03,178.958333
6501,6.50100000e+03,178.958333
6502,6.50200000e+03,179.958333
6503,6.50300000e+03,179.958333
6504,6.50400000e+03,181.000000
6505,6.50500000e+03,181.000000
6506,6.50600000e+03,182.041667
6507,6.50700000e+03,182.041667
6508,6.50800000e+03,183.041667
6509,6.50900000e+03,183.041667
6510,6.51000000e+03,184.000000
6511,6.51100000e+03,184.000000
6512,6.51200000e+03,185.041667
6513,6.51300000e+03,185.041667
6514,6.51400000e+03,185.958333
6515,6.51500000e+03,185.958333
6516,6.51600000e+03,186.916667
6517,6.51700000e+03,186.916667
6518,6.51800000e+03,187.958333
6519,6.51900000e+03,187.958333
6520,6.52000000e+03,188.833333
6521,6.52100000e+03,188.833333
6522,6.52200000e+03,190.125000
6523,6.52300000e+03,190.125000
6524,6.52400000e+03,190.958333
6525,6.52500000e+03,190.958333
6526,6.52600000e+03,191.875000
6527,6.52700000e+03,191.875000
6528,6.52800000e+03,193.125000
6529,6.52900000e+03,193.125000
6530,6.53000000e+03,194.125000
6531,6.53100000e+03,194.125000
6532,6.53200000e+03,195.000000
6533,6.53300000e+03,195.000000
6534,6.53400000e+03,196.208333
6535,6.53500000e+03,196.208333
6536,6.53600000e+03,197.208333
6537,6.53700000e+03,197.208333
6538,6.53800000e+03,198.375000
6539,6.53900000e+03,198.375000
6540,6.54000000e+03,199.166667
6541,6.54100000e+03,199.166667
6542,6.54200000e+03,200.500000
6543,6.54300000e+03,200.500000
6544,6.54400000e+03,201.375000
6545,6.54500000e+03,201.375000
6546,6.54600000e+03,202.500000
6547,6.54700000e+03,202.500000
6548,6.54800000e+03,203.583333
6549,6.54900000e+03,203.583333
6550,6.55000000e+03,204.625000
6551,6.55100000e+03,204.625000
6552,6.55200000e+03,205.708333
6553,6.55300000e+03,205.708333
6554,6.55400000e+03,206.833333
6555,6.55500000e+03,206.833333
6556,6.55600000e+03,207.916667
6557,6.55700000e+03,207.916667
6558,6.55800000e+03,208.708333
6559,6.55900000e+03,208.708333
6560,6.56000000e+03,209.875000
6561,6.56100000e+03,209.875000
6562,6.56200000e+03,210.875000
6563,6.56300000e+03,210.875000
6564,6.56400000e+03,212.083333
6565,6.56500000e+03,212.083333
6566,6.56600000e+03,213.083333
6567,6.56700000e+03,213.083333
6568,6.56800000e+03,214.125000
6569,6.56900000e+03,214.125000
6570,6.57000000e+03,215.166667
6571,6.57100000e+03,215.166667
6572,6.57200000e+03,216.166667
6573,6.57300000e+03,216.166667
6574,6.57400000e+03,216.833333
6575,6.57500000e+03,216.833333
6576,6.57600000e+03,217.750000
6577,6.57700000e+03,217.750000
6578,6.57800000e+03,218.666667
6579,6.57900000e+03,218.666667
6580,6.58000000e+03,219.833333
6581,6.58100000e+03,219.833333
6582,6.58200000e+03,220.375000
6583,6.58300000e+03,220.375000
6584,6.58400000e+03,221.375000
6585,6.58500000e+03,221.375000
6586,6.58600000e+03,222.166667
6587,6.58700000e+03,222.166667
6588,6.58800000e+03,222.791667
6589,6.58900000e+03,222.791667
6590,6.59000000e+03,223.708333
6591,6.59100000e+03,223.708333
6592,6.59200000e+03,224.500000
6593,6.59300000e+03,224.500000
6594,6.59400000e+03,225.125000
6595,6.59500000e+03,225.125000
6596,6.59600000e+03,225.666667
6597,6.59700000e+03,225.666667
6598,6.59800000e+03,226.250000
6599,6.59900000e+03,226.250000
6600,6.60000000e+03,226.833333
6601,6.60100000e+03,226.833333
6602,6.60200000e+03,227.750000
6603,6.60300000e+03,227.750000
6604,6.60400000e+03,228.125000
6605,6.60500000e+03,228.125000
6606,6.60600000e+03,228.458333
6607,6.60700000e+03,228.458333
6608,6.60800000e+03,229.083333
6609,6.60900000e+03,229.083333
6610,6.61000000e+03,229.625000
6611,6.61100000e+03,229.625000
6612,6.61200000e+03,230.083333
6613,6.61300000e+03,230.083333
6614,6.61400000e+03,230.375000
6615,6.61500000e+03,230.375000
6616,6.61600000e+03,230.875000
6617,6.61700000e+03,230.875000
6618,6.61800000e+03,231.166667
6619,6.61900000e+03,231.166667
6620,6.62000000e+03,231.541667
6621,6.62100000e+03,231.541667
6622,6.62200000e+03,231.750000
6623,6.62300000e+03,231.750000
6624,6.62400000e+03,232.166667
6625,6.62500000e+03,232.166667
6626,6.62600000e+03,232.333333
6627,6.62700000e+03,232.333333
6628,6.62800000e+03,232.625000
6629,6.62900000e+03,232.625000
6630,6.63000000e+03,232.958333
6631,6.63100000e+03,232.958333
6632,6.63200000e+03,233.083333
6633,6.63300000e+03,233.083333
6634,6.63400000e+03,233.208333
6635,6.63500000e+03,233.208333
6636,6.63600000e+03,233.458333
6637,6.63700000e+03,233.458333
6638,6.63800000e+03,233.375000
6639,6.63900000e+03,233.375000
6640,6.64000000e+03,233.583333
6641,6.64100000e+03,233.583333
6642,6.64200000e+03,233.875000
6643,6.64300000e+03,233.875000
6644,6.64400000e+03,234.041667
6645,6.64500000e+03,234.041667
6646,6.64600000e+03,233.875000
6647,6.64700000e+03,233.875000
6648,6.64800000e+03,234.125000
6649,6.64900000e+03,234.125000
6650,6.65000000e+03,234.083333
6651,6.65100000e+03,234.083333
6652,6.65200000e+03,234.125000
6653,6.65300000e+03,234.125000
6654,6.65400000e+03,234.291667
6655,6.65500000e+03,234.291667
6656,6.65600000e+03,234.083333
6657,6.65700000e+03,234.083333
6658,6.65800000e+03,234.083333
6659,6.65900000e+03,234.083333
6660,6.66000000e+03,234.208333
6661,6.66100000e+03,234.208333
6662,6.66200000e+03,234.166667
6663,6.66300000e+03,234.166667
6664,6.66400000e+03,234.000000
6665,6.66500000e+03,234.000000
6666,6.66600000e+03,233.958333
6667,6.66700000e+03,233.958333
6668,6.66800000e+03,233.958333
6669,6.66900000e+03,233.958333
6670,6.67000000e+03,233.833333
6671,6.67100000e+03,233.833333
6672,6.67200000e+03,233.708333
6673,6.67300000e+03,233.708333
6674,6.67400000e+03,233.625000
6675,6.67500000e+03,233.625000
6676,6.67600000e+03,233.375000
6677,6.67700000e+03,233.375000
6678,6.67800000e+03,233.375000
6679,6.67900000e+03,233.375000
6680,6.68000000e+03,233.125000
6681,6.68100000e+03,233.125000
6682,6.68200000e+03,232.833333
6683,6.68300000e+03,232.833333
6684,6.68400000e+03,232.750000
6685,6.68500000e+03,232.750000
6686,6.68600000e+03,232.666667
6687,6.68700000e+03,232.666667
6688,6.68800000e+03,232.750000
6689,6.68900000e+03,232.750000
6690,6.69000000e+03,232.250000
6691,6.69100000e+03,232.250000
6692,6.69200000e+03,232.083333
6693,6.69300000e+03,232.083333
6694,6.69400000e+03,231.541667
6695,6.69500000e+03,231.541667
6696,6.69600000e+03,231.333333
6697,6.69700000e+03,231.333333
6698,6.69800000e+03,231.166667
6699,6.69900000e+03,231.166667
6700,6.70000000e+03,230.750000
6701,6.70100000e+03,230.750000
6702,6.70200000e+03,230.416667
6703,6.70300000e+03,230.416667
6704,6.70400000e+03,230.041667
6705,6.70500000e+03,230.041667
6706,6.70600000e+03,229.750000
6707,6.70700000e+03,229.750000
6708,6.70800000e+03,229.250000
6709,6.70900000e+03,229.250000
6710,6.71000000e+03,228.916667
6711,6.71100000e+03,228.916667
6712,6.71200000e+03,228.458333
6713,6.71300000e+03,228.458333
6714,6.71400000e+03,227.916667
6715,6.71500000e+03,227.916667
6716,6.71600000e+03,227.416667
6717,6.71700000e+03,227.416667
6718,6.71800000e+03,226.791667
6719,6.71900000e+03,226.791667
6720,6.72000000e+03,226.291667
6721,6.72100000e+03,226.291667
6722,6.72200000e+03,225.708333
6723,6.72300000e+03,225.708333
6724,6.72400000e+03,225.041667
6725,6.72500000e+03,225.041667
6726,6.72600000e+03,224.375000
6727,6.72700000e+03,224.375000
6728,6.72800000e+03,223.750000
6729,6.72900000e+03,223.750000
6730,6.73000000e+03,223.041667
6731,6.73100000e+03,223.041667
6732,6.73200000e+03,222.083333
6733,6.73300000e+03,222.083333
6734,6.73400000e+03,221.625000
6735,6.73500000e+03,221.625000
6736,6.73600000e+03,220.791667
6737,6.73700000e+03,220.791667
6738,6.73800000e+03,219.958333
6739,6.73900000e+03,219.958333
6740,6.74000000e+03,219.041667
6741,6.74100000e+03,219.041667
6742,6.74200000e+03,218.375000
6743,6.74300000e+03,218.375000
6744,6.74400000e+03,217.375000
6745,6.74500000e+03,217.375000
6746,6.74600000e+03,216.291667
6747,6.74700000e+03,216.291667
6748,6.74800000e+03,215.416667
6749,6.74900000e+03,215.416667
6750,6.75000000e+03,214.666667
6751,6.75100000e+03,214.666667
6752,6.75200000e+03,213.500000
6753,6.75300000e+03,213.500000
6754,6.75400000e+03,212.375000
6755,6.75500000e+03,212.375000
6756,6.75600000e+03,211.625000
6757,6.75700000e+03,211.625000
6758,6.75800000e+03,210.583333
6759,6.75900000e+03,210.583333
6760,6.76000000e+03,209.541667
6761,6.76100000e+03,209.541667
6762,6.76200000e+03,208.375000
6763,6.76300000e+03,208.375000
6764,6.76400000e+03,207.208333
6765,6.76500000e+03,207.208333
6766,6.76600000e+03,206.291667
6767,6.76700000e+03,206.291667
6768,6.76800000e+03,205.250000
6769,6.76900000e+03,205.250000
6770,6.77000000e+03,204.000000
6771,6.77100000e+03,204.000000
6772,6.77200000e+03,202.958333
6773,6.77300000e+03,202.958333
6774,6.77400000e+03,201.791667
6775,6.77500000e+03,201.791667
6776,6.77600000e+03,200.708333
6777,6.77700000e+03,200.708333
6778,6.77800000e+03,199.625000
6779,6.77900000e+03,199.625000
6780,6.78000000e+03,198.500000
6781,6.78100000e+03,198.500000
6782,6.78200000e+03,197.458333
6783,6.78300000e+03,197.458333
6784,6.78400000e+03,196.458333
6785,6.78500000e+03,196.458333
6786,6.78600000e+03,195.125000
6787,6.78700000e+03,195.125000
6788,6.78800000e+03,194.333333
6789,6.78900000e+03,194.333333
6790,6.79000000e+03,193.041667
6791,6.79100000e+03,193.041667
6792,6.79200000e+03,192.041667
6793,6.79300000e+03,192.041667
6794,6.79400000e+03,190.916667
6795,6.79500000e+03,190.916667
6796,6.79600000e+03,190.041667
6797,6.79700000e+03,190.041667
6798,6.79800000e+03,188.708333
6799,6.79900000e+03,188.708333
6800,6.80000000e+03,187.750000
6801,6.80100000e+03,187.750000
6802,6.80200000e+03,186.750000
6803,6.80300000e+03,186.750000
6804,6.80400000e+03,185.708333
6805,6.80500000e+03,185.708333
6806,6.80600000e+03,184.625000
6807,6.80700000e+03,184.625000
6808,6.80800000e+03,183.666667
6809,6.80900000e+03,183.666667
6810,6.81000000e+03,182.625000
6811,6.81100000e+03,182.625000
6812,6.81200000e+03,181.625000
6813,6.81300000e+03,181.625000
6814,6.81400000e+03,180.541667
6815,6.81500000e+03,180.541667
6816,6.81600000e+03,179.666667
6817,6.81700000e+03,179.666667
6818,6.81800000e+03,178.666667
6819,6.81900000e+03,178.666667
6820,6.82000000e+03,177.458333
6821,6.82100000e+03,177.458333
6822,6.82200000e+03,176.583333
6823,6.82300000e+03,176.583333
6824,6.82400000e+03,175.541667
6825,6.82500000e+03,175.541667
6826,6.82600000e+03,174.458333
6827,6.82700000e+03,174.458333
6828,6.82800000e+03,173.625000
6829,6.82900000e+03,173.625000
6830,6.83000000e+03,172.583333
6831,6.83100000e+03,172.583333
6832,6.83200000e+03,171.375000
6833,6.83300000e+03,171.375000
6834,6.83400000e+03,170.416667
6835,6.83500000e+03,170.416667
6836,6.83600000e+03,169.625000
6837,6.83700000e+03,169.625000
6838,6.83800000e+03,168.541667
6839,6.83900000e+03,168.541667
6840,6.84000000e+03,167.416667
6841,6.84100000e+03,167.416667
6842,6.84200000e+03,166.250000
6843,6.84300000e+03,166.250000
6844,6.84400000e+03,165.041667
6845,6.84500000e+03,165.041667
6846,6.84600000e+03,163.916667
6847,6.84700000e+03,163.916667
6848,6.84800000e+03,162.791667
6849,6.84900000e+03,162.791667
6850,6.85000000e+03,161.541667
6851,6.85100000e+03,161.541667
6852,6.85200000e+03,160.375000
6853,6.85300000e+03,160.375000
6854,6.85400000e+03,159.166667
6855,6.85500000e+03,159.166667
6856,6.85600000e+03,158.041667
6857,6.85700000e+03,158.041667
6858,6.85800000e+03,156.708333
6859,6.85900000e+03,156.708333
6860,6.86000000e+03,155.375000
6861,6.86100000e+03,155.375000
6862,6.86200000e+03,154.291667
6863,6.86300000e+03,154.291667
6864,6.86400000e+03,152.875000
6865,6.86500000e+03,152.875000
6866,6.86600000e+03,151.375000
6867,6.86700000e+03,151.375000
6868,6.86800000e+03,149.958333
6869,6.86900000e+03,149.958333
6870,6.87000000e+03,148.625000
6871,6.87100000e+03,148.625000
6872,6.87200000e+03,147.041667
6873,6.87300000e+03,147.041667
6874,6.87400000e+03,145.583333
6875,6.87500000e+03,145.583333
6876,6.87600000e+03,144.250000
6877,6.87700000e+03,144.250000
6878,6.87800000e+03,142.708333
6879,6.87900000e+03,142.708333
6880,6.88000000e+03,140.958333
6881,6.88100000e+03,140.958333
6882,6.88200000e+03,139.500000
6883,6.88300000e+03,139.500000
6884,6.88400000e+03,137.791667
6885,6.88500000e+03,137.791667
6886,6.88600000e+03,136.166667
6887,6.88700000e+03,136.166667
6888,6.88800000e+03,134.541667
6889,6.88900000e+03,134.541667
6890,6.89000000e+03,132.791667
6891,6.89100000e+03,132.791667
6892,6.89200000e+03,131.125000
6893,6.89300000e+03,131.125000
6894,6.89400000e+03,129.458333
6895,6.89500000e+03,129.458333
6896,6.89600000e+03,127.708333
6897,6.89700000e+03,127.708333
6898,6.89800000e+03,125.916667
6899,6.89900000e+03,125.916667
6900,6.90000000e+03,124.250000
6901,6.90100000e+03,124.250000
6902,6.90200000e+03,122.458333
6903,6.90300000e+03,122.458333
6904,6.90400000e+03,120.500000
6905,6.90500000e+03,120.500000
6906,6.90600000e+03,118.750000
6907,6.90700000e+03,118.750000
6908,6.90800000e+03,117.041667
6909,6.90900000e+03,117.041667
6910,6.91000000e+03,115.041667
6911,6.91100000e+03,115.041667
6912,6.91200000e+03,113.250000
6913,6.91300000e+03,113.250000
6914,6.91400000e+03,111.583333
6915,6.91500000e+03,111.583333
6916,6.91600000e+03,109.791667
6917,6.91700000e+03,109.791667
6918,6.91800000e+03,107.666667
6919,6.91900000e+03,107.666667
6920,6.92000000e+03,106.083333
6921,6.92100000e+03,106.083333
6922,6.92200000e+03,104.125000
6923,6.92300000e+03,104.125000
6924,6.92400000e+03,102.541667
6925,6.92500000e+03,102.541667
6926,6.92600000e+03,100.791667
6927,6.92700000e+03,100.791667
6928,6.92800000e+03,98.791667
6929,6.92900000e+03,98.791667
6930,6.93000000e+03,96.916667
6931,6.93100000e+03,96.916667
6932,6.93200000e+03,95.083333
6933,6.93300000e+03,95.083333
6934,6.93400000e+03,93.416667
6935,6.93500000e+03,93.416667
6936,6.93600000e+03,91.500000
6937,6.93700000e+03,91.500000
6938,6.93800000e+03,89.833333
6939,6.93900000e+03,89.833333
6940,6.94000000e+03,87.833333
6941,6.94100000e+03,87.833333
6942,6.94200000e+03,86.208333
6943,6.94300000e+03,86.208333
6944,6.94400000e+03,84.166667
6945,6.94500000e+03,84.166667
6946,6.94600000e+03,82.541667
6947,6.94700000e+03,82.541667
6948,6.94800000e+03,80.708333
6949,6.94900000e+03,80.708333
6950,6.95000000e+03,79.041667
6951,6.95100000e+03,79.041667
6952,6.95200000e+03,77.291667
6953,6.95300000e+03,77.291667
6954,6.95400000e+03,75.583333
6955,6.95500000e+03,75.583333
6956,6.95600000e+03,73.750000
6957,6.95700000e+03,73.750000
6958,6.95800000e+03,72.041667
6959,6.95900000e+03,72.041667
6960,6.96000000e+03,70.458333
6961,6.96100000e+03,70.458333
6962,6.96200000e+03,68.583333
6963,6.96300000e+03,68.583333
6964,6.96400000e+03,66.666667
6965,6.96500000e+03,66.666667
6966,6.96600000e+03,64.958333
6967,6.96700000e+03,64.958333
6968,6.96800000e+03,63.166667
6969,6.96900000e+03,63.166667
6970,6.97000000e+03,61.541667
6971,6.97100000e+03,61.541667
6972,6.97200000e+03,59.708333
6973,6.97300000e+03,59.708333
6974,6.97400000e+03,58.083333
6975,6.97500000e+03,58.083333
6976,6.97600000e+03,56.333333
6977,6.97700000e+03,56.333333
6978,6.97800000e+03,54.625000
6979,6.97900000e+03,54.625000
6980,6.98000000e+03,52.583333
6981,6.98100000e+03,52.583333
6982,6.98200000e+03,50.666667
6983,6.98300000e+03,50.666667
6984,6.98400000e+03,48.875000
6985,6.98500000e+03,48.875000
6986,6.98600000e+03,47.083333
6987,6.98700000e+03,47.083333
6988,6.98800000e+03,45.291667
6989,6.98900000e+03,45.291667
6990,6.99000000e+03,43.333333
6991,6.99100000e+03,43.333333
6992,6.99200000e+03,41.416667
6993,6.99300000e+03,41.416667
6994,6.99400000e+03,39.416667
6995,6.99500000e+03,39.416667
6996,6.99600000e+03,37.583333
6997,6.99700000e+03,37.583333
6998,6.99800000e+03,35.541667
6999,6.99900000e+03,35.541667
7000,7.00000000e+03,33.541667
7001,7.00100000e+03,33.541667
7002,7.00200000e+03,31.708333
7003,7.00300000e+03,31.708333
7004,7.00400000e+03,29.625000
7005,7.00500000e+03,29.625000
7006,7.00600000e+03,27.666667
7007,7.00700000e+03,27.666667
7008,7.00800000e+03,25.625000
7009,7.00900000e+03,25.625000
7010,7.01000000e+03,23.541667
7011,7.01100000e+03,23.541667
7012,7.01200000e+03,21.500000
7013,7.01300000e+03,21.500000
7014,7.01400000e+03,19.458333
7015,7.01500000e+03,19.458333
7016,7.01600000e+03,17.583333
7017,7.01700000e+03,17.583333
7018,7.01800000e+03,15.250000
7019,7.01900000e+03,15.250000
7020,7.02000000e+03,13.291667
7021,7.02100000e+03,13.291667
7022,7.02200000e+03,10.958333
7023,7.02300000e+03,10.958333
7024,7.02400000e+03,8.916667
7025,7.02500000e+03,8.916667
7026,7.02600000e+03,6.916667
7027,7.02700000e+03,6.916667
7028,7.02800000e+03,4.750000
7029,7.02900000e+03,4.750000
7030,7.03000000e+03,2.750000
7031,7.03100000e+03,2.750000
7032,7.03200000e+03,0.500000
7033,7.03300000e+03,0.500000
7034,7.03400000e+03,-1.541667
7035,7.03500000e+03,-1.541667
7036,7.03600000e+03,-3.916667
7037,7.03700000e+03,-3.916667
7038,7.03800000e+03,-5.875000
7039,7.03900000e+03,-5.875000
7040,7.04000000e+03,-8.083333
7041,7.04100000e+03,-8.083333
7042,7.04200000e+03,-10.208333
7043,7.04300000e+03,-10.208333
7044,7.04400000e+03,-12.416667
7045,7.04500000e+03,-12.416667
7046,7.04600000e+03,-14.458333
7047,7.04700000e+03,-14.458333
7048,7.04800000e+03,-16.708333
7049,7.04900000e+03,-16.708333
7050,7.05000000e+03,-18.750000
7051,7.05100000e+03,-18.750000
7052,7.05200000e+03,-20.666667
7053,7.05300000e+03,-20.666667
7054,7.05400000e+03,-22.875000
7055,7.05500000e+03,-22.875000
7056,7.05600000e+03,-24.791667
7057,7.05700000e+03,-24.791667
7058,7.05800000e+03,-26.958333
7059,7.05900000e+03,-26.958333
7060,7.06000000e+03,-29.083333
7061,7.06100000e+03,-29.083333
7062,7.06200000e+03,-31.000000
7063,7.06300000e+03,-31.000000
7064,7.06400000e+03,-32.916667
7065,7.06500000e+03,-32.916667
7066,7.06600000e+03,-35.041667
7067,7.06700000e+03,-35.041667
7068,7.06800000e+03,-36.958333
7069,7.06900000e+03,-36.958333
7070,7.07000000e+03,-39.041667
7071,7.07100000e+03,-39.041667
7072,7.07200000e+03,-40.916667
7073,7.07300000e+03,-40.916667
7074,7.07400000e+03,-42.750000
7075,7.07500000e+03,-42.750000
7076,7.07600000e+03,-44.833333
7077,7.07700000e+03,-44.833333
7078,7.07800000e+03,-46.666667
7079,7.07900000e+03,-46.666667
7080,7.08000000e+03,-48.583333
7081,7.08100000e+03,-48.583333
7082,7.08200000e+03,-50.416667
7083,7.08300000e+03,-50.416667
7084,7.08400000e+03,-52.375000
7085,7.08500000e+03,-52.375000
7086,7.08600000e+03,-54.000000
7087,7.08700000e+03,-54.000000
7088,7.08800000e+03,-55.875000
7089,7.08900000e+03,-55.875000
7090,7.09000000e+03,-57.750000
7091,7.09100000e+03,-57.750000
7092,7.09200000e+03,-59.375000
7093,7.09300000e+03,-59.375000
7094,7.09400000e+03,-61.166667
7095,7.09500000e+03,-61.166667
7096,7.09600000e+03,-63.000000
7097,7.09700000e+03,-63.000000
7098,7.09800000e+03,-64.833333
7099,7.09900000e+03,-64.833333
7100,7.10000000e+03,-66.625000
7101,7.10100000e+03,-66.625000
7102,7.10200000e+03,-68.333333
7103,7.10300000e+03,-68.333333
7104,7.10400000e+03,-70.250000
7105,7.10500000e+03,-70.250000
7106,7.10600000e+03,-71.791667
7107,7.10700000e+03,-71.791667
7108,7.10800000e+03,-73.500000
7109,7.10900000e+03,-73.500000
7110,7.11000000e+03,-75.250000
7111,7.11100000e+03,-75.250000
7112,7.11200000e+03,-77.000000
7113,7.11300000e+03,-77.000000
7114,7.11400000e+03,-78.833333
7115,7.11500000e+03,-78.833333
7116,7.11600000e+03,-80.583333
7117,7.11700000e+03,-80.583333
7118,7.11800000e+03,-82.250000
7119,7.11900000e+03,-82.250000
7120,7.12000000e+03,-84.125000
7121,7.12100000e+03,-84.125000
7122,7.12200000e+03,-85.708333
7123,7.12300000e+03,-85.708333
7124,7.12400000e+03,-87.333333
7125,7.12500000e+03,-87.333333
7126,7.12600000e+03,-89.333333
7127,7.12700000e+03,-89.333333
7128,7.12800000e+03,-91.166667
7129,7.12900000e+03,-91.166667
7130,7.13000000e+03,-92.750000
7131,7.13100000e+03,-92.750000
7132,7.13200000e+03,-94.666667
7133,7.13300000e+03,-94.666667
7134,7.13400000e+03,-96.541667
7135,7.13500000e+03,-96.541667
7136,7.13600000e+03,-98.000000
7137,7.13700000e+03,-98.000000
7138,7.13800000e+03,-99.916667
7139,7.13900000e+03,-99.916667
7140,7.14000000e+03,-101.666667
7141,7.14100000e+03,-101.666667
7142,7.14200000e+03,-103.583333
7143,7.14300000e+03,-103.583333
7144,7.14400000e+03,-105.416667
7145,7.14500000e+03,-105.416667
7146,7.14600000e+03,-107.250000
7147,7.14700000e+03,-107.250000
7148,7.14800000e+03,-108.958333
7149,7.14900000e+03,-108.958333
7150,7.15000000e+03,-110.750000
7151,7.15100000e+03,-110.750000
7152,7.15200000e+03,-112.500000
7153,7.15300000e+03,-112.500000
7154,7.15400000e+03,-114.208333
7155,7.15500000e+03,-114.208333
7156,7.15600000e+03,-116.208333
7157,7.15700000e+03,-116.208333
7158,7.15800000e+03,-118.083333
7159,7.15900000e+03,-118.083333
7160,7.16000000e+03,-119.666667
7161,7.16100000e+03,-119.666667
7162,7.16200000e+03,-121.416667
7163,7.16300000e+03,-121.416667
7164,7.16400000e+03,-123.291667
7165,7.16500000e+03,-123.291667
7166,7.16600000e+03,-125.125000
7167,7.16700000e+03,-125.125000
7168,7.16800000e+03,-126.750000
7169,7.16900000e+03,-126.750000
7170,7.17000000e+03,-128.583333
7171,7.17100000e+03,-128.583333
7172,7.17200000e+03,-130.250000
7173,7.17300000e+03,-130.250000
7174,7.17400000e+03,-132.000000
7175,7.17500000e+03,-132.000000
7176,7.17600000e+03,-133.666667
7177,7.17700000e+03,-133.666667
7178,7.17800000e+03,-135.333333
7179,7.17900000e+03,-135.333333
7180,7.18000000e+03,-136.958333
7181,7.18100000e+03,-136.958333
7182,7.18200000e+03,-138.708333
7183,7.18300000e+03,-138.708333
7184,7.18400000e+03,-140.166667
7185,7.18500000e+03,-140.166667
7186,7.18600000e+03,-141.833333
7187,7.18700000e+03,-141.833333
7188,7.18800000e+03,-143.333333
7189,7.18900000e+03,-143.333333
7190,7.19000000e+03,-144.750000
7191,7.19100000e+03,-144.750000
7192,7.19200000e+03,-146.375000
7193,7.19300000e+03,-146.375000
7194,7.19400000e+03,-147.750000
7195,7.19500000e+03,-147.750000
7196,7.19600000e+03,-149.333333
7197,7.19700000e+03,-149.333333
7198,7.19800000e+03,-150.708333
7199,7.19900000e+03,-150.708333
7200,7.20000000e+03,-152.166667
7201,7.20100000e+03,-152.166667
7202,7.20200000e+03,-153.541667
7203,7.20300000e+03,-153.541667
7204,7.20400000e+03,-154.833333
7205,7.20500000e+03,-154.833333
7206,7.20600000e+03,-156.250000
7207,7.20700000e+03,-156.250000
7208,7.20800000e+03,-157.541667
7209,7.20900000e+03,-157.541667
7210,7.21000000e+03,-158.958333
7211,7.21100000e+03,-158.958333
7212,7.21200000e+03,-160.208333
7213,7.21300000e+03,-160.208333
7214,7.21400000e+03,-161.291667
7215,7.21500000e+03,-161.291667
7216,7.21600000e+03,-162.416667
7217,7.21700000e+03,-162.416667
7218,7.21800000e+03,-163.750000
7219,7.21900000e+03,-163.750000
7220,7.22000000e+03,-164.875000
7221,7.22100000e+03,-164.875000
7222,7.22200000e+03,-166.041667
7223,7.22300000e+03,-166.041667
7224,7.22400000e+03,-167.250000
7225,7.22500000e+03,-167.250000
7226,7.22600000e+03,-168.208333
7227,7.22700000e+03,-168.208333
7228,7.22800000e+03,-169.291667
7229,7.22900000e+03,-169.291667
7230,7.23000000e+03,-170.291667
7231,7.23100000e+03,-170.291667
7232,7.23200000e+03,-171.500000
7233,7.23300000e+03,-171.500000
7234,7.23400000e+03,-172.666667
7235,7.23500000e+03,-172.666667
7236,7.23600000e+03,-173.500000
7237,7.23700000e+03,-173.500000
7238,7.23800000e+03,-174.666667
7239,7.23900000e+03,-174.666667
7240,7.24000000e+03,-175.583333
7241,7.24100000e+03,-175.583333
7242,7.24200000e+03,-176.375000
7243,7.24300000e+03,-176.375000
7244,7.24400000e+03,-177.708333
7245,7.24500000e+03,-177.708333
7246,7.24600000e+03,-178.416667
7247,7.24700000e+03,-178.416667
7248,7.24800000e+03,-179.500000
7249,7.24900000e+03,-179.500000
7250,7.25000000e+03,-180.541667
7251,7.25100000e+03,-180.541667
7252,7.25200000e+03,-181.583333
7253,7.25300000e+03,-181.583333
7254,7.25400000e+03,-182.500000
7255,7.25500000e+03,-182.500000
7256,7.25600000e+03,-183.458333
7257,7.25700000e+03,-183.458333
7258,7.25800000e+03,-184.416667
7259,7.25900000e+03,-184.416667
7260,7.26000000e+03,-185.541667
7261,7.26100000e+03,-185.541667
7262,7.26200000e+03,-186.541667
7263,7.26300000e+03,-186.541667
7264,7.26400000e+03,-187.583333
7265,7.26500000e+03,-187.583333
7266,7.26600000e+03,-188.583333
7267,7.26700000e+03,-188.583333
7268,7.26800000e+03,-189.541667
7269,7.26900000e+03,-189.541667
7270,7.27000000e+03,-190.541667
7271,7.27100000e+03,-190.541667
7272,7.27200000e+03,-191.708333
7273,7.27300000e+03,-191.708333
7274,7.27400000e+03,-192.500000
7275,7.27500000e+03,-192.500000
7276,7.27600000e+03,-193.458333
7277,7.27700000e+03,-193.458333
7278,7.27800000e+03,-194.625000
7279,7.27900000e+03,-194.625000
7280,7.28000000e+03,-195.666667
7281,7.28100000e+03,-195.666667
7282,7.28200000e+03,-196.583333
7283,7.28300000e+03,-196.583333
7284,7.28400000e+03,-198.000000
7285,7.28500000e+03,-198.000000
7286,7.28600000e+03,-198.875000
7287,7.28700000e+03,-198.875000
7288,7.28800000e+03,-199.916667
7289,7.28900000e+03,-199.916667
7290,7.29000000e+03,-200.916667
7291,7.29100000e+03,-200.916667
7292,7.29200000e+03,-202.166667
7293,7.29300000e+03,-202.166667
7294,7.29400000e+03,-203.166667
7295,7.29500000e+03,-203.166667
7296,7.29600000e+03,-204.125000
7297,7.29700000e+03,-204.125000
7298,7.29800000e+03,-205.375000
7299,7.29900000e+03,-205.375000
7300,7.30000000e+03,-206.208333
7301,7.30100000e+03,-206.208333
7302,7.30200000e+03,-207.458333
7303,7.30300000e+03,-207.458333
7304,7.30400000e+03,-208.500000
7305,7.30500000e+03,-208.500000
7306,7.30600000e+03,-209.583333
7307,7.30700000e+03,-209.583333
7308,7.30800000e+03,-210.791667
7309,7.30900000e+03,-210.791667
7310,7.31000000e+03,-211.541667
7311,7.31100000e+03,-211.541667
7312,7.31200000e+03,-212.583333
7313,7.31300000e+03,-212.583333
7314,7.31400000e+03,-213.708333
7315,7.31500000e+03,-213.708333
7316,7.31600000e+03,-214.625000
7317,7.31700000e+03,-214.625000
7318,7.31800000e+03,-215.625000
7319,7.31900000e+03,-215.625000
7320,7.32000000e+03,-216.541667
7321,7.32100000e+03,-216.541667
7322,7.32200000e+03,-217.541667
7323,7.32300000e+03,-217.541667
7324,7.32400000e+03,-218.375000
7325,7.32500000e+03,-218.375000
7326,7.32600000e+03,-219.250000
7327,7.32700000e+03,-219.250000
7328,7.32800000e+03,-220.291667
7329,7.32900000e+03,-220.291667
7330,7.33000000e+03,-221.041667
7331,7.33100000e+03,-221.041667
7332,7.33200000e+03,-221.791667
7333,7.33300000e+03,-221.791667
7334,7.33400000e+03,-222.625000
7335,7.33500000e+03,-222.625000
7336,7.33600000e+03,-223.416667
7337,7.33700000e+03,-223.416667
7338,7.33800000e+03,-224.041667
7339,7.33900000e+03,-224.041667
7340,7.34000000e+03,-224.750000
7341,7.34100000e+03,-224.750000
7342,7.34200000e+03,-225.416667
7343,7.34300000e+03,-225.416667
7344,7.34400000e+03,-226.041667
7345,7.34500000e+03,-226.041667
7346,7.34600000e+03,-226.583333
7347,7.34700000e+03,-226.583333
7348,7.34800000e+03,-227.375000
7349,7.34900000e+03,-227.375000
7350,7.35000000e+03,-227.875000
7351,7.35100000e+03,-227.875000
7352,7.35200000e+03,-228.500000
7353,7.35300000e+03,-228.500000
7354,7.35400000e+03,-229.000000
7355,7.35500000e+03,-229.000000
7356,7.35600000e+03,-229.541667
7357,7.35700000e+03,-229.541667
7358,7.35800000e+03,-229.958333
7359,7.35900000e+03,-229.958333
7360,7.36000000e+03,-230.333333
7361,7.36100000e+03,-230.333333
7362,7.36200000e+03,-230.791667
7363,7.36300000e+03,-230.791667
7364,7.36400000e+03,-231.125000
7365,7.36500000e+03,-231.125000
7366,7.36600000e+03,-231.375000
7367,7.36700000e+03,-231.375000
7368,7.36800000e+03,-231.791667
7369,7.36900000e+03,-231.791667
7370,7.37000000e+03,-232.125000
7371,7.37100000e+03,-232.125000
7372,7.37200000e+03,-232.333333
7373,7.37300000e+03,-232.333333
7374,7.37400000e+03,-232.541667
7375,7.37500000e+03,-232.541667
7376,7.37600000e+03,-232.958333
7377,7.37700000e+03,-232.958333
7378,7.37800000e+03,-233.041667
7379,7.37900000e+03,-233.041667
7380,7.38000000e+03,-233.208333
7381,7.38100000e+03,-233.208333
7382,7.38200000e+03,-233.458333
7383,7.38300000e+03,-233.458333
7384,7.38400000e+03,-233.625000
7385,7.38500000e+03,-233.625000
7386,7.38600000e+03,-233.791667
7387,7.38700000e+03,-233.791667
7388,7.38800000e+03,-233.875000
7389,7.38900000e+03,-233.875000
7390,7.39000000e+03,-234.041667
7391,7.39100000e+03,-234.041667
7392,7.39200000e+03,-234.166667
7393,7.39300000e+03,-234.166667
7394,7.39400000e+03,-234.208333
7395,7.39500000e+03,-234.208333
7396,7.39600000e+03,-234.083333
7397,7.39700000e+03,-234.083333
7398,7.39800000e+03,-234.291667
7399,7.39900000e+03,-234.291667
7400,7.40000000e+03,-234.166667
7401,7.40100000e+03,-234.166667
7402,7.40200000e+03,-234.291667
7403,7.40300000e+03,-234.291667
7404,7.40400000e+03,-234.166667
7405,7.40500000e+03,-234.166667
7406,7.40600000e+03,-234.208333
7407,7.40700000e+03,-234.208333
7408,7.40800000e+03,-234.125000
7409,7.40900000e+03,-234.125000
7410,7.41000000e+03,-234.291667
7411,7.41100000e+03,-234.291667
7412,7.41200000e+03,-234.166667
7413,7.41300000e+03,-234.166667
7414,7.41400000e+03,-234.083333
7415,7.41500000e+03,-234.083333
7416,7.41600000e+03,-233.875000
7417,7.41700000e+03,-233.875000
7418,7.41800000e+03,-233.958333
7419,7.41900000e+03,-233.958333
7420,7.42000000e+03,-233.875000
7421,7.42100000e+03,-233.875000
7422,7.42200000e+03,-233.791667
7423,7.42300000e+03,-233.791667
7424,7.42400000e+03,-233.625000
7425,7.42500000e+03,-233.625000
7426,7.42600000e+03,-233.458333
7427,7.42700000e+03,-233.458333
7428,7.42800000e+03,-233.125000
7429,7.42900000e+03,-233.125000
7430,7.43000000e+03,-233.208333
7431,7.43100000e+03,-233.208333
7432,7.43200000e+03,-232.958333
7433,7.43300000e+03,-232.958333
7434,7.43400000e+03,-232.750000
7435,7.43500000e+03,-232.750000
7436,7.43600000e+03,-232.416667
7437,7.43700000e+03,-232.416667
7438,7.43800000e+03,-232.208333
7439,7.43900000e+03,-232.208333
7440,7.44000000e+03,-231.958333
7441,7.44100000e+03,-231.958333
7442,7.44200000e+03,-231.625000
7443,7.44300000e+03,-231.625000
7444,7.44400000e+03,-231.458333
7445,7.44500000e+03,-231.458333
7446,7.44600000e+03,-230.916667
7447,7.44700000e+03,-230.916667
7448,7.44800000e+03,-230.791667
7449,7.44900000e+03,-230.791667
7450,7.45000000e+03,-230.416667
7451,7.45100000e+03,-230.416667
7452,7.45200000e+03,-230.000000
7453,7.45300000e+03,-230.000000
7454,7.45400000e+03,-229.625000
7455,7.45500000e+03,-229.625000
7456,7.45600000e+03,-229.125000
7457,7.45700000e+03,-229.125000
7458,7.45800000e+03,-228.708333
7459,7.45900000e+03,-228.708333
7460,7.46000000e+03,-228.291667
7461,7.46100000e+03,-228.291667
7462,7.46200000e+03,-227.750000
7463,7.46300000e+03,-227.750000
7464,7.46400000e+03,-227.000000
7465,7.46500000e+03,-227.000000
7466,7.46600000e+03,-226.666667
7467,7.46700000e+03,-226.666667
7468,7.46800000e+03,-226.041667
7469,7.46900000e+03,-226.041667
7470,7.47000000e+03,-225.375000
7471,7.47100000e+03,-225.375000
7472,7.47200000e+03,-224.791667
7473,7.47300000e+03,-224.791667
7474,7.47400000e+03,-224.166667
7475,7.47500000e+03,-224.166667
7476,7.47600000e+03,-223.500000
7477,7.47700000e+03,-223.500000
7478,7.47800000e+03,-222.833333
7479,7.47900000e+03,-222.833333
7480,7.48000000e+03,-222.000000
7481,7.48100000e+03,-222.000000
7482,7.48200000e+03,-221.125000
7483,7.48300000e+03,-221.125000
7484,7.48400000e+03,-220.250000
7485,7.48500000e+03,-220.250000
7486,7.48600000e+03,-219.583333
7487,7.48700000e+03,-219.583333
7488,7.48800000e+03,-218.791667
7489,7.48900000e+03,-218.791667
7490,7.49000000e+03,-217.833333
7491,7.49100000e+03,-217.833333
7492,7.49200000e+03,-216.791667
7493,7.49300000e+03,-216.791667
7494,7.49400000e+03,-215.750000
7495,7.49500000e+03,-215.750000
7496,7.49600000e+03,-215.083333
7497,7.49700000e+03,-215.083333
7498,7.49800000e+03,-214.291667
7499,7.49900000e+03,-214.291667
7500,7.50000000e+03,-213.125000
7501,7.50100000e+03,-213.125000
7502,7.50200000e+03,-212.000000
7503,7.50300000e+03,-212.000000
7504,7.50400000e+03,-211.083333
7505,7.50500000e+03,-211.083333
7506,7.50600000e+03,-210.041667
7507,7.50700000e+03,-210.041667
7508,7.50800000e+03,-208.916667
7509,7.50900000e+03,-208.916667
7510,7.51000000e+03,-207.958333
7511,7.51100000e+03,-207.958333
7512,7.51200000e+03,-206.666667
7513,7.51300000e+03,-206.666667
7514,7.51400000e+03,-205.666667
7515,7.51500000e+03,-205.666667
7516,7.51600000e+03,-204.625000
7517,7.51700000e+03,-204.625000
7518,7.51800000e+03,-203.416667
7519,7.51900000e+03,-203.416667
7520,7.52000000e+03,-202.458333
7521,7.52100000e+03,-202.458333
7522,7.52200000e+03,-201.291667
7523,7.52300000e+03,-201.291667
7524,7.52400000e+03,-200.250000
7525,7.52500000e+03,-200.250000
7526,7.52600000e+03,-199.125000
7527,7.52700000e+03,-199.125000
7528,7.52800000e+03,-198.125000
7529,7.52900000e+03,-198.125000
7530,7.53000000e+03,-196.833333
7531,7.53100000e+03,-196.833333
7532,7.53200000e+03,-195.875000
7533,7.53300000e+03,-195.875000
7534,7.53400000e+03,-194.708333
7535,7.53500000e+03,-194.708333
7536,7.53600000e+03,-193.625000
7537,7.53700000e+03,-193.625000
7538,7.53800000e+03,-192.458333
7539,7.53900000e+03,-192.458333
7540,7.54000000e+03,-191.500000
7541,7.54100000e+03,-191.500000
7542,7.54200000e+03,-190.375000
7543,7.54300000e+03,-190.375000
7544,7.54400000e+03,-189.375000
7545,7.54500000e+03,-189.375000
7546,7.54600000e+03,-188.500000
7547,7.54700000e+03,-188.500000
7548,7.54800000e+03,-187.250000
7549,7.54900000e+03,-187.250000
7550,7.55000000e+03,-186.208333
7551,7.55100000e+03,-186.208333
7552,7.55200000e+03,-185.208333
7553,7.55300000e+03,-185.208333
7554,7.55400000e+03,-184.125000
7555,7.55500000e+03,-184.125000
7556,7.55600000e+03,-183.083333
7557,7.55700000e+03,-183.083333
7558,7.55800000e+03,-182.166667
7559,7.55900000e+03,-182.166667
7560,7.56000000e+03,-181.125000
7561,7.56100000e+03,-181.125000
7562,7.56200000e+03,-180.083333
7563,7.56300000e+03,-180.083333
7564,7.56400000e+03,-179.208333
7565,7.56500000e+03,-179.208333
7566,7.56600000e+03,-178.125000
7567,7.56700000e+03,-178.125000
7568,7.56800000e+03,-177.000000
7569,7.56900000e+03,-177.000000
7570,7.57000000e+03,-176.125000
7571,7.57100000e+03,-176.125000
7572,7.57200000e+03,-174.916667
7573,7.57300000e+03,-174.916667
7574,7.57400000e+03,-174.083333
7575,7.57500000e+03,-174.083333
7576,7.57600000e+03,-173.000000
7577,7.57700000e+03,-173.000000
7578,7.57800000e+03,-171.916667
7579,7.57900000e+03,-171.916667
7580,7.58000000e+03,-170.875000
7581,7.58100000e+03,-170.875000
7582,7.58200000e+03,-169.958333
7583,7.58300000e+03,-169.958333
7584,7.58400000e+03,-168.833333
7585,7.58500000e+03,-168.833333
7586,7.58600000e+03,-167.791667
7587,7.58700000e+03,-167.791667
7588,7.58800000e+03,-166.666667
7589,7.58900000e+03,-166.666667
7590,7.59000000e+03,-165.625000
7591,7.59100000e+03,-165.625000
7592,7.59200000e+03,-164.500000
7593,7.59300000e+03,-164.500000
7594,7.59400000e+03,-163.375000
7595,7.59500000e+03,-163.375000
7596,7.59600000e+03,-162.291667
7597,7.59700000e+03,-162.291667
7598,7.59800000e+03,-161.041667
7599,7.59900000e+03,-161.041667
7600,7.60000000e+03,-159.833333
7601,7.60100000e+03,-159.833333
7602,7.60200000e+03,-158.625000
7603,7.60300000e+03,-158.625000
7604,7.60400000e+03,-157.375000
7605,7.60500000e+03,-157.375000
7606,7.60600000e+03,-156.166667
7607,7.60700000e+03,-156.166667
7608,7.60800000e+03,-154.708333
7609,7.60900000e+03,-154.708333
7610,7.61000000e+03,-153.416667
7611,7.61100000e+03,-153.416667
7612,7.61200000e+03,-152.125000
7613,7.61300000e+03,-152.125000
7614,7.61400000e+03,-150.583333
7615,7.61500000e+03,-150.583333
7616,7.61600000e+03,-149.250000
7617,7.61700000e+03,-149.250000
7618,7.61800000e+03,-147.875000
7619,7.61900000e+03,-147.875000
7620,7.62000000e+03,-146.250000
7621,7.62100000e+03,-146.250000
7622,7.62200000e+03,-144.791667
7623,7.62300000e+03,-144.791667
7624,7.62400000e+03,-143.375000
7625,7.62500000e+03,-143.375000
7626,7.62600000e+03,-141.875000
7627,7.62700000e+03,-141.875000
7628,7.62800000e+03,-140.125000
7629,7.62900000e+03,-140.125000
7630,7.63000000e+03,-138.750000
7631,7.63100000e+03,-138.750000
7632,7.63200000e+03,-136.750000
7633,7.63300000e+03,-136.750000
7634,7.63400000e+03,-135.500000
7635,7.63500000e+03,-135.500000
7636,7.63600000e+03,-133.583333
7637,7.63700000e+03,-133.583333
7638,7.63800000e+03,-132.000000
7639,7.63900000e+03,-132.000000
7640,7.64000000e+03,-130.041667
7641,7.64100000e+03,-130.041667
7642,7.64200000e+03,-128.583333
7643,7.64300000e+03,-128.583333
7644,7.64400000e+03,-126.750000
7645,7.64500000e+03,-126.750000
7646,7.64600000e+03,-124.875000
7647,7.64700000e+03,-124.875000
7648,7.64800000e+03,-123.208333
7649,7.64900000e+03,-123.208333
7650,7.65000000e+03,-121.416667
7651,7.65100000e+03,-121.416667
7652,7.65200000e+03,-119.666667
7653,7.65300000e+03,-119.666667
7654,7.65400000e+03,-117.708333
7655,7.65500000e+03,-117.708333
7656,7.65600000e+03,-115.916667
7657,7.65700000e+03,-115.916667
7658,7.65800000e+03,-114.208333
7659,7.65900000e+03,-114.208333
7660,7.66000000e+03,-112.291667
7661,7.66100000e+03,-112.291667
7662,7.66200000e+03,-110.541667
7663,7.66300000e+03,-110.541667
7664,7.66400000e+03,-108.583333
7665,7.66500000e+03,-108.583333
7666,7.66600000e+03,-106.833333
7667,7.66700000e+03,-106.833333
7668,7.66800000e+03,-104.958333
7669,7.66900000e+03,-104.958333
7670,7.67000000e+03,-103.250000
7671,7.67100000e+03,-103.250000
7672,7.67200000e+03,-101.458333
7673,7.67300000e+03,-101.458333
7674,7.67400000e+03,-99.583333
7675,7.67500000e+03,-99.583333
7676,7.67600000e+03,-97.791667
7677,7.67700000e+03,-97.791667
7678,7.67800000e+03,-95.958333
7679,7.67900000e+03,-95.958333
7680,7.68000000e+03,-94.208333
7681,7.68100000e+03,-94.208333
7682,7.68200000e+03,-92.250000
7683,7.68300000e+03,-92.250000
7684,7.68400000e+03,-90.458333
7685,7.68500000e+03,-90.458333
7686,7.68600000e+03,-88.666667
7687,7.68700000e+03,-88.666667
7688,7.68800000e+03,-86.916667
7689,7.68900000e+03,-86.916667
7690,7.69000000e+03,-85.083333
7691,7.69100000e+03,-85.083333
7692,7.69200000e+03,-83.458333
7693,7.69300000e+03,-83.458333
7694,7.69400000e+03,-81.458333
7695,7.69500000e+03,-81.458333
7696,7.69600000e+03,-79.666667
7697,7.69700000e+03,-79.666667
7698,7.69800000e+03,-78.083333
7699,7.69900000e+03,-78.083333
7700,7.70000000e+03,-76.250000
7701,7.70100000e+03,-76.250000
7702,7.70200000e+03,-74.500000
7703,7.70300000e+03,-74.500000
7704,7.70400000e+03,-72.791667
7705,7.70500000e+03,-72.791667
7706,7.70600000e+03,-70.916667
7707,7.70700000e+03,-70.916667
7708,7.70800000e+03,-69.208333
7709,7.70900000e+03,-69.208333
7710,7.71000000e+03,-67.625000
7711,7.71100000e+03,-67.625000
7712,7.71200000e+03,-65.791667
7713,7.71300000e+03,-65.791667
7714,7.71400000e+03,-63.958333
7715,7.71500000e+03,-63.958333
7716,7.71600000e+03,-62.458333
7717,7.71700000e+03,-62.458333
7718,7.71800000e+03,-60.333333
7719,7.71900000e+03,-60.333333
7720,7.72000000e+03,-58.791667
7721,7.72100000e+03,-58.791667
7722,7.72200000e+03,-57.083333
7723,7.72300000e+03,-57.083333
7724,7.72400000e+03,-55.208333
7725,7.72500000e+03,-55.208333
7726,7.72600000e+03,-53.375000
7727,7.72700000e+03,-53.375000
7728,7.72800000e+03,-51.500000
7729,7.72900000e+03,-51.500000
7730,7.73000000e+03,-49.791667
7731,7.73100000e+03,-49.791667
7732,7.73200000e+03,-47.833333
7733,7.73300000e+03,-47.833333
7734,7.73400000e+03,-45.958333
7735,7.73500000e+03,-45.958333
7736,7.73600000e+03,-44.083333
7737,7.73700000e+03,-44.083333
7738,7.73800000e+03,-42.333333
7739,7.73900000e+03,-42.333333
7740,7.74000000e+03,-40.333333
7741,7.74100000e+03,-40.333333
7742,7.74200000e+03,-38.333333
7743,7.74300000e+03,-38.333333
7744,7.74400000e+03,-36.541667
7745,7.74500000e+03,-36.541667
7746,7.74600000e+03,-34.500000
7747,7.74700000e+03,-34.500000
7748,7.74800000e+03,-32.375000
7749,7.74900000e+03,-32.375000
7750,7.75000000e+03,-30.458333
7751,7.75100000e+03,-30.458333
7752,7.75200000e+03,-28.416667
7753,7.75300000e+03,-28.416667
7754,7.75400000e+03,-26.541667
7755,7.75500000e+03,-26.541667
7756,7.75600000e+03,-24.541667
7757,7.75700000e+03,-24.541667
7758,7.75800000e+03,-22.500000
7759,7.75900000e+03,-22.500000
7760,7.76000000e+03,-20.250000
7761,7.76100000e+03,-20.250000
7762,7.76200000e+03,-18.250000
7763,7.76300000e+03,-18.250000
7764,7.76400000e+03,-16.208333
7765,7.76500000e+03,-16.208333
7766,7.76600000e+03,-14.041667
7767,7.76700000e+03,-14.041667
7768,7.76800000e+03,-11.833333
7769,7.76900000e+03,-11.833333
7770,7.77000000e+03,-9.875000
7771,7.77100000e+03,-9.875000
7772,7.77200000e+03,-7.833333
7773,7.77300000e+03,-7.833333
7774,7.77400000e+03,-5.666667
7775,7.77500000e+03,-5.666667
7776,7.77600000e+03,-3.416667
7777,7.77700000e+03,-3.416667
7778,7.77800000e+03,-1.291667
7779,7.77900000e+03,-1.291667
7780,7.78000000e+03,0.708333
7781,7.78100000e+03,0.708333
7782,7.78200000e+03,2.875000
7783,7.78300000e+03,2.875000
7784,7.78400000e+03,5.083333
7785,7.78500000e+03,5.083333
7786,7.78600000e+03,7.208333
7787,7.78700000e+03,7.208333
7788,7.78800000e+03,9.333333
7789,7.78900000e+03,9.333333
7790,7.79000000e+03,11.625000
7791,7.79100000e+03,11.625000
7792,7.79200000e+03,13.625000
7793,7.79300000e+03,13.625000
7794,7.79400000e+03,15.708333
7795,7.79500000e+03,15.708333
7796,7.79600000e+03,17.791667
7797,7.79700000e+03,17.791667
7798,7.79800000e+03,20.000000
7799,7.79900000e+03,20.000000
7800,7.80000000e+03,21.916667
7801,7.80100000e+03,21.916667
7802,7.80200000e+03,23.916667
7803,7.80300000e+03,23.916667
7804,7.80400000e+03,26.166667
7805,7.80500000e+03,26.166667
7806,7.80600000e+03,28.166667
7807,7.80700000e+03,28.166667
7808,7.80800000e+03,30.291667
7809,7.80900000e+03,30.291667
7810,7.81000000e+03,32.208333
7811,7.81100000e+03,32.208333
7812,7.81200000e+03,34.250000
7813,7.81300000e+03,34.250000
7814,7.81400000e+03,36.208333
7815,7.81500000e+03,36.208333
7816,7.81600000e+03,38.250000
7817,7.81700000e+03,38.250000
7818,7.81800000e+03,40.333333
7819,7.81900000e+03,40.333333
7820,7.82000000e+03,42.291667
7821,7.82100000e+03,42.291667
7822,7.82200000e+03,44.041667
7823,7.82300000e+03,44.041667
7824,7.82400000e+03,46.125000
7825,7.82500000e+03,46.125000
7826,7.82600000e+03,47.916667
7827,7.82700000e+03,47.916667
7828,7.82800000e+03,49.666667
7829,7.82900000e+03,49.666667
7830,7.83000000e+03,51.583333
7831,7.83100000e+03,51.583333
7832,7.83200000e+03,53.458333
7833,7.83300000e+03,53.458333
7834,7.83400000e+03,55.166667
7835,7.83500000e+03,55.166667
7836,7.83600000e+03,56.875000
7837,7.83700000e+03,56.875000
7838,7.83800000e+03,58.833333
7839,7.83900000e+03,58.833333
7840,7.84000000e+03,60.583333
7841,7.84100000e+03,60.583333
7842,7.84200000e+03,62.583333
7843,7.84300000e+03,62.583333
7844,7.84400000e+03,64.166667
7845,7.84500000e+03,64.166667
7846,7.84600000e+03,66.125000
7847,7.84700000e+03,66.125000
7848,7.84800000e+03,67.541667
7849,7.84900000e+03,67.541667
7850,7.85000000e+03,69.375000
7851,7.85100000e+03,69.375000
7852,7.85200000e+03,71.333333
7853,7.85300000e+03,71.333333
7854,7.85400000e+03,72.875000
7855,7.85500000e+03,72.875000
7856,7.85600000e+03,74.625000
7857,7.85700000e+03,74.625000
7858,7.85800000e+03,76.458333
7859,7.85900000e+03,76.458333
7860,7.86000000e+03,78.083333
7861,7.86100000e+03,78.083333
7862,7.86200000e+03,79.833333
7863,7.86300000e+03,79.833333
7864,7.86400000e+03,81.625000
7865,7.86500000e+03,81.625000
7866,7.86600000e+03,83.416667
7867,7.86700000e+03,83.416667
7868,7.86800000e+03,85.125000
7869,7.86900000e+03,85.125000
7870,7.87000000e+03,86.875000
7871,7.87100000e+03,86.875000
7872,7.87200000e+03,88.750000
7873,7.87300000e+03,88.750000
7874,7.87400000e+03,90.458333
7875,7.87500000e+03,90.458333
7876,7.87600000e+03,92.166667
7877,7.87700000e+03,92.166667
7878,7.87800000e+03,93.875000
7879,7.87900000e+03,93.875000
7880,7.88000000e+03,95.666667
7881,7.88100000e+03,95.666667
7882,7.88200000e+03,97.375000
7883,7.88300000e+03,97.375000
7884,7.88400000e+03,99.291667
7885,7.88500000e+03,99.291667
7886,7.88600000e+03,101.208333
7887,7.88700000e+03,101.208333
7888,7.88800000e+03,102.916667
7889,7.88900000e+03,102.916667
7890,7.89000000e+03,104.833333
7891,7.89100000e+03,104.833333
7892,7.89200000e+03,106.500000
7893,7.89300000e+03,106.500000
7894,7.89400000e+03,108.333333
7895,7.89500000e+03,108.333333
7896,7.89600000e+03,110.250000
7897,7.89700000e+03,110.250000
7898,7.89800000e+03,112.000000
7899,7.89900000e+03,112.000000
7900,7.90000000e+03,113.708333
7901,7.90100000e+03,113.708333
7902,7.90200000e+03,115.500000
7903,7.90300000e+03,115.500000
7904,7.90400000e+03,117.250000
7905,7.90500000e+03,117.250000
7906,7.90600000e+03,118.958333
7907,7.90700000e+03,118.958333
7908,7.90800000e+03,120.916667
7909,7.90900000e+03,120.916667
7910,7.91000000e+03,122.750000
7911,7.91100000e+03,122.750000
7912,7.91200000e+03,124.458333
7913,7.91300000e+03,124.458333
7914,7.91400000e+03,126.125000
7915,7.91500000e+03,126.125000
7916,7.91600000e+03,127.916667
7917,7.91700000e+03,127.916667
7918,7.91800000e+03,129.583333
7919,7.91900000e+03,129.583333
7920,7.92000000e+03,131.333333
7921,7.92100000e+03,131.333333
7922,7.92200000e+03,133.250000
7923,7.92300000e+03,133.250000
7924,7.92400000e+03,134.708333
7925,7.92500000e+03,134.708333
7926,7.92600000e+03,136.583333
7927,7.92700000e+03,136.583333
7928,7.92800000e+03,138.000000
7929,7.92900000e+03,138.000000
7930,7.93000000e+03,139.583333
7931,7.93100000e+03,139.583333
7932,7.93200000e+03,141.291667
7933,7.93300000e+03,141.291667
7934,7.93400000e+03,142.875000
7935,7.93500000e+03,142.875000
7936,7.93600000e+03,144.291667
7937,7.93700000e+03,144.291667
7938,7.93800000e+03,146.083333
7939,7.93900000e+03,146.083333
7940,7.94000000e+03,147.500000
7941,7.94100000e+03,147.500000
7942,7.94200000e+03,148.875000
7943,7.94300000e+03,148.875000
7944,7.94400000e+03,150.250000
7945,7.94500000e+03,150.250000
7946,7.94600000e+03,151.750000
7947,7.94700000e+03,151.750000
7948,7.94800000e+03,153.166667
7949,7.94900000e+03,153.166667
7950,7.95000000e+03,154.416667
7951,7.95100000e+03,154.416667
7952,7.95200000e+03,155.833333
7953,7.95300000e+03,155.833333
7954,7.95400000e+03,157.208333
7955,7.95500000e+03,157.208333
7956,7.95600000e+03,158.458333
7957,7.95700000e+03,158.458333
7958,7.95800000e+03,159.750000
7959,7.95900000e+03,159.750000
7960,7.96000000e+03,160.875000
7961,7.96100000e+03,160.875000
7962,7.96200000e+03,162.291667
7963,7.96300000e+03,162.291667
7964,7.96400000e+03,163.291667
7965,7.96500000e+03,163.291667
7966,7.96600000e+03,164.541667
7967,7.96700000e+03,164.541667
7968,7.96800000e+03,165.750000
7969,7.96900000e+03,165.750000
7970,7.97000000e+03,166.875000
7971,7.97100000e+03,166.875000
7972,7.97200000e+03,168.083333
7973,7.97300000e+03,168.083333
7974,7.97400000e+03,169.083333
7975,7.97500000e+03,169.083333
7976,7.97600000e+03,170.125000
7977,7.97700000e+03,170.125000
7978,7.97800000e+03,171.250000
7979,7.97900000e+03,171.250000
7980,7.98000000e+03,172.291667
7981,7.98100000e+03,172.291667
7982,7.98200000e+03,173.291667
7983,7.98300000e+03,173.291667
7984,7.98400000e+03,174.375000
7985,7.98500000e+03,174.375000
7986,7.98600000e+03,175.500000
7987,7.98700000e+03,175.500000
7988,7.98800000e+03,176.375000
7989,7.98900000e+03,176.375000
7990,7.99000000e+03,177.291667
7991,7.99100000e+03,177.291667
7992,7.99200000e+03,178.416667
7993,7.99300000e+03,178.416667
7994,7.99400000e+03,179.333333
7995,7.99500000e+03,179.333333
7996,7.99600000e+03,180.458333
7997,7.99700000e+03,180.458333
7998,7.99800000e+03,181.375000
7999,7.99900000e+03,181.375000
8000,8.00000000e+03,182.375000
8001,8.00100000e+03,182.375000
8002,8.00200000e+03,183.333333
8003,8.00300000e+03,183.333333
8004,8.00400000e+03,184.333333
8005,8.00500000e+03,184.333333
8006,8.00600000e+03,185.291667
8007,8.00700000e+03,185.291667
8008,8.00800000e+03,186.375000
8009,8.00900000e+03,186.375000
8010,8.01000000e+03,187.333333
8011,8.01100000e+03,187.333333
8012,8.01200000e+03,188.208333
8013,8.01300000e+03,188.208333
8014,8.01400000e+03,189.375000
8015,8.01500000e+03,189.375000
8016,8.01600000e+03,190.375000
8017,8.01700000e+03,190.375000
8018,8.01800000e+03,191.375000
8019,8.01900000e+03,191.375000
8020,8.02000000e+03,192.416667
8021,8.02100000e+03,192.416667
8022,8.02200000e+03,193.458333
8023,8.02300000e+03,193.458333
8024,8.02400000e+03,194.375000
8025,8.02500000e+03,194.375000
8026,8.02600000e+03,195.500000
8027,8.02700000e+03,195.500000
8028,8.02800000e+03,196.583333
8029,8.02900000e+03,196.583333
8030,8.03000000e+03,197.625000
8031,8.03100000e+03,197.625000
8032,8.03200000e+03,198.625000
8033,8.03300000e+03,198.625000
8034,8.03400000e+03,199.708333
8035,8.03500000e+03,199.708333
8036,8.03600000e+03,200.958333
8037,8.03700000e+03,200.958333
8038,8.03800000e+03,202.000000
8039,8.03900000e+03,202.000000
8040,8.04000000e+03,202.791667
8041,8.04100000e+03,202.791667
8042,8.04200000e+03,204.041667
8043,8.04300000e+03,204.041667
8044,8.04400000e+03,204.958333
8045,8.04500000e+03,204.958333
8046,8.04600000e+03,206.208333
8047,8.04700000e+03,206.208333
8048,8.04800000e+03,207.166667
8049,8.04900000e+03,207.166667
8050,8.05000000e+03,208.291667
8051,8.05100000e+03,208.291667
8052,8.05200000e+03,209.375000
8053,8.05300000e+03,209.375000
8054,8.05400000e+03,210.583333
8055,8.05500000e+03,210.583333
8056,8.05600000e+03,211.458333
8057,8.05700000e+03,211.458333
8058,8.05800000e+03,212.583333
8059,8.05900000e+03,212.583333
8060,8.06000000e+03,213.583333
8061,8.06100000e+03,213.583333
8062,8.06200000e+03,214.583333
8063,8.06300000e+03,214.583333
8064,8.06400000e+03,215.583333
8065,8.06500000e+03,215.583333
8066,8.06600000e+03,216.541667
8067,8.06700000e+03,216.541667
8068,8.06800000e+03,217.333333
8069,8.06900000e+03,217.333333
8070,8.07000000e+03,218.416667
8071,8.07100000e+03,218.416667
8072,8.07200000e+03,219.250000
8073,8.07300000e+03,219.250000
8074,8.07400000e+03,220.208333
8075,8.07500000e+03,220.208333
8076,8.07600000e+03,220.958333
8077,8.07700000e+03,220.958333
8078,8.07800000e+03,221.916667
8079,8.07900000e+03,221.916667
8080,8.08000000e+03,222.583333
8081,8.08100000e+03,222.583333
8082,8.08200000e+03,223.416667
8083,8.08300000e+03,223.416667
8084,8.08400000e+03,224.041667
8085,8.08500000e+03,224.041667
8086,8.08600000e+03,224.750000
8087,8.08700000e+03,224.750000
8088,8.08800000e+03,225.583333
8089,8.08900000e+03,225.583333
8090,8.09000000e+03,226.291667
8091,8.09100000e+03,226.291667
8092,8.09200000e+03,226.958333
8093,8.09300000e+03,226.958333
8094,8.09400000e+03,227.375000
8095,8.09500000e+03,227.375000
8096,8.09600000e+03,228.041667
8097,8.09700000e+03,228.041667
8098,8.09800000e+03,228.583333
8099,8.09900000e+03,228.583333
8100,8.10000000e+03,228.958333
8101,8.10100000e+03,228.958333
8102,8.10200000e+03,229.500000
8103,8.10300000e+03,229.500000
8104,8.10400000e+03,229.958333
8105,8.10500000e+03,229.958333
8106,8.10600000e+03,230.500000
8107,8.10700000e+03,230.500000
8108,8.10800000e+03,230.833333
8109,8.10900000e+03,230.833333
8110,8.11000000e+03,231.333333
8111,8.11100000e+03,231.333333
8112,8.11200000e+03,231.541667
8113,8.11300000e+03,231.541667
8114,8.11400000e+03,232.041667
8115,8.11500000e+03,232.041667
8116,8.11600000e+03,232.375000
8117,8.11700000e+03,232.375000
8118,8.11800000e+03,232.541667
8119,8.11900000e+03,232.541667
8120,8.12000000e+03,232.791667
8121,8.12100000e+03,232.791667
8122,8.12200000e+03,233.083333
8123,8.12300000e+03,233.083333
8124,8.12400000e+03,233.166667
8125,8.12500000e+03,233.166667
8126,8.12600000e+03,233.666667
8127,8.12700000e+03,233.666667
8128,8.12800000e+03,233.625000
8129,8.12900000e+03,233.625000
8130,8.13000000e+03,233.958333
8131,8.13100000e+03,233.958333
8132,8.13200000e+03,234.041667
8133,8.13300000e+03,234.041667
8134,8.13400000e+03,234.083333
8135,8.13500000e+03,234.083333
8136,8.13600000e+03,234.208333
8137,8.13700000e+03,234.208333
8138,8.13800000e+03,234.500000
8139,8.13900000e+03,234.500000
8140,8.14000000e+03,234.333333
8141,8.14100000e+03,234.333333
8142,8.14200000e+03,234.375000
8143,8.14300000e+03,234.375000
8144,8.14400000e+03,234.625000
8145,8.14500000e+03,234.625000
8146,8.14600000e+03,234.500000
8147,8.14700000e+03,234.500000
8148,8.14800000e+03,234.500000
8149,8.14900000e+03,234.500000
8150,8.15000000e+03,234.625000
8151,8.15100000e+03,234.625000
8152,8.15200000e+03,234.541667
8153,8.15300000e+03,234.541667
8154,8.15400000e+03,234.500000
8155,8.15500000e+03,234.500000
8156,8.15600000e+03,234.541667
8157,8.15700000e+03,234.541667
8158,8.15800000e+03,234.500000
8159,8.15900000e+03,234.500000
8160,8.16000000e+03,234.375000
8161,8.16100000e+03,234.375000
8162,8.16200000e+03,234.333333
8163,8.16300000e+03,234.333333
8164,8.16400000e+03,234.166667
8165,8.16500000e+03,234.166667
8166,8.16600000e+03,234.125000
8167,8.16700000e+03,234.125000
8168,8.16800000e+03,234.041667
8169,8.16900000e+03,234.041667
8170,8.17000000e+03,233.833333
8171,8.17100000e+03,233.833333
8172,8.17200000e+03,233.708333
8173,8.17300000e+03,233.708333
8174,8.17400000e+03,233.500000
8175,8.17500000e+03,233.500000
8176,8.17600000e+03,233.250000
8177,8.17700000e+03,233.250000
8178,8.17800000e+03,233.208333
8179,8.17900000e+03,233.208333
8180,8.18000000e+03,233.166667
8181,8.18100000e+03,233.166667
8182,8.18200000e+03,232.750000
8183,8.18300000e+03,232.750000
8184,8.18400000e+03,232.625000
8185,8.18500000e+03,232.625000
8186,8.18600000e+03,232.458333
8187,8.18700000e+03,232.458333
8188,8.18800000e+03,232.083333
8189,8.18900000e+03,232.083333
8190,8.19000000e+03,231.833333
8191,8.19100000e+03,231.833333
8192,8.19200000e+03,231.541667
8193,8.19300000e+03,231.541667
8194,8.19400000e+03,231.083333
8195,8.19500000e+03,231.083333
8196,8.19600000e+03,231.041667
8197,8.19700000e+03,231.041667
8198,8.19800000e+03,230.458333
8199,8.19900000e+03,230.458333
8200,8.20000000e+03,230.166667
8201,8.20100000e+03,230.166667
8202,8.20200000e+03,229.708333
8203,8.20300000e+03,229.708333
8204,8.20400000e+03,229.458333
8205,8.20500000e+03,229.458333
8206,8.20600000e+03,228.750000
8207,8.20700000e+03,228.750000
8208,8.20800000e+03,228.375000
8209,8.20900000e+03,228.375000
8210,8.21000000e+03,227.833333
8211,8.21100000e+03,227.833333
8212,8.21200000e+03,227.250000
8213,8.21300000e+03,227.250000
8214,8.21400000e+03,226.583333
8215,8.21500000e+03,226.583333
8216,8.21600000e+03,225.958333
8217,8.21700000e+03,225.958333
8218,8.21800000e+03,225.291667
8219,8.21900000e+03,225.291667
8220,8.22000000e+03,224.666667
8221,8.22100000e+03,224.666667
8222,8.22200000e+03,224.000000
8223,8.22300000e+03,224.000000
8224,8.22400000e+03,223.333333
8225,8.22500000e+03,223.333333
8226,8.22600000e+03,222.583333
8227,8.22700000e+03,222.583333
8228,8.22800000e+03,221.791667
8229,8.22900000e+03,221.791667
8230,8.23000000e+03,221.041667
8231,8.23100000e+03,221.041667
8232,8.23200000e+03,220.250000
8233,8.23300000e+03,220.250000
8234,8.23400000e+03,219.291667
8235,8.23500000e+03,219.291667
8236,8.23600000e+03,218.458333
8237,8.23700000e+03,218.458333
8238,8.23800000e+03,217.625000
8239,8.23900000e+03,217.625000
8240,8.24000000e+03,216.750000
8241,8.24100000e+03,216.750000
8242,8.24200000e+03,215.791667
8243,8.24300000e+03,215.791667
8244,8.24400000e+03,214.875000
8245,8.24500000e+03,214.875000
8246,8.24600000e+03,214.083333
8247,8.24700000e+03,214.083333
8248,8.24800000e+03,212.875000
8249,8.24900000e+03,212.875000
8250,8.25000000e+03,211.875000
8251,8.25100000e+03,211.875000
8252,8.25200000e+03,210.916667
8253,8.25300000e+03,210.916667
8254,8.25400000e+03,209.666667
8255,8.25500000e+03,209.666667
8256,8.25600000e+03,208.541667
8257,8.25700000e+03,208.541667
8258,8.25800000e+03,207.541667
8259,8.25900000e+03,207.541667
8260,8.26000000e+03,206.458333
8261,8.26100000e+03,206.458333
8262,8.26200000e+03,205.416667
8263,8.26300000e+03,205.416667
8264,8.26400000e+03,204.333333
8265,8.26500000e+03,204.333333
8266,8.26600000e+03,203.125000
8267,8.26700000e+03,203.125000
8268,8.26800000e+03,202.083333
8269,8.26900000e+03,202.083333
8270,8.27000000e+03,200.958333
8271,8.27100000e+03,200.958333
8272,8.27200000e+03,200.000000
8273,8.27300000e+03,200.000000
8274,8.27400000e+03,198.625000
8275,8.27500000e+03,198.625000
8276,8.27600000e+03,197.583333
8277,8.27700000e+03,197.583333
8278,8.27800000e+03,196.791667
8279,8.27900000e+03,196.791667
8280,8.28000000e+03,195.750000
8281,8.28100000e+03,195.750000
8282,8.28200000e+03,194.500000
8283,8.28300000e+03,194.500000
8284,8.28400000e+03,193.250000
8285,8.28500000e+03,193.250000
8286,8.28600000e+03,192.291667
8287,8.28700000e+03,192.291667
8288,8.28800000e+03,191.208333
8289,8.28900000e+03,191.208333
8290,8.29000000e+03,190.250000
8291,8.29100000e+03,190.250000
8292,8.29200000e+03,189.166667
8293,8.29300000e+03,189.166667
8294,8.29400000e+03,188.083333
8295,8.29500000e+03,188.083333
8296,8.29600000e+03,187.000000
8297,8.29700000e+03,187.000000
8298,8.29800000e+03,185.875000
8299,8.29900000e+03,185.875000
8300,8.30000000e+03,184.833333
8301,8.30100000e+03,184.833333
8302,8.30200000e+03,183.875000
8303,8.30300000e+03,183.875000
8304,8.30400000e+03,183.041667
8305,8.30500000e+03,183.041667
8306,8.30600000e+03,181.833333
8307,8.30700000e+03,181.833333
8308,8.30800000e+03,180.833333
8309,8.30900000e+03,180.833333
8310,8.31000000e+03,179.958333
8311,8.31100000e+03,179.958333
8312,8.31200000e+03,178.916667
8313,8.31300000e+03,178.916667
8314,8.31400000e+03,177.833333
8315,8.31500000e+03,177.833333
8316,8.31600000e+03,176.791667
8317,8.31700000e+03,176.791667
8318,8.31800000e+03,175.750000
8319,8.31900000e+03,175.750000
8320,8.32000000e+03,174.750000
8321,8.32100000e+03,174.750000
8322,8.32200000e+03,173.750000
8323,8.32300000e+03,173.750000
8324,8.32400000e+03,172.875000
8325,8.32500000e+03,172.875000
8326,8.32600000e+03,171.833333
8327,8.32700000e+03,171.833333
8328,8.32800000e+03,170.750000
8329,8.32900000e+03,170.750000
8330,8.33000000e+03,169.625000
8331,8.33100000e+03,169.625000
8332,8.33200000e+03,168.500000
8333,8.33300000e+03,168.500000
8334,8.33400000e+03,167.458333
8335,8.33500000e+03,167.458333
8336,8.33600000e+03,166.541667
8337,8.33700000e+03,166.541667
8338,8.33800000e+03,165.375000
8339,8.33900000e+03,165.375000
8340,8.34000000e+03,164.166667
8341,8.34100000e+03,164.166667
8342,8.34200000e+03,162.916667
8343,8.34300000e+03,162.916667
8344,8.34400000e+03,161.791667
8345,8.34500000e+03,161.791667
8346,8.34600000e+03,160.583333
8347,8.34700000e+03,160.583333
8348,8.34800000e+03,159.375000
8349,8.34900000e+03,159.375000
8350,8.35000000e+03,158.250000
8351,8.35100000e+03,158.250000
8352,8.35200000e+03,157.083333
8353,8.35300000e+03,157.083333
8354,8.35400000e+03,155.625000
8355,8.35500000e+03,155.625000
8356,8.35600000e+03,154.500000
8357,8.35700000e+03,154.500000
8358,8.35800000e+03,153.041667
8359,8.35900000e+03,153.041667
8360,8.36000000e+03,151.625000
8361,8.36100000e+03,151.625000
8362,8.36200000e+03,150.083333
8363,8.36300000e+03,150.083333
8364,8.36400000e+03,148.916667
8365,8.36500000e+03,148.916667
8366,8.36600000e+03,147.333333
8367,8.36700000e+03,147.333333
8368,8.36800000e+03,145.875000
8369,8.36900000e+03,145.875000
8370,8.37000000e+03,144.416667
8371,8.37100000e+03,144.416667
8372,8.37200000e+03,142.708333
8373,8.37300000e+03,142.708333
8374,8.37400000e+03,141.208333
8375,8.37500000e+03,141.208333
8376,8.37600000e+03,139.791667
8377,8.37700000e+03,139.791667
8378,8.37800000e+03,137.833333
8379,8.37900000e+03,137.833333
8380,8.38000000e+03,136.375000
8381,8.38100000e+03,136.375000
8382,8.38200000e+03,134.750000
8383,8.38300000e+03,134.750000
8384,8.38400000e+03,133.083333
8385,8.38500000e+03,133.083333
8386,8.38600000e+03,131.333333
8387,8.38700000e+03,131.333333
8388,8.38800000e+03,129.625000
8389,8.38900000e+03,129.625000
8390,8.39000000e+03,127.833333
8391,8.39100000e+03,127.833333
8392,8.39200000e+03,126.041667
8393,8.39300000e+03,126.041667
8394,8.39400000e+03,124.208333
8395,8.39500000e+03,124.208333
8396,8.39600000e+03,122.541667
8397,8.39700000e+03,122.541667
8398,8.39800000e+03,120.875000
8399,8.39900000e+03,120.875000
8400,8.40000000e+03,118.875000
8401,8.40100000e+03,118.875000
8402,8.40200000e+03,117.041667
8403,8.40300000e+03,117.041667
8404,8.40400000e+03,115.250000
8405,8.40500000e+03,115.250000
8406,8.40600000e+03,113.541667
8407,8.40700000e+03,113.541667
8408,8.40800000e+03,111.583333
8409,8.40900000e+03,111.583333
8410,8.41000000e+03,109.750000
8411,8.41100000e+03,109.750000
8412,8.41200000e+03,108.000000
8413,8.41300000e+03,108.000000
8414,8.41400000e+03,106.041667
8415,8.41500000e+03,106.041667
8416,8.41600000e+03,104.333333
8417,8.41700000e+03,104.333333
8418,8.41800000e+03,102.541667
8419,8.41900000e+03,102.541667
8420,8.42000000e+03,100.583333
8421,8.42100000e+03,100.583333
8422,8.42200000e+03,98.708333
8423,8.42300000e+03,98.708333
8424,8.42400000e+03,96.958333
8425,8.42500000e+03,96.958333
8426,8.42600000e+03,95.125000
8427,8.42700000e+03,95.125000
8428,8.42800000e+03,93.333333
8429,8.42900000e+03,93.333333
8430,8.43000000e+03,91.708333
8431,8.43100000e+03,91.708333
8432,8.43200000e+03,89.958333
8433,8.43300000e+03,89.958333
8434,8.43400000e+03,88.083333
8435,8.43500000e+03,88.083333
8436,8.43600000e+03,86.041667
8437,8.43700000e+03,86.041667
8438,8.43800000e+03,84.291667
8439,8.43900000e+03,84.291667
8440,8.44000000e+03,82.541667
8441,8.44100000e+03,82.541667
8442,8.44200000e+03,80.875000
8443,8.44300000e+03,80.875000
8444,8.44400000e+03,78.916667
8445,8.44500000e+03,78.916667
8446,8.44600000e+03,77.291667
8447,8.44700000e+03,77.291667
8448,8.44800000e+03,75.583333
8449,8.44900000e+03,75.583333
8450,8.45000000e+03,73.791667
8451,8.45100000e+03,73.791667
8452,8.45200000e+03,72.041667
8453,8.45300000e+03,72.041667
8454,8.45400000e+03,70.416667
8455,8.45500000e+03,70.416667
8456,8.45600000e+03,68.708333
8457,8.45700000e+03,68.708333
8458,8.45800000e+03,66.791667
8459,8.45900000e+03,66.791667
8460,8.46000000e+03,65.125000
8461,8.46100000e+03,65.125000
8462,8.46200000e+03,63.166667
8463,8.46300000e+03,63.166667
8464,8.46400000e+03,61.416667
8465,8.46500000e+03,61.416667
8466,8.46600000e+03,59.708333
8467,8.46700000e+03,59.708333
8468,8.46800000e+03,58.125000
8469,8.46900000e+03,58.125000
8470,8.47000000e+03,56.333333
8471,8.47100000e+03,56.333333
8472,8.47200000e+03,54.375000
8473,8.47300000e+03,54.375000
8474,8.47400000e+03,52.541667
8475,8.47500000e+03,52.541667
8476,8.47600000e+03,50.875000
8477,8.47700000e+03,50.875000
8478,8.47800000e+03,49.000000
8479,8.47900000e+03,49.000000
8480,8.48000000e+03,47.041667
8481,8.48100000e+03,47.041667
8482,8.48200000e+03,45.333333
8483,8.48300000e+03,45.333333
8484,8.48400000e+03,43.333333
8485,8.48500000e+03,43.333333
8486,8.48600000e+03,41.458333
8487,8.48700000e+03,41.458333
8488,8.48800000e+03,39.416667
8489,8.48900000e+03,39.416667
8490,8.49000000e+03,37.500000
8491,8.49100000e+03,37.500000
8492,8.49200000e+03,35.541667
8493,8.49300000e+03,35.541667
8494,8.49400000e+03,33.791667
8495,8.49500000e+03,33.791667
8496,8.49600000e+03,31.708333
8497,8.49700000e+03,31.708333
8498,8.49800000e+03,29.625000
8499,8.49900000e+03,29.625000
8500,8.50000000e+03,27.625000
8501,8.50100000e+03,27.625000
8502,8.50200000e+03,25.458333
8503,8.50300000e+03,25.458333
8504,8.50400000e+03,23.541667
8505,8.50500000e+03,23.541667
8506,8.50600000e+03,21.500000
8507,8.50700000e+03,21.500000
8508,8.50800000e+03,19.500000
8509,8.50900000e+03,19.500000
8510,8.51000000e+03,17.500000
8511,8.51100000e+03,17.500000
8512,8.51200000e+03,15.208333
8513,8.51300000e+03,15.208333
8514,8.51400000e+03,13.125000
8515,8.51500000e+03,13.125000
8516,8.51600000e+03,10.958333
8517,8.51700000e+03,10.958333
8518,8.51800000e+03,8.875000
8519,8.51900000e+03,8.875000
8520,8.52000000e+03,6.875000
8521,8.52100000e+03,6.875000
8522,8.52200000e+03,4.625000
8523,8.52300000e+03,4.625000
8524,8.52400000e+03,2.458333
8525,8.52500000e+03,2.458333
8526,8.52600000e+03,0.500000
8527,8.52700000e+03,0.500000
8528,8.52800000e+03,-1.708333
8529,8.52900000e+03,-1.708333
8530,8.53000000e+03,-3.791667
8531,8.53100000e+03,-3.791667
8532,8.53200000e+03,-6.041667
8533,8.53300000e+03,-6.041667
8534,8.53400000e+03,-8.041667
8535,8.53500000e+03,-8.041667
8536,8.53600000e+03,-10.333333
8537,8.53700000e+03,-10.333333
8538,8.53800000e+03,-12.375000
8539,8.53900000e+03,-12.375000
8540,8.54000000e+03,-14.541667
8541,8.54100000e+03,-14.541667
8542,8.54200000e+03,-16.708333
8543,8.54300000e+03,-16.708333
8544,8.54400000e+03,-18.791667
8545,8.54500000e+03,-18.791667
8546,8.54600000e+03,-20.833333
8547,8.54700000e+03,-20.833333
8548,8.54800000e+03,-23.166667
8549,8.54900000e+03,-23.166667
8550,8.55000000e+03,-25.000000
8551,8.55100000e+03,-25.000000
8552,8.55200000e+03,-27.041667
8553,8.55300000e+03,-27.041667
8554,8.55400000e+03,-29.125000
8555,8.55500000e+03,-29.125000
8556,8.55600000e+03,-31.125000
8557,8.55700000e+03,-31.125000
8558,8.55800000e+03,-33.250000
8559,8.55900000e+03,-33.250000
8560,8.56000000e+03,-35.208333
8561,8.56100000e+03,-35.208333
8562,8.56200000e+03,-37.041667
8563,8.56300000e+03,-37.041667
8564,8.56400000e+03,-39.041667
8565,8.56500000e+03,-39.041667
8566,8.56600000e+03,-41.083333
8567,8.56700000e+03,-41.083333
8568,8.56800000e+03,-42.916667
8569,8.56900000e+03,-42.916667
8570,8.57000000e+03,-44.916667
8571,8.57100000e+03,-44.916667
8572,8.57200000e+03,-46.916667
8573,8.57300000e+03,-46.916667
8574,8.57400000e+03,-48.708333
8575,8.57500000e+03,-48.708333
8576,8.57600000e+03,-50.666667
8577,8.57700000e+03,-50.666667
8578,8.57800000e+03,-52.375000
8579,8.57900000e+03,-52.375000
8580,8.58000000e+03,-54.083333
8581,8.58100000e+03,-54.083333
8582,8.58200000e+03,-55.958333
8583,8.58300000e+03,-55.958333
8584,8.58400000e+03,-57.708333
8585,8.58500000e+03,-57.708333
8586,8.58600000e+03,-59.416667
8587,8.58700000e+03,-59.416667
8588,8.58800000e+03,-61.458333
8589,8.58900000e+03,-61.458333
8590,8.59000000e+03,-63.041667
8591,8.59100000e+03,-63.041667
8592,8.59200000e+03,-65.083333
8593,8.59300000e+03,-65.083333
8594,8.59400000e+03,-66.583333
8595,8.59500000e+03,-66.583333
8596,8.59600000e+03,-68.416667
8597,8.59700000e+03,-68.416667
8598,8.59800000e+03,-70.166667
8599,8.59900000e+03,-70.166667
8600,8.60000000e+03,-72.000000
8601,8.60100000e+03,-72.000000
8602,8.60200000e+03,-73.541667
8603,8.60300000e+03,-73.541667
8604,8.60400000e+03,-75.458333
8605,8.60500000e+03,-75.458333
8606,8.60600000e+03,-77.041667
8607,8.60700000e+03,-77.041667
8608,8.60800000e+03,-78.791667
8609,8.60900000e+03,-78.791667
8610,8.61000000e+03,-80.625000
8611,8.61100000e+03,-80.625000
8612,8.61200000e+03,-82.583333
8613,8.61300000e+03,-82.583333
8614,8.61400000e+03,-84.166667
8615,8.61500000e+03,-84.166667
8616,8.61600000e+03,-85.916667
8617,8.61700000e+03,-85.916667
8618,8.61800000e+03,-87.750000
8619,8.61900000e+03,-87.750000
8620,8.62000000e+03,-89.333333
8621,8.62100000e+03,-89.333333
8622,8.62200000e+03,-91.250000
8623,8.62300000e+03,-91.250000
8624,8.62400000e+03,-92.833333
8625,8.62500000e+03,-92.833333
8626,8.62600000e+03,-94.833333
8627,8.62700000e+03,-94.833333
8628,8.62800000e+03,-96.541667
8629,8.62900000e+03,-96.541667
8630,8.63000000e+03,-98.333333
8631,8.63100000e+03,-98.333333
8632,8.63200000e+03,-100.041667
8633,8.63300000e+03,-100.041667
8634,8.63400000e+03,-101.833333
8635,8.63500000e+03,-101.833333
8636,8.63600000e+03,-103.541667
8637,8.63700000e+03,-103.541667
8638,8.63800000e+03,-105.416667
8639,8.63900000e+03,-105.416667
8640,8.64000000e+03,-107.166667
8641,8.64100000e+03,-107.166667
8642,8.64200000e+03,-108.958333
8643,8.64300000e+03,-108.958333
8644,8.64400000e+03,-110.916667
8645,8.64500000e+03,-110.916667
8646,8.64600000e+03,-112.625000
8647,8.64700000e+03,-112.625000
8648,8.64800000e+03,-114.458333
8649,8.64900000e+03,-114.458333
8650,8.65000000e+03,-116.166667
8651,8.65100000e+03,-116.166667
8652,8.65200000e+03,-118.000000
8653,8.65300000e+03,-118.000000
8654,8.65400000e+03,-119.958333
8655,8.65500000e+03,-119.958333
8656,8.65600000e+03,-121.583333
8657,8.65700000e+03,-121.583333
8658,8.65800000e+03,-123.375000
8659,8.65900000e+03,-123.375000
8660,8.66000000e+03,-125.041667
8661,8.66100000e+03,-125.041667
8662,8.66200000e+03,-126.833333
8663,8.66300000e+03,-126.833333
8664,8.66400000e+03,-128.791667
8665,8.66500000e+03,-128.791667
8666,8.66600000e+03,-130.541667
8667,8.66700000e+03,-130.541667
8668,8.66800000e+03,-132.208333
8669,8.66900000e+03,-132.208333
8670,8.67000000e+03,-133.875000
8671,8.67100000e+03,-133.875000
8672,8.67200000e+03,-135.333333
8673,8.67300000e+03,-135.333333
8674,8.67400000e+03,-137.083333
8675,8.67500000e+03,-137.083333
8676,8.67600000e+03,-138.750000
8677,8.67700000e+03,-138.750000
8678,8.67800000e+03,-140.208333
8679,8.67900000e+03,-140.208333
8680,8.68000000e+03,-141.875000
8681,8.68100000e+03,-141.875000
8682,8.68200000e+03,-143.416667
8683,8.68300000e+03,-143.416667
8684,8.68400000e+03,-144.958333
8685,8.68500000e+03,-144.958333
8686,8.68600000e+03,-146.541667
8687,8.68700000e+03,-146.541667
8688,8.68800000e+03,-147.916667
8689,8.68900000e+03,-147.916667
8690,8.69000000e+03,-149.541667
8691,8.69100000e+03,-149.541667
8692,8.69200000e+03,-150.958333
8693,8.69300000e+03,-150.958333
8694,8.69400000e+03,-152.250000
8695,8.69500000e+03,-152.250000
8696,8.69600000e+03,-153.541667
8697,8.69700000e+03,-153.541667
8698,8.69800000e+03,-155.166667
8699,8.69900000e+03,-155.166667
8700,8.70000000e+03,-156.375000
8701,8.70100000e+03,-156.375000
8702,8.70200000e+03,-157.750000
8703,8.70300000e+03,-157.750000
8704,8.70400000e+03,-158.833333
8705,8.70500000e+03,-158.833333
8706,8.70600000e+03,-160.041667
8707,8.70700000e+03,-160.041667
8708,8.70800000e+03,-161.375000
8709,8.70900000e+03,-161.375000
8710,8.71000000e+03,-162.458333
8711,8.71100000e+03,-162.458333
8712,8.71200000e+03,-163.875000
8713,8.71300000e+03,-163.875000
8714,8.71400000e+03,-164.958333
8715,8.71500000e+03,-164.958333
8716,8.71600000e+03,-166.041667
8717,8.71700000e+03,-166.041667
8718,8.71800000e+03,-167.208333
8719,8.71900000e+03,-167.208333
8720,8.72000000e+03,-168.416667
8721,8.72100000e+03,-168.416667
8722,8.72200000e+03,-169.208333
8723,8.72300000e+03,-169.208333
8724,8.72400000e+03,-170.541667
8725,8.72500000e+03,-170.541667
8726,8.72600000e+03,-171.583333
8727,8.72700000e+03,-171.583333
8728,8.72800000e+03,-172.583333
8729,8.72900000e+03,-172.583333
8730,8.73000000e+03,-173.666667
8731,8.73100000e+03,-173.666667
8732,8.73200000e+03,-174.625000
8733,8.73300000e+03,-174.625000
8734,8.73400000e+03,-175.625000
8735,8.73500000e+03,-175.625000
8736,8.73600000e+03,-176.625000
8737,8.73700000e+03,-176.625000
8738,8.73800000e+03,-177.750000
8739,8.73900000e+03,-177.750000
8740,8.74000000e+03,-178.750000
8741,8.74100000e+03,-178.750000
8742,8.74200000e+03,-179.541667
8743,8.74300000e+03,-179.541667
8744,8.74400000e+03,-180.833333
8745,8.74500000e+03,-180.833333
8746,8.74600000e+03,-181.708333
8747,8.74700000e+03,-181.708333
8748,8.74800000e+03,-182.666667
8749,8.74900000e+03,-182.666667
8750,8.75000000e+03,-183.791667
8751,8.75100000e+03,-183.791667
8752,8.75200000e+03,-184.666667
8753,8.75300000e+03,-184.666667
8754,8.75400000e+03,-185.541667
8755,8.75500000e+03,-185.541667
8756,8.75600000e+03,-186.625000
8757,8.75700000e+03,-186.625000
8758,8.75800000e+03,-187.583333
8759,8.75900000e+03,-187.583333
8760,8.76000000e+03,-188.666667
8761,8.76100000e+03,-188.666667
8762,8.76200000e+03,-189.708333
8763,8.76300000e+03,-189.708333
8764,8.76400000e+03,-190.625000
8765,8.76500000e+03,-190.625000
8766,8.76600000e+03,-191.708333
8767,8.76700000e+03,-191.708333
8768,8.76800000e+03,-192.708333
8769,8.76900000e+03,-192.708333
8770,8.77000000e+03,-193.708333
8771,8.77100000e+03,-193.708333
8772,8.77200000e+03,-194.750000
8773,8.77300000e+03,-194.750000
8774,8.77400000e+03,-195.916667
8775,8.77500000e+03,-195.916667
8776,8.77600000e+03,-197.041667
8777,8.77700000e+03,-197.041667
8778,8.77800000e+03,-198.000000
8779,8.77900000e+03,-198.000000
8780,8.78000000e+03,-199.083333
8781,8.78100000e+03,-199.083333
8782,8.78200000e+03,-200.083333
8783,8.78300000e+03,-200.083333
8784,8.78400000e+03,-201.166667
8785,8.78500000e+03,-201.166667
8786,8.78600000e+03,-202.333333
8787,8.78700000e+03,-202.333333
8788,8.78800000e+03,-203.166667
8789,8.78900000e+03,-203.166667
8790,8.79000000e+03,-204.250000
8791,8.79100000e+03,-204.250000
8792,8.79200000e+03,-205.500000
8793,8.79300000e+03,-205.500000
8794,8.79400000e+03,-206.583333
8795,8.79500000e+03,-206.583333
8796,8.79600000e+03,-207.500000
8797,8.79700000e+03,-207.500000
8798,8.79800000e+03,-208.750000
8799,8.79900000e+03,-208.750000
8800,8.80000000e+03,-209.916667
8801,8.80100000e+03,-209.916667
8802,8.80200000e+03,-210.791667
8803,8.80300000e+03,-210.791667
8804,8.80400000e+03,-211.833333
8805,8.80500000e+03,-211.833333
8806,8.80600000e+03,-212.708333
8807,8.80700000e+03,-212.708333
8808,8.80800000e+03,-213.833333
8809,8.80900000e+03,-213.833333
8810,8.81000000e+03,-214.958333
8811,8.81100000e+03,-214.958333
8812,8.81200000e+03,-215.833333
8813,8.81300000e+03,-215.833333
8814,8.81400000e+03,-216.750000
8815,8.81500000e+03,-216.750000
8816,8.81600000e+03,-217.916667
8817,8.81700000e+03,-217.916667
8818,8.81800000e+03,-218.625000
8819,8.81900000e+03,-218.625000
8820,8.82000000e+03,-219.583333
8821,8.82100000e+03,-219.583333
8822,8.82200000e+03,-220.333333
8823,8.82300000e+03,-220.333333
8824,8.82400000e+03,-221.416667
8825,8.82500000e+03,-221.416667
8826,8.82600000e+03,-222.166667
8827,8.82700000e+03,-222.166667
8828,8.82800000e+03,-222.750000
8829,8.82900000e+03,-222.750000
8830,8.83000000e+03,-223.750000
8831,8.83100000e+03,-223.750000
8832,8.83200000e+03,-224.333333
8833,8.83300000e+03,-224.333333
8834,8.83400000e+03,-225.041667
8835,8.83500000e+03,-225.041667
8836,8.83600000e+03,-225.791667
8837,8.83700000e+03,-225.791667
8838,8.83800000e+03,-226.416667
8839,8.83900000e+03,-226.416667
8840,8.84000000e+03,-227.083333
8841,8.84100000e+03,-227.083333
8842,8.84200000e+03,-227.625000
8843,8.84300000e+03,-227.625000
8844,8.84400000e+03,-228.333333
8845,8.84500000e+03,-228.333333
8846,8.84600000e+03,-228.541667
8847,8.84700000e+03,-228.541667
8848,8.84800000e+03,-229.166667
8849,8.84900000e+03,-229.166667
8850,8.85000000e+03,-229.666667
8851,8.85100000e+03,-229.666667
8852,8.85200000e+03,-230.125000
8853,8.85300000e+03,-230.125000
8854,8.85400000e+03,-230.583333
8855,8.85500000e+03,-230.583333
8856,8.85600000e+03,-230.916667
8857,8.85700000e+03,-230.916667
8858,8.85800000e+03,-231.541667
8859,8.85900000e+03,-231.541667
8860,8.86000000e+03,-231.875000
8861,8.86100000e+03,-231.875000
8862,8.86200000e+03,-231.958333
8863,8.86300000e+03,-231.958333
8864,8.86400000e+03,-232.375000
8865,8.86500000e+03,-232.375000
8866,8.86600000e+03,-232.541667
8867,8.86700000e+03,-232.541667
8868,8.86800000e+03,-232.833333
8869,8.86900000e+03,-232.833333
8870,8.87000000e+03,-233.208333
8871,8.87100000e+03,-233.208333
8872,8.87200000e+03,-233.125000
8873,8.87300000e+03,-233.125000
8874,8.87400000e+03,-233.583333
8875,8.87500000e+03,-233.583333
8876,8.87600000e+03,-233.750000
8877,8.87700000e+03,-233.750000
8878,8.87800000e+03,-233.625000
8879,8.87900000e+03,-233.625000
8880,8.88000000e+03,-233.916667
8881,8.88100000e+03,-233.916667
8882,8.88200000e+03,-234.166667
8883,8.88300000e+03,-234.166667
8884,8.88400000e+03,-234.333333
8885,8.88500000e+03,-234.333333
8886,8.88600000e+03,-234.291667
8887,8.88700000e+03,-234.291667
8888,8.88800000e+03,-234.375000
8889,8.88900000e+03,-234.375000
8890,8.89000000e+03,-234.416667
8891,8.89100000e+03,-234.416667
8892,8.89200000e+03,-234.541667
8893,8.89300000e+03,-234.541667
8894,8.89400000e+03,-234.500000
8895,8.89500000e+03,-234.500000
8896,8.89600000e+03,-234.500000
8897,8.89700000e+03,-234.500000
8898,8.89800000e+03,-234.458333
8899,8.89900000e+03,-234.458333
8900,8.90000000e+03,-234.333333
8901,8.90100000e+03,-234.333333
8902,8.90200000e+03,-234.541667
8903,8.90300000e+03,-234.541667
8904,8.90400000e+03,-234.333333
8905,8.90500000e+03,-234.333333
8906,8.90600000e+03,-234.416667
8907,8.90700000e+03,-234.416667
8908,8.90800000e+03,-234.208333
8909,8.90900000e+03,-234.208333
8910,8.91000000e+03,-234.166667
8911,8.91100000e+03,-234.166667
8912,8.91200000e+03,-234.083333
8913,8.91300000e+03,-234.083333
8914,8.91400000e+03,-233.916667
8915,8.91500000e+03,-233.916667
8916,8.91600000e+03,-233.875000
8917,8.91700000e+03,-233.875000
8918,8.91800000e+03,-233.833333
8919,8.91900000e+03,-233.833333
8920,8.92000000e+03,-233.750000
8921,8.92100000e+03,-233.750000
8922,8.92200000e+03,-233.333333
8923,8.92300000e+03,-233.333333
8924,8.92400000e+03,-233.208333
8925,8.92500000e+03,-233.208333
8926,8.92600000e+03,-233.000000
8927,8.92700000e+03,-233.000000
8928,8.92800000e+03,-232.875000
8929,8.92900000e+03,-232.875000
8930,8.93000000e+03,-232.458333
8931,8.93100000e+03,-232.458333
8932,8.93200000e+03,-232.458333
8933,8.93300000e+03,-232.458333
8934,8.93400000e+03,-232.125000
8935,8.93500000e+03,-232.125000
8936,8.93600000e+03,-231.833333
8937,8.93700000e+03,-231.833333
8938,8.93800000e+03,-231.583333
8939,8.93900000e+03,-231.583333
8940,8.94000000e+03,-231.250000
8941,8.94100000e+03,-231.250000
8942,8.94200000e+03,-230.958333
8943,8.94300000e+03,-230.958333
8944,8.94400000e+03,-230.583333
8945,8.94500000e+03,-230.583333
8946,8.94600000e+03,-230.166667
8947,8.94700000e+03,-230.166667
8948,8.94800000e+03,-229.875000
8949,8.94900000e+03,-229.875000
8950,8.95000000e+03,-229.458333
8951,8.95100000e+03,-229.458333
8952,8.95200000e+03,-228.875000
8953,8.95300000e+03,-228.875000
8954,8.95400000e+03,-228.416667
8955,8.95500000e+03,-228.416667
8956,8.95600000e+03,-227.916667
8957,8.95700000e+03,-227.916667
8958,8.95800000e+03,-227.416667
8959,8.95900000e+03,-227.416667
8960,8.96000000e+03,-226.833333
8961,8.96100000e+03,-226.833333
8962,8.96200000e+03,-226.208333
8963,8.96300000e+03,-226.208333
8964,8.96400000e+03,-225.875000
8965,8.96500000e+03,-225.875000
8966,8.96600000e+03,-225.208333
8967,8.96700000e+03,-225.208333
8968,8.96800000e+03,-224.416667
8969,8.96900000e+03,-224.416667
8970,8.97000000e+03,-223.791667
8971,8.97100000e+03,-223.791667
8972,8.97200000e+03,-222.958333
8973,8.97300000e+03,-222.958333
8974,8.97400000e+03,-222.208333
8975,8.97500000e+03,-222.208333
8976,8.97600000e+03,-221.458333
8977,8.97700000e+03,-221.458333
8978,8.97800000e+03,-220.666667
8979,8.97900000e+03,-220.666667
8980,8.98000000e+03,-219.875000
8981,8.98100000e+03,-219.875000
8982,8.98200000e+03,-218.750000
8983,8.98300000e+03,-218.750000
8984,8.98400000e+03,-218.125000
8985,8.98500000e+03,-218.125000
8986,8.98600000e+03,-217.333333
8987,8.98700000e+03,-217.333333
8988,8.98800000e+03,-216.333333
8989,8.98900000e+03,-216.333333
8990,8.99000000e+03,-215.083333
8991,8.99100000e+03,-215.083333
8992,8.99200000e+03,-214.458333
8993,8.99300000e+03,-214.458333
8994,8.99400000e+03,-213.500000
8995,8.99500000e+03,-213.500000
8996,8.99600000e+03,-212.291667
8997,8.99700000e+03,-212.291667
8998,8.99800000e+03,-211.083333
8999,8.99900000e+03,-211.083333
9000,9.00000000e+03,-210.125000
9001,9.00100000e+03,-210.125000
9002,9.00200000e+03,-209.083333
9003,9.00300000e+03,-209.083333
9004,9.00400000e+03,-207.958333
9005,9.00500000e+03,-207.958333
9006,9.00600000e+03,-206.916667
9007,9.00700000e+03,-206.916667
9008,9.00800000e+03,-205.833333
9009,9.00900000e+03,-205.833333
9010,9.01000000e+03,-204.791667
9011,9.01100000e+03,-204.791667
9012,9.01200000e+03,-203.541667
9013,9.01300000e+03,-203.541667
9014,9.01400000e+03,-202.625000
9015,9.01500000e+03,-202.625000
9016,9.01600000e+03,-201.500000
9017,9.01700000e+03,-201.500000
9018,9.01800000e+03,-200.416667
9019,9.01900000e+03,-200.416667
9020,9.02000000e+03,-199.000000
9021,9.02100000e+03,-199.000000
9022,9.02200000e+03,-198.291667
9023,9.02300000e+03,-198.291667
9024,9.02400000e+03,-197.125000
9025,9.02500000e+03,-197.125000
9026,9.02600000e+03,-196.041667
9027,9.02700000e+03,-196.041667
9028,9.02800000e+03,-194.958333
9029,9.02900000e+03,-194.958333
9030,9.03000000e+03,-193.791667
9031,9.03100000e+03,-193.791667
9032,9.03200000e+03,-192.583333
9033,9.03300000e+03,-192.583333
9034,9.03400000e+03,-191.750000
9035,9.03500000e+03,-191.750000
9036,9.03600000e+03,-190.625000
9037,9.03700000e+03,-190.625000
9038,9.03800000e+03,-189.541667
9039,9.03900000e+03,-189.541667
9040,9.04000000e+03,-188.583333
9041,9.04100000e+03,-188.583333
9042,9.04200000e+03,-187.500000
9043,9.04300000e+03,-187.500000
9044,9.04400000e+03,-186.500000
9045,9.04500000e+03,-186.500000
9046,9.04600000e+03,-185.375000
9047,9.04700000e+03,-185.375000
9048,9.04800000e+03,-184.250000
9049,9.04900000e+03,-184.250000
9050,9.05000000e+03,-183.291667
9051,9.05100000e+03,-183.291667
9052,9.05200000e+03,-182.375000
9053,9.05300000e+03,-182.375000
9054,9.05400000e+03,-181.333333
9055,9.05500000e+03,-181.333333
9056,9.05600000e+03,-180.333333
9057,9.05700000e+03,-180.333333
9058,9.05800000e+03,-179.208333
9059,9.05900000e+03,-179.208333
9060,9.06000000e+03,-178.500000
9061,9.06100000e+03,-178.500000
9062,9.06200000e+03,-177.208333
9063,9.06300000e+03,-177.208333
9064,9.06400000e+03,-176.208333
9065,9.06500000e+03,-176.208333
9066,9.06600000e+03,-175.416667
9067,9.06700000e+03,-175.416667
9068,9.06800000e+03,-174.333333
9069,9.06900000e+03,-174.333333
9070,9.07000000e+03,-173.333333
9071,9.07100000e+03,-173.333333
9072,9.07200000e+03,-172.250000
9073,9.07300000e+03,-172.250000
9074,9.07400000e+03,-171.041667
9075,9.07500000e+03,-171.041667
9076,9.07600000e+03,-170.250000
9077,9.07700000e+03,-170.250000
9078,9.07800000e+03,-169.125000
9079,9.07900000e+03,-169.125000
9080,9.08000000e+03,-168.041667
9081,9.08100000e+03,-168.041667
9082,9.08200000e+03,-167.083333
9083,9.08300000e+03,-167.083333
9084,9.08400000e+03,-165.791667
9085,9.08500000e+03,-165.791667
9086,9.08600000e+03,-164.833333
9087,9.08700000e+03,-164.833333
9088,9.08800000e+03,-163.708333
9089,9.08900000e+03,-163.708333
9090,9.09000000e+03,-162.333333
9091,9.09100000e+03,-162.333333
9092,9.09200000e+03,-161.208333
9093,9.09300000e+03,-161.208333
9094,9.09400000e+03,-160.125000
9095,9.09500000e+03,-160.125000
9096,9.09600000e+03,-158.833333
9097,9.09700000e+03,-158.833333
9098,9.09800000e+03,-157.541667
9099,9.09900000e+03,-157.541667
9100,9.10000000e+03,-156.250000
9101,9.10100000e+03,-156.250000
9102,9.10200000e+03,-155.166667
9103,9.10300000e+03,-155.166667
9104,9.10400000e+03,-153.833333
9105,9.10500000e+03,-153.833333
9106,9.10600000e+03,-152.416667
9107,9.10700000e+03,-152.416667
9108,9.10800000e+03,-150.833333
9109,9.10900000e+03,-150.833333
9110,9.11000000e+03,-149.625000
9111,9.11100000e+03,-149.625000
9112,9.11200000e+03,-148.250000
9113,9.11300000e+03,-148.250000
9114,9.11400000e+03,-146.708333
9115,9.11500000e+03,-146.708333
9116,9.11600000e+03,-145.166667
9117,9.11700000e+03,-145.166667
9118,9.11800000e+03,-143.666667
9119,9.11900000e+03,-143.666667
9120,9.12000000e+03,-141.958333
9121,9.12100000e+03,-141.958333
9122,9.12200000e+03,-140.500000
9123,9.12300000e+03,-140.500000
9124,9.12400000e+03,-139.000000
9125,9.12500000e+03,-139.000000
9126,9.12600000e+03,-137.333333
9127,9.12700000e+03,-137.333333
9128,9.12800000e+03,-135.791667
9129,9.12900000e+03,-135.791667
9130,9.13000000e+03,-133.958333
9131,9.13100000e+03,-133.958333
9132,9.13200000e+03,-132.333333
9133,9.13300000e+03,-132.333333
9134,9.13400000e+03,-130.708333
9135,9.13500000e+03,-130.708333
9136,9.13600000e+03,-128.833333
9137,9.13700000e+03,-128.833333
9138,9.13800000e+03,-127.083333
9139,9.13900000e+03,-127.083333
9140,9.14000000e+03,-125.083333
9141,9.14100000e+03,-125.083333
9142,9.14200000e+03,-123.416667
9143,9.14300000e+03,-123.416667
9144,9.14400000e+03,-121.416667
9145,9.14500000e+03,-121.416667
9146,9.14600000e+03,-119.916667
9147,9.14700000e+03,-119.916667
9148,9.14800000e+03,-118.000000
9149,9.14900000e+03,-118.000000
9150,9.15000000e+03,-116.541667
9151,9.15100000e+03,-116.541667
9152,9.15200000e+03,-114.458333
9153,9.15300000e+03,-114.458333
9154,9.15400000e+03,-112.500000
9155,9.15500000e+03,-112.500000
9156,9.15600000e+03,-110.833333
9157,9.15700000e+03,-110.833333
9158,9.15800000e+03,-109.000000
9159,9.15900000e+03,-109.000000
9160,9.16000000e+03,-107.250000
9161,9.16100000e+03,-107.250000
9162,9.16200000e+03,-105.208333
9163,9.16300000e+03,-105.208333
9164,9.16400000e+03,-103.583333
9165,9.16500000e+03,-103.583333
9166,9.16600000e+03,-101.708333
9167,9.16700000e+03,-101.708333
9168,9.16800000e+03,-99.916667
9169,9.16900000e+03,-99.916667
9170,9.17000000e+03,-98.041667
9171,9.17100000e+03,-98.041667
9172,9.17200000e+03,-96.166667
9173,9.17300000e+03,-96.166667
9174,9.17400000e+03,-94.375000
9175,9.17500000e+03,-94.375000
9176,9.17600000e+03,-92.708333
9177,9.17700000e+03,-92.708333
9178,9.17800000e+03,-90.791667
9179,9.17900000e+03,-90.791667
9180,9.18000000e+03,-88.916667
9181,9.18100000e+03,-88.916667
9182,9.18200000e+03,-87.208333
9183,9.18300000e+03,-87.208333
9184,9.18400000e+03,-85.458333
9185,9.18500000e+03,-85.458333
9186,9.18600000e+03,-83.416667
9187,9.18700000e+03,-83.416667
9188,9.18800000e+03,-81.916667
9189,9.18900000e+03,-81.916667
9190,9.19000000e+03,-80.083333
9191,9.19100000e+03,-80.083333
9192,9.19200000e+03,-78.416667
9193,9.19300000e+03,-78.416667
9194,9.19400000e+03,-76.791667
9195,9.19500000e+03,-76.791667
9196,9.19600000e+03,-74.625000
9197,9.19700000e+03,-74.625000
9198,9.19800000e+03,-72.958333
9199,9.19900000e+03,-72.958333
9200,9.20000000e+03,-71.291667
9201,9.20100000e+03,-71.291667
9202,9.20200000e+03,-69.791667
9203,9.20300000e+03,-69.791667
9204,9.20400000e+03,-67.791667
9205,9.20500000e+03,-67.791667
9206,9.20600000e+03,-66.250000
9207,9.20700000e+03,-66.250000
9208,9.20800000e+03,-64.333333
9209,9.20900000e+03,-64.333333
9210,9.21000000e+03,-62.708333
9211,9.21100000e+03,-62.708333
9212,9.21200000e+03,-60.875000
9213,9.21300000e+03,-60.875000
9214,9.21400000e+03,-59.041667
9215,9.21500000e+03,-59.041667
9216,9.21600000e+03,-57.208333
9217,9.21700000e+03,-57.208333
9218,9.21800000e+03,-55.375000
9219,9.21900000e+03,-55.375000
9220,9.22000000e+03,-53.791667
9221,9.22100000e+03,-53.791667
9222,9.22200000e+03,-51.750000
9223,9.22300000e+03,-51.750000
9224,9.22400000e+03,-50.125000
9225,9.22500000e+03,-50.125000
9226,9.22600000e+03,-48.083333
9227,9.22700000e+03,-48.083333
9228,9.22800000e+03,-46.458333
9229,9.22900000e+03,-46.458333
9230,9.23000000e+03,-44.541667
9231,9.23100000e+03,-44.541667
9232,9.23200000e+03,-42.708333
9233,9.23300000e+03,-42.708333
9234,9.23400000e+03,-40.500000
9235,9.23500000e+03,-40.500000
9236,9.23600000e+03,-38.833333
9237,9.23700000e+03,-38.833333
9238,9.23800000e+03,-36.833333
9239,9.23900000e+03,-36.833333
9240,9.24000000e+03,-34.750000
9241,9.24100000e+03,-34.750000
9242,9.24200000e+03,-32.916667
9243,9.24300000e+03,-32.916667
9244,9.24400000e+03,-30.750000
9245,9.24500000e+03,-30.750000
9246,9.24600000e+03,-28.833333
9247,9.24700000e+03,-28.833333
9248,9.24800000e+03,-26.708333
9249,9.24900000e+03,-26.708333
9250,9.25000000e+03,-24.833333
9251,9.25100000e+03,-24.833333
9252,9.25200000e+03,-22.666667
9253,9.25300000e+03,-22.666667
9254,9.25400000e+03,-20.750000
9255,9.25500000e+03,-20.750000
9256,9.25600000e+03,-18.541667
9257,9.25700000e+03,-18.541667
9258,9.25800000e+03,-16.541667
9259,9.25900000e+03,-16.541667
9260,9.26000000e+03,-14.416667
9261,9.26100000e+03,-14.416667
9262,9.26200000e+03,-12.166667
9263,9.26300000e+03,-12.166667
9264,9.26400000e+03,-9.958333
9265,9.26500000e+03,-9.958333
9266,9.26600000e+03,-8.041667
9267,9.26700000e+03,-8.041667
9268,9.26800000e+03,-6.000000
9269,9.26900000e+03,-6.000000
9270,9.27000000e+03,-3.750000
9271,9.27100000e+03,-3.750000
9272,9.27200000e+03,-1.708333
9273,9.27300000e+03,-1.708333
9274,9.27400000e+03,0.375000
9275,9.27500000e+03,0.375000
9276,9.27600000e+03,2.625000
9277,9.27700000e+03,2.625000
9278,9.27800000e+03,4.833333
9279,9.27900000e+03,4.833333
9280,9.28000000e+03,6.791667
9281,9.28100000e+03,6.791667
9282,9.28200000e+03,9.000000
9283,9.28300000e+03,9.000000
9284,9.28400000e+03,10.958333
9285,9.28500000e+03,10.958333
9286,9.28600000e+03,13.291667
9287,9.28700000e+03,13.291667
9288,9.28800000e+03,15.500000
9289,9.28900000e+03,15.500000
9290,9.29000000e+03,17.416667
9291,9.29100000e+03,17.416667
9292,9.29200000e+03,19.583333
9293,9.29300000e+03,19.583333
9294,9.29400000e+03,21.916667
9295,9.29500000e+03,21.916667
9296,9.29600000e+03,23.875000
9297,9.29700000e+03,23.875000
9298,9.29800000e+03,25.958333
9299,9.29900000e+03,25.958333
9300,9.30000000e+03,28.000000
9301,9.30100000e+03,28.000000
9302,9.30200000e+03,29.958333
9303,9.30300000e+03,29.958333
9304,9.30400000e+03,32.041667
9305,9.30500000e+03,32.041667
9306,9.30600000e+03,34.000000
9307,9.30700000e+03,34.000000
9308,9.30800000e+03,36.083333
9309,9.30900000e+03,36.083333
9310,9.31000000e+03,37.916667
9311,9.31100000e+03,37.916667
9312,9.31200000e+03,39.958333
9313,9.31300000e+03,39.958333
9314,9.31400000e+03,42.041667
9315,9.31500000e+03,42.041667
9316,9.31600000e+03,43.833333
9317,9.31700000e+03,43.833333
9318,9.31800000e+03,45.750000
9319,9.31900000e+03,45.750000
9320,9.32000000e+03,47.541667
9321,9.32100000e+03,47.541667
9322,9.32200000e+03,49.666667
9323,9.32300000e+03,49.666667
9324,9.32400000e+03,51.500000
9325,9.32500000e+03,51.500000
9326,9.32600000e+03,53.250000
9327,9.32700000e+03,53.250000
9328,9.32800000e+03,54.958333
9329,9.32900000e+03,54.958333
9330,9.33000000e+03,56.750000
9331,9.33100000e+03,56.750000
9332,9.33200000e+03,58.833333
9333,9.33300000e+03,58.833333
9334,9.33400000e+03,60.333333
9335,9.33500000e+03,60.333333
9336,9.33600000e+03,62.166667
9337,9.33700000e+03,62.166667
9338,9.33800000e+03,63.750000
9339,9.33900000e+03,63.750000
9340,9.34000000e+03,65.791667
9341,9.34100000e+03,65.791667
9342,9.34200000e+03,67.458333
9343,9.34300000e+03,67.458333
9344,9.34400000e+03,69.083333
9345,9.34500000e+03,69.083333
9346,9.34600000e+03,71.000000
9347,9.34700000e+03,71.000000
9348,9.34800000e+03,72.791667
9349,9.34900000e+03,72.791667
9350,9.35000000e+03,74.333333
9351,9.35100000e+03,74.333333
9352,9.35200000e+03,76.250000
9353,9.35300000e+03,76.250000
9354,9.35400000e+03,77.958333
9355,9.35500000e+03,77.958333
9356,9.35600000e+03,79.541667
9357,9.35700000e+03,79.541667
9358,9.35800000e+03,81.250000
9359,9.35900000e+03,81.250000
9360,9.36000000e+03,83.083333
9361,9.36100000e+03,83.083333
9362,9.36200000e+03,84.916667
9363,9.36300000e+03,84.916667
9364,9.36400000e+03,86.708333
9365,9.36500000e+03,86.708333
9366,9.36600000e+03,88.541667
9367,9.36700000e+03,88.541667
9368,9.36800000e+03,90.166667
9369,9.36900000e+03,90.166667
9370,9.37000000e+03,92.083333
9371,9.37100000e+03,92.083333
9372,9.37200000e+03,93.666667
9373,9.37300000e+03,93.666667
9374,9.37400000e+03,95.375000
9375,9.37500000e+03,95.375000
9376,9.37600000e+03,97.375000
9377,9.37700000e+03,97.375000
9378,9.37800000e+03,99.166667
9379,9.37900000e+03,99.166667
9380,9.38000000e+03,100.791667
9381,9.38100000e+03,100.791667
9382,9.38200000e+03,102.708333
9383,9.38300000e+03,102.708333
9384,9.38400000e+03,104.458333
9385,9.38500000e+03,104.458333
9386,9.38600000e+03,106.166667
9387,9.38700000e+03,106.166667
9388,9.38800000e+03,108.083333
9389,9.38900000e+03,108.083333
9390,9.39000000e+03,109.958333
9391,9.39100000e+03,109.958333
9392,9.39200000e+03,111.708333
9393,9.39300000e+03,111.708333
9394,9.39400000e+03,113.458333
9395,9.39500000e+03,113.458333
9396,9.39600000e+03,115.291667
9397,9.39700000e+03,115.291667
9398,9.39800000e+03,116.958333
9399,9.39900000e+03,116.958333
9400,9.40000000e+03,118.833333
9401,9.40100000e+03,118.833333
9402,9.40200000e+03,120.500000
9403,9.40300000e+03,120.500000
9404,9.40400000e+03,122.333333
9405,9.40500000e+03,122.333333
9406,9.40600000e+03,124.083333
9407,9.40700000e+03,124.083333
9408,9.40800000e+03,125.958333
9409,9.40900000e+03,125.958333
9410,9.41000000e+03,127.708333
9411,9.41100000e+03,127.708333
9412,9.41200000e+03,129.333333
9413,9.41300000e+03,129.333333
9414,9.41400000e+03,131.166667
9415,9.41500000e+03,131.166667
9416,9.41600000e+03,132.750000
9417,9.41700000e+03,132.750000
9418,9.41800000e+03,134.416667
9419,9.41900000e+03,134.416667
9420,9.42000000e+03,136.208333
9421,9.42100000e+03,136.208333
9422,9.42200000e+03,137.875000
9423,9.42300000e+03,137.875000
9424,9.42400000e+03,139.500000
9425,9.42500000e+03,139.500000
9426,9.42600000e+03,140.916667
9427,9.42700000e+03,140.916667
9428,9.42800000e+03,142.541667
9429,9.42900000e+03,142.541667
9430,9.43000000e+03,144.166667
9431,9.43100000e+03,144.166667
9432,9.43200000e+03,145.541667
9433,9.43300000e+03,145.541667
9434,9.43400000e+03,147.041667
9435,9.43500000e+03,147.041667
9436,9.43600000e+03,148.625000
9437,9.43700000e+03,148.625000
9438,9.43800000e+03,150.250000
9439,9.43900000e+03,150.250000
9440,9.44000000e+03,151.625000
9441,9.44100000e+03,151.625000
9442,9.44200000e+03,152.958333
9443,9.44300000e+03,152.958333
9444,9.44400000e+03,154.375000
9445,9.44500000e+03,154.375000
9446,9.44600000e+03,155.666667
9447,9.44700000e+03,155.666667
9448,9.44800000e+03,156.958333
9449,9.44900000e+03,156.958333
9450,9.45000000e+03,158.250000
9451,9.45100000e+03,158.250000
9452,9.45200000e+03,159.583333
9453,9.45300000e+03,159.583333
9454,9.45400000e+03,160.791667
9455,9.45500000e+03,160.791667
9456,9.45600000e+03,162.041667
9457,9.45700000e+03,162.041667
9458,9.45800000e+03,163.166667
9459,9.45900000e+03,163.166667
9460,9.46000000e+03,164.333333
9461,9.46100000e+03,164.333333
9462,9.46200000e+03,165.500000
9463,9.46300000e+03,165.500000
9464,9.46400000e+03,166.541667
9465,9.46500000e+03,166.541667
9466,9.46600000e+03,167.916667
9467,9.46700000e+03,167.916667
9468,9.46800000e+03,168.833333
9469,9.46900000e+03,168.833333
9470,9.47000000e+03,169.958333
9471,9.47100000e+03,169.958333
9472,9.47200000e+03,171.125000
9473,9.47300000e+03,171.125000
9474,9.47400000e+03,172.041667
9475,9.47500000e+03,172.041667
9476,9.47600000e+03,173.250000
9477,9.47700000e+03,173.250000
9478,9.47800000e+03,174.416667
9479,9.47900000e+03,174.416667
9480,9.48000000e+03,175.333333
9481,9.48100000e+03,175.333333
9482,9.48200000e+03,176.125000
9483,9.48300000e+03,176.125000
9484,9.48400000e+03,177.250000
9485,9.48500000e+03,177.250000
9486,9.48600000e+03,178.333333
9487,9.48700000e+03,178.333333
9488,9.48800000e+03,179.333333
9489,9.48900000e+03,179.333333
9490,9.49000000e+03,180.250000
9491,9.49100000e+03,180.250000
9492,9.49200000e+03,181.166667
9493,9.49300000e+03,181.166667
9494,9.49400000e+03,182.125000
9495,9.49500000e+03,182.125000
9496,9.49600000e+03,183.125000
9497,9.49700000e+03,183.125000
9498,9.49800000e+03,184.166667
9499,9.49900000e+03,184.166667
9500,9.50000000e+03,185.333333
9501,9.50100000e+03,185.333333
9502,9.50200000e+03,186.083333
9503,9.50300000e+03,186.083333
9504,9.50400000e+03,187.041667
9505,9.50500000e+03,187.041667
9506,9.50600000e+03,188.250000
9507,9.50700000e+03,188.250000
9508,9.50800000e+03,189.250000
9509,9.50900000e+03,189.250000
9510,9.51000000e+03,190.208333
9511,9.51100000e+03,190.208333
9512,9.51200000e+03,191.166667
9513,9.51300000e+03,191.166667
9514,9.51400000e+03,192.208333
9515,9.51500000e+03,192.208333
9516,9.51600000e+03,193.125000
9517,9.51700000e+03,193.125000
9518,9.51800000e+03,194.333333
9519,9.51900000e+03,194.333333
9520,9.52000000e+03,195.291667
9521,9.52100000e+03,195.291667
9522,9.52200000e+03,196.416667
9523,9.52300000e+03,196.416667
9524,9.52400000e+03,197.541667
9525,9.52500000e+03,197.541667
9526,9.52600000e+03,198.416667
9527,9.52700000e+03,198.416667
9528,9.52800000e+03,199.416667
9529,9.52900000e+03,199.416667
9530,9.53000000e+03,200.625000
9531,9.53100000e+03,200.625000
9532,9.53200000e+03,201.625000
9533,9.53300000e+03,201.625000
9534,9.53400000e+03,202.791667
9535,9.53500000e+03,202.791667
9536,9.53600000e+03,203.791667
9537,9.53700000e+03,203.791667
9538,9.53800000e+03,204.958333
9539,9.53900000e+03,204.958333
9540,9.54000000e+03,206.041667
9541,9.54100000e+03,206.041667
9542,9.54200000e+03,206.958333
9543,9.54300000e+03,206.958333
9544,9.54400000e+03,208.041667
9545,9.54500000e+03,208.041667
9546,9.54600000e+03,209.458333
9547,9.54700000e+03,209.458333
9548,9.54800000e+03,210.375000
9549,9.54900000e+03,210.375000
9550,9.55000000e+03,211.166667
9551,9.55100000e+03,211.166667
9552,9.55200000e+03,212.291667
9553,9.55300000e+03,212.291667
9554,9.55400000e+03,213.291667
9555,9.55500000e+03,213.291667
9556,9.55600000e+03,214.458333
9557,9.55700000e+03,214.458333
9558,9.55800000e+03,215.291667
9559,9.55900000e+03,215.291667
9560,9.56000000e+03,216.291667
9561,9.56100000e+03,216.291667
9562,9.56200000e+03,217.333333
9563,9.56300000e+03,217.333333
9564,9.56400000e+03,218.333333
9565,9.56500000e+03,218.333333
9566,9.56600000e+03,219.083333
9567,9.56700000e+03,219.083333
9568,9.56800000e+03,220.125000
9569,9.56900000e+03,220.125000
9570,9.57000000e+03,220.916667
9571,9.57100000e+03,220.916667
9572,9.57200000e+03,221.708333
9573,9.57300000e+03,221.708333
9574,9.57400000e+03,222.541667
9575,9.57500000e+03,222.541667
9576,9.57600000e+03,223.208333
9577,9.57700000e+03,223.208333
9578,9.57800000e+03,224.041667
9579,9.57900000e+03,224.041667
9580,9.58000000e+03,224.916667
9581,9.58100000e+03,224.916667
9582,9.58200000e+03,225.500000
9583,9.58300000e+03,225.500000
9584,9.58400000e+03,226.333333
9585,9.58500000e+03,226.333333
9586,9.58600000e+03,226.875000
9587,9.58700000e+03,226.875000
9588,9.58800000e+03,227.500000
9589,9.58900000e+03,227.500000
9590,9.59000000e+03,228.125000
9591,9.59100000e+03,228.125000
9592,9.59200000e+03,228.625000
9593,9.59300000e+03,228.625000
9594,9.59400000e+03,229.166667
9595,9.59500000e+03,229.166667
9596,9.59600000e+03,229.416667
9597,9.59700000e+03,229.416667
9598,9.59800000e+03,230.250000
9599,9.59900000e+03,230.250000
9600,9.60000000e+03,230.541667
9601,9.60100000e+03,230.541667
9602,9.60200000e+03,231.041667
9603,9.60300000e+03,231.041667
9604,9.60400000e+03,231.250000
9605,9.60500000e+03,231.250000
9606,9.60600000e+03,231.750000
9607,9.60700000e+03,231.750000
9608,9.60800000e+03,232.041667
9609,9.60900000e+03,232.041667
9610,9.61000000e+03,232.541667
9611,9.61100000e+03,232.541667
9612,9.61200000e+03,232.708333
9613,9.61300000e+03,232.708333
9614,9.61400000e+03,233.125000
9615,9.61500000e+03,233.125000
9616,9.61600000e+03,233.125000
9617,9.61700000e+03,233.125000
9618,9.61800000e+03,233.500000
9619,9.61900000e+03,233.500000
9620,9.62000000e+03,233.708333
9621,9.62100000e+03,233.708333
9622,9.62200000e+03,234.000000
9623,9.62300000e+03,234.000000
9624,9.62400000e+03,234.041667
9625,9.62500000e+03,234.041667
9626,9.62600000e+03,234.208333
9627,9.62700000e+03,234.208333
9628,9.62800000e+03,234.291667
9629,9.62900000e+03,234.291667
9630,9.63000000e+03,234.208333
9631,9.63100000e+03,234.208333
9632,9.63200000e+03,234.500000
9633,9.63300000e+03,234.500000
9634,9.63400000e+03,234.500000
9635,9.63500000e+03,234.500000
9636,9.63600000e+03,234.666667
9637,9.63700000e+03,234.666667
9638,9.63800000e+03,234.666667
9639,9.63900000e+03,234.666667
9640,9.64000000e+03,234.583333
9641,9.64100000e+03,234.583333
9642,9.64200000e+03,234.750000
9643,9.64300000e+03,234.750000
9644,9.64400000e+03,234.750000
9645,9.64500000e+03,234.750000
9646,9.64600000e+03,234.666667
9647,9.64700000e+03,234.666667
9648,9.64800000e+03,234.583333
9649,9.64900000e+03,234.583333
9650,9.65000000e+03,234.625000
9651,9.65100000e+03,234.625000
9652,9.65200000e+03,234.583333
9653,9.65300000e+03,234.583333
9654,9.65400000e+03,234.541667
9655,9.65500000e+03,234.541667
9656,9.65600000e+03,234.458333
9657,9.65700000e+03,234.458333
9658,9.65800000e+03,234.541667
9659,9.65900000e+03,234.541667
9660,9.66000000e+03,234.291667
9661,9.66100000e+03,234.291667
9662,9.66200000e+03,234.291667
9663,9.66300000e+03,234.291667
9664,9.66400000e+03,234.166667
9665,9.66500000e+03,234.166667
9666,9.66600000e+03,233.958333
9667,9.66700000e+03,233.958333
9668,9.66800000e+03,233.958333
9669,9.66900000e+03,233.958333
9670,9.67000000e+03,233.666667
9671,9.67100000e+03,233.666667
9672,9.67200000e+03,233.500000
9673,9.67300000e+03,233.500000
9674,9.67400000e+03,233.291667
9675,9.67500000e+03,233.291667
9676,9.67600000e+03,233.083333
9677,9.67700000e+03,233.083333
9678,9.67800000e+03,232.708333
9679,9.67900000e+03,232.708333
9680,9.68000000e+03,232.625000
9681,9.68100000e+03,232.625000
9682,9.68200000e+03,232.333333
9683,9.68300000e+03,232.333333
9684,9.68400000e+03,232.041667
9685,9.68500000e+03,232.041667
9686,9.68600000e+03,231.708333
9687,9.68700000e+03,231.708333
9688,9.68800000e+03,231.416667
9689,9.68900000e+03,231.416667
9690,9.69000000e+03,231.041667
9691,9.69100000e+03,231.041667
9692,9.69200000e+03,230.625000
9693,9.69300000e+03,230.625000
9694,9.69400000e+03,230.458333
9695,9.69500000e+03,230.458333
9696,9.69600000e+03,230.000000
9697,9.69700000e+03,230.000000
9698,9.69800000e+03,229.458333
9699,9.69900000e+03,229.458333
9700,9.70000000e+03,229.125000
9701,9.70100000e+03,229.125000
9702,9.70200000e+03,228.583333
9703,9.70300000e+03,228.583333
9704,9.70400000e+03,227.916667
9705,9.70500000e+03,227.916667
9706,9.70600000e+03,227.458333
9707,9.70700000e+03,227.458333
9708,9.70800000e+03,227.041667
9709,9.70900000e+03,227.041667
9710,9.71000000e+03,226.541667
9711,9.71100000e+03,226.541667
9712,9.71200000e+03,225.875000
9713,9.71300000e+03,225.875000
9714,9.71400000e+03,225.125000
9715,9.71500000e+03,225.125000
9716,9.71600000e+03,224.375000
9717,9.71700000e+03,224.375000
9718,9.71800000e+03,223.666667
9719,9.71900000e+03,223.666667
9720,9.72000000e+03,223.041667
9721,9.72100000e+03,223.041667
9722,9.72200000e+03,222.166667
9723,9.72300000e+03,222.166667
9724,9.72400000e+03,221.500000
9725,9.72500000e+03,221.500000
9726,9.72600000e+03,220.708333
9727,9.72700000e+03,220.708333
9728,9.72800000e+03,220.083333
9729,9.72900000e+03,220.083333
9730,9.73000000e+03,218.833333
9731,9.73100000e+03,218.833333
9732,9.73200000e+03,218.125000
9733,9.73300000e+03,218.125000
9734,9.73400000e+03,217.166667
9735,9.73500000e+03,217.166667
9736,9.73600000e+03,216.166667
9737,9.73700000e+03,216.166667
9738,9.73800000e+03,215.250000
9739,9.73900000e+03,215.250000
9740,9.74000000e+03,214.208333
9741,9.74100000e+03,214.208333
9742,9.74200000e+03,213.375000
9743,9.74300000e+03,213.375000
9744,9.74400000e+03,212.250000
9745,9.74500000e+03,212.250000
9746,9.74600000e+03,211.166667
9747,9.74700000e+03,211.166667
9748,9.74800000e+03,210.125000
9749,9.74900000e+03,210.125000
9750,9.75000000e+03,209.166667
9751,9.75100000e+03,209.166667
9752,9.75200000e+03,207.958333
9753,9.75300000e+03,207.958333
9754,9.75400000e+03,206.916667
9755,9.75500000e+03,206.916667
9756,9.75600000e+03,205.875000
9757,9.75700000e+03,205.875000
9758,9.75800000e+03,204.666667
9759,9.75900000e+03,204.666667
9760,9.76000000e+03,203.458333
9761,9.76100000e+03,203.458333
9762,9.76200000e+03,202.625000
9763,9.76300000e+03,202.625000
9764,9.76400000e+03,201.416667
9765,9.76500000e+03,201.416667
9766,9.76600000e+03,200.208333
9767,9.76700000e+03,200.208333
9768,9.76800000e+03,199.291667
9769,9.76900000e+03,199.291667
9770,9.77000000e+03,198.166667
9771,9.77100000e+03,198.166667
9772,9.77200000e+03,197.208333
9773,9.77300000e+03,197.208333
9774,9.77400000e+03,196.166667
9775,9.77500000e+03,196.166667
9776,9.77600000e+03,194.750000
9777,9.77700000e+03,194.750000
9778,9.77800000e+03,193.791667
9779,9.77900000e+03,193.791667
9780,9.78000000e+03,192.625000
9781,9.78100000e+03,192.625000
9782,9.78200000e+03,191.708333
9783,9.78300000e+03,191.708333
9784,9.78400000e+03,190.625000
9785,9.78500000e+03,190.625000
9786,9.78600000e+03,189.458333
9787,9.78700000e+03,189.458333
9788,9.78800000e+03,188.375000
9789,9.78900000e+03,188.375000
9790,9.79000000e+03,187.333333
9791,9.79100000e+03,187.333333
9792,9.79200000e+03,186.625000
9793,9.79300000e+03,186.625000
9794,9.79400000e+03,185.291667
9795,9.79500000e+03,185.291667
9796,9.79600000e+03,184.333333
9797,9.79700000e+03,184.333333
9798,9.79800000e+03,183.375000
9799,9.79900000e+03,183.375000
9800,9.80000000e+03,182.250000
9801,9.80100000e+03,182.250000
9802,9.80200000e+03,181.291667
9803,9.80300000e+03,181.291667
9804,9.80400000e+03,180.250000
9805,9.80500000e+03,180.250000
9806,9.80600000e+03,179.333333
9807,9.80700000e+03,179.333333
9808,9.80800000e+03,178.291667
9809,9.80900000e+03,178.291667
9810,9.81000000e+03,177.291667
9811,9.81100000e+03,177.291667
9812,9.81200000e+03,176.333333
9813,9.81300000e+03,176.333333
9814,9.81400000e+03,175.291667
9815,9.81500000e+03,175.291667
9816,9.81600000e+03,174.333333
9817,9.81700000e+03,174.333333
9818,9.81800000e+03,173.416667
9819,9.81900000e+03,173.416667
9820,9.82000000e+03,172.375000
9821,9.82100000e+03,172.375000
9822,9.82200000e+03,171.250000
9823,9.82300000e+03,171.250000
9824,9.82400000e+03,170.291667
9825,9.82500000e+03,170.291667
9826,9.82600000e+03,169.000000
9827,9.82700000e+03,169.000000
9828,9.82800000e+03,168.000000
9829,9.82900000e+03,168.000000
9830,9.83000000e+03,167.041667
9831,9.83100000e+03,167.041667
9832,9.83200000e+03,165.791667
9833,9.83300000e+03,165.791667
9834,9.83400000e+03,164.750000
9835,9.83500000e+03,164.750000
9836,9.83600000e+03,163.500000
9837,9.83700000e+03,163.500000
9838,9.83800000e+03,162.541667
9839,9.83900000e+03,162.541667
9840,9.84000000e+03,161.208333
9841,9.84100000e+03,161.208333
9842,9.84200000e+03,160.041667
9843,9.84300000e+03,160.041667
9844,9.84400000e+03,158.750000
9845,9.84500000e+03,158.750000
9846,9.84600000e+03,157.666667
9847,9.84700000e+03,157.666667
9848,9.84800000e+03,156.250000
9849,9.84900000e+03,156.250000
9850,9.85000000e+03,155.000000
9851,9.85100000e+03,155.000000
9852,9.85200000e+03,153.583333
9853,9.85300000e+03,153.583333
9854,9.85400000e+03,152.208333
9855,9.85500000e+03,152.208333
9856,9.85600000e+03,150.916667
9857,9.85700000e+03,150.916667
9858,9.85800000e+03,149.541667
9859,9.85900000e+03,149.541667
9860,9.86000000e+03,148.000000
9861,9.86100000e+03,148.000000
9862,9.86200000e+03,146.500000
9863,9.86300000e+03,146.500000
9864,9.86400000e+03,144.958333
9865,9.86500000e+03,144.958333
9866,9.86600000e+03,143.583333
9867,9.86700000e+03,143.583333
9868,9.86800000e+03,141.958333
9869,9.86900000e+03,141.958333
9870,9.87000000e+03,140.333333
9871,9.87100000e+03,140.333333
9872,9.87200000e+03,138.791667
9873,9.87300000e+03,138.791667
9874,9.87400000e+03,137.291667
9875,9.87500000e+03,137.291667
9876,9.87600000e+03,135.458333
9877,9.87700000e+03,135.458333
9878,9.87800000e+03,133.791667
9879,9.87900000e+03,133.791667
9880,9.88000000e+03,132.208333
9881,9.88100000e+03,132.208333
9882,9.88200000e+03,130.416667
9883,9.88300000e+03,130.416667
9884,9.88400000e+03,128.750000
9885,9.88500000e+03,128.750000
9886,9.88600000e+03,126.958333
9887,9.88700000e+03,126.958333
9888,9.88800000e+03,124.958333
9889,9.88900000e+03,124.958333
9890,9.89000000e+03,123.416667
9891,9.89100000e+03,123.416667
9892,9.89200000e+03,121.375000
9893,9.89300000e+03,121.375000
9894,9.89400000e+03,119.708333
9895,9.89500000e+03,119.708333
9896,9.89600000e+03,117.875000
9897,9.89700000e+03,117.875000
9898,9.89800000e+03,116.125000
9899,9.89900000e+03,116.125000
9900,9.90000000e+03,114.125000
9901,9.90100000e+03,114.125000
9902,9.90200000e+03,112.458333
9903,9.90300000e+03,112.458333
9904,9.90400000e+03,110.625000
9905,9.90500000e+03,110.625000
9906,9.90600000e+03,108.750000
9907,9.90700000e+03,108.750000
9908,9.90800000e+03,106.791667
9909,9.90900000e+03,106.791667
9910,9.91000000e+03,105.083333
9911,9.91100000e+03,105.083333
9912,9.91200000e+03,103.333333
9913,9.91300000e+03,103.333333
9914,9.91400000e+03,101.458333
9915,9.91500000e+03,101.458333
9916,9.91600000e+03,99.583333
9917,9.91700000e+03,99.583333
9918,9.91800000e+03,97.583333
9919,9.91900000e+03,97.583333
9920,9.92000000e+03,96.000000
9921,9.92100000e+03,96.000000
9922,9.92200000e+03,94.250000
9923,9.92300000e+03,94.250000
9924,9.92400000e+03,92.250000
9925,9.92500000e+03,92.250000
9926,9.92600000e+03,90.791667
9927,9.92700000e+03,90.791667
9928,9.92800000e+03,88.791667
9929,9.92900000e+03,88.791667
9930,9.93000000e+03,87.000000
9931,9.93100000e+03,87.000000
9932,9.93200000e+03,85.375000
9933,9.93300000e+03,85.375000
9934,9.93400000e+03,83.458333
9935,9.93500000e+03,83.458333
9936,9.93600000e+03,81.625000
9937,9.93700000e+03,81.625000
9938,9.93800000e+03,79.916667
9939,9.93900000e+03,79.916667
9940,9.94000000e+03,78.041667
9941,9.94100000e+03,78.041667
9942,9.94200000e+03,76.333333
9943,9.94300000e+03,76.333333
9944,9.94400000e+03,74.708333
9945,9.94500000e+03,74.708333
9946,9.94600000e+03,72.791667
9947,9.94700000e+03,72.791667
9948,9.94800000e+03,71.083333
9949,9.94900000e+03,71.083333
9950,9.95000000e+03,69.625000
9951,9.95100000e+03,69.625000
9952,9.95200000e+03,67.500000
9953,9.95300000e+03,67.500000
9954,9.95400000e+03,65.875000
9955,9.95500000e+03,65.875000
9956,9.95600000e+03,64.166667
9957,9.95700000e+03,64.166667
9958,9.95800000e+03,62.291667
9959,9.95900000e+03,62.291667
9960,9.96000000e+03,60.416667
9961,9.96100000e+03,60.416667
9962,9.96200000e+03,58.833333
9963,9.96300000e+03,58.833333
9964,9.96400000e+03,57.041667
9965,9.96500000e+03,57.041667
9966,9.96600000e+03,55.333333
9967,9.96700000e+03,55.333333
9968,9.96800000e+03,53.375000
9969,9.96900000e+03,53.375000
9970,9.97000000e+03,51.625000
9971,9.97100000e+03,51.625000
9972,9.97200000e+03,49.791667
9973,9.97300000e+03,49.791667
9974,9.97400000e+03,48.041667
9975,9.97500000e+03,48.041667
9976,9.97600000e+03,46.208333
9977,9.97700000e+03,46.208333
9978,9.97800000e+03,44.375000
9979,9.97900000e+03,44.375000
9980,9.98000000e+03,42.458333
9981,9.98100000e+03,42.458333
9982,9.98200000e+03,40.541667
9983,9.98300000e+03,40.541667
9984,9.98400000e+03,38.458333
9985,9.98500000e+03,38.458333
9986,9.98600000e+03,36.666667
9987,9.98700000e+03,36.666667
9988,9.98800000e+03,34.500000
9989,9.98900000e+03,34.500000
9990,9.99000000e+03,32.500000
9991,9.99100000e+03,32.500000
9992,9.99200000e+03,30.541667
9993,9.99300000e+03,30.541667
9994,9.99400000e+03,28.583333
9995,9.99500000e+03,28.583333
9996,9.99600000e+03,26.625000
9997,9.99700000e+03,26.625000
9998,9.99800000e+03,24.458333
9999,9.99900000e+03,24.458333
10000,1.00000000e+04,22.500000
10001,1.00010000e+04,22.500000
10002,1.00020000e+04,20.541667
10003,1.00030000e+04,20.541667
10004,1.00040000e+04,18.458333
10005,1.00050000e+04,18.458333
10006,1.00060000e+04,16.250000
10007,1.00070000e+04,16.250000
10008,1.00080000e+04,14.083333
10009,1.00090000e+04,14.083333
10010,1.00100000e+04,12.000000
10011,1.00110000e+04,12.000000
10012,1.00120000e+04,9.875000
10013,1.00130000e+04,9.875000
10014,1.00140000e+04,7.708333
10015,1.00150000e+04,7.708333
10016,1.00160000e+04,5.500000
10017,1.00170000e+04,5.500000
10018,1.00180000e+04,3.541667
10019,1.00190000e+04,3.541667
10020,1.00200000e+04,1.458333
10021,1.00210000e+04,1.458333
10022,1.00220000e+04,-0.666667
10023,1.00230000e+04,-0.666667
10024,1.00240000e+04,-2.791667
10025,1.00250000e+04,-2.791667
10026,1.00260000e+04,-5.083333
10027,1.00270000e+04,-5.083333
10028,1.00280000e+04,-7.083333
10029,1.00290000e+04,-7.083333
10030,1.00300000e+04,-9.166667
10031,1.00310000e+04,-9.166667
10032,1.00320000e+04,-11.458333
10033,1.00330000e+04,-11.458333
10034,1.00340000e+04,-13.416667
10035,1.00350000e+04,-13.416667
10036,1.00360000e+04,-15.625000
10037,1.00370000e+04,-15.625000
10038,1.00380000e+04,-17.750000
10039,1.00390000e+04,-17.750000
10040,1.00400000e+04,-19.916667
10041,1.00410000e+04,-19.916667
10042,1.00420000e+04,-22.083333
10043,1.00430000e+04,-22.083333
10044,1.00440000e+04,-24.250000
10045,1.00450000e+04,-24.250000
10046,1.00460000e+04,-26.041667
10047,1.00470000e+04,-26.041667
10048,1.00480000e+04,-28.208333
10049,1.00490000e+04,-28.208333
10050,1.00500000e+04,-30.333333
10051,1.00510000e+04,-30.333333
10052,1.00520000e+04,-32.291667
10053,1.00530000e+04,-32.291667
10054,1.00540000e+04,-34.125000
10055,1.00550000e+04,-34.125000
10056,1.00560000e+04,-36.291667
10057,1.00570000e+04,-36.291667
10058,1.00580000e+04,-38.333333
10059,1.00590000e+04,-38.333333
10060,1.00600000e+04,-40.083333
10061,1.00610000e+04,-40.083333
10062,1.00620000e+04,-42.208333
10063,1.00630000e+04,-42.208333
10064,1.00640000e+04,-44.125000
10065,1.00650000e+04,-44.125000
10066,1.00660000e+04,-46.125000
10067,1.00670000e+04,-46.125000
10068,1.00680000e+04,-47.833333
10069,1.00690000e+04,-47.833333
10070,1.00700000e+04,-49.708333
10071,1.00710000e+04,-49.708333
10072,1.00720000e+04,-51.666667
10073,1.00730000e+04,-51.666667
10074,1.00740000e+04,-53.458333
10075,1.00750000e+04,-53.458333
10076,1.00760000e+04,-55.291667
10077,1.00770000e+04,-55.291667
10078,1.00780000e+04,-57.125000
10079,1.00790000e+04,-57.125000
10080,1.00800000e+04,-58.875000
10081,1.00810000e+04,-58.875000
10082,1.00820000e+04,-60.666667
10083,1.00830000e+04,-60.666667
10084,1.00840000e+04,-62.583333
10085,1.00850000e+04,-62.583333
10086,1.00860000e+04,-64.166667
10087,1.00870000e+04,-64.166667
10088,1.00880000e+04,-65.958333
10089,1.00890000e+04,-65.958333
10090,1.00900000e+04,-67.750000
10091,1.00910000e+04,-67.750000
10092,1.00920000e+04,-69.708333
10093,1.00930000e+04,-69.708333
10094,1.00940000e+04,-71.250000
10095,1.00950000e+04,-71.250000
10096,1.00960000e+04,-72.958333
10097,1.00970000e+04,-72.958333
10098,1.00980000e+04,-74.708333
10099,1.00990000e+04,-74.708333
10100,1.01000000e+04,-76.458333
10101,1.01010000e+04,-76.458333
10102,1.01020000e+04,-78.333333
10103,1.01030000e+04,-78.333333
10104,1.01040000e+04,-79.791667
10105,1.01050000e+04,-79.791667
10106,1.01060000e+04,-81.625000
10107,1.01070000e+04,-81.625000
10108,1.01080000e+04,-83.416667
10109,1.01090000e+04,-83.416667
10110,1.01100000e+04,-85.166667
10111,1.01110000e+04,-85.166667
10112,1.01120000e+04,-86.916667
10113,1.01130000e+04,-86.916667
10114,1.01140000e+04,-88.791667
10115,1.01150000e+04,-88.791667
10116,1.01160000e+04,-90.541667
10117,1.01170000e+04,-90.541667
10118,1.01180000e+04,-92.166667
10119,1.01190000e+04,-92.166667
10120,1.01200000e+04,-94.125000
10121,1.01210000e+04,-94.125000
10122,1.01220000e+04,-95.750000
10123,1.01230000e+04,-95.750000
10124,1.01240000e+04,-97.708333
10125,1.01250000e+04,-97.708333
10126,1.01260000e+04,-99.416667
10127,1.01270000e+04,-99.416667
10128,1.01280000e+04,-101.333333
10129,1.01290000e+04,-101.333333
10130,1.01300000e+04,-103.083333
10131,1.01310000e+04,-103.083333
10132,1.01320000e+04,-104.666667
10133,1.01330000e+04,-104.666667
10134,1.01340000e+04,-106.625000
10135,1.01350000e+04,-106.625000
10136,1.01360000e+04,-108.291667
10137,1.01370000e+04,-108.291667
10138,1.01380000e+04,-110.125000
10139,1.01390000e+04,-110.125000
10140,1.01400000e+04,-111.833333
10141,1.01410000e+04,-111.833333
10142,1.01420000e+04,-113.583333
10143,1.01430000e+04,-113.583333
10144,1.01440000e+04,-115.541667
10145,1.01450000e+04,-115.541667
10146,1.01460000e+04,-117.333333
10147,1.01470000e+04,-117.333333
10148,1.01480000e+04,-119.000000
10149,1.01490000e+04,-119.000000
10150,1.01500000e+04,-120.875000
10151,1.01510000e+04,-120.875000
10152,1.01520000e+04,-122.666667
10153,1.01530000e+04,-122.666667
10154,1.01540000e+04,-124.500000
10155,1.01550000e+04,-124.500000
10156,1.01560000e+04,-126.083333
10157,1.01570000e+04,-126.083333
10158,1.01580000e+04,-127.958333
10159,1.01590000e+04,-127.958333
10160,1.01600000e+04,-129.541667
10161,1.01610000e+04,-129.541667
10162,1.01620000e+04,-131.250000
10163,1.01630000e+04,-131.250000
10164,1.01640000e+04,-133.041667
10165,1.01650000e+04,-133.041667
10166,1.01660000e+04,-134.791667
10167,1.01670000e+04,-134.791667
10168,1.01680000e+04,-136.541667
10169,1.01690000e+04,-136.541667
10170,1.01700000e+04,-138.041667
10171,1.01710000e+04,-138.041667
10172,1.01720000e+04,-139.583333
10173,1.01730000e+04,-139.583333
10174,1.01740000e+04,-141.291667
10175,1.01750000e+04,-141.291667
10176,1.01760000e+04,-143.000000
10177,1.01770000e+04,-143.000000
10178,1.01780000e+04,-144.541667
10179,1.01790000e+04,-144.541667
10180,1.01800000e+04,-145.875000
10181,1.01810000e+04,-145.875000
10182,1.01820000e+04,-147.375000
10183,1.01830000e+04,-147.375000
10184,1.01840000e+04,-148.958333
10185,1.01850000e+04,-148.958333
10186,1.01860000e+04,-150.375000
10187,1.01870000e+04,-150.375000
10188,1.01880000e+04,-151.791667
10189,1.01890000e+04,-151.791667
10190,1.01900000e+04,-153.333333
10191,1.01910000e+04,-153.333333
10192,1.01920000e+04,-154.625000
10193,1.01930000e+04,-154.625000
10194,1.01940000e+04,-155.875000
10195,1.01950000e+04,-155.875000
10196,1.01960000e+04,-157.333333
10197,1.01970000e+04,-157.333333
10198,1.01980000e+04,-158.500000
10199,1.01990000e+04,-158.500000
10200,1.02000000e+04,-159.833333
10201,1.02010000e+04,-159.833333
10202,1.02020000e+04,-161.041667
10203,1.02030000e+04,-161.041667
10204,1.02040000e+04,-162.375000
10205,1.02050000e+04,-162.375000
10206,1.02060000e+04,-163.500000
10207,1.02070000e+04,-163.500000
10208,1.02080000e+04,-164.708333
10209,1.02090000e+04,-164.708333
10210,1.02100000e+04,-165.833333
10211,1.02110000e+04,-165.833333
10212,1.02120000e+04,-166.958333
10213,1.02130000e+04,-166.958333
10214,1.02140000e+04,-167.958333
10215,1.02150000e+04,-167.958333
10216,1.02160000e+04,-169.083333
10217,1.02170000e+04,-169.083333
10218,1.02180000e+04,-170.250000
10219,1.02190000e+04,-170.250000
10220,1.02200000e+04,-171.166667
10221,1.02210000e+04,-171.166667
10222,1.02220000e+04,-172.291667
10223,1.02230000e+04,-172.291667
10224,1.02240000e+04,-173.333333
10225,1.02250000e+04,-173.333333
10226,1.02260000e+04,-174.375000
10227,1.02270000e+04,-174.375000
10228,1.02280000e+04,-175.416667
10229,1.02290000e+04,-175.416667
10230,1.02300000e+04,-176.583333
10231,1.02310000e+04,-176.583333
10232,1.02320000e+04,-177.458333
10233,1.02330000e+04,-177.458333
10234,1.02340000e+04,-178.541667
10235,1.02350000e+04,-178.541667
10236,1.02360000e+04,-179.458333
10237,1.02370000e+04,-179.458333
10238,1.02380000e+04,-180.416667
10239,1.02390000e+04,-180.416667
10240,1.02400000e+04,-181.375000
10241,1.02410000e+04,-181.375000
10242,1.02420000e+04,-182.500000
10243,1.02430000e+04,-182.500000
10244,1.02440000e+04,-183.416667
10245,1.02450000e+04,-183.416667
10246,1.02460000e+04,-184.458333
10247,1.02470000e+04,-184.458333
10248,1.02480000e+04,-185.458333
10249,1.02490000e+04,-185.458333
10250,1.02500000e+04,-186.375000
10251,1.02510000e+04,-186.375000
10252,1.02520000e+04,-187.416667
10253,1.02530000e+04,-187.416667
10254,1.02540000e+04,-188.375000
10255,1.02550000e+04,-188.375000
10256,1.02560000e+04,-189.375000
10257,1.02570000e+04,-189.375000
10258,1.02580000e+04,-190.333333
10259,1.02590000e+04,-190.333333
10260,1.02600000e+04,-191.416667
10261,1.02610000e+04,-191.416667
10262,1.02620000e+04,-192.375000
10263,1.02630000e+04,-192.375000
10264,1.02640000e+04,-193.458333
10265,1.02650000e+04,-193.458333
10266,1.02660000e+04,-194.375000
10267,1.02670000e+04,-194.375000
10268,1.02680000e+04,-195.541667
10269,1.02690000e+04,-195.541667
10270,1.02700000e+04,-196.541667
10271,1.02710000e+04,-196.541667
10272,1.02720000e+04,-197.666667
10273,1.02730000e+04,-197.666667
10274,1.02740000e+04,-198.666667
10275,1.02750000e+04,-198.666667
10276,1.02760000e+04,-199.791667
10277,1.02770000e+04,-199.791667
10278,1.02780000e+04,-200.791667
10279,1.02790000e+04,-200.791667
10280,1.02800000e+04,-201.833333
10281,1.02810000e+04,-201.833333
10282,1.02820000e+04,-202.958333
10283,1.02830000e+04,-202.958333
10284,1.02840000e+04,-204.166667
10285,1.02850000e+04,-204.166667
10286,1.02860000e+04,-205.125000
10287,1.02870000e+04,-205.125000
10288,1.02880000e+04,-206.250000
10289,1.02890000e+04,-206.250000
10290,1.02900000e+04,-207.291667
10291,1.02910000e+04,-207.291667
10292,1.02920000e+04,-208.166667
10293,1.02930000e+04,-208.166667
10294,1.02940000e+04,-209.416667
10295,1.02950000e+04,-209.416667
10296,1.02960000e+04,-210.583333
10297,1.02970000e+04,-210.583333
10298,1.02980000e+04,-211.583333
10299,1.02990000e+04,-211.583333
10300,1.03000000e+04,-212.625000
10301,1.03010000e+04,-212.625000
10302,1.03020000e+04,-213.666667
10303,1.03030000e+04,-213.666667
10304,1.03040000e+04,-214.708333
10305,1.03050000e+04,-214.708333
10306,1.03060000e+04,-215.666667
10307,1.03070000e+04,-215.666667
10308,1.03080000e+04,-216.541667
10309,1.03090000e+04,-216.541667
10310,1.03100000e+04,-217.458333
10311,1.03110000e+04,-217.458333
10312,1.03120000e+04,-218.416667
10313,1.03130000e+04,-218.416667
10314,1.03140000e+04,-219.416667
10315,1.03150000e+04,-219.416667
10316,1.03160000e+04,-220.250000
10317,1.03170000e+04,-220.250000
10318,1.03180000e+04,-221.083333
10319,1.03190000e+04,-221.083333
10320,1.03200000e+04,-222.000000
10321,1.03210000e+04,-222.000000
10322,1.03220000e+04,-222.625000
10323,1.03230000e+04,-222.625000
10324,1.03240000e+04,-223.583333
10325,1.03250000e+04,-223.583333
10326,1.03260000e+04,-224.125000
10327,1.03270000e+04,-224.125000
10328,1.03280000e+04,-225.083333
10329,1.03290000e+04,-225.083333
10330,1.03300000e+04,-225.666667
10331,1.03310000e+04,-225.666667
10332,1.03320000e+04,-226.291667
10333,1.03330000e+04,-226.291667
10334,1.03340000e+04,-226.833333
10335,1.03350000e+04,-226.833333
10336,1.03360000e+04,-227.625000
10337,1.03370000e+04,-227.625000
10338,1.03380000e+04,-228.291667
10339,1.03390000e+04,-228.291667
10340,1.03400000e+04,-228.625000
10341,1.03410000e+04,-228.625000
10342,1.03420000e+04,-229.291667
10343,1.03430000e+04,-229.291667
10344,1.03440000e+04,-229.791667
10345,1.03450000e+04,-229.791667
10346,1.03460000e+04,-230.250000
10347,1.03470000e+04,-230.250000
10348,1.03480000e+04,-230.791667
10349,1.03490000e+04,-230.791667
10350,1.03500000e+04,-230.958333
10351,1.03510000e+04,-230.958333
10352,1.03520000e+04,-231.541667
10353,1.03530000e+04,-231.541667
10354,1.03540000e+04,-231.916667
10355,1.03550000e+04,-231.916667
10356,1.03560000e+04,-232.000000
10357,1.03570000e+04,-232.000000
10358,1.03580000e+04,-232.500000
10359,1.03590000e+04,-232.500000
10360,1.03600000e+04,-232.833333
10361,1.03610000e+04,-232.833333
10362,1.03620000e+04,-233.125000
10363,1.03630000e+04,-233.125000
10364,1.03640000e+04,-233.208333
10365,1.03650000e+04,-233.208333
10366,1.03660000e+04,-233.541667
10367,1.03670000e+04,-233.541667
10368,1.03680000e+04,-233.791667
10369,1.03690000e+04,-233.791667
10370,1.03700000e+04,-233.916667
10371,1.03710000e+04,-233.916667
10372,1.03720000e+04,-234.125000
10373,1.03730000e+04,-234.125000
10374,1.03740000e+04,-234.166667
10375,1.03750000e+04,-234.166667
10376,1.03760000e+04,-234.333333
10377,1.03770000e+04,-234.333333
10378,1.03780000e+04,-234.333333
10379,1.03790000e+04,-234.333333
10380,1.03800000e+04,-234.375000
10381,1.03810000e+04,-234.375000
10382,1.03820000e+04,-234.541667
10383,1.03830000e+04,-234.541667
10384,1.03840000e+04,-234.708333
10385,1.03850000e+04,-234.708333
10386,1.03860000e+04,-234.583333
10387,1.03870000e+04,-234.583333
10388,1.03880000e+04,-234.666667
10389,1.03890000e+04,-234.666667
10390,1.03900000e+04,-234.791667
10391,1.03910000e+04,-234.791667
10392,1.03920000e+04,-234.708333
10393,1.03930000e+04,-234.708333
10394,1.03940000e+04,-234.625000
10395,1.03950000e+04,-234.625000
10396,1.03960000e+04,-234.666667
10397,1.03970000e+04,-234.666667
10398,1.03980000e+04,-234.583333
10399,1.03990000e+04,-234.583333
10400,1.04000000e+04,-234.583333
10401,1.04010000e+04,-234.583333
10402,1.04020000e+04,-234.583333
10403,1.04030000e+04,-234.583333
10404,1.04040000e+04,-234.541667
10405,1.04050000e+04,-234.541667
10406,1.04060000e+04,-234.458333
10407,1.04070000e+04,-234.458333
10408,1.04080000e+04,-234.333333
10409,1.04090000e+04,-234.333333
10410,1.04100000e+04,-234.250000
10411,1.04110000e+04,-234.250000
10412,1.04120000e+04,-234.041667
10413,1.04130000e+04,-234.041667
10414,1.04140000e+04,-233.916667
10415,1.04150000e+04,-233.916667
10416,1.04160000e+04,-233.791667
10417,1.04170000e+04,-233.791667
10418,1.04180000e+04,-233.541667
10419,1.04190000e+04,-233.541667
10420,1.04200000e+04,-233.541667
10421,1.04210000e+04,-233.541667
10422,1.04220000e+04,-233.375000
10423,1.04230000e+04,-233.375000
10424,1.04240000e+04,-233.083333
10425,1.04250000e+04,-233.083333
10426,1.04260000e+04,-232.833333
10427,1.04270000e+04,-232.833333
10428,1.04280000e+04,-232.541667
10429,1.04290000e+04,-232.541667
10430,1.04300000e+04,-232.291667
10431,1.04310000e+04,-232.291667
10432,1.04320000e+04,-231.875000
10433,1.04330000e+04,-231.875000
10434,1.04340000e+04,-231.791667
10435,1.04350000e+04,-231.791667
10436,1.04360000e+04,-231.250000
10437,1.04370000e+04,-231.250000
10438,1.04380000e+04,-231.000000
10439,1.04390000e+04,-231.000000
10440,1.04400000e+04,-230.583333
10441,1.04410000e+04,-230.583333
10442,1.04420000e+04,-230.375000
10443,1.04430000e+04,-230.375000
10444,1.04440000e+04,-229.958333
10445,1.04450000e+04,-229.958333
10446,1.04460000e+04,-229.375000
10447,1.04470000e+04,-229.375000
10448,1.04480000e+04,-229.041667
10449,1.04490000e+04,-229.041667
10450,1.04500000e+04,-228.541667
10451,1.04510000e+04,-228.541667
10452,1.04520000e+04,-228.208333
10453,1.04530000e+04,-228.208333
10454,1.04540000e+04,-227.541667
10455,1.04550000e+04,-227.541667
10456,1.04560000e+04,-226.875000
10457,1.04570000e+04,-226.875000
10458,1.04580000e+04,-226.291667
10459,1.04590000e+04,-226.291667
10460,1.04600000e+04,-225.583333
10461,1.04610000e+04,-225.583333
10462,1.04620000e+04,-225.083333
10463,1.04630000e+04,-225.083333
10464,1.04640000e+04,-224.166667
10465,1.04650000e+04,-224.166667
10466,1.04660000e+04,-223.541667
10467,1.04670000e+04,-223.541667
10468,1.04680000e+04,-222.916667
10469,1.04690000e+04,-222.916667
10470,1.04700000e+04,-222.166667
10471,1.04710000e+04,-222.166667
10472,1.04720000e+04,-221.458333
10473,1.04730000e+04,-221.458333
10474,1.04740000e+04,-220.500000
10475,1.04750000e+04,-220.500000
10476,1.04760000e+04,-219.583333
10477,1.04770000e+04,-219.583333
10478,1.04780000e+04,-218.791667
10479,1.04790000e+04,-218.791667
10480,1.04800000e+04,-217.958333
10481,1.04810000e+04,-217.958333
10482,1.04820000e+04,-216.875000
10483,1.04830000e+04,-216.875000
10484,1.04840000e+04,-216.083333
10485,1.04850000e+04,-216.083333
10486,1.04860000e+04,-214.958333
10487,1.04870000e+04,-214.958333
10488,1.04880000e+04,-214.083333
10489,1.04890000e+04,-214.083333
10490,1.04900000e+04,-213.125000
10491,1.04910000e+04,-213.125000
10492,1.04920000e+04,-212.000000
10493,1.04930000e+04,-212.000000
10494,1.04940000e+04,-211.041667
10495,1.04950000e+04,-211.041667
10496,1.04960000e+04,-210.083333
10497,1.04970000e+04,-210.083333
10498,1.04980000e+04,-208.791667
10499,1.04990000e+04,-208.791667
10500,1.05000000e+04,-207.666667
10501,1.05010000e+04,-207.666667
10502,1.05020000e+04,-206.625000
10503,1.05030000e+04,-206.625000
10504,1.05040000e+04,-205.750000
10505,1.05050000e+04,-205.750000
10506,1.05060000e+04,-204.458333
10507,1.05070000e+04,-204.458333
10508,1.05080000e+04,-203.250000
10509,1.05090000e+04,-203.250000
10510,1.05100000e+04,-202.041667
10511,1.05110000e+04,-202.041667
10512,1.05120000e+04,-201.166667
10513,1.05130000e+04,-201.166667
10514,1.05140000e+04,-200.166667
10515,1.05150000e+04,-200.166667
10516,1.05160000e+04,-198.833333
10517,1.05170000e+04,-198.833333
10518,1.05180000e+04,-198.000000
10519,1.05190000e+04,-198.000000
10520,1.05200000e+04,-196.875000
10521,1.05210000e+04,-196.875000
10522,1.05220000e+04,-195.625000
10523,1.05230000e+04,-195.625000
10524,1.05240000e+04,-194.625000
10525,1.05250000e+04,-194.625000
10526,1.05260000e+04,-193.458333
10527,1.05270000e+04,-193.458333
10528,1.05280000e+04,-192.541667
10529,1.05290000e+04,-192.541667
10530,1.05300000e+04,-191.458333
10531,1.05310000e+04,-191.458333
10532,1.05320000e+04,-190.333333
10533,1.05330000e+04,-190.333333
10534,1.05340000e+04,-189.166667
10535,1.05350000e+04,-189.166667
10536,1.05360000e+04,-188.125000
10537,1.05370000e+04,-188.125000
10538,1.05380000e+04,-187.208333
10539,1.05390000e+04,-187.208333
10540,1.05400000e+04,-186.041667
10541,1.05410000e+04,-186.041667
10542,1.05420000e+04,-185.000000
10543,1.05430000e+04,-185.000000
10544,1.05440000e+04,-184.166667
10545,1.05450000e+04,-184.166667
10546,1.05460000e+04,-183.000000
10547,1.05470000e+04,-183.000000
10548,1.05480000e+04,-182.083333
10549,1.05490000e+04,-182.083333
10550,1.05500000e+04,-181.083333
10551,1.05510000e+04,-181.083333
10552,1.05520000e+04,-180.000000
10553,1.05530000e+04,-180.000000
10554,1.05540000e+04,-178.916667
10555,1.05550000e+04,-178.916667
10556,1.05560000e+04,-178.041667
10557,1.05570000e+04,-178.041667
10558,1.05580000e+04,-177.041667
10559,1.05590000e+04,-177.041667
10560,1.05600000e+04,-176.083333
10561,1.05610000e+04,-176.083333
10562,1.05620000e+04,-175.000000
10563,1.05630000e+04,-175.000000
10564,1.05640000e+04,-173.916667
10565,1.05650000e+04,-173.916667
10566,1.05660000e+04,-173.000000
10567,1.05670000e+04,-173.000000
10568,1.05680000e+04,-171.916667
10569,1.05690000e+04,-171.916667
10570,1.05700000e+04,-170.916667
10571,1.05710000e+04,-170.916667
10572,1.05720000e+04,-169.958333
10573,1.05730000e+04,-169.958333
10574,1.05740000e+04,-168.916667
10575,1.05750000e+04,-168.916667
10576,1.05760000e+04,-167.791667
10577,1.05770000e+04,-167.791667
10578,1.05780000e+04,-166.666667
10579,1.05790000e+04,-166.666667
10580,1.05800000e+04,-165.625000
10581,1.05810000e+04,-165.625000
10582,1.05820000e+04,-164.583333
10583,1.05830000e+04,-164.583333
10584,1.05840000e+04,-163.333333
10585,1.05850000e+04,-163.333333
10586,1.05860000e+04,-162.083333
10587,1.05870000e+04,-162.083333
10588,1.05880000e+04,-161.083333
10589,1.05890000e+04,-161.083333
10590,1.05900000e+04,-159.791667
10591,1.05910000e+04,-159.791667
10592,1.05920000e+04,-158.583333
10593,1.05930000e+04,-158.583333
10594,1.05940000e+04,-157.208333
10595,1.05950000e+04,-157.208333
10596,1.05960000e+04,-155.916667
10597,1.05970000e+04,-155.916667
10598,1.05980000e+04,-154.791667
10599,1.05990000e+04,-154.791667
10600,1.06000000e+04,-153.375000
10601,1.06010000e+04,-153.375000
10602,1.06020000e+04,-151.875000
10603,1.06030000e+04,-151.875000
10604,1.06040000e+04,-150.666667
10605,1.06050000e+04,-150.666667
10606,1.06060000e+04,-149.125000
10607,1.06070000e+04,-149.125000
10608,1.06080000e+04,-147.583333
10609,1.06090000e+04,-147.583333
10610,1.06100000e+04,-146.333333
10611,1.06110000e+04,-146.333333
10612,1.06120000e+04,-144.791667
10613,1.06130000e+04,-144.791667
10614,1.06140000e+04,-143.083333
10615,1.06150000e+04,-143.083333
10616,1.06160000e+04,-141.666667
10617,1.06170000e+04,-141.666667
10618,1.06180000e+04,-140.000000
10619,1.06190000e+04,-140.000000
10620,1.06200000e+04,-138.416667
10621,1.06210000e+04,-138.416667
10622,1.06220000e+04,-136.833333
10623,1.06230000e+04,-136.833333
10624,1.06240000e+04,-135.125000
10625,1.06250000e+04,-135.125000
10626,1.06260000e+04,-133.333333
10627,1.06270000e+04,-133.333333
10628,1.06280000e+04,-131.666667
10629,1.06290000e+04,-131.666667
10630,1.06300000e+04,-129.958333
10631,1.06310000e+04,-129.958333
10632,1.06320000e+04,-128.291667
10633,1.06330000e+04,-128.291667
10634,1.06340000e+04,-126.541667
10635,1.06350000e+04,-126.541667
10636,1.06360000e+04,-124.666667
10637,1.06370000e+04,-124.666667
10638,1.06380000e+04,-122.833333
10639,1.06390000e+04,-122.833333
10640,1.06400000e+04,-121.166667
10641,1.06410000e+04,-121.166667
10642,1.06420000e+04,-119.250000
10643,1.06430000e+04,-119.250000
10644,1.06440000e+04,-117.458333
10645,1.06450000e+04,-117.458333
10646,1.06460000e+04,-115.875000
10647,1.06470000e+04,-115.875000
10648,1.06480000e+04,-113.958333
10649,1.06490000e+04,-113.958333
10650,1.06500000e+04,-111.958333
10651,1.06510000e+04,-111.958333
10652,1.06520000e+04,-110.291667
10653,1.06530000e+04,-110.291667
10654,1.06540000e+04,-108.250000
10655,1.06550000e+04,-108.250000
10656,1.06560000e+04,-106.416667
10657,1.06570000e+04,-106.416667
10658,1.06580000e+04,-104.625000
10659,1.06590000e+04,-104.625000
10660,1.06600000e+04,-102.833333
10661,1.06610000e+04,-102.833333
10662,1.06620000e+04,-101.000000
10663,1.06630000e+04,-101.000000
10664,1.06640000e+04,-99.375000
10665,1.06650000e+04,-99.375000
10666,1.06660000e+04,-97.250000
10667,1.06670000e+04,-97.250000
10668,1.06680000e+04,-95.416667
10669,1.06690000e+04,-95.416667
10670,1.06700000e+04,-93.666667
10671,1.06710000e+04,-93.666667
10672,1.06720000e+04,-92.083333
10673,1.06730000e+04,-92.083333
10674,1.06740000e+04,-90.083333
10675,1.06750000e+04,-90.083333
10676,1.06760000e+04,-88.458333
10677,1.06770000e+04,-88.458333
10678,1.06780000e+04,-86.708333
10679,1.06790000e+04,-86.708333
10680,1.06800000e+04,-84.750000
10681,1.06810000e+04,-84.750000
10682,1.06820000e+04,-83.083333
10683,1.06830000e+04,-83.083333
10684,1.06840000e+04,-81.250000
10685,1.06850000e+04,-81.250000
10686,1.06860000e+04,-79.458333
10687,1.06870000e+04,-79.458333
10688,1.06880000e+04,-77.583333
10689,1.06890000e+04,-77.583333
10690,1.06900000e+04,-75.833333
10691,1.06910000e+04,-75.833333
10692,1.06920000e+04,-74.166667
10693,1.06930000e+04,-74.166667
10694,1.06940000e+04,-72.541667
10695,1.06950000e+04,-72.541667
10696,1.06960000e+04,-70.625000
10697,1.06970000e+04,-70.625000
10698,1.06980000e+04,-68.875000
10699,1.06990000e+04,-68.875000
10700,1.07000000e+04,-67.333333
10701,1.07010000e+04,-67.333333
10702,1.07020000e+04,-65.458333
10703,1.07030000e+04,-65.458333
10704,1.07040000e+04,-63.750000
10705,1.07050000e+04,-63.750000
10706,1.07060000e+04,-62.125000
10707,1.07070000e+04,-62.125000
10708,1.07080000e+04,-60.208333
10709,1.07090000e+04,-60.208333
10710,1.07100000e+04,-58.416667
10711,1.07110000e+04,-58.416667
10712,1.07120000e+04,-56.583333
10713,1.07130000e+04,-56.583333
10714,1.07140000e+04,-54.791667
10715,1.07150000e+04,-54.791667
10716,1.07160000e+04,-53.041667
10717,1.07170000e+04,-53.041667
10718,1.07180000e+04,-51.208333
10719,1.07190000e+04,-51.208333
10720,1.07200000e+04,-49.416667
10721,1.07210000e+04,-49.416667
10722,1.07220000e+04,-47.541667
10723,1.07230000e+04,-47.541667
10724,1.07240000e+04,-45.625000
10725,1.07250000e+04,-45.625000
10726,1.07260000e+04,-43.791667
10727,1.07270000e+04,-43.791667
10728,1.07280000e+04,-41.875000
10729,1.07290000e+04,-41.875000
10730,1.07300000e+04,-40.000000
10731,1.07310000e+04,-40.000000
10732,1.07320000e+04,-38.083333
10733,1.07330000e+04,-38.083333
10734,1.07340000e+04,-36.041667
10735,1.07350000e+04,-36.041667
10736,1.07360000e+04,-34.000000
10737,1.07370000e+04,-34.000000
10738,1.07380000e+04,-32.083333
10739,1.07390000e+04,-32.083333
10740,1.07400000e+04,-29.958333
10741,1.07410000e+04,-29.958333
10742,1.07420000e+04,-28.250000
10743,1.07430000e+04,-28.250000
10744,1.07440000e+04,-26.250000
10745,1.07450000e+04,-26.250000
10746,1.07460000e+04,-24.041667
10747,1.07470000e+04,-24.041667
10748,1.07480000e+04,-21.958333
10749,1.07490000e+04,-21.958333
10750,1.07500000e+04,-19.833333
10751,1.07510000e+04,-19.833333
10752,1.07520000e+04,-17.791667
10753,1.07530000e+04,-17.791667
10754,1.07540000e+04,-15.916667
10755,1.07550000e+04,-15.916667
10756,1.07560000e+04,-13.708333
10757,1.07570000e+04,-13.708333
10758,1.07580000e+04,-11.500000
10759,1.07590000e+04,-11.500000
10760,1.07600000e+04,-9.500000
10761,1.07610000e+04,-9.500000
10762,1.07620000e+04,-7.375000
10763,1.07630000e+04,-7.375000
10764,1.07640000e+04,-5.166667
10765,1.07650000e+04,-5.166667
10766,1.07660000e+04,-2.958333
10767,1.07670000e+04,-2.958333
10768,1.07680000e+04,-0.750000
10769,1.07690000e+04,-0.750000
10770,1.07700000e+04,1.208333
10771,1.07710000e+04,1.208333
10772,1.07720000e+04,3.250000
10773,1.07730000e+04,3.250000
10774,1.07740000e+04,5.500000
10775,1.07750000e+04,5.500000
10776,1.07760000e+04,7.666667
10777,1.07770000e+04,7.666667
10778,1.07780000e+04,9.958333
10779,1.07790000e+04,9.958333
10780,1.07800000e+04,11.833333
10781,1.07810000e+04,11.833333
10782,1.07820000e+04,14.208333
10783,1.07830000e+04,14.208333
10784,1.07840000e+04,16.166667
10785,1.07850000e+04,16.166667
10786,1.07860000e+04,18.208333
10787,1.07870000e+04,18.208333
10788,1.07880000e+04,20.416667
10789,1.07890000e+04,20.416667
10790,1.07900000e+04,22.541667
10791,1.07910000e+04,22.541667
10792,1.07920000e+04,24.708333
10793,1.07930000e+04,24.708333
10794,1.07940000e+04,26.708333
10795,1.07950000e+04,26.708333
10796,1.07960000e+04,28.833333
10797,1.07970000e+04,28.833333
10798,1.07980000e+04,30.708333
10799,1.07990000e+04,30.708333
10800,1.08000000e+04,32.833333
10801,1.08010000e+04,32.833333
10802,1.08020000e+04,34.666667
10803,1.08030000e+04,34.666667
10804,1.08040000e+04,36.625000
10805,1.08050000e+04,36.625000
10806,1.08060000e+04,38.791667
10807,1.08070000e+04,38.791667
10808,1.08080000e+04,40.708333
10809,1.08090000e+04,40.708333
10810,1.08100000e+04,42.625000
10811,1.08110000e+04,42.625000
10812,1.08120000e+04,44.750000
10813,1.08130000e+04,44.750000
10814,1.08140000e+04,46.458333
10815,1.08150000e+04,46.458333
10816,1.08160000e+04,48.333333
10817,1.08170000e+04,48.333333
10818,1.08180000e+04,50.333333
10819,1.08190000e+04,50.333333
10820,1.08200000e+04,52.083333
10821,1.08210000e+04,52.083333
10822,1.08220000e+04,54.000000
10823,1.08230000e+04,54.000000
10824,1.08240000e+04,55.750000
10825,1.08250000e+04,55.750000
10826,1.08260000e+04,57.666667
10827,1.08270000e+04,57.666667
10828,1.08280000e+04,59.416667
10829,1.08290000e+04,59.416667
10830,1.08300000e+04,61.125000
10831,1.08310000e+04,61.125000
10832,1.08320000e+04,62.875000
10833,1.08330000e+04,62.875000
10834,1.08340000e+04,64.666667
10835,1.08350000e+04,64.666667
10836,1.08360000e+04,66.458333
10837,1.08370000e+04,66.458333
10838,1.08380000e+04,68.125000
10839,1.08390000e+04,68.125000
10840,1.08400000e+04,69.791667
10841,1.08410000e+04,69.791667
10842,1.08420000e+04,71.708333
10843,1.08430000e+04,71.708333
10844,1.08440000e+04,73.333333
10845,1.08450000e+04,73.333333
10846,1.08460000e+04,75.291667
10847,1.08470000e+04,75.291667
10848,1.08480000e+04,76.916667
10849,1.08490000e+04,76.916667
10850,1.08500000e+04,78.833333
10851,1.08510000e+04,78.833333
10852,1.08520000e+04,80.500000
10853,1.08530000e+04,80.500000
10854,1.08540000e+04,82.208333
10855,1.08550000e+04,82.208333
10856,1.08560000e+04,83.916667
10857,1.08570000e+04,83.916667
10858,1.08580000e+04,85.666667
10859,1.08590000e+04,85.666667
10860,1.08600000e+04,87.416667
10861,1.08610000e+04,87.416667
10862,1.08620000e+04,89.333333
10863,1.08630000e+04,89.333333
10864,1.08640000e+04,90.916667
10865,1.08650000e+04,90.916667
10866,1.08660000e+04,92.750000
10867,1.08670000e+04,92.750000
10868,1.08680000e+04,94.458333
10869,1.08690000e+04,94.458333
10870,1.08700000e+04,96.250000
10871,1.08710000e+04,96.250000
10872,1.08720000e+04,98.125000
10873,1.08730000e+04,98.125000
10874,1.08740000e+04,99.791667
10875,1.08750000e+04,99.791667
10876,1.08760000e+04,101.583333
10877,1.08770000e+04,101.583333
10878,1.08780000e+04,103.416667
10879,1.08790000e+04,103.416667
10880,1.08800000e+04,105.208333
10881,1.08810000e+04,105.208333
10882,1.08820000e+04,106.958333
10883,1.08830000e+04,106.958333
10884,1.08840000e+04,108.791667
10885,1.08850000e+04,108.791667
10886,1.08860000e+04,110.750000
10887,1.08870000e+04,110.750000
10888,1.08880000e+04,112.333333
10889,1.08890000e+04,112.333333
10890,1.08900000e+04,114.208333
10891,1.08910000e+04,114.208333
10892,1.08920000e+04,115.916667
10893,1.08930000e+04,115.916667
10894,1.08940000e+04,117.750000
10895,1.08950000e+04,117.750000
10896,1.08960000e+04,119.666667
10897,1.08970000e+04,119.666667
10898,1.08980000e+04,121.333333
10899,1.08990000e+04,121.333333
10900,1.09000000e+04,123.125000
10901,1.09010000e+04,123.125000
10902,1.09020000e+04,124.958333
10903,1.09030000e+04,124.958333
10904,1.09040000e+04,126.583333
10905,1.09050000e+04,126.583333
10906,1.09060000e+04,128.500000
10907,1.09070000e+04,128.500000
10908,1.09080000e+04,130.208333
10909,1.09090000e+04,130.208333
10910,1.09100000e+04,131.833333
10911,1.09110000e+04,131.833333
10912,1.09120000e+04,133.500000
10913,1.09130000e+04,133.500000
10914,1.09140000e+04,135.166667
10915,1.09150000e+04,135.166667
10916,1.09160000e+04,136.875000
10917,1.09170000e+04,136.875000
10918,1.09180000e+04,138.541667
10919,1.09190000e+04,138.541667
10920,1.09200000e+04,140.125000
10921,1.09210000e+04,140.125000
10922,1.09220000e+04,141.666667
10923,1.09230000e+04,141.666667
10924,1.09240000e+04,143.291667
10925,1.09250000e+04,143.291667
10926,1.09260000e+04,145.000000
10927,1.09270000e+04,145.000000
10928,1.09280000e+04,146.541667
10929,1.09290000e+04,146.541667
10930,1.09300000e+04,148.000000
10931,1.09310000e+04,148.000000
10932,1.09320000e+04,149.375000
10933,1.09330000e+04,149.375000
10934,1.09340000e+04,150.875000
10935,1.09350000e+04,150.875000
10936,1.09360000e+04,152.333333
10937,1.09370000e+04,152.333333
10938,1.09380000e+04,153.833333
10939,1.09390000e+04,153.833333
10940,1.09400000e+04,154.833333
10941,1.09410000e+04,154.833333
10942,1.09420000e+04,156.458333
10943,1.09430000e+04,156.458333
10944,1.09440000e+04,157.625000
10945,1.09450000e+04,157.625000
10946,1.09460000e+04,159.000000
10947,1.09470000e+04,159.000000
10948,1.09480000e+04,160.083333
10949,1.09490000e+04,160.083333
10950,1.09500000e+04,161.458333
10951,1.09510000e+04,161.458333
10952,1.09520000e+04,162.666667
10953,1.09530000e+04,162.666667
10954,1.09540000e+04,163.833333
10955,1.09550000e+04,163.833333
10956,1.09560000e+04,165.083333
10957,1.09570000e+04,165.083333
10958,1.09580000e+04,166.125000
10959,1.09590000e+04,166.125000
10960,1.09600000e+04,167.375000
10961,1.09610000e+04,167.375000
10962,1.09620000e+04,168.333333
10963,1.09630000e+04,168.333333
10964,1.09640000e+04,169.625000
10965,1.09650000e+04,169.625000
10966,1.09660000e+04,170.583333
10967,1.09670000e+04,170.583333
10968,1.09680000e+04,171.625000
10969,1.09690000e+04,171.625000
10970,1.09700000e+04,172.875000
10971,1.09710000e+04,172.875000
10972,1.09720000e+04,173.750000
10973,1.09730000e+04,173.750000
10974,1.09740000e+04,174.750000
10975,1.09750000e+04,174.750000
10976,1.09760000e+04,175.875000
10977,1.09770000e+04,175.875000
10978,1.09780000e+04,176.875000
10979,1.09790000e+04,176.875000
10980,1.09800000e+04,177.791667
10981,1.09810000e+04,177.791667
10982,1.09820000e+04,178.708333
10983,1.09830000e+04,178.708333
10984,1.09840000e+04,179.708333
10985,1.09850000e+04,179.708333
10986,1.09860000e+04,180.875000
10987,1.09870000e+04,180.875000
10988,1.09880000e+04,181.791667
10989,1.09890000e+04,181.791667
10990,1.09900000e+04,182.666667
10991,1.09910000e+04,182.666667
10992,1.09920000e+04,183.833333
10993,1.09930000e+04,183.833333
10994,1.09940000e+04,184.708333
10995,1.09950000e+04,184.708333
10996,1.09960000e+04,185.625000
10997,1.09970000e+04,185.625000
10998,1.09980000e+04,186.625000
10999,1.09990000e+04,186.625000
11000,1.10000000e+04,187.666667
11001,1.10010000e+04,187.666667
11002,1.10020000e+04,188.708333
11003,1.10030000e+04,188.708333
11004,1.10040000e+04,189.625000
11005,1.10050000e+04,189.625000
11006,1.10060000e+04,190.750000
11007,1.10070000e+04,190.750000
11008,1.10080000e+04,191.666667
11009,1.10090000e+04,191.666667
11010,1.10100000e+04,192.708333
11011,1.10110000e+04,192.708333
11012,1.10120000e+04,193.708333
11013,1.10130000e+04,193.708333
11014,1.10140000e+04,194.791667
11015,1.10150000e+04,194.791667
11016,1.10160000e+04,195.791667
11017,1.10170000e+04,195.791667
11018,1.10180000e+04,197.041667
11019,1.10190000e+04,197.041667
11020,1.10200000e+04,198.041667
11021,1.10210000e+04,198.041667
11022,1.10220000e+04,199.000000
11023,1.10230000e+04,199.000000
11024,1.10240000e+04,200.041667
11025,1.10250000e+04,200.041667
11026,1.10260000e+04,201.166667
11027,1.10270000e+04,201.166667
11028,1.10280000e+04,202.375000
11029,1.10290000e+04,202.375000
11030,1.10300000e+04,203.375000
11031,1.10310000e+04,203.375000
11032,1.10320000e+04,204.458333
11033,1.10330000e+04,204.458333
11034,1.10340000e+04,205.625000
11035,1.10350000e+04,205.625000
11036,1.10360000e+04,206.625000
11037,1.10370000e+04,206.625000
11038,1.10380000e+04,207.583333
11039,1.10390000e+04,207.583333
11040,1.10400000e+04,208.875000
11041,1.10410000e+04,208.875000
11042,1.10420000e+04,209.833333
11043,1.10430000e+04,209.833333
11044,1.10440000e+04,210.833333
11045,1.10450000e+04,210.833333
11046,1.10460000e+04,211.916667
11047,1.10470000e+04,211.916667
11048,1.10480000e+04,212.916667
11049,1.10490000e+04,212.916667
11050,1.10500000e+04,214.041667
11051,1.10510000e+04,214.041667
11052,1.10520000e+04,214.958333
11053,1.10530000e+04,214.958333
11054,1.10540000e+04,215.958333
11055,1.10550000e+04,215.958333
11056,1.10560000e+04,217.000000
11057,1.10570000e+04,217.000000
11058,1.10580000e+04,217.875000
11059,1.10590000e+04,217.875000
11060,1.10600000e+04,218.791667
11061,1.10610000e+04,218.791667
11062,1.10620000e+04,219.666667
11063,1.10630000e+04,219.666667
11064,1.10640000e+04,220.583333
11065,1.10650000e+04,220.583333
11066,1.10660000e+04,221.500000
11067,1.10670000e+04,221.500000
11068,1.10680000e+04,222.375000
11069,1.10690000e+04,222.375000
11070,1.10700000e+04,223.041667
11071,1.10710000e+04,223.041667
11072,1.10720000e+04,223.916667
11073,1.10730000e+04,223.916667
11074,1.10740000e+04,224.666667
11075,1.10750000e+04,224.666667
11076,1.10760000e+04,225.166667
11077,1.10770000e+04,225.166667
11078,1.10780000e+04,226.000000
11079,1.10790000e+04,226.000000
11080,1.10800000e+04,226.791667
11081,1.10810000e+04,226.791667
11082,1.10820000e+04,227.291667
11083,1.10830000e+04,227.291667
11084,1.10840000e+04,228.000000
11085,1.10850000e+04,228.000000
11086,1.10860000e+04,228.583333
11087,1.10870000e+04,228.583333
11088,1.10880000e+04,229.000000
11089,1.10890000e+04,229.000000
11090,1.10900000e+04,229.708333
11091,1.10910000e+04,229.708333
11092,1.10920000e+04,230.250000
11093,1.10930000e+04,230.250000
11094,1.10940000e+04,230.541667
11095,1.10950000e+04,230.541667
11096,1.10960000e+04,230.958333
11097,1.10970000e+04,230.958333
11098,1.10980000e+04,231.375000
11099,1.10990000e+04,231.375000
11100,1.11000000e+04,231.791667
11101,1.11010000e+04,231.791667
11102,1.11020000e+04,232.125000
11103,1.11030000e+04,232.125000
11104,1.11040000e+04,232.583333
11105,1.11050000e+04,232.583333
11106,1.11060000e+04,232.750000
11107,1.11070000e+04,232.750000
11108,1.11080000e+04,233.166667
11109,1.11090000e+04,233.166667
11110,1.11100000e+04,233.458333
11111,1.11110000e+04,233.458333
11112,1.11120000e+04,233.541667
11113,1.11130000e+04,233.541667
11114,1.11140000e+04,233.708333
11115,1.11150000e+04,233.708333
11116,1.11160000e+04,234.000000
11117,1.11170000e+04,234.000000
11118,1.11180000e+04,234.125000
11119,1.11190000e+04,234.125000
11120,1.11200000e+04,234.333333
11121,1.11210000e+04,234.333333
11122,1.11220000e+04,234.375000
11123,1.11230000e+04,234.375000
11124,1.11240000e+04,234.583333
11125,1.11250000e+04,234.583333
11126,1.11260000e+04,234.666667
11127,1.11270000e+04,234.666667
11128,1.11280000e+04,234.666667
11129,1.11290000e+04,234.666667
11130,1.11300000e+04,234.833333
11131,1.11310000e+04,234.833333
11132,1.11320000e+04,234.875000
11133,1.11330000e+04,234.875000
11134,1.11340000e+04,234.916667
11135,1.11350000e+04,234.916667
11136,1.11360000e+04,235.000000
11137,1.11370000e+04,235.000000
11138,1.11380000e+04,234.916667
11139,1.11390000e+04,234.916667
11140,1.11400000e+04,234.875000
11141,1.11410000e+04,234.875000
11142,1.11420000e+04,234.833333
11143,1.11430000e+04,234.833333
11144,1.11440000e+04,234.916667
11145,1.11450000e+04,234.916667
11146,1.11460000e+04,234.791667
11147,1.11470000e+04,234.791667
11148,1.11480000e+04,234.833333
11149,1.11490000e+04,234.833333
11150,1.11500000e+04,234.916667
11151,1.11510000e+04,234.916667
11152,1.11520000e+04,234.541667
11153,1.11530000e+04,234.541667
11154,1.11540000e+04,234.625000
11155,1.11550000e+04,234.625000
11156,1.11560000e+04,234.708333
11157,1.11570000e+04,234.708333
11158,1.11580000e+04,234.375000
11159,1.11590000e+04,234.375000
11160,1.11600000e+04,234.375000
11161,1.11610000e+04,234.375000
11162,1.11620000e+04,234.125000
11163,1.11630000e+04,234.125000
11164,1.11640000e+04,234.041667
11165,1.11650000e+04,234.041667
11166,1.11660000e+04,233.666667
11167,1.11670000e+04,233.666667
11168,1.11680000e+04,233.458333
11169,1.11690000e+04,233.458333
11170,1.11700000e+04,233.416667
11171,1.11710000e+04,233.416667
11172,1.11720000e+04,233.083333
11173,1.11730000e+04,233.083333
11174,1.11740000e+04,233.000000
11175,1.11750000e+04,233.000000
11176,1.11760000e+04,232.791667
11177,1.11770000e+04,232.791667
11178,1.11780000e+04,232.541667
11179,1.11790000e+04,232.541667
11180,1.11800000e+04,232.125000
11181,1.11810000e+04,232.125000
11182,1.11820000e+04,231.875000
11183,1.11830000e+04,231.875000
11184,1.11840000e+04,231.625000
11185,1.11850000e+04,231.625000
11186,1.11860000e+04,231.250000
11187,1.11870000e+04,231.250000
11188,1.11880000e+04,230.875000
11189,1.11890000e+04,230.875000
11190,1.11900000e+04,230.375000
11191,1.11910000e+04,230.375000
11192,1.11920000e+04,230.125000
11193,1.11930000e+04,230.125000
11194,1.11940000e+04,229.500000
11195,1.11950000e+04,229.500000
11196,1.11960000e+04,228.958333
11197,1.11970000e+04,228.958333
11198,1.11980000e+04,228.791667
11199,1.11990000e+04,228.791667
11200,1.12000000e+04,228.166667
11201,1.12010000e+04,228.166667
11202,1.12020000e+04,227.458333
11203,1.12030000e+04,227.458333
11204,1.12040000e+04,226.833333
11205,1.12050000e+04,226.833333
11206,1.12060000e+04,226.541667
11207,1.12070000e+04,226.541667
11208,1.12080000e+04,225.708333
11209,1.12090000e+04,225.708333
11210,1.12100000e+04,225.041667
11211,1.12110000e+04,225.041667
11212,1.12120000e+04,224.500000
11213,1.12130000e+04,224.500000
11214,1.12140000e+04,223.708333
11215,1.12150000e+04,223.708333
11216,1.12160000e+04,223.000000
11217,1.12170000e+04,223.000000
11218,1.12180000e+04,222.291667
11219,1.12190000e+04,222.291667
11220,1.12200000e+04,221.375000
11221,1.12210000e+04,221.375000
11222,1.12220000e+04,220.500000
11223,1.12230000e+04,220.500000
11224,1.12240000e+04,219.708333
11225,1.12250000e+04,219.708333
11226,1.12260000e+04,218.833333
11227,1.12270000e+04,218.833333
11228,1.12280000e+04,218.041667
11229,1.12290000e+04,218.041667
11230,1.12300000e+04,216.958333
11231,1.12310000e+04,216.958333
11232,1.12320000e+04,216.000000
11233,1.12330000e+04,216.000000
11234,1.12340000e+04,215.041667
11235,1.12350000e+04,215.041667
11236,1.12360000e+04,214.125000
11237,1.12370000e+04,214.125000
11238,1.12380000e+04,213.208333
11239,1.12390000e+04,213.208333
11240,1.12400000e+04,212.083333
11241,1.12410000e+04,212.083333
11242,1.12420000e+04,211.041667
11243,1.12430000e+04,211.041667
11244,1.12440000e+04,209.875000
11245,1.12450000e+04,209.875000
11246,1.12460000e+04,209.000000
11247,1.12470000e+04,209.000000
11248,1.12480000e+04,207.666667
11249,1.12490000e+04,207.666667
11250,1.12500000e+04,206.708333
11251,1.12510000e+04,206.708333
11252,1.12520000e+04,205.708333
11253,1.12530000e+04,205.708333
11254,1.12540000e+04,204.583333
11255,1.12550000e+04,204.583333
11256,1.12560000e+04,203.416667
11257,1.12570000e+04,203.416667
11258,1.12580000e+04,202.458333
11259,1.12590000e+04,202.458333
11260,1.12600000e+04,201.166667
11261,1.12610000e+04,201.166667
11262,1.12620000e+04,200.083333
11263,1.12630000e+04,200.083333
11264,1.12640000e+04,199.166667
11265,1.12650000e+04,199.166667
11266,1.12660000e+04,197.875000
11267,1.12670000e+04,197.875000
11268,1.12680000e+04,196.750000
11269,1.12690000e+04,196.750000
11270,1.12700000e+04,195.791667
11271,1.12710000e+04,195.791667
11272,1.12720000e+04,194.666667
11273,1.12730000e+04,194.666667
11274,1.12740000e+04,193.541667
11275,1.12750000e+04,193.541667
11276,1.12760000e+04,192.541667
11277,1.12770000e+04,192.541667
11278,1.12780000e+04,191.208333
11279,1.12790000e+04,191.208333
11280,1.12800000e+04,190.541667
11281,1.12810000e+04,190.541667
11282,1.12820000e+04,189.416667
11283,1.12830000e+04,189.416667
11284,1.12840000e+04,188.125000
11285,1.12850000e+04,188.125000
11286,1.12860000e+04,187.250000
11287,1.12870000e+04,187.250000
11288,1.12880000e+04,186.375000
11289,1.12890000e+04,186.375000
11290,1.12900000e+04,185.166667
11291,1.12910000e+04,185.166667
11292,1.12920000e+04,184.166667
11293,1.12930000e+04,184.166667
11294,1.12940000e+04,183.166667
11295,1.12950000e+04,183.166667
11296,1.12960000e+04,182.041667
11297,1.12970000e+04,182.041667
11298,1.12980000e+04,180.916667
11299,1.12990000e+04,180.916667
11300,1.13000000e+04,180.083333
11301,1.13010000e+04,180.083333
11302,1.13020000e+04,179.083333
11303,1.13030000e+04,179.083333
11304,1.13040000e+04,178.166667
11305,1.13050000e+04,178.166667
11306,1.13060000e+04,176.958333
11307,1.13070000e+04,176.958333
11308,1.13080000e+04,176.166667
11309,1.13090000e+04,176.166667
11310,1.13100000e+04,175.000000
11311,1.13110000e+04,175.000000
11312,1.13120000e+04,174.000000
11313,1.13130000e+04,174.000000
11314,1.13140000e+04,173.041667
11315,1.13150000e+04,173.041667
11316,1.13160000e+04,172.083333
11317,1.13170000e+04,172.083333
11318,1.13180000e+04,170.833333
11319,1.13190000e+04,170.833333
11320,1.13200000e+04,169.958333
11321,1.13210000e+04,169.958333
11322,1.13220000e+04,168.833333
11323,1.13230000e+04,168.833333
11324,1.13240000e+04,167.791667
11325,1.13250000e+04,167.791667
11326,1.13260000e+04,166.833333
11327,1.13270000e+04,166.833333
11328,1.13280000e+04,165.833333
11329,1.13290000e+04,165.833333
11330,1.13300000e+04,164.458333
11331,1.13310000e+04,164.458333
11332,1.13320000e+04,163.458333
11333,1.13330000e+04,163.458333
11334,1.13340000e+04,162.291667
11335,1.13350000e+04,162.291667
11336,1.13360000e+04,160.958333
11337,1.13370000e+04,160.958333
11338,1.13380000e+04,159.708333
11339,1.13390000e+04,159.708333
11340,1.13400000e+04,158.708333
11341,1.13410000e+04,158.708333
11342,1.13420000e+04,157.416667
11343,1.13430000e+04,157.416667
11344,1.13440000e+04,156.125000
11345,1.13450000e+04,156.125000
11346,1.13460000e+04,154.750000
11347,1.13470000e+04,154.750000
11348,1.13480000e+04,153.375000
11349,1.13490000e+04,153.375000
11350,1.13500000e+04,152.000000
11351,1.13510000e+04,152.000000
11352,1.13520000e+04,150.666667
11353,1.13530000e+04,150.666667
11354,1.13540000e+04,149.083333
11355,1.13550000e+04,149.083333
11356,1.13560000e+04,147.833333
11357,1.13570000e+04,147.833333
11358,1.13580000e+04,146.250000
11359,1.13590000e+04,146.250000
11360,1.13600000e+04,144.625000
11361,1.13610000e+04,144.625000
11362,1.13620000e+04,143.250000
11363,1.13630000e+04,143.250000
11364,1.13640000e+04,141.750000
11365,1.13650000e+04,141.750000
11366,1.13660000e+04,139.958333
11367,1.13670000e+04,139.958333
11368,1.13680000e+04,138.416667
11369,1.13690000e+04,138.416667
11370,1.13700000e+04,136.750000
11371,1.13710000e+04,136.750000
11372,1.13720000e+04,135.166667
11373,1.13730000e+04,135.166667
11374,1.13740000e+04,133.541667
11375,1.13750000e+04,133.541667
11376,1.13760000e+04,131.750000
11377,1.13770000e+04,131.750000
11378,1.13780000e+04,130.000000
11379,1.13790000e+04,130.000000
11380,1.13800000e+04,128.250000
11381,1.13810000e+04,128.250000
11382,1.13820000e+04,126.625000
11383,1.13830000e+04,126.625000
11384,1.13840000e+04,124.500000
11385,1.13850000e+04,124.500000
11386,1.13860000e+04,122.750000
11387,1.13870000e+04,122.750000
11388,1.13880000e+04,121.000000
11389,1.13890000e+04,121.000000
11390,1.13900000e+04,119.333333
11391,1.13910000e+04,119.333333
11392,1.13920000e+04,117.583333
11393,1.13930000e+04,117.583333
11394,1.13940000e+04,115.583333
11395,1.13950000e+04,115.583333
11396,1.13960000e+04,113.916667
11397,1.13970000e+04,113.916667
11398,1.13980000e+04,112.000000
11399,1.13990000e+04,112.000000
11400,1.14000000e+04,110.208333
11401,1.14010000e+04,110.208333
11402,1.14020000e+04,108.250000
11403,1.14030000e+04,108.250000
11404,1.14040000e+04,106.541667
11405,1.14050000e+04,106.541667
11406,1.14060000e+04,104.791667
11407,1.14070000e+04,104.791667
11408,1.14080000e+04,102.750000
11409,1.14090000e+04,102.750000
11410,1.14100000e+04,101.083333
11411,1.14110000e+04,101.083333
11412,1.14120000e+04,99.208333
11413,1.14130000e+04,99.208333
11414,1.14140000e+04,97.375000
11415,1.14150000e+04,97.375000
11416,1.14160000e+04,95.625000
11417,1.14170000e+04,95.625000
11418,1.14180000e+04,93.625000
11419,1.14190000e+04,93.625000
11420,1.14200000e+04,91.916667
11421,1.14210000e+04,91.916667
11422,1.14220000e+04,90.041667
11423,1.14230000e+04,90.041667
11424,1.14240000e+04,88.250000
11425,1.14250000e+04,88.250000
11426,1.14260000e+04,86.500000
11427,1.14270000e+04,86.500000
11428,1.14280000e+04,84.708333
11429,1.14290000e+04,84.708333
11430,1.14300000e+04,83.125000
11431,1.14310000e+04,83.125000
11432,1.14320000e+04,81.125000
11433,1.14330000e+04,81.125000
11434,1.14340000e+04,79.500000
11435,1.14350000e+04,79.500000
11436,1.14360000e+04,77.625000
11437,1.14370000e+04,77.625000
11438,1.14380000e+04,75.958333
11439,1.14390000e+04,75.958333
11440,1.14400000e+04,74.125000
11441,1.14410000e+04,74.125000
11442,1.14420000e+04,72.541667
11443,1.14430000e+04,72.541667
11444,1.14440000e+04,70.625000
11445,1.14450000e+04,70.625000
11446,1.14460000e+04,68.875000
11447,1.14470000e+04,68.875000
11448,1.14480000e+04,67.000000
11449,1.14490000e+04,67.000000
11450,1.14500000e+04,65.500000
11451,1.14510000e+04,65.500000
11452,1.14520000e+04,63.541667
11453,1.14530000e+04,63.541667
11454,1.14540000e+04,62.041667
11455,1.14550000e+04,62.041667
11456,1.14560000e+04,60.166667
11457,1.14570000e+04,60.166667
11458,1.14580000e+04,58.375000
11459,1.14590000e+04,58.375000
11460,1.14600000e+04,56.541667
11461,1.14610000e+04,56.541667
11462,1.14620000e+04,54.708333
11463,1.14630000e+04,54.708333
11464,1.14640000e+04,53.041667
11465,1.14650000e+04,53.041667
11466,1.14660000e+04,51.083333
11467,1.14670000e+04,51.083333
11468,1.14680000e+04,49.333333
11469,1.14690000e+04,49.333333
11470,1.14700000e+04,47.500000
11471,1.14710000e+04,47.500000
11472,1.14720000e+04,45.708333
11473,1.14730000e+04,45.708333
11474,1.14740000e+04,43.750000
11475,1.14750000e+04,43.750000
11476,1.14760000e+04,41.708333
11477,1.14770000e+04,41.708333
11478,1.14780000e+04,40.083333
11479,1.14790000e+04,40.083333
11480,1.14800000e+04,37.916667
11481,1.14810000e+04,37.916667
11482,1.14820000e+04,36.000000
11483,1.14830000e+04,36.000000
11484,1.14840000e+04,34.125000
11485,1.14850000e+04,34.125000
11486,1.14860000e+04,32.000000
11487,1.14870000e+04,32.000000
11488,1.14880000e+04,30.041667
11489,1.14890000e+04,30.041667
11490,1.14900000e+04,28.000000
11491,1.14910000e+04,28.000000
11492,1.14920000e+04,26.041667
11493,1.14930000e+04,26.041667
11494,1.14940000e+04,24.000000
11495,1.14950000e+04,24.000000
11496,1.14960000e+04,21.791667
11497,1.14970000e+04,21.791667
11498,1.14980000e+04,19.833333
11499,1.14990000e+04,19.833333
11500,1.15000000e+04,17.750000
11501,1.15010000e+04,17.750000
11502,1.15020000e+04,15.708333
11503,1.15030000e+04,15.708333
11504,1.15040000e+04,13.750000
11505,1.15050000e+04,13.750000
11506,1.15060000e+04,11.583333
11507,1.15070000e+04,11.583333
11508,1.15080000e+04,9.375000
11509,1.15090000e+04,9.375000
11510,1.15100000e+04,7.125000
11511,1.15110000e+04,7.125000
11512,1.15120000e+04,5.041667
11513,1.15130000e+04,5.041667
11514,1.15140000e+04,3.000000
11515,1.15150000e+04,3.000000
11516,1.15160000e+04,0.833333
11517,1.15170000e+04,0.833333
11518,1.15180000e+04,-1.250000
11519,1.15190000e+04,-1.250000
11520,1.15200000e+04,-3.333333
11521,1.15210000e+04,-3.333333
11522,1.15220000e+04,-5.583333
11523,1.15230000e+04,-5.583333
11524,1.15240000e+04,-7.833333
11525,1.15250000e+04,-7.833333
11526,1.15260000e+04,-9.791667
11527,1.15270000e+04,-9.791667
11528,1.15280000e+04,-11.958333
11529,1.15290000e+04,-11.958333
11530,1.15300000e+04,-14.250000
11531,1.15310000e+04,-14.250000
11532,1.15320000e+04,-16.291667
11533,1.15330000e+04,-16.291667
11534,1.15340000e+04,-18.333333
11535,1.15350000e+04,-18.333333
11536,1.15360000e+04,-20.416667
11537,1.15370000e+04,-20.416667
11538,1.15380000e+04,-22.541667
11539,1.15390000e+04,-22.541667
11540,1.15400000e+04,-24.791667
11541,1.15410000e+04,-24.791667
11542,1.15420000e+04,-26.875000
11543,1.15430000e+04,-26.875000
11544,1.15440000e+04,-28.875000
11545,1.15450000e+04,-28.875000
11546,1.15460000e+04,-31.000000
11547,1.15470000e+04,-31.000000
11548,1.15480000e+04,-32.833333
11549,1.15490000e+04,-32.833333
11550,1.15500000e+04,-34.916667
11551,1.15510000e+04,-34.916667
11552,1.15520000e+04,-36.958333
11553,1.15530000e+04,-36.958333
11554,1.15540000e+04,-38.875000
11555,1.15550000e+04,-38.875000
11556,1.15560000e+04,-40.750000
11557,1.15570000e+04,-40.750000
11558,1.15580000e+04,-42.750000
11559,1.15590000e+04,-42.750000
11560,1.15600000e+04,-44.833333
11561,1.15610000e+04,-44.833333
11562,1.15620000e+04,-46.541667
11563,1.15630000e+04,-46.541667
11564,1.15640000e+04,-48.500000
11565,1.15650000e+04,-48.500000
11566,1.15660000e+04,-50.458333
11567,1.15670000e+04,-50.458333
11568,1.15680000e+04,-52.333333
11569,1.15690000e+04,-52.333333
11570,1.15700000e+04,-54.208333
11571,1.15710000e+04,-54.208333
11572,1.15720000e+04,-55.958333
11573,1.15730000e+04,-55.958333
11574,1.15740000e+04,-57.708333
11575,1.15750000e+04,-57.708333
11576,1.15760000e+04,-59.500000
11577,1.15770000e+04,-59.500000
11578,1.15780000e+04,-61.166667
11579,1.15790000e+04,-61.166667
11580,1.15800000e+04,-62.916667
11581,1.15810000e+04,-62.916667
11582,1.15820000e+04,-64.750000
11583,1.15830000e+04,-64.750000
11584,1.15840000e+04,-66.541667
11585,1.15850000e+04,-66.541667
11586,1.15860000e+04,-68.166667
11587,1.15870000e+04,-68.166667
11588,1.15880000e+04,-69.875000
11589,1.15890000e+04,-69.875000
11590,1.15900000e+04,-71.750000
11591,1.15910000e+04,-71.750000
11592,1.15920000e+04,-73.541667
11593,1.15930000e+04,-73.541667
11594,1.15940000e+04,-75.208333
11595,1.15950000e+04,-75.208333
11596,1.15960000e+04,-76.875000
11597,1.15970000e+04,-76.875000
11598,1.15980000e+04,-78.666667
11599,1.15990000e+04,-78.666667
11600,1.16000000e+04,-80.458333
11601,1.16010000e+04,-80.458333
11602,1.16020000e+04,-82.083333
11603,1.16030000e+04,-82.083333
11604,1.16040000e+04,-83.875000
11605,1.16050000e+04,-83.875000
11606,1.16060000e+04,-85.666667
11607,1.16070000e+04,-85.666667
11608,1.16080000e+04,-87.250000
11609,1.16090000e+04,-87.250000
11610,1.16100000e+04,-89.166667
11611,1.16110000e+04,-89.166667
11612,1.16120000e+04,-90.875000
11613,1.16130000e+04,-90.875000
11614,1.16140000e+04,-92.583333
11615,1.16150000e+04,-92.583333
11616,1.16160000e+04,-94.458333
11617,1.16170000e+04,-94.458333
11618,1.16180000e+04,-96.416667
11619,1.16190000e+04,-96.416667
11620,1.16200000e+04,-98.166667
11621,1.16210000e+04,-98.166667
11622,1.16220000e+04,-100.000000
11623,1.16230000e+04,-100.000000
11624,1.16240000e+04,-101.583333
11625,1.16250000e+04,-101.583333
11626,1.16260000e+04,-103.583333
11627,1.16270000e+04,-103.583333
11628,1.16280000e+04,-105.125000
11629,1.16290000e+04,-105.125000
11630,1.16300000e+04,-107.125000
11631,1.16310000e+04,-107.125000
11632,1.16320000e+04,-108.958333
11633,1.16330000e+04,-108.958333
11634,1.16340000e+04,-110.541667
11635,1.16350000e+04,-110.541667
11636,1.16360000e+04,-112.458333
11637,1.16370000e+04,-112.458333
11638,1.16380000e+04,-114.250000
11639,1.16390000e+04,-114.250000
11640,1.16400000e+04,-115.875000
11641,1.16410000e+04,-115.875000
11642,1.16420000e+04,-117.708333
11643,1.16430000e+04,-117.708333
11644,1.16440000e+04,-119.541667
11645,1.16450000e+04,-119.541667
11646,1.16460000e+04,-121.416667
11647,1.16470000e+04,-121.416667
11648,1.16480000e+04,-123.041667
11649,1.16490000e+04,-123.041667
11650,1.16500000e+04,-124.750000
11651,1.16510000e+04,-124.750000
11652,1.16520000e+04,-126.625000
11653,1.16530000e+04,-126.625000
11654,1.16540000e+04,-128.291667
11655,1.16550000e+04,-128.291667
11656,1.16560000e+04,-130.083333
11657,1.16570000e+04,-130.083333
11658,1.16580000e+04,-131.750000
11659,1.16590000e+04,-131.750000
11660,1.16600000e+04,-133.375000
11661,1.16610000e+04,-133.375000
11662,1.16620000e+04,-135.250000
11663,1.16630000e+04,-135.250000
11664,1.16640000e+04,-136.833333
11665,1.16650000e+04,-136.833333
11666,1.16660000e+04,-138.541667
11667,1.16670000e+04,-138.541667
11668,1.16680000e+04,-139.958333
11669,1.16690000e+04,-139.958333
11670,1.16700000e+04,-141.625000
11671,1.16710000e+04,-141.625000
11672,1.16720000e+04,-143.125000
11673,1.16730000e+04,-143.125000
11674,1.16740000e+04,-144.916667
11675,1.16750000e+04,-144.916667
11676,1.16760000e+04,-146.333333
11677,1.16770000e+04,-146.333333
11678,1.16780000e+04,-147.875000
11679,1.16790000e+04,-147.875000
11680,1.16800000e+04,-149.166667
11681,1.16810000e+04,-149.166667
11682,1.16820000e+04,-150.625000
11683,1.16830000e+04,-150.625000
11684,1.16840000e+04,-152.166667
11685,1.16850000e+04,-152.166667
11686,1.16860000e+04,-153.541667
11687,1.16870000e+04,-153.541667
11688,1.16880000e+04,-154.833333
11689,1.16890000e+04,-154.833333
11690,1.16900000e+04,-156.250000
11691,1.16910000e+04,-156.250000
11692,1.16920000e+04,-157.583333
11693,1.16930000e+04,-157.583333
11694,1.16940000e+04,-159.000000
11695,1.16950000e+04,-159.000000
11696,1.16960000e+04,-159.958333
11697,1.16970000e+04,-159.958333
11698,1.16980000e+04,-161.375000
11699,1.16990000e+04,-161.375000
11700,1.17000000e+04,-162.583333
11701,1.17010000e+04,-162.583333
11702,1.17020000e+04,-163.791667
11703,1.17030000e+04,-163.791667
11704,1.17040000e+04,-164.791667
11705,1.17050000e+04,-164.791667
11706,1.17060000e+04,-165.958333
11707,1.17070000e+04,-165.958333
11708,1.17080000e+04,-167.250000
11709,1.17090000e+04,-167.250000
11710,1.17100000e+04,-168.333333
11711,1.17110000e+04,-168.333333
11712,1.17120000e+04,-169.500000
11713,1.17130000e+04,-169.500000
11714,1.17140000e+04,-170.458333
11715,1.17150000e+04,-170.458333
11716,1.17160000e+04,-171.458333
11717,1.17170000e+04,-171.458333
11718,1.17180000e+04,-172.666667
11719,1.17190000e+04,-172.666667
11720,1.17200000e+04,-173.458333
11721,1.17210000e+04,-173.458333
11722,1.17220000e+04,-174.666667
11723,1.17230000e+04,-174.666667
11724,1.17240000e+04,-175.583333
11725,1.17250000e+04,-175.583333
11726,1.17260000e+04,-176.708333
11727,1.17270000e+04,-176.708333
11728,1.17280000e+04,-177.791667
11729,1.17290000e+04,-177.791667
11730,1.17300000e+04,-178.666667
11731,1.17310000e+04,-178.666667
11732,1.17320000e+04,-179.666667
11733,1.17330000e+04,-179.666667
11734,1.17340000e+04,-180.541667
11735,1.17350000e+04,-180.541667
11736,1.17360000e+04,-181.625000
11737,1.17370000e+04,-181.625000
11738,1.17380000e+04,-182.625000
11739,1.17390000e+04,-182.625000
11740,1.17400000e+04,-183.625000
11741,1.17410000e+04,-183.625000
11742,1.17420000e+04,-184.708333
11743,1.17430000e+04,-184.708333
11744,1.17440000e+04,-185.416667
11745,1.17450000e+04,-185.416667
11746,1.17460000e+04,-186.541667
11747,1.17470000e+04,-186.541667
11748,1.17480000e+04,-187.541667
11749,1.17490000e+04,-187.541667
11750,1.17500000e+04,-188.583333
11751,1.17510000e+04,-188.583333
11752,1.17520000e+04,-189.541667
11753,1.17530000e+04,-189.541667
11754,1.17540000e+04,-190.500000
11755,1.17550000e+04,-190.500000
11756,1.17560000e+04,-191.500000
11757,1.17570000e+04,-191.500000
11758,1.17580000e+04,-192.625000
11759,1.17590000e+04,-192.625000
11760,1.17600000e+04,-193.708333
11761,1.17610000e+04,-193.708333
11762,1.17620000e+04,-194.708333
11763,1.17630000e+04,-194.708333
11764,1.17640000e+04,-195.666667
11765,1.17650000e+04,-195.666667
11766,1.17660000e+04,-196.625000
11767,1.17670000e+04,-196.625000
11768,1.17680000e+04,-197.791667
11769,1.17690000e+04,-197.791667
11770,1.17700000e+04,-198.875000
11771,1.17710000e+04,-198.875000
11772,1.17720000e+04,-200.000000
11773,1.17730000e+04,-200.000000
11774,1.17740000e+04,-200.833333
11775,1.17750000e+04,-200.833333
11776,1.17760000e+04,-202.250000
11777,1.17770000e+04,-202.250000
11778,1.17780000e+04,-202.958333
11779,1.17790000e+04,-202.958333
11780,1.17800000e+04,-204.166667
11781,1.17810000e+04,-204.166667
11782,1.17820000e+04,-205.250000
11783,1.17830000e+04,-205.250000
11784,1.17840000e+04,-206.458333
11785,1.17850000e+04,-206.458333
11786,1.17860000e+04,-207.458333
11787,1.17870000e+04,-207.458333
11788,1.17880000e+04,-208.583333
11789,1.17890000e+04,-208.583333
11790,1.17900000e+04,-209.625000
11791,1.17910000e+04,-209.625000
11792,1.17920000e+04,-210.625000
11793,1.17930000e+04,-210.625000
11794,1.17940000e+04,-211.750000
11795,1.17950000e+04,-211.750000
11796,1.17960000e+04,-212.708333
11797,1.17970000e+04,-212.708333
11798,1.17980000e+04,-213.958333
11799,1.17990000e+04,-213.958333
11800,1.18000000e+04,-214.750000
11801,1.18010000e+04,-214.750000
11802,1.18020000e+04,-215.791667
11803,1.18030000e+04,-215.791667
11804,1.18040000e+04,-216.625000
11805,1.18050000e+04,-216.625000
11806,1.18060000e+04,-217.583333
11807,1.18070000e+04,-217.583333
11808,1.18080000e+04,-218.583333
11809,1.18090000e+04,-218.583333
11810,1.18100000e+04,-219.458333
11811,1.18110000e+04,-219.458333
11812,1.18120000e+04,-220.333333
11813,1.18130000e+04,-220.333333
11814,1.18140000e+04,-221.083333
11815,1.18150000e+04,-221.083333
11816,1.18160000e+04,-222.166667
11817,1.18170000e+04,-222.166667
11818,1.18180000e+04,-222.750000
11819,1.18190000e+04,-222.750000
11820,1.18200000e+04,-223.666667
11821,1.18210000e+04,-223.666667
11822,1.18220000e+04,-224.458333
11823,1.18230000e+04,-224.458333
11824,1.18240000e+04,-225.083333
11825,1.18250000e+04,-225.083333
11826,1.18260000e+04,-225.708333
11827,1.18270000e+04,-225.708333
11828,1.18280000e+04,-226.458333
11829,1.18290000e+04,-226.458333
11830,1.18300000e+04,-227.166667
11831,1.18310000e+04,-227.166667
11832,1.18320000e+04,-227.916667
11833,1.18330000e+04,-227.916667
11834,1.18340000e+04,-228.333333
11835,1.18350000e+04,-228.333333
11836,1.18360000e+04,-228.708333
11837,1.18370000e+04,-228.708333
11838,1.18380000e+04,-229.458333
11839,1.18390000e+04,-229.458333
11840,1.18400000e+04,-229.875000
11841,1.18410000e+04,-229.875000
11842,1.18420000e+04,-230.250000
11843,1.18430000e+04,-230.250000
11844,1.18440000e+04,-230.625000
11845,1.18450000e+04,-230.625000
11846,1.18460000e+04,-230.958333
11847,1.18470000e+04,-230.958333
11848,1.18480000e+04,-231.500000
11849,1.18490000e+04,-231.500000
11850,1.18500000e+04,-231.916667
11851,1.18510000e+04,-231.916667
11852,1.18520000e+04,-232.208333
11853,1.18530000e+04,-232.208333
11854,1.18540000e+04,-232.458333
11855,1.18550000e+04,-232.458333
11856,1.18560000e+04,-232.625000
11857,1.18570000e+04,-232.625000
11858,1.18580000e+04,-233.083333
11859,1.18590000e+04,-233.083333
11860,1.18600000e+04,-233.208333
11861,1.18610000e+04,-233.208333
11862,1.18620000e+04,-233.541667
11863,1.18630000e+04,-233.541667
11864,1.18640000e+04,-233.916667
11865,1.18650000e+04,-233.916667
11866,1.18660000e+04,-234.000000
11867,1.18670000e+04,-234.000000
11868,1.18680000e+04,-234.041667
11869,1.18690000e+04,-234.041667
11870,1.18700000e+04,-234.250000
11871,1.18710000e+04,-234.250000
11872,1.18720000e+04,-234.375000
11873,1.18730000e+04,-234.375000
11874,1.18740000e+04,-234.458333
11875,1.18750000e+04,-234.458333
11876,1.18760000e+04,-234.541667
11877,1.18770000e+04,-234.541667
11878,1.18780000e+04,-234.791667
11879,1.18790000e+04,-234.791667
11880,1.18800000e+04,-234.708333
11881,1.18810000e+04,-234.708333
11882,1.18820000e+04,-234.583333
11883,1.18830000e+04,-234.583333
11884,1.18840000e+04,-234.666667
11885,1.18850000e+04,-234.666667
11886,1.18860000e+04,-234.791667
11887,1.18870000e+04,-234.791667
11888,1.18880000e+04,-234.708333
11889,1.18890000e+04,-234.708333
11890,1.18900000e+04,-234.583333
11891,1.18910000e+04,-234.583333
11892,1.18920000e+04,-234.583333
11893,1.18930000e+04,-234.583333
11894,1.18940000e+04,-234.750000
11895,1.18950000e+04,-234.750000
11896,1.18960000e+04,-234.583333
11897,1.18970000e+04,-234.583333
11898,1.18980000e+04,-234.541667
11899,1.18990000e+04,-234.541667
11900,1.19000000e+04,-234.500000
11901,1.19010000e+04,-234.500000
11902,1.19020000e+04,-234.458333
11903,1.19030000e+04,-234.458333
11904,1.19040000e+04,-234.041667
11905,1.19050000e+04,-234.041667
11906,1.19060000e+04,-234.291667
11907,1.19070000e+04,-234.291667
11908,1.19080000e+04,-233.958333
11909,1.19090000e+04,-233.958333
11910,1.19100000e+04,-234.041667
11911,1.19110000e+04,-234.041667
11912,1.19120000e+04,-233.750000
11913,1.19130000e+04,-233.750000
11914,1.19140000e+04,-233.500000
11915,1.19150000e+04,-233.500000
11916,1.19160000e+04,-233.333333
11917,1.19170000e+04,-233.333333
11918,1.19180000e+04,-233.083333
11919,1.19190000e+04,-233.083333
11920,1.19200000e+04,-232.875000
11921,1.19210000e+04,-232.875000
11922,1.19220000e+04,-232.500000
11923,1.19230000e+04,-232.500000
11924,1.19240000e+04,-232.500000
11925,1.19250000e+04,-232.500000
11926,1.19260000e+04,-232.291667
11927,1.19270000e+04,-232.291667
11928,1.19280000e+04,-231.958333
11929,1.19290000e+04,-231.958333
11930,1.19300000e+04,-231.625000
11931,1.19310000e+04,-231.625000
11932,1.19320000e+04,-231.291667
11933,1.19330000e+04,-231.291667
11934,1.19340000e+04,-231.083333
11935,1.19350000e+04,-231.083333
11936,1.19360000e+04,-230.500000
11937,1.19370000e+04,-230.500000
11938,1.19380000e+04,-230.333333
11939,1.19390000e+04,-230.333333
11940,1.19400000e+04,-229.666667
11941,1.19410000e+04,-229.666667
11942,1.19420000e+04,-229.208333
11943,1.19430000e+04,-229.208333
11944,1.19440000e+04,-228.875000
11945,1.19450000e+04,-228.875000
11946,1.19460000e+04,-228.416667
11947,1.19470000e+04,-228.416667
11948,1.19480000e+04,-227.708333
11949,1.19490000e+04,-227.708333
11950,1.19500000e+04,-227.416667
11951,1.19510000e+04,-227.416667
11952,1.19520000e+04,-226.666667
11953,1.19530000e+04,-226.666667
11954,1.19540000e+04,-226.208333
11955,1.19550000e+04,-226.208333
11956,1.19560000e+04,-225.541667
11957,1.19570000e+04,-225.541667
11958,1.19580000e+04,-224.958333
11959,1.19590000e+04,-224.958333
11960,1.19600000e+04,-224.250000
11961,1.19610000e+04,-224.250000
11962,1.19620000e+04,-223.541667
11963,1.19630000e+04,-223.541667
11964,1.19640000e+04,-222.708333
11965,1.19650000e+04,-222.708333
11966,1.19660000e+04,-221.875000
11967,1.19670000e+04,-221.875000
11968,1.19680000e+04,-220.958333
11969,1.19690000e+04,-220.958333
11970,1.19700000e+04,-220.541667
11971,1.19710000e+04,-220.541667
11972,1.19720000e+04,-219.541667
11973,1.19730000e+04,-219.541667
11974,1.19740000e+04,-218.583333
11975,1.19750000e+04,-218.583333
11976,1.19760000e+04,-217.583333
11977,1.19770000e+04,-217.583333
11978,1.19780000e+04,-216.625000
11979,1.19790000e+04,-216.625000
11980,1.19800000e+04,-215.791667
11981,1.19810000e+04,-215.791667
11982,1.19820000e+04,-214.833333
11983,1.19830000e+04,-214.833333
11984,1.19840000e+04,-213.833333
11985,1.19850000e+04,-213.833333
11986,1.19860000e+04,-212.833333
11987,1.19870000e+04,-212.833333
11988,1.19880000e+04,-211.750000
11989,1.19890000e+04,-211.750000
11990,1.19900000e+04,-210.625000
11991,1.19910000e+04,-210.625000
11992,1.19920000e+04,-209.750000
11993,1.19930000e+04,-209.750000
11994,1.19940000e+04,-208.500000
11995,1.19950000e+04,-208.500000
11996,1.19960000e+04,-207.583333
11997,1.19970000e+04,-207.583333
11998,1.19980000e+04,-206.541667
11999,1.19990000e+04,-206.541667
12000,1.20000000e+04,-205.333333
12001,1.20010000e+04,-205.333333
12002,1.20020000e+04,-204.291667
12003,1.20030000e+04,-204.291667
12004,1.20040000e+04,-203.041667
12005,1.20050000e+04,-203.041667
12006,1.20060000e+04,-201.875000
12007,1.20070000e+04,-201.875000
12008,1.20080000e+04,-200.875000
12009,1.20090000e+04,-200.875000
12010,1.20100000e+04,-199.833333
12011,1.20110000e+04,-199.833333
12012,1.20120000e+04,-198.791667
12013,1.20130000e+04,-198.791667
12014,1.20140000e+04,-197.708333
12015,1.20150000e+04,-197.708333
12016,1.20160000e+04,-196.500000
12017,1.20170000e+04,-196.500000
12018,1.20180000e+04,-195.416667
12019,1.20190000e+04,-195.416667
12020,1.20200000e+04,-194.458333
12021,1.20210000e+04,-194.458333
12022,1.20220000e+04,-193.250000
12023,1.20230000e+04,-193.250000
12024,1.20240000e+04,-192.166667
12025,1.20250000e+04,-192.166667
12026,1.20260000e+04,-191.083333
12027,1.20270000e+04,-191.083333
12028,1.20280000e+04,-190.041667
12029,1.20290000e+04,-190.041667
12030,1.20300000e+04,-189.125000
12031,1.20310000e+04,-189.125000
12032,1.20320000e+04,-188.041667
12033,1.20330000e+04,-188.041667
12034,1.20340000e+04,-186.875000
12035,1.20350000e+04,-186.875000
12036,1.20360000e+04,-185.791667
12037,1.20370000e+04,-185.791667
12038,1.20380000e+04,-184.916667
12039,1.20390000e+04,-184.916667
12040,1.20400000e+04,-184.000000
12041,1.20410000e+04,-184.000000
12042,1.20420000e+04,-182.750000
12043,1.20430000e+04,-182.750000
12044,1.20440000e+04,-181.916667
12045,1.20450000e+04,-181.916667
12046,1.20460000e+04,-180.958333
12047,1.20470000e+04,-180.958333
12048,1.20480000e+04,-179.708333
12049,1.20490000e+04,-179.708333
12050,1.20500000e+04,-178.833333
12051,1.20510000e+04,-178.833333
12052,1.20520000e+04,-177.666667
12053,1.20530000e+04,-177.666667
12054,1.20540000e+04,-176.833333
12055,1.20550000e+04,-176.833333
12056,1.20560000e+04,-175.791667
12057,1.20570000e+04,-175.791667
12058,1.20580000e+04,-174.750000
12059,1.20590000e+04,-174.750000
12060,1.20600000e+04,-173.875000
12061,1.20610000e+04,-173.875000
12062,1.20620000e+04,-172.833333
12063,1.20630000e+04,-172.833333
12064,1.20640000e+04,-171.833333
12065,1.20650000e+04,-171.833333
12066,1.20660000e+04,-170.708333
12067,1.20670000e+04,-170.708333
12068,1.20680000e+04,-169.708333
12069,1.20690000e+04,-169.708333
12070,1.20700000e+04,-168.625000
12071,1.20710000e+04,-168.625000
12072,1.20720000e+04,-167.541667
12073,1.20730000e+04,-167.541667
12074,1.20740000e+04,-166.541667
12075,1.20750000e+04,-166.541667
12076,1.20760000e+04,-165.166667
12077,1.20770000e+04,-165.166667
12078,1.20780000e+04,-164.375000
12079,1.20790000e+04,-164.375000
12080,1.20800000e+04,-163.083333
12081,1.20810000e+04,-163.083333
12082,1.20820000e+04,-161.875000
12083,1.20830000e+04,-161.875000
12084,1.20840000e+04,-160.708333
12085,1.20850000e+04,-160.708333
12086,1.20860000e+04,-159.625000
12087,1.20870000e+04,-159.625000
12088,1.20880000e+04,-158.375000
12089,1.20890000e+04,-158.375000
12090,1.20900000e+04,-157.083333
12091,1.20910000e+04,-157.083333
12092,1.20920000e+04,-155.875000
12093,1.20930000e+04,-155.875000
12094,1.20940000e+04,-154.416667
12095,1.20950000e+04,-154.416667
12096,1.20960000e+04,-153.166667
12097,1.20970000e+04,-153.166667
12098,1.20980000e+04,-151.833333
12099,1.20990000e+04,-151.833333
12100,1.21000000e+04,-150.208333
12101,1.21010000e+04,-150.208333
12102,1.21020000e+04,-148.958333
12103,1.21030000e+04,-148.958333
12104,1.21040000e+04,-147.375000
12105,1.21050000e+04,-147.375000
12106,1.21060000e+04,-146.041667
12107,1.21070000e+04,-146.041667
12108,1.21080000e+04,-144.416667
12109,1.21090000e+04,-144.416667
12110,1.21100000e+04,-142.958333
12111,1.21110000e+04,-142.958333
12112,1.21120000e+04,-141.541667
12113,1.21130000e+04,-141.541667
12114,1.21140000e+04,-139.583333
12115,1.21150000e+04,-139.583333
12116,1.21160000e+04,-138.208333
12117,1.21170000e+04,-138.208333
12118,1.21180000e+04,-136.708333
12119,1.21190000e+04,-136.708333
12120,1.21200000e+04,-134.916667
12121,1.21210000e+04,-134.916667
12122,1.21220000e+04,-133.125000
12123,1.21230000e+04,-133.125000
12124,1.21240000e+04,-131.583333
12125,1.21250000e+04,-131.583333
12126,1.21260000e+04,-129.916667
12127,1.21270000e+04,-129.916667
12128,1.21280000e+04,-128.041667
12129,1.21290000e+04,-128.041667
12130,1.21300000e+04,-126.333333
12131,1.21310000e+04,-126.333333
12132,1.21320000e+04,-124.375000
12133,1.21330000e+04,-124.375000
12134,1.21340000e+04,-122.708333
12135,1.21350000e+04,-122.708333
12136,1.21360000e+04,-120.791667
12137,1.21370000e+04,-120.791667
12138,1.21380000e+04,-119.125000
12139,1.21390000e+04,-119.125000
12140,1.21400000e+04,-117.208333
12141,1.21410000e+04,-117.208333
12142,1.21420000e+04,-115.458333
12143,1.21430000e+04,-115.458333
12144,1.21440000e+04,-113.875000
12145,1.21450000e+04,-113.875000
12146,1.21460000e+04,-111.833333
12147,1.21470000e+04,-111.833333
12148,1.21480000e+04,-110.125000
12149,1.21490000e+04,-110.125000
12150,1.21500000e+04,-108.166667
12151,1.21510000e+04,-108.166667
12152,1.21520000e+04,-106.291667
12153,1.21530000e+04,-106.291667
12154,1.21540000e+04,-104.625000
12155,1.21550000e+04,-104.625000
12156,1.21560000e+04,-102.791667
12157,1.21570000e+04,-102.791667
12158,1.21580000e+04,-100.833333
12159,1.21590000e+04,-100.833333
12160,1.21600000e+04,-99.083333
12161,1.21610000e+04,-99.083333
12162,1.21620000e+04,-97.291667
12163,1.21630000e+04,-97.291667
12164,1.21640000e+04,-95.375000
12165,1.21650000e+04,-95.375000
12166,1.21660000e+04,-93.666667
12167,1.21670000e+04,-93.666667
12168,1.21680000e+04,-91.583333
12169,1.21690000e+04,-91.583333
12170,1.21700000e+04,-89.875000
12171,1.21710000e+04,-89.875000
12172,1.21720000e+04,-88.208333
12173,1.21730000e+04,-88.208333
12174,1.21740000e+04,-86.333333
12175,1.21750000e+04,-86.333333
12176,1.21760000e+04,-84.416667
12177,1.21770000e+04,-84.416667
12178,1.21780000e+04,-82.875000
12179,1.21790000e+04,-82.875000
12180,1.21800000e+04,-81.125000
12181,1.21810000e+04,-81.125000
12182,1.21820000e+04,-79.291667
12183,1.21830000e+04,-79.291667
12184,1.21840000e+04,-77.666667
12185,1.21850000e+04,-77.666667
12186,1.21860000e+04,-75.708333
12187,1.21870000e+04,-75.708333
12188,1.21880000e+04,-74.125000
12189,1.21890000e+04,-74.125000
12190,1.21900000e+04,-72.291667
12191,1.21910000e+04,-72.291667
12192,1.21920000e+04,-70.583333
12193,1.21930000e+04,-70.583333
12194,1.21940000e+04,-68.833333
12195,1.21950000e+04,-68.833333
12196,1.21960000e+04,-66.958333
12197,1.21970000e+04,-66.958333
12198,1.21980000e+04,-65.375000
12199,1.21990000e+04,-65.375000
12200,1.22000000e+04,-63.500000
12201,1.22010000e+04,-63.500000
12202,1.22020000e+04,-62.041667
12203,1.22030000e+04,-62.041667
12204,1.22040000e+04,-60.166667
12205,1.22050000e+04,-60.166667
12206,1.22060000e+04,-58.375000
12207,1.22070000e+04,-58.375000
12208,1.22080000e+04,-56.541667
12209,1.22090000e+04,-56.541667
12210,1.22100000e+04,-54.791667
12211,1.22110000e+04,-54.791667
12212,1.22120000e+04,-52.875000
12213,1.22130000e+04,-52.875000
12214,1.22140000e+04,-51.208333
12215,1.22150000e+04,-51.208333
12216,1.22160000e+04,-49.208333
12217,1.22170000e+04,-49.208333
12218,1.22180000e+04,-47.416667
12219,1.22190000e+04,-47.416667
12220,1.22200000e+04,-45.666667
12221,1.22210000e+04,-45.666667
12222,1.22220000e+04,-43.791667
12223,1.22230000e+04,-43.791667
12224,1.22240000e+04,-41.791667
12225,1.22250000e+04,-41.791667
12226,1.22260000e+04,-39.833333
12227,1.22270000e+04,-39.833333
12228,1.22280000e+04,-38.041667
12229,1.22290000e+04,-38.041667
12230,1.22300000e+04,-36.083333
12231,1.22310000e+04,-36.083333
12232,1.22320000e+04,-34.125000
12233,1.22330000e+04,-34.125000
12234,1.22340000e+04,-32.000000
12235,1.22350000e+04,-32.000000
12236,1.22360000e+04,-30.041667
12237,1.22370000e+04,-30.041667
12238,1.22380000e+04,-28.166667
12239,1.22390000e+04,-28.166667
12240,1.22400000e+04,-25.916667
12241,1.22410000e+04,-25.916667
12242,1.22420000e+04,-23.916667
12243,1.22430000e+04,-23.916667
12244,1.22440000e+04,-21.958333
12245,1.22450000e+04,-21.958333
12246,1.22460000e+04,-19.958333
12247,1.22470000e+04,-19.958333
12248,1.22480000e+04,-17.791667
12249,1.22490000e+04,-17.791667
12250,1.22500000e+04,-15.666667
12251,1.22510000e+04,-15.666667
12252,1.22520000e+04,-13.541667
12253,1.22530000e+04,-13.541667
12254,1.22540000e+04,-11.541667
12255,1.22550000e+04,-11.541667
12256,1.22560000e+04,-9.416667
12257,1.22570000e+04,-9.416667
12258,1.22580000e+04,-7.125000
12259,1.22590000e+04,-7.125000
12260,1.22600000e+04,-5.125000
12261,1.22610000e+04,-5.125000
12262,1.22620000e+04,-2.916667
12263,1.22630000e+04,-2.916667
12264,1.22640000e+04,-0.875000
12265,1.22650000e+04,-0.875000
12266,1.22660000e+04,1.333333
12267,1.22670000e+04,1.333333
12268,1.22680000e+04,3.458333
12269,1.22690000e+04,3.458333
12270,1.22700000e+04,5.708333
12271,1.22710000e+04,5.708333
12272,1.22720000e+04,7.583333
12273,1.22730000e+04,7.583333
12274,1.22740000e+04,9.708333
12275,1.22750000e+04,9.708333
12276,1.22760000e+04,11.916667
12277,1.22770000e+04,11.916667
12278,1.22780000e+04,14.125000
12279,1.22790000e+04,14.125000
12280,1.22800000e+04,16.250000
12281,1.22810000e+04,16.250000
12282,1.22820000e+04,18.375000
12283,1.22830000e+04,18.375000
12284,1.22840000e+04,20.541667
12285,1.22850000e+04,20.541667
12286,1.22860000e+04,22.500000
12287,1.22870000e+04,22.500000
12288,1.22880000e+04,24.750000
12289,1.22890000e+04,24.750000
12290,1.22900000e+04,26.833333
12291,1.22910000e+04,26.833333
12292,1.22920000e+04,28.791667
12293,1.22930000e+04,28.791667
12294,1.22940000e+04,30.875000
12295,1.22950000e+04,30.875000
12296,1.22960000e+04,32.916667
12297,1.22970000e+04,32.916667
12298,1.22980000e+04,34.833333
12299,1.22990000e+04,34.833333
12300,1.23000000e+04,36.791667
12301,1.23010000e+04,36.791667
12302,1.23020000e+04,38.791667
12303,1.23030000e+04,38.791667
12304,1.23040000e+04,40.833333
12305,1.23050000e+04,40.833333
12306,1.23060000e+04,42.750000
12307,1.23070000e+04,42.750000
12308,1.23080000e+04,44.583333
12309,1.23090000e+04,44.583333
12310,1.23100000e+04,46.750000
12311,1.23110000e+04,46.750000
12312,1.23120000e+04,48.333333
12313,1.23130000e+04,48.333333
12314,1.23140000e+04,50.333333
12315,1.23150000e+04,50.333333
12316,1.23160000e+04,52.250000
12317,1.23170000e+04,52.250000
12318,1.23180000e+04,54.125000
12319,1.23190000e+04,54.125000
12320,1.23200000e+04,55.750000
12321,1.23210000e+04,55.750000
12322,1.23220000e+04,57.666667
12323,1.23230000e+04,57.666667
12324,1.23240000e+04,59.291667
12325,1.23250000e+04,59.291667
12326,1.23260000e+04,61.083333
12327,1.23270000e+04,61.083333
12328,1.23280000e+04,62.958333
12329,1.23290000e+04,62.958333
12330,1.23300000e+04,64.666667
12331,1.23310000e+04,64.666667
12332,1.23320000e+04,66.541667
12333,1.23330000e+04,66.541667
12334,1.23340000e+04,68.208333
12335,1.23350000e+04,68.208333
12336,1.23360000e+04,69.958333
12337,1.23370000e+04,69.958333
12338,1.23380000e+04,71.666667
12339,1.23390000e+04,71.666667
12340,1.23400000e+04,73.458333
12341,1.23410000e+04,73.458333
12342,1.23420000e+04,75.083333
12343,1.23430000e+04,75.083333
12344,1.23440000e+04,76.916667
12345,1.23450000e+04,76.916667
12346,1.23460000e+04,78.666667
12347,1.23470000e+04,78.666667
12348,1.23480000e+04,80.416667
12349,1.23490000e+04,80.416667
12350,1.23500000e+04,82.291667
12351,1.23510000e+04,82.291667
12352,1.23520000e+04,83.916667
12353,1.23530000e+04,83.916667
12354,1.23540000e+04,85.583333
12355,1.23550000e+04,85.583333
12356,1.23560000e+04,87.416667
12357,1.23570000e+04,87.416667
12358,1.23580000e+04,89.125000
12359,1.23590000e+04,89.125000
12360,1.23600000e+04,90.875000
12361,1.23610000e+04,90.875000
12362,1.23620000e+04,92.583333
12363,1.23630000e+04,92.583333
12364,1.23640000e+04,94.541667
12365,1.23650000e+04,94.541667
12366,1.23660000e+04,96.125000
12367,1.23670000e+04,96.125000
12368,1.23680000e+04,97.958333
12369,1.23690000e+04,97.958333
12370,1.23700000e+04,99.750000
12371,1.23710000e+04,99.750000
12372,1.23720000e+04,101.458333
12373,1.23730000e+04,101.458333
12374,1.23740000e+04,103.250000
12375,1.23750000e+04,103.250000
12376,1.23760000e+04,105.000000
12377,1.23770000e+04,105.000000
12378,1.23780000e+04,106.833333
12379,1.23790000e+04,106.833333
12380,1.23800000e+04,108.708333
12381,1.23810000e+04,108.708333
12382,1.23820000e+04,110.375000
12383,1.23830000e+04,110.375000
12384,1.23840000e+04,112.333333
12385,1.23850000e+04,112.333333
12386,1.23860000e+04,114.000000
12387,1.23870000e+04,114.000000
12388,1.23880000e+04,115.916667
12389,1.23890000e+04,115.916667
12390,1.23900000e+04,117.625000
12391,1.23910000e+04,117.625000
12392,1.23920000e+04,119.416667
12393,1.23930000e+04,119.416667
12394,1.23940000e+04,121.083333
12395,1.23950000e+04,121.083333
12396,1.23960000e+04,122.791667
12397,1.23970000e+04,122.791667
12398,1.23980000e+04,124.875000
12399,1.23990000e+04,124.875000
12400,1.24000000e+04,126.458333
12401,1.24010000e+04,126.458333
12402,1.24020000e+04,128.250000
12403,1.24030000e+04,128.250000
12404,1.24040000e+04,129.916667
12405,1.24050000e+04,129.916667
12406,1.24060000e+04,131.583333
12407,1.24070000e+04,131.583333
12408,1.24080000e+04,133.458333
12409,1.24090000e+04,133.458333
12410,1.24100000e+04,135.041667
12411,1.24110000e+04,135.041667
12412,1.24120000e+04,136.625000
12413,1.24130000e+04,136.625000
12414,1.24140000e+04,138.291667
12415,1.24150000e+04,138.291667
12416,1.24160000e+04,140.000000
12417,1.24170000e+04,140.000000
12418,1.24180000e+04,141.416667
12419,1.24190000e+04,141.416667
12420,1.24200000e+04,143.041667
12421,1.24210000e+04,143.041667
12422,1.24220000e+04,144.708333
12423,1.24230000e+04,144.708333
12424,1.24240000e+04,146.166667
12425,1.24250000e+04,146.166667
12426,1.24260000e+04,147.541667
12427,1.24270000e+04,147.541667
12428,1.24280000e+04,149.041667
12429,1.24290000e+04,149.041667
12430,1.24300000e+04,150.583333
12431,1.24310000e+04,150.583333
12432,1.24320000e+04,151.916667
12433,1.24330000e+04,151.916667
12434,1.24340000e+04,153.333333
12435,1.24350000e+04,153.333333
12436,1.24360000e+04,154.708333
12437,1.24370000e+04,154.708333
12438,1.24380000e+04,156.125000
12439,1.24390000e+04,156.125000
12440,1.24400000e+04,157.416667
12441,1.24410000e+04,157.416667
12442,1.24420000e+04,158.750000
12443,1.24430000e+04,158.750000
12444,1.24440000e+04,159.875000
12445,1.24450000e+04,159.875000
12446,1.24460000e+04,161.166667
12447,1.24470000e+04,161.166667
12448,1.24480000e+04,162.541667
12449,1.24490000e+04,162.541667
12450,1.24500000e+04,163.625000
12451,1.24510000e+04,163.625000
12452,1.24520000e+04,164.666667
12453,1.24530000e+04,164.666667
12454,1.24540000e+04,165.916667
12455,1.24550000e+04,165.916667
12456,1.24560000e+04,167.000000
12457,1.24570000e+04,167.000000
12458,1.24580000e+04,168.208333
12459,1.24590000e+04,168.208333
12460,1.24600000e+04,169.166667
12461,1.24610000e+04,169.166667
12462,1.24620000e+04,170.291667
12463,1.24630000e+04,170.291667
12464,1.24640000e+04,171.333333
12465,1.24650000e+04,171.333333
12466,1.24660000e+04,172.291667
12467,1.24670000e+04,172.291667
12468,1.24680000e+04,173.416667
12469,1.24690000e+04,173.416667
12470,1.24700000e+04,174.541667
12471,1.24710000e+04,174.541667
12472,1.24720000e+04,175.500000
12473,1.24730000e+04,175.500000
12474,1.24740000e+04,176.500000
12475,1.24750000e+04,176.500000
12476,1.24760000e+04,177.541667
12477,1.24770000e+04,177.541667
12478,1.24780000e+04,178.416667
12479,1.24790000e+04,178.416667
12480,1.24800000e+04,179.458333
12481,1.24810000e+04,179.458333
12482,1.24820000e+04,180.541667
12483,1.24830000e+04,180.541667
12484,1.24840000e+04,181.458333
12485,1.24850000e+04,181.458333
12486,1.24860000e+04,182.416667
12487,1.24870000e+04,182.416667
12488,1.24880000e+04,183.208333
12489,1.24890000e+04,183.208333
12490,1.24900000e+04,184.458333
12491,1.24910000e+04,184.458333
12492,1.24920000e+04,185.291667
12493,1.24930000e+04,185.291667
12494,1.24940000e+04,186.458333
12495,1.24950000e+04,186.458333
12496,1.24960000e+04,187.250000
12497,1.24970000e+04,187.250000
12498,1.24980000e+04,188.291667
12499,1.24990000e+04,188.291667
12500,1.25000000e+04,189.291667
12501,1.25010000e+04,189.291667
12502,1.25020000e+04,190.291667
12503,1.25030000e+04,190.291667
12504,1.25040000e+04,191.291667
12505,1.25050000e+04,191.291667
12506,1.25060000e+04,192.250000
12507,1.25070000e+04,192.250000
12508,1.25080000e+04,193.583333
12509,1.25090000e+04,193.583333
12510,1.25100000e+04,194.291667
12511,1.25110000e+04,194.291667
12512,1.25120000e+04,195.500000
12513,1.25130000e+04,195.500000
12514,1.25140000e+04,196.541667
12515,1.25150000e+04,196.541667
12516,1.25160000e+04,197.541667
12517,1.25170000e+04,197.541667
12518,1.25180000e+04,198.666667
12519,1.25190000e+04,198.666667
12520,1.25200000e+04,199.583333
12521,1.25210000e+04,199.583333
12522,1.25220000e+04,200.625000
12523,1.25230000e+04,200.625000
12524,1.25240000e+04,201.833333
12525,1.25250000e+04,201.833333
12526,1.25260000e+04,202.791667
12527,1.25270000e+04,202.791667
12528,1.25280000e+04,204.000000
12529,1.25290000e+04,204.000000
12530,1.25300000e+04,205.041667
12531,1.25310000e+04,205.041667
12532,1.25320000e+04,206.125000
12533,1.25330000e+04,206.125000
12534,1.25340000e+04,207.125000
12535,1.25350000e+04,207.125000
12536,1.25360000e+04,208.208333
12537,1.25370000e+04,208.208333
12538,1.25380000e+04,209.333333
12539,1.25390000e+04,209.333333
12540,1.25400000e+04,210.333333
12541,1.25410000e+04,210.333333
12542,1.25420000e+04,211.458333
12543,1.25430000e+04,211.458333
12544,1.25440000e+04,212.500000
12545,1.25450000e+04,212.500000
12546,1.25460000e+04,213.458333
12547,1.25470000e+04,213.458333
12548,1.25480000e+04,214.375000
12549,1.25490000e+04,214.375000
12550,1.25500000e+04,215.500000
12551,1.25510000e+04,215.500000
12552,1.25520000e+04,216.333333
12553,1.25530000e+04,216.333333
12554,1.25540000e+04,217.333333
12555,1.25550000e+04,217.333333
12556,1.25560000e+04,218.291667
12557,1.25570000e+04,218.291667
12558,1.25580000e+04,219.208333
12559,1.25590000e+04,219.208333
12560,1.25600000e+04,220.083333
12561,1.25610000e+04,220.083333
12562,1.25620000e+04,220.958333
12563,1.25630000e+04,220.958333
12564,1.25640000e+04,221.875000
12565,1.25650000e+04,221.875000
12566,1.25660000e+04,222.541667
12567,1.25670000e+04,222.541667
12568,1.25680000e+04,223.333333
12569,1.25690000e+04,223.333333
12570,1.25700000e+04,224.083333
12571,1.25710000e+04,224.083333
12572,1.25720000e+04,224.750000
12573,1.25730000e+04,224.750000
12574,1.25740000e+04,225.541667
12575,1.25750000e+04,225.541667
12576,1.25760000e+04,226.416667
12577,1.25770000e+04,226.416667
12578,1.25780000e+04,226.875000
12579,1.25790000e+04,226.875000
12580,1.25800000e+04,227.583333
12581,1.25810000e+04,227.583333
12582,1.25820000e+04,228.125000
12583,1.25830000e+04,228.125000
12584,1.25840000e+04,228.541667
12585,1.25850000e+04,228.541667
12586,1.25860000e+04,229.041667
12587,1.25870000e+04,229.041667
12588,1.25880000e+04,229.458333
12589,1.25890000e+04,229.458333
12590,1.25900000e+04,230.041667
12591,1.25910000e+04,230.041667
12592,1.25920000e+04,230.541667
12593,1.25930000e+04,230.541667
12594,1.25940000e+04,230.916667
12595,1.25950000e+04,230.916667
12596,1.25960000e+04,231.208333
12597,1.25970000e+04,231.208333
12598,1.25980000e+04,231.666667
12599,1.25990000e+04,231.666667
12600,1.26000000e+04,232.125000
12601,1.26010000e+04,232.125000
12602,1.26020000e+04,232.333333
12603,1.26030000e+04,232.333333
12604,1.26040000e+04,232.833333
12605,1.26050000e+04,232.833333
12606,1.26060000e+04,232.875000
12607,1.26070000e+04,232.875000
12608,1.26080000e+04,233.125000
12609,1.26090000e+04,233.125000
12610,1.26100000e+04,233.375000
12611,1.26110000e+04,233.375000
12612,1.26120000e+04,233.541667
12613,1.26130000e+04,233.541667
12614,1.26140000e+04,233.583333
12615,1.26150000e+04,233.583333
12616,1.26160000e+04,233.875000
12617,1.26170000e+04,233.875000
12618,1.26180000e+04,234.166667
12619,1.26190000e+04,234.166667
12620,1.26200000e+04,234.083333
12621,1.26210000e+04,234.083333
12622,1.26220000e+04,234.458333
12623,1.26230000e+04,234.458333
12624,1.26240000e+04,234.458333
12625,1.26250000e+04,234.458333
12626,1.26260000e+04,234.416667
12627,1.26270000e+04,234.416667
12628,1.26280000e+04,234.375000
12629,1.26290000e+04,234.375000
12630,1.26300000e+04,234.666667
12631,1.26310000e+04,234.666667
12632,1.26320000e+04,234.583333
12633,1.26330000e+04,234.583333
12634,1.26340000e+04,234.541667
12635,1.26350000e+04,234.541667
12636,1.26360000e+04,234.458333
12637,1.26370000e+04,234.458333
12638,1.26380000e+04,234.625000
12639,1.26390000e+04,234.625000
12640,1.26400000e+04,234.541667
12641,1.26410000e+04,234.541667
12642,1.26420000e+04,234.458333
12643,1.26430000e+04,234.458333
12644,1.26440000e+04,234.500000
12645,1.26450000e+04,234.500000
12646,1.26460000e+04,234.458333
12647,1.26470000e+04,234.458333
12648,1.26480000e+04,234.375000
12649,1.26490000e+04,234.375000
12650,1.26500000e+04,234.166667
12651,1.26510000e+04,234.166667
12652,1.26520000e+04,234.041667
12653,1.26530000e+04,234.041667
12654,1.26540000e+04,234.166667
12655,1.26550000e+04,234.166667
12656,1.26560000e+04,233.833333
12657,1.26570000e+04,233.833333
12658,1.26580000e+04,233.791667
12659,1.26590000e+04,233.791667
12660,1.26600000e+04,233.666667
12661,1.26610000e+04,233.666667
12662,1.26620000e+04,233.375000
12663,1.26630000e+04,233.375000
12664,1.26640000e+04,233.333333
12665,1.26650000e+04,233.333333
12666,1.26660000e+04,232.958333
12667,1.26670000e+04,232.958333
12668,1.26680000e+04,232.916667
12669,1.26690000e+04,232.916667
12670,1.26700000e+04,232.416667
12671,1.26710000e+04,232.416667
12672,1.26720000e+04,232.416667
12673,1.26730000e+04,232.416667
12674,1.26740000e+04,232.125000
12675,1.26750000e+04,232.125000
12676,1.26760000e+04,231.875000
12677,1.26770000e+04,231.875000
12678,1.26780000e+04,231.666667
12679,1.26790000e+04,231.666667
12680,1.26800000e+04,231.250000
12681,1.26810000e+04,231.250000
12682,1.26820000e+04,230.791667
12683,1.26830000e+04,230.791667
12684,1.26840000e+04,230.500000
12685,1.26850000e+04,230.500000
12686,1.26860000e+04,230.250000
12687,1.26870000e+04,230.250000
12688,1.26880000e+04,229.750000
12689,1.26890000e+04,229.750000
12690,1.26900000e+04,229.333333
12691,1.26910000e+04,229.333333
12692,1.26920000e+04,228.916667
12693,1.26930000e+04,228.916667
12694,1.26940000e+04,228.291667
12695,1.26950000e+04,228.291667
12696,1.26960000e+04,227.875000
12697,1.26970000e+04,227.875000
12698,1.26980000e+04,227.333333
12699,1.26990000e+04,227.333333
12700,1.27000000e+04,226.583333
12701,1.27010000e+04,226.583333
12702,1.27020000e+04,226.041667
12703,1.27030000e+04,226.041667
12704,1.27040000e+04,225.458333
12705,1.27050000e+04,225.458333
12706,1.27060000e+04,224.750000
12707,1.27070000e+04,224.750000
12708,1.27080000e+04,224.041667
12709,1.27090000e+04,224.041667
12710,1.27100000e+04,223.416667
12711,1.27110000e+04,223.416667
12712,1.27120000e+04,222.666667
12713,1.27130000e+04,222.666667
12714,1.27140000e+04,221.875000
12715,1.27150000e+04,221.875000
12716,1.27160000e+04,221.125000
12717,1.27170000e+04,221.125000
12718,1.27180000e+04,220.291667
12719,1.27190000e+04,220.291667
12720,1.27200000e+04,219.333333
12721,1.27210000e+04,219.333333
12722,1.27220000e+04,218.625000
12723,1.27230000e+04,218.625000
12724,1.27240000e+04,217.666667
12725,1.27250000e+04,217.666667
12726,1.27260000e+04,216.750000
12727,1.27270000e+04,216.750000
12728,1.27280000e+04,215.875000
12729,1.27290000e+04,215.875000
12730,1.27300000e+04,214.958333
12731,1.27310000e+04,214.958333
12732,1.27320000e+04,214.083333
12733,1.27330000e+04,214.083333
12734,1.27340000e+04,213.041667
12735,1.27350000e+04,213.041667
12736,1.27360000e+04,211.958333
12737,1.27370000e+04,211.958333
12738,1.27380000e+04,210.750000
12739,1.27390000e+04,210.750000
12740,1.27400000e+04,209.916667
12741,1.27410000e+04,209.916667
12742,1.27420000e+04,208.500000
12743,1.27430000e+04,208.500000
12744,1.27440000e+04,207.708333
12745,1.27450000e+04,207.708333
12746,1.27460000e+04,206.541667
12747,1.27470000e+04,206.541667
12748,1.27480000e+04,205.416667
12749,1.27490000e+04,205.416667
12750,1.27500000e+04,204.250000
12751,1.27510000e+04,204.250000
12752,1.27520000e+04,203.250000
12753,1.27530000e+04,203.250000
12754,1.27540000e+04,202.125000
12755,1.27550000e+04,202.125000
12756,1.27560000e+04,200.958333
12757,1.27570000e+04,200.958333
12758,1.27580000e+04,199.833333
12759,1.27590000e+04,199.833333
12760,1.27600000e+04,198.916667
12761,1.27610000e+04,198.916667
12762,1.27620000e+04,197.583333
12763,1.27630000e+04,197.583333
12764,1.27640000e+04,196.625000
12765,1.27650000e+04,196.625000
12766,1.27660000e+04,195.625000
12767,1.27670000e+04,195.625000
12768,1.27680000e+04,194.458333
12769,1.27690000e+04,194.458333
12770,1.27700000e+04,193.375000
12771,1.27710000e+04,193.375000
12772,1.27720000e+04,192.208333
12773,1.27730000e+04,192.208333
12774,1.27740000e+04,191.166667
12775,1.27750000e+04,191.166667
12776,1.27760000e+04,190.250000
12777,1.27770000e+04,190.250000
12778,1.27780000e+04,189.083333
12779,1.27790000e+04,189.083333
12780,1.27800000e+04,188.125000
12781,1.27810000e+04,188.125000
12782,1.27820000e+04,187.125000
12783,1.27830000e+04,187.125000
12784,1.27840000e+04,185.958333
12785,1.27850000e+04,185.958333
12786,1.27860000e+04,185.041667
12787,1.27870000e+04,185.041667
12788,1.27880000e+04,183.833333
12789,1.27890000e+04,183.833333
12790,1.27900000e+04,182.875000
12791,1.27910000e+04,182.875000
12792,1.27920000e+04,181.916667
12793,1.27930000e+04,181.916667
12794,1.27940000e+04,180.916667
12795,1.27950000e+04,180.916667
12796,1.27960000e+04,179.833333
12797,1.27970000e+04,179.833333
12798,1.27980000e+04,178.916667
12799,1.27990000e+04,178.916667
12800,1.28000000e+04,177.750000
12801,1.28010000e+04,177.750000
12802,1.28020000e+04,176.875000
12803,1.28030000e+04,176.875000
12804,1.28040000e+04,176.000000
12805,1.28050000e+04,176.000000
12806,1.28060000e+04,174.750000
12807,1.28070000e+04,174.750000
12808,1.28080000e+04,173.875000
12809,1.28090000e+04,173.875000
12810,1.28100000e+04,172.875000
12811,1.28110000e+04,172.875000
12812,1.28120000e+04,171.625000
12813,1.28130000e+04,171.625000
12814,1.28140000e+04,170.666667
12815,1.28150000e+04,170.666667
12816,1.28160000e+04,169.833333
12817,1.28170000e+04,169.833333
12818,1.28180000e+04,168.708333
12819,1.28190000e+04,168.708333
12820,1.28200000e+04,167.708333
12821,1.28210000e+04,167.708333
12822,1.28220000e+04,166.583333
12823,1.28230000e+04,166.583333
12824,1.28240000e+04,165.458333
12825,1.28250000e+04,165.458333
12826,1.28260000e+04,164.500000
12827,1.28270000e+04,164.500000
12828,1.28280000e+04,163.125000
12829,1.28290000e+04,163.125000
12830,1.28300000e+04,162.000000
12831,1.28310000e+04,162.000000
12832,1.28320000e+04,160.958333
12833,1.28330000e+04,160.958333
12834,1.28340000e+04,159.666667
12835,1.28350000e+04,159.666667
12836,1.28360000e+04,158.458333
12837,1.28370000e+04,158.458333
12838,1.28380000e+04,157.208333
12839,1.28390000e+04,157.208333
12840,1.28400000e+04,156.000000
12841,1.28410000e+04,156.000000
12842,1.28420000e+04,154.666667
12843,1.28430000e+04,154.666667
12844,1.28440000e+04,153.250000
12845,1.28450000e+04,153.250000
12846,1.28460000e+04,152.000000
12847,1.28470000e+04,152.000000
12848,1.28480000e+04,150.583333
12849,1.28490000e+04,150.583333
12850,1.28500000e+04,149.041667
12851,1.28510000e+04,149.041667
12852,1.28520000e+04,147.750000
12853,1.28530000e+04,147.750000
12854,1.28540000e+04,146.208333
12855,1.28550000e+04,146.208333
12856,1.28560000e+04,144.666667
12857,1.28570000e+04,144.666667
12858,1.28580000e+04,143.166667
12859,1.28590000e+04,143.166667
12860,1.28600000e+04,141.541667
12861,1.28610000e+04,141.541667
12862,1.28620000e+04,139.958333
12863,1.28630000e+04,139.958333
12864,1.28640000e+04,138.500000
12865,1.28650000e+04,138.500000
12866,1.28660000e+04,136.833333
12867,1.28670000e+04,136.833333
12868,1.28680000e+04,135.166667
12869,1.28690000e+04,135.166667
12870,1.28700000e+04,133.541667
12871,1.28710000e+04,133.541667
12872,1.28720000e+04,131.791667
12873,1.28730000e+04,131.791667
12874,1.28740000e+04,129.958333
12875,1.28750000e+04,129.958333
12876,1.28760000e+04,128.375000
12877,1.28770000e+04,128.375000
12878,1.28780000e+04,126.708333
12879,1.28790000e+04,126.708333
12880,1.28800000e+04,124.875000
12881,1.28810000e+04,124.875000
12882,1.28820000e+04,123.000000
12883,1.28830000e+04,123.000000
12884,1.28840000e+04,121.291667
12885,1.28850000e+04,121.291667
12886,1.28860000e+04,119.333333
12887,1.28870000e+04,119.333333
12888,1.28880000e+04,117.583333
12889,1.28890000e+04,117.583333
12890,1.28900000e+04,115.833333
12891,1.28910000e+04,115.833333
12892,1.28920000e+04,114.125000
12893,1.28930000e+04,114.125000
12894,1.28940000e+04,112.208333
12895,1.28950000e+04,112.208333
12896,1.28960000e+04,110.416667
12897,1.28970000e+04,110.416667
12898,1.28980000e+04,108.583333
12899,1.28990000e+04,108.583333
12900,1.29000000e+04,106.708333
12901,1.29010000e+04,106.708333
12902,1.29020000e+04,104.958333
12903,1.29030000e+04,104.958333
12904,1.29040000e+04,103.041667
12905,1.29050000e+04,103.041667
12906,1.29060000e+04,101.208333
12907,1.29070000e+04,101.208333
12908,1.29080000e+04,99.416667
12909,1.29090000e+04,99.416667
12910,1.29100000e+04,97.541667
12911,1.29110000e+04,97.541667
12912,1.29120000e+04,95.708333
12913,1.29130000e+04,95.708333
12914,1.29140000e+04,93.875000
12915,1.29150000e+04,93.875000
12916,1.29160000e+04,92.208333
12917,1.29170000e+04,92.208333
12918,1.29180000e+04,90.333333
12919,1.29190000e+04,90.333333
12920,1.29200000e+04,88.708333
12921,1.29210000e+04,88.708333
12922,1.29220000e+04,86.833333
12923,1.29230000e+04,86.833333
12924,1.29240000e+04,85.041667
12925,1.29250000e+04,85.041667
12926,1.29260000e+04,83.416667
12927,1.29270000e+04,83.416667
12928,1.29280000e+04,81.458333
12929,1.29290000e+04,81.458333
12930,1.29300000e+04,79.625000
12931,1.29310000e+04,79.625000
12932,1.29320000e+04,78.083333
12933,1.29330000e+04,78.083333
12934,1.29340000e+04,76.291667
12935,1.29350000e+04,76.291667
12936,1.29360000e+04,74.500000
12937,1.29370000e+04,74.500000
12938,1.29380000e+04,72.750000
12939,1.29390000e+04,72.750000
12940,1.29400000e+04,71.083333
12941,1.29410000e+04,71.083333
12942,1.29420000e+04,69.125000
12943,1.29430000e+04,69.125000
12944,1.29440000e+04,67.500000
12945,1.29450000e+04,67.500000
12946,1.29460000e+04,65.791667
12947,1.29470000e+04,65.791667
12948,1.29480000e+04,64.166667
12949,1.29490000e+04,64.166667
12950,1.29500000e+04,62.208333
12951,1.29510000e+04,62.208333
12952,1.29520000e+04,60.500000
12953,1.29530000e+04,60.500000
12954,1.29540000e+04,58.833333
12955,1.29550000e+04,58.833333
12956,1.29560000e+04,57.000000
12957,1.29570000e+04,57.000000
12958,1.29580000e+04,55.125000
12959,1.29590000e+04,55.125000
12960,1.29600000e+04,53.416667
12961,1.29610000e+04,53.416667
12962,1.29620000e+04,51.708333
12963,1.29630000e+04,51.708333
12964,1.29640000e+04,49.791667
12965,1.29650000e+04,49.791667
12966,1.29660000e+04,48.083333
12967,1.29670000e+04,48.083333
12968,1.29680000e+04,46.083333
12969,1.29690000e+04,46.083333
12970,1.29700000e+04,44.291667
12971,1.29710000e+04,44.291667
12972,1.29720000e+04,42.500000
12973,1.29730000e+04,42.500000
12974,1.29740000e+04,40.416667
12975,1.29750000e+04,40.416667
12976,1.29760000e+04,38.541667
12977,1.29770000e+04,38.541667
12978,1.29780000e+04,36.500000
12979,1.29790000e+04,36.500000
12980,1.29800000e+04,34.541667
12981,1.29810000e+04,34.541667
12982,1.29820000e+04,32.583333
12983,1.29830000e+04,32.583333
12984,1.29840000e+04,30.666667
12985,1.29850000e+04,30.666667
12986,1.29860000e+04,28.583333
12987,1.29870000e+04,28.583333
12988,1.29880000e+04,26.750000
12989,1.29890000e+04,26.750000
12990,1.29900000e+04,24.541667
12991,1.29910000e+04,24.541667
12992,1.29920000e+04,22.750000
12993,1.29930000e+04,22.750000
12994,1.29940000e+04,20.500000
12995,1.29950000e+04,20.500000
12996,1.29960000e+04,18.500000
12997,1.29970000e+04,18.500000
12998,1.29980000e+04,16.333333
12999,1.29990000e+04,16.333333
13000,1.30000000e+04,14.208333
13001,1.30010000e+04,14.208333
13002,1.30020000e+04,12.125000
13003,1.30030000e+04,12.125000
13004,1.30040000e+04,10.041667
13005,1.30050000e+04,10.041667
13006,1.30060000e+04,7.875000
13007,1.30070000e+04,7.875000
13008,1.30080000e+04,5.833333
13009,1.30090000e+04,5.833333
13010,1.30100000e+04,3.666667
13011,1.30110000e+04,3.666667
13012,1.30120000e+04,1.541667
13013,1.30130000e+04,1.541667
13014,1.30140000e+04,-0.666667
13015,1.30150000e+04,-0.666667
13016,1.30160000e+04,-2.875000
13017,1.30170000e+04,-2.875000
13018,1.30180000e+04,-5.041667
13019,1.30190000e+04,-5.041667
13020,1.30200000e+04,-7.000000
13021,1.30210000e+04,-7.000000
13022,1.30220000e+04,-9.083333
13023,1.30230000e+04,-9.083333
13024,1.30240000e+04,-11.166667
13025,1.30250000e+04,-11.166667
13026,1.30260000e+04,-13.458333
13027,1.30270000e+04,-13.458333
13028,1.30280000e+04,-15.541667
13029,1.30290000e+04,-15.541667
13030,1.30300000e+04,-17.666667
13031,1.30310000e+04,-17.666667
13032,1.30320000e+04,-19.666667
13033,1.30330000e+04,-19.666667
13034,1.30340000e+04,-21.791667
13035,1.30350000e+04,-21.791667
13036,1.30360000e+04,-24.083333
13037,1.30370000e+04,-24.083333
13038,1.30380000e+04,-26.083333
13039,1.30390000e+04,-26.083333
13040,1.30400000e+04,-28.083333
13041,1.30410000e+04,-28.083333
13042,1.30420000e+04,-30.208333
13043,1.30430000e+04,-30.208333
13044,1.30440000e+04,-32.083333
13045,1.30450000e+04,-32.083333
13046,1.30460000e+04,-34.250000
13047,1.30470000e+04,-34.250000
13048,1.30480000e+04,-36.250000
13049,1.30490000e+04,-36.250000
13050,1.30500000e+04,-38.041667
13051,1.30510000e+04,-38.041667
13052,1.30520000e+04,-40.083333
13053,1.30530000e+04,-40.083333
13054,1.30540000e+04,-42.125000
13055,1.30550000e+04,-42.125000
13056,1.30560000e+04,-44.000000
13057,1.30570000e+04,-44.000000
13058,1.30580000e+04,-45.916667
13059,1.30590000e+04,-45.916667
13060,1.30600000e+04,-47.791667
13061,1.30610000e+04,-47.791667
13062,1.30620000e+04,-49.583333
13063,1.30630000e+04,-49.583333
13064,1.30640000e+04,-51.375000
13065,1.30650000e+04,-51.375000
13066,1.30660000e+04,-53.250000
13067,1.30670000e+04,-53.250000
13068,1.30680000e+04,-55.083333
13069,1.30690000e+04,-55.083333
13070,1.30700000e+04,-56.791667
13071,1.30710000e+04,-56.791667
13072,1.30720000e+04,-58.625000
13073,1.30730000e+04,-58.625000
13074,1.30740000e+04,-60.416667
13075,1.30750000e+04,-60.416667
13076,1.30760000e+04,-62.333333
13077,1.30770000e+04,-62.333333
13078,1.30780000e+04,-64.000000
13079,1.30790000e+04,-64.000000
13080,1.30800000e+04,-65.666667
13081,1.30810000e+04,-65.666667
13082,1.30820000e+04,-67.541667
13083,1.30830000e+04,-67.541667
13084,1.30840000e+04,-69.125000
13085,1.30850000e+04,-69.125000
13086,1.30860000e+04,-70.875000
13087,1.30870000e+04,-70.875000
13088,1.30880000e+04,-72.791667
13089,1.30890000e+04,-72.791667
13090,1.30900000e+04,-74.458333
13091,1.30910000e+04,-74.458333
13092,1.30920000e+04,-76.250000
13093,1.30930000e+04,-76.250000
13094,1.30940000e+04,-78.083333
13095,1.30950000e+04,-78.083333
13096,1.30960000e+04,-79.708333
13097,1.30970000e+04,-79.708333
13098,1.30980000e+04,-81.375000
13099,1.30990000e+04,-81.375000
13100,1.31000000e+04,-83.000000
13101,1.31010000e+04,-83.000000
13102,1.31020000e+04,-84.958333
13103,1.31030000e+04,-84.958333
13104,1.31040000e+04,-86.625000
13105,1.31050000e+04,-86.625000
13106,1.31060000e+04,-88.458333
13107,1.31070000e+04,-88.458333
13108,1.31080000e+04,-90.166667
13109,1.31090000e+04,-90.166667
13110,1.31100000e+04,-91.875000
13111,1.31110000e+04,-91.875000
13112,1.31120000e+04,-93.500000
13113,1.31130000e+04,-93.500000
13114,1.31140000e+04,-95.458333
13115,1.31150000e+04,-95.458333
13116,1.31160000e+04,-97.125000
13117,1.31170000e+04,-97.125000
13118,1.31180000e+04,-99.000000
13119,1.31190000e+04,-99.000000
13120,1.31200000e+04,-100.750000
13121,1.31210000e+04,-100.750000
13122,1.31220000e+04,-102.583333
13123,1.31230000e+04,-102.583333
13124,1.31240000e+04,-104.291667
13125,1.31250000e+04,-104.291667
13126,1.31260000e+04,-106.000000
13127,1.31270000e+04,-106.000000
13128,1.31280000e+04,-107.916667
13129,1.31290000e+04,-107.916667
13130,1.31300000e+04,-109.458333
13131,1.31310000e+04,-109.458333
13132,1.31320000e+04,-111.583333
13133,1.31330000e+04,-111.583333
13134,1.31340000e+04,-113.333333
13135,1.31350000e+04,-113.333333
13136,1.31360000e+04,-115.000000
13137,1.31370000e+04,-115.000000
13138,1.31380000e+04,-116.750000
13139,1.31390000e+04,-116.750000
13140,1.31400000e+04,-118.708333
13141,1.31410000e+04,-118.708333
13142,1.31420000e+04,-120.458333
13143,1.31430000e+04,-120.458333
13144,1.31440000e+04,-122.125000
13145,1.31450000e+04,-122.125000
13146,1.31460000e+04,-123.875000
13147,1.31470000e+04,-123.875000
13148,1.31480000e+04,-125.666667
13149,1.31490000e+04,-125.666667
13150,1.31500000e+04,-127.458333
13151,1.31510000e+04,-127.458333
13152,1.31520000e+04,-129.041667
13153,1.31530000e+04,-129.041667
13154,1.31540000e+04,-130.750000
13155,1.31550000e+04,-130.750000
13156,1.31560000e+04,-132.541667
13157,1.31570000e+04,-132.541667
13158,1.31580000e+04,-134.291667
13159,1.31590000e+04,-134.291667
13160,1.31600000e+04,-135.750000
13161,1.31610000e+04,-135.750000
13162,1.31620000e+04,-137.625000
13163,1.31630000e+04,-137.625000
13164,1.31640000e+04,-139.041667
13165,1.31650000e+04,-139.041667
13166,1.31660000e+04,-140.791667
13167,1.31670000e+04,-140.791667
13168,1.31680000e+04,-142.333333
13169,1.31690000e+04,-142.333333
13170,1.31700000e+04,-143.958333
13171,1.31710000e+04,-143.958333
13172,1.31720000e+04,-145.250000
13173,1.31730000e+04,-145.250000
13174,1.31740000e+04,-146.958333
13175,1.31750000e+04,-146.958333
13176,1.31760000e+04,-148.333333
13177,1.31770000e+04,-148.333333
13178,1.31780000e+04,-149.666667
13179,1.31790000e+04,-149.666667
13180,1.31800000e+04,-151.291667
13181,1.31810000e+04,-151.291667
13182,1.31820000e+04,-152.666667
13183,1.31830000e+04,-152.666667
13184,1.31840000e+04,-154.083333
13185,1.31850000e+04,-154.083333
13186,1.31860000e+04,-155.250000
13187,1.31870000e+04,-155.250000
13188,1.31880000e+04,-156.666667
13189,1.31890000e+04,-156.666667
13190,1.31900000e+04,-158.041667
13191,1.31910000e+04,-158.041667
13192,1.31920000e+04,-159.166667
13193,1.31930000e+04,-159.166667
13194,1.31940000e+04,-160.500000
13195,1.31950000e+04,-160.500000
13196,1.31960000e+04,-161.708333
13197,1.31970000e+04,-161.708333
13198,1.31980000e+04,-162.958333
13199,1.31990000e+04,-162.958333
13200,1.32000000e+04,-164.083333
13201,1.32010000e+04,-164.083333
13202,1.32020000e+04,-165.083333
13203,1.32030000e+04,-165.083333
13204,1.32040000e+04,-166.458333
13205,1.32050000e+04,-166.458333
13206,1.32060000e+04,-167.291667
13207,1.32070000e+04,-167.291667
13208,1.32080000e+04,-168.583333
13209,1.32090000e+04,-168.583333
13210,1.32100000e+04,-169.541667
13211,1.32110000e+04,-169.541667
13212,1.32120000e+04,-170.708333
13213,1.32130000e+04,-170.708333
13214,1.32140000e+04,-171.833333
13215,1.32150000e+04,-171.833333
13216,1.32160000e+04,-172.791667
13217,1.32170000e+04,-172.791667
13218,1.32180000e+04,-173.875000
13219,1.32190000e+04,-173.875000
13220,1.32200000e+04,-174.916667
13221,1.32210000e+04,-174.916667
13222,1.32220000e+04,-175.958333
13223,1.32230000e+04,-175.958333
13224,1.32240000e+04,-176.916667
13225,1.32250000e+04,-176.916667
13226,1.32260000e+04,-177.833333
13227,1.32270000e+04,-177.833333
13228,1.32280000e+04,-178.708333
13229,1.32290000e+04,-178.708333
13230,1.32300000e+04,-179.875000
13231,1.32310000e+04,-179.875000
13232,1.32320000e+04,-180.875000
13233,1.32330000e+04,-180.875000
13234,1.32340000e+04,-181.791667
13235,1.32350000e+04,-181.791667
13236,1.32360000e+04,-182.750000
13237,1.32370000e+04,-182.750000
13238,1.32380000e+04,-183.708333
13239,1.32390000e+04,-183.708333
13240,1.32400000e+04,-184.750000
13241,1.32410000e+04,-184.750000
13242,1.32420000e+04,-185.583333
13243,1.32430000e+04,-185.583333
13244,1.32440000e+04,-186.625000
13245,1.32450000e+04,-186.625000
13246,1.32460000e+04,-187.583333
13247,1.32470000e+04,-187.583333
13248,1.32480000e+04,-188.625000
13249,1.32490000e+04,-188.625000
13250,1.32500000e+04,-189.791667
13251,1.32510000e+04,-189.791667
13252,1.32520000e+04,-190.708333
13253,1.32530000e+04,-190.708333
13254,1.32540000e+04,-191.750000
13255,1.32550000e+04,-191.750000
13256,1.32560000e+04,-192.583333
13257,1.32570000e+04,-192.583333
13258,1.32580000e+04,-193.750000
13259,1.32590000e+04,-193.750000
13260,1.32600000e+04,-194.791667
13261,1.32610000e+04,-194.791667
13262,1.32620000e+04,-195.833333
13263,1.32630000e+04,-195.833333
13264,1.32640000e+04,-196.791667
13265,1.32650000e+04,-196.791667
13266,1.32660000e+04,-198.041667
13267,1.32670000e+04,-198.041667
13268,1.32680000e+04,-199.000000
13269,1.32690000e+04,-199.000000
13270,1.32700000e+04,-200.166667
13271,1.32710000e+04,-200.166667
13272,1.32720000e+04,-201.208333
13273,1.32730000e+04,-201.208333
13274,1.32740000e+04,-202.166667
13275,1.32750000e+04,-202.166667
13276,1.32760000e+04,-203.250000
13277,1.32770000e+04,-203.250000
13278,1.32780000e+04,-204.250000
13279,1.32790000e+04,-204.250000
13280,1.32800000e+04,-205.291667
13281,1.32810000e+04,-205.291667
13282,1.32820000e+04,-206.458333
13283,1.32830000e+04,-206.458333
13284,1.32840000e+04,-207.500000
13285,1.32850000e+04,-207.500000
13286,1.32860000e+04,-208.583333
13287,1.32870000e+04,-208.583333
13288,1.32880000e+04,-209.708333
13289,1.32890000e+04,-209.708333
13290,1.32900000e+04,-210.833333
13291,1.32910000e+04,-210.833333
13292,1.32920000e+04,-211.750000
13293,1.32930000e+04,-211.750000
13294,1.32940000e+04,-212.875000
13295,1.32950000e+04,-212.875000
13296,1.32960000e+04,-213.958333
13297,1.32970000e+04,-213.958333
13298,1.32980000e+04,-214.750000
13299,1.32990000e+04,-214.750000
13300,1.33000000e+04,-215.875000
13301,1.33010000e+04,-215.875000
13302,1.33020000e+04,-216.750000
13303,1.33030000e+04,-216.750000
13304,1.33040000e+04,-217.500000
13305,1.33050000e+04,-217.500000
13306,1.33060000e+04,-218.500000
13307,1.33070000e+04,-218.500000
13308,1.33080000e+04,-219.375000
13309,1.33090000e+04,-219.375000
13310,1.33100000e+04,-220.083333
13311,1.33110000e+04,-220.083333
13312,1.33120000e+04,-221.041667
13313,1.33130000e+04,-221.041667
13314,1.33140000e+04,-222.000000
13315,1.33150000e+04,-222.000000
13316,1.33160000e+04,-222.625000
13317,1.33170000e+04,-222.625000
13318,1.33180000e+04,-223.416667
13319,1.33190000e+04,-223.416667
13320,1.33200000e+04,-224.166667
13321,1.33210000e+04,-224.166667
13322,1.33220000e+04,-224.916667
13323,1.33230000e+04,-224.916667
13324,1.33240000e+04,-225.583333
13325,1.33250000e+04,-225.583333
13326,1.33260000e+04,-226.208333
13327,1.33270000e+04,-226.208333
13328,1.33280000e+04,-226.875000
13329,1.33290000e+04,-226.875000
13330,1.33300000e+04,-227.416667
13331,1.33310000e+04,-227.416667
13332,1.33320000e+04,-228.000000
13333,1.33330000e+04,-228.000000
13334,1.33340000e+04,-228.416667
13335,1.33350000e+04,-228.416667
13336,1.33360000e+04,-229.125000
13337,1.33370000e+04,-229.125000
13338,1.33380000e+04,-229.541667
13339,1.33390000e+04,-229.541667
13340,1.33400000e+04,-229.916667
13341,1.33410000e+04,-229.916667
13342,1.33420000e+04,-230.458333
13343,1.33430000e+04,-230.458333
13344,1.33440000e+04,-230.666667
13345,1.33450000e+04,-230.666667
13346,1.33460000e+04,-231.166667
13347,1.33470000e+04,-231.166667
13348,1.33480000e+04,-231.458333
13349,1.33490000e+04,-231.458333
13350,1.33500000e+04,-231.916667
13351,1.33510000e+04,-231.916667
13352,1.33520000e+04,-232.166667
13353,1.33530000e+04,-232.166667
13354,1.33540000e+04,-232.333333
13355,1.33550000e+04,-232.333333
13356,1.33560000e+04,-232.666667
13357,1.33570000e+04,-232.666667
13358,1.33580000e+04,-232.875000
13359,1.33590000e+04,-232.875000
13360,1.33600000e+04,-233.125000
13361,1.33610000e+04,-233.125000
13362,1.33620000e+04,-233.291667
13363,1.33630000e+04,-233.291667
13364,1.33640000e+04,-233.416667
13365,1.33650000e+04,-233.416667
13366,1.33660000e+04,-233.583333
13367,1.33670000e+04,-233.583333
13368,1.33680000e+04,-233.583333
13369,1.33690000e+04,-233.583333
13370,1.33700000e+04,-233.833333
13371,1.33710000e+04,-233.833333
13372,1.33720000e+04,-233.875000
13373,1.33730000e+04,-233.875000
13374,1.33740000e+04,-233.875000
13375,1.33750000e+04,-233.875000
13376,1.33760000e+04,-234.083333
13377,1.33770000e+04,-234.083333
13378,1.33780000e+04,-233.958333
13379,1.33790000e+04,-233.958333
13380,1.33800000e+04,-234.166667
13381,1.33810000e+04,-234.166667
13382,1.33820000e+04,-234.166667
13383,1.33830000e+04,-234.166667
13384,1.33840000e+04,-234.041667
13385,1.33850000e+04,-234.041667
13386,1.33860000e+04,-234.083333
13387,1.33870000e+04,-234.083333
13388,1.33880000e+04,-234.208333
13389,1.33890000e+04,-234.208333
13390,1.33900000e+04,-233.958333
13391,1.33910000e+04,-233.958333
13392,1.33920000e+04,-234.041667
13393,1.33930000e+04,-234.041667
13394,1.33940000e+04,-233.875000
13395,1.33950000e+04,-233.875000
13396,1.33960000e+04,-233.916667
13397,1.33970000e+04,-233.916667
13398,1.33980000e+04,-233.791667
13399,1.33990000e+04,-233.791667
13400,1.34000000e+04,-233.625000
13401,1.34010000e+04,-233.625000
13402,1.34020000e+04,-233.541667
13403,1.34030000e+04,-233.541667
13404,1.34040000e+04,-233.541667
13405,1.34050000e+04,-233.541667
13406,1.34060000e+04,-233.333333
13407,1.34070000e+04,-233.333333
13408,1.34080000e+04,-233.250000
13409,1.34090000e+04,-233.250000
13410,1.34100000e+04,-233.041667
13411,1.34110000e+04,-233.041667
13412,1.34120000e+04,-232.750000
13413,1.34130000e+04,-232.750000
13414,1.34140000e+04,-232.625000
13415,1.34150000e+04,-232.625000
13416,1.34160000e+04,-232.500000
13417,1.34170000e+04,-232.500000
13418,1.34180000e+04,-232.208333
13419,1.34190000e+04,-232.208333
13420,1.34200000e+04,-232.000000
13421,1.34210000e+04,-232.000000
13422,1.34220000e+04,-231.625000
13423,1.34230000e+04,-231.625000
13424,1.34240000e+04,-231.541667
13425,1.34250000e+04,-231.541667
13426,1.34260000e+04,-231.125000
13427,1.34270000e+04,-231.125000
13428,1.34280000e+04,-230.541667
13429,1.34290000e+04,-230.541667
13430,1.34300000e+04,-230.500000
13431,1.34310000e+04,-230.500000
13432,1.34320000e+04,-230.208333
13433,1.34330000e+04,-230.208333
13434,1.34340000e+04,-229.833333
13435,1.34350000e+04,-229.833333
13436,1.34360000e+04,-229.500000
13437,1.34370000e+04,-229.500000
13438,1.34380000e+04,-228.791667
13439,1.34390000e+04,-228.791667
13440,1.34400000e+04,-228.541667
13441,1.34410000e+04,-228.541667
13442,1.34420000e+04,-228.083333
13443,1.34430000e+04,-228.083333
13444,1.34440000e+04,-227.541667
13445,1.34450000e+04,-227.541667
13446,1.34460000e+04,-226.958333
13447,1.34470000e+04,-226.958333
13448,1.34480000e+04,-226.416667
13449,1.34490000e+04,-226.416667
13450,1.34500000e+04,-225.666667
13451,1.34510000e+04,-225.666667
13452,1.34520000e+04,-225.083333
13453,1.34530000e+04,-225.083333
13454,1.34540000e+04,-224.416667
13455,1.34550000e+04,-224.416667
13456,1.34560000e+04,-223.750000
13457,1.34570000e+04,-223.750000
13458,1.34580000e+04,-223.125000
13459,1.34590000e+04,-223.125000
13460,1.34600000e+04,-222.625000
13461,1.34610000e+04,-222.625000
13462,1.34620000e+04,-221.541667
13463,1.34630000e+04,-221.541667
13464,1.34640000e+04,-220.791667
13465,1.34650000e+04,-220.791667
13466,1.34660000e+04,-220.250000
13467,1.34670000e+04,-220.250000
13468,1.34680000e+04,-219.208333
13469,1.34690000e+04,-219.208333
13470,1.34700000e+04,-218.541667
13471,1.34710000e+04,-218.541667
13472,1.34720000e+04,-217.500000
13473,1.34730000e+04,-217.500000
13474,1.34740000e+04,-216.625000
13475,1.34750000e+04,-216.625000
13476,1.34760000e+04,-215.500000
13477,1.34770000e+04,-215.500000
13478,1.34780000e+04,-214.708333
13479,1.34790000e+04,-214.708333
13480,1.34800000e+04,-213.750000
13481,1.34810000e+04,-213.750000
13482,1.34820000e+04,-212.583333
13483,1.34830000e+04,-212.583333
13484,1.34840000e+04,-211.666667
13485,1.34850000e+04,-211.666667
13486,1.34860000e+04,-210.791667
13487,1.34870000e+04,-210.791667
13488,1.34880000e+04,-209.750000
13489,1.34890000e+04,-209.750000
13490,1.34900000e+04,-208.500000
13491,1.34910000e+04,-208.500000
13492,1.34920000e+04,-207.583333
13493,1.34930000e+04,-207.583333
13494,1.34940000e+04,-206.583333
13495,1.34950000e+04,-206.583333
13496,1.34960000e+04,-205.375000
13497,1.34970000e+04,-205.375000
13498,1.34980000e+04,-204.291667
13499,1.34990000e+04,-204.291667
13500,1.35000000e+04,-203.208333
13501,1.35010000e+04,-203.208333
13502,1.35020000e+04,-202.041667
13503,1.35030000e+04,-202.041667
13504,1.35040000e+04,-200.791667
13505,1.35050000e+04,-200.791667
13506,1.35060000e+04,-199.958333
13507,1.35070000e+04,-199.958333
13508,1.35080000e+04,-198.958333
13509,1.35090000e+04,-198.958333
13510,1.35100000e+04,-197.750000
13511,1.35110000e+04,-197.750000
13512,1.35120000e+04,-196.541667
13513,1.35130000e+04,-196.541667
13514,1.35140000e+04,-195.416667
13515,1.35150000e+04,-195.416667
13516,1.35160000e+04,-194.416667
13517,1.35170000e+04,-194.416667
13518,1.35180000e+04,-193.291667
13519,1.35190000e+04,-193.291667
13520,1.35200000e+04,-192.125000
13521,1.35210000e+04,-192.125000
13522,1.35220000e+04,-191.166667
13523,1.35230000e+04,-191.166667
13524,1.35240000e+04,-190.000000
13525,1.35250000e+04,-190.000000
13526,1.35260000e+04,-189.208333
13527,1.35270000e+04,-189.208333
13528,1.35280000e+04,-187.916667
13529,1.35290000e+04,-187.916667
13530,1.35300000e+04,-187.083333
13531,1.35310000e+04,-187.083333
13532,1.35320000e+04,-185.958333
13533,1.35330000e+04,-185.958333
13534,1.35340000e+04,-184.833333
13535,1.35350000e+04,-184.833333
13536,1.35360000e+04,-183.916667
13537,1.35370000e+04,-183.916667
13538,1.35380000e+04,-182.666667
13539,1.35390000e+04,-182.666667
13540,1.35400000e+04,-181.833333
13541,1.35410000e+04,-181.833333
13542,1.35420000e+04,-180.875000
13543,1.35430000e+04,-180.875000
13544,1.35440000e+04,-179.791667
13545,1.35450000e+04,-179.791667
13546,1.35460000e+04,-178.833333
13547,1.35470000e+04,-178.833333
13548,1.35480000e+04,-177.791667
13549,1.35490000e+04,-177.791667
13550,1.35500000e+04,-176.875000
13551,1.35510000e+04,-176.875000
13552,1.35520000e+04,-175.833333
13553,1.35530000e+04,-175.833333
13554,1.35540000e+04,-175.000000
13555,1.35550000e+04,-175.000000
13556,1.35560000e+04,-173.875000
13557,1.35570000e+04,-173.875000
13558,1.35580000e+04,-172.916667
13559,1.35590000e+04,-172.916667
13560,1.35600000e+04,-171.875000
13561,1.35610000e+04,-171.875000
13562,1.35620000e+04,-170.666667
13563,1.35630000e+04,-170.666667
13564,1.35640000e+04,-169.750000
13565,1.35650000e+04,-169.750000
13566,1.35660000e+04,-168.666667
13567,1.35670000e+04,-168.666667
13568,1.35680000e+04,-167.583333
13569,1.35690000e+04,-167.583333
13570,1.35700000e+04,-166.666667
13571,1.35710000e+04,-166.666667
13572,1.35720000e+04,-165.458333
13573,1.35730000e+04,-165.458333
13574,1.35740000e+04,-164.375000
13575,1.35750000e+04,-164.375000
13576,1.35760000e+04,-163.291667
13577,1.35770000e+04,-163.291667
13578,1.35780000e+04,-162.166667
13579,1.35790000e+04,-162.166667
13580,1.35800000e+04,-160.791667
13581,1.35810000e+04,-160.791667
13582,1.35820000e+04,-159.625000
13583,1.35830000e+04,-159.625000
13584,1.35840000e+04,-158.666667
13585,1.35850000e+04,-158.666667
13586,1.35860000e+04,-157.291667
13587,1.35870000e+04,-157.291667
13588,1.35880000e+04,-155.875000
13589,1.35890000e+04,-155.875000
13590,1.35900000e+04,-154.750000
13591,1.35910000e+04,-154.750000
13592,1.35920000e+04,-153.250000
13593,1.35930000e+04,-153.250000
13594,1.35940000e+04,-152.083333
13595,1.35950000e+04,-152.083333
13596,1.35960000e+04,-150.625000
13597,1.35970000e+04,-150.625000
13598,1.35980000e+04,-149.250000
13599,1.35990000e+04,-149.250000
13600,1.36000000e+04,-147.833333
13601,1.36010000e+04,-147.833333
13602,1.36020000e+04,-146.291667
13603,1.36030000e+04,-146.291667
13604,1.36040000e+04,-144.875000
13605,1.36050000e+04,-144.875000
13606,1.36060000e+04,-143.416667
13607,1.36070000e+04,-143.416667
13608,1.36080000e+04,-141.875000
13609,1.36090000e+04,-141.875000
13610,1.36100000e+04,-140.166667
13611,1.36110000e+04,-140.166667
13612,1.36120000e+04,-138.750000
13613,1.36130000e+04,-138.750000
13614,1.36140000e+04,-137.125000
13615,1.36150000e+04,-137.125000
13616,1.36160000e+04,-135.250000
13617,1.36170000e+04,-135.250000
13618,1.36180000e+04,-133.750000
13619,1.36190000e+04,-133.750000
13620,1.36200000e+04,-132.083333
13621,1.36210000e+04,-132.083333
13622,1.36220000e+04,-130.083333
13623,1.36230000e+04,-130.083333
13624,1.36240000e+04,-128.666667
13625,1.36250000e+04,-128.666667
13626,1.36260000e+04,-126.916667
13627,1.36270000e+04,-126.916667
13628,1.36280000e+04,-125.083333
13629,1.36290000e+04,-125.083333
13630,1.36300000e+04,-123.375000
13631,1.36310000e+04,-123.375000
13632,1.36320000e+04,-121.416667
13633,1.36330000e+04,-121.416667
13634,1.36340000e+04,-119.750000
13635,1.36350000e+04,-119.750000
13636,1.36360000e+04,-117.875000
13637,1.36370000e+04,-117.875000
13638,1.36380000e+04,-116.166667
13639,1.36390000e+04,-116.166667
13640,1.36400000e+04,-114.333333
13641,1.36410000e+04,-114.333333
13642,1.36420000e+04,-112.583333
13643,1.36430000e+04,-112.583333
13644,1.36440000e+04,-110.583333
13645,1.36450000e+04,-110.583333
13646,1.36460000e+04,-108.875000
13647,1.36470000e+04,-108.875000
13648,1.36480000e+04,-107.041667
13649,1.36490000e+04,-107.041667
13650,1.36500000e+04,-105.250000
13651,1.36510000e+04,-105.250000
13652,1.36520000e+04,-103.166667
13653,1.36530000e+04,-103.166667
13654,1.36540000e+04,-101.500000
13655,1.36550000e+04,-101.500000
13656,1.36560000e+04,-99.750000
13657,1.36570000e+04,-99.750000
13658,1.36580000e+04,-97.791667
13659,1.36590000e+04,-97.791667
13660,1.36600000e+04,-96.083333
13661,1.36610000e+04,-96.083333
13662,1.36620000e+04,-94.291667
13663,1.36630000e+04,-94.291667
13664,1.36640000e+04,-92.541667
13665,1.36650000e+04,-92.541667
13666,1.36660000e+04,-90.791667
13667,1.36670000e+04,-90.791667
13668,1.36680000e+04,-88.916667
13669,1.36690000e+04,-88.916667
13670,1.36700000e+04,-87.250000
13671,1.36710000e+04,-87.250000
13672,1.36720000e+04,-85.333333
13673,1.36730000e+04,-85.333333
13674,1.36740000e+04,-83.666667
13675,1.36750000e+04,-83.666667
13676,1.36760000e+04,-81.666667
13677,1.36770000e+04,-81.666667
13678,1.36780000e+04,-80.291667
13679,1.36790000e+04,-80.291667
13680,1.36800000e+04,-78.166667
13681,1.36810000e+04,-78.166667
13682,1.36820000e+04,-76.541667
13683,1.36830000e+04,-76.541667
13684,1.36840000e+04,-74.875000
13685,1.36850000e+04,-74.875000
13686,1.36860000e+04,-73.083333
13687,1.36870000e+04,-73.083333
13688,1.36880000e+04,-71.416667
13689,1.36890000e+04,-71.416667
13690,1.36900000e+04,-69.500000
13691,1.36910000e+04,-69.500000
13692,1.36920000e+04,-67.875000
13693,1.36930000e+04,-67.875000
13694,1.36940000e+04,-66.125000
13695,1.36950000e+04,-66.125000
13696,1.36960000e+04,-64.375000
13697,1.36970000e+04,-64.375000
13698,1.36980000e+04,-62.750000
13699,1.36990000e+04,-62.750000
13700,1.37000000e+04,-60.875000
13701,1.37010000e+04,-60.875000
13702,1.37020000e+04,-59.041667
13703,1.37030000e+04,-59.041667
13704,1.37040000e+04,-57.458333
13705,1.37050000e+04,-57.458333
13706,1.37060000e+04,-55.458333
13707,1.37070000e+04,-55.458333
13708,1.37080000e+04,-53.916667
13709,1.37090000e+04,-53.916667
13710,1.37100000e+04,-52.000000
13711,1.37110000e+04,-52.000000
13712,1.37120000e+04,-50.125000
13713,1.37130000e+04,-50.125000
13714,1.37140000e+04,-48.458333
13715,1.37150000e+04,-48.458333
13716,1.37160000e+04,-46.666667
13717,1.37170000e+04,-46.666667
13718,1.37180000e+04,-44.791667
13719,1.37190000e+04,-44.791667
13720,1.37200000e+04,-42.750000
13721,1.37210000e+04,-42.750000
13722,1.37220000e+04,-40.833333
13723,1.37230000e+04,-40.833333
13724,1.37240000e+04,-39.083333
13725,1.37250000e+04,-39.083333
13726,1.37260000e+04,-37.000000
13727,1.37270000e+04,-37.000000
13728,1.37280000e+04,-35.166667
13729,1.37290000e+04,-35.166667
13730,1.37300000e+04,-33.041667
13731,1.37310000e+04,-33.041667
13732,1.37320000e+04,-31.291667
13733,1.37330000e+04,-31.291667
13734,1.37340000e+04,-29.125000
13735,1.37350000e+04,-29.125000
13736,1.37360000e+04,-27.041667
13737,1.37370000e+04,-27.041667
13738,1.37380000e+04,-25.166667
13739,1.37390000e+04,-25.166667
13740,1.37400000e+04,-22.958333
13741,1.37410000e+04,-22.958333
13742,1.37420000e+04,-20.958333
13743,1.37430000e+04,-20.958333
13744,1.37440000e+04,-18.916667
13745,1.37450000e+04,-18.916667
13746,1.37460000e+04,-16.958333
13747,1.37470000e+04,-16.958333
13748,1.37480000e+04,-14.833333
13749,1.37490000e+04,-14.833333
13750,1.37500000e+04,-12.708333
13751,1.37510000e+04,-12.708333
13752,1.37520000e+04,-10.541667
13753,1.37530000e+04,-10.541667
13754,1.37540000e+04,-8.500000
13755,1.37550000e+04,-8.500000
13756,1.37560000e+04,-6.500000
13757,1.37570000e+04,-6.500000
13758,1.37580000e+04,-4.250000
13759,1.37590000e+04,-4.250000
13760,1.37600000e+04,-2.000000
13761,1.37610000e+04,-2.000000
13762,1.37620000e+04,0.000000
13763,1.37630000e+04,0.000000
13764,1.37640000e+04,2.041667
13765,1.37650000e+04,2.041667
13766,1.37660000e+04,4.291667
13767,1.37670000e+04,4.291667
13768,1.37680000e+04,6.416667
13769,1.37690000e+04,6.416667
13770,1.37700000e+04,8.666667
13771,1.37710000e+04,8.666667
13772,1.37720000e+04,10.750000
13773,1.37730000e+04,10.750000
13774,1.37740000e+04,12.833333
13775,1.37750000e+04,12.833333
13776,1.37760000e+04,15.000000
13777,1.37770000e+04,15.000000
13778,1.37780000e+04,17.000000
13779,1.37790000e+04,17.000000
13780,1.37800000e+04,19.208333
13781,1.37810000e+04,19.208333
13782,1.37820000e+04,21.250000
13783,1.37830000e+04,21.250000
13784,1.37840000e+04,23.416667
13785,1.37850000e+04,23.416667
13786,1.37860000e+04,25.458333
13787,1.37870000e+04,25.458333
13788,1.37880000e+04,27.416667
13789,1.37890000e+04,27.416667
13790,1.37900000e+04,29.416667
13791,1.37910000e+04,29.416667
13792,1.37920000e+04,31.500000
13793,1.37930000e+04,31.500000
13794,1.37940000e+04,33.583333
13795,1.37950000e+04,33.583333
13796,1.37960000e+04,35.291667
13797,1.37970000e+04,35.291667
13798,1.37980000e+04,37.583333
13799,1.37990000e+04,37.583333
13800,1.38000000e+04,39.541667
13801,1.38010000e+04,39.541667
13802,1.38020000e+04,41.541667
13803,1.38030000e+04,41.541667
13804,1.38040000e+04,43.416667
13805,1.38050000e+04,43.416667
13806,1.38060000e+04,45.250000
13807,1.38070000e+04,45.250000
13808,1.38080000e+04,47.208333
13809,1.38090000e+04,47.208333
13810,1.38100000e+04,49.125000
13811,1.38110000e+04,49.125000
13812,1.38120000e+04,50.958333
13813,1.38130000e+04,50.958333
13814,1.38140000e+04,52.791667
13815,1.38150000e+04,52.791667
13816,1.38160000e+04,54.541667
13817,1.38170000e+04,54.541667
13818,1.38180000e+04,56.416667
13819,1.38190000e+04,56.416667
13820,1.38200000e+04,58.125000
13821,1.38210000e+04,58.125000
13822,1.38220000e+04,59.916667
13823,1.38230000e+04,59.916667
13824,1.38240000e+04,61.541667
13825,1.38250000e+04,61.541667
13826,1.38260000e+04,63.375000
13827,1.38270000e+04,63.375000
13828,1.38280000e+04,65.208333
13829,1.38290000e+04,65.208333
13830,1.38300000e+04,67.000000
13831,1.38310000e+04,67.000000
13832,1.38320000e+04,68.583333
13833,1.38330000e+04,68.583333
13834,1.38340000e+04,70.458333
13835,1.38350000e+04,70.458333
13836,1.38360000e+04,72.125000
13837,1.38370000e+04,72.125000
13838,1.38380000e+04,73.875000
13839,1.38390000e+04,73.875000
13840,1.38400000e+04,75.750000
13841,1.38410000e+04,75.750000
13842,1.38420000e+04,77.250000
13843,1.38430000e+04,77.250000
13844,1.38440000e+04,79.125000
13845,1.38450000e+04,79.125000
13846,1.38460000e+04,80.875000
13847,1.38470000e+04,80.875000
13848,1.38480000e+04,82.708333
13849,1.38490000e+04,82.708333
13850,1.38500000e+04,84.250000
13851,1.38510000e+04,84.250000
13852,1.38520000e+04,86.041667
13853,1.38530000e+04,86.041667
13854,1.38540000e+04,87.750000
13855,1.38550000e+04,87.750000
13856,1.38560000e+04,89.375000
13857,1.38570000e+04,89.375000
13858,1.38580000e+04,91.291667
13859,1.38590000e+04,91.291667
13860,1.38600000e+04,93.083333
13861,1.38610000e+04,93.083333
13862,1.38620000e+04,94.916667
13863,1.38630000e+04,94.916667
13864,1.38640000e+04,96.666667
13865,1.38650000e+04,96.666667
13866,1.38660000e+04,98.375000
13867,1.38670000e+04,98.375000
13868,1.38680000e+04,100.166667
13869,1.38690000e+04,100.166667
13870,1.38700000e+04,101.875000
13871,1.38710000e+04,101.875000
13872,1.38720000e+04,103.708333
13873,1.38730000e+04,103.708333
13874,1.38740000e+04,105.375000
13875,1.38750000e+04,105.375000
13876,1.38760000e+04,107.458333
13877,1.38770000e+04,107.458333
13878,1.38780000e+04,109.041667
13879,1.38790000e+04,109.041667
13880,1.38800000e+04,110.833333
13881,1.38810000e+04,110.833333
13882,1.38820000e+04,112.708333
13883,1.38830000e+04,112.708333
13884,1.38840000e+04,114.333333
13885,1.38850000e+04,114.333333
13886,1.38860000e+04,116.291667
13887,1.38870000e+04,116.291667
13888,1.38880000e+04,118.083333
13889,1.38890000e+04,118.083333
13890,1.38900000e+04,119.791667
13891,1.38910000e+04,119.791667
13892,1.38920000e+04,121.666667
13893,1.38930000e+04,121.666667
13894,1.38940000e+04,123.333333
13895,1.38950000e+04,123.333333
13896,1.38960000e+04,125.041667
13897,1.38970000e+04,125.041667
13898,1.38980000e+04,126.708333
13899,1.38990000e+04,126.708333
13900,1.39000000e+04,128.583333
13901,1.39010000e+04,128.583333
13902,1.39020000e+04,130.166667
13903,1.39030000e+04,130.166667
13904,1.39040000e+04,131.750000
13905,1.39050000e+04,131.750000
13906,1.39060000e+04,133.708333
13907,1.39070000e+04,133.708333
13908,1.39080000e+04,135.208333
13909,1.39090000e+04,135.208333
13910,1.39100000e+04,136.791667
13911,1.39110000e+04,136.791667
13912,1.39120000e+04,138.583333
13913,1.39130000e+04,138.583333
13914,1.39140000e+04,140.125000
13915,1.39150000e+04,140.125000
13916,1.39160000e+04,141.791667
13917,1.39170000e+04,141.791667
13918,1.39180000e+04,143.250000
13919,1.39190000e+04,143.250000
13920,1.39200000e+04,144.708333
13921,1.39210000e+04,144.708333
13922,1.39220000e+04,146.375000
13923,1.39230000e+04,146.375000
13924,1.39240000e+04,147.833333
13925,1.39250000e+04,147.833333
13926,1.39260000e+04,149.166667
13927,1.39270000e+04,149.166667
13928,1.39280000e+04,150.666667
13929,1.39290000e+04,150.666667
13930,1.39300000e+04,152.291667
13931,1.39310000e+04,152.291667
13932,1.39320000e+04,153.583333
13933,1.39330000e+04,153.583333
13934,1.39340000e+04,154.875000
13935,1.39350000e+04,154.875000
13936,1.39360000e+04,156.208333
13937,1.39370000e+04,156.208333
13938,1.39380000e+04,157.625000
13939,1.39390000e+04,157.625000
13940,1.39400000e+04,158.833333
13941,1.39410000e+04,158.833333
13942,1.39420000e+04,160.000000
13943,1.39430000e+04,160.000000
13944,1.39440000e+04,161.208333
13945,1.39450000e+04,161.208333
13946,1.39460000e+04,162.458333
13947,1.39470000e+04,162.458333
13948,1.39480000e+04,163.500000
13949,1.39490000e+04,163.500000
13950,1.39500000e+04,164.666667
13951,1.39510000e+04,164.666667
13952,1.39520000e+04,165.750000
13953,1.39530000e+04,165.750000
13954,1.39540000e+04,167.000000
13955,1.39550000e+04,167.000000
13956,1.39560000e+04,168.125000
13957,1.39570000e+04,168.125000
13958,1.39580000e+04,169.125000
13959,1.39590000e+04,169.125000
13960,1.39600000e+04,170.458333
13961,1.39610000e+04,170.458333
13962,1.39620000e+04,171.250000
13963,1.39630000e+04,171.250000
13964,1.39640000e+04,172.333333
13965,1.39650000e+04,172.333333
13966,1.39660000e+04,173.291667
13967,1.39670000e+04,173.291667
13968,1.39680000e+04,174.458333
13969,1.39690000e+04,174.458333
13970,1.39700000e+04,175.333333
13971,1.39710000e+04,175.333333
13972,1.39720000e+04,176.333333
13973,1.39730000e+04,176.333333
13974,1.39740000e+04,177.333333
13975,1.39750000e+04,177.333333
13976,1.39760000e+04,178.333333
13977,1.39770000e+04,178.333333
13978,1.39780000e+04,179.333333
13979,1.39790000e+04,179.333333
13980,1.39800000e+04,180.291667
13981,1.39810000e+04,180.291667
13982,1.39820000e+04,181.333333
13983,1.39830000e+04,181.333333
13984,1.39840000e+04,182.416667
13985,1.39850000e+04,182.416667
13986,1.39860000e+04,183.333333
13987,1.39870000e+04,183.333333
13988,1.39880000e+04,184.333333
13989,1.39890000e+04,184.333333
13990,1.39900000e+04,185.166667
13991,1.39910000e+04,185.166667
13992,1.39920000e+04,186.250000
13993,1.39930000e+04,186.250000
13994,1.39940000e+04,187.166667
13995,1.39950000e+04,187.166667
13996,1.39960000e+04,188.333333
13997,1.39970000e+04,188.333333
13998,1.39980000e+04,189.208333
13999,1.39990000e+04,189.208333
14000,1.40000000e+04,190.291667
14001,1.40010000e+04,190.291667
14002,1.40020000e+04,191.166667
14003,1.40030000e+04,191.166667
14004,1.40040000e+04,192.208333
14005,1.40050000e+04,192.208333
14006,1.40060000e+04,193.208333
14007,1.40070000e+04,193.208333
14008,1.40080000e+04,194.375000
14009,1.40090000e+04,194.375000
14010,1.40100000e+04,195.333333
14011,1.40110000e+04,195.333333
14012,1.40120000e+04,196.333333
14013,1.40130000e+04,196.333333
14014,1.40140000e+04,197.375000
14015,1.40150000e+04,197.375000
14016,1.40160000e+04,198.541667
14017,1.40170000e+04,198.541667
14018,1.40180000e+04,199.500000
14019,1.40190000e+04,199.500000
14020,1.40200000e+04,200.625000
14021,1.40210000e+04,200.625000
14022,1.40220000e+04,201.625000
14023,1.40230000e+04,201.625000
14024,1.40240000e+04,202.833333
14025,1.40250000e+04,202.833333
14026,1.40260000e+04,203.916667
14027,1.40270000e+04,203.916667
14028,1.40280000e+04,204.833333
14029,1.40290000e+04,204.833333
14030,1.40300000e+04,205.958333
14031,1.40310000e+04,205.958333
14032,1.40320000e+04,207.083333
14033,1.40330000e+04,207.083333
14034,1.40340000e+04,208.083333
14035,1.40350000e+04,208.083333
14036,1.40360000e+04,209.125000
14037,1.40370000e+04,209.125000
14038,1.40380000e+04,210.291667
14039,1.40390000e+04,210.291667
14040,1.40400000e+04,211.291667
14041,1.40410000e+04,211.291667
14042,1.40420000e+04,212.291667
14043,1.40430000e+04,212.291667
14044,1.40440000e+04,213.416667
14045,1.40450000e+04,213.416667
14046,1.40460000e+04,214.458333
14047,1.40470000e+04,214.458333
14048,1.40480000e+04,215.416667
14049,1.40490000e+04,215.416667
14050,1.40500000e+04,216.333333
14051,1.40510000e+04,216.333333
14052,1.40520000e+04,217.166667
14053,1.40530000e+04,217.166667
14054,1.40540000e+04,218.041667
14055,1.40550000e+04,218.041667
14056,1.40560000e+04,219.000000
14057,1.40570000e+04,219.000000
14058,1.40580000e+04,219.708333
14059,1.40590000e+04,219.708333
14060,1.40600000e+04,220.625000
14061,1.40610000e+04,220.625000
14062,1.40620000e+04,221.583333
14063,1.40630000e+04,221.583333
14064,1.40640000e+04,222.291667
14065,1.40650000e+04,222.291667
14066,1.40660000e+04,223.083333
14067,1.40670000e+04,223.083333
14068,1.40680000e+04,223.833333
14069,1.40690000e+04,223.833333
14070,1.40700000e+04,224.625000
14071,1.40710000e+04,224.625000
14072,1.40720000e+04,225.166667
14073,1.40730000e+04,225.166667
14074,1.40740000e+04,225.958333
14075,1.40750000e+04,225.958333
14076,1.40760000e+04,226.583333
14077,1.40770000e+04,226.583333
14078,1.40780000e+04,226.916667
14079,1.40790000e+04,226.916667
14080,1.40800000e+04,227.625000
14081,1.40810000e+04,227.625000
14082,1.40820000e+04,228.166667
14083,1.40830000e+04,228.166667
14084,1.40840000e+04,228.833333
14085,1.40850000e+04,228.833333
14086,1.40860000e+04,229.125000
14087,1.40870000e+04,229.125000
14088,1.40880000e+04,229.750000
14089,1.40890000e+04,229.750000
14090,1.40900000e+04,230.041667
14091,1.40910000e+04,230.041667
14092,1.40920000e+04,230.500000
14093,1.40930000e+04,230.500000
14094,1.40940000e+04,230.708333
14095,1.40950000e+04,230.708333
14096,1.40960000e+04,231.250000
14097,1.40970000e+04,231.250000
14098,1.40980000e+04,231.625000
14099,1.40990000e+04,231.625000
14100,1.41000000e+04,231.916667
14101,1.41010000e+04,231.916667
14102,1.41020000e+04,232.208333
14103,1.41030000e+04,232.208333
14104,1.41040000e+04,232.416667
14105,1.41050000e+04,232.416667
14106,1.41060000e+04,232.666667
14107,1.41070000e+04,232.666667
14108,1.41080000e+04,232.791667
14109,1.41090000e+04,232.791667
14110,1.41100000e+04,233.125000
14111,1.41110000e+04,233.125000
14112,1.41120000e+04,233.291667
14113,1.41130000e+04,233.291667
14114,1.41140000e+04,233.458333
14115,1.41150000e+04,233.458333
14116,1.41160000e+04,233.583333
14117,1.41170000e+04,233.583333
14118,1.41180000e+04,233.625000
14119,1.41190000e+04,233.625000
14120,1.41200000e+04,233.708333
14121,1.41210000e+04,233.708333
14122,1.41220000e+04,233.791667
14123,1.41230000e+04,233.791667
14124,1.41240000e+04,233.833333
14125,1.41250000e+04,233.833333
14126,1.41260000e+04,233.833333
14127,1.41270000e+04,233.833333
14128,1.41280000e+04,234.041667
14129,1.41290000e+04,234.041667
14130,1.41300000e+04,234.041667
14131,1.41310000e+04,234.041667
14132,1.41320000e+04,233.958333
14133,1.41330000e+04,233.958333
14134,1.41340000e+04,233.958333
14135,1.41350000e+04,233.958333
14136,1.41360000e+04,234.000000
14137,1.41370000e+04,234.000000
14138,1.41380000e+04,234.041667
14139,1.41390000e+04,234.041667
14140,1.41400000e+04,234.041667
14141,1.41410000e+04,234.041667
14142,1.41420000e+04,233.833333
14143,1.41430000e+04,233.833333
14144,1.41440000e+04,233.750000
14145,1.41450000e+04,233.750000
14146,1.41460000e+04,233.791667
14147,1.41470000e+04,233.791667
14148,1.41480000e+04,233.666667
14149,1.41490000e+04,233.666667
14150,1.41500000e+04,233.541667
14151,1.41510000e+04,233.541667
14152,1.41520000e+04,233.416667
14153,1.41530000e+04,233.416667
14154,1.41540000e+04,233.375000
14155,1.41550000e+04,233.375000
14156,1.41560000e+04,233.125000
14157,1.41570000e+04,233.125000
14158,1.41580000e+04,232.958333
14159,1.41590000e+04,232.958333
14160,1.41600000e+04,232.791667
14161,1.41610000e+04,232.791667
14162,1.41620000e+04,232.541667
14163,1.41630000e+04,232.541667
14164,1.41640000e+04,232.500000
14165,1.41650000e+04,232.500000
14166,1.41660000e+04,232.333333
14167,1.41670000e+04,232.333333
14168,1.41680000e+04,232.041667
14169,1.41690000e+04,232.041667
14170,1.41700000e+04,231.750000
14171,1.41710000e+04,231.750000
14172,1.41720000e+04,231.500000
14173,1.41730000e+04,231.500000
14174,1.41740000e+04,231.208333
14175,1.41750000e+04,231.208333
14176,1.41760000e+04,230.875000
14177,1.41770000e+04,230.875000
14178,1.41780000e+04,230.541667
14179,1.41790000e+04,230.541667
14180,1.41800000e+04,230.166667
14181,1.41810000e+04,230.166667
14182,1.41820000e+04,230.041667
14183,1.41830000e+04,230.041667
14184,1.41840000e+04,229.541667
14185,1.41850000e+04,229.541667
14186,1.41860000e+04,228.958333
14187,1.41870000e+04,228.958333
14188,1.41880000e+04,228.541667
14189,1.41890000e+04,228.541667
14190,1.41900000e+04,228.125000
14191,1.41910000e+04,228.125000
14192,1.41920000e+04,227.625000
14193,1.41930000e+04,227.625000
14194,1.41940000e+04,227.291667
14195,1.41950000e+04,227.291667
14196,1.41960000e+04,226.583333
14197,1.41970000e+04,226.583333
14198,1.41980000e+04,226.000000
14199,1.41990000e+04,226.000000
14200,1.42000000e+04,225.208333
14201,1.42010000e+04,225.208333
14202,1.42020000e+04,224.791667
14203,1.42030000e+04,224.791667
14204,1.42040000e+04,224.083333
14205,1.42050000e+04,224.083333
14206,1.42060000e+04,223.375000
14207,1.42070000e+04,223.375000
14208,1.42080000e+04,222.583333
14209,1.42090000e+04,222.583333
14210,1.42100000e+04,222.000000
14211,1.42110000e+04,222.000000
14212,1.42120000e+04,221.291667
14213,1.42130000e+04,221.291667
14214,1.42140000e+04,220.375000
14215,1.42150000e+04,220.375000
14216,1.42160000e+04,219.583333
14217,1.42170000e+04,219.583333
14218,1.42180000e+04,218.750000
14219,1.42190000e+04,218.750000
14220,1.42200000e+04,217.958333
14221,1.42210000e+04,217.958333
14222,1.42220000e+04,216.791667
14223,1.42230000e+04,216.791667
14224,1.42240000e+04,216.041667
14225,1.42250000e+04,216.041667
14226,1.42260000e+04,215.000000
14227,1.42270000e+04,215.000000
14228,1.42280000e+04,214.291667
14229,1.42290000e+04,214.291667
14230,1.42300000e+04,213.125000
14231,1.42310000e+04,213.125000
14232,1.42320000e+04,212.083333
14233,1.42330000e+04,212.083333
14234,1.42340000e+04,211.083333
14235,1.42350000e+04,211.083333
14236,1.42360000e+04,209.916667
14237,1.42370000e+04,209.916667
14238,1.42380000e+04,208.916667
14239,1.42390000e+04,208.916667
14240,1.42400000e+04,208.000000
14241,1.42410000e+04,208.000000
14242,1.42420000e+04,206.916667
14243,1.42430000e+04,206.916667
14244,1.42440000e+04,205.625000
14245,1.42450000e+04,205.625000
14246,1.42460000e+04,204.583333
14247,1.42470000e+04,204.583333
14248,1.42480000e+04,203.625000
14249,1.42490000e+04,203.625000
14250,1.42500000e+04,202.500000
14251,1.42510000e+04,202.500000
14252,1.42520000e+04,201.291667
14253,1.42530000e+04,201.291667
14254,1.42540000e+04,200.291667
14255,1.42550000e+04,200.291667
14256,1.42560000e+04,199.083333
14257,1.42570000e+04,199.083333
14258,1.42580000e+04,198.125000
14259,1.42590000e+04,198.125000
14260,1.42600000e+04,196.916667
14261,1.42610000e+04,196.916667
14262,1.42620000e+04,195.791667
14263,1.42630000e+04,195.791667
14264,1.42640000e+04,194.750000
14265,1.42650000e+04,194.750000
14266,1.42660000e+04,193.791667
14267,1.42670000e+04,193.791667
14268,1.42680000e+04,192.500000
14269,1.42690000e+04,192.500000
14270,1.42700000e+04,191.541667
14271,1.42710000e+04,191.541667
14272,1.42720000e+04,190.458333
14273,1.42730000e+04,190.458333
14274,1.42740000e+04,189.541667
14275,1.42750000e+04,189.541667
14276,1.42760000e+04,188.250000
14277,1.42770000e+04,188.250000
14278,1.42780000e+04,187.291667
14279,1.42790000e+04,187.291667
14280,1.42800000e+04,186.291667
14281,1.42810000e+04,186.291667
14282,1.42820000e+04,185.291667
14283,1.42830000e+04,185.291667
14284,1.42840000e+04,184.208333
14285,1.42850000e+04,184.208333
14286,1.42860000e+04,183.208333
14287,1.42870000e+04,183.208333
14288,1.42880000e+04,182.250000
14289,1.42890000e+04,182.250000
14290,1.42900000e+04,181.250000
14291,1.42910000e+04,181.250000
14292,1.42920000e+04,180.208333
14293,1.42930000e+04,180.208333
14294,1.42940000e+04,179.083333
14295,1.42950000e+04,179.083333
14296,1.42960000e+04,178.291667
14297,1.42970000e+04,178.291667
14298,1.42980000e+04,177.208333
14299,1.42990000e+04,177.208333
14300,1.43000000e+04,176.125000
14301,1.43010000e+04,176.125000
14302,1.43020000e+04,175.208333
14303,1.43030000e+04,175.208333
14304,1.43040000e+04,174.333333
14305,1.43050000e+04,174.333333
14306,1.43060000e+04,173.291667
14307,1.43070000e+04,173.291667
14308,1.43080000e+04,172.375000
14309,1.43090000e+04,172.375000
14310,1.43100000e+04,171.041667
14311,1.43110000e+04,171.041667
14312,1.43120000e+04,170.166667
14313,1.43130000e+04,170.166667
14314,1.43140000e+04,169.166667
14315,1.43150000e+04,169.166667
14316,1.43160000e+04,168.125000
14317,1.43170000e+04,168.125000
14318,1.43180000e+04,167.000000
14319,1.43190000e+04,167.000000
14320,1.43200000e+04,165.916667
14321,1.43210000e+04,165.916667
14322,1.43220000e+04,164.666667
14323,1.43230000e+04,164.666667
14324,1.43240000e+04,163.625000
14325,1.43250000e+04,163.625000
14326,1.43260000e+04,162.333333
14327,1.43270000e+04,162.333333
14328,1.43280000e+04,161.500000
14329,1.43290000e+04,161.500000
14330,1.43300000e+04,160.291667
14331,1.43310000e+04,160.291667
14332,1.43320000e+04,159.041667
14333,1.43330000e+04,159.041667
14334,1.43340000e+04,157.791667
14335,1.43350000e+04,157.791667
14336,1.43360000e+04,156.583333
14337,1.43370000e+04,156.583333
14338,1.43380000e+04,155.166667
14339,1.43390000e+04,155.166667
14340,1.43400000e+04,153.791667
14341,1.43410000e+04,153.791667
14342,1.43420000e+04,152.500000
14343,1.43430000e+04,152.500000
14344,1.43440000e+04,151.125000
14345,1.43450000e+04,151.125000
14346,1.43460000e+04,149.958333
14347,1.43470000e+04,149.958333
14348,1.43480000e+04,148.500000
14349,1.43490000e+04,148.500000
14350,1.43500000e+04,146.916667
14351,1.43510000e+04,146.916667
14352,1.43520000e+04,145.416667
14353,1.43530000e+04,145.416667
14354,1.43540000e+04,143.916667
14355,1.43550000e+04,143.916667
14356,1.43560000e+04,142.458333
14357,1.43570000e+04,142.458333
14358,1.43580000e+04,140.750000
14359,1.43590000e+04,140.750000
14360,1.43600000e+04,139.250000
14361,1.43610000e+04,139.250000
14362,1.43620000e+04,137.750000
14363,1.43630000e+04,137.750000
14364,1.43640000e+04,135.916667
14365,1.43650000e+04,135.916667
14366,1.43660000e+04,134.583333
14367,1.43670000e+04,134.583333
14368,1.43680000e+04,132.708333
14369,1.43690000e+04,132.708333
14370,1.43700000e+04,131.125000
14371,1.43710000e+04,131.125000
14372,1.43720000e+04,129.458333
14373,1.43730000e+04,129.458333
14374,1.43740000e+04,127.583333
14375,1.43750000e+04,127.583333
14376,1.43760000e+04,125.750000
14377,1.43770000e+04,125.750000
14378,1.43780000e+04,124.000000
14379,1.43790000e+04,124.000000
14380,1.43800000e+04,122.375000
14381,1.43810000e+04,122.375000
14382,1.43820000e+04,120.666667
14383,1.43830000e+04,120.666667
14384,1.43840000e+04,118.750000
14385,1.43850000e+04,118.750000
14386,1.43860000e+04,116.875000
14387,1.43870000e+04,116.875000
14388,1.43880000e+04,115.041667
14389,1.43890000e+04,115.041667
14390,1.43900000e+04,113.166667
14391,1.43910000e+04,113.166667
14392,1.43920000e+04,111.666667
14393,1.43930000e+04,111.666667
14394,1.43940000e+04,109.708333
14395,1.43950000e+04,109.708333
14396,1.43960000e+04,107.791667
14397,1.43970000e+04,107.791667
14398,1.43980000e+04,105.958333
14399,1.43990000e+04,105.958333
14400,1.44000000e+04,104.166667
14401,1.44010000e+04,104.166667
14402,1.44020000e+04,102.291667
14403,1.44030000e+04,102.291667
14404,1.44040000e+04,100.500000
14405,1.44050000e+04,100.500000
14406,1.44060000e+04,98.708333
14407,1.44070000e+04,98.708333
14408,1.44080000e+04,96.875000
14409,1.44090000e+04,96.875000
14410,1.44100000e+04,94.916667
14411,1.44110000e+04,94.916667
14412,1.44120000e+04,93.208333
14413,1.44130000e+04,93.208333
14414,1.44140000e+04,91.375000
14415,1.44150000e+04,91.375000
14416,1.44160000e+04,89.708333
14417,1.44170000e+04,89.708333
14418,1.44180000e+04,87.958333
14419,1.44190000e+04,87.958333
14420,1.44200000e+04,86.208333
14421,1.44210000e+04,86.208333
14422,1.44220000e+04,84.500000
14423,1.44230000e+04,84.500000
14424,1.44240000e+04,82.666667
14425,1.44250000e+04,82.666667
14426,1.44260000e+04,80.833333
14427,1.44270000e+04,80.833333
14428,1.44280000e+04,79.208333
14429,1.44290000e+04,79.208333
14430,1.44300000e+04,77.291667
14431,1.44310000e+04,77.291667
14432,1.44320000e+04,75.708333
14433,1.44330000e+04,75.708333
14434,1.44340000e+04,73.791667
14435,1.44350000e+04,73.791667
14436,1.44360000e+04,72.250000
14437,1.44370000e+04,72.250000
14438,1.44380000e+04,70.416667
14439,1.44390000e+04,70.416667
14440,1.44400000e+04,68.583333
14441,1.44410000e+04,68.583333
14442,1.44420000e+04,66.958333
14443,1.44430000e+04,66.958333
14444,1.44440000e+04,65.125000
14445,1.44450000e+04,65.125000
14446,1.44460000e+04,63.458333
14447,1.44470000e+04,63.458333
14448,1.44480000e+04,61.708333
14449,1.44490000e+04,61.708333
14450,1.44500000e+04,60.083333
14451,1.44510000e+04,60.083333
14452,1.44520000e+04,58.166667
14453,1.44530000e+04,58.166667
14454,1.44540000e+04,56.416667
14455,1.44550000e+04,56.416667
14456,1.44560000e+04,54.791667
14457,1.44570000e+04,54.791667
14458,1.44580000e+04,52.833333
14459,1.44590000e+04,52.833333
14460,1.44600000e+04,51.000000
14461,1.44610000e+04,51.000000
14462,1.44620000e+04,49.333333
14463,1.44630000e+04,49.333333
14464,1.44640000e+04,47.375000
14465,1.44650000e+04,47.375000
14466,1.44660000e+04,45.583333
14467,1.44670000e+04,45.583333
14468,1.44680000e+04,43.750000
14469,1.44690000e+04,43.750000
14470,1.44700000e+04,41.958333
14471,1.44710000e+04,41.958333
14472,1.44720000e+04,39.833333
14473,1.44730000e+04,39.833333
14474,1.44740000e+04,37.875000
14475,1.44750000e+04,37.875000
14476,1.44760000e+04,36.125000
14477,1.44770000e+04,36.125000
14478,1.44780000e+04,34.083333
14479,1.44790000e+04,34.083333
14480,1.44800000e+04,32.250000
14481,1.44810000e+04,32.250000
14482,1.44820000e+04,30.291667
14483,1.44830000e+04,30.291667
14484,1.44840000e+04,28.125000
14485,1.44850000e+04,28.125000
14486,1.44860000e+04,26.083333
14487,1.44870000e+04,26.083333
14488,1.44880000e+04,24.166667
14489,1.44890000e+04,24.166667
14490,1.44900000e+04,22.083333
14491,1.44910000e+04,22.083333
14492,1.44920000e+04,20.000000
14493,1.44930000e+04,20.000000
14494,1.44940000e+04,18.125000
14495,1.44950000e+04,18.125000
14496,1.44960000e+04,15.791667
14497,1.44970000e+04,15.791667
14498,1.44980000e+04,13.666667
14499,1.44990000e+04,13.666667
14500,1.45000000e+04,11.791667
14501,1.45010000e+04,11.791667
14502,1.45020000e+04,9.666667
14503,1.45030000e+04,9.666667
14504,1.45040000e+04,7.458333
14505,1.45050000e+04,7.458333
14506,1.45060000e+04,5.250000
14507,1.45070000e+04,5.250000
14508,1.45080000e+04,3.208333
14509,1.45090000e+04,3.208333
14510,1.45100000e+04,1.000000
14511,1.45110000e+04,1.000000
14512,1.45120000e+04,-1.083333
14513,1.45130000e+04,-1.083333
14514,1.45140000e+04,-3.250000
14515,1.45150000e+04,-3.250000
14516,1.45160000e+04,-5.375000
14517,1.45170000e+04,-5.375000
14518,1.45180000e+04,-7.458333
14519,1.45190000e+04,-7.458333
14520,1.45200000e+04,-9.750000
14521,1.45210000e+04,-9.750000
14522,1.45220000e+04,-11.750000
14523,1.45230000e+04,-11.750000
14524,1.45240000e+04,-13.833333
14525,1.45250000e+04,-13.833333
14526,1.45260000e+04,-16.083333
14527,1.45270000e+04,-16.083333
14528,1.45280000e+04,-18.083333
14529,1.45290000e+04,-18.083333
14530,1.45300000e+04,-20.291667
14531,1.45310000e+04,-20.291667
14532,1.45320000e+04,-22.458333
14533,1.45330000e+04,-22.458333
14534,1.45340000e+04,-24.208333
14535,1.45350000e+04,-24.208333
14536,1.45360000e+04,-26.625000
14537,1.45370000e+04,-26.625000
14538,1.45380000e+04,-28.458333
14539,1.45390000e+04,-28.458333
14540,1.45400000e+04,-30.666667
14541,1.45410000e+04,-30.666667
14542,1.45420000e+04,-32.458333
14543,1.45430000e+04,-32.458333
14544,1.45440000e+04,-34.541667
14545,1.45450000e+04,-34.541667
14546,1.45460000e+04,-36.416667
14547,1.45470000e+04,-36.416667
14548,1.45480000e+04,-38.541667
14549,1.45490000e+04,-38.541667
14550,1.45500000e+04,-40.458333
14551,1.45510000e+04,-40.458333
14552,1.45520000e+04,-42.541667
14553,1.45530000e+04,-42.541667
14554,1.45540000e+04,-44.250000
14555,1.45550000e+04,-44.250000
14556,1.45560000e+04,-46.291667
14557,1.45570000e+04,-46.291667
14558,1.45580000e+04,-48.083333
14559,1.45590000e+04,-48.083333
14560,1.45600000e+04,-50.041667
14561,1.45610000e+04,-50.041667
14562,1.45620000e+04,-51.916667
14563,1.45630000e+04,-51.916667
14564,1.45640000e+04,-53.625000
14565,1.45650000e+04,-53.625000
14566,1.45660000e+04,-55.500000
14567,1.45670000e+04,-55.500000
14568,1.45680000e+04,-57.291667
14569,1.45690000e+04,-57.291667
14570,1.45700000e+04,-59.125000
14571,1.45710000e+04,-59.125000
14572,1.45720000e+04,-60.875000
14573,1.45730000e+04,-60.875000
14574,1.45740000e+04,-62.458333
14575,1.45750000e+04,-62.458333
14576,1.45760000e+04,-64.208333
14577,1.45770000e+04,-64.208333
14578,1.45780000e+04,-66.083333
14579,1.45790000e+04,-66.083333
14580,1.45800000e+04,-67.666667
14581,1.45810000e+04,-67.666667
14582,1.45820000e+04,-69.458333
14583,1.45830000e+04,-69.458333
14584,1.45840000e+04,-71.333333
14585,1.45850000e+04,-71.333333
14586,1.45860000e+04,-72.958333
14587,1.45870000e+04,-72.958333
14588,1.45880000e+04,-74.833333
14589,1.45890000e+04,-74.833333
14590,1.45900000e+04,-76.500000
14591,1.45910000e+04,-76.500000
14592,1.45920000e+04,-78.125000
14593,1.45930000e+04,-78.125000
14594,1.45940000e+04,-79.958333
14595,1.45950000e+04,-79.958333
14596,1.45960000e+04,-81.833333
14597,1.45970000e+04,-81.833333
14598,1.45980000e+04,-83.500000
14599,1.45990000e+04,-83.500000
14600,1.46000000e+04,-85.166667
14601,1.46010000e+04,-85.166667
14602,1.46020000e+04,-86.916667
14603,1.46030000e+04,-86.916667
14604,1.46040000e+04,-88.666667
14605,1.46050000e+04,-88.666667
14606,1.46060000e+04,-90.500000
14607,1.46070000e+04,-90.500000
14608,1.46080000e+04,-92.333333
14609,1.46090000e+04,-92.333333
14610,1.46100000e+04,-93.791667
14611,1.46110000e+04,-93.791667
14612,1.46120000e+04,-95.666667
14613,1.46130000e+04,-95.666667
14614,1.46140000e+04,-97.541667
14615,1.46150000e+04,-97.541667
14616,1.46160000e+04,-99.291667
14617,1.46170000e+04,-99.291667
14618,1.46180000e+04,-101.083333
14619,1.46190000e+04,-101.083333
14620,1.46200000e+04,-102.833333
14621,1.46210000e+04,-102.833333
14622,1.46220000e+04,-104.541667
14623,1.46230000e+04,-104.541667
14624,1.46240000e+04,-106.333333
14625,1.46250000e+04,-106.333333
14626,1.46260000e+04,-108.208333
14627,1.46270000e+04,-108.208333
14628,1.46280000e+04,-109.833333
14629,1.46290000e+04,-109.833333
14630,1.46300000e+04,-111.750000
14631,1.46310000e+04,-111.750000
14632,1.46320000e+04,-113.583333
14633,1.46330000e+04,-113.583333
14634,1.46340000e+04,-115.375000
14635,1.46350000e+04,-115.375000
14636,1.46360000e+04,-117.166667
14637,1.46370000e+04,-117.166667
14638,1.46380000e+04,-118.833333
14639,1.46390000e+04,-118.833333
14640,1.46400000e+04,-120.625000
14641,1.46410000e+04,-120.625000
14642,1.46420000e+04,-122.291667
14643,1.46430000e+04,-122.291667
14644,1.46440000e+04,-124.000000
14645,1.46450000e+04,-124.000000
14646,1.46460000e+04,-125.958333
14647,1.46470000e+04,-125.958333
14648,1.46480000e+04,-127.708333
14649,1.46490000e+04,-127.708333
14650,1.46500000e+04,-129.541667
14651,1.46510000e+04,-129.541667
14652,1.46520000e+04,-130.958333
14653,1.46530000e+04,-130.958333
14654,1.46540000e+04,-132.750000
14655,1.46550000e+04,-132.750000
14656,1.46560000e+04,-134.208333
14657,1.46570000e+04,-134.208333
14658,1.46580000e+04,-136.125000
14659,1.46590000e+04,-136.125000
14660,1.46600000e+04,-137.750000
14661,1.46610000e+04,-137.750000
14662,1.46620000e+04,-139.291667
14663,1.46630000e+04,-139.291667
14664,1.46640000e+04,-141.000000
14665,1.46650000e+04,-141.000000
14666,1.46660000e+04,-142.416667
14667,1.46670000e+04,-142.416667
14668,1.46680000e+04,-144.000000
14669,1.46690000e+04,-144.000000
14670,1.46700000e+04,-145.583333
14671,1.46710000e+04,-145.583333
14672,1.46720000e+04,-147.083333
14673,1.46730000e+04,-147.083333
14674,1.46740000e+04,-148.416667
14675,1.46750000e+04,-148.416667
14676,1.46760000e+04,-149.958333
14677,1.46770000e+04,-149.958333
14678,1.46780000e+04,-151.250000
14679,1.46790000e+04,-151.250000
14680,1.46800000e+04,-152.666667
14681,1.46810000e+04,-152.666667
14682,1.46820000e+04,-154.166667
14683,1.46830000e+04,-154.166667
14684,1.46840000e+04,-155.375000
14685,1.46850000e+04,-155.375000
14686,1.46860000e+04,-156.666667
14687,1.46870000e+04,-156.666667
14688,1.46880000e+04,-157.833333
14689,1.46890000e+04,-157.833333
14690,1.46900000e+04,-159.458333
14691,1.46910000e+04,-159.458333
14692,1.46920000e+04,-160.583333
14693,1.46930000e+04,-160.583333
14694,1.46940000e+04,-161.875000
14695,1.46950000e+04,-161.875000
14696,1.46960000e+04,-163.041667
14697,1.46970000e+04,-163.041667
14698,1.46980000e+04,-164.250000
14699,1.46990000e+04,-164.250000
14700,1.47000000e+04,-165.208333
14701,1.47010000e+04,-165.208333
14702,1.47020000e+04,-166.500000
14703,1.47030000e+04,-166.500000
14704,1.47040000e+04,-167.458333
14705,1.47050000e+04,-167.458333
14706,1.47060000e+04,-168.500000
14707,1.47070000e+04,-168.500000
14708,1.47080000e+04,-169.666667
14709,1.47090000e+04,-169.666667
14710,1.47100000e+04,-170.708333
14711,1.47110000e+04,-170.708333
14712,1.47120000e+04,-171.625000
14713,1.47130000e+04,-171.625000
14714,1.47140000e+04,-172.833333
14715,1.47150000e+04,-172.833333
14716,1.47160000e+04,-173.791667
14717,1.47170000e+04,-173.791667
14718,1.47180000e+04,-174.875000
14719,1.47190000e+04,-174.875000
14720,1.47200000e+04,-175.916667
14721,1.47210000e+04,-175.916667
14722,1.47220000e+04,-176.708333
14723,1.47230000e+04,-176.708333
14724,1.47240000e+04,-177.833333
14725,1.47250000e+04,-177.833333
14726,1.47260000e+04,-178.916667
14727,1.47270000e+04,-178.916667
14728,1.47280000e+04,-179.833333
14729,1.47290000e+04,-179.833333
14730,1.47300000e+04,-180.791667
14731,1.47310000e+04,-180.791667
14732,1.47320000e+04,-181.750000
14733,1.47330000e+04,-181.750000
14734,1.47340000e+04,-182.750000
14735,1.47350000e+04,-182.750000
14736,1.47360000e+04,-183.750000
14737,1.47370000e+04,-183.750000
14738,1.47380000e+04,-184.791667
14739,1.47390000e+04,-184.791667
14740,1.47400000e+04,-185.750000
14741,1.47410000e+04,-185.750000
14742,1.47420000e+04,-186.625000
14743,1.47430000e+04,-186.625000
14744,1.47440000e+04,-187.583333
14745,1.47450000e+04,-187.583333
14746,1.47460000e+04,-188.708333
14747,1.47470000e+04,-188.708333
14748,1.47480000e+04,-189.625000
14749,1.47490000e+04,-189.625000
14750,1.47500000e+04,-190.791667
14751,1.47510000e+04,-190.791667
14752,1.47520000e+04,-191.833333
14753,1.47530000e+04,-191.833333
14754,1.47540000e+04,-192.791667
14755,1.47550000e+04,-192.791667
14756,1.47560000e+04,-193.833333
14757,1.47570000e+04,-193.833333
14758,1.47580000e+04,-194.875000
14759,1.47590000e+04,-194.875000
14760,1.47600000e+04,-195.666667
14761,1.47610000e+04,-195.666667
14762,1.47620000e+04,-196.875000
14763,1.47630000e+04,-196.875000
14764,1.47640000e+04,-197.958333
14765,1.47650000e+04,-197.958333
14766,1.47660000e+04,-199.041667
14767,1.47670000e+04,-199.041667
14768,1.47680000e+04,-200.083333
14769,1.47690000e+04,-200.083333
14770,1.47700000e+04,-201.041667
14771,1.47710000e+04,-201.041667
14772,1.47720000e+04,-202.250000
14773,1.47730000e+04,-202.250000
14774,1.47740000e+04,-203.208333
14775,1.47750000e+04,-203.208333
14776,1.47760000e+04,-204.375000
14777,1.47770000e+04,-204.375000
14778,1.47780000e+04,-205.291667
14779,1.47790000e+04,-205.291667
14780,1.47800000e+04,-206.458333
14781,1.47810000e+04,-206.458333
14782,1.47820000e+04,-207.500000
14783,1.47830000e+04,-207.500000
14784,1.47840000e+04,-208.500000
14785,1.47850000e+04,-208.500000
14786,1.47860000e+04,-209.791667
14787,1.47870000e+04,-209.791667
14788,1.47880000e+04,-210.708333
14789,1.47890000e+04,-210.708333
14790,1.47900000e+04,-211.666667
14791,1.47910000e+04,-211.666667
14792,1.47920000e+04,-212.583333
14793,1.47930000e+04,-212.583333
14794,1.47940000e+04,-213.833333
14795,1.47950000e+04,-213.833333
14796,1.47960000e+04,-214.583333
14797,1.47970000e+04,-214.583333
14798,1.47980000e+04,-215.583333
14799,1.47990000e+04,-215.583333
14800,1.48000000e+04,-216.625000
14801,1.48010000e+04,-216.625000
14802,1.48020000e+04,-217.625000
14803,1.48030000e+04,-217.625000
14804,1.48040000e+04,-218.500000
14805,1.48050000e+04,-218.500000
14806,1.48060000e+04,-219.291667
14807,1.48070000e+04,-219.291667
14808,1.48080000e+04,-220.000000
14809,1.48090000e+04,-220.000000
14810,1.48100000e+04,-220.916667
14811,1.48110000e+04,-220.916667
14812,1.48120000e+04,-221.750000
14813,1.48130000e+04,-221.750000
14814,1.48140000e+04,-222.458333
14815,1.48150000e+04,-222.458333
14816,1.48160000e+04,-223.250000
14817,1.48170000e+04,-223.250000
14818,1.48180000e+04,-224.041667
14819,1.48190000e+04,-224.041667
14820,1.48200000e+04,-224.625000
14821,1.48210000e+04,-224.625000
14822,1.48220000e+04,-225.291667
14823,1.48230000e+04,-225.291667
14824,1.48240000e+04,-226.125000
14825,1.48250000e+04,-226.125000
14826,1.48260000e+04,-226.625000
14827,1.48270000e+04,-226.625000
14828,1.48280000e+04,-227.125000
14829,1.48290000e+04,-227.125000
14830,1.48300000e+04,-227.666667
14831,1.48310000e+04,-227.666667
14832,1.48320000e+04,-228.083333
14833,1.48330000e+04,-228.083333
14834,1.48340000e+04,-228.875000
14835,1.48350000e+04,-228.875000
14836,1.48360000e+04,-229.166667
14837,1.48370000e+04,-229.166667
14838,1.48380000e+04,-229.833333
14839,1.48390000e+04,-229.833333
14840,1.48400000e+04,-229.916667
14841,1.48410000e+04,-229.916667
14842,1.48420000e+04,-230.333333
14843,1.48430000e+04,-230.333333
14844,1.48440000e+04,-230.583333
14845,1.48450000e+04,-230.583333
14846,1.48460000e+04,-231.125000
14847,1.48470000e+04,-231.125000
14848,1.48480000e+04,-231.625000
14849,1.48490000e+04,-231.625000
14850,1.48500000e+04,-231.666667
14851,1.48510000e+04,-231.666667
14852,1.48520000e+04,-232.000000
14853,1.48530000e+04,-232.000000
14854,1.48540000e+04,-232.375000
14855,1.48550000e+04,-232.375000
14856,1.48560000e+04,-232.625000
14857,1.48570000e+04,-232.625000
14858,1.48580000e+04,-232.541667
14859,1.48590000e+04,-232.541667
14860,1.48600000e+04,-232.875000
14861,1.48610000e+04,-232.875000
14862,1.48620000e+04,-233.125000
14863,1.48630000e+04,-233.125000
14864,1.48640000e+04,-233.291667
14865,1.48650000e+04,-233.291667
14866,1.48660000e+04,-233.500000
14867,1.48670000e+04,-233.500000
14868,1.48680000e+04,-233.500000
14869,1.48690000e+04,-233.500000
14870,1.48700000e+04,-233.416667
14871,1.48710000e+04,-233.416667
14872,1.48720000e+04,-233.583333
14873,1.48730000e+04,-233.583333
14874,1.48740000e+04,-233.750000
14875,1.48750000e+04,-233.750000
14876,1.48760000e+04,-233.708333
14877,1.48770000e+04,-233.708333
14878,1.48780000e+04,-233.708333
14879,1.48790000e+04,-233.708333
14880,1.48800000e+04,-233.791667
14881,1.48810000e+04,-233.791667
14882,1.48820000e+04,-233.708333
14883,1.48830000e+04,-233.708333
14884,1.48840000e+04,-233.791667
14885,1.48850000e+04,-233.791667
14886,1.48860000e+04,-233.791667
14887,1.48870000e+04,-233.791667
14888,1.48880000e+04,-233.625000
14889,1.48890000e+04,-233.625000
14890,1.48900000e+04,-233.750000
14891,1.48910000e+04,-233.750000
14892,1.48920000e+04,-233.541667
14893,1.48930000e+04,-233.541667
14894,1.48940000e+04,-233.416667
14895,1.48950000e+04,-233.416667
14896,1.48960000e+04,-233.541667
14897,1.48970000e+04,-233.541667
14898,1.48980000e+04,-233.208333
14899,1.48990000e+04,-233.208333
14900,1.49000000e+04,-233.250000
14901,1.49010000e+04,-233.250000
14902,1.49020000e+04,-233.125000
14903,1.49030000e+04,-233.125000
14904,1.49040000e+04,-232.958333
14905,1.49050000e+04,-232.958333
14906,1.49060000e+04,-232.916667
14907,1.49070000e+04,-232.916667
14908,1.49080000e+04,-232.708333
14909,1.49090000e+04,-232.708333
14910,1.49100000e+04,-232.375000
14911,1.49110000e+04,-232.375000
14912,1.49120000e+04,-232.333333
14913,1.49130000e+04,-232.333333
14914,1.49140000e+04,-232.083333
14915,1.49150000e+04,-232.083333
14916,1.49160000e+04,-231.958333
14917,1.49170000e+04,-231.958333
14918,1.49180000e+04,-231.625000
14919,1.49190000e+04,-231.625000
14920,1.49200000e+04,-231.250000
14921,1.49210000e+04,-231.250000
14922,1.49220000e+04,-230.833333
14923,1.49230000e+04,-230.833333
14924,1.49240000e+04,-230.750000
14925,1.49250000e+04,-230.750000
14926,1.49260000e+04,-230.458333
14927,1.49270000e+04,-230.458333
14928,1.49280000e+04,-230.083333
14929,1.49290000e+04,-230.083333
14930,1.49300000e+04,-229.833333
14931,1.49310000e+04,-229.833333
14932,1.49320000e+04,-229.375000
14933,1.49330000e+04,-229.375000
14934,1.49340000e+04,-228.916667
14935,1.49350000e+04,-228.916667
14936,1.49360000e+04,-228.583333
14937,1.49370000e+04,-228.583333
14938,1.49380000e+04,-227.916667
14939,1.49390000e+04,-227.916667
14940,1.49400000e+04,-227.375000
14941,1.49410000e+04,-227.375000
14942,1.49420000e+04,-227.041667
14943,1.49430000e+04,-227.041667
14944,1.49440000e+04,-226.541667
14945,1.49450000e+04,-226.541667
14946,1.49460000e+04,-225.916667
14947,1.49470000e+04,-225.916667
14948,1.49480000e+04,-225.250000
14949,1.49490000e+04,-225.250000
14950,1.49500000e+04,-224.708333
14951,1.49510000e+04,-224.708333
14952,1.49520000e+04,-224.083333
14953,1.49530000e+04,-224.083333
14954,1.49540000e+04,-223.500000
14955,1.49550000e+04,-223.500000
14956,1.49560000e+04,-222.833333
14957,1.49570000e+04,-222.833333
14958,1.49580000e+04,-222.041667
14959,1.49590000e+04,-222.041667
14960,1.49600000e+04,-221.291667
14961,1.49610000e+04,-221.291667
14962,1.49620000e+04,-220.500000
14963,1.49630000e+04,-220.500000
14964,1.49640000e+04,-219.666667
14965,1.49650000e+04,-219.666667
14966,1.49660000e+04,-218.875000
14967,1.49670000e+04,-218.875000
14968,1.49680000e+04,-217.958333
14969,1.49690000e+04,-217.958333
14970,1.49700000e+04,-217.041667
14971,1.49710000e+04,-217.041667
14972,1.49720000e+04,-216.250000
14973,1.49730000e+04,-216.250000
14974,1.49740000e+04,-215.250000
14975,1.49750000e+04,-215.250000
14976,1.49760000e+04,-214.291667
14977,1.49770000e+04,-214.291667
14978,1.49780000e+04,-213.458333
14979,1.49790000e+04,-213.458333
14980,1.49800000e+04,-212.333333
14981,1.49810000e+04,-212.333333
14982,1.49820000e+04,-211.291667
14983,1.49830000e+04,-211.291667
14984,1.49840000e+04,-210.208333
14985,1.49850000e+04,-210.208333
14986,1.49860000e+04,-209.083333
14987,1.49870000e+04,-209.083333
14988,1.49880000e+04,-208.166667
14989,1.49890000e+04,-208.166667
14990,1.49900000e+04,-207.083333
14991,1.49910000e+04,-207.083333
14992,1.49920000e+04,-206.041667
14993,1.49930000e+04,-206.041667
14994,1.49940000e+04,-204.875000
14995,1.49950000e+04,-204.875000
14996,1.49960000e+04,-203.750000
14997,1.49970000e+04,-203.750000
14998,1.49980000e+04,-202.708333
14999,1.49990000e+04,-202.708333
15000,1.50000000e+04,-201.541667
15001,1.50010000e+04,-201.541667
15002,1.50020000e+04,-200.458333
15003,1.50030000e+04,-200.458333
15004,1.50040000e+04,-199.500000
15005,1.50050000e+04,-199.500000
15006,1.50060000e+04,-198.250000
15007,1.50070000e+04,-198.250000
15008,1.50080000e+04,-197.333333
15009,1.50090000e+04,-197.333333
15010,1.50100000e+04,-196.083333
15011,1.50110000e+04,-196.083333
15012,1.50120000e+04,-194.916667
15013,1.50130000e+04,-194.916667
15014,1.50140000e+04,-194.041667
15015,1.50150000e+04,-194.041667
15016,1.50160000e+04,-193.000000
15017,1.50170000e+04,-193.000000
15018,1.50180000e+04,-191.833333
15019,1.50190000e+04,-191.833333
15020,1.50200000e+04,-190.625000
15021,1.50210000e+04,-190.625000
15022,1.50220000e+04,-189.666667
15023,1.50230000e+04,-189.666667
15024,1.50240000e+04,-188.583333
15025,1.50250000e+04,-188.583333
15026,1.50260000e+04,-187.375000
15027,1.50270000e+04,-187.375000
15028,1.50280000e+04,-186.541667
15029,1.50290000e+04,-186.541667
15030,1.50300000e+04,-185.208333
15031,1.50310000e+04,-185.208333
15032,1.50320000e+04,-184.416667
15033,1.50330000e+04,-184.416667
15034,1.50340000e+04,-183.416667
15035,1.50350000e+04,-183.416667
15036,1.50360000e+04,-182.375000
15037,1.50370000e+04,-182.375000
15038,1.50380000e+04,-181.375000
15039,1.50390000e+04,-181.375000
15040,1.50400000e+04,-180.500000
15041,1.50410000e+04,-180.500000
15042,1.50420000e+04,-179.416667
15043,1.50430000e+04,-179.416667
15044,1.50440000e+04,-178.333333
15045,1.50450000e+04,-178.333333
15046,1.50460000e+04,-177.458333
15047,1.50470000e+04,-177.458333
15048,1.50480000e+04,-176.291667
15049,1.50490000e+04,-176.291667
15050,1.50500000e+04,-175.416667
15051,1.50510000e+04,-175.416667
15052,1.50520000e+04,-174.333333
15053,1.50530000e+04,-174.333333
15054,1.50540000e+04,-173.333333
15055,1.50550000e+04,-173.333333
15056,1.50560000e+04,-172.416667
15057,1.50570000e+04,-172.416667
15058,1.50580000e+04,-171.166667
15059,1.50590000e+04,-171.166667
15060,1.50600000e+04,-170.375000
15061,1.50610000e+04,-170.375000
15062,1.50620000e+04,-169.291667
15063,1.50630000e+04,-169.291667
15064,1.50640000e+04,-168.291667
15065,1.50650000e+04,-168.291667
15066,1.50660000e+04,-167.208333
15067,1.50670000e+04,-167.208333
15068,1.50680000e+04,-166.083333
15069,1.50690000e+04,-166.083333
15070,1.50700000e+04,-164.833333
15071,1.50710000e+04,-164.833333
15072,1.50720000e+04,-163.666667
15073,1.50730000e+04,-163.666667
15074,1.50740000e+04,-162.666667
15075,1.50750000e+04,-162.666667
15076,1.50760000e+04,-161.708333
15077,1.50770000e+04,-161.708333
15078,1.50780000e+04,-160.208333
15079,1.50790000e+04,-160.208333
15080,1.50800000e+04,-159.250000
15081,1.50810000e+04,-159.250000
15082,1.50820000e+04,-157.833333
15083,1.50830000e+04,-157.833333
15084,1.50840000e+04,-156.791667
15085,1.50850000e+04,-156.791667
15086,1.50860000e+04,-155.500000
15087,1.50870000e+04,-155.500000
15088,1.50880000e+04,-154.250000
15089,1.50890000e+04,-154.250000
15090,1.50900000e+04,-152.791667
15091,1.50910000e+04,-152.791667
15092,1.50920000e+04,-151.416667
15093,1.50930000e+04,-151.416667
15094,1.50940000e+04,-150.125000
15095,1.50950000e+04,-150.125000
15096,1.50960000e+04,-148.666667
15097,1.50970000e+04,-148.666667
15098,1.50980000e+04,-147.333333
15099,1.50990000e+04,-147.333333
15100,1.51000000e+04,-146.000000
15101,1.51010000e+04,-146.000000
15102,1.51020000e+04,-144.208333
15103,1.51030000e+04,-144.208333
15104,1.51040000e+04,-142.666667
15105,1.51050000e+04,-142.666667
15106,1.51060000e+04,-141.125000
15107,1.51070000e+04,-141.125000
15108,1.51080000e+04,-139.666667
15109,1.51090000e+04,-139.666667
15110,1.51100000e+04,-138.166667
15111,1.51110000e+04,-138.166667
15112,1.51120000e+04,-136.583333
15113,1.51130000e+04,-136.583333
15114,1.51140000e+04,-134.791667
15115,1.51150000e+04,-134.791667
15116,1.51160000e+04,-133.208333
15117,1.51170000e+04,-133.208333
15118,1.51180000e+04,-131.500000
15119,1.51190000e+04,-131.500000
15120,1.51200000e+04,-129.833333
15121,1.51210000e+04,-129.833333
15122,1.51220000e+04,-128.083333
15123,1.51230000e+04,-128.083333
15124,1.51240000e+04,-126.166667
15125,1.51250000e+04,-126.166667
15126,1.51260000e+04,-124.500000
15127,1.51270000e+04,-124.500000
15128,1.51280000e+04,-122.625000
15129,1.51290000e+04,-122.625000
15130,1.51300000e+04,-120.916667
15131,1.51310000e+04,-120.916667
15132,1.51320000e+04,-119.000000
15133,1.51330000e+04,-119.000000
15134,1.51340000e+04,-117.208333
15135,1.51350000e+04,-117.208333
15136,1.51360000e+04,-115.500000
15137,1.51370000e+04,-115.500000
15138,1.51380000e+04,-113.791667
15139,1.51390000e+04,-113.791667
15140,1.51400000e+04,-111.958333
15141,1.51410000e+04,-111.958333
15142,1.51420000e+04,-110.041667
15143,1.51430000e+04,-110.041667
15144,1.51440000e+04,-108.250000
15145,1.51450000e+04,-108.250000
15146,1.51460000e+04,-106.541667
15147,1.51470000e+04,-106.541667
15148,1.51480000e+04,-104.583333
15149,1.51490000e+04,-104.583333
15150,1.51500000e+04,-102.791667
15151,1.51510000e+04,-102.791667
15152,1.51520000e+04,-100.958333
15153,1.51530000e+04,-100.958333
15154,1.51540000e+04,-99.083333
15155,1.51550000e+04,-99.083333
15156,1.51560000e+04,-97.291667
15157,1.51570000e+04,-97.291667
15158,1.51580000e+04,-95.583333
15159,1.51590000e+04,-95.583333
15160,1.51600000e+04,-93.833333
15161,1.51610000e+04,-93.833333
15162,1.51620000e+04,-92.083333
15163,1.51630000e+04,-92.083333
15164,1.51640000e+04,-90.333333
15165,1.51650000e+04,-90.333333
15166,1.51660000e+04,-88.500000
15167,1.51670000e+04,-88.500000
15168,1.51680000e+04,-86.541667
15169,1.51690000e+04,-86.541667
15170,1.51700000e+04,-84.791667
15171,1.51710000e+04,-84.791667
15172,1.51720000e+04,-83.083333
15173,1.51730000e+04,-83.083333
15174,1.51740000e+04,-81.208333
15175,1.51750000e+04,-81.208333
15176,1.51760000e+04,-79.750000
15177,1.51770000e+04,-79.750000
15178,1.51780000e+04,-77.833333
15179,1.51790000e+04,-77.833333
15180,1.51800000e+04,-76.083333
15181,1.51810000e+04,-76.083333
15182,1.51820000e+04,-74.291667
15183,1.51830000e+04,-74.291667
15184,1.51840000e+04,-72.791667
15185,1.51850000e+04,-72.791667
15186,1.51860000e+04,-70.916667
15187,1.51870000e+04,-70.916667
15188,1.51880000e+04,-69.041667
15189,1.51890000e+04,-69.041667
15190,1.51900000e+04,-67.416667
15191,1.51910000e+04,-67.416667
15192,1.51920000e+04,-65.583333
15193,1.51930000e+04,-65.583333
15194,1.51940000e+04,-63.958333
15195,1.51950000e+04,-63.958333
15196,1.51960000e+04,-62.083333
15197,1.51970000e+04,-62.083333
15198,1.51980000e+04,-60.375000
15199,1.51990000e+04,-60.375000
15200,1.52000000e+04,-58.583333
15201,1.52010000e+04,-58.583333
15202,1.52020000e+04,-56.875000
15203,1.52030000e+04,-56.875000
15204,1.52040000e+04,-55.125000
15205,1.52050000e+04,-55.125000
15206,1.52060000e+04,-53.375000
15207,1.52070000e+04,-53.375000
15208,1.52080000e+04,-51.333333
15209,1.52090000e+04,-51.333333
15210,1.52100000e+04,-49.708333
15211,1.52110000e+04,-49.708333
15212,1.52120000e+04,-47.958333
15213,1.52130000e+04,-47.958333
15214,1.52140000e+04,-46.041667
15215,1.52150000e+04,-46.041667
15216,1.52160000e+04,-44.166667
15217,1.52170000e+04,-44.166667
15218,1.52180000e+04,-42.416667
15219,1.52190000e+04,-42.416667
15220,1.52200000e+04,-40.416667
15221,1.52210000e+04,-40.416667
15222,1.52220000e+04,-38.375000
15223,1.52230000e+04,-38.375000
15224,1.52240000e+04,-36.500000
15225,1.52250000e+04,-36.500000
15226,1.52260000e+04,-34.625000
15227,1.52270000e+04,-34.625000
15228,1.52280000e+04,-32.666667
15229,1.52290000e+04,-32.666667
15230,1.52300000e+04,-30.666667
15231,1.52310000e+04,-30.666667
15232,1.52320000e+04,-28.666667
15233,1.52330000e+04,-28.666667
15234,1.52340000e+04,-26.583333
15235,1.52350000e+04,-26.583333
15236,1.52360000e+04,-24.583333
15237,1.52370000e+04,-24.583333
15238,1.52380000e+04,-22.541667
15239,1.52390000e+04,-22.541667
15240,1.52400000e+04,-20.541667
15241,1.52410000e+04,-20.541667
15242,1.52420000e+04,-18.583333
15243,1.52430000e+04,-18.583333
15244,1.52440000e+04,-16.333333
15245,1.52450000e+04,-16.333333
15246,1.52460000e+04,-14.125000
15247,1.52470000e+04,-14.125000
15248,1.52480000e+04,-12.166667
15249,1.52490000e+04,-12.166667
15250,1.52500000e+04,-10.208333
15251,1.52510000e+04,-10.208333
15252,1.52520000e+04,-8.083333
15253,1.52530000e+04,-8.083333
15254,1.52540000e+04,-5.833333
15255,1.52550000e+04,-5.833333
15256,1.52560000e+04,-3.750000
15257,1.52570000e+04,-3.750000
15258,1.52580000e+04,-1.375000
15259,1.52590000e+04,-1.375000
15260,1.52600000e+04,0.541667
15261,1.52610000e+04,0.541667
15262,1.52620000e+04,2.708333
15263,1.52630000e+04,2.708333
15264,1.52640000e+04,4.833333
15265,1.52650000e+04,4.833333
15266,1.52660000e+04,6.875000
15267,1.52670000e+04,6.875000
15268,1.52680000e+04,9.000000
15269,1.52690000e+04,9.000000
15270,1.52700000e+04,11.125000
15271,1.52710000e+04,11.125000
15272,1.52720000e+04,13.291667
15273,1.52730000e+04,13.291667
15274,1.52740000e+04,15.375000
15275,1.52750000e+04,15.375000
15276,1.52760000e+04,17.458333
15277,1.52770000e+04,17.458333
15278,1.52780000e+04,19.625000
15279,1.52790000e+04,19.625000
15280,1.52800000e+04,21.625000
15281,1.52810000e+04,21.625000
15282,1.52820000e+04,23.833333
15283,1.52830000e+04,23.833333
15284,1.52840000e+04,25.791667
15285,1.52850000e+04,25.791667
15286,1.52860000e+04,27.958333
15287,1.52870000e+04,27.958333
15288,1.52880000e+04,29.916667
15289,1.52890000e+04,29.916667
15290,1.52900000e+04,31.958333
15291,1.52910000e+04,31.958333
15292,1.52920000e+04,34.000000
15293,1.52930000e+04,34.000000
15294,1.52940000e+04,36.000000
15295,1.52950000e+04,36.000000
15296,1.52960000e+04,37.958333
15297,1.52970000e+04,37.958333
15298,1.52980000e+04,39.833333
15299,1.52990000e+04,39.833333
15300,1.53000000e+04,41.791667
15301,1.53010000e+04,41.791667
15302,1.53020000e+04,43.708333
15303,1.53030000e+04,43.708333
15304,1.53040000e+04,45.666667
15305,1.53050000e+04,45.666667
15306,1.53060000e+04,47.666667
15307,1.53070000e+04,47.666667
15308,1.53080000e+04,49.583333
15309,1.53090000e+04,49.583333
15310,1.53100000e+04,51.125000
15311,1.53110000e+04,51.125000
15312,1.53120000e+04,53.291667
15313,1.53130000e+04,53.291667
15314,1.53140000e+04,55.041667
15315,1.53150000e+04,55.041667
15316,1.53160000e+04,56.708333
15317,1.53170000e+04,56.708333
15318,1.53180000e+04,58.500000
15319,1.53190000e+04,58.500000
15320,1.53200000e+04,60.250000
15321,1.53210000e+04,60.250000
15322,1.53220000e+04,62.083333
15323,1.53230000e+04,62.083333
15324,1.53240000e+04,63.791667
15325,1.53250000e+04,63.791667
15326,1.53260000e+04,65.458333
15327,1.53270000e+04,65.458333
15328,1.53280000e+04,67.291667
15329,1.53290000e+04,67.291667
15330,1.53300000e+04,69.000000
15331,1.53310000e+04,69.000000
15332,1.53320000e+04,70.750000
15333,1.53330000e+04,70.750000
15334,1.53340000e+04,72.583333
15335,1.53350000e+04,72.583333
15336,1.53360000e+04,74.375000
15337,1.53370000e+04,74.375000
15338,1.53380000e+04,75.875000
15339,1.53390000e+04,75.875000
15340,1.53400000e+04,77.583333
15341,1.53410000e+04,77.583333
15342,1.53420000e+04,79.541667
15343,1.53430000e+04,79.541667
15344,1.53440000e+04,81.041667
15345,1.53450000e+04,81.041667
15346,1.53460000e+04,82.958333
15347,1.53470000e+04,82.958333
15348,1.53480000e+04,84.500000
15349,1.53490000e+04,84.500000
15350,1.53500000e+04,86.375000
15351,1.53510000e+04,86.375000
15352,1.53520000e+04,88.041667
15353,1.53530000e+04,88.041667
15354,1.53540000e+04,89.833333
15355,1.53550000e+04,89.833333
15356,1.53560000e+04,91.750000
15357,1.53570000e+04,91.750000
15358,1.53580000e+04,93.416667
15359,1.53590000e+04,93.416667
15360,1.53600000e+04,95.333333
15361,1.53610000e+04,95.333333
15362,1.53620000e+04,96.916667
15363,1.53630000e+04,96.916667
15364,1.53640000e+04,98.666667
15365,1.53650000e+04,98.666667
15366,1.53660000e+04,100.666667
15367,1.53670000e+04,100.666667
15368,1.53680000e+04,102.375000
15369,1.53690000e+04,102.375000
15370,1.53700000e+04,104.083333
15371,1.53710000e+04,104.083333
15372,1.53720000e+04,105.875000
15373,1.53730000e+04,105.875000
15374,1.53740000e+04,107.583333
15375,1.53750000e+04,107.583333
15376,1.53760000e+04,109.416667
15377,1.53770000e+04,109.416667
15378,1.53780000e+04,111.166667
15379,1.53790000e+04,111.166667
15380,1.53800000e+04,112.916667
15381,1.53810000e+04,112.916667
15382,1.53820000e+04,114.708333
15383,1.53830000e+04,114.708333
15384,1.53840000e+04,116.500000
15385,1.53850000e+04,116.500000
15386,1.53860000e+04,118.250000
15387,1.53870000e+04,118.250000
15388,1.53880000e+04,120.083333
15389,1.53890000e+04,120.083333
15390,1.53900000e+04,121.833333
15391,1.53910000e+04,121.833333
15392,1.53920000e+04,123.625000
15393,1.53930000e+04,123.625000
15394,1.53940000e+04,125.416667
15395,1.53950000e+04,125.416667
15396,1.53960000e+04,127.000000
15397,1.53970000e+04,127.000000
15398,1.53980000e+04,128.875000
15399,1.53990000e+04,128.875000
15400,1.54000000e+04,130.458333
15401,1.54010000e+04,130.458333
15402,1.54020000e+04,132.166667
15403,1.54030000e+04,132.166667
15404,1.54040000e+04,133.916667
15405,1.54050000e+04,133.916667
15406,1.54060000e+04,135.541667
15407,1.54070000e+04,135.541667
15408,1.54080000e+04,137.333333
15409,1.54090000e+04,137.333333
15410,1.54100000e+04,138.791667
15411,1.54110000e+04,138.791667
15412,1.54120000e+04,140.416667
15413,1.54130000e+04,140.416667
15414,1.54140000e+04,142.083333
15415,1.54150000e+04,142.083333
15416,1.54160000e+04,143.500000
15417,1.54170000e+04,143.500000
15418,1.54180000e+04,145.125000
15419,1.54190000e+04,145.125000
15420,1.54200000e+04,146.666667
15421,1.54210000e+04,146.666667
15422,1.54220000e+04,147.916667
15423,1.54230000e+04,147.916667
15424,1.54240000e+04,149.541667
15425,1.54250000e+04,149.541667
15426,1.54260000e+04,150.875000
15427,1.54270000e+04,150.875000
15428,1.54280000e+04,152.333333
15429,1.54290000e+04,152.333333
15430,1.54300000e+04,153.708333
15431,1.54310000e+04,153.708333
15432,1.54320000e+04,155.041667
15433,1.54330000e+04,155.041667
15434,1.54340000e+04,156.333333
15435,1.54350000e+04,156.333333
15436,1.54360000e+04,157.750000
15437,1.54370000e+04,157.750000
15438,1.54380000e+04,158.833333
15439,1.54390000e+04,158.833333
15440,1.54400000e+04,160.291667
15441,1.54410000e+04,160.291667
15442,1.54420000e+04,161.333333
15443,1.54430000e+04,161.333333
15444,1.54440000e+04,162.666667
15445,1.54450000e+04,162.666667
15446,1.54460000e+04,163.833333
15447,1.54470000e+04,163.833333
15448,1.54480000e+04,164.916667
15449,1.54490000e+04,164.916667
15450,1.54500000e+04,166.041667
15451,1.54510000e+04,166.041667
15452,1.54520000e+04,167.208333
15453,1.54530000e+04,167.208333
15454,1.54540000e+04,168.166667
15455,1.54550000e+04,168.166667
15456,1.54560000e+04,169.416667
15457,1.54570000e+04,169.416667
15458,1.54580000e+04,170.333333
15459,1.54590000e+04,170.333333
15460,1.54600000e+04,171.375000
15461,1.54610000e+04,171.375000
15462,1.54620000e+04,172.416667
15463,1.54630000e+04,172.416667
15464,1.54640000e+04,173.541667
15465,1.54650000e+04,173.541667
15466,1.54660000e+04,174.541667
15467,1.54670000e+04,174.541667
15468,1.54680000e+04,175.291667
15469,1.54690000e+04,175.291667
15470,1.54700000e+04,176.375000
15471,1.54710000e+04,176.375000
15472,1.54720000e+04,177.708333
15473,1.54730000e+04,177.708333
15474,1.54740000e+04,178.541667
15475,1.54750000e+04,178.541667
15476,1.54760000e+04,179.500000
15477,1.54770000e+04,179.500000
15478,1.54780000e+04,180.416667
15479,1.54790000e+04,180.416667
15480,1.54800000e+04,181.375000
15481,1.54810000e+04,181.375000
15482,1.54820000e+04,182.291667
15483,1.54830000e+04,182.291667
15484,1.54840000e+04,183.416667
15485,1.54850000e+04,183.416667
15486,1.54860000e+04,184.416667
15487,1.54870000e+04,184.416667
15488,1.54880000e+04,185.291667
15489,1.54890000e+04,185.291667
15490,1.54900000e+04,186.416667
15491,1.54910000e+04,186.416667
15492,1.54920000e+04,187.333333
15493,1.54930000e+04,187.333333
15494,1.54940000e+04,188.458333
15495,1.54950000e+04,188.458333
15496,1.54960000e+04,189.375000
15497,1.54970000e+04,189.375000
15498,1.54980000e+04,190.291667
15499,1.54990000e+04,190.291667
15500,1.55000000e+04,191.333333
15501,1.55010000e+04,191.333333
15502,1.55020000e+04,192.333333
15503,1.55030000e+04,192.333333
15504,1.55040000e+04,193.458333
15505,1.55050000e+04,193.458333
15506,1.55060000e+04,194.375000
15507,1.55070000e+04,194.375000
15508,1.55080000e+04,195.458333
15509,1.55090000e+04,195.458333
15510,1.55100000e+04,196.416667
15511,1.55110000e+04,196.416667
15512,1.55120000e+04,197.583333
15513,1.55130000e+04,197.583333
15514,1.55140000e+04,198.625000
15515,1.55150000e+04,198.625000
15516,1.55160000e+04,199.666667
15517,1.55170000e+04,199.666667
15518,1.55180000e+04,200.666667
15519,1.55190000e+04,200.666667
15520,1.55200000e+04,201.750000
15521,1.55210000e+04,201.750000
15522,1.55220000e+04,202.875000
15523,1.55230000e+04,202.875000
15524,1.55240000e+04,204.041667
15525,1.55250000e+04,204.041667
15526,1.55260000e+04,205.041667
15527,1.55270000e+04,205.041667
15528,1.55280000e+04,206.250000
15529,1.55290000e+04,206.250000
15530,1.55300000e+04,207.083333
15531,1.55310000e+04,207.083333
15532,1.55320000e+04,208.250000
15533,1.55330000e+04,208.250000
15534,1.55340000e+04,209.125000
15535,1.55350000e+04,209.125000
15536,1.55360000e+04,210.333333
15537,1.55370000e+04,210.333333
15538,1.55380000e+04,211.333333
15539,1.55390000e+04,211.333333
15540,1.55400000e+04,212.416667
15541,1.55410000e+04,212.416667
15542,1.55420000e+04,213.125000
15543,1.55430000e+04,213.125000
15544,1.55440000e+04,214.291667
15545,1.55450000e+04,214.291667
15546,1.55460000e+04,215.291667
15547,1.55470000e+04,215.291667
15548,1.55480000e+04,216.291667
15549,1.55490000e+04,216.291667
15550,1.55500000e+04,217.291667
15551,1.55510000e+04,217.291667
15552,1.55520000e+04,218.291667
15553,1.55530000e+04,218.291667
15554,1.55540000e+04,218.916667
15555,1.55550000e+04,218.916667
15556,1.55560000e+04,219.916667
15557,1.55570000e+04,219.916667
15558,1.55580000e+04,220.708333
15559,1.55590000e+04,220.708333
15560,1.55600000e+04,221.458333
15561,1.55610000e+04,221.458333
15562,1.55620000e+04,222.125000
15563,1.55630000e+04,222.125000
15564,1.55640000e+04,223.000000
15565,1.55650000e+04,223.000000
15566,1.55660000e+04,223.666667
15567,1.55670000e+04,223.666667
15568,1.55680000e+04,224.541667
15569,1.55690000e+04,224.541667
15570,1.55700000e+04,225.000000
15571,1.55710000e+04,225.000000
15572,1.55720000e+04,225.708333
15573,1.55730000e+04,225.708333
15574,1.55740000e+04,226.416667
15575,1.55750000e+04,226.416667
15576,1.55760000e+04,226.833333
15577,1.55770000e+04,226.833333
15578,1.55780000e+04,227.541667
15579,1.55790000e+04,227.541667
15580,1.55800000e+04,228.041667
15581,1.55810000e+04,228.041667
15582,1.55820000e+04,228.625000
15583,1.55830000e+04,228.625000
15584,1.55840000e+04,229.083333
15585,1.55850000e+04,229.083333
15586,1.55860000e+04,229.500000
15587,1.55870000e+04,229.500000
15588,1.55880000e+04,229.958333
15589,1.55890000e+04,229.958333
15590,1.55900000e+04,230.375000
15591,1.55910000e+04,230.375000
15592,1.55920000e+04,230.666667
15593,1.55930000e+04,230.666667
15594,1.55940000e+04,231.083333
15595,1.55950000e+04,231.083333
15596,1.55960000e+04,231.375000
15597,1.55970000e+04,231.375000
15598,1.55980000e+04,231.583333
15599,1.55990000e+04,231.583333
15600,1.56000000e+04,232.083333
15601,1.56010000e+04,232.083333
15602,1.56020000e+04,232.083333
15603,1.56030000e+04,232.083333
15604,1.56040000e+04,232.500000
15605,1.56050000e+04,232.500000
15606,1.56060000e+04,232.666667
15607,1.56070000e+04,232.666667
15608,1.56080000e+04,232.708333
15609,1.56090000e+04,232.708333
15610,1.56100000e+04,233.000000
15611,1.56110000e+04,233.000000
15612,1.56120000e+04,233.125000
15613,1.56130000e+04,233.125000
15614,1.56140000e+04,233.416667
15615,1.56150000e+04,233.416667
15616,1.56160000e+04,233.375000
15617,1.56170000e+04,233.375000
15618,1.56180000e+04,233.458333
15619,1.56190000e+04,233.458333
15620,1.56200000e+04,233.458333
15621,1.56210000e+04,233.458333
15622,1.56220000e+04,233.666667
15623,1.56230000e+04,233.666667
15624,1.56240000e+04,233.541667
15625,1.56250000e+04,233.541667
15626,1.56260000e+04,233.791667
15627,1.56270000e+04,233.791667
15628,1.56280000e+04,233.791667
15629,1.56290000e+04,233.791667
15630,1.56300000e+04,233.666667
15631,1.56310000e+04,233.666667
15632,1.56320000e+04,233.750000
15633,1.56330000e+04,233.750000
15634,1.56340000e+04,233.791667
15635,1.56350000e+04,233.791667
15636,1.56360000e+04,233.791667
15637,1.56370000e+04,233.791667
15638,1.56380000e+04,233.708333
15639,1.56390000e+04,233.708333
15640,1.56400000e+04,233.416667
15641,1.56410000e+04,233.416667
15642,1.56420000e+04,233.458333
15643,1.56430000e+04,233.458333
15644,1.56440000e+04,233.541667
15645,1.56450000e+04,233.541667
15646,1.56460000e+04,233.291667
15647,1.56470000e+04,233.291667
15648,1.56480000e+04,233.208333
15649,1.56490000e+04,233.208333
15650,1.56500000e+04,233.041667
15651,1.56510000e+04,233.041667
15652,1.56520000e+04,232.958333
15653,1.56530000e+04,232.958333
15654,1.56540000e+04,232.750000
15655,1.56550000e+04,232.750000
15656,1.56560000e+04,232.708333
15657,1.56570000e+04,232.708333
15658,1.56580000e+04,232.625000
15659,1.56590000e+04,232.625000
15660,1.56600000e+04,232.333333
15661,1.56610000e+04,232.333333
15662,1.56620000e+04,232.125000
15663,1.56630000e+04,232.125000
15664,1.56640000e+04,231.875000
15665,1.56650000e+04,231.875000
15666,1.56660000e+04,231.750000
15667,1.56670000e+04,231.750000
15668,1.56680000e+04,231.500000
15669,1.56690000e+04,231.500000
15670,1.56700000e+04,231.166667
15671,1.56710000e+04,231.166667
15672,1.56720000e+04,230.833333
15673,1.56730000e+04,230.833333
15674,1.56740000e+04,230.458333
15675,1.56750000e+04,230.458333
15676,1.56760000e+04,230.166667
15677,1.56770000e+04,230.166667
15678,1.56780000e+04,229.791667
15679,1.56790000e+04,229.791667
15680,1.56800000e+04,229.500000
15681,1.56810000e+04,229.500000
15682,1.56820000e+04,228.916667
15683,1.56830000e+04,228.916667
15684,1.56840000e+04,228.833333
15685,1.56850000e+04,228.833333
15686,1.56860000e+04,228.333333
15687,1.56870000e+04,228.333333
15688,1.56880000e+04,227.791667
15689,1.56890000e+04,227.791667
15690,1.56900000e+04,227.166667
15691,1.56910000e+04,227.166667
15692,1.56920000e+04,226.791667
15693,1.56930000e+04,226.791667
15694,1.56940000e+04,226.000000
15695,1.56950000e+04,226.000000
15696,1.56960000e+04,225.625000
15697,1.56970000e+04,225.625000
15698,1.56980000e+04,224.916667
15699,1.56990000e+04,224.916667
15700,1.57000000e+04,224.375000
15701,1.57010000e+04,224.375000
15702,1.57020000e+04,223.750000
15703,1.57030000e+04,223.750000
15704,1.57040000e+04,223.041667
15705,1.57050000e+04,223.041667
15706,1.57060000e+04,222.250000
15707,1.57070000e+04,222.250000
15708,1.57080000e+04,221.458333
15709,1.57090000e+04,221.458333
15710,1.57100000e+04,220.750000
15711,1.57110000e+04,220.750000
15712,1.57120000e+04,219.916667
15713,1.57130000e+04,219.916667
15714,1.57140000e+04,219.125000
15715,1.57150000e+04,219.125000
15716,1.57160000e+04,218.291667
15717,1.57170000e+04,218.291667
15718,1.57180000e+04,217.416667
15719,1.57190000e+04,217.416667
15720,1.57200000e+04,216.458333
15721,1.57210000e+04,216.458333
15722,1.57220000e+04,215.750000
15723,1.57230000e+04,215.750000
15724,1.57240000e+04,214.750000
15725,1.57250000e+04,214.750000
15726,1.57260000e+04,213.541667
15727,1.57270000e+04,213.541667
15728,1.57280000e+04,212.625000
15729,1.57290000e+04,212.625000
15730,1.57300000e+04,211.583333
15731,1.57310000e+04,211.583333
15732,1.57320000e+04,210.666667
15733,1.57330000e+04,210.666667
15734,1.57340000e+04,209.500000
15735,1.57350000e+04,209.500000
15736,1.57360000e+04,208.458333
15737,1.57370000e+04,208.458333
15738,1.57380000e+04,207.541667
15739,1.57390000e+04,207.541667
15740,1.57400000e+04,206.416667
15741,1.57410000e+04,206.416667
15742,1.57420000e+04,205.291667
15743,1.57430000e+04,205.291667
15744,1.57440000e+04,204.250000
15745,1.57450000e+04,204.250000
15746,1.57460000e+04,203.000000
15747,1.57470000e+04,203.000000
15748,1.57480000e+04,202.000000
15749,1.57490000e+04,202.000000
15750,1.57500000e+04,200.833333
15751,1.57510000e+04,200.833333
15752,1.57520000e+04,199.791667
15753,1.57530000e+04,199.791667
15754,1.57540000e+04,198.666667
15755,1.57550000e+04,198.666667
15756,1.57560000e+04,197.750000
15757,1.57570000e+04,197.750000
15758,1.57580000e+04,196.500000
15759,1.57590000e+04,196.500000
15760,1.57600000e+04,195.375000
15761,1.57610000e+04,195.375000
15762,1.57620000e+04,194.291667
15763,1.57630000e+04,194.291667
15764,1.57640000e+04,193.333333
15765,1.57650000e+04,193.333333
15766,1.57660000e+04,192.083333
15767,1.57670000e+04,192.083333
15768,1.57680000e+04,191.041667
15769,1.57690000e+04,191.041667
15770,1.57700000e+04,190.083333
15771,1.57710000e+04,190.083333
15772,1.57720000e+04,188.875000
15773,1.57730000e+04,188.875000
15774,1.57740000e+04,187.958333
15775,1.57750000e+04,187.958333
15776,1.57760000e+04,186.750000
15777,1.57770000e+04,186.750000
15778,1.57780000e+04,185.791667
15779,1.57790000e+04,185.791667
15780,1.57800000e+04,184.666667
15781,1.57810000e+04,184.666667
15782,1.57820000e+04,183.791667
15783,1.57830000e+04,183.791667
15784,1.57840000e+04,182.791667
15785,1.57850000e+04,182.791667
15786,1.57860000e+04,181.708333
15787,1.57870000e+04,181.708333
15788,1.57880000e+04,180.875000
15789,1.57890000e+04,180.875000
15790,1.57900000e+04,179.750000
15791,1.57910000e+04,179.750000
15792,1.57920000e+04,178.750000
15793,1.57930000e+04,178.750000
15794,1.57940000e+04,177.625000
15795,1.57950000e+04,177.625000
15796,1.57960000e+04,176.541667
15797,1.57970000e+04,176.541667
15798,1.57980000e+04,175.791667
15799,1.57990000e+04,175.791667
15800,1.58000000e+04,174.666667
15801,1.58010000e+04,174.666667
15802,1.58020000e+04,173.875000
15803,1.58030000e+04,173.875000
15804,1.58040000e+04,172.583333
15805,1.58050000e+04,172.583333
15806,1.58060000e+04,171.458333
15807,1.58070000e+04,171.458333
15808,1.58080000e+04,170.666667
15809,1.58090000e+04,170.666667
15810,1.58100000e+04,169.750000
15811,1.58110000e+04,169.750000
15812,1.58120000e+04,168.541667
15813,1.58130000e+04,168.541667
15814,1.58140000e+04,167.541667
15815,1.58150000e+04,167.541667
15816,1.58160000e+04,166.500000
15817,1.58170000e+04,166.500000
15818,1.58180000e+04,165.375000
15819,1.58190000e+04,165.375000
15820,1.58200000e+04,164.291667
15821,1.58210000e+04,164.291667
15822,1.58220000e+04,163.000000
15823,1.58230000e+04,163.000000
15824,1.58240000e+04,162.083333
15825,1.58250000e+04,162.083333
15826,1.58260000e+04,160.875000
15827,1.58270000e+04,160.875000
15828,1.58280000e+04,159.625000
15829,1.58290000e+04,159.625000
15830,1.58300000e+04,158.166667
15831,1.58310000e+04,158.166667
15832,1.58320000e+04,157.291667
15833,1.58330000e+04,157.291667
15834,1.58340000e+04,155.958333
15835,1.58350000e+04,155.958333
15836,1.58360000e+04,154.458333
15837,1.58370000e+04,154.458333
15838,1.58380000e+04,153.375000
15839,1.58390000e+04,153.375000
15840,1.58400000e+04,151.875000
15841,1.58410000e+04,151.875000
15842,1.58420000e+04,150.541667
15843,1.58430000e+04,150.541667
15844,1.58440000e+04,149.375000
15845,1.58450000e+04,149.375000
15846,1.58460000e+04,147.625000
15847,1.58470000e+04,147.625000
15848,1.58480000e+04,146.208333
15849,1.58490000e+04,146.208333
15850,1.58500000e+04,144.750000
15851,1.58510000e+04,144.750000
15852,1.58520000e+04,143.250000
15853,1.58530000e+04,143.250000
15854,1.58540000e+04,141.875000
15855,1.58550000e+04,141.875000
15856,1.58560000e+04,140.125000
15857,1.58570000e+04,140.125000
15858,1.58580000e+04,138.500000
15859,1.58590000e+04,138.500000
15860,1.58600000e+04,137.000000
15861,1.58610000e+04,137.000000
15862,1.58620000e+04,135.250000
15863,1.58630000e+04,135.250000
15864,1.58640000e+04,133.791667
15865,1.58650000e+04,133.791667
15866,1.58660000e+04,132.083333
15867,1.58670000e+04,132.083333
15868,1.58680000e+04,130.250000
15869,1.58690000e+04,130.250000
15870,1.58700000e+04,128.708333
15871,1.58710000e+04,128.708333
15872,1.58720000e+04,126.916667
15873,1.58730000e+04,126.916667
15874,1.58740000e+04,125.125000
15875,1.58750000e+04,125.125000
15876,1.58760000e+04,123.250000
15877,1.58770000e+04,123.250000
15878,1.58780000e+04,121.541667
15879,1.58790000e+04,121.541667
15880,1.58800000e+04,119.708333
15881,1.58810000e+04,119.708333
15882,1.58820000e+04,117.875000
15883,1.58830000e+04,117.875000
15884,1.58840000e+04,116.250000
15885,1.58850000e+04,116.250000
15886,1.58860000e+04,114.333333
15887,1.58870000e+04,114.333333
15888,1.58880000e+04,112.458333
15889,1.58890000e+04,112.458333
15890,1.58900000e+04,110.708333
15891,1.58910000e+04,110.708333
15892,1.58920000e+04,108.916667
15893,1.58930000e+04,108.916667
15894,1.58940000e+04,107.000000
15895,1.58950000e+04,107.000000
15896,1.58960000e+04,105.208333
15897,1.58970000e+04,105.208333
15898,1.58980000e+04,103.375000
15899,1.58990000e+04,103.375000
15900,1.59000000e+04,101.541667
15901,1.59010000e+04,101.541667
15902,1.59020000e+04,99.791667
15903,1.59030000e+04,99.791667
15904,1.59040000e+04,97.875000
15905,1.59050000e+04,97.875000
15906,1.59060000e+04,96.083333
15907,1.59070000e+04,96.083333
15908,1.59080000e+04,94.333333
15909,1.59090000e+04,94.333333
15910,1.59100000e+04,92.458333
15911,1.59110000e+04,92.458333
15912,1.59120000e+04,90.833333
15913,1.59130000e+04,90.833333
15914,1.59140000e+04,89.000000
15915,1.59150000e+04,89.000000
15916,1.59160000e+04,87.291667
15917,1.59170000e+04,87.291667
15918,1.59180000e+04,85.500000
15919,1.59190000e+04,85.500000
15920,1.59200000e+04,83.625000
15921,1.59210000e+04,83.625000
15922,1.59220000e+04,82.000000
15923,1.59230000e+04,82.000000
15924,1.59240000e+04,80.333333
15925,1.59250000e+04,80.333333
15926,1.59260000e+04,78.416667
15927,1.59270000e+04,78.416667
15928,1.59280000e+04,76.625000
15929,1.59290000e+04,76.625000
15930,1.59300000e+04,75.000000
15931,1.59310000e+04,75.000000
15932,1.59320000e+04,73.291667
15933,1.59330000e+04,73.291667
15934,1.59340000e+04,71.458333
15935,1.59350000e+04,71.458333
15936,1.59360000e+04,69.791667
15937,1.59370000e+04,69.791667
15938,1.59380000e+04,67.958333
15939,1.59390000e+04,67.958333
15940,1.59400000e+04,66.250000
15941,1.59410000e+04,66.250000
15942,1.59420000e+04,64.416667
15943,1.59430000e+04,64.416667
15944,1.59440000e+04,62.833333
15945,1.59450000e+04,62.833333
15946,1.59460000e+04,61.000000
15947,1.59470000e+04,61.000000
15948,1.59480000e+04,59.333333
15949,1.59490000e+04,59.333333
15950,1.59500000e+04,57.625000
15951,1.59510000e+04,57.625000
15952,1.59520000e+04,55.541667
15953,1.59530000e+04,55.541667
15954,1.59540000e+04,53.875000
15955,1.59550000e+04,53.875000
15956,1.59560000e+04,52.208333
15957,1.59570000e+04,52.208333
15958,1.59580000e+04,50.291667
15959,1.59590000e+04,50.291667
15960,1.59600000e+04,48.625000
15961,1.59610000e+04,48.625000
15962,1.59620000e+04,46.625000
15963,1.59630000e+04,46.625000
15964,1.59640000e+04,44.958333
15965,1.59650000e+04,44.958333
15966,1.59660000e+04,42.958333
15967,1.59670000e+04,42.958333
15968,1.59680000e+04,41.000000
15969,1.59690000e+04,41.000000
15970,1.59700000e+04,39.083333
15971,1.59710000e+04,39.083333
15972,1.59720000e+04,37.208333
15973,1.59730000e+04,37.208333
15974,1.59740000e+04,35.166667
15975,1.59750000e+04,35.166667
15976,1.59760000e+04,33.208333
15977,1.59770000e+04,33.208333
15978,1.59780000e+04,31.333333
15979,1.59790000e+04,31.333333
15980,1.59800000e+04,29.291667
15981,1.59810000e+04,29.291667
15982,1.59820000e+04,27.291667
15983,1.59830000e+04,27.291667
15984,1.59840000e+04,25.291667
15985,1.59850000e+04,25.291667
15986,1.59860000e+04,23.208333
15987,1.59870000e+04,23.208333
15988,1.59880000e+04,21.125000
15989,1.59890000e+04,21.125000
15990,1.59900000e+04,19.166667
15991,1.59910000e+04,19.166667
15992,1.59920000e+04,17.083333
15993,1.59930000e+04,17.083333
15994,1.59940000e+04,15.000000
15995,1.59950000e+04,15.000000
15996,1.59960000e+04,13.041667
15997,1.59970000e+04,13.041667
15998,1.59980000e+04,10.791667
15999,1.59990000e+04,10.791667
16000,1.60000000e+04,8.583333
16001,1.60010000e+04,8.583333
16002,1.60020000e+04,6.541667
16003,1.60030000e+04,6.541667
16004,1.60040000e+04,4.416667
16005,1.60050000e+04,4.416667
16006,1.60060000e+04,2.208333
16007,1.60070000e+04,2.208333
16008,1.60080000e+04,0.083333
16009,1.60090000e+04,0.083333
16010,1.60100000e+04,-1.875000
16011,1.60110000e+04,-1.875000
16012,1.60120000e+04,-3.916667
16013,1.60130000e+04,-3.916667
16014,1.60140000e+04,-6.125000
16015,1.60150000e+04,-6.125000
16016,1.60160000e+04,-8.458333
16017,1.60170000e+04,-8.458333
16018,1.60180000e+04,-10.541667
16019,1.60190000e+04,-10.541667
16020,1.60200000e+04,-12.500000
16021,1.60210000e+04,-12.500000
16022,1.60220000e+04,-14.791667
16023,1.60230000e+04,-14.791667
16024,1.60240000e+04,-16.750000
16025,1.60250000e+04,-16.750000
16026,1.60260000e+04,-18.875000
16027,1.60270000e+04,-18.875000
16028,1.60280000e+04,-20.916667
16029,1.60290000e+04,-20.916667
16030,1.60300000e+04,-23.083333
16031,1.60310000e+04,-23.083333
16032,1.60320000e+04,-25.083333
16033,1.60330000e+04,-25.083333
16034,1.60340000e+04,-27.166667
16035,1.60350000e+04,-27.166667
16036,1.60360000e+04,-29.291667
16037,1.60370000e+04,-29.291667
16038,1.60380000e+04,-31.250000
16039,1.60390000e+04,-31.250000
16040,1.60400000e+04,-33.250000
16041,1.60410000e+04,-33.250000
16042,1.60420000e+04,-35.208333
16043,1.60430000e+04,-35.208333
16044,1.60440000e+04,-37.166667
16045,1.60450000e+04,-37.166667
16046,1.60460000e+04,-39.000000
16047,1.60470000e+04,-39.000000
16048,1.60480000e+04,-41.000000
16049,1.60490000e+04,-41.000000
16050,1.60500000e+04,-43.041667
16051,1.60510000e+04,-43.041667
16052,1.60520000e+04,-44.916667
16053,1.60530000e+04,-44.916667
16054,1.60540000e+04,-46.875000
16055,1.60550000e+04,-46.875000
16056,1.60560000e+04,-48.666667
16057,1.60570000e+04,-48.666667
16058,1.60580000e+04,-50.500000
16059,1.60590000e+04,-50.500000
16060,1.60600000e+04,-52.416667
16061,1.60610000e+04,-52.416667
16062,1.60620000e+04,-54.083333
16063,1.60630000e+04,-54.083333
16064,1.60640000e+04,-55.833333
16065,1.60650000e+04,-55.833333
16066,1.60660000e+04,-57.750000
16067,1.60670000e+04,-57.750000
16068,1.60680000e+04,-59.625000
16069,1.60690000e+04,-59.625000
16070,1.60700000e+04,-61.166667
16071,1.60710000e+04,-61.166667
16072,1.60720000e+04,-62.875000
16073,1.60730000e+04,-62.875000
16074,1.60740000e+04,-64.750000
16075,1.60750000e+04,-64.750000
16076,1.60760000e+04,-66.583333
16077,1.60770000e+04,-66.583333
16078,1.60780000e+04,-68.333333
16079,1.60790000e+04,-68.333333
16080,1.60800000e+04,-69.916667
16081,1.60810000e+04,-69.916667
16082,1.60820000e+04,-71.666667
16083,1.60830000e+04,-71.666667
16084,1.60840000e+04,-73.416667
16085,1.60850000e+04,-73.416667
16086,1.60860000e+04,-75.208333
16087,1.60870000e+04,-75.208333
16088,1.60880000e+04,-76.875000
16089,1.60890000e+04,-76.875000
16090,1.60900000e+04,-78.708333
16091,1.60910000e+04,-78.708333
16092,1.60920000e+04,-80.625000
16093,1.60930000e+04,-80.625000
16094,1.60940000e+04,-82.291667
16095,1.60950000e+04,-82.291667
16096,1.60960000e+04,-83.791667
16097,1.60970000e+04,-83.791667
16098,1.60980000e+04,-85.583333
16099,1.60990000e+04,-85.583333
16100,1.61000000e+04,-87.333333
16101,1.61010000e+04,-87.333333
16102,1.61020000e+04,-88.875000
16103,1.61030000e+04,-88.875000
16104,1.61040000e+04,-90.916667
16105,1.61050000e+04,-90.916667
16106,1.61060000e+04,-92.625000
16107,1.61070000e+04,-92.625000
16108,1.61080000e+04,-94.458333
16109,1.61090000e+04,-94.458333
16110,1.61100000e+04,-96.125000
16111,1.61110000e+04,-96.125000
16112,1.61120000e+04,-97.916667
16113,1.61130000e+04,-97.916667
16114,1.61140000e+04,-99.625000
16115,1.61150000e+04,-99.625000
16116,1.61160000e+04,-101.375000
16117,1.61170000e+04,-101.375000
16118,1.61180000e+04,-103.166667
16119,1.61190000e+04,-103.166667
16120,1.61200000e+04,-105.083333
16121,1.61210000e+04,-105.083333
16122,1.61220000e+04,-106.833333
16123,1.61230000e+04,-106.833333
16124,1.61240000e+04,-108.666667
16125,1.61250000e+04,-108.666667
16126,1.61260000e+04,-110.458333
16127,1.61270000e+04,-110.458333
16128,1.61280000e+04,-112.208333
16129,1.61290000e+04,-112.208333
16130,1.61300000e+04,-114.125000
16131,1.61310000e+04,-114.125000
16132,1.61320000e+04,-115.666667
16133,1.61330000e+04,-115.666667
16134,1.61340000e+04,-117.500000
16135,1.61350000e+04,-117.500000
16136,1.61360000e+04,-119.208333
16137,1.61370000e+04,-119.208333
16138,1.61380000e+04,-120.958333
16139,1.61390000e+04,-120.958333
16140,1.61400000e+04,-122.750000
16141,1.61410000e+04,-122.750000
16142,1.61420000e+04,-124.541667
16143,1.61430000e+04,-124.541667
16144,1.61440000e+04,-126.333333
16145,1.61450000e+04,-126.333333
16146,1.61460000e+04,-128.041667
16147,1.61470000e+04,-128.041667
16148,1.61480000e+04,-129.708333
16149,1.61490000e+04,-129.708333
16150,1.61500000e+04,-131.375000
16151,1.61510000e+04,-131.375000
16152,1.61520000e+04,-132.875000
16153,1.61530000e+04,-132.875000
16154,1.61540000e+04,-134.791667
16155,1.61550000e+04,-134.791667
16156,1.61560000e+04,-136.458333
16157,1.61570000e+04,-136.458333
16158,1.61580000e+04,-138.083333
16159,1.61590000e+04,-138.083333
16160,1.61600000e+04,-139.500000
16161,1.61610000e+04,-139.500000
16162,1.61620000e+04,-141.208333
16163,1.61630000e+04,-141.208333
16164,1.61640000e+04,-142.750000
16165,1.61650000e+04,-142.750000
16166,1.61660000e+04,-144.416667
16167,1.61670000e+04,-144.416667
16168,1.61680000e+04,-145.791667
16169,1.61690000e+04,-145.791667
16170,1.61700000e+04,-147.166667
16171,1.61710000e+04,-147.166667
16172,1.61720000e+04,-148.708333
16173,1.61730000e+04,-148.708333
16174,1.61740000e+04,-150.208333
16175,1.61750000e+04,-150.208333
16176,1.61760000e+04,-151.541667
16177,1.61770000e+04,-151.541667
16178,1.61780000e+04,-153.041667
16179,1.61790000e+04,-153.041667
16180,1.61800000e+04,-154.125000
16181,1.61810000e+04,-154.125000
16182,1.61820000e+04,-155.666667
16183,1.61830000e+04,-155.666667
16184,1.61840000e+04,-156.958333
16185,1.61850000e+04,-156.958333
16186,1.61860000e+04,-158.250000
16187,1.61870000e+04,-158.250000
16188,1.61880000e+04,-159.458333
16189,1.61890000e+04,-159.458333
16190,1.61900000e+04,-160.583333
16191,1.61910000e+04,-160.583333
16192,1.61920000e+04,-161.791667
16193,1.61930000e+04,-161.791667
16194,1.61940000e+04,-163.041667
16195,1.61950000e+04,-163.041667
16196,1.61960000e+04,-164.333333
16197,1.61970000e+04,-164.333333
16198,1.61980000e+04,-165.333333
16199,1.61990000e+04,-165.333333
16200,1.62000000e+04,-166.458333
16201,1.62010000e+04,-166.458333
16202,1.62020000e+04,-167.500000
16203,1.62030000e+04,-167.500000
16204,1.62040000e+04,-168.625000
16205,1.62050000e+04,-168.625000
16206,1.62060000e+04,-169.583333
16207,1.62070000e+04,-169.583333
16208,1.62080000e+04,-170.625000
16209,1.62090000e+04,-170.625000
16210,1.62100000e+04,-171.833333
16211,1.62110000e+04,-171.833333
16212,1.62120000e+04,-172.958333
16213,1.62130000e+04,-172.958333
16214,1.62140000e+04,-173.791667
16215,1.62150000e+04,-173.791667
16216,1.62160000e+04,-174.791667
16217,1.62170000e+04,-174.791667
16218,1.62180000e+04,-175.916667
16219,1.62190000e+04,-175.916667
16220,1.62200000e+04,-176.916667
16221,1.62210000e+04,-176.916667
16222,1.62220000e+04,-177.791667
16223,1.62230000e+04,-177.791667
16224,1.62240000e+04,-178.666667
16225,1.62250000e+04,-178.666667
16226,1.62260000e+04,-179.916667
16227,1.62270000e+04,-179.916667
16228,1.62280000e+04,-180.666667
16229,1.62290000e+04,-180.666667
16230,1.62300000e+04,-181.916667
16231,1.62310000e+04,-181.916667
16232,1.62320000e+04,-182.875000
16233,1.62330000e+04,-182.875000
16234,1.62340000e+04,-183.666667
16235,1.62350000e+04,-183.666667
16236,1.62360000e+04,-184.625000
16237,1.62370000e+04,-184.625000
16238,1.62380000e+04,-185.708333
16239,1.62390000e+04,-185.708333
16240,1.62400000e+04,-186.625000
16241,1.62410000e+04,-186.625000
16242,1.62420000e+04,-187.708333
16243,1.62430000e+04,-187.708333
16244,1.62440000e+04,-188.625000
16245,1.62450000e+04,-188.625000
16246,1.62460000e+04,-189.708333
16247,1.62470000e+04,-189.708333
16248,1.62480000e+04,-190.625000
16249,1.62490000e+04,-190.625000
16250,1.62500000e+04,-191.958333
16251,1.62510000e+04,-191.958333
16252,1.62520000e+04,-192.750000
16253,1.62530000e+04,-192.750000
16254,1.62540000e+04,-193.708333
16255,1.62550000e+04,-193.708333
16256,1.62560000e+04,-194.875000
16257,1.62570000e+04,-194.875000
16258,1.62580000e+04,-195.791667
16259,1.62590000e+04,-195.791667
16260,1.62600000e+04,-196.875000
16261,1.62610000e+04,-196.875000
16262,1.62620000e+04,-197.833333
16263,1.62630000e+04,-197.833333
16264,1.62640000e+04,-198.916667
16265,1.62650000e+04,-198.916667
16266,1.62660000e+04,-200.083333
16267,1.62670000e+04,-200.083333
16268,1.62680000e+04,-201.166667
16269,1.62690000e+04,-201.166667
16270,1.62700000e+04,-202.166667
16271,1.62710000e+04,-202.166667
16272,1.62720000e+04,-203.083333
16273,1.62730000e+04,-203.083333
16274,1.62740000e+04,-204.333333
16275,1.62750000e+04,-204.333333
16276,1.62760000e+04,-205.416667
16277,1.62770000e+04,-205.416667
16278,1.62780000e+04,-206.541667
16279,1.62790000e+04,-206.541667
16280,1.62800000e+04,-207.416667
16281,1.62810000e+04,-207.416667
16282,1.62820000e+04,-208.500000
16283,1.62830000e+04,-208.500000
16284,1.62840000e+04,-209.708333
16285,1.62850000e+04,-209.708333
16286,1.62860000e+04,-210.750000
16287,1.62870000e+04,-210.750000
16288,1.62880000e+04,-211.750000
16289,1.62890000e+04,-211.750000
16290,1.62900000e+04,-212.750000
16291,1.62910000e+04,-212.750000
16292,1.62920000e+04,-213.708333
16293,1.62930000e+04,-213.708333
16294,1.62940000e+04,-214.583333
16295,1.62950000e+04,-214.583333
16296,1.62960000e+04,-215.583333
16297,1.62970000e+04,-215.583333
16298,1.62980000e+04,-216.458333
16299,1.62990000e+04,-216.458333
16300,1.63000000e+04,-217.458333
16301,1.63010000e+04,-217.458333
16302,1.63020000e+04,-218.291667
16303,1.63030000e+04,-218.291667
16304,1.63040000e+04,-219.208333
16305,1.63050000e+04,-219.208333
16306,1.63060000e+04,-220.125000
16307,1.63070000e+04,-220.125000
16308,1.63080000e+04,-220.833333
16309,1.63090000e+04,-220.833333
16310,1.63100000e+04,-221.375000
16311,1.63110000e+04,-221.375000
16312,1.63120000e+04,-222.375000
16313,1.63130000e+04,-222.375000
16314,1.63140000e+04,-223.125000
16315,1.63150000e+04,-223.125000
16316,1.63160000e+04,-223.916667
16317,1.63170000e+04,-223.916667
16318,1.63180000e+04,-224.583333
16319,1.63190000e+04,-224.583333
16320,1.63200000e+04,-225.250000
16321,1.63210000e+04,-225.250000
16322,1.63220000e+04,-225.791667
16323,1.63230000e+04,-225.791667
16324,1.63240000e+04,-226.291667
16325,1.63250000e+04,-226.291667
16326,1.63260000e+04,-226.875000
16327,1.63270000e+04,-226.875000
16328,1.63280000e+04,-227.583333
16329,1.63290000e+04,-227.583333
16330,1.63300000e+04,-228.000000
16331,1.63310000e+04,-228.000000
16332,1.63320000e+04,-228.500000
16333,1.63330000e+04,-228.500000
16334,1.63340000e+04,-228.875000
16335,1.63350000e+04,-228.875000
16336,1.63360000e+04,-229.500000
16337,1.63370000e+04,-229.500000
16338,1.63380000e+04,-229.791667
16339,1.63390000e+04,-229.791667
16340,1.63400000e+04,-230.083333
16341,1.63410000e+04,-230.083333
16342,1.63420000e+04,-230.541667
16343,1.63430000e+04,-230.541667
16344,1.63440000e+04,-230.916667
16345,1.63450000e+04,-230.916667
16346,1.63460000e+04,-231.125000
16347,1.63470000e+04,-231.125000
16348,1.63480000e+04,-231.541667
16349,1.63490000e+04,-231.541667
16350,1.63500000e+04,-231.791667
16351,1.63510000e+04,-231.791667
16352,1.63520000e+04,-231.958333
16353,1.63530000e+04,-231.958333
16354,1.63540000e+04,-232.250000
16355,1.63550000e+04,-232.250000
16356,1.63560000e+04,-232.375000
16357,1.63570000e+04,-232.375000
16358,1.63580000e+04,-232.541667
16359,1.63590000e+04,-232.541667
16360,1.63600000e+04,-232.541667
16361,1.63610000e+04,-232.541667
16362,1.63620000e+04,-232.833333
16363,1.63630000e+04,-232.833333
16364,1.63640000e+04,-233.083333
16365,1.63650000e+04,-233.083333
16366,1.63660000e+04,-232.916667
16367,1.63670000e+04,-232.916667
16368,1.63680000e+04,-233.125000
16369,1.63690000e+04,-233.125000
16370,1.63700000e+04,-233.291667
16371,1.63710000e+04,-233.291667
16372,1.63720000e+04,-233.291667
16373,1.63730000e+04,-233.291667
16374,1.63740000e+04,-233.375000
16375,1.63750000e+04,-233.375000
16376,1.63760000e+04,-233.541667
16377,1.63770000e+04,-233.541667
16378,1.63780000e+04,-233.333333
16379,1.63790000e+04,-233.333333
16380,1.63800000e+04,-233.375000
16381,1.63810000e+04,-233.375000
16382,1.63820000e+04,-233.250000
16383,1.63830000e+04,-233.250000
16384,1.63840000e+04,-233.416667
16385,1.63850000e+04,-233.416667
16386,1.63860000e+04,-233.250000
16387,1.63870000e+04,-233.250000
16388,1.63880000e+04,-233.208333
16389,1.63890000e+04,-233.208333
16390,1.63900000e+04,-233.083333
16391,1.63910000e+04,-233.083333
16392,1.63920000e+04,-233.041667
16393,1.63930000e+04,-233.041667
16394,1.63940000e+04,-233.000000
16395,1.63950000e+04,-233.000000
16396,1.63960000e+04,-232.916667
16397,1.63970000e+04,-232.916667
16398,1.63980000e+04,-232.625000
16399,1.63990000e+04,-232.625000
16400,1.64000000e+04,-232.750000
16401,1.64010000e+04,-232.750000
16402,1.64020000e+04,-232.500000
16403,1.64030000e+04,-232.500000
16404,1.64040000e+04,-232.333333
16405,1.64050000e+04,-232.333333
16406,1.64060000e+04,-232.375000
16407,1.64070000e+04,-232.375000
16408,1.64080000e+04,-232.125000
16409,1.64090000e+04,-232.125000
16410,1.64100000e+04,-231.791667
16411,1.64110000e+04,-231.791667
16412,1.64120000e+04,-231.583333
16413,1.64130000e+04,-231.583333
16414,1.64140000e+04,-231.333333
16415,1.64150000e+04,-231.333333
16416,1.64160000e+04,-231.125000
16417,1.64170000e+04,-231.125000
16418,1.64180000e+04,-230.875000
16419,1.64190000e+04,-230.875000
16420,1.64200000e+04,-230.500000
16421,1.64210000e+04,-230.500000
16422,1.64220000e+04,-230.166667
16423,1.64230000e+04,-230.166667
16424,1.64240000e+04,-230.000000
16425,1.64250000e+04,-230.000000
16426,1.64260000e+04,-229.583333
16427,1.64270000e+04,-229.583333
16428,1.64280000e+04,-229.333333
16429,1.64290000e+04,-229.333333
16430,1.64300000e+04,-228.833333
16431,1.64310000e+04,-228.833333
16432,1.64320000e+04,-228.500000
16433,1.64330000e+04,-228.500000
16434,1.64340000e+04,-228.041667
16435,1.64350000e+04,-228.041667
16436,1.64360000e+04,-227.708333
16437,1.64370000e+04,-227.708333
16438,1.64380000e+04,-227.000000
16439,1.64390000e+04,-227.000000
16440,1.64400000e+04,-226.500000
16441,1.64410000e+04,-226.500000
16442,1.64420000e+04,-226.083333
16443,1.64430000e+04,-226.083333
16444,1.64440000e+04,-225.291667
16445,1.64450000e+04,-225.291667
16446,1.64460000e+04,-224.791667
16447,1.64470000e+04,-224.791667
16448,1.64480000e+04,-224.166667
16449,1.64490000e+04,-224.166667
16450,1.64500000e+04,-223.541667
16451,1.64510000e+04,-223.541667
16452,1.64520000e+04,-222.833333
16453,1.64530000e+04,-222.833333
16454,1.64540000e+04,-222.041667
16455,1.64550000e+04,-222.041667
16456,1.64560000e+04,-221.500000
16457,1.64570000e+04,-221.500000
16458,1.64580000e+04,-220.625000
16459,1.64590000e+04,-220.625000
16460,1.64600000e+04,-219.916667
16461,1.64610000e+04,-219.916667
16462,1.64620000e+04,-219.041667
16463,1.64630000e+04,-219.041667
16464,1.64640000e+04,-218.208333
16465,1.64650000e+04,-218.208333
16466,1.64660000e+04,-217.291667
16467,1.64670000e+04,-217.291667
16468,1.64680000e+04,-216.583333
16469,1.64690000e+04,-216.583333
16470,1.64700000e+04,-215.583333
16471,1.64710000e+04,-215.583333
16472,1.64720000e+04,-214.541667
16473,1.64730000e+04,-214.541667
16474,1.64740000e+04,-213.708333
16475,1.64750000e+04,-213.708333
16476,1.64760000e+04,-212.833333
16477,1.64770000e+04,-212.833333
16478,1.64780000e+04,-211.666667
16479,1.64790000e+04,-211.666667
16480,1.64800000e+04,-210.583333
16481,1.64810000e+04,-210.583333
16482,1.64820000e+04,-209.791667
16483,1.64830000e+04,-209.791667
16484,1.64840000e+04,-208.416667
16485,1.64850000e+04,-208.416667
16486,1.64860000e+04,-207.458333
16487,1.64870000e+04,-207.458333
16488,1.64880000e+04,-206.541667
16489,1.64890000e+04,-206.541667
16490,1.64900000e+04,-205.375000
16491,1.64910000e+04,-205.375000
16492,1.64920000e+04,-204.166667
16493,1.64930000e+04,-204.166667
16494,1.64940000e+04,-203.166667
16495,1.64950000e+04,-203.166667
16496,1.64960000e+04,-202.041667
16497,1.64970000e+04,-202.041667
16498,1.64980000e+04,-201.041667
16499,1.64990000e+04,-201.041667
16500,1.65000000e+04,-199.916667
16501,1.65010000e+04,-199.916667
16502,1.65020000e+04,-198.750000
16503,1.65030000e+04,-198.750000
16504,1.65040000e+04,-197.750000
16505,1.65050000e+04,-197.750000
16506,1.65060000e+04,-196.583333
16507,1.65070000e+04,-196.583333
16508,1.65080000e+04,-195.416667
16509,1.65090000e+04,-195.416667
16510,1.65100000e+04,-194.416667
16511,1.65110000e+04,-194.416667
16512,1.65120000e+04,-193.208333
16513,1.65130000e+04,-193.208333
16514,1.65140000e+04,-192.166667
16515,1.65150000e+04,-192.166667
16516,1.65160000e+04,-191.125000
16517,1.65170000e+04,-191.125000
16518,1.65180000e+04,-190.166667
16519,1.65190000e+04,-190.166667
16520,1.65200000e+04,-189.000000
16521,1.65210000e+04,-189.000000
16522,1.65220000e+04,-187.875000
16523,1.65230000e+04,-187.875000
16524,1.65240000e+04,-186.958333
16525,1.65250000e+04,-186.958333
16526,1.65260000e+04,-185.916667
16527,1.65270000e+04,-185.916667
16528,1.65280000e+04,-184.708333
16529,1.65290000e+04,-184.708333
16530,1.65300000e+04,-183.666667
16531,1.65310000e+04,-183.666667
16532,1.65320000e+04,-182.750000
16533,1.65330000e+04,-182.750000
16534,1.65340000e+04,-181.791667
16535,1.65350000e+04,-181.791667
16536,1.65360000e+04,-180.833333
16537,1.65370000e+04,-180.833333
16538,1.65380000e+04,-179.875000
16539,1.65390000e+04,-179.875000
16540,1.65400000e+04,-178.750000
16541,1.65410000e+04,-178.750000
16542,1.65420000e+04,-177.750000
16543,1.65430000e+04,-177.750000
16544,1.65440000e+04,-176.833333
16545,1.65450000e+04,-176.833333
16546,1.65460000e+04,-175.791667
16547,1.65470000e+04,-175.791667
16548,1.65480000e+04,-174.666667
16549,1.65490000e+04,-174.666667
16550,1.65500000e+04,-173.708333
16551,1.65510000e+04,-173.708333
16552,1.65520000e+04,-172.708333
16553,1.65530000e+04,-172.708333
16554,1.65540000e+04,-171.875000
16555,1.65550000e+04,-171.875000
16556,1.65560000e+04,-170.666667
16557,1.65570000e+04,-170.666667
16558,1.65580000e+04,-169.875000
16559,1.65590000e+04,-169.875000
16560,1.65600000e+04,-168.625000
16561,1.65610000e+04,-168.625000
16562,1.65620000e+04,-167.625000
16563,1.65630000e+04,-167.625000
16564,1.65640000e+04,-166.500000
16565,1.65650000e+04,-166.500000
16566,1.65660000e+04,-165.500000
16567,1.65670000e+04,-165.500000
16568,1.65680000e+04,-164.333333
16569,1.65690000e+04,-164.333333
16570,1.65700000e+04,-163.166667
16571,1.65710000e+04,-163.166667
16572,1.65720000e+04,-162.083333
16573,1.65730000e+04,-162.083333
16574,1.65740000e+04,-160.916667
16575,1.65750000e+04,-160.916667
16576,1.65760000e+04,-159.625000
16577,1.65770000e+04,-159.625000
16578,1.65780000e+04,-158.500000
16579,1.65790000e+04,-158.500000
16580,1.65800000e+04,-157.250000
16581,1.65810000e+04,-157.250000
16582,1.65820000e+04,-156.041667
16583,1.65830000e+04,-156.041667
16584,1.65840000e+04,-154.708333
16585,1.65850000e+04,-154.708333
16586,1.65860000e+04,-153.500000
16587,1.65870000e+04,-153.500000
16588,1.65880000e+04,-152.083333
16589,1.65890000e+04,-152.083333
16590,1.65900000e+04,-150.708333
16591,1.65910000e+04,-150.708333
16592,1.65920000e+04,-149.333333
16593,1.65930000e+04,-149.333333
16594,1.65940000e+04,-148.000000
16595,1.65950000e+04,-148.000000
16596,1.65960000e+04,-146.416667
16597,1.65970000e+04,-146.416667
16598,1.65980000e+04,-145.041667
16599,1.65990000e+04,-145.041667
16600,1.66000000e+04,-143.416667
16601,1.66010000e+04,-143.416667
16602,1.66020000e+04,-141.916667
16603,1.66030000e+04,-141.916667
16604,1.66040000e+04,-140.458333
16605,1.66050000e+04,-140.458333
16606,1.66060000e+04,-138.875000
16607,1.66070000e+04,-138.875000
16608,1.66080000e+04,-137.125000
16609,1.66090000e+04,-137.125000
16610,1.66100000e+04,-135.666667
16611,1.66110000e+04,-135.666667
16612,1.66120000e+04,-134.000000
16613,1.66130000e+04,-134.000000
16614,1.66140000e+04,-132.500000
16615,1.66150000e+04,-132.500000
16616,1.66160000e+04,-130.625000
16617,1.66170000e+04,-130.625000
16618,1.66180000e+04,-129.000000
16619,1.66190000e+04,-129.000000
16620,1.66200000e+04,-127.208333
16621,1.66210000e+04,-127.208333
16622,1.66220000e+04,-125.291667
16623,1.66230000e+04,-125.291667
16624,1.66240000e+04,-123.541667
16625,1.66250000e+04,-123.541667
16626,1.66260000e+04,-121.875000
16627,1.66270000e+04,-121.875000
16628,1.66280000e+04,-120.000000
16629,1.66290000e+04,-120.000000
16630,1.66300000e+04,-118.250000
16631,1.66310000e+04,-118.250000
16632,1.66320000e+04,-116.541667
16633,1.66330000e+04,-116.541667
16634,1.66340000e+04,-114.708333
16635,1.66350000e+04,-114.708333
16636,1.66360000e+04,-112.916667
16637,1.66370000e+04,-112.916667
16638,1.66380000e+04,-110.958333
16639,1.66390000e+04,-110.958333
16640,1.66400000e+04,-109.208333
16641,1.66410000e+04,-109.208333
16642,1.66420000e+04,-107.416667
16643,1.66430000e+04,-107.416667
16644,1.66440000e+04,-105.708333
16645,1.66450000e+04,-105.708333
16646,1.66460000e+04,-103.833333
16647,1.66470000e+04,-103.833333
16648,1.66480000e+04,-102.000000
16649,1.66490000e+04,-102.000000
16650,1.66500000e+04,-100.375000
16651,1.66510000e+04,-100.375000
16652,1.66520000e+04,-98.333333
16653,1.66530000e+04,-98.333333
16654,1.66540000e+04,-96.541667
16655,1.66550000e+04,-96.541667
16656,1.66560000e+04,-94.708333
16657,1.66570000e+04,-94.708333
16658,1.66580000e+04,-92.833333
16659,1.66590000e+04,-92.833333
16660,1.66600000e+04,-91.250000
16661,1.66610000e+04,-91.250000
16662,1.66620000e+04,-89.375000
16663,1.66630000e+04,-89.375000
16664,1.66640000e+04,-87.541667
16665,1.66650000e+04,-87.541667
16666,1.66660000e+04,-85.916667
16667,1.66670000e+04,-85.916667
16668,1.66680000e+04,-83.958333
16669,1.66690000e+04,-83.958333
16670,1.66700000e+04,-82.208333
16671,1.66710000e+04,-82.208333
16672,1.66720000e+04,-80.583333
16673,1.66730000e+04,-80.583333
16674,1.66740000e+04,-78.833333
16675,1.66750000e+04,-78.833333
16676,1.66760000e+04,-77.041667
16677,1.66770000e+04,-77.041667
16678,1.66780000e+04,-75.375000
16679,1.66790000e+04,-75.375000
16680,1.66800000e+04,-73.625000
16681,1.66810000e+04,-73.625000
16682,1.66820000e+04,-71.791667
16683,1.66830000e+04,-71.791667
16684,1.66840000e+04,-70.208333
16685,1.66850000e+04,-70.208333
16686,1.66860000e+04,-68.416667
16687,1.66870000e+04,-68.416667
16688,1.66880000e+04,-66.625000
16689,1.66890000e+04,-66.625000
16690,1.66900000e+04,-64.916667
16691,1.66910000e+04,-64.916667
16692,1.66920000e+04,-63.208333
16693,1.66930000e+04,-63.208333
16694,1.66940000e+04,-61.375000
16695,1.66950000e+04,-61.375000
16696,1.66960000e+04,-59.583333
16697,1.66970000e+04,-59.583333
16698,1.66980000e+04,-58.000000
16699,1.66990000e+04,-58.000000
16700,1.67000000e+04,-56.125000
16701,1.67010000e+04,-56.125000
16702,1.67020000e+04,-54.375000
16703,1.67030000e+04,-54.375000
16704,1.67040000e+04,-52.541667
16705,1.67050000e+04,-52.541667
16706,1.67060000e+04,-50.875000
16707,1.67070000e+04,-50.875000
16708,1.67080000e+04,-48.916667
16709,1.67090000e+04,-48.916667
16710,1.67100000e+04,-47.291667
16711,1.67110000e+04,-47.291667
16712,1.67120000e+04,-45.333333
16713,1.67130000e+04,-45.333333
16714,1.67140000e+04,-43.333333
16715,1.67150000e+04,-43.333333
16716,1.67160000e+04,-41.500000
16717,1.67170000e+04,-41.500000
16718,1.67180000e+04,-39.666667
16719,1.67190000e+04,-39.666667
16720,1.67200000e+04,-37.625000
16721,1.67210000e+04,-37.625000
16722,1.67220000e+04,-35.833333
16723,1.67230000e+04,-35.833333
16724,1.67240000e+04,-33.916667
16725,1.67250000e+04,-33.916667
16726,1.67260000e+04,-31.958333
16727,1.67270000e+04,-31.958333
16728,1.67280000e+04,-29.750000
16729,1.67290000e+04,-29.750000
16730,1.67300000e+04,-27.833333
16731,1.67310000e+04,-27.833333
16732,1.67320000e+04,-25.750000
16733,1.67330000e+04,-25.750000
16734,1.67340000e+04,-23.875000
16735,1.67350000e+04,-23.875000
16736,1.67360000e+04,-21.708333
16737,1.67370000e+04,-21.708333
16738,1.67380000e+04,-19.666667
16739,1.67390000e+04,-19.666667
16740,1.67400000e+04,-17.708333
16741,1.67410000e+04,-17.708333
16742,1.67420000e+04,-15.625000
16743,1.67430000e+04,-15.625000
16744,1.67440000e+04,-13.500000
16745,1.67450000e+04,-13.500000
16746,1.67460000e+04,-11.500000
16747,1.67470000e+04,-11.500000
16748,1.67480000e+04,-9.291667
16749,1.67490000e+04,-9.291667
16750,1.67500000e+04,-7.208333
16751,1.67510000e+04,-7.208333
16752,1.67520000e+04,-5.166667
16753,1.67530000e+04,-5.166667
16754,1.67540000e+04,-2.958333
16755,1.67550000e+04,-2.958333
16756,1.67560000e+04,-0.791667
16757,1.67570000e+04,-0.791667
16758,1.67580000e+04,1.208333
16759,1.67590000e+04,1.208333
16760,1.67600000e+04,3.458333
16761,1.67610000e+04,3.458333
16762,1.67620000e+04,5.375000
16763,1.67630000e+04,5.375000
16764,1.67640000e+04,7.708333
16765,1.67650000e+04,7.708333
16766,1.67660000e+04,9.791667
16767,1.67670000e+04,9.791667
16768,1.67680000e+04,11.958333
16769,1.67690000e+04,11.958333
16770,1.67700000e+04,13.958333
16771,1.67710000e+04,13.958333
16772,1.67720000e+04,16.166667
16773,1.67730000e+04,16.166667
16774,1.67740000e+04,18.166667
16775,1.67750000e+04,18.166667
16776,1.67760000e+04,20.333333
16777,1.67770000e+04,20.333333
16778,1.67780000e+04,22.458333
16779,1.67790000e+04,22.458333
16780,1.67800000e+04,24.416667
16781,1.67810000e+04,24.416667
16782,1.67820000e+04,26.458333
16783,1.67830000e+04,26.458333
16784,1.67840000e+04,28.750000
16785,1.67850000e+04,28.750000
16786,1.67860000e+04,30.625000
16787,1.67870000e+04,30.625000
16788,1.67880000e+04,32.500000
16789,1.67890000e+04,32.500000
16790,1.67900000e+04,34.625000
16791,1.67910000e+04,34.625000
16792,1.67920000e+04,36.500000
16793,1.67930000e+04,36.500000
16794,1.67940000e+04,38.583333
16795,1.67950000e+04,38.583333
16796,1.67960000e+04,40.458333
16797,1.67970000e+04,40.458333
16798,1.67980000e+04,42.583333
16799,1.67990000e+04,42.583333
16800,1.68000000e+04,44.458333
16801,1.68010000e+04,44.458333
16802,1.68020000e+04,46.291667
16803,1.68030000e+04,46.291667
16804,1.68040000e+04,48.125000
16805,1.68050000e+04,48.125000
16806,1.68060000e+04,50.000000
16807,1.68070000e+04,50.000000
16808,1.68080000e+04,51.708333
16809,1.68090000e+04,51.708333
16810,1.68100000e+04,53.666667
16811,1.68110000e+04,53.666667
16812,1.68120000e+04,55.500000
16813,1.68130000e+04,55.500000
16814,1.68140000e+04,57.291667
16815,1.68150000e+04,57.291667
16816,1.68160000e+04,58.916667
16817,1.68170000e+04,58.916667
16818,1.68180000e+04,60.625000
16819,1.68190000e+04,60.625000
16820,1.68200000e+04,62.541667
16821,1.68210000e+04,62.541667
16822,1.68220000e+04,64.250000
16823,1.68230000e+04,64.250000
16824,1.68240000e+04,66.083333
16825,1.68250000e+04,66.083333
16826,1.68260000e+04,67.625000
16827,1.68270000e+04,67.625000
16828,1.68280000e+04,69.500000
16829,1.68290000e+04,69.500000
16830,1.68300000e+04,71.208333
16831,1.68310000e+04,71.208333
16832,1.68320000e+04,72.958333
16833,1.68330000e+04,72.958333
16834,1.68340000e+04,74.666667
16835,1.68350000e+04,74.666667
16836,1.68360000e+04,76.416667
16837,1.68370000e+04,76.416667
16838,1.68380000e+04,78.208333
16839,1.68390000e+04,78.208333
16840,1.68400000e+04,79.750000
16841,1.68410000e+04,79.750000
16842,1.68420000e+04,81.666667
16843,1.68430000e+04,81.666667
16844,1.68440000e+04,83.291667
16845,1.68450000e+04,83.291667
16846,1.68460000e+04,85.083333
16847,1.68470000e+04,85.083333
16848,1.68480000e+04,86.875000
16849,1.68490000e+04,86.875000
16850,1.68500000e+04,88.708333
16851,1.68510000e+04,88.708333
16852,1.68520000e+04,90.375000
16853,1.68530000e+04,90.375000
16854,1.68540000e+04,92.041667
16855,1.68550000e+04,92.041667
16856,1.68560000e+04,93.875000
16857,1.68570000e+04,93.875000
16858,1.68580000e+04,95.625000
16859,1.68590000e+04,95.625000
16860,1.68600000e+04,97.125000
16861,1.68610000e+04,97.125000
16862,1.68620000e+04,99.250000
16863,1.68630000e+04,99.250000
16864,1.68640000e+04,100.875000
16865,1.68650000e+04,100.875000
16866,1.68660000e+04,102.625000
16867,1.68670000e+04,102.625000
16868,1.68680000e+04,104.583333
16869,1.68690000e+04,104.583333
16870,1.68700000e+04,106.166667
16871,1.68710000e+04,106.166667
16872,1.68720000e+04,108.083333
16873,1.68730000e+04,108.083333
16874,1.68740000e+04,109.833333
16875,1.68750000e+04,109.833333
16876,1.68760000e+04,111.583333
16877,1.68770000e+04,111.583333
16878,1.68780000e+04,113.500000
16879,1.68790000e+04,113.500000
16880,1.68800000e+04,115.083333
16881,1.68810000e+04,115.083333
16882,1.68820000e+04,116.916667
16883,1.68830000e+04,116.916667
16884,1.68840000e+04,118.625000
16885,1.68850000e+04,118.625000
16886,1.68860000e+04,120.500000
16887,1.68870000e+04,120.500000
16888,1.68880000e+04,122.166667
16889,1.68890000e+04,122.166667
16890,1.68900000e+04,123.833333
16891,1.68910000e+04,123.833333
16892,1.68920000e+04,125.708333
16893,1.68930000e+04,125.708333
16894,1.68940000e+04,127.333333
16895,1.68950000e+04,127.333333
16896,1.68960000e+04,129.083333
16897,1.68970000e+04,129.083333
16898,1.68980000e+04,130.791667
16899,1.68990000e+04,130.791667
16900,1.69000000e+04,132.666667
16901,1.69010000e+04,132.666667
16902,1.69020000e+04,134.166667
16903,1.69030000e+04,134.166667
16904,1.69040000e+04,135.750000
16905,1.69050000e+04,135.750000
16906,1.69060000e+04,137.583333
16907,1.69070000e+04,137.583333
16908,1.69080000e+04,138.916667
16909,1.69090000e+04,138.916667
16910,1.69100000e+04,140.750000
16911,1.69110000e+04,140.750000
16912,1.69120000e+04,142.166667
16913,1.69130000e+04,142.166667
16914,1.69140000e+04,143.791667
16915,1.69150000e+04,143.791667
16916,1.69160000e+04,145.333333
16917,1.69170000e+04,145.333333
16918,1.69180000e+04,146.791667
16919,1.69190000e+04,146.791667
16920,1.69200000e+04,148.416667
16921,1.69210000e+04,148.416667
16922,1.69220000e+04,149.708333
16923,1.69230000e+04,149.708333
16924,1.69240000e+04,151.041667
16925,1.69250000e+04,151.041667
16926,1.69260000e+04,152.375000
16927,1.69270000e+04,152.375000
16928,1.69280000e+04,153.791667
16929,1.69290000e+04,153.791667
16930,1.69300000e+04,155.041667
16931,1.69310000e+04,155.041667
16932,1.69320000e+04,156.458333
16933,1.69330000e+04,156.458333
16934,1.69340000e+04,157.875000
16935,1.69350000e+04,157.875000
16936,1.69360000e+04,158.958333
16937,1.69370000e+04,158.958333
16938,1.69380000e+04,160.166667
16939,1.69390000e+04,160.166667
16940,1.69400000e+04,161.541667
16941,1.69410000e+04,161.541667
16942,1.69420000e+04,162.666667
16943,1.69430000e+04,162.666667
16944,1.69440000e+04,163.708333
16945,1.69450000e+04,163.708333
16946,1.69460000e+04,164.875000
16947,1.69470000e+04,164.875000
16948,1.69480000e+04,166.208333
16949,1.69490000e+04,166.208333
16950,1.69500000e+04,167.083333
16951,1.69510000e+04,167.083333
16952,1.69520000e+04,168.208333
16953,1.69530000e+04,168.208333
16954,1.69540000e+04,169.166667
16955,1.69550000e+04,169.166667
16956,1.69560000e+04,170.416667
16957,1.69570000e+04,170.416667
16958,1.69580000e+04,171.458333
16959,1.69590000e+04,171.458333
16960,1.69600000e+04,172.500000
16961,1.69610000e+04,172.500000
16962,1.69620000e+04,173.583333
16963,1.69630000e+04,173.583333
16964,1.69640000e+04,174.458333
16965,1.69650000e+04,174.458333
16966,1.69660000e+04,175.541667
16967,1.69670000e+04,175.541667
16968,1.69680000e+04,176.541667
16969,1.69690000e+04,176.541667
16970,1.69700000e+04,177.500000
16971,1.69710000e+04,177.500000
16972,1.69720000e+04,178.541667
16973,1.69730000e+04,178.541667
16974,1.69740000e+04,179.500000
16975,1.69750000e+04,179.500000
16976,1.69760000e+04,180.500000
16977,1.69770000e+04,180.500000
16978,1.69780000e+04,181.166667
16979,1.69790000e+04,181.166667
16980,1.69800000e+04,182.500000
16981,1.69810000e+04,182.500000
16982,1.69820000e+04,183.458333
16983,1.69830000e+04,183.458333
16984,1.69840000e+04,184.333333
16985,1.69850000e+04,184.333333
16986,1.69860000e+04,185.458333
16987,1.69870000e+04,185.458333
16988,1.69880000e+04,186.333333
16989,1.69890000e+04,186.333333
16990,1.69900000e+04,187.416667
16991,1.69910000e+04,187.416667
16992,1.69920000e+04,188.458333
16993,1.69930000e+04,188.458333
16994,1.69940000e+04,189.291667
16995,1.69950000e+04,189.291667
16996,1.69960000e+04,190.416667
16997,1.69970000e+04,190.416667
16998,1.69980000e+04,191.416667
16999,1.69990000e+04,191.416667
17000,1.70000000e+04,192.375000
17001,1.70010000e+04,192.375000
17002,1.70020000e+04,193.416667
17003,1.70030000e+04,193.416667
17004,1.70040000e+04,194.541667
17005,1.70050000e+04,194.541667
17006,1.70060000e+04,195.541667
17007,1.70070000e+04,195.541667
17008,1.70080000e+04,196.458333
17009,1.70090000e+04,196.458333
17010,1.70100000e+04,197.666667
17011,1.70110000e+04,197.666667
17012,1.70120000e+04,198.666667
17013,1.70130000e+04,198.666667
17014,1.70140000e+04,199.625000
17015,1.70150000e+04,199.625000
17016,1.70160000e+04,200.708333
17017,1.70170000e+04,200.708333
17018,1.70180000e+04,201.916667
17019,1.70190000e+04,201.916667
17020,1.70200000e+04,202.791667
17021,1.70210000e+04,202.791667
17022,1.70220000e+04,204.083333
17023,1.70230000e+04,204.083333
17024,1.70240000e+04,205.125000
17025,1.70250000e+04,205.125000
17026,1.70260000e+04,206.125000
17027,1.70270000e+04,206.125000
17028,1.70280000e+04,207.083333
17029,1.70290000e+04,207.083333
17030,1.70300000e+04,208.166667
17031,1.70310000e+04,208.166667
17032,1.70320000e+04,209.250000
17033,1.70330000e+04,209.250000
17034,1.70340000e+04,210.166667
17035,1.70350000e+04,210.166667
17036,1.70360000e+04,211.416667
17037,1.70370000e+04,211.416667
17038,1.70380000e+04,212.416667
17039,1.70390000e+04,212.416667
17040,1.70400000e+04,213.291667
17041,1.70410000e+04,213.291667
17042,1.70420000e+04,214.250000
17043,1.70430000e+04,214.250000
17044,1.70440000e+04,215.208333
17045,1.70450000e+04,215.208333
17046,1.70460000e+04,216.208333
17047,1.70470000e+04,216.208333
17048,1.70480000e+04,217.291667
17049,1.70490000e+04,217.291667
17050,1.70500000e+04,218.125000
17051,1.70510000e+04,218.125000
17052,1.70520000e+04,218.833333
17053,1.70530000e+04,218.833333
17054,1.70540000e+04,219.791667
17055,1.70550000e+04,219.791667
17056,1.70560000e+04,220.500000
17057,1.70570000e+04,220.500000
17058,1.70580000e+04,221.333333
17059,1.70590000e+04,221.333333
17060,1.70600000e+04,222.041667
17061,1.70610000e+04,222.041667
17062,1.70620000e+04,222.875000
17063,1.70630000e+04,222.875000
17064,1.70640000e+04,223.583333
17065,1.70650000e+04,223.583333
17066,1.70660000e+04,224.375000
17067,1.70670000e+04,224.375000
17068,1.70680000e+04,224.791667
17069,1.70690000e+04,224.791667
17070,1.70700000e+04,225.583333
17071,1.70710000e+04,225.583333
17072,1.70720000e+04,226.208333
17073,1.70730000e+04,226.208333
17074,1.70740000e+04,226.833333
17075,1.70750000e+04,226.833333
17076,1.70760000e+04,227.166667
17077,1.70770000e+04,227.166667
17078,1.70780000e+04,227.875000
17079,1.70790000e+04,227.875000
17080,1.70800000e+04,228.375000
17081,1.70810000e+04,228.375000
17082,1.70820000e+04,228.875000
17083,1.70830000e+04,228.875000
17084,1.70840000e+04,229.333333
17085,1.70850000e+04,229.333333
17086,1.70860000e+04,229.583333
17087,1.70870000e+04,229.583333
17088,1.70880000e+04,230.166667
17089,1.70890000e+04,230.166667
17090,1.70900000e+04,230.458333
17091,1.70910000e+04,230.458333
17092,1.70920000e+04,230.916667
17093,1.70930000e+04,230.916667
17094,1.70940000e+04,231.083333
17095,1.70950000e+04,231.083333
17096,1.70960000e+04,231.375000
17097,1.70970000e+04,231.375000
17098,1.70980000e+04,231.500000
17099,1.70990000e+04,231.500000
17100,1.71000000e+04,231.875000
17101,1.71010000e+04,231.875000
17102,1.71020000e+04,232.125000
17103,1.71030000e+04,232.125000
17104,1.71040000e+04,232.416667
17105,1.71050000e+04,232.416667
17106,1.71060000e+04,232.625000
17107,1.71070000e+04,232.625000
17108,1.71080000e+04,232.541667
17109,1.71090000e+04,232.541667
17110,1.71100000e+04,232.708333
17111,1.71110000e+04,232.708333
17112,1.71120000e+04,232.750000
17113,1.71130000e+04,232.750000
17114,1.71140000e+04,232.958333
17115,1.71150000e+04,232.958333
17116,1.71160000e+04,233.291667
17117,1.71170000e+04,233.291667
17118,1.71180000e+04,233.125000
17119,1.71190000e+04,233.125000
17120,1.71200000e+04,233.250000
17121,1.71210000e+04,233.250000
17122,1.71220000e+04,233.333333
17123,1.71230000e+04,233.333333
17124,1.71240000e+04,233.458333
17125,1.71250000e+04,233.458333
17126,1.71260000e+04,233.416667
17127,1.71270000e+04,233.416667
17128,1.71280000e+04,233.375000
17129,1.71290000e+04,233.375000
17130,1.71300000e+04,233.583333
17131,1.71310000e+04,233.583333
17132,1.71320000e+04,233.375000
17133,1.71330000e+04,233.375000
17134,1.71340000e+04,233.500000
17135,1.71350000e+04,233.500000
17136,1.71360000e+04,233.333333
17137,1.71370000e+04,233.333333
17138,1.71380000e+04,233.291667
17139,1.71390000e+04,233.291667
17140,1.71400000e+04,233.208333
17141,1.71410000e+04,233.208333
17142,1.71420000e+04,233.000000
17143,1.71430000e+04,233.000000
17144,1.71440000e+04,233.041667
17145,1.71450000e+04,233.041667
17146,1.71460000e+04,232.791667
17147,1.71470000e+04,232.791667
17148,1.71480000e+04,232.750000
17149,1.71490000e+04,232.750000
17150,1.71500000e+04,232.625000
17151,1.71510000e+04,232.625000
17152,1.71520000e+04,232.625000
17153,1.71530000e+04,232.625000
17154,1.71540000e+04,232.333333
17155,1.71550000e+04,232.333333
17156,1.71560000e+04,232.125000
17157,1.71570000e+04,232.125000
17158,1.71580000e+04,231.916667
17159,1.71590000e+04,231.916667
17160,1.71600000e+04,231.916667
17161,1.71610000e+04,231.916667
17162,1.71620000e+04,231.458333
17163,1.71630000e+04,231.458333
17164,1.71640000e+04,231.333333
17165,1.71650000e+04,231.333333
17166,1.71660000e+04,231.125000
17167,1.71670000e+04,231.125000
17168,1.71680000e+04,230.625000
17169,1.71690000e+04,230.625000
17170,1.71700000e+04,230.583333
17171,1.71710000e+04,230.583333
17172,1.71720000e+04,230.208333
17173,1.71730000e+04,230.208333
17174,1.71740000e+04,229.625000
17175,1.71750000e+04,229.625000
17176,1.71760000e+04,229.416667
17177,1.71770000e+04,229.416667
17178,1.71780000e+04,228.916667
17179,1.71790000e+04,228.916667
17180,1.71800000e+04,228.708333
17181,1.71810000e+04,228.708333
17182,1.71820000e+04,228.291667
17183,1.71830000e+04,228.291667
17184,1.71840000e+04,227.666667
17185,1.71850000e+04,227.666667
17186,1.71860000e+04,227.291667
17187,1.71870000e+04,227.291667
17188,1.71880000e+04,226.750000
17189,1.71890000e+04,226.750000
17190,1.71900000e+04,226.250000
17191,1.71910000e+04,226.250000
17192,1.71920000e+04,225.625000
17193,1.71930000e+04,225.625000
17194,1.71940000e+04,225.125000
17195,1.71950000e+04,225.125000
17196,1.71960000e+04,224.458333
17197,1.71970000e+04,224.458333
17198,1.71980000e+04,223.708333
17199,1.71990000e+04,223.708333
17200,1.72000000e+04,223.166667
17201,1.72010000e+04,223.166667
17202,1.72020000e+04,222.458333
17203,1.72030000e+04,222.458333
17204,1.72040000e+04,221.625000
17205,1.72050000e+04,221.625000
17206,1.72060000e+04,220.916667
17207,1.72070000e+04,220.916667
17208,1.72080000e+04,220.166667
17209,1.72090000e+04,220.166667
17210,1.72100000e+04,219.333333
17211,1.72110000e+04,219.333333
17212,1.72120000e+04,218.583333
17213,1.72130000e+04,218.583333
17214,1.72140000e+04,217.750000
17215,1.72150000e+04,217.750000
17216,1.72160000e+04,216.708333
17217,1.72170000e+04,216.708333
17218,1.72180000e+04,216.041667
17219,1.72190000e+04,216.041667
17220,1.72200000e+04,214.875000
17221,1.72210000e+04,214.875000
17222,1.72220000e+04,213.958333
17223,1.72230000e+04,213.958333
17224,1.72240000e+04,213.041667
17225,1.72250000e+04,213.041667
17226,1.72260000e+04,212.083333
17227,1.72270000e+04,212.083333
17228,1.72280000e+04,210.833333
17229,1.72290000e+04,210.833333
17230,1.72300000e+04,210.083333
17231,1.72310000e+04,210.083333
17232,1.72320000e+04,208.916667
17233,1.72330000e+04,208.916667
17234,1.72340000e+04,207.916667
17235,1.72350000e+04,207.916667
17236,1.72360000e+04,206.875000
17237,1.72370000e+04,206.875000
17238,1.72380000e+04,205.708333
17239,1.72390000e+04,205.708333
17240,1.72400000e+04,204.708333
17241,1.72410000e+04,204.708333
17242,1.72420000e+04,203.583333
17243,1.72430000e+04,203.583333
17244,1.72440000e+04,202.416667
17245,1.72450000e+04,202.416667
17246,1.72460000e+04,201.333333
17247,1.72470000e+04,201.333333
17248,1.72480000e+04,200.375000
17249,1.72490000e+04,200.375000
17250,1.72500000e+04,199.208333
17251,1.72510000e+04,199.208333
17252,1.72520000e+04,198.125000
17253,1.72530000e+04,198.125000
17254,1.72540000e+04,197.083333
17255,1.72550000e+04,197.083333
17256,1.72560000e+04,195.916667
17257,1.72570000e+04,195.916667
17258,1.72580000e+04,194.833333
17259,1.72590000e+04,194.833333
17260,1.72600000e+04,193.708333
17261,1.72610000e+04,193.708333
17262,1.72620000e+04,192.666667
17263,1.72630000e+04,192.666667
17264,1.72640000e+04,191.541667
17265,1.72650000e+04,191.541667
17266,1.72660000e+04,190.541667
17267,1.72670000e+04,190.541667
17268,1.72680000e+04,189.583333
17269,1.72690000e+04,189.583333
17270,1.72700000e+04,188.291667
17271,1.72710000e+04,188.291667
17272,1.72720000e+04,187.416667
17273,1.72730000e+04,187.416667
17274,1.72740000e+04,186.375000
17275,1.72750000e+04,186.375000
17276,1.72760000e+04,185.291667
17277,1.72770000e+04,185.291667
17278,1.72780000e+04,184.208333
17279,1.72790000e+04,184.208333
17280,1.72800000e+04,183.208333
17281,1.72810000e+04,183.208333
17282,1.72820000e+04,182.250000
17283,1.72830000e+04,182.250000
17284,1.72840000e+04,181.125000
17285,1.72850000e+04,181.125000
17286,1.72860000e+04,180.250000
17287,1.72870000e+04,180.250000
17288,1.72880000e+04,179.125000
17289,1.72890000e+04,179.125000
17290,1.72900000e+04,178.166667
17291,1.72910000e+04,178.166667
17292,1.72920000e+04,177.375000
17293,1.72930000e+04,177.375000
17294,1.72940000e+04,176.333333
17295,1.72950000e+04,176.333333
17296,1.72960000e+04,175.166667
17297,1.72970000e+04,175.166667
17298,1.72980000e+04,174.083333
17299,1.72990000e+04,174.083333
17300,1.73000000e+04,173.125000
17301,1.73010000e+04,173.125000
17302,1.73020000e+04,172.291667
17303,1.73030000e+04,172.291667
17304,1.73040000e+04,171.166667
17305,1.73050000e+04,171.166667
17306,1.73060000e+04,170.166667
17307,1.73070000e+04,170.166667
17308,1.73080000e+04,169.041667
17309,1.73090000e+04,169.041667
17310,1.73100000e+04,168.000000
17311,1.73110000e+04,168.000000
17312,1.73120000e+04,166.916667
17313,1.73130000e+04,166.916667
17314,1.73140000e+04,165.916667
17315,1.73150000e+04,165.916667
17316,1.73160000e+04,164.791667
17317,1.73170000e+04,164.791667
17318,1.73180000e+04,163.833333
17319,1.73190000e+04,163.833333
17320,1.73200000e+04,162.541667
17321,1.73210000e+04,162.541667
17322,1.73220000e+04,161.375000
17323,1.73230000e+04,161.375000
17324,1.73240000e+04,160.125000
17325,1.73250000e+04,160.125000
17326,1.73260000e+04,159.041667
17327,1.73270000e+04,159.041667
17328,1.73280000e+04,157.916667
17329,1.73290000e+04,157.916667
17330,1.73300000e+04,156.583333
17331,1.73310000e+04,156.583333
17332,1.73320000e+04,155.375000
17333,1.73330000e+04,155.375000
17334,1.73340000e+04,153.958333
17335,1.73350000e+04,153.958333
17336,1.73360000e+04,152.750000
17337,1.73370000e+04,152.750000
17338,1.73380000e+04,151.166667
17339,1.73390000e+04,151.166667
17340,1.73400000e+04,150.083333
17341,1.73410000e+04,150.083333
17342,1.73420000e+04,148.500000
17343,1.73430000e+04,148.500000
17344,1.73440000e+04,147.166667
17345,1.73450000e+04,147.166667
17346,1.73460000e+04,145.708333
17347,1.73470000e+04,145.708333
17348,1.73480000e+04,144.166667
17349,1.73490000e+04,144.166667
17350,1.73500000e+04,142.666667
17351,1.73510000e+04,142.666667
17352,1.73520000e+04,141.083333
17353,1.73530000e+04,141.083333
17354,1.73540000e+04,139.666667
17355,1.73550000e+04,139.666667
17356,1.73560000e+04,137.916667
17357,1.73570000e+04,137.916667
17358,1.73580000e+04,136.375000
17359,1.73590000e+04,136.375000
17360,1.73600000e+04,134.791667
17361,1.73610000e+04,134.791667
17362,1.73620000e+04,133.166667
17363,1.73630000e+04,133.166667
17364,1.73640000e+04,131.583333
17365,1.73650000e+04,131.583333
17366,1.73660000e+04,129.875000
17367,1.73670000e+04,129.875000
17368,1.73680000e+04,127.875000
17369,1.73690000e+04,127.875000
17370,1.73700000e+04,126.291667
17371,1.73710000e+04,126.291667
17372,1.73720000e+04,124.541667
17373,1.73730000e+04,124.541667
17374,1.73740000e+04,122.625000
17375,1.73750000e+04,122.625000
17376,1.73760000e+04,120.916667
17377,1.73770000e+04,120.916667
17378,1.73780000e+04,119.125000
17379,1.73790000e+04,119.125000
17380,1.73800000e+04,117.416667
17381,1.73810000e+04,117.416667
17382,1.73820000e+04,115.625000
17383,1.73830000e+04,115.625000
17384,1.73840000e+04,113.791667
17385,1.73850000e+04,113.791667
17386,1.73860000e+04,111.958333
17387,1.73870000e+04,111.958333
17388,1.73880000e+04,110.041667
17389,1.73890000e+04,110.041667
17390,1.73900000e+04,108.458333
17391,1.73910000e+04,108.458333
17392,1.73920000e+04,106.375000
17393,1.73930000e+04,106.375000
17394,1.73940000e+04,104.708333
17395,1.73950000e+04,104.708333
17396,1.73960000e+04,102.958333
17397,1.73970000e+04,102.958333
17398,1.73980000e+04,101.041667
17399,1.73990000e+04,101.041667
17400,1.74000000e+04,99.416667
17401,1.74010000e+04,99.416667
17402,1.74020000e+04,97.333333
17403,1.74030000e+04,97.333333
17404,1.74040000e+04,95.583333
17405,1.74050000e+04,95.583333
17406,1.74060000e+04,93.875000
17407,1.74070000e+04,93.875000
17408,1.74080000e+04,92.000000
17409,1.74090000e+04,92.000000
17410,1.74100000e+04,90.291667
17411,1.74110000e+04,90.291667
17412,1.74120000e+04,88.500000
17413,1.74130000e+04,88.500000
17414,1.74140000e+04,86.583333
17415,1.74150000e+04,86.583333
17416,1.74160000e+04,85.041667
17417,1.74170000e+04,85.041667
17418,1.74180000e+04,83.125000
17419,1.74190000e+04,83.125000
17420,1.74200000e+04,81.375000
17421,1.74210000e+04,81.375000
17422,1.74220000e+04,79.708333
17423,1.74230000e+04,79.708333
17424,1.74240000e+04,77.750000
17425,1.74250000e+04,77.750000
17426,1.74260000e+04,76.250000
17427,1.74270000e+04,76.250000
17428,1.74280000e+04,74.541667
17429,1.74290000e+04,74.541667
17430,1.74300000e+04,72.708333
17431,1.74310000e+04,72.708333
17432,1.74320000e+04,71.000000
17433,1.74330000e+04,71.000000
17434,1.74340000e+04,69.250000
17435,1.74350000e+04,69.250000
17436,1.74360000e+04,67.500000
17437,1.74370000e+04,67.500000
17438,1.74380000e+04,65.791667
17439,1.74390000e+04,65.791667
17440,1.74400000e+04,64.041667
17441,1.74410000e+04,64.041667
17442,1.74420000e+04,62.291667
17443,1.74430000e+04,62.291667
17444,1.74440000e+04,60.458333
17445,1.74450000e+04,60.458333
17446,1.74460000e+04,58.791667
17447,1.74470000e+04,58.791667
17448,1.74480000e+04,56.875000
17449,1.74490000e+04,56.875000
17450,1.74500000e+04,55.333333
17451,1.74510000e+04,55.333333
17452,1.74520000e+04,53.333333
17453,1.74530000e+04,53.333333
17454,1.74540000e+04,51.583333
17455,1.74550000e+04,51.583333
17456,1.74560000e+04,49.958333
17457,1.74570000e+04,49.958333
17458,1.74580000e+04,47.875000
17459,1.74590000e+04,47.875000
17460,1.74600000e+04,46.125000
17461,1.74610000e+04,46.125000
17462,1.74620000e+04,44.375000
17463,1.74630000e+04,44.375000
17464,1.74640000e+04,42.458333
17465,1.74650000e+04,42.458333
17466,1.74660000e+04,40.541667
17467,1.74670000e+04,40.541667
17468,1.74680000e+04,38.416667
17469,1.74690000e+04,38.416667
17470,1.74700000e+04,36.750000
17471,1.74710000e+04,36.750000
17472,1.74720000e+04,34.833333
17473,1.74730000e+04,34.833333
17474,1.74740000e+04,32.833333
17475,1.74750000e+04,32.833333
17476,1.74760000e+04,30.833333
17477,1.74770000e+04,30.833333
17478,1.74780000e+04,28.791667
17479,1.74790000e+04,28.791667
17480,1.74800000e+04,26.958333
17481,1.74810000e+04,26.958333
17482,1.74820000e+04,24.833333
17483,1.74830000e+04,24.833333
17484,1.74840000e+04,22.875000
17485,1.74850000e+04,22.875000
17486,1.74860000e+04,20.541667
17487,1.74870000e+04,20.541667
17488,1.74880000e+04,18.666667
17489,1.74890000e+04,18.666667
17490,1.74900000e+04,16.666667
17491,1.74910000e+04,16.666667
17492,1.74920000e+04,14.583333
17493,1.74930000e+04,14.583333
17494,1.74940000e+04,12.333333
17495,1.74950000e+04,12.333333
17496,1.74960000e+04,10.375000
17497,1.74970000e+04,10.375000
17498,1.74980000e+04,8.208333
17499,1.74990000e+04,8.208333
17500,1.75000000e+04,6.166667
17501,1.75010000e+04,6.166667
17502,1.75020000e+04,4.041667
17503,1.75030000e+04,4.041667
17504,1.75040000e+04,1.916667
17505,1.75050000e+04,1.916667
17506,1.75060000e+04,-0.291667
17507,1.75070000e+04,-0.291667
17508,1.75080000e+04,-2.375000
17509,1.75090000e+04,-2.375000
17510,1.75100000e+04,-4.583333
17511,1.75110000e+04,-4.583333
17512,1.75120000e+04,-6.708333
17513,1.75130000e+04,-6.708333
17514,1.75140000e+04,-8.916667
17515,1.75150000e+04,-8.916667
17516,1.75160000e+04,-10.958333
17517,1.75170000e+04,-10.958333
17518,1.75180000e+04,-13.041667
17519,1.75190000e+04,-13.041667
17520,1.75200000e+04,-15.083333
17521,1.75210000e+04,-15.083333
17522,1.75220000e+04,-17.291667
17523,1.75230000e+04,-17.291667
17524,1.75240000e+04,-19.291667
17525,1.75250000e+04,-19.291667
17526,1.75260000e+04,-21.416667
17527,1.75270000e+04,-21.416667
17528,1.75280000e+04,-23.291667
17529,1.75290000e+04,-23.291667
17530,1.75300000e+04,-25.458333
17531,1.75310000e+04,-25.458333
17532,1.75320000e+04,-27.583333
17533,1.75330000e+04,-27.583333
17534,1.75340000e+04,-29.708333
17535,1.75350000e+04,-29.708333
17536,1.75360000e+04,-31.625000
17537,1.75370000e+04,-31.625000
17538,1.75380000e+04,-33.583333
17539,1.75390000e+04,-33.583333
17540,1.75400000e+04,-35.583333
17541,1.75410000e+04,-35.583333
17542,1.75420000e+04,-37.541667
17543,1.75430000e+04,-37.541667
17544,1.75440000e+04,-39.583333
17545,1.75450000e+04,-39.583333
17546,1.75460000e+04,-41.416667
17547,1.75470000e+04,-41.416667
17548,1.75480000e+04,-43.500000
17549,1.75490000e+04,-43.500000
17550,1.75500000e+04,-45.125000
17551,1.75510000e+04,-45.125000
17552,1.75520000e+04,-47.291667
17553,1.75530000e+04,-47.291667
17554,1.75540000e+04,-49.041667
17555,1.75550000e+04,-49.041667
17556,1.75560000e+04,-50.791667
17557,1.75570000e+04,-50.791667
17558,1.75580000e+04,-52.666667
17559,1.75590000e+04,-52.666667
17560,1.75600000e+04,-54.541667
17561,1.75610000e+04,-54.541667
17562,1.75620000e+04,-56.375000
17563,1.75630000e+04,-56.375000
17564,1.75640000e+04,-58.083333
17565,1.75650000e+04,-58.083333
17566,1.75660000e+04,-59.833333
17567,1.75670000e+04,-59.833333
17568,1.75680000e+04,-61.666667
17569,1.75690000e+04,-61.666667
17570,1.75700000e+04,-63.333333
17571,1.75710000e+04,-63.333333
17572,1.75720000e+04,-65.041667
17573,1.75730000e+04,-65.041667
17574,1.75740000e+04,-66.916667
17575,1.75750000e+04,-66.916667
17576,1.75760000e+04,-68.666667
17577,1.75770000e+04,-68.666667
17578,1.75780000e+04,-70.333333
17579,1.75790000e+04,-70.333333
17580,1.75800000e+04,-72.250000
17581,1.75810000e+04,-72.250000
17582,1.75820000e+04,-73.750000
17583,1.75830000e+04,-73.750000
17584,1.75840000e+04,-75.583333
17585,1.75850000e+04,-75.583333
17586,1.75860000e+04,-77.166667
17587,1.75870000e+04,-77.166667
17588,1.75880000e+04,-79.000000
17589,1.75890000e+04,-79.000000
17590,1.75900000e+04,-80.666667
17591,1.75910000e+04,-80.666667
17592,1.75920000e+04,-82.625000
17593,1.75930000e+04,-82.625000
17594,1.75940000e+04,-84.250000
17595,1.75950000e+04,-84.250000
17596,1.75960000e+04,-86.083333
17597,1.75970000e+04,-86.083333
17598,1.75980000e+04,-87.708333
17599,1.75990000e+04,-87.708333
17600,1.76000000e+04,-89.458333
17601,1.76010000e+04,-89.458333
17602,1.76020000e+04,-91.166667
17603,1.76030000e+04,-91.166667
17604,1.76040000e+04,-93.041667
17605,1.76050000e+04,-93.041667
17606,1.76060000e+04,-94.833333
17607,1.76070000e+04,-94.833333
17608,1.76080000e+04,-96.583333
17609,1.76090000e+04,-96.583333
17610,1.76100000e+04,-98.333333
17611,1.76110000e+04,-98.333333
17612,1.76120000e+04,-100.083333
17613,1.76130000e+04,-100.083333
17614,1.76140000e+04,-101.750000
17615,1.76150000e+04,-101.750000
17616,1.76160000e+04,-103.666667
17617,1.76170000e+04,-103.666667
17618,1.76180000e+04,-105.416667
17619,1.76190000e+04,-105.416667
17620,1.76200000e+04,-107.250000
17621,1.76210000e+04,-107.250000
17622,1.76220000e+04,-109.083333
17623,1.76230000e+04,-109.083333
17624,1.76240000e+04,-110.791667
17625,1.76250000e+04,-110.791667
17626,1.76260000e+04,-112.416667
17627,1.76270000e+04,-112.416667
17628,1.76280000e+04,-114.333333
17629,1.76290000e+04,-114.333333
17630,1.76300000e+04,-116.083333
17631,1.76310000e+04,-116.083333
17632,1.76320000e+04,-117.791667
17633,1.76330000e+04,-117.791667
17634,1.76340000e+04,-119.666667
17635,1.76350000e+04,-119.666667
17636,1.76360000e+04,-121.458333
17637,1.76370000e+04,-121.458333
17638,1.76380000e+04,-123.250000
17639,1.76390000e+04,-123.250000
17640,1.76400000e+04,-124.875000
17641,1.76410000e+04,-124.875000
17642,1.76420000e+04,-126.750000
17643,1.76430000e+04,-126.750000
17644,1.76440000e+04,-128.458333
17645,1.76450000e+04,-128.458333
17646,1.76460000e+04,-130.041667
17647,1.76470000e+04,-130.041667
17648,1.76480000e+04,-131.625000
17649,1.76490000e+04,-131.625000
17650,1.76500000e+04,-133.541667
17651,1.76510000e+04,-133.541667
17652,1.76520000e+04,-134.958333
17653,1.76530000e+04,-134.958333
17654,1.76540000e+04,-136.750000
17655,1.76550000e+04,-136.750000
17656,1.76560000e+04,-138.333333
17657,1.76570000e+04,-138.333333
17658,1.76580000e+04,-140.000000
17659,1.76590000e+04,-140.000000
17660,1.76600000e+04,-141.416667
17661,1.76610000e+04,-141.416667
17662,1.76620000e+04,-143.125000
17663,1.76630000e+04,-143.125000
17664,1.76640000e+04,-144.500000
17665,1.76650000e+04,-144.500000
17666,1.76660000e+04,-145.958333
17667,1.76670000e+04,-145.958333
17668,1.76680000e+04,-147.583333
17669,1.76690000e+04,-147.583333
17670,1.76700000e+04,-149.125000
17671,1.76710000e+04,-149.125000
17672,1.76720000e+04,-150.500000
17673,1.76730000e+04,-150.500000
17674,1.76740000e+04,-152.083333
17675,1.76750000e+04,-152.083333
17676,1.76760000e+04,-153.166667
17677,1.76770000e+04,-153.166667
17678,1.76780000e+04,-154.500000
17679,1.76790000e+04,-154.500000
17680,1.76800000e+04,-155.750000
17681,1.76810000e+04,-155.750000
17682,1.76820000e+04,-157.125000
17683,1.76830000e+04,-157.125000
17684,1.76840000e+04,-158.416667
17685,1.76850000e+04,-158.416667
17686,1.76860000e+04,-159.666667
17687,1.76870000e+04,-159.666667
17688,1.76880000e+04,-160.666667
17689,1.76890000e+04,-160.666667
17690,1.76900000e+04,-162.125000
17691,1.76910000e+04,-162.125000
17692,1.76920000e+04,-163.250000
17693,1.76930000e+04,-163.250000
17694,1.76940000e+04,-164.500000
17695,1.76950000e+04,-164.500000
17696,1.76960000e+04,-165.625000
17697,1.76970000e+04,-165.625000
17698,1.76980000e+04,-166.791667
17699,1.76990000e+04,-166.791667
17700,1.77000000e+04,-167.708333
17701,1.77010000e+04,-167.708333
17702,1.77020000e+04,-168.750000
17703,1.77030000e+04,-168.750000
17704,1.77040000e+04,-169.750000
17705,1.77050000e+04,-169.750000
17706,1.77060000e+04,-170.875000
17707,1.77070000e+04,-170.875000
17708,1.77080000e+04,-171.833333
17709,1.77090000e+04,-171.833333
17710,1.77100000e+04,-172.958333
17711,1.77110000e+04,-172.958333
17712,1.77120000e+04,-174.083333
17713,1.77130000e+04,-174.083333
17714,1.77140000e+04,-175.125000
17715,1.77150000e+04,-175.125000
17716,1.77160000e+04,-175.833333
17717,1.77170000e+04,-175.833333
17718,1.77180000e+04,-176.958333
17719,1.77190000e+04,-176.958333
17720,1.77200000e+04,-178.083333
17721,1.77210000e+04,-178.083333
17722,1.77220000e+04,-179.041667
17723,1.77230000e+04,-179.041667
17724,1.77240000e+04,-180.041667
17725,1.77250000e+04,-180.041667
17726,1.77260000e+04,-181.000000
17727,1.77270000e+04,-181.000000
17728,1.77280000e+04,-182.041667
17729,1.77290000e+04,-182.041667
17730,1.77300000e+04,-182.958333
17731,1.77310000e+04,-182.958333
17732,1.77320000e+04,-183.875000
17733,1.77330000e+04,-183.875000
17734,1.77340000e+04,-184.916667
17735,1.77350000e+04,-184.916667
17736,1.77360000e+04,-185.875000
17737,1.77370000e+04,-185.875000
17738,1.77380000e+04,-186.750000
17739,1.77390000e+04,-186.750000
17740,1.77400000e+04,-188.041667
17741,1.77410000e+04,-188.041667
17742,1.77420000e+04,-188.875000
17743,1.77430000e+04,-188.875000
17744,1.77440000e+04,-189.916667
17745,1.77450000e+04,-189.916667
17746,1.77460000e+04,-191.000000
17747,1.77470000e+04,-191.000000
17748,1.77480000e+04,-191.916667
17749,1.77490000e+04,-191.916667
17750,1.77500000e+04,-193.000000
17751,1.77510000e+04,-193.000000
17752,1.77520000e+04,-194.041667
17753,1.77530000e+04,-194.041667
17754,1.77540000e+04,-195.083333
17755,1.77550000e+04,-195.083333
17756,1.77560000e+04,-196.083333
17757,1.77570000e+04,-196.083333
17758,1.77580000e+04,-197.250000
17759,1.77590000e+04,-197.250000
17760,1.77600000e+04,-198.333333
17761,1.77610000e+04,-198.333333
17762,1.77620000e+04,-199.125000
17763,1.77630000e+04,-199.125000
17764,1.77640000e+04,-200.291667
17765,1.77650000e+04,-200.291667
17766,1.77660000e+04,-201.208333
17767,1.77670000e+04,-201.208333
17768,1.77680000e+04,-202.291667
17769,1.77690000e+04,-202.291667
17770,1.77700000e+04,-203.541667
17771,1.77710000e+04,-203.541667
17772,1.77720000e+04,-204.625000
17773,1.77730000e+04,-204.625000
17774,1.77740000e+04,-205.541667
17775,1.77750000e+04,-205.541667
17776,1.77760000e+04,-206.750000
17777,1.77770000e+04,-206.750000
17778,1.77780000e+04,-207.791667
17779,1.77790000e+04,-207.791667
17780,1.77800000e+04,-208.916667
17781,1.77810000e+04,-208.916667
17782,1.77820000e+04,-209.875000
17783,1.77830000e+04,-209.875000
17784,1.77840000e+04,-210.750000
17785,1.77850000e+04,-210.750000
17786,1.77860000e+04,-212.000000
17787,1.77870000e+04,-212.000000
17788,1.77880000e+04,-212.875000
17789,1.77890000e+04,-212.875000
17790,1.77900000e+04,-213.958333
17791,1.77910000e+04,-213.958333
17792,1.77920000e+04,-214.791667
17793,1.77930000e+04,-214.791667
17794,1.77940000e+04,-215.791667
17795,1.77950000e+04,-215.791667
17796,1.77960000e+04,-216.708333
17797,1.77970000e+04,-216.708333
17798,1.77980000e+04,-217.708333
17799,1.77990000e+04,-217.708333
17800,1.78000000e+04,-218.583333
17801,1.78010000e+04,-218.583333
17802,1.78020000e+04,-219.375000
17803,1.78030000e+04,-219.375000
17804,1.78040000e+04,-220.250000
17805,1.78050000e+04,-220.250000
17806,1.78060000e+04,-220.708333
17807,1.78070000e+04,-220.708333
17808,1.78080000e+04,-221.750000
17809,1.78090000e+04,-221.750000
17810,1.78100000e+04,-222.500000
17811,1.78110000e+04,-222.500000
17812,1.78120000e+04,-223.000000
17813,1.78130000e+04,-223.000000
17814,1.78140000e+04,-223.916667
17815,1.78150000e+04,-223.916667
17816,1.78160000e+04,-224.625000
17817,1.78170000e+04,-224.625000
17818,1.78180000e+04,-225.291667
17819,1.78190000e+04,-225.291667
17820,1.78200000e+04,-225.875000
17821,1.78210000e+04,-225.875000
17822,1.78220000e+04,-226.500000
17823,1.78230000e+04,-226.500000
17824,1.78240000e+04,-227.041667
17825,1.78250000e+04,-227.041667
17826,1.78260000e+04,-227.416667
17827,1.78270000e+04,-227.416667
17828,1.78280000e+04,-228.000000
17829,1.78290000e+04,-228.000000
17830,1.78300000e+04,-228.666667
17831,1.78310000e+04,-228.666667
17832,1.78320000e+04,-228.833333
17833,1.78330000e+04,-228.833333
17834,1.78340000e+04,-229.375000
17835,1.78350000e+04,-229.375000
17836,1.78360000e+04,-229.666667
17837,1.78370000e+04,-229.666667
17838,1.78380000e+04,-230.250000
17839,1.78390000e+04,-230.250000
17840,1.78400000e+04,-230.541667
17841,1.78410000e+04,-230.541667
17842,1.78420000e+04,-230.750000
17843,1.78430000e+04,-230.750000
17844,1.78440000e+04,-231.083333
17845,1.78450000e+04,-231.083333
17846,1.78460000e+04,-231.458333
17847,1.78470000e+04,-231.458333
17848,1.78480000e+04,-231.791667
17849,1.78490000e+04,-231.791667
17850,1.78500000e+04,-231.916667
17851,1.78510000e+04,-231.916667
17852,1.78520000e+04,-232.208333
17853,1.78530000e+04,-232.208333
17854,1.78540000e+04,-232.416667
17855,1.78550000e+04,-232.416667
17856,1.78560000e+04,-232.333333
17857,1.78570000e+04,-232.333333
17858,1.78580000e+04,-232.708333
17859,1.78590000e+04,-232.708333
17860,1.78600000e+04,-232.875000
17861,1.78610000e+04,-232.875000
17862,1.78620000e+04,-232.958333
17863,1.78630000e+04,-232.958333
17864,1.78640000e+04,-233.041667
17865,1.78650000e+04,-233.041667
17866,1.78660000e+04,-233.125000
17867,1.78670000e+04,-233.125000
17868,1.78680000e+04,-233.208333
17869,1.78690000e+04,-233.208333
17870,1.78700000e+04,-233.166667
17871,1.78710000e+04,-233.166667
17872,1.78720000e+04,-233.291667
17873,1.78730000e+04,-233.291667
17874,1.78740000e+04,-233.208333
17875,1.78750000e+04,-233.208333
17876,1.78760000e+04,-233.250000
17877,1.78770000e+04,-233.250000
17878,1.78780000e+04,-233.291667
17879,1.78790000e+04,-233.291667
17880,1.78800000e+04,-233.291667
17881,1.78810000e+04,-233.291667
17882,1.78820000e+04,-233.375000
17883,1.78830000e+04,-233.375000
17884,1.78840000e+04,-233.250000
17885,1.78850000e+04,-233.250000
17886,1.78860000e+04,-233.250000
17887,1.78870000e+04,-233.250000
17888,1.78880000e+04,-233.125000
17889,1.78890000e+04,-233.125000
17890,1.78900000e+04,-232.958333
17891,1.78910000e+04,-232.958333
17892,1.78920000e+04,-232.916667
17893,1.78930000e+04,-232.916667
17894,1.78940000e+04,-232.916667
17895,1.78950000e+04,-232.916667
17896,1.78960000e+04,-232.541667
17897,1.78970000e+04,-232.541667
17898,1.78980000e+04,-232.500000
17899,1.78990000e+04,-232.500000
17900,1.79000000e+04,-232.458333
17901,1.79010000e+04,-232.458333
17902,1.79020000e+04,-232.375000
17903,1.79030000e+04,-232.375000
17904,1.79040000e+04,-232.125000
17905,1.79050000e+04,-232.125000
17906,1.79060000e+04,-231.916667
17907,1.79070000e+04,-231.916667
17908,1.79080000e+04,-231.791667
17909,1.79090000e+04,-231.791667
17910,1.79100000e+04,-231.625000
17911,1.79110000e+04,-231.625000
17912,1.79120000e+04,-231.291667
17913,1.79130000e+04,-231.291667
17914,1.79140000e+04,-230.916667
17915,1.79150000e+04,-230.916667
17916,1.79160000e+04,-230.791667
17917,1.79170000e+04,-230.791667
17918,1.79180000e+04,-230.500000
17919,1.79190000e+04,-230.500000
17920,1.79200000e+04,-230.166667
17921,1.79210000e+04,-230.166667
17922,1.79220000e+04,-229.833333
17923,1.79230000e+04,-229.833333
17924,1.79240000e+04,-229.500000
17925,1.79250000e+04,-229.500000
17926,1.79260000e+04,-229.000000
17927,1.79270000e+04,-229.000000
17928,1.79280000e+04,-228.541667
17929,1.79290000e+04,-228.541667
17930,1.79300000e+04,-228.250000
17931,1.79310000e+04,-228.250000
17932,1.79320000e+04,-227.916667
17933,1.79330000e+04,-227.916667
17934,1.79340000e+04,-227.375000
17935,1.79350000e+04,-227.375000
17936,1.79360000e+04,-226.916667
17937,1.79370000e+04,-226.916667
17938,1.79380000e+04,-226.208333
17939,1.79390000e+04,-226.208333
17940,1.79400000e+04,-225.875000
17941,1.79410000e+04,-225.875000
17942,1.79420000e+04,-225.250000
17943,1.79430000e+04,-225.250000
17944,1.79440000e+04,-224.583333
17945,1.79450000e+04,-224.583333
17946,1.79460000e+04,-223.833333
17947,1.79470000e+04,-223.833333
17948,1.79480000e+04,-223.166667
17949,1.79490000e+04,-223.166667
17950,1.79500000e+04,-222.625000
17951,1.79510000e+04,-222.625000
17952,1.79520000e+04,-221.833333
17953,1.79530000e+04,-221.833333
17954,1.79540000e+04,-221.125000
17955,1.79550000e+04,-221.125000
17956,1.79560000e+04,-220.416667
17957,1.79570000e+04,-220.416667
17958,1.79580000e+04,-219.583333
17959,1.79590000e+04,-219.583333
17960,1.79600000e+04,-218.750000
17961,1.79610000e+04,-218.750000
17962,1.79620000e+04,-217.916667
17963,1.79630000e+04,-217.916667
17964,1.79640000e+04,-217.083333
17965,1.79650000e+04,-217.083333
17966,1.79660000e+04,-216.166667
17967,1.79670000e+04,-216.166667
17968,1.79680000e+04,-215.208333
17969,1.79690000e+04,-215.208333
17970,1.79700000e+04,-214.333333
17971,1.79710000e+04,-214.333333
17972,1.79720000e+04,-213.208333
17973,1.79730000e+04,-213.208333
17974,1.79740000e+04,-212.333333
17975,1.79750000e+04,-212.333333
17976,1.79760000e+04,-211.375000
17977,1.79770000e+04,-211.375000
17978,1.79780000e+04,-210.375000
17979,1.79790000e+04,-210.375000
17980,1.79800000e+04,-209.333333
17981,1.79810000e+04,-209.333333
17982,1.79820000e+04,-208.250000
17983,1.79830000e+04,-208.250000
17984,1.79840000e+04,-206.875000
17985,1.79850000e+04,-206.875000
17986,1.79860000e+04,-206.208333
17987,1.79870000e+04,-206.208333
17988,1.79880000e+04,-204.833333
17989,1.79890000e+04,-204.833333
17990,1.79900000e+04,-203.916667
17991,1.79910000e+04,-203.916667
17992,1.79920000e+04,-202.791667
17993,1.79930000e+04,-202.791667
17994,1.79940000e+04,-201.791667
17995,1.79950000e+04,-201.791667
17996,1.79960000e+04,-200.500000
17997,1.79970000e+04,-200.500000
17998,1.79980000e+04,-199.625000
17999,1.79990000e+04,-199.625000
18000,1.80000000e+04,-198.541667
18001,1.80010000e+04,-198.541667
18002,1.80020000e+04,-197.375000
18003,1.80030000e+04,-197.375000
18004,1.80040000e+04,-196.208333
18005,1.80050000e+04,-196.208333
18006,1.80060000e+04,-195.291667
18007,1.80070000e+04,-195.291667
18008,1.80080000e+04,-194.041667
18009,1.80090000e+04,-194.041667
18010,1.80100000e+04,-192.875000
18011,1.80110000e+04,-192.875000
18012,1.80120000e+04,-192.000000
18013,1.80130000e+04,-192.000000
18014,1.80140000e+04,-190.958333
18015,1.80150000e+04,-190.958333
18016,1.80160000e+04,-189.875000
18017,1.80170000e+04,-189.875000
18018,1.80180000e+04,-188.625000
18019,1.80190000e+04,-188.625000
18020,1.80200000e+04,-187.750000
18021,1.80210000e+04,-187.750000
18022,1.80220000e+04,-186.750000
18023,1.80230000e+04,-186.750000
18024,1.80240000e+04,-185.625000
18025,1.80250000e+04,-185.625000
18026,1.80260000e+04,-184.625000
18027,1.80270000e+04,-184.625000
18028,1.80280000e+04,-183.583333
18029,1.80290000e+04,-183.583333
18030,1.80300000e+04,-182.458333
18031,1.80310000e+04,-182.458333
18032,1.80320000e+04,-181.500000
18033,1.80330000e+04,-181.500000
18034,1.80340000e+04,-180.541667
18035,1.80350000e+04,-180.541667
18036,1.80360000e+04,-179.625000
18037,1.80370000e+04,-179.625000
18038,1.80380000e+04,-178.416667
18039,1.80390000e+04,-178.416667
18040,1.80400000e+04,-177.583333
18041,1.80410000e+04,-177.583333
18042,1.80420000e+04,-176.500000
18043,1.80430000e+04,-176.500000
18044,1.80440000e+04,-175.458333
18045,1.80450000e+04,-175.458333
18046,1.80460000e+04,-174.625000
18047,1.80470000e+04,-174.625000
18048,1.80480000e+04,-173.500000
18049,1.80490000e+04,-173.500000
18050,1.80500000e+04,-172.583333
18051,1.80510000e+04,-172.583333
18052,1.80520000e+04,-171.458333
18053,1.80530000e+04,-171.458333
18054,1.80540000e+04,-170.500000
18055,1.80550000e+04,-170.500000
18056,1.80560000e+04,-169.250000
18057,1.80570000e+04,-169.250000
18058,1.80580000e+04,-168.333333
18059,1.80590000e+04,-168.333333
18060,1.80600000e+04,-167.333333
18061,1.80610000e+04,-167.333333
18062,1.80620000e+04,-166.250000
18063,1.80630000e+04,-166.250000
18064,1.80640000e+04,-165.041667
18065,1.80650000e+04,-165.041667
18066,1.80660000e+04,-163.875000
18067,1.80670000e+04,-163.875000
18068,1.80680000e+04,-162.875000
18069,1.80690000e+04,-162.875000
18070,1.80700000e+04,-161.666667
18071,1.80710000e+04,-161.666667
18072,1.80720000e+04,-160.458333
18073,1.80730000e+04,-160.458333
18074,1.80740000e+04,-159.166667
18075,1.80750000e+04,-159.166667
18076,1.80760000e+04,-158.125000
18077,1.80770000e+04,-158.125000
18078,1.80780000e+04,-156.875000
18079,1.80790000e+04,-156.875000
18080,1.80800000e+04,-155.791667
18081,1.80810000e+04,-155.791667
18082,1.80820000e+04,-154.500000
18083,1.80830000e+04,-154.500000
18084,1.80840000e+04,-152.958333
18085,1.80850000e+04,-152.958333
18086,1.80860000e+04,-151.666667
18087,1.80870000e+04,-151.666667
18088,1.80880000e+04,-150.500000
18089,1.80890000e+04,-150.500000
18090,1.80900000e+04,-149.041667
18091,1.80910000e+04,-149.041667
18092,1.80920000e+04,-147.541667
18093,1.80930000e+04,-147.541667
18094,1.80940000e+04,-146.083333
18095,1.80950000e+04,-146.083333
18096,1.80960000e+04,-144.625000
18097,1.80970000e+04,-144.625000
18098,1.80980000e+04,-143.083333
18099,1.80990000e+04,-143.083333
18100,1.81000000e+04,-141.583333
18101,1.81010000e+04,-141.583333
18102,1.81020000e+04,-140.125000
18103,1.81030000e+04,-140.125000
18104,1.81040000e+04,-138.333333
18105,1.81050000e+04,-138.333333
18106,1.81060000e+04,-136.666667
18107,1.81070000e+04,-136.666667
18108,1.81080000e+04,-134.958333
18109,1.81090000e+04,-134.958333
18110,1.81100000e+04,-133.625000
18111,1.81110000e+04,-133.625000
18112,1.81120000e+04,-131.875000
18113,1.81130000e+04,-131.875000
18114,1.81140000e+04,-130.375000
18115,1.81150000e+04,-130.375000
18116,1.81160000e+04,-128.333333
18117,1.81170000e+04,-128.333333
18118,1.81180000e+04,-126.750000
18119,1.81190000e+04,-126.750000
18120,1.81200000e+04,-124.833333
18121,1.81210000e+04,-124.833333
18122,1.81220000e+04,-123.250000
18123,1.81230000e+04,-123.250000
18124,1.81240000e+04,-121.250000
18125,1.81250000e+04,-121.250000
18126,1.81260000e+04,-119.666667
18127,1.81270000e+04,-119.666667
18128,1.81280000e+04,-117.791667
18129,1.81290000e+04,-117.791667
18130,1.81300000e+04,-116.000000
18131,1.81310000e+04,-116.000000
18132,1.81320000e+04,-114.208333
18133,1.81330000e+04,-114.208333
18134,1.81340000e+04,-112.500000
18135,1.81350000e+04,-112.500000
18136,1.81360000e+04,-110.625000
18137,1.81370000e+04,-110.625000
18138,1.81380000e+04,-108.791667
18139,1.81390000e+04,-108.791667
18140,1.81400000e+04,-106.875000
18141,1.81410000e+04,-106.875000
18142,1.81420000e+04,-105.083333
18143,1.81430000e+04,-105.083333
18144,1.81440000e+04,-103.250000
18145,1.81450000e+04,-103.250000
18146,1.81460000e+04,-101.583333
18147,1.81470000e+04,-101.583333
18148,1.81480000e+04,-99.750000
18149,1.81490000e+04,-99.750000
18150,1.81500000e+04,-97.875000
18151,1.81510000e+04,-97.875000
18152,1.81520000e+04,-96.083333
18153,1.81530000e+04,-96.083333
18154,1.81540000e+04,-94.375000
18155,1.81550000e+04,-94.375000
18156,1.81560000e+04,-92.541667
18157,1.81570000e+04,-92.541667
18158,1.81580000e+04,-90.791667
18159,1.81590000e+04,-90.791667
18160,1.81600000e+04,-88.833333
18161,1.81610000e+04,-88.833333
18162,1.81620000e+04,-87.125000
18163,1.81630000e+04,-87.125000
18164,1.81640000e+04,-85.291667
18165,1.81650000e+04,-85.291667
18166,1.81660000e+04,-83.625000
18167,1.81670000e+04,-83.625000
18168,1.81680000e+04,-82.000000
18169,1.81690000e+04,-82.000000
18170,1.81700000e+04,-80.000000
18171,1.81710000e+04,-80.000000
18172,1.81720000e+04,-78.333333
18173,1.81730000e+04,-78.333333
18174,1.81740000e+04,-76.625000
18175,1.81750000e+04,-76.625000
18176,1.81760000e+04,-74.791667
18177,1.81770000e+04,-74.791667
18178,1.81780000e+04,-73.125000
18179,1.81790000e+04,-73.125000
18180,1.81800000e+04,-71.416667
18181,1.81810000e+04,-71.416667
18182,1.81820000e+04,-69.708333
18183,1.81830000e+04,-69.708333
18184,1.81840000e+04,-68.041667
18185,1.81850000e+04,-68.041667
18186,1.81860000e+04,-66.250000
18187,1.81870000e+04,-66.250000
18188,1.81880000e+04,-64.458333
18189,1.81890000e+04,-64.458333
18190,1.81900000e+04,-62.666667
18191,1.81910000e+04,-62.666667
18192,1.81920000e+04,-61.041667
18193,1.81930000e+04,-61.041667
18194,1.81940000e+04,-59.291667
18195,1.81950000e+04,-59.291667
18196,1.81960000e+04,-57.500000
18197,1.81970000e+04,-57.500000
18198,1.81980000e+04,-55.666667
18199,1.81990000e+04,-55.666667
18200,1.82000000e+04,-53.833333
18201,1.82010000e+04,-53.833333
18202,1.82020000e+04,-52.041667
18203,1.82030000e+04,-52.041667
18204,1.82040000e+04,-50.250000
18205,1.82050000e+04,-50.250000
18206,1.82060000e+04,-48.333333
18207,1.82070000e+04,-48.333333
18208,1.82080000e+04,-46.541667
18209,1.82090000e+04,-46.541667
18210,1.82100000e+04,-44.750000
18211,1.82110000e+04,-44.750000
18212,1.82120000e+04,-42.916667
18213,1.82130000e+04,-42.916667
18214,1.82140000e+04,-41.041667
18215,1.82150000e+04,-41.041667
18216,1.82160000e+04,-38.958333
18217,1.82170000e+04,-38.958333
18218,1.82180000e+04,-37.041667
18219,1.82190000e+04,-37.041667
18220,1.82200000e+04,-35.083333
18221,1.82210000e+04,-35.083333
18222,1.82220000e+04,-33.166667
18223,1.82230000e+04,-33.166667
18224,1.82240000e+04,-31.166667
18225,1.82250000e+04,-31.166667
18226,1.82260000e+04,-29.041667
18227,1.82270000e+04,-29.041667
18228,1.82280000e+04,-27.333333
18229,1.82290000e+04,-27.333333
18230,1.82300000e+04,-25.250000
18231,1.82310000e+04,-25.250000
18232,1.82320000e+04,-23.208333
18233,1.82330000e+04,-23.208333
18234,1.82340000e+04,-21.041667
18235,1.82350000e+04,-21.041667
18236,1.82360000e+04,-18.958333
18237,1.82370000e+04,-18.958333
18238,1.82380000e+04,-17.000000
18239,1.82390000e+04,-17.000000
18240,1.82400000e+04,-15.083333
18241,1.82410000e+04,-15.083333
18242,1.82420000e+04,-12.833333
18243,1.82430000e+04,-12.833333
18244,1.82440000e+04,-10.875000
18245,1.82450000e+04,-10.875000
18246,1.82460000e+04,-8.875000
18247,1.82470000e+04,-8.875000
18248,1.82480000e+04,-6.541667
18249,1.82490000e+04,-6.541667
18250,1.82500000e+04,-4.333333
18251,1.82510000e+04,-4.333333
18252,1.82520000e+04,-2.375000
18253,1.82530000e+04,-2.375000
18254,1.82540000e+04,-0.291667
18255,1.82550000e+04,-0.291667
18256,1.82560000e+04,1.875000
18257,1.82570000e+04,1.875000
18258,1.82580000e+04,4.083333
18259,1.82590000e+04,4.083333
18260,1.82600000e+04,6.166667
18261,1.82610000e+04,6.166667
18262,1.82620000e+04,8.166667
18263,1.82630000e+04,8.166667
18264,1.82640000e+04,10.375000
18265,1.82650000e+04,10.375000
18266,1.82660000e+04,12.583333
18267,1.82670000e+04,12.583333
18268,1.82680000e+04,14.708333
18269,1.82690000e+04,14.708333
18270,1.82700000e+04,16.750000
18271,1.82710000e+04,16.750000
18272,1.82720000e+04,18.875000
18273,1.82730000e+04,18.875000
18274,1.82740000e+04,20.875000
18275,1.82750000e+04,20.875000
18276,1.82760000e+04,22.958333
18277,1.82770000e+04,22.958333
18278,1.82780000e+04,25.166667
18279,1.82790000e+04,25.166667
18280,1.82800000e+04,27.166667
18281,1.82810000e+04,27.166667
18282,1.82820000e+04,29.083333
18283,1.82830000e+04,29.083333
18284,1.82840000e+04,31.000000
18285,1.82850000e+04,31.000000
18286,1.82860000e+04,33.083333
18287,1.82870000e+04,33.083333
18288,1.82880000e+04,35.083333
18289,1.82890000e+04,35.083333
18290,1.82900000e+04,37.125000
18291,1.82910000e+04,37.125000
18292,1.82920000e+04,39.166667
18293,1.82930000e+04,39.166667
18294,1.82940000e+04,40.958333
18295,1.82950000e+04,40.958333
18296,1.82960000e+04,42.916667
18297,1.82970000e+04,42.916667
18298,1.82980000e+04,44.916667
18299,1.82990000e+04,44.916667
18300,1.83000000e+04,46.583333
18301,1.83010000e+04,46.583333
18302,1.83020000e+04,48.583333
18303,1.83030000e+04,48.583333
18304,1.83040000e+04,50.458333
18305,1.83050000e+04,50.458333
18306,1.83060000e+04,52.166667
18307,1.83070000e+04,52.166667
18308,1.83080000e+04,54.000000
18309,1.83090000e+04,54.000000
18310,1.83100000e+04,55.833333
18311,1.83110000e+04,55.833333
18312,1.83120000e+04,57.666667
18313,1.83130000e+04,57.666667
18314,1.83140000e+04,59.333333
18315,1.83150000e+04,59.333333
18316,1.83160000e+04,61.250000
18317,1.83170000e+04,61.250000
18318,1.83180000e+04,62.833333
18319,1.83190000e+04,62.833333
18320,1.83200000e+04,64.750000
18321,1.83210000e+04,64.750000
18322,1.83220000e+04,66.500000
18323,1.83230000e+04,66.500000
18324,1.83240000e+04,68.208333
18325,1.83250000e+04,68.208333
18326,1.83260000e+04,69.916667
18327,1.83270000e+04,69.916667
18328,1.83280000e+04,71.583333
18329,1.83290000e+04,71.583333
18330,1.83300000e+04,73.625000
18331,1.83310000e+04,73.625000
18332,1.83320000e+04,75.166667
18333,1.83330000e+04,75.166667
18334,1.83340000e+04,76.875000
18335,1.83350000e+04,76.875000
18336,1.83360000e+04,78.625000
18337,1.83370000e+04,78.625000
18338,1.83380000e+04,80.291667
18339,1.83390000e+04,80.291667
18340,1.83400000e+04,82.125000
18341,1.83410000e+04,82.125000
18342,1.83420000e+04,84.083333
18343,1.83430000e+04,84.083333
18344,1.83440000e+04,85.541667
18345,1.83450000e+04,85.541667
18346,1.83460000e+04,87.250000
18347,1.83470000e+04,87.250000
18348,1.83480000e+04,89.000000
18349,1.83490000e+04,89.000000
18350,1.83500000e+04,91.000000
18351,1.83510000e+04,91.000000
18352,1.83520000e+04,92.458333
18353,1.83530000e+04,92.458333
18354,1.83540000e+04,94.416667
18355,1.83550000e+04,94.416667
18356,1.83560000e+04,96.291667
18357,1.83570000e+04,96.291667
18358,1.83580000e+04,98.000000
18359,1.83590000e+04,98.000000
18360,1.83600000e+04,99.958333
18361,1.83610000e+04,99.958333
18362,1.83620000e+04,101.583333
18363,1.83630000e+04,101.583333
18364,1.83640000e+04,103.208333
18365,1.83650000e+04,103.208333
18366,1.83660000e+04,105.166667
18367,1.83670000e+04,105.166667
18368,1.83680000e+04,106.833333
18369,1.83690000e+04,106.833333
18370,1.83700000e+04,108.750000
18371,1.83710000e+04,108.750000
18372,1.83720000e+04,110.375000
18373,1.83730000e+04,110.375000
18374,1.83740000e+04,112.208333
18375,1.83750000e+04,112.208333
18376,1.83760000e+04,113.916667
18377,1.83770000e+04,113.916667
18378,1.83780000e+04,115.708333
18379,1.83790000e+04,115.708333
18380,1.83800000e+04,117.708333
18381,1.83810000e+04,117.708333
18382,1.83820000e+04,119.375000
18383,1.83830000e+04,119.375000
18384,1.83840000e+04,121.083333
18385,1.83850000e+04,121.083333
18386,1.83860000e+04,122.791667
18387,1.83870000e+04,122.791667
18388,1.83880000e+04,124.750000
18389,1.83890000e+04,124.750000
18390,1.83900000e+04,126.500000
18391,1.83910000e+04,126.500000
18392,1.83920000e+04,128.041667
18393,1.83930000e+04,128.041667
18394,1.83940000e+04,129.875000
18395,1.83950000e+04,129.875000
18396,1.83960000e+04,131.500000
18397,1.83970000e+04,131.500000
18398,1.83980000e+04,133.291667
18399,1.83990000e+04,133.291667
18400,1.84000000e+04,134.791667
18401,1.84010000e+04,134.791667
18402,1.84020000e+04,136.416667
18403,1.84030000e+04,136.416667
18404,1.84040000e+04,138.250000
18405,1.84050000e+04,138.250000
18406,1.84060000e+04,139.750000
18407,1.84070000e+04,139.750000
18408,1.84080000e+04,141.250000
18409,1.84090000e+04,141.250000
18410,1.84100000e+04,142.916667
18411,1.84110000e+04,142.916667
18412,1.84120000e+04,144.458333
18413,1.84130000e+04,144.458333
18414,1.84140000e+04,145.875000
18415,1.84150000e+04,145.875000
18416,1.84160000e+04,147.541667
18417,1.84170000e+04,147.541667
18418,1.84180000e+04,148.750000
18419,1.84190000e+04,148.750000
18420,1.84200000e+04,150.375000
18421,1.84210000e+04,150.375000
18422,1.84220000e+04,151.875000
18423,1.84230000e+04,151.875000
18424,1.84240000e+04,152.958333
18425,1.84250000e+04,152.958333
18426,1.84260000e+04,154.375000
18427,1.84270000e+04,154.375000
18428,1.84280000e+04,155.625000
18429,1.84290000e+04,155.625000
18430,1.84300000e+04,156.958333
18431,1.84310000e+04,156.958333
18432,1.84320000e+04,158.250000
18433,1.84330000e+04,158.250000
18434,1.84340000e+04,159.458333
18435,1.84350000e+04,159.458333
18436,1.84360000e+04,160.791667
18437,1.84370000e+04,160.791667
18438,1.84380000e+04,162.083333
18439,1.84390000e+04,162.083333
18440,1.84400000e+04,163.000000
18441,1.84410000e+04,163.000000
18442,1.84420000e+04,164.416667
18443,1.84430000e+04,164.416667
18444,1.84440000e+04,165.333333
18445,1.84450000e+04,165.333333
18446,1.84460000e+04,166.583333
18447,1.84470000e+04,166.583333
18448,1.84480000e+04,167.750000
18449,1.84490000e+04,167.750000
18450,1.84500000e+04,168.750000
18451,1.84510000e+04,168.750000
18452,1.84520000e+04,169.666667
18453,1.84530000e+04,169.666667
18454,1.84540000e+04,171.000000
18455,1.84550000e+04,171.000000
18456,1.84560000e+04,171.958333
18457,1.84570000e+04,171.958333
18458,1.84580000e+04,172.958333
18459,1.84590000e+04,172.958333
18460,1.84600000e+04,174.041667
18461,1.84610000e+04,174.041667
18462,1.84620000e+04,174.916667
18463,1.84630000e+04,174.916667
18464,1.84640000e+04,176.000000
18465,1.84650000e+04,176.000000
18466,1.84660000e+04,176.958333
18467,1.84670000e+04,176.958333
18468,1.84680000e+04,177.958333
18469,1.84690000e+04,177.958333
18470,1.84700000e+04,178.958333
18471,1.84710000e+04,178.958333
18472,1.84720000e+04,179.916667
18473,1.84730000e+04,179.916667
18474,1.84740000e+04,181.041667
18475,1.84750000e+04,181.041667
18476,1.84760000e+04,181.958333
18477,1.84770000e+04,181.958333
18478,1.84780000e+04,182.916667
18479,1.84790000e+04,182.916667
18480,1.84800000e+04,183.916667
18481,1.84810000e+04,183.916667
18482,1.84820000e+04,184.875000
18483,1.84830000e+04,184.875000
18484,1.84840000e+04,185.958333
18485,1.84850000e+04,185.958333
18486,1.84860000e+04,186.791667
18487,1.84870000e+04,186.791667
18488,1.84880000e+04,187.916667
18489,1.84890000e+04,187.916667
18490,1.84900000e+04,188.916667
18491,1.84910000e+04,188.916667
18492,1.84920000e+04,190.041667
18493,1.84930000e+04,190.041667
18494,1.84940000e+04,190.958333
18495,1.84950000e+04,190.958333
18496,1.84960000e+04,191.958333
18497,1.84970000e+04,191.958333
18498,1.84980000e+04,193.208333
18499,1.84990000e+04,193.208333
18500,1.85000000e+04,194.208333
18501,1.85010000e+04,194.208333
18502,1.85020000e+04,194.958333
18503,1.85030000e+04,194.958333
18504,1.85040000e+04,196.166667
18505,1.85050000e+04,196.166667
18506,1.85060000e+04,197.208333
18507,1.85070000e+04,197.208333
18508,1.85080000e+04,198.250000
18509,1.85090000e+04,198.250000
18510,1.85100000e+04,199.208333
18511,1.85110000e+04,199.208333
18512,1.85120000e+04,200.375000
18513,1.85130000e+04,200.375000
18514,1.85140000e+04,201.541667
18515,1.85150000e+04,201.541667
18516,1.85160000e+04,202.458333
18517,1.85170000e+04,202.458333
18518,1.85180000e+04,203.416667
18519,1.85190000e+04,203.416667
18520,1.85200000e+04,204.500000
18521,1.85210000e+04,204.500000
18522,1.85220000e+04,205.750000
18523,1.85230000e+04,205.750000
18524,1.85240000e+04,206.583333
18525,1.85250000e+04,206.583333
18526,1.85260000e+04,207.833333
18527,1.85270000e+04,207.833333
18528,1.85280000e+04,208.875000
18529,1.85290000e+04,208.875000
18530,1.85300000e+04,209.916667
18531,1.85310000e+04,209.916667
18532,1.85320000e+04,211.000000
18533,1.85330000e+04,211.000000
18534,1.85340000e+04,212.083333
18535,1.85350000e+04,212.083333
18536,1.85360000e+04,212.916667
18537,1.85370000e+04,212.916667
18538,1.85380000e+04,213.875000
18539,1.85390000e+04,213.875000
18540,1.85400000e+04,214.958333
18541,1.85410000e+04,214.958333
18542,1.85420000e+04,215.833333
18543,1.85430000e+04,215.833333
18544,1.85440000e+04,216.750000
18545,1.85450000e+04,216.750000
18546,1.85460000e+04,217.708333
18547,1.85470000e+04,217.708333
18548,1.85480000e+04,218.625000
18549,1.85490000e+04,218.625000
18550,1.85500000e+04,219.458333
18551,1.85510000e+04,219.458333
18552,1.85520000e+04,220.458333
18553,1.85530000e+04,220.458333
18554,1.85540000e+04,221.083333
18555,1.85550000e+04,221.083333
18556,1.85560000e+04,221.958333
18557,1.85570000e+04,221.958333
18558,1.85580000e+04,222.708333
18559,1.85590000e+04,222.708333
18560,1.85600000e+04,223.333333
18561,1.85610000e+04,223.333333
18562,1.85620000e+04,224.125000
18563,1.85630000e+04,224.125000
18564,1.85640000e+04,224.750000
18565,1.85650000e+04,224.750000
18566,1.85660000e+04,225.541667
18567,1.85670000e+04,225.541667
18568,1.85680000e+04,226.166667
18569,1.85690000e+04,226.166667
18570,1.85700000e+04,226.583333
18571,1.85710000e+04,226.583333
18572,1.85720000e+04,227.291667
18573,1.85730000e+04,227.291667
18574,1.85740000e+04,227.750000
18575,1.85750000e+04,227.750000
18576,1.85760000e+04,228.208333
18577,1.85770000e+04,228.208333
18578,1.85780000e+04,228.708333
18579,1.85790000e+04,228.708333
18580,1.85800000e+04,229.291667
18581,1.85810000e+04,229.291667
18582,1.85820000e+04,229.500000
18583,1.85830000e+04,229.500000
18584,1.85840000e+04,229.958333
18585,1.85850000e+04,229.958333
18586,1.85860000e+04,230.541667
18587,1.85870000e+04,230.541667
18588,1.85880000e+04,230.666667
18589,1.85890000e+04,230.666667
18590,1.85900000e+04,231.208333
18591,1.85910000e+04,231.208333
18592,1.85920000e+04,231.416667
18593,1.85930000e+04,231.416667
18594,1.85940000e+04,231.708333
18595,1.85950000e+04,231.708333
18596,1.85960000e+04,232.000000
18597,1.85970000e+04,232.000000
18598,1.85980000e+04,232.291667
18599,1.85990000e+04,232.291667
18600,1.86000000e+04,232.416667
18601,1.86010000e+04,232.416667
18602,1.86020000e+04,232.625000
18603,1.86030000e+04,232.625000
18604,1.86040000e+04,232.750000
18605,1.86050000e+04,232.750000
18606,1.86060000e+04,232.958333
18607,1.86070000e+04,232.958333
18608,1.86080000e+04,233.333333
18609,1.86090000e+04,233.333333
18610,1.86100000e+04,233.125000
18611,1.86110000e+04,233.125000
18612,1.86120000e+04,233.458333
18613,1.86130000e+04,233.458333
18614,1.86140000e+04,233.375000
18615,1.86150000e+04,233.375000
18616,1.86160000e+04,233.416667
18617,1.86170000e+04,233.416667
18618,1.86180000e+04,233.500000
18619,1.86190000e+04,233.500000
18620,1.86200000e+04,233.708333
18621,1.86210000e+04,233.708333
18622,1.86220000e+04,233.708333
18623,1.86230000e+04,233.708333
18624,1.86240000e+04,233.583333
18625,1.86250000e+04,233.583333
18626,1.86260000e+04,233.625000
18627,1.86270000e+04,233.625000
18628,1.86280000e+04,233.750000
18629,1.86290000e+04,233.750000
18630,1.86300000e+04,233.666667
18631,1.86310000e+04,233.666667
18632,1.86320000e+04,233.708333
18633,1.86330000e+04,233.708333
18634,1.86340000e+04,233.583333
18635,1.86350000e+04,233.583333
18636,1.86360000e+04,233.500000
18637,1.86370000e+04,233.500000
18638,1.86380000e+04,233.416667
18639,1.86390000e+04,233.416667
18640,1.86400000e+04,233.375000
18641,1.86410000e+04,233.375000
18642,1.86420000e+04,233.375000
18643,1.86430000e+04,233.375000
18644,1.86440000e+04,233.083333
18645,1.86450000e+04,233.083333
18646,1.86460000e+04,232.958333
18647,1.86470000e+04,232.958333
18648,1.86480000e+04,232.958333
18649,1.86490000e+04,232.958333
18650,1.86500000e+04,232.708333
18651,1.86510000e+04,232.708333
18652,1.86520000e+04,232.541667
18653,1.86530000e+04,232.541667
18654,1.86540000e+04,232.333333
18655,1.86550000e+04,232.333333
18656,1.86560000e+04,232.208333
18657,1.86570000e+04,232.208333
18658,1.86580000e+04,232.000000
18659,1.86590000e+04,232.000000
18660,1.86600000e+04,231.750000
18661,1.86610000e+04,231.750000
18662,1.86620000e+04,231.500000
18663,1.86630000e+04,231.500000
18664,1.86640000e+04,231.166667
18665,1.86650000e+04,231.166667
18666,1.86660000e+04,230.791667
18667,1.86670000e+04,230.791667
18668,1.86680000e+04,230.625000
18669,1.86690000e+04,230.625000
18670,1.86700000e+04,230.416667
18671,1.86710000e+04,230.416667
18672,1.86720000e+04,230.000000
18673,1.86730000e+04,230.000000
18674,1.86740000e+04,229.708333
18675,1.86750000e+04,229.708333
18676,1.86760000e+04,229.250000
18677,1.86770000e+04,229.250000
18678,1.86780000e+04,228.708333
18679,1.86790000e+04,228.708333
18680,1.86800000e+04,228.333333
18681,1.86810000e+04,228.333333
18682,1.86820000e+04,227.791667
18683,1.86830000e+04,227.791667
18684,1.86840000e+04,227.375000
18685,1.86850000e+04,227.375000
18686,1.86860000e+04,226.916667
18687,1.86870000e+04,226.916667
18688,1.86880000e+04,226.500000
18689,1.86890000e+04,226.500000
18690,1.86900000e+04,225.666667
18691,1.86910000e+04,225.666667
18692,1.86920000e+04,225.125000
18693,1.86930000e+04,225.125000
18694,1.86940000e+04,224.541667
18695,1.86950000e+04,224.541667
18696,1.86960000e+04,223.875000
18697,1.86970000e+04,223.875000
18698,1.86980000e+04,223.250000
18699,1.86990000e+04,223.250000
18700,1.87000000e+04,222.458333
18701,1.87010000e+04,222.458333
18702,1.87020000e+04,221.625000
18703,1.87030000e+04,221.625000
18704,1.87040000e+04,220.916667
18705,1.87050000e+04,220.916667
18706,1.87060000e+04,220.083333
18707,1.87070000e+04,220.083333
18708,1.87080000e+04,219.250000
18709,1.87090000e+04,219.250000
18710,1.87100000e+04,218.416667
18711,1.87110000e+04,218.416667
18712,1.87120000e+04,217.666667
18713,1.87130000e+04,217.666667
18714,1.87140000e+04,216.791667
18715,1.87150000e+04,216.791667
18716,1.87160000e+04,215.916667
18717,1.87170000e+04,215.916667
18718,1.87180000e+04,214.875000
18719,1.87190000e+04,214.875000
18720,1.87200000e+04,214.000000
18721,1.87210000e+04,214.000000
18722,1.87220000e+04,213.041667
18723,1.87230000e+04,213.041667
18724,1.87240000e+04,212.083333
18725,1.87250000e+04,212.083333
18726,1.87260000e+04,210.916667
18727,1.87270000e+04,210.916667
18728,1.87280000e+04,209.958333
18729,1.87290000e+04,209.958333
18730,1.87300000e+04,208.833333
18731,1.87310000e+04,208.833333
18732,1.87320000e+04,207.666667
18733,1.87330000e+04,207.666667
18734,1.87340000e+04,206.583333
18735,1.87350000e+04,206.583333
18736,1.87360000e+04,205.583333
18737,1.87370000e+04,205.583333
18738,1.87380000e+04,204.625000
18739,1.87390000e+04,204.625000
18740,1.87400000e+04,203.416667
18741,1.87410000e+04,203.416667
18742,1.87420000e+04,202.375000
18743,1.87430000e+04,202.375000
18744,1.87440000e+04,201.250000
18745,1.87450000e+04,201.250000
18746,1.87460000e+04,200.208333
18747,1.87470000e+04,200.208333
18748,1.87480000e+04,199.166667
18749,1.87490000e+04,199.166667
18750,1.87500000e+04,197.958333
18751,1.87510000e+04,197.958333
18752,1.87520000e+04,196.875000
18753,1.87530000e+04,196.875000
18754,1.87540000e+04,195.833333
18755,1.87550000e+04,195.833333
18756,1.87560000e+04,194.750000
18757,1.87570000e+04,194.750000
18758,1.87580000e+04,193.541667
18759,1.87590000e+04,193.541667
18760,1.87600000e+04,192.625000
18761,1.87610000e+04,192.625000
18762,1.87620000e+04,191.458333
18763,1.87630000e+04,191.458333
18764,1.87640000e+04,190.375000
18765,1.87650000e+04,190.375000
18766,1.87660000e+04,189.416667
18767,1.87670000e+04,189.416667
18768,1.87680000e+04,188.375000
18769,1.87690000e+04,188.375000
18770,1.87700000e+04,187.333333
18771,1.87710000e+04,187.333333
18772,1.87720000e+04,186.416667
18773,1.87730000e+04,186.416667
18774,1.87740000e+04,185.208333
18775,1.87750000e+04,185.208333
18776,1.87760000e+04,184.375000
18777,1.87770000e+04,184.375000
18778,1.87780000e+04,183.166667
18779,1.87790000e+04,183.166667
18780,1.87800000e+04,182.125000
18781,1.87810000e+04,182.125000
18782,1.87820000e+04,181.000000
18783,1.87830000e+04,181.000000
18784,1.87840000e+04,180.166667
18785,1.87850000e+04,180.166667
18786,1.87860000e+04,179.333333
18787,1.87870000e+04,179.333333
18788,1.87880000e+04,178.125000
18789,1.87890000e+04,178.125000
18790,1.87900000e+04,177.125000
18791,1.87910000e+04,177.125000
18792,1.87920000e+04,176.083333
18793,1.87930000e+04,176.083333
18794,1.87940000e+04,175.000000
18795,1.87950000e+04,175.000000
18796,1.87960000e+04,174.041667
18797,1.87970000e+04,174.041667
18798,1.87980000e+04,173.125000
18799,1.87990000e+04,173.125000
18800,1.88000000e+04,172.083333
18801,1.88010000e+04,172.083333
18802,1.88020000e+04,171.125000
18803,1.88030000e+04,171.125000
18804,1.88040000e+04,170.000000
18805,1.88050000e+04,170.000000
18806,1.88060000e+04,169.125000
18807,1.88070000e+04,169.125000
18808,1.88080000e+04,168.041667
18809,1.88090000e+04,168.041667
18810,1.88100000e+04,166.875000
18811,1.88110000e+04,166.875000
18812,1.88120000e+04,165.875000
18813,1.88130000e+04,165.875000
18814,1.88140000e+04,164.666667
18815,1.88150000e+04,164.666667
18816,1.88160000e+04,163.458333
18817,1.88170000e+04,163.458333
18818,1.88180000e+04,162.458333
18819,1.88190000e+04,162.458333
18820,1.88200000e+04,161.291667
18821,1.88210000e+04,161.291667
18822,1.88220000e+04,160.125000
18823,1.88230000e+04,160.125000
18824,1.88240000e+04,158.791667
18825,1.88250000e+04,158.791667
18826,1.88260000e+04,157.791667
18827,1.88270000e+04,157.791667
18828,1.88280000e+04,156.583333
18829,1.88290000e+04,156.583333
18830,1.88300000e+04,155.041667
18831,1.88310000e+04,155.041667
18832,1.88320000e+04,153.666667
18833,1.88330000e+04,153.666667
18834,1.88340000e+04,152.541667
18835,1.88350000e+04,152.541667
18836,1.88360000e+04,151.000000
18837,1.88370000e+04,151.000000
18838,1.88380000e+04,149.750000
18839,1.88390000e+04,149.750000
18840,1.88400000e+04,148.333333
18841,1.88410000e+04,148.333333
18842,1.88420000e+04,146.791667
18843,1.88430000e+04,146.791667
18844,1.88440000e+04,145.208333
18845,1.88450000e+04,145.208333
18846,1.88460000e+04,144.041667
18847,1.88470000e+04,144.041667
18848,1.88480000e+04,142.291667
18849,1.88490000e+04,142.291667
18850,1.88500000e+04,140.750000
18851,1.88510000e+04,140.750000
18852,1.88520000e+04,139.166667
18853,1.88530000e+04,139.166667
18854,1.88540000e+04,137.583333
18855,1.88550000e+04,137.583333
18856,1.88560000e+04,135.833333
18857,1.88570000e+04,135.833333
18858,1.88580000e+04,134.291667
18859,1.88590000e+04,134.291667
18860,1.88600000e+04,132.666667
18861,1.88610000e+04,132.666667
18862,1.88620000e+04,130.791667
18863,1.88630000e+04,130.791667
18864,1.88640000e+04,129.125000
18865,1.88650000e+04,129.125000
18866,1.88660000e+04,127.541667
18867,1.88670000e+04,127.541667
18868,1.88680000e+04,125.708333
18869,1.88690000e+04,125.708333
18870,1.88700000e+04,124.083333
18871,1.88710000e+04,124.083333
18872,1.88720000e+04,122.208333
18873,1.88730000e+04,122.208333
18874,1.88740000e+04,120.250000
18875,1.88750000e+04,120.250000
18876,1.88760000e+04,118.500000
18877,1.88770000e+04,118.500000
18878,1.88780000e+04,116.666667
18879,1.88790000e+04,116.666667
18880,1.88800000e+04,115.000000
18881,1.88810000e+04,115.000000
18882,1.88820000e+04,113.166667
18883,1.88830000e+04,113.166667
18884,1.88840000e+04,111.416667
18885,1.88850000e+04,111.416667
18886,1.88860000e+04,109.458333
18887,1.88870000e+04,109.458333
18888,1.88880000e+04,107.625000
18889,1.88890000e+04,107.625000
18890,1.88900000e+04,105.875000
18891,1.88910000e+04,105.875000
18892,1.88920000e+04,104.125000
18893,1.88930000e+04,104.125000
18894,1.88940000e+04,102.125000
18895,1.88950000e+04,102.125000
18896,1.88960000e+04,100.583333
18897,1.88970000e+04,100.583333
18898,1.88980000e+04,98.625000
18899,1.88990000e+04,98.625000
18900,1.89000000e+04,96.750000
18901,1.89010000e+04,96.750000
18902,1.89020000e+04,95.000000
18903,1.89030000e+04,95.000000
18904,1.89040000e+04,93.333333
18905,1.89050000e+04,93.333333
18906,1.89060000e+04,91.333333
18907,1.89070000e+04,91.333333
18908,1.89080000e+04,89.750000
18909,1.89090000e+04,89.750000
18910,1.89100000e+04,87.833333
18911,1.89110000e+04,87.833333
18912,1.89120000e+04,86.041667
18913,1.89130000e+04,86.041667
18914,1.89140000e+04,84.208333
18915,1.89150000e+04,84.208333
18916,1.89160000e+04,82.500000
18917,1.89170000e+04,82.500000
18918,1.89180000e+04,80.875000
18919,1.89190000e+04,80.875000
18920,1.89200000e+04,78.916667
18921,1.89210000e+04,78.916667
18922,1.89220000e+04,77.083333
18923,1.89230000e+04,77.083333
18924,1.89240000e+04,75.458333
18925,1.89250000e+04,75.458333
18926,1.89260000e+04,73.833333
18927,1.89270000e+04,73.833333
18928,1.89280000e+04,72.083333
18929,1.89290000e+04,72.083333
18930,1.89300000e+04,70.250000
18931,1.89310000e+04,70.250000
18932,1.89320000e+04,68.625000
18933,1.89330000e+04,68.625000
18934,1.89340000e+04,66.833333
18935,1.89350000e+04,66.833333
18936,1.89360000e+04,65.125000
18937,1.89370000e+04,65.125000
18938,1.89380000e+04,63.375000
18939,1.89390000e+04,63.375000
18940,1.89400000e+04,61.416667
18941,1.89410000e+04,61.416667
18942,1.89420000e+04,59.916667
18943,1.89430000e+04,59.916667
18944,1.89440000e+04,58.166667
18945,1.89450000e+04,58.166667
18946,1.89460000e+04,56.166667
18947,1.89470000e+04,56.166667
18948,1.89480000e+04,54.541667
18949,1.89490000e+04,54.541667
18950,1.89500000e+04,52.666667
18951,1.89510000e+04,52.666667
18952,1.89520000e+04,50.875000
18953,1.89530000e+04,50.875000
18954,1.89540000e+04,49.041667
18955,1.89550000e+04,49.041667
18956,1.89560000e+04,47.333333
18957,1.89570000e+04,47.333333
18958,1.89580000e+04,45.458333
18959,1.89590000e+04,45.458333
18960,1.89600000e+04,43.375000
18961,1.89610000e+04,43.375000
18962,1.89620000e+04,41.666667
18963,1.89630000e+04,41.666667
18964,1.89640000e+04,39.708333
18965,1.89650000e+04,39.708333
18966,1.89660000e+04,37.791667
18967,1.89670000e+04,37.791667
18968,1.89680000e+04,35.625000
18969,1.89690000e+04,35.625000
18970,1.89700000e+04,33.666667
18971,1.89710000e+04,33.666667
18972,1.89720000e+04,31.875000
18973,1.89730000e+04,31.875000
18974,1.89740000e+04,29.958333
18975,1.89750000e+04,29.958333
18976,1.89760000e+04,27.833333
18977,1.89770000e+04,27.833333
18978,1.89780000e+04,25.750000
18979,1.89790000e+04,25.750000
18980,1.89800000e+04,23.833333
18981,1.89810000e+04,23.833333
18982,1.89820000e+04,21.833333
18983,1.89830000e+04,21.833333
18984,1.89840000e+04,19.750000
18985,1.89850000e+04,19.750000
18986,1.89860000e+04,17.750000
18987,1.89870000e+04,17.750000
18988,1.89880000e+04,15.500000
18989,1.89890000e+04,15.500000
18990,1.89900000e+04,13.583333
18991,1.89910000e+04,13.583333
18992,1.89920000e+04,11.333333
18993,1.89930000e+04,11.333333
18994,1.89940000e+04,9.333333
18995,1.89950000e+04,9.333333
18996,1.89960000e+04,7.208333
18997,1.89970000e+04,7.208333
18998,1.89980000e+04,5.041667
18999,1.89990000e+04,5.041667
19000,1.90000000e+04,3.000000
19001,1.90010000e+04,3.000000
19002,1.90020000e+04,0.666667
19003,1.90030000e+04,0.666667
19004,1.90040000e+04,-1.250000
19005,1.90050000e+04,-1.250000
19006,1.90060000e+04,-3.500000
19007,1.90070000e+04,-3.500000
19008,1.90080000e+04,-5.500000
19009,1.90090000e+04,-5.500000
19010,1.90100000e+04,-7.833333
19011,1.90110000e+04,-7.833333
19012,1.90120000e+04,-9.625000
19013,1.90130000e+04,-9.625000
19014,1.90140000e+04,-11.875000
19015,1.90150000e+04,-11.875000
19016,1.90160000e+04,-14.000000
19017,1.90170000e+04,-14.000000
19018,1.90180000e+04,-16.083333
19019,1.90190000e+04,-16.083333
19020,1.90200000e+04,-18.333333
19021,1.90210000e+04,-18.333333
19022,1.90220000e+04,-20.416667
19023,1.90230000e+04,-20.416667
19024,1.90240000e+04,-22.291667
19025,1.90250000e+04,-22.291667
19026,1.90260000e+04,-24.416667
19027,1.90270000e+04,-24.416667
19028,1.90280000e+04,-26.541667
19029,1.90290000e+04,-26.541667
19030,1.90300000e+04,-28.583333
19031,1.90310000e+04,-28.583333
19032,1.90320000e+04,-30.750000
19033,1.90330000e+04,-30.750000
19034,1.90340000e+04,-32.625000
19035,1.90350000e+04,-32.625000
19036,1.90360000e+04,-34.583333
19037,1.90370000e+04,-34.583333
19038,1.90380000e+04,-36.500000
19039,1.90390000e+04,-36.500000
19040,1.90400000e+04,-38.541667
19041,1.90410000e+04,-38.541667
19042,1.90420000e+04,-40.541667
19043,1.90430000e+04,-40.541667
19044,1.90440000e+04,-42.500000
19045,1.90450000e+04,-42.500000
19046,1.90460000e+04,-44.166667
19047,1.90470000e+04,-44.166667
19048,1.90480000e+04,-46.250000
19049,1.90490000e+04,-46.250000
19050,1.90500000e+04,-48.166667
19051,1.90510000e+04,-48.166667
19052,1.90520000e+04,-49.916667
19053,1.90530000e+04,-49.916667
19054,1.90540000e+04,-51.833333
19055,1.90550000e+04,-51.833333
19056,1.90560000e+04,-53.375000
19057,1.90570000e+04,-53.375000
19058,1.90580000e+04,-55.458333
19059,1.90590000e+04,-55.458333
19060,1.90600000e+04,-57.166667
19061,1.90610000e+04,-57.166667
19062,1.90620000e+04,-58.958333
19063,1.90630000e+04,-58.958333
19064,1.90640000e+04,-60.625000
19065,1.90650000e+04,-60.625000
19066,1.90660000e+04,-62.500000
19067,1.90670000e+04,-62.500000
19068,1.90680000e+04,-64.208333
19069,1.90690000e+04,-64.208333
19070,1.90700000e+04,-66.041667
19071,1.90710000e+04,-66.041667
19072,1.90720000e+04,-67.708333
19073,1.90730000e+04,-67.708333
19074,1.90740000e+04,-69.541667
19075,1.90750000e+04,-69.541667
19076,1.90760000e+04,-71.291667
19077,1.90770000e+04,-71.291667
19078,1.90780000e+04,-73.083333
19079,1.90790000e+04,-73.083333
19080,1.90800000e+04,-74.708333
19081,1.90810000e+04,-74.708333
19082,1.90820000e+04,-76.458333
19083,1.90830000e+04,-76.458333
19084,1.90840000e+04,-78.208333
19085,1.90850000e+04,-78.208333
19086,1.90860000e+04,-79.833333
19087,1.90870000e+04,-79.833333
19088,1.90880000e+04,-81.666667
19089,1.90890000e+04,-81.666667
19090,1.90900000e+04,-83.625000
19091,1.90910000e+04,-83.625000
19092,1.90920000e+04,-85.041667
19093,1.90930000e+04,-85.041667
19094,1.90940000e+04,-86.833333
19095,1.90950000e+04,-86.833333
19096,1.90960000e+04,-88.666667
19097,1.90970000e+04,-88.666667
19098,1.90980000e+04,-90.416667
19099,1.90990000e+04,-90.416667
19100,1.91000000e+04,-92.333333
19101,1.91010000e+04,-92.333333
19102,1.91020000e+04,-94.000000
19103,1.91030000e+04,-94.000000
19104,1.91040000e+04,-95.708333
19105,1.91050000e+04,-95.708333
19106,1.91060000e+04,-97.500000
19107,1.91070000e+04,-97.500000
19108,1.91080000e+04,-99.333333
19109,1.91090000e+04,-99.333333
19110,1.91100000e+04,-101.000000
19111,1.91110000e+04,-101.000000
19112,1.91120000e+04,-103.000000
19113,1.91130000e+04,-103.000000
19114,1.91140000e+04,-104.791667
19115,1.91150000e+04,-104.791667
19116,1.91160000e+04,-106.541667
19117,1.91170000e+04,-106.541667
19118,1.91180000e+04,-108.250000
19119,1.91190000e+04,-108.250000
19120,1.91200000e+04,-110.041667
19121,1.91210000e+04,-110.041667
19122,1.91220000e+04,-111.833333
19123,1.91230000e+04,-111.833333
19124,1.91240000e+04,-113.750000
19125,1.91250000e+04,-113.750000
19126,1.91260000e+04,-115.500000
19127,1.91270000e+04,-115.500000
19128,1.91280000e+04,-117.166667
19129,1.91290000e+04,-117.166667
19130,1.91300000e+04,-118.875000
19131,1.91310000e+04,-118.875000
19132,1.91320000e+04,-120.791667
19133,1.91330000e+04,-120.791667
19134,1.91340000e+04,-122.458333
19135,1.91350000e+04,-122.458333
19136,1.91360000e+04,-124.250000
19137,1.91370000e+04,-124.250000
19138,1.91380000e+04,-126.125000
19139,1.91390000e+04,-126.125000
19140,1.91400000e+04,-127.750000
19141,1.91410000e+04,-127.750000
19142,1.91420000e+04,-129.625000
19143,1.91430000e+04,-129.625000
19144,1.91440000e+04,-131.041667
19145,1.91450000e+04,-131.041667
19146,1.91460000e+04,-133.000000
19147,1.91470000e+04,-133.000000
19148,1.91480000e+04,-134.458333
19149,1.91490000e+04,-134.458333
19150,1.91500000e+04,-136.000000
19151,1.91510000e+04,-136.000000
19152,1.91520000e+04,-137.750000
19153,1.91530000e+04,-137.750000
19154,1.91540000e+04,-139.375000
19155,1.91550000e+04,-139.375000
19156,1.91560000e+04,-141.000000
19157,1.91570000e+04,-141.000000
19158,1.91580000e+04,-142.541667
19159,1.91590000e+04,-142.541667
19160,1.91600000e+04,-144.041667
19161,1.91610000e+04,-144.041667
19162,1.91620000e+04,-145.583333
19163,1.91630000e+04,-145.583333
19164,1.91640000e+04,-146.958333
19165,1.91650000e+04,-146.958333
19166,1.91660000e+04,-148.416667
19167,1.91670000e+04,-148.416667
19168,1.91680000e+04,-149.916667
19169,1.91690000e+04,-149.916667
19170,1.91700000e+04,-151.500000
19171,1.91710000e+04,-151.500000
19172,1.91720000e+04,-152.708333
19173,1.91730000e+04,-152.708333
19174,1.91740000e+04,-154.208333
19175,1.91750000e+04,-154.208333
19176,1.91760000e+04,-155.416667
19177,1.91770000e+04,-155.416667
19178,1.91780000e+04,-156.791667
19179,1.91790000e+04,-156.791667
19180,1.91800000e+04,-158.125000
19181,1.91810000e+04,-158.125000
19182,1.91820000e+04,-159.416667
19183,1.91830000e+04,-159.416667
19184,1.91840000e+04,-160.500000
19185,1.91850000e+04,-160.500000
19186,1.91860000e+04,-161.791667
19187,1.91870000e+04,-161.791667
19188,1.91880000e+04,-163.000000
19189,1.91890000e+04,-163.000000
19190,1.91900000e+04,-164.083333
19191,1.91910000e+04,-164.083333
19192,1.91920000e+04,-165.291667
19193,1.91930000e+04,-165.291667
19194,1.91940000e+04,-166.500000
19195,1.91950000e+04,-166.500000
19196,1.91960000e+04,-167.458333
19197,1.91970000e+04,-167.458333
19198,1.91980000e+04,-168.583333
19199,1.91990000e+04,-168.583333
19200,1.92000000e+04,-169.583333
19201,1.92010000e+04,-169.583333
19202,1.92020000e+04,-170.666667
19203,1.92030000e+04,-170.666667
19204,1.92040000e+04,-171.625000
19205,1.92050000e+04,-171.625000
19206,1.92060000e+04,-172.958333
19207,1.92070000e+04,-172.958333
19208,1.92080000e+04,-173.708333
19209,1.92090000e+04,-173.708333
19210,1.92100000e+04,-174.916667
19211,1.92110000e+04,-174.916667
19212,1.92120000e+04,-175.916667
19213,1.92130000e+04,-175.916667
19214,1.92140000e+04,-176.833333
19215,1.92150000e+04,-176.833333
19216,1.92160000e+04,-177.958333
19217,1.92170000e+04,-177.958333
19218,1.92180000e+04,-178.833333
19219,1.92190000e+04,-178.833333
19220,1.92200000e+04,-179.833333
19221,1.92210000e+04,-179.833333
19222,1.92220000e+04,-180.833333
19223,1.92230000e+04,-180.833333
19224,1.92240000e+04,-181.916667
19225,1.92250000e+04,-181.916667
19226,1.92260000e+04,-182.708333
19227,1.92270000e+04,-182.708333
19228,1.92280000e+04,-183.791667
19229,1.92290000e+04,-183.791667
19230,1.92300000e+04,-184.708333
19231,1.92310000e+04,-184.708333
19232,1.92320000e+04,-185.750000
19233,1.92330000e+04,-185.750000
19234,1.92340000e+04,-186.708333
19235,1.92350000e+04,-186.708333
19236,1.92360000e+04,-187.833333
19237,1.92370000e+04,-187.833333
19238,1.92380000e+04,-188.625000
19239,1.92390000e+04,-188.625000
19240,1.92400000e+04,-189.750000
19241,1.92410000e+04,-189.750000
19242,1.92420000e+04,-190.791667
19243,1.92430000e+04,-190.791667
19244,1.92440000e+04,-191.666667
19245,1.92450000e+04,-191.666667
19246,1.92460000e+04,-192.750000
19247,1.92470000e+04,-192.750000
19248,1.92480000e+04,-193.875000
19249,1.92490000e+04,-193.875000
19250,1.92500000e+04,-194.833333
19251,1.92510000e+04,-194.833333
19252,1.92520000e+04,-196.000000
19253,1.92530000e+04,-196.000000
19254,1.92540000e+04,-196.958333
19255,1.92550000e+04,-196.958333
19256,1.92560000e+04,-198.041667
19257,1.92570000e+04,-198.041667
19258,1.92580000e+04,-199.083333
19259,1.92590000e+04,-199.083333
19260,1.92600000e+04,-200.208333
19261,1.92610000e+04,-200.208333
19262,1.92620000e+04,-201.291667
19263,1.92630000e+04,-201.291667
19264,1.92640000e+04,-202.083333
19265,1.92650000e+04,-202.083333
19266,1.92660000e+04,-203.416667
19267,1.92670000e+04,-203.416667
19268,1.92680000e+04,-204.416667
19269,1.92690000e+04,-204.416667
19270,1.92700000e+04,-205.541667
19271,1.92710000e+04,-205.541667
19272,1.92720000e+04,-206.541667
19273,1.92730000e+04,-206.541667
19274,1.92740000e+04,-207.625000
19275,1.92750000e+04,-207.625000
19276,1.92760000e+04,-208.708333
19277,1.92770000e+04,-208.708333
19278,1.92780000e+04,-209.708333
19279,1.92790000e+04,-209.708333
19280,1.92800000e+04,-210.833333
19281,1.92810000e+04,-210.833333
19282,1.92820000e+04,-211.916667
19283,1.92830000e+04,-211.916667
19284,1.92840000e+04,-212.916667
19285,1.92850000e+04,-212.916667
19286,1.92860000e+04,-213.875000
19287,1.92870000e+04,-213.875000
19288,1.92880000e+04,-214.625000
19289,1.92890000e+04,-214.625000
19290,1.92900000e+04,-215.708333
19291,1.92910000e+04,-215.708333
19292,1.92920000e+04,-216.583333
19293,1.92930000e+04,-216.583333
19294,1.92940000e+04,-217.541667
19295,1.92950000e+04,-217.541667
19296,1.92960000e+04,-218.500000
19297,1.92970000e+04,-218.500000
19298,1.92980000e+04,-219.500000
19299,1.92990000e+04,-219.500000
19300,1.93000000e+04,-220.125000
19301,1.93010000e+04,-220.125000
19302,1.93020000e+04,-221.125000
19303,1.93030000e+04,-221.125000
19304,1.93040000e+04,-221.708333
19305,1.93050000e+04,-221.708333
19306,1.93060000e+04,-222.583333
19307,1.93070000e+04,-222.583333
19308,1.93080000e+04,-223.333333
19309,1.93090000e+04,-223.333333
19310,1.93100000e+04,-224.000000
19311,1.93110000e+04,-224.000000
19312,1.93120000e+04,-224.708333
19313,1.93130000e+04,-224.708333
19314,1.93140000e+04,-225.416667
19315,1.93150000e+04,-225.416667
19316,1.93160000e+04,-226.083333
19317,1.93170000e+04,-226.083333
19318,1.93180000e+04,-226.541667
19319,1.93190000e+04,-226.541667
19320,1.93200000e+04,-227.208333
19321,1.93210000e+04,-227.208333
19322,1.93220000e+04,-227.708333
19323,1.93230000e+04,-227.708333
19324,1.93240000e+04,-228.208333
19325,1.93250000e+04,-228.208333
19326,1.93260000e+04,-228.708333
19327,1.93270000e+04,-228.708333
19328,1.93280000e+04,-229.250000
19329,1.93290000e+04,-229.250000
19330,1.93300000e+04,-229.791667
19331,1.93310000e+04,-229.791667
19332,1.93320000e+04,-229.958333
19333,1.93330000e+04,-229.958333
19334,1.93340000e+04,-230.500000
19335,1.93350000e+04,-230.500000
19336,1.93360000e+04,-230.791667
19337,1.93370000e+04,-230.791667
19338,1.93380000e+04,-231.125000
19339,1.93390000e+04,-231.125000
19340,1.93400000e+04,-231.458333
19341,1.93410000e+04,-231.458333
19342,1.93420000e+04,-231.791667
19343,1.93430000e+04,-231.791667
19344,1.93440000e+04,-231.958333
19345,1.93450000e+04,-231.958333
19346,1.93460000e+04,-232.416667
19347,1.93470000e+04,-232.416667
19348,1.93480000e+04,-232.625000
19349,1.93490000e+04,-232.625000
19350,1.93500000e+04,-232.875000
19351,1.93510000e+04,-232.875000
19352,1.93520000e+04,-232.916667
19353,1.93530000e+04,-232.916667
19354,1.93540000e+04,-233.166667
19355,1.93550000e+04,-233.166667
19356,1.93560000e+04,-233.208333
19357,1.93570000e+04,-233.208333
19358,1.93580000e+04,-233.125000
19359,1.93590000e+04,-233.125000
19360,1.93600000e+04,-233.625000
19361,1.93610000e+04,-233.625000
19362,1.93620000e+04,-233.458333
19363,1.93630000e+04,-233.458333
19364,1.93640000e+04,-233.583333
19365,1.93650000e+04,-233.583333
19366,1.93660000e+04,-233.708333
19367,1.93670000e+04,-233.708333
19368,1.93680000e+04,-233.708333
19369,1.93690000e+04,-233.708333
19370,1.93700000e+04,-233.708333
19371,1.93710000e+04,-233.708333
19372,1.93720000e+04,-233.958333
19373,1.93730000e+04,-233.958333
19374,1.93740000e+04,-233.791667
19375,1.93750000e+04,-233.791667
19376,1.93760000e+04,-233.708333
19377,1.93770000e+04,-233.708333
19378,1.93780000e+04,-233.708333
19379,1.93790000e+04,-233.708333
19380,1.93800000e+04,-233.625000
19381,1.93810000e+04,-233.625000
19382,1.93820000e+04,-233.791667
19383,1.93830000e+04,-233.791667
19384,1.93840000e+04,-233.666667
19385,1.93850000e+04,-233.666667
19386,1.93860000e+04,-233.541667
19387,1.93870000e+04,-233.541667
19388,1.93880000e+04,-233.333333
19389,1.93890000e+04,-233.333333
19390,1.93900000e+04,-233.250000
19391,1.93910000e+04,-233.250000
19392,1.93920000e+04,-233.125000
19393,1.93930000e+04,-233.125000
19394,1.93940000e+04,-233.083333
19395,1.93950000e+04,-233.083333
19396,1.93960000e+04,-233.083333
19397,1.93970000e+04,-233.083333
19398,1.93980000e+04,-232.708333
19399,1.93990000e+04,-232.708333
19400,1.94000000e+04,-232.583333
19401,1.94010000e+04,-232.583333
19402,1.94020000e+04,-232.541667
19403,1.94030000e+04,-232.541667
19404,1.94040000e+04,-232.250000
19405,1.94050000e+04,-232.250000
19406,1.94060000e+04,-232.083333
19407,1.94070000e+04,-232.083333
19408,1.94080000e+04,-231.833333
19409,1.94090000e+04,-231.833333
19410,1.94100000e+04,-231.666667
19411,1.94110000e+04,-231.666667
19412,1.94120000e+04,-231.500000
19413,1.94130000e+04,-231.500000
19414,1.94140000e+04,-231.125000
19415,1.94150000e+04,-231.125000
19416,1.94160000e+04,-230.791667
19417,1.94170000e+04,-230.791667
19418,1.94180000e+04,-230.541667
19419,1.94190000e+04,-230.541667
19420,1.94200000e+04,-230.208333
19421,1.94210000e+04,-230.208333
19422,1.94220000e+04,-229.916667
19423,1.94230000e+04,-229.916667
19424,1.94240000e+04,-229.375000
19425,1.94250000e+04,-229.375000
19426,1.94260000e+04,-228.833333
19427,1.94270000e+04,-228.833333
19428,1.94280000e+04,-228.541667
19429,1.94290000e+04,-228.541667
19430,1.94300000e+04,-228.083333
19431,1.94310000e+04,-228.083333
19432,1.94320000e+04,-227.541667
19433,1.94330000e+04,-227.541667
19434,1.94340000e+04,-227.000000
19435,1.94350000e+04,-227.000000
19436,1.94360000e+04,-226.500000
19437,1.94370000e+04,-226.500000
19438,1.94380000e+04,-226.041667
19439,1.94390000e+04,-226.041667
19440,1.94400000e+04,-225.125000
19441,1.94410000e+04,-225.125000
19442,1.94420000e+04,-224.708333
19443,1.94430000e+04,-224.708333
19444,1.94440000e+04,-224.125000
19445,1.94450000e+04,-224.125000
19446,1.94460000e+04,-223.458333
19447,1.94470000e+04,-223.458333
19448,1.94480000e+04,-222.791667
19449,1.94490000e+04,-222.791667
19450,1.94500000e+04,-221.916667
19451,1.94510000e+04,-221.916667
19452,1.94520000e+04,-221.291667
19453,1.94530000e+04,-221.291667
19454,1.94540000e+04,-220.458333
19455,1.94550000e+04,-220.458333
19456,1.94560000e+04,-219.750000
19457,1.94570000e+04,-219.750000
19458,1.94580000e+04,-218.708333
19459,1.94590000e+04,-218.708333
19460,1.94600000e+04,-217.916667
19461,1.94610000e+04,-217.916667
19462,1.94620000e+04,-216.958333
19463,1.94630000e+04,-216.958333
19464,1.94640000e+04,-216.166667
19465,1.94650000e+04,-216.166667
19466,1.94660000e+04,-215.166667
19467,1.94670000e+04,-215.166667
19468,1.94680000e+04,-214.208333
19469,1.94690000e+04,-214.208333
19470,1.94700000e+04,-213.291667
19471,1.94710000e+04,-213.291667
19472,1.94720000e+04,-212.250000
19473,1.94730000e+04,-212.250000
19474,1.94740000e+04,-211.291667
19475,1.94750000e+04,-211.291667
19476,1.94760000e+04,-210.250000
19477,1.94770000e+04,-210.250000
19478,1.94780000e+04,-208.916667
19479,1.94790000e+04,-208.916667
19480,1.94800000e+04,-208.125000
19481,1.94810000e+04,-208.125000
19482,1.94820000e+04,-207.000000
19483,1.94830000e+04,-207.000000
19484,1.94840000e+04,-205.875000
19485,1.94850000e+04,-205.875000
19486,1.94860000e+04,-204.875000
19487,1.94870000e+04,-204.875000
19488,1.94880000e+04,-203.916667
19489,1.94890000e+04,-203.916667
19490,1.94900000e+04,-202.750000
19491,1.94910000e+04,-202.750000
19492,1.94920000e+04,-201.625000
19493,1.94930000e+04,-201.625000
19494,1.94940000e+04,-200.500000
19495,1.94950000e+04,-200.500000
19496,1.94960000e+04,-199.375000
19497,1.94970000e+04,-199.375000
19498,1.94980000e+04,-198.333333
19499,1.94990000e+04,-198.333333
19500,1.95000000e+04,-197.041667
19501,1.95010000e+04,-197.041667
19502,1.95020000e+04,-196.083333
19503,1.95030000e+04,-196.083333
19504,1.95040000e+04,-195.083333
19505,1.95050000e+04,-195.083333
19506,1.95060000e+04,-194.083333
19507,1.95070000e+04,-194.083333
19508,1.95080000e+04,-192.791667
19509,1.95090000e+04,-192.791667
19510,1.95100000e+04,-191.708333
19511,1.95110000e+04,-191.708333
19512,1.95120000e+04,-190.833333
19513,1.95130000e+04,-190.833333
19514,1.95140000e+04,-189.666667
19515,1.95150000e+04,-189.666667
19516,1.95160000e+04,-188.625000
19517,1.95170000e+04,-188.625000
19518,1.95180000e+04,-187.583333
19519,1.95190000e+04,-187.583333
19520,1.95200000e+04,-186.416667
19521,1.95210000e+04,-186.416667
19522,1.95220000e+04,-185.416667
19523,1.95230000e+04,-185.416667
19524,1.95240000e+04,-184.458333
19525,1.95250000e+04,-184.458333
19526,1.95260000e+04,-183.416667
19527,1.95270000e+04,-183.416667
19528,1.95280000e+04,-182.333333
19529,1.95290000e+04,-182.333333
19530,1.95300000e+04,-181.333333
19531,1.95310000e+04,-181.333333
19532,1.95320000e+04,-180.375000
19533,1.95330000e+04,-180.375000
19534,1.95340000e+04,-179.416667
19535,1.95350000e+04,-179.416667
19536,1.95360000e+04,-178.458333
19537,1.95370000e+04,-178.458333
19538,1.95380000e+04,-177.541667
19539,1.95390000e+04,-177.541667
19540,1.95400000e+04,-176.500000
19541,1.95410000e+04,-176.500000
19542,1.95420000e+04,-175.375000
19543,1.95430000e+04,-175.375000
19544,1.95440000e+04,-174.458333
19545,1.95450000e+04,-174.458333
19546,1.95460000e+04,-173.333333
19547,1.95470000e+04,-173.333333
19548,1.95480000e+04,-172.375000
19549,1.95490000e+04,-172.375000
19550,1.95500000e+04,-171.458333
19551,1.95510000e+04,-171.458333
19552,1.95520000e+04,-170.375000
19553,1.95530000e+04,-170.375000
19554,1.95540000e+04,-169.166667
19555,1.95550000e+04,-169.166667
19556,1.95560000e+04,-168.291667
19557,1.95570000e+04,-168.291667
19558,1.95580000e+04,-167.083333
19559,1.95590000e+04,-167.083333
19560,1.95600000e+04,-166.041667
19561,1.95610000e+04,-166.041667
19562,1.95620000e+04,-165.083333
19563,1.95630000e+04,-165.083333
19564,1.95640000e+04,-164.000000
19565,1.95650000e+04,-164.000000
19566,1.95660000e+04,-162.666667
19567,1.95670000e+04,-162.666667
19568,1.95680000e+04,-161.583333
19569,1.95690000e+04,-161.583333
19570,1.95700000e+04,-160.416667
19571,1.95710000e+04,-160.416667
19572,1.95720000e+04,-159.250000
19573,1.95730000e+04,-159.250000
19574,1.95740000e+04,-157.958333
19575,1.95750000e+04,-157.958333
19576,1.95760000e+04,-156.750000
19577,1.95770000e+04,-156.750000
19578,1.95780000e+04,-155.541667
19579,1.95790000e+04,-155.541667
19580,1.95800000e+04,-154.041667
19581,1.95810000e+04,-154.041667
19582,1.95820000e+04,-152.750000
19583,1.95830000e+04,-152.750000
19584,1.95840000e+04,-151.375000
19585,1.95850000e+04,-151.375000
19586,1.95860000e+04,-150.041667
19587,1.95870000e+04,-150.041667
19588,1.95880000e+04,-148.583333
19589,1.95890000e+04,-148.583333
19590,1.95900000e+04,-147.291667
19591,1.95910000e+04,-147.291667
19592,1.95920000e+04,-145.750000
19593,1.95930000e+04,-145.750000
19594,1.95940000e+04,-144.208333
19595,1.95950000e+04,-144.208333
19596,1.95960000e+04,-142.708333
19597,1.95970000e+04,-142.708333
19598,1.95980000e+04,-141.041667
19599,1.95990000e+04,-141.041667
19600,1.96000000e+04,-139.583333
19601,1.96010000e+04,-139.583333
19602,1.96020000e+04,-137.875000
19603,1.96030000e+04,-137.875000
19604,1.96040000e+04,-136.416667
19605,1.96050000e+04,-136.416667
19606,1.96060000e+04,-134.625000
19607,1.96070000e+04,-134.625000
19608,1.96080000e+04,-133.000000
19609,1.96090000e+04,-133.000000
19610,1.96100000e+04,-131.500000
19611,1.96110000e+04,-131.500000
19612,1.96120000e+04,-129.583333
19613,1.96130000e+04,-129.583333
19614,1.96140000e+04,-127.958333
19615,1.96150000e+04,-127.958333
19616,1.96160000e+04,-126.125000
19617,1.96170000e+04,-126.125000
19618,1.96180000e+04,-124.333333
19619,1.96190000e+04,-124.333333
19620,1.96200000e+04,-122.541667
19621,1.96210000e+04,-122.541667
19622,1.96220000e+04,-120.750000
19623,1.96230000e+04,-120.750000
19624,1.96240000e+04,-118.916667
19625,1.96250000e+04,-118.916667
19626,1.96260000e+04,-117.333333
19627,1.96270000e+04,-117.333333
19628,1.96280000e+04,-115.375000
19629,1.96290000e+04,-115.375000
19630,1.96300000e+04,-113.583333
19631,1.96310000e+04,-113.583333
19632,1.96320000e+04,-111.666667
19633,1.96330000e+04,-111.666667
19634,1.96340000e+04,-110.000000
19635,1.96350000e+04,-110.000000
19636,1.96360000e+04,-108.125000
19637,1.96370000e+04,-108.125000
19638,1.96380000e+04,-106.291667
19639,1.96390000e+04,-106.291667
19640,1.96400000e+04,-104.416667
19641,1.96410000e+04,-104.416667
19642,1.96420000e+04,-102.666667
19643,1.96430000e+04,-102.666667
19644,1.96440000e+04,-100.916667
19645,1.96450000e+04,-100.916667
19646,1.96460000e+04,-99.000000
19647,1.96470000e+04,-99.000000
19648,1.96480000e+04,-97.000000
19649,1.96490000e+04,-97.000000
19650,1.96500000e+04,-95.375000
19651,1.96510000e+04,-95.375000
19652,1.96520000e+04,-93.458333
19653,1.96530000e+04,-93.458333
19654,1.96540000e+04,-91.708333
19655,1.96550000e+04,-91.708333
19656,1.96560000e+04,-89.958333
19657,1.96570000e+04,-89.958333
19658,1.96580000e+04,-88.125000
19659,1.96590000e+04,-88.125000
19660,1.96600000e+04,-86.500000
19661,1.96610000e+04,-86.500000
19662,1.96620000e+04,-84.541667
19663,1.96630000e+04,-84.541667
19664,1.96640000e+04,-82.833333
19665,1.96650000e+04,-82.833333
19666,1.96660000e+04,-81.041667
19667,1.96670000e+04,-81.041667
19668,1.96680000e+04,-79.333333
19669,1.96690000e+04,-79.333333
19670,1.96700000e+04,-77.750000
19671,1.96710000e+04,-77.750000
19672,1.96720000e+04,-75.833333
19673,1.96730000e+04,-75.833333
19674,1.96740000e+04,-74.041667
19675,1.96750000e+04,-74.041667
19676,1.96760000e+04,-72.375000
19677,1.96770000e+04,-72.375000
19678,1.96780000e+04,-70.625000
19679,1.96790000e+04,-70.625000
19680,1.96800000e+04,-68.833333
19681,1.96810000e+04,-68.833333
19682,1.96820000e+04,-67.083333
19683,1.96830000e+04,-67.083333
19684,1.96840000e+04,-65.458333
19685,1.96850000e+04,-65.458333
19686,1.96860000e+04,-63.750000
19687,1.96870000e+04,-63.750000
19688,1.96880000e+04,-61.916667
19689,1.96890000e+04,-61.916667
19690,1.96900000e+04,-60.208333
19691,1.96910000e+04,-60.208333
19692,1.96920000e+04,-58.208333
19693,1.96930000e+04,-58.208333
19694,1.96940000e+04,-56.541667
19695,1.96950000e+04,-56.541667
19696,1.96960000e+04,-54.875000
19697,1.96970000e+04,-54.875000
19698,1.96980000e+04,-52.916667
19699,1.96990000e+04,-52.916667
19700,1.97000000e+04,-51.166667
19701,1.97010000e+04,-51.166667
19702,1.97020000e+04,-49.500000
19703,1.97030000e+04,-49.500000
19704,1.97040000e+04,-47.541667
19705,1.97050000e+04,-47.541667
19706,1.97060000e+04,-45.541667
19707,1.97070000e+04,-45.541667
19708,1.97080000e+04,-43.708333
19709,1.97090000e+04,-43.708333
19710,1.97100000e+04,-41.833333
19711,1.97110000e+04,-41.833333
19712,1.97120000e+04,-40.000000
19713,1.97130000e+04,-40.000000
19714,1.97140000e+04,-38.000000
19715,1.97150000e+04,-38.000000
19716,1.97160000e+04,-36.250000
19717,1.97170000e+04,-36.250000
19718,1.97180000e+04,-34.208333
19719,1.97190000e+04,-34.208333
19720,1.97200000e+04,-32.250000
19721,1.97210000e+04,-32.250000
19722,1.97220000e+04,-30.291667
19723,1.97230000e+04,-30.291667
19724,1.97240000e+04,-28.458333
19725,1.97250000e+04,-28.458333
19726,1.97260000e+04,-26.291667
19727,1.97270000e+04,-26.291667
19728,1.97280000e+04,-24.083333
19729,1.97290000e+04,-24.083333
19730,1.97300000e+04,-22.083333
19731,1.97310000e+04,-22.083333
19732,1.97320000e+04,-20.083333
19733,1.97330000e+04,-20.083333
19734,1.97340000e+04,-17.791667
19735,1.97350000e+04,-17.791667
19736,1.97360000e+04,-16.000000
19737,1.97370000e+04,-16.000000
19738,1.97380000e+04,-13.916667
19739,1.97390000e+04,-13.916667
19740,1.97400000e+04,-11.833333
19741,1.97410000e+04,-11.833333
19742,1.97420000e+04,-9.541667
19743,1.97430000e+04,-9.541667
19744,1.97440000e+04,-7.583333
19745,1.97450000e+04,-7.583333
19746,1.97460000e+04,-5.500000
19747,1.97470000e+04,-5.500000
19748,1.97480000e+04,-3.416667
19749,1.97490000e+04,-3.416667
19750,1.97500000e+04,-1.166667
19751,1.97510000e+04,-1.166667
19752,1.97520000e+04,0.958333
19753,1.97530000e+04,0.958333
19754,1.97540000e+04,3.083333
19755,1.97550000e+04,3.083333
19756,1.97560000e+04,5.333333
19757,1.97570000e+04,5.333333
19758,1.97580000e+04,7.416667
19759,1.97590000e+04,7.416667
19760,1.97600000e+04,9.541667
19761,1.97610000e+04,9.541667
19762,1.97620000e+04,11.666667
19763,1.97630000e+04,11.666667
19764,1.97640000e+04,13.625000
19765,1.97650000e+04,13.625000
19766,1.97660000e+04,15.708333
19767,1.97670000e+04,15.708333
19768,1.97680000e+04,17.958333
19769,1.97690000e+04,17.958333
19770,1.97700000e+04,20.000000
19771,1.97710000e+04,20.000000
19772,1.97720000e+04,22.083333
19773,1.97730000e+04,22.083333
19774,1.97740000e+04,24.166667
19775,1.97750000e+04,24.166667
19776,1.97760000e+04,26.291667
19777,1.97770000e+04,26.291667
19778,1.97780000e+04,28.291667
19779,1.97790000e+04,28.291667
19780,1.97800000e+04,30.291667
19781,1.97810000e+04,30.291667
19782,1.97820000e+04,32.458333
19783,1.97830000e+04,32.458333
19784,1.97840000e+04,34.208333
19785,1.97850000e+04,34.208333
19786,1.97860000e+04,36.166667
19787,1.97870000e+04,36.166667
19788,1.97880000e+04,38.166667
19789,1.97890000e+04,38.166667
19790,1.97900000e+04,40.083333
19791,1.97910000e+04,40.083333
19792,1.97920000e+04,42.291667
19793,1.97930000e+04,42.291667
19794,1.97940000e+04,43.875000
19795,1.97950000e+04,43.875000
19796,1.97960000e+04,45.875000
19797,1.97970000e+04,45.875000
19798,1.97980000e+04,47.875000
19799,1.97990000e+04,47.875000
19800,1.98000000e+04,49.583333
19801,1.98010000e+04,49.583333
19802,1.98020000e+04,51.500000
19803,1.98030000e+04,51.500000
19804,1.98040000e+04,53.583333
19805,1.98050000e+04,53.583333
19806,1.98060000e+04,55.166667
19807,1.98070000e+04,55.166667
19808,1.98080000e+04,57.041667
19809,1.98090000e+04,57.041667
19810,1.98100000e+04,58.791667
19811,1.98110000e+04,58.791667
19812,1.98120000e+04,60.583333
19813,1.98130000e+04,60.583333
19814,1.98140000e+04,62.208333
19815,1.98150000e+04,62.208333
19816,1.98160000e+04,64.000000
19817,1.98170000e+04,64.000000
19818,1.98180000e+04,65.666667
19819,1.98190000e+04,65.666667
19820,1.98200000e+04,67.666667
19821,1.98210000e+04,67.666667
19822,1.98220000e+04,69.375000
19823,1.98230000e+04,69.375000
19824,1.98240000e+04,70.875000
19825,1.98250000e+04,70.875000
19826,1.98260000e+04,72.666667
19827,1.98270000e+04,72.666667
19828,1.98280000e+04,74.500000
19829,1.98290000e+04,74.500000
19830,1.98300000e+04,76.250000
19831,1.98310000e+04,76.250000
19832,1.98320000e+04,77.958333
19833,1.98330000e+04,77.958333
19834,1.98340000e+04,79.750000
19835,1.98350000e+04,79.750000
19836,1.98360000e+04,81.291667
19837,1.98370000e+04,81.291667
19838,1.98380000e+04,83.250000
19839,1.98390000e+04,83.250000
19840,1.98400000e+04,84.916667
19841,1.98410000e+04,84.916667
19842,1.98420000e+04,86.708333
19843,1.98430000e+04,86.708333
19844,1.98440000e+04,88.583333
19845,1.98450000e+04,88.583333
19846,1.98460000e+04,90.166667
19847,1.98470000e+04,90.166667
19848,1.98480000e+04,91.916667
19849,1.98490000e+04,91.916667
19850,1.98500000e+04,93.916667
19851,1.98510000e+04,93.916667
19852,1.98520000e+04,95.541667
19853,1.98530000e+04,95.541667
19854,1.98540000e+04,97.416667
19855,1.98550000e+04,97.416667
19856,1.98560000e+04,99.125000
19857,1.98570000e+04,99.125000
19858,1.98580000e+04,101.041667
19859,1.98590000e+04,101.041667
19860,1.98600000e+04,102.791667
19861,1.98610000e+04,102.791667
19862,1.98620000e+04,104.458333
19863,1.98630000e+04,104.458333
19864,1.98640000e+04,106.500000
19865,1.98650000e+04,106.500000
19866,1.98660000e+04,108.250000
19867,1.98670000e+04,108.250000
19868,1.98680000e+04,109.875000
19869,1.98690000e+04,109.875000
19870,1.98700000e+04,111.541667
19871,1.98710000e+04,111.541667
19872,1.98720000e+04,113.333333
19873,1.98730000e+04,113.333333
19874,1.98740000e+04,115.291667
19875,1.98750000e+04,115.291667
19876,1.98760000e+04,117.000000
19877,1.98770000e+04,117.000000
19878,1.98780000e+04,118.750000
19879,1.98790000e+04,118.750000
19880,1.98800000e+04,120.666667
19881,1.98810000e+04,120.666667
19882,1.98820000e+04,122.375000
19883,1.98830000e+04,122.375000
19884,1.98840000e+04,124.000000
19885,1.98850000e+04,124.000000
19886,1.98860000e+04,125.916667
19887,1.98870000e+04,125.916667
19888,1.98880000e+04,127.541667
19889,1.98890000e+04,127.541667
19890,1.98900000e+04,129.500000
19891,1.98910000e+04,129.500000
19892,1.98920000e+04,130.875000
19893,1.98930000e+04,130.875000
19894,1.98940000e+04,132.666667
19895,1.98950000e+04,132.666667
19896,1.98960000e+04,134.541667
19897,1.98970000e+04,134.541667
19898,1.98980000e+04,136.000000
19899,1.98990000e+04,136.000000
19900,1.99000000e+04,137.708333
19901,1.99010000e+04,137.708333
19902,1.99020000e+04,139.208333
19903,1.99030000e+04,139.208333
19904,1.99040000e+04,140.875000
19905,1.99050000e+04,140.875000
19906,1.99060000e+04,142.583333
19907,1.99070000e+04,142.583333
19908,1.99080000e+04,143.875000
19909,1.99090000e+04,143.875000
19910,1.99100000e+04,145.333333
19911,1.99110000e+04,145.333333
19912,1.99120000e+04,146.916667
19913,1.99130000e+04,146.916667
19914,1.99140000e+04,148.333333
19915,1.99150000e+04,148.333333
19916,1.99160000e+04,149.750000
19917,1.99170000e+04,149.750000
19918,1.99180000e+04,151.333333
19919,1.99190000e+04,151.333333
19920,1.99200000e+04,152.666667
19921,1.99210000e+04,152.666667
19922,1.99220000e+04,154.083333
19923,1.99230000e+04,154.083333
19924,1.99240000e+04,155.416667
19925,1.99250000e+04,155.416667
19926,1.99260000e+04,156.708333
19927,1.99270000e+04,156.708333
19928,1.99280000e+04,157.875000
19929,1.99290000e+04,157.875000
19930,1.99300000e+04,159.291667
19931,1.99310000e+04,159.291667
19932,1.99320000e+04,160.416667
19933,1.99330000e+04,160.416667
19934,1.99340000e+04,161.791667
19935,1.99350000e+04,161.791667
19936,1.99360000e+04,162.833333
19937,1.99370000e+04,162.833333
19938,1.99380000e+04,163.958333
19939,1.99390000e+04,163.958333
19940,1.99400000e+04,165.125000
19941,1.99410000e+04,165.125000
19942,1.99420000e+04,166.458333
19943,1.99430000e+04,166.458333
19944,1.99440000e+04,167.375000
19945,1.99450000e+04,167.375000
19946,1.99460000e+04,168.625000
19947,1.99470000e+04,168.625000
19948,1.99480000e+04,169.625000
19949,1.99490000e+04,169.625000
19950,1.99500000e+04,170.791667
19951,1.99510000e+04,170.791667
19952,1.99520000e+04,171.708333
19953,1.99530000e+04,171.708333
19954,1.99540000e+04,172.916667
19955,1.99550000e+04,172.916667
19956,1.99560000e+04,174.083333
19957,1.99570000e+04,174.083333
19958,1.99580000e+04,174.875000
19959,1.99590000e+04,174.875000
19960,1.99600000e+04,175.875000
19961,1.99610000e+04,175.875000
19962,1.99620000e+04,176.958333
19963,1.99630000e+04,176.958333
19964,1.99640000e+04,177.875000
19965,1.99650000e+04,177.875000
19966,1.99660000e+04,178.958333
19967,1.99670000e+04,178.958333
19968,1.99680000e+04,179.875000
19969,1.99690000e+04,179.875000
19970,1.99700000e+04,180.916667
19971,1.99710000e+04,180.916667
19972,1.99720000e+04,182.000000
19973,1.99730000e+04,182.000000
19974,1.99740000e+04,182.875000
19975,1.99750000e+04,182.875000
19976,1.99760000e+04,183.916667
19977,1.99770000e+04,183.916667
19978,1.99780000e+04,184.833333
19979,1.99790000e+04,184.833333
19980,1.99800000e+04,185.708333
19981,1.99810000e+04,185.708333
19982,1.99820000e+04,186.833333
19983,1.99830000e+04,186.833333
19984,1.99840000e+04,187.833333
19985,1.99850000e+04,187.833333
19986,1.99860000e+04,188.750000
19987,1.99870000e+04,188.750000
19988,1.99880000e+04,189.666667
19989,1.99890000e+04,189.666667
19990,1.99900000e+04,190.875000
19991,1.99910000e+04,190.875000
19992,1.99920000e+04,192.000000
19993,1.99930000e+04,192.000000
19994,1.99940000e+04,193.125000
19995,1.99950000e+04,193.125000
19996,1.99960000e+04,193.833333
19997,1.99970000e+04,193.833333
19998,1.99980000e+04,194.791667
19999,1.99990000e+04,194.791667
20000,2.00000000e+04,196.041667
20001,2.00010000e+04,196.041667
20002,2.00020000e+04,197.041667
20003,2.00030000e+04,197.041667
20004,2.00040000e+04,198.166667
20005,2.00050000e+04,198.166667
20006,2.00060000e+04,199.083333
20007,2.00070000e+04,199.083333
20008,2.00080000e+04,200.291667
20009,2.00090000e+04,200.291667
20010,2.00100000e+04,201.291667
20011,2.00110000e+04,201.291667
20012,2.00120000e+04,202.500000
20013,2.00130000e+04,202.500000
20014,2.00140000e+04,203.291667
20015,2.00150000e+04,203.291667
20016,2.00160000e+04,204.500000
20017,2.00170000e+04,204.500000
20018,2.00180000e+04,205.458333
20019,2.00190000e+04,205.458333
